step,next_obs_0,next_obs_1,next_obs_2,next_obs_3,next_obs_4,next_obs_5,next_obs_6,next_obs_7,next_obs_8,next_obs_9,next_obs_10,next_obs_11,next_obs_12,next_obs_13,next_obs_14,next_obs_15,next_obs_16,next_obs_17,next_obs_18,next_obs_19,next_obs_20,next_obs_21,next_obs_22,next_obs_23,next_obs_24,next_obs_25,next_obs_26,next_obs_27,next_obs_28,next_obs_29,next_obs_30,next_obs_31,next_obs_32,next_obs_33,next_obs_34,next_obs_35,next_obs_36,next_obs_37,next_obs_38,next_obs_39,next_obs_40,next_obs_41,next_obs_42,next_obs_43,next_obs_44,next_obs_45,next_obs_46,next_obs_47,next_obs_48,next_obs_49,next_obs_50,next_obs_51,next_obs_52,next_obs_53,next_obs_54,next_obs_55,next_obs_56,next_obs_57,next_obs_58,next_obs_59,next_obs_60,next_obs_61,next_obs_62,next_obs_63,next_obs_64
0,0.31424009799957275,-0.06416422873735428,-0.21947966516017914,1.0783687829971313,-0.04544069245457649,1.1577184200286865,-0.09737882763147354,0.7310776114463806,0.3424094319343567,0.2621380388736725,0.2319345772266388,-0.10006441920995712,-0.13797850906848907,-0.41058316826820374,0.14296843111515045,0.0198123287409544,0.3817000091075897,-0.7144286632537842,-0.21577677130699158,0.925220787525177,0.44311943650245667,1.702124834060669,0.24357807636260986,0.7310563325881958,-0.1424611508846283,0.5675332546234131,0.26229381561279297,-0.5421861410140991,0.4060072600841522,0.41838333010673523,0.3410111367702484,0.002291247248649597,0.44670629501342773,0.35967594385147095,0.11644792556762695,0.20989537239074707,-0.9773893356323242,0.025573641061782837,-0.013623058795928955,-0.02907741069793701,-0.9994843006134033,0.19436299800872803,-0.12302245944738388,0.3032839596271515,-0.033242106437683105,-0.8525753021240234,-0.5215460062026978,-0.19577443599700928,0.5172797441482544,-0.8331230282783508,0.33114078640937805,0.016878880560398102,-0.03099999949336052,-0.9213337898254395,0.3887726962566376,-4.992213007426471e-07,-0.3887726962566376,-0.9213337898254395,2.0110678633500356e-06,0.38686317205429077,-0.13015073537826538,-0.030999716371297836,0.27541840076446533,0.1639084815979004,-0.031000282615423203
1,0.3314085900783539,-0.04468414559960365,-0.20192082226276398,1.0763649940490723,-0.05904315039515495,1.1282343864440918,-0.08346118777990341,0.7311358451843262,0.43782079219818115,0.3339392840862274,0.2887150049209595,-0.04725487157702446,-0.18446001410484314,-0.41372308135032654,0.19529035687446594,-0.015952005982398987,0.371366411447525,-0.684061586856842,-0.19422529637813568,0.8947948217391968,0.472044974565506,1.7308082580566406,0.2680560052394867,0.7310767769813538,-0.09398534148931503,0.5065765976905823,0.35199472308158875,-0.496248722076416,0.40834927558898926,0.41499561071395874,0.342894583940506,-0.001424803864210844,0.45321911573410034,0.3715178370475769,0.10943202674388885,0.2364671230316162,-0.9706740379333496,0.04330408573150635,-0.0016057193279266357,-0.04495835304260254,-0.9989875555038452,0.17307782173156738,-0.11453165113925934,0.2880838215351105,-0.07604777812957764,-0.8599583506584167,-0.5046666860580444,-0.2772098183631897,0.5044133067131042,-0.8177542090415955,0.33114078640937805,0.016878880560398102,-0.03099999949336052,-0.9213337898254395,0.38877272605895996,-5.086020564704086e-07,-0.38877272605895996,-0.9213337898254395,2.0301572476455476e-06,0.38686317205429077,-0.13015073537826538,-0.030999712646007538,0.2754184305667877,0.16390851140022278,-0.0310002863407135
2,0.3539263904094696,-0.02986667864024639,-0.1852216124534607,1.0759445428848267,-0.06714842468500137,1.0990498065948486,-0.07422734797000885,0.7310940027236938,0.4974883198738098,0.20622077584266663,0.27332213521003723,0.006204997189342976,-0.10747048258781433,-0.4132600426673889,0.12929926812648773,-0.01625857688486576,0.35939982533454895,-0.6540980935096741,-0.17357218265533447,0.8647860884666443,0.5010119080543518,1.759253978729248,0.29333701729774475,0.7310560345649719,-0.1381518691778183,0.511634111404419,0.31302812695503235,-0.4969961941242218,0.4035018980503082,0.40866830945014954,0.3544616401195526,-0.08400015532970428,0.4599722623825073,0.38813167810440063,0.10501615703105927,0.26950401067733765,-0.9614430665969849,0.054725684225559235,0.01616773195564747,-0.05230295658111572,-0.9985003471374512,0.15193122625350952,-0.10747016221284866,0.2753627300262451,-0.12069213390350342,-0.8669668436050415,-0.4835307002067566,-0.35468852519989014,0.4926000237464905,-0.7946957349777222,0.33114078640937805,0.016878878697752953,-0.03099999949336052,-0.9213337898254395,0.3887726962566376,-4.938501092510705e-07,-0.3887726962566376,-0.9213337898254395,2.041659172391519e-06,0.38686317205429077,-0.13015073537826538,-0.030999712646007538,0.27541840076446533,0.1639084815979004,-0.0310002863407135
3,0.37749987840652466,-0.023236865177750587,-0.16820797324180603,1.0781491994857788,-0.06805220246315002,1.0698413848876953,-0.06831075996160507,0.7310340404510498,0.5119986534118652,0.060644544661045074,0.2777378261089325,0.06179274618625641,-0.0055910139344632626,-0.4162690341472626,0.08280724287033081,-0.006507813930511475,0.3491716980934143,-0.6241257190704346,-0.15227103233337402,0.8349116444587708,0.5300646424293518,1.7868516445159912,0.3173232674598694,0.7310764193534851,-0.09844973683357239,0.5089956521987915,0.3369404971599579,-0.49367690086364746,0.4075998365879059,0.3978026509284973,0.33654534816741943,-0.11462825536727905,0.46778687834739685,0.40892696380615234,0.105385422706604,0.3031772971153259,-0.9511252045631409,0.05868903547525406,0.04301679506897926,-0.04786503314971924,-0.9979271292686462,0.13030633330345154,-0.10088364034891129,0.2647966742515564,-0.16091132164001465,-0.8741520643234253,-0.4582202136516571,-0.4295900762081146,0.48001694679260254,-0.7648765444755554,0.33114078640937805,0.016878876835107803,-0.03099999949336052,-0.9213337898254395,0.3887726962566376,-4.799327939508657e-07,-0.3887726962566376,-0.9213337898254395,2.0557431525958236e-06,0.38686317205429077,-0.13015073537826538,-0.030999712646007538,0.27541840076446533,0.1639084815979004,-0.0310002863407135
4,0.40176257491111755,-0.02325216308236122,-0.15146632492542267,1.0830931663513184,-0.06316204369068146,1.040564775466919,-0.06590908020734787,0.7310119867324829,0.5190843343734741,-0.04455065354704857,0.2734219431877136,0.10833065956830978,0.07575245946645737,-0.41851890087127686,0.033611688762903214,-0.001412559300661087,0.34222185611724854,-0.5941094160079956,-0.13008973002433777,0.805209755897522,0.5592312216758728,1.8132573366165161,0.3396352529525757,0.7310972213745117,-0.04908505827188492,0.5069884657859802,0.3511345088481903,-0.4896979331970215,0.40957358479499817,0.3807483911514282,0.3133930265903473,-0.14126943051815033,0.4762709140777588,0.4329999089241028,0.11024028062820435,0.3372259736061096,-0.9396926164627075,0.05706626921892166,0.07679641991853714,-0.032956480979919434,-0.9965020418167114,0.10809147357940674,-0.09456758201122284,0.2562973201274872,-0.1945207118988037,-0.8818676471710205,-0.42950117588043213,-0.5018006563186646,0.4656960368156433,-0.7289193272590637,0.33114078640937805,0.016878871247172356,-0.03099999949336052,-0.9213337898254395,0.3887726962566376,-4.7356547838717233e-07,-0.3887726962566376,-0.9213337898254395,2.072661345664528e-06,0.38686317205429077,-0.13015073537826538,-0.030999712646007538,0.27541840076446533,0.1639084815979004,-0.0310002863407135
5,0.42744356393814087,-0.021159928292036057,-0.1381434202194214,1.0917248725891113,-0.05724269524216652,1.0111615657806396,-0.068207748234272,0.7310059070587158,0.509802520275116,0.028988204896450043,0.21873821318149567,0.1395265907049179,0.08748260885477066,-0.41790932416915894,-0.03219464421272278,-0.008891579695045948,0.34019362926483154,-0.5640113353729248,-0.10631944239139557,0.7761923670768738,0.5882993936538696,1.8373953104019165,0.36158740520477295,0.731139600276947,0.0304610263556242,0.5048863887786865,0.3814322054386139,-0.47738325595855713,0.4088325500488281,0.34931838512420654,0.30785849690437317,-0.007738548330962658,0.4849391579627991,0.45746612548828125,0.11616361141204834,0.3727983832359314,-0.9262721538543701,0.055147893726825714,0.11072908341884613,-0.01459968090057373,-0.9937434196472168,0.08539414405822754,-0.08839276432991028,0.2496502697467804,-0.22027182579040527,-0.8908825516700745,-0.3972514271736145,-0.5704519152641296,0.44800257682800293,-0.6883882284164429,0.33114078640937805,0.016878878697752953,-0.03099999949336052,-0.9213337898254395,0.3887726962566376,-4.819220862373186e-07,-0.3887726962566376,-0.9213337898254395,2.0962040707672713e-06,0.38686317205429077,-0.13015073537826538,-0.03099970892071724,0.27541840076446533,0.1639084815979004,-0.0310002900660038
6,0.45404472947120667,-0.013748541474342346,-0.13035988807678223,1.1013880968093872,-0.052804891020059586,0.9819449782371521,-0.07598221302032471,0.7310034036636353,0.4884944558143616,0.12597128748893738,0.13351228833198547,0.14022113382816315,0.06566977500915527,-0.41304558515548706,-0.108894944190979,0.006742240861058235,0.3407827615737915,-0.5337362885475159,-0.08180557936429977,0.7484354972839355,0.617247462272644,1.8585867881774902,0.3846610486507416,0.7311538457870483,0.06225885823369026,0.5023892521858215,0.3863888084888458,-0.45424333214759827,0.40618523955345154,0.3063097894191742,0.32331031560897827,-0.010090017691254616,0.4927794337272644,0.479793906211853,0.12032341957092285,0.40931177139282227,-0.9107053279876709,0.0554957240819931,0.13967230916023254,0.00243532657623291,-0.9901947975158691,0.06337416172027588,-0.0826752632856369,0.24473148584365845,-0.24171197414398193,-0.9004389643669128,-0.3616422414779663,-0.633134663105011,0.4287787079811096,-0.6444294452667236,0.33114078640937805,0.016878869384527206,-0.03099999949336052,-0.9213337898254395,0.3887726962566376,-4.6396911557167186e-07,-0.3887726962566376,-0.9213337898254395,2.1119806206115754e-06,0.38686317205429077,-0.13015073537826538,-0.03099970892071724,0.27541840076446533,0.1639084815979004,-0.0310002900660038
7,0.48059365153312683,-0.00290912133641541,-0.12895040214061737,1.1122994422912598,-0.04927896335721016,0.9530966281890869,-0.08828482031822205,0.7310072779655457,0.45079317688941956,0.16444221138954163,0.036575544625520706,0.1658439189195633,0.05255306512117386,-0.4093160331249237,-0.17229661345481873,0.0021578921005129814,0.34241044521331787,-0.503400444984436,-0.057284820824861526,0.7228173017501831,0.6459321975708008,1.8763536214828491,0.4087279438972473,0.7311553359031677,0.073843814432621,0.4974658489227295,0.3826998770236969,-0.4172835350036621,0.4017622470855713,0.25681430101394653,0.33671143651008606,0.006664826534688473,0.5006793141365051,0.49921613931655884,0.12358111143112183,0.4437630772590637,-0.8942743539810181,0.05785999447107315,0.16561536490917206,0.018386900424957275,-0.9860190153121948,0.043028414249420166,-0.07741522789001465,0.24139615893363953,-0.26027417182922363,-0.9096385836601257,-0.3237512707710266,-0.688099205493927,0.4099704623222351,-0.5987015962600708,0.33114078640937805,0.016878871247172356,-0.03099999949336052,-0.9213337898254395,0.3887726962566376,-4.6078386617409706e-07,-0.3887726962566376,-0.9213337898254395,2.1344753804442007e-06,0.38686317205429077,-0.13015073537826538,-0.03099970519542694,0.27541840076446533,0.1639084815979004,-0.031000293791294098
8,0.5061374306678772,0.008866412565112114,-0.1340777724981308,1.1261461973190308,-0.04633805900812149,0.9246032238006592,-0.10423224419355392,0.7310080528259277,0.39889755845069885,0.16199645400047302,-0.06268876045942307,0.22020359337329865,0.04366706684231758,-0.4068843722343445,-0.22327424585819244,0.00017268081137444824,0.3440319001674652,-0.4730220139026642,-0.03229330852627754,0.7015461921691895,0.6741327047348022,1.890030860900879,0.43394020199775696,0.731152355670929,0.07191778719425201,0.4895015060901642,0.3865935206413269,-0.3439715802669525,0.3961642384529114,0.19710373878479004,0.35303980112075806,-0.008619948290288448,0.5101991891860962,0.5155003070831299,0.12799254059791565,0.47400540113449097,-0.878304123878479,0.06245589256286621,0.19267287850379944,0.034247517585754395,-0.9806652069091797,0.02538520097732544,-0.07224173098802567,0.23946192860603333,-0.27608346939086914,-0.9179662466049194,-0.284808874130249,-0.7338718771934509,0.3926878571510315,-0.5542819499969482,0.33114078640937805,0.016878873109817505,-0.03099999949336052,-0.9213337898254395,0.3887726962566376,-4.523748771134706e-07,-0.3887726962566376,-0.9213337898254395,2.1573134745267453e-06,0.38686317205429077,-0.13015073537826538,-0.03099970519542694,0.27541840076446533,0.1639084815979004,-0.031000293791294098
9,0.5294384360313416,0.020660988986492157,-0.14446310698986053,1.1426937580108643,-0.046266842633485794,0.8967730402946472,-0.1220645159482956,0.7310447692871094,0.3378431797027588,0.16009622812271118,-0.1425810605287552,0.2599860429763794,0.002435916569083929,-0.3979404866695404,-0.24954548478126526,-0.012082444503903389,0.34531089663505554,-0.4426663815975189,-0.00749266566708684,0.685840904712677,0.7014607787132263,1.9012428522109985,0.45995548367500305,0.7311476469039917,0.063728928565979,0.4821896255016327,0.3797299265861511,-0.25577136874198914,0.38468053936958313,0.1608692854642868,0.3654002547264099,-0.014878621324896812,0.5217800140380859,0.5279451012611389,0.1339801400899887,0.49938690662384033,-0.863427996635437,0.07144851237535477,0.22219687700271606,0.04792988300323486,-0.9738229513168335,0.01047205924987793,-0.06712687760591507,0.23895591497421265,-0.2890331745147705,-0.9251838326454163,-0.2459566593170166,-0.7715955376625061,0.37721729278564453,-0.5121985673904419,0.33114078640937805,0.016878876835107803,-0.03099999949336052,-0.9213337898254395,0.38877272605895996,-4.4678876065518125e-07,-0.38877272605895996,-0.9213337898254395,2.182971002184786e-06,0.38686317205429077,-0.13015075027942657,-0.030999701470136642,0.2754184305667877,0.16390849649906158,-0.031000297516584396
10,0.5503272414207458,0.03127705305814743,-0.1587275117635727,1.1606043577194214,-0.04869630187749863,0.8704483509063721,-0.14089368283748627,0.7310746312141418,0.2884880006313324,0.1347263753414154,-0.20025169849395752,0.2824011445045471,-0.032553739845752716,-0.3770621418952942,-0.263528048992157,-0.009690314531326294,0.3448025584220886,-0.41241157054901123,0.01594916731119156,0.6747299432754517,0.7274028062820435,1.9117834568023682,0.48651576042175293,0.7311282157897949,0.02912621945142746,0.4778095781803131,0.35274577140808105,-0.18639181554317474,0.36401036381721497,0.1502426564693451,0.3718041181564331,-0.011048668995499611,0.5347000360488892,0.5368357300758362,0.14147323369979858,0.5201057195663452,-0.8499265909194946,0.08434978127479553,0.2533479928970337,0.05920839309692383,-0.9655616283416748,-0.0019177794456481934,-0.06232572719454765,0.23971810936927795,-0.30092692375183105,-0.9308752417564392,-0.2071581482887268,-0.8029308915138245,0.3645210862159729,-0.47162115573883057,0.33114075660705566,0.016878873109817505,-0.03099999949336052,-0.9213337898254395,0.3887726962566376,-4.3160517293472367e-07,-0.3887726962566376,-0.9213337898254395,2.209122158092214e-06,0.386863112449646,-0.13015073537826538,-0.030999701470136642,0.27541840076446533,0.1639084815979004,-0.031000297516584396
11,0.5689395070075989,0.040588922798633575,-0.17555734515190125,1.1771420240402222,-0.053467363119125366,0.8480072617530823,-0.1598861664533615,0.7310956120491028,0.24296382069587708,0.12814849615097046,-0.23924754559993744,0.24844011664390564,-0.06571028381586075,-0.31902965903282166,-0.2658337354660034,-0.01132433582097292,0.33907270431518555,-0.3821258842945099,0.03684009611606598,0.669177234172821,0.7508683204650879,1.9205890893936157,0.5137566924095154,0.7310609221458435,-0.0702156275510788,0.4723570942878723,0.30030563473701477,-0.09569261968135834,0.3291780650615692,0.12151778489351273,0.38204312324523926,0.0018363074632361531,0.5470073819160461,0.5420295000076294,0.14874272048473358,0.5369443893432617,-0.8376601934432983,0.10008087754249573,0.2817441523075104,0.06623625755310059,-0.9572005867958069,-0.010002553462982178,-0.05760420486330986,0.24128812551498413,-0.31601250171661377,-0.9335405230522156,-0.16922838985919952,-0.8261638283729553,0.3584636449813843,-0.4346921443939209,0.33114078640937805,0.016878869384527206,-0.03099999949336052,-0.9213337898254395,0.3887726962566376,-4.3440928720883676e-07,-0.3887726962566376,-0.9213337898254395,2.1791565814055502e-06,0.38686317205429077,-0.13015073537826538,-0.03099970519542694,0.27541840076446533,0.1639084815979004,-0.031000293791294098
12,0.5831624865531921,0.04471081495285034,-0.18549242615699768,1.1905152797698975,-0.05788223445415497,0.8348550200462341,-0.17646951973438263,0.7310357689857483,0.26811105012893677,0.02773205377161503,-0.12430531531572342,0.2121082991361618,-0.05945611000061035,-0.18883655965328217,-0.2323215901851654,0.0032815011218190193,0.33169862627983093,-0.3518710136413574,0.056057970970869064,0.6702063083648682,0.7695062160491943,1.9256991147994995,0.5412973165512085,0.7310600876808167,-0.08749963343143463,0.46740880608558655,0.2798748016357422,0.00515501806512475,0.2616538405418396,0.06922397017478943,0.3855259418487549,-0.008024062030017376,0.5550539493560791,0.5472361445426941,0.15590651333332062,0.5533754825592041,-0.8251484632492065,0.11360305547714233,0.3028557300567627,0.07227402925491333,-0.9502919912338257,-0.01424342393875122,-0.053071342408657074,0.2424863874912262,-0.3298376798629761,-0.9347077012062073,-0.13239580392837524,-0.8424329161643982,0.3547212481498718,-0.4055609703063965,0.33114078640937805,0.016878873109817505,-0.03099999949336052,-0.9213337898254395,0.3887726664543152,-4.4407858013073565e-07,-0.3887726664543152,-0.9213337898254395,2.1703349375457037e-06,0.38686317205429077,-0.13015073537826538,-0.03099970519542694,0.27541840076446533,0.1639084815979004,-0.031000293791294098
13,0.5975566506385803,0.04019908234477043,-0.18574167788028717,1.2002090215682983,-0.06000913679599762,0.8341066241264343,-0.18846404552459717,0.7309954166412354,0.3354428708553314,-0.11655313521623611,0.025580845773220062,0.1650606393814087,-0.026996243745088577,-0.014446134679019451,-0.16806791722774506,0.01388819795101881,0.32226791977882385,-0.3217814564704895,0.0731472596526146,0.6751366853713989,0.7825621962547302,1.9298893213272095,0.568955659866333,0.7310479879379272,-0.13078369200229645,0.4662688970565796,0.24232196807861328,0.058264877647161484,0.18262529373168945,0.0551920086145401,0.38783329725265503,-0.0007149670273065567,0.5562524199485779,0.5565962791442871,0.16389551758766174,0.5732832551002502,-0.8103527426719666,0.12113942205905914,0.3150613009929657,0.08153796195983887,-0.9455622434616089,-0.016069769859313965,-0.04955659061670303,0.24322840571403503,-0.3423624038696289,-0.9347707629203796,-0.09482312202453613,-0.8548696637153625,0.351784884929657,-0.38137272000312805,0.33114078640937805,0.016878876835107803,-0.03099999949336052,-0.9213337898254395,0.3887726664543152,-4.690404296070483e-07,-0.3887726664543152,-0.9213337898254395,2.1686712443624856e-06,0.38686317205429077,-0.13015073537826538,-0.030999701470136642,0.27541840076446533,0.1639084815979004,-0.031000297516584396
14,0.6149319410324097,0.02813834697008133,-0.1785738468170166,1.207406997680664,-0.05972813442349434,0.8423457741737366,-0.1960890293121338,0.7309574484825134,0.4081996977329254,-0.23443292081356049,0.13583241403102875,0.13468894362449646,0.005782289430499077,0.11074014008045197,-0.10681626200675964,0.07371769100427628,0.3114948868751526,-0.29178759455680847,0.08839024603366852,0.681861937046051,0.7912873029708862,1.9340274333953857,0.5965956449508667,0.7310523986816406,-0.15058903396129608,0.465972900390625,0.21608266234397888,0.08157531172037125,0.11994810402393341,0.05561840906739235,0.3858824670314789,0.15516850352287292,0.5515812635421753,0.5708621144294739,0.1732570230960846,0.597105860710144,-0.792636513710022,0.12325562536716461,0.32125726342201233,0.09550106525421143,-0.9421641826629639,-0.016598224639892578,-0.047043878585100174,0.24358642101287842,-0.3533273935317993,-0.9338157176971436,-0.056106969714164734,-0.8653547763824463,0.3490319848060608,-0.35963577032089233,0.33114078640937805,0.016878876835107803,-0.03099999949336052,-0.9213337898254395,0.3887726962566376,-4.533829667252576e-07,-0.3887726962566376,-0.9213337898254395,2.1903199467487866e-06,0.38686317205429077,-0.13015073537826538,-0.030999701470136642,0.27541840076446533,0.1639084815979004,-0.031000297516584396
15,0.6346697211265564,0.011461067013442516,-0.16512082517147064,1.215410590171814,-0.05789818987250328,0.8529376983642578,-0.199956014752388,0.7309187650680542,0.4694148898124695,-0.31345951557159424,0.22973035275936127,0.16041086614131927,0.029068756848573685,0.14041271805763245,-0.054268691688776016,0.09730313718318939,0.30122074484825134,-0.261844277381897,0.10610020160675049,0.6892945170402527,0.7974962592124939,1.9381948709487915,0.6241844296455383,0.7311229705810547,-0.11196789890527725,0.46611642837524414,0.26448994874954224,0.0879703238606453,0.08661946654319763,0.05765853449702263,0.38614627718925476,-0.020337386056780815,0.5439361333847046,0.5899497270584106,0.1853359341621399,0.6235948204994202,-0.7720282077789307,0.1228904277086258,0.32768598198890686,0.11542016267776489,-0.9377101063728333,-0.017813801765441895,-0.04524935409426689,0.2434786558151245,-0.35821306705474854,-0.9335038661956787,-0.015938105061650276,-0.8762768507003784,0.3420467972755432,-0.33932727575302124,0.33114078640937805,0.016878878697752953,-0.03099999949336052,-0.9213337898254395,0.3887726962566376,-4.469172552035161e-07,-0.3887726962566376,-0.9213337898254395,2.17641968447424e-06,0.38686317205429077,-0.13015073537826538,-0.030999701470136642,0.27541840076446533,0.1639084815979004,-0.031000297516584396
16,0.6573183536529541,-0.008389173075556755,-0.148054838180542,1.224021077156067,-0.0560726523399353,0.8658794164657593,-0.1990841180086136,0.7309052348136902,0.5180622935295105,-0.35707366466522217,0.2820027768611908,0.16506168246269226,0.02932009845972061,0.17460542917251587,0.011972869746387005,0.11414065212011337,0.2911922335624695,-0.23196421563625336,0.12463831901550293,0.6955861449241638,0.802125871181488,1.944252371788025,0.6516842842102051,0.73114413022995,-0.11948533356189728,0.4678860604763031,0.27046555280685425,0.06729184091091156,0.06371477246284485,0.0839909240603447,0.38548609614372253,-0.01742689311504364,0.5333310961723328,0.6119422316551208,0.19922873377799988,0.6508135795593262,-0.7494876980781555,0.12128442525863647,0.3334196209907532,0.13861781358718872,-0.9325323104858398,-0.02017080783843994,-0.04435718059539795,0.24355146288871765,-0.3582644462585449,-0.9332565069198608,0.026055246591567993,-0.8883808851242065,0.33218973875045776,-0.31690579652786255,0.33114078640937805,0.016878873109817505,-0.03099999949336052,-0.9213337898254395,0.3887726962566376,-4.6801892494841013e-07,-0.3887726962566376,-0.9213337898254395,2.17371871258365e-06,0.38686317205429077,-0.13015073537826538,-0.030999701470136642,0.27541840076446533,0.1639084815979004,-0.031000297516584396
17,0.6815254092216492,-0.03018280677497387,-0.1278323531150818,1.232033371925354,-0.05397278815507889,0.88107830286026,-0.19377213716506958,0.7308818697929382,0.552441418170929,-0.3828369379043579,0.3294382691383362,0.15214064717292786,0.0322992317378521,0.20735327899456024,0.0742603987455368,0.16971951723098755,0.28050050139427185,-0.20209340751171112,0.1441076397895813,0.7002958059310913,0.8051988482475281,1.9525145292282104,0.6791120171546936,0.7311768531799316,-0.12297100573778152,0.469145804643631,0.2848319113254547,0.0419316366314888,0.04142080247402191,0.11564584821462631,0.38436704874038696,-0.020361289381980896,0.519428014755249,0.6353195309638977,0.21354275941848755,0.6777447462081909,-0.7257511615753174,0.11809909343719482,0.3364901840686798,0.1633167266845703,-0.9274169206619263,-0.023595154285430908,-0.04446878656744957,0.24395060539245605,-0.3537609577178955,-0.9327112436294556,0.07002145051956177,-0.9014235734939575,0.3200024962425232,-0.2916058897972107,0.33114078640937805,0.016878874972462654,-0.03099999949336052,-0.9213337898254395,0.3887726962566376,-4.4606028382077056e-07,-0.3887726962566376,-0.9213337898254395,2.1937123619863996e-06,0.38686317205429077,-0.13015073537826538,-0.030999701470136642,0.27541840076446533,0.1639084815979004,-0.031000297516584396
18,0.7071728706359863,-0.05277550220489502,-0.10552304238080978,1.236996054649353,-0.0504215769469738,0.8995800614356995,-0.18804556131362915,0.7308418154716492,0.5776671767234802,-0.3768788278102875,0.3607141375541687,0.0915042906999588,0.05191479250788689,0.25768718123435974,0.07986201345920563,0.20223048329353333,0.26922357082366943,-0.17214533686637878,0.16416434943675995,0.706365168094635,0.8042007088661194,1.96360182762146,0.7062858939170837,0.7312090396881104,-0.13676714897155762,0.46497243642807007,0.2897120714187622,0.06785112619400024,-0.015339215286076069,0.15483133494853973,0.3810085952281952,-0.024318482726812363,0.5012174248695374,0.6586419939994812,0.225932776927948,0.7063168883323669,-0.698809802532196,0.11305484175682068,0.33298131823539734,0.18703997135162354,-0.9241967797279358,-0.027364015579223633,-0.04608340933918953,0.24476733803749084,-0.3429698944091797,-0.9322947263717651,0.11488296091556549,-0.9148736000061035,0.3037921190261841,-0.2659260928630829,0.33114078640937805,0.016878873109817505,-0.03099999949336052,-0.9213337898254395,0.3887726366519928,-5.481626317305199e-07,-0.3887726366519928,-0.9213337898254395,1.8272487523063319e-06,0.38686317205429077,-0.13015073537826538,-0.03099973127245903,0.27541840076446533,0.1639084815979004,-0.03100026771426201
19,0.7340691089630127,-0.07447490096092224,-0.08257583528757095,1.2397313117980957,-0.04521241411566734,0.9175297617912292,-0.18579348921775818,0.7308314442634583,0.589771032333374,-0.3619019091129303,0.3705207407474518,0.06073126941919327,0.07474283874034882,0.24938058853149414,0.03135717660188675,0.22957372665405273,0.2578674256801605,-0.14233815670013428,0.18471160531044006,0.7126032710075378,0.8040747046470642,1.9754236936569214,0.7329450249671936,0.73122239112854,-0.1279079169034958,0.46418526768684387,0.29873141646385193,0.06904876977205276,-0.0019219483947381377,0.1650833636522293,0.3739558756351471,-0.026965593919157982,0.4803677797317505,0.6816152930259705,0.2365913689136505,0.7372708916664124,-0.6668798923492432,0.10817956924438477,0.3254828155040741,0.2102956771850586,-0.9218658804893494,-0.031186223030090332,-0.04752723500132561,0.24637362360954285,-0.32938718795776367,-0.9309448003768921,0.15762512385845184,-0.9275542497634888,0.2878371477127075,-0.2383124679327011,0.33114078640937805,0.016878874972462654,-0.03099999949336052,-0.9213337898254395,0.3887726664543152,-4.585217823205312e-07,-0.3887726664543152,-0.9213337898254395,2.1596645183308283e-06,0.38686317205429077,-0.13015073537826538,-0.03099970519542694,0.27541840076446533,0.1639084815979004,-0.031000293791294098
20,0.7610476016998291,-0.09607656300067902,-0.05851411446928978,1.240614652633667,-0.037629276514053345,0.9354814291000366,-0.18755945563316345,0.7308147549629211,0.5944885611534119,-0.3620780110359192,0.3894643187522888,0.03343724086880684,0.10831179469823837,0.2500452697277069,-0.02496158517897129,0.2556685507297516,0.2478967159986496,-0.11261934041976929,0.20594635605812073,0.7192603349685669,0.8032981157302856,1.9879746437072754,0.7589343786239624,0.7312599420547485,-0.09420350193977356,0.46161842346191406,0.3110988438129425,0.07538560777902603,-0.01084116566926241,0.17565442621707916,0.36469152569770813,-0.03064385987818241,0.457010954618454,0.7038146257400513,0.2460474669933319,0.7697911262512207,-0.629901647567749,0.10317736864089966,0.3142073154449463,0.23325002193450928,-0.9202543497085571,-0.03548353910446167,-0.049305371940135956,0.24848875403404236,-0.31071412563323975,-0.929524838924408,0.1985958367586136,-0.9399238228797913,0.26938724517822266,-0.20969918370246887,0.33114078640937805,0.016878874972462654,-0.03099999949336052,-0.9213337898254395,0.38877272605895996,-4.508643485223729e-07,-0.38877272605895996,-0.9213337898254395,2.183723154303152e-06,0.38686317205429077,-0.13015075027942657,-0.030999701470136642,0.2754184305667877,0.16390849649906158,-0.031000297516584396
21,0.7879729270935059,-0.1203303337097168,-0.03261559084057808,1.2415868043899536,-0.02897491306066513,0.9562428593635559,-0.19054999947547913,0.7308228015899658,0.6001195311546326,-0.43024057149887085,0.42058250308036804,0.05162125453352928,0.1239384263753891,0.28722232580184937,-0.042272429913282394,0.22553212940692902,0.23939785361289978,-0.08312147855758667,0.22518764436244965,0.7261543869972229,0.800326943397522,2.00333309173584,0.784498393535614,0.7312679290771484,-0.09640644490718842,0.4574888050556183,0.27612683176994324,0.07864853739738464,-0.042051006108522415,0.21451576054096222,0.35943418741226196,-0.037068478763103485,0.43101373314857483,0.7248373031616211,0.25638458132743835,0.8020902872085571,-0.5889929533004761,0.09868364036083221,0.30101510882377625,0.2560122013092041,-0.9186117649078369,-0.03997558355331421,-0.05216764658689499,0.25152072310447693,-0.28723084926605225,-0.927638053894043,0.23871760070323944,-0.9519093036651611,0.2486993670463562,-0.17893393337726593,0.33114078640937805,0.016878874972462654,-0.03099999949336052,-0.9213337898254395,0.3887726664543152,-4.629185355042864e-07,-0.3887726664543152,-0.9213337898254395,2.1737873794336338e-06,0.38686317205429077,-0.13015073537826538,-0.030999701470136642,0.27541840076446533,0.1639084815979004,-0.031000297516584396
22,0.8154088258743286,-0.14638209342956543,-0.005703659728169441,1.245116114616394,-0.01725851744413376,0.9748730659484863,-0.19656608998775482,0.730840265750885,0.6062307357788086,-0.46147096157073975,0.4387686252593994,0.09636811167001724,0.16913680732250214,0.2553175985813141,-0.08468536287546158,0.20628774166107178,0.2298094630241394,-0.05397319421172142,0.24490928649902344,0.7367040514945984,0.7981581091880798,2.0209059715270996,0.8096444010734558,0.7312689423561096,-0.10501161217689514,0.4422127902507782,0.28294819593429565,0.14368321001529694,-0.027851564809679985,0.24504075944423676,0.35387086868286133,-0.03735971450805664,0.40363192558288574,0.7462457418441772,0.26949653029441833,0.834018886089325,-0.5435206890106201,0.09485632181167603,0.2888951003551483,0.28372788429260254,-0.914351224899292,-0.04334604740142822,-0.054613254964351654,0.25597846508026123,-0.2619631290435791,-0.9253572225570679,0.2740246057510376,-0.9622151851654053,0.22858166694641113,-0.14796113967895508,0.33114075660705566,0.016878874972462654,-0.03099999949336052,-0.9213337898254395,0.38877272605895996,-4.528007764292852e-07,-0.38877272605895996,-0.9213337898254395,2.1988707885611802e-06,0.386863112449646,-0.13015075027942657,-0.030999701470136642,0.27541840076446533,0.16390849649906158,-0.031000297516584396
23,0.843520998954773,-0.17359614372253418,0.02187570184469223,1.2531520128250122,-0.0005949612823314965,0.9885262250900269,-0.20516037940979004,0.7308419346809387,0.6181983947753906,-0.4974340498447418,0.4538726508617401,0.17750194668769836,0.24010992050170898,0.18189390003681183,-0.12082716077566147,0.20395208895206451,0.21914246678352356,-0.02588440291583538,0.2649264335632324,0.7487804293632507,0.7975630760192871,2.0427708625793457,0.8340673446655273,0.7312763333320618,-0.12300661206245422,0.42649319767951965,0.28601187467575073,0.16260896623134613,-0.00580375362187624,0.30611634254455566,0.34382492303848267,-0.03779838979244232,0.37509435415267944,0.7691588997840881,0.28676655888557434,0.864578127861023,-0.4942428171634674,0.090711809694767,0.27817052602767944,0.320407509803772,-0.9055165648460388,-0.04633378982543945,-0.0570206418633461,0.26248791813850403,-0.23403871059417725,-0.923141598701477,0.3050173819065094,-0.971342921257019,0.20864111185073853,-0.11385072767734528,0.33114078640937805,0.016878878697752953,-0.03099999949336052,-0.9213337898254395,0.3887726962566376,-4.544182843346789e-07,-0.3887726962566376,-0.9213337898254395,2.1874723188375356e-06,0.38686317205429077,-0.13015073537826538,-0.030999701470136642,0.27541840076446533,0.1639084815979004,-0.031000297516584396
24,0.8722553253173828,-0.20113864541053772,0.0499875582754612,1.2680165767669678,0.015375948511064053,0.9922370910644531,-0.21052102744579315,0.730910062789917,0.6145164370536804,-0.5205590128898621,0.4635068476200104,0.29453662037849426,0.2308850735425949,0.03743399307131767,-0.07541530579328537,0.08773782849311829,0.2061138153076172,0.0006506171193905175,0.28603336215019226,0.7607557773590088,0.8041055798530579,2.0665454864501953,0.8574398159980774,0.7312425374984741,-0.15964612364768982,0.4003196954727173,0.30039694905281067,0.164637953042984,0.09571098536252975,0.3331013321876526,0.3292357921600342,-0.03136920928955078,0.3472679555416107,0.7939285635948181,0.31038182973861694,0.8907734751701355,-0.4453081488609314,0.0906824991106987,0.2743285596370697,0.36781740188598633,-0.8885124325752258,-0.04849565029144287,-0.05751848220825195,0.27122804522514343,-0.20857548713684082,-0.9209606051445007,0.32913169264793396,-0.9779900908470154,0.19447684288024902,-0.07559079676866531,0.33114078640937805,0.016878873109817505,-0.03099999949336052,-0.9213337898254395,0.3887726962566376,-4.4412615807232214e-07,-0.3887726962566376,-0.9213337898254395,2.1723139980167616e-06,0.38686317205429077,-0.13015073537826538,-0.03099970519542694,0.27541840076446533,0.1639084815979004,-0.031000293791294098
25,0.9011115431785583,-0.2290918529033661,0.07865016907453537,1.2886584997177124,0.030750364065170288,0.9834074974060059,-0.21368040144443512,0.7309446334838867,0.6118398904800415,-0.5377614498138428,0.4753607213497162,0.38686543703079224,0.22666652500629425,-0.1403343677520752,-0.0446445606648922,0.07502680271863937,0.19007275998592377,0.02448917366564274,0.3092156946659088,0.7751982808113098,0.81633061170578,2.0914812088012695,0.8788134455680847,0.7312021255493164,-0.20706775784492493,0.34767353534698486,0.3285183608531952,0.21227245032787323,0.17726199328899384,0.3494092524051666,0.30099520087242126,-0.02935037761926651,0.3196369707584381,0.820443868637085,0.34085917472839355,0.9128378629684448,-0.3970470428466797,0.0952925905585289,0.27583667635917664,0.4275534152984619,-0.8608787655830383,-0.04919379949569702,-0.05620603263378143,0.28175896406173706,-0.18637526035308838,-0.9202255606651306,0.3441646993160248,-0.9820540547370911,0.18478870391845703,-0.03772400692105293,0.33114078640937805,0.016878876835107803,-0.03099999949336052,-0.9213337898254395,0.3887726962566376,-4.6903926431696163e-07,-0.3887726962566376,-0.9213337898254395,2.170682364521781e-06,0.38686317205429077,-0.13015073537826538,-0.030999701470136642,0.27541840076446533,0.1639084815979004,-0.031000297516584396
26,0.9304472804069519,-0.2572413682937622,0.10778584331274033,1.3132635354995728,0.043880000710487366,0.9646109938621521,-0.21488113701343536,0.7309645414352417,0.6119987368583679,-0.5447786450386047,0.4861072599887848,0.44473785161972046,0.19521932303905487,-0.2804325520992279,-0.017216119915246964,0.03823091834783554,0.17107445001602173,0.04510653391480446,0.33524349331855774,0.792824387550354,0.8326913118362427,2.1171627044677734,0.8974257111549377,0.7311798334121704,-0.24439677596092224,0.29294002056121826,0.369928240776062,0.2639816105365753,0.2363378256559372,0.36030030250549316,0.2622235417366028,-0.024665437638759613,0.2907486855983734,0.8469862341880798,0.376932293176651,0.9311388731002808,-0.34920912981033325,0.10504002124071121,0.27864134311676025,0.49551403522491455,-0.8226937055587769,-0.04857510328292847,-0.05358775705099106,0.2936619520187378,-0.16705191135406494,-0.9218528866767883,0.3496871292591095,-0.9841383099555969,0.1773853302001953,-0.002513379091396928,0.33114078640937805,0.016878871247172356,-0.03099999949336052,-0.9213337898254395,0.38877272605895996,-4.316859758546343e-07,-0.38877272605895996,-0.9213337898254395,2.1848272808711044e-06,0.38686317205429077,-0.13015075027942657,-0.03099970519542694,0.2754184305667877,0.16390849649906158,-0.031000293791294098
27,0.9601060152053833,-0.285616934299469,0.13717088103294373,1.3393408060073853,0.059594664722681046,0.940204381942749,-0.21482396125793457,0.7309192419052124,0.6108264923095703,-0.5474517345428467,0.4941023588180542,0.4609851539134979,0.2315632551908493,-0.3576672375202179,0.00036851680488325655,0.08246661722660065,0.15033932030200958,0.0634017288684845,0.3626346290111542,0.8124604225158691,0.8510671854019165,2.1424455642700195,0.9137247800827026,0.7311546206474304,-0.2800983190536499,0.259865939617157,0.38718658685684204,0.2924080789089203,0.26409196853637695,0.3545953929424286,0.2295471429824829,-0.023276453837752342,0.2581891119480133,0.8718855381011963,0.416314959526062,0.9465610980987549,-0.30175089836120605,0.11387939751148224,0.2743957042694092,0.5678818225860596,-0.7760265469551086,-0.04693162441253662,-0.050390321761369705,0.3061264455318451,-0.15027928352355957,-0.9252282381057739,0.3483804762363434,-0.9847967624664307,0.17114824056625366,0.029728151857852936,0.33114078640937805,0.016878878697752953,-0.03099999949336052,-0.9213337898254395,0.3887726664543152,-4.4768418661078613e-07,-0.3887726664543152,-0.9213337898254395,2.176083171434584e-06,0.38686317205429077,-0.13015073537826538,-0.030999701470136642,0.27541840076446533,0.1639084815979004,-0.031000297516584396
28,0.9902867078781128,-0.3135538399219513,0.16681034862995148,1.3650137186050415,0.07248088717460632,0.9134404063224792,-0.2092903107404709,0.730910062789917,0.605884850025177,-0.5331144332885742,0.5003761649131775,0.44641393423080444,0.19004876911640167,-0.3888785243034363,0.07707314193248749,0.08722266554832458,0.12898960709571838,0.08196138590574265,0.3905359208583832,0.8306102156639099,0.8740123510360718,2.167714834213257,0.929861307144165,0.7311576008796692,-0.2785496115684509,0.2761856019496918,0.3968193829059601,0.26149851083755493,0.3274711072444916,0.3548011779785156,0.22699882090091705,-0.02321372553706169,0.22252815961837769,0.8929624557495117,0.45648258924484253,0.9585607051849365,-0.25704225897789,0.12284407019615173,0.2637009918689728,0.6373664140701294,-0.7240344285964966,-0.044952988624572754,-0.04647572711110115,0.3196731209754944,-0.13494205474853516,-0.9292651414871216,0.3438851535320282,-0.9837591648101807,0.16710489988327026,0.06552846729755402,0.33114078640937805,0.016878878697752953,-0.03099999949336052,-0.9213337898254395,0.3887726962566376,-4.7083753429433273e-07,-0.3887726962566376,-0.9213337898254395,2.1735334030381637e-06,0.38686317205429077,-0.13015073537826538,-0.030999701470136642,0.27541840076446533,0.1639084815979004,-0.031000297516584396
29,1.0206975936889648,-0.3401612639427185,0.19666065275669098,1.389527440071106,0.08537327498197556,0.8853418231010437,-0.20041827857494354,0.730857253074646,0.602148175239563,-0.506569504737854,0.5073468089103699,0.4236021041870117,0.1901465803384781,-0.40618470311164856,0.12395301461219788,0.1964842528104782,0.1074521467089653,0.10084819793701172,0.41908469796180725,0.8488634824752808,0.8992791771888733,2.1922128200531006,0.9463473558425903,0.7311489582061768,-0.2883356213569641,0.2754873037338257,0.4052850306034088,0.2681596875190735,0.3612222373485565,0.3432345688343048,0.23290856182575226,-0.19077914953231812,0.1835840344429016,0.9099792838096619,0.49592089653015137,0.9684195518493652,-0.21324694156646729,0.1291871964931488,0.24386319518089294,0.7022610902786255,-0.668849766254425,-0.04243069887161255,-0.04229278862476349,0.3337130844593048,-0.12038648128509521,-0.9338603019714355,0.3367670476436615,-0.9812848567962646,0.16329944133758545,0.10204531252384186,0.33114078640937805,0.016878873109817505,-0.03099999949336052,-0.9213337898254395,0.3887726962566376,-4.3353148271307873e-07,-0.3887726962566376,-0.9213337898254395,2.1876867322134785e-06,0.38686317205429077,-0.13015073537826538,-0.03099970519542694,0.27541840076446533,0.1639084815979004,-0.031000293791294098
30,1.0513570308685303,-0.36500924825668335,0.2267368882894516,1.411258339881897,0.09528228640556335,0.8570312857627869,-0.19048389792442322,0.7308273315429688,0.5938143730163574,-0.4659302830696106,0.5125341415405273,0.3708873987197876,0.1467149704694748,-0.4064805209636688,0.1388363540172577,0.23790782690048218,0.08621272444725037,0.12114758044481277,0.44782519340515137,0.8678526878356934,0.9260779619216919,2.21578311920166,0.961967945098877,0.731151819229126,-0.2847921550273895,0.3007989525794983,0.4080544710159302,0.2770709693431854,0.3825967311859131,0.3299046456813812,0.22086243331432343,-0.19446727633476257,0.1425248384475708,0.9224058389663696,0.5326780676841736,0.9761804938316345,-0.1685657501220703,0.1365913599729538,0.21695978939533234,0.7591801881790161,-0.6136561632156372,-0.03918349742889404,-0.038030266761779785,0.34808337688446045,-0.10643160343170166,-0.9393181800842285,0.3261193633079529,-0.9773852825164795,0.15910649299621582,0.13929545879364014,0.33114078640937805,0.016878876835107803,-0.03099999949336052,-0.9213337898254395,0.3887726962566376,-4.5172188833930704e-07,-0.3887726962566376,-0.9213337898254395,2.1845996798219858e-06,0.38686317205429077,-0.13015073537826538,-0.030999701470136642,0.27541840076446533,0.1639084815979004,-0.031000297516584396
31,1.0819529294967651,-0.38801276683807373,0.25694015622138977,1.430537462234497,0.10218198597431183,0.8288822770118713,-0.17966288328170776,0.7307971119880676,0.5835175514221191,-0.4375436007976532,0.5152255892753601,0.33394214510917664,0.10512799024581909,-0.4035934805870056,0.1507985144853592,0.25460708141326904,0.06552620977163315,0.1416851431131363,0.4764290750026703,0.8872408270835876,0.9529927372932434,2.23923921585083,0.9761820435523987,0.7311590313911438,-0.27853062748908997,0.2992595136165619,0.4067807197570801,0.2841821312904358,0.3842214345932007,0.3288406729698181,0.20128382742404938,-0.20329754054546356,0.10020220279693604,0.9304511547088623,0.566563069820404,0.9816792607307434,-0.12350820004940033,0.14509153366088867,0.1843595653772354,0.8080614805221558,-0.5595070719718933,-0.035481810569763184,-0.03434814512729645,0.36272066831588745,-0.09231555461883545,-0.9456005096435547,0.31195753812789917,-0.9723532199859619,0.1530975103378296,0.17632463574409485,0.33114078640937805,0.016878880560398102,-0.03099999949336052,-0.9213337898254395,0.3887726962566376,-4.6486331939377123e-07,-0.3887726962566376,-0.9213337898254395,2.177824171667453e-06,0.38686317205429077,-0.13015073537826538,-0.030999701470136642,0.27541840076446533,0.1639084815979004,-0.031000297516584396
32,1.1119823455810547,-0.4124879837036133,0.2871335744857788,1.4501534700393677,0.11170020699501038,0.8019432425498962,-0.16095364093780518,0.7307144403457642,0.5748666524887085,-0.49782276153564453,0.515113115310669,0.36258938908576965,0.14208875596523285,-0.390915185213089,0.26124778389930725,0.35313278436660767,0.04499761760234833,0.15974803268909454,0.503703773021698,0.8988717794418335,0.9778082966804504,2.265753984451294,0.9864510893821716,0.7311869263648987,-0.2765064537525177,0.27055642008781433,0.38725295662879944,0.1554790437221527,0.3507583737373352,0.3733021914958954,0.14640960097312927,-0.23810124397277832,0.05563759803771973,0.9334404468536377,0.6007687449455261,0.9861000776290894,-0.0816275030374527,0.14471907913684845,0.1443575769662857,0.8521527647972107,-0.5029876232147217,-0.03285038471221924,-0.033325470983982086,0.3777155578136444,-0.074729323387146,-0.9520056843757629,0.296817421913147,-0.9653502106666565,0.14369308948516846,0.21783289313316345,0.33114078640937805,0.016878873109817505,-0.03099999949336052,-0.9213337898254395,0.3887726664543152,-4.658871830542921e-07,-0.3887726664543152,-0.9213337898254395,2.1692442260246025e-06,0.38686317205429077,-0.13015073537826538,-0.030999701470136642,0.27541840076446533,0.1639084815979004,-0.031000297516584396
33,1.1420776844024658,-0.43880555033683777,0.31746429204940796,1.470608115196228,0.11946066468954086,0.7751607298851013,-0.14110806584358215,0.7307037711143494,0.5683600306510925,-0.5214941501617432,0.5181282162666321,0.3707424998283386,0.11475437879562378,-0.38829100131988525,0.2777070999145508,0.3999810814857483,0.023434843868017197,0.17492106556892395,0.5309135913848877,0.9033288359642029,1.0014302730560303,2.2933602333068848,0.9870743751525879,0.7311882972717285,-0.29313769936561584,0.22545285522937775,0.38614070415496826,0.05452880263328552,0.3337993323802948,0.388693630695343,0.011493449099361897,-0.23595097661018372,0.009620189666748047,0.9309236407279968,0.6359230279922485,0.9886133074760437,-0.03875899314880371,0.14540106058120728,0.10005548596382141,0.8910298943519592,-0.44278061389923096,-0.03089052438735962,-0.03415871784090996,0.39259377121925354,-0.058091044425964355,-0.9597710371017456,0.2747090458869934,-0.9560263156890869,0.13272088766098022,0.26153185963630676,0.33114078640937805,0.016878876835107803,-0.03099999949336052,-0.9213337898254395,0.3887726664543152,-4.520246363881597e-07,-0.3887726664543152,-0.9213337898254395,2.191788325944799e-06,0.38686317205429077,-0.13015073537826538,-0.030999701470136642,0.27541840076446533,0.1639084815979004,-0.031000297516584396
34,1.1722002029418945,-0.4660266637802124,0.3479515314102173,1.4906386137008667,0.1229550912976265,0.7488576173782349,-0.12313690036535263,0.730705201625824,0.560651957988739,-0.533424973487854,0.5206651091575623,0.36115849018096924,0.053097549825906754,-0.38091403245925903,0.2516380548477173,0.33999788761138916,-0.000682041747495532,0.185061514377594,0.5583848357200623,0.8987405300140381,1.021194577217102,2.3215582370758057,0.9800906777381897,0.7311753630638123,-0.33633461594581604,0.15113027393817902,0.3870769739151001,-0.0800681933760643,0.27704498171806335,0.39775940775871277,-0.09506168961524963,-0.22233076393604279,-0.03669959306716919,0.9229898452758789,0.6702889204025269,0.9883882403373718,0.005561593919992447,0.15184782445430756,0.05338750779628754,0.922906219959259,-0.3813055157661438,-0.0299452543258667,-0.037361983209848404,0.4064789116382599,-0.042780518531799316,-0.9672878980636597,0.25004759430885315,-0.9447125196456909,0.12060374021530151,0.3049146831035614,0.33114075660705566,0.016878871247172356,-0.03099999949336052,-0.9213337898254395,0.3887726962566376,-4.408514939768793e-07,-0.3887726962566376,-0.9213337898254395,2.218674126197584e-06,0.386863112449646,-0.13015073537826538,-0.030999697744846344,0.27541840076446533,0.1639084815979004,-0.031000301241874695
35,1.2023704051971436,-0.4932129383087158,0.3784938156604767,1.5090548992156982,0.12228267639875412,0.7228987216949463,-0.1102617084980011,0.7307094931602478,0.5523585677146912,-0.5243335962295532,0.5218489766120911,0.33041703701019287,-0.004229108802974224,-0.3743581175804138,0.1799343377351761,0.31965604424476624,-0.026735980063676834,0.19351130723953247,0.5861420035362244,0.8882476091384888,1.0374364852905273,2.349860191345215,0.9720867872238159,0.7311694025993347,-0.36655282974243164,0.1349187046289444,0.38894423842430115,-0.16600777208805084,0.2270088493824005,0.39872193336486816,-0.10933411866426468,-0.21387355029582977,-0.08261287212371826,0.9102630615234375,0.7024437785148621,0.9846652150154114,0.05139169096946716,0.1667131632566452,0.004858285654336214,0.9471766948699951,-0.3206753134727478,-0.029233872890472412,-0.04226074740290642,0.4194374680519104,-0.027241945266723633,-0.9733613729476929,0.22765234112739563,-0.9311124086380005,0.10756969451904297,0.34850895404815674,0.33114078640937805,0.016878878697752953,-0.03099999949336052,-0.9213337898254395,0.3887726962566376,-4.4672415810964594e-07,-0.3887726962566376,-0.9213337898254395,2.170329935324844e-06,0.38686317205429077,-0.13015073537826538,-0.03099970519542694,0.27541840076446533,0.1639084815979004,-0.031000293791294098
36,1.2326034307479858,-0.5184380412101746,0.40907856822013855,1.5239112377166748,0.112530417740345,0.696946918964386,-0.1039750948548317,0.7307447195053101,0.5380045175552368,-0.4700831472873688,0.5214856863021851,0.260920912027359,-0.13265284895896912,-0.37081801891326904,0.08761362731456757,0.27669405937194824,-0.05409260466694832,0.1988430917263031,0.6139001250267029,0.8719478249549866,1.050924301147461,2.378427267074585,0.9648059606552124,0.7311473488807678,-0.37892085313796997,0.08349210023880005,0.39116406440734863,-0.24876835942268372,0.18775512278079987,0.4031636714935303,-0.09932280331850052,-0.18199701607227325,-0.126323401927948,0.894353449344635,0.7302854657173157,0.9761083722114563,0.09561023861169815,0.19511814415454865,-0.041575368493795395,0.9635775685310364,-0.26417747139930725,-0.02898305654525757,-0.04853525385260582,0.43159741163253784,-0.011173605918884277,-0.9778901934623718,0.20882025361061096,-0.9154433608055115,0.0940210223197937,0.391309916973114,0.33114078640937805,0.016878873109817505,-0.03099999949336052,-0.9213337898254395,0.3887726962566376,-4.678209108988085e-07,-0.3887726962566376,-0.9213337898254395,2.1675330117432168e-06,0.38686317205429077,-0.13015073537826538,-0.030999701470136642,0.27541840076446533,0.1639084815979004,-0.031000297516584396
37,1.2624517679214478,-0.5401425957679749,0.4395255446434021,1.5342696905136108,0.0968736857175827,0.6714637279510498,-0.10357200354337692,0.7307637929916382,0.5196399688720703,-0.3979533314704895,0.5187679529190063,0.18195000290870667,-0.21635232865810394,-0.36166098713874817,0.005248222965747118,0.2505231499671936,-0.0817929208278656,0.2016366720199585,0.6416337490081787,0.8516119718551636,1.0619029998779297,2.40714693069458,0.9591108560562134,0.7311276793479919,-0.3816820979118347,0.04677005112171173,0.3912820816040039,-0.3061465620994568,0.15223558247089386,0.4053456783294678,-0.07721789926290512,-0.1535595804452896,-0.16747653484344482,0.8770249485969543,0.752449095249176,0.962870717048645,0.13707807660102844,0.23257167637348175,-0.08660735189914703,0.9728080034255981,-0.21481101214885712,-0.029137253761291504,-0.055838584899902344,0.44302141666412354,0.006298542022705078,-0.9810835719108582,0.19348227977752686,-0.8980643153190613,0.0795508623123169,0.4326108694076538,0.33114078640937805,0.016878876835107803,-0.03099999949336052,-0.9213337898254395,0.3887726962566376,-4.42400192923742e-07,-0.3887726962566376,-0.9213337898254395,2.185459607062512e-06,0.38686317205429077,-0.13015073537826538,-0.030999701470136642,0.27541840076446533,0.1639084815979004,-0.031000297516584396
38,1.291234016418457,-0.557589590549469,0.46957942843437195,1.5412163734436035,0.07774005830287933,0.6464017629623413,-0.10589922219514847,0.7307775616645813,0.4916844069957733,-0.3223962187767029,0.5082636475563049,0.12562869489192963,-0.26765745878219604,-0.35512998700141907,-0.032348353415727615,0.23862071335315704,-0.10957660526037216,0.20316456258296967,0.6690914630889893,0.8286161422729492,1.0715473890304565,2.43607759475708,0.9545363783836365,0.7311064004898071,-0.3855894207954407,0.03041519597172737,0.3862995505332947,-0.3438183665275574,0.1334155946969986,0.40827974677085876,-0.061754461377859116,-0.12376130372285843,-0.20589464902877808,0.8593752384185791,0.7695732712745667,0.9459408521652222,0.17460688948631287,0.2733282148838043,-0.13039733469486237,0.9763527512550354,-0.1724291294813156,-0.02920353412628174,-0.0637248307466507,0.45401108264923096,0.024349451065063477,-0.9833686351776123,0.17998106777668,-0.8786078691482544,0.06483769416809082,0.4731218218803406,0.33114078640937805,0.016878873109817505,-0.03099999949336052,-0.9213337898254395,0.3887726962566376,-4.516558647083002e-07,-0.3887726962566376,-0.9213337898254395,2.1774253582407255e-06,0.38686317205429077,-0.13015073537826538,-0.030999701470136642,0.27541840076446533,0.1639084815979004,-0.031000297516584396
39,1.3189129829406738,-0.5742311477661133,0.4990793764591217,1.5463606119155884,0.059601303189992905,0.6222134232521057,-0.10943853110074997,0.7307701110839844,0.48264026641845703,-0.33710384368896484,0.5021814703941345,0.11569366604089737,-0.2535194754600525,-0.34618958830833435,-0.04918261989951134,0.24931156635284424,-0.13733777403831482,0.20683979988098145,0.6965765953063965,0.8037322759628296,1.0784730911254883,2.4650168418884277,0.9506818056106567,0.7311173677444458,-0.38749226927757263,0.07193811982870102,0.38425931334495544,-0.37584054470062256,0.09446593374013901,0.40784090757369995,-0.051451750099658966,-0.1375182867050171,-0.2427617311477661,0.8399152755737305,0.7841658592224121,0.9263574481010437,0.2089185118675232,0.31339266896247864,-0.17488086223602295,0.9755133390426636,-0.1333809196949005,-0.028712034225463867,-0.0724150612950325,0.4645046591758728,0.04451441764831543,-0.9848321676254272,0.16770237684249878,-0.8560532331466675,0.04892951250076294,0.5145665407180786,0.33114078640937805,0.016878874972462654,-0.03099999949336052,-0.9213337898254395,0.3887726962566376,-4.4527118348014483e-07,-0.3887726962566376,-0.9213337898254395,2.1635537450492848e-06,0.38686317205429077,-0.13015073537826538,-0.03099970519542694,0.27541840076446533,0.1639084815979004,-0.031000293791294098
40,1.3462393283843994,-0.5924206972122192,0.5284079909324646,1.5507797002792358,0.04244806990027428,0.5988672971725464,-0.11456459760665894,0.7307738065719604,0.4795740842819214,-0.3691670298576355,0.5015793442726135,0.10971274971961975,-0.23994572460651398,-0.335484117269516,-0.07136639952659607,0.24567532539367676,-0.16543357074260712,0.2110058069229126,0.7239835262298584,0.7777217030525208,1.0814560651779175,2.4939124584198,0.9476094841957092,0.7311217784881592,-0.39379265904426575,0.0729067474603653,0.38343119621276855,-0.3895140290260315,0.03911321237683296,0.4075077772140503,-0.04037141427397728,-0.14224739372730255,-0.27896636724472046,0.8172175288200378,0.7978209853172302,0.9037787318229675,0.24008795619010925,0.3543187379837036,-0.22070544958114624,0.9707223176956177,-0.09480118006467819,-0.027893126010894775,-0.08200840651988983,0.47424638271331787,0.06684768199920654,-0.9853523373603821,0.15688267350196838,-0.8316224217414856,0.03185456991195679,0.5544271469116211,0.33114075660705566,0.016878876835107803,-0.03099999949336052,-0.9213337898254395,0.3887726962566376,-4.547093794826651e-07,-0.3887726962566376,-0.9213337898254395,2.1959149307804182e-06,0.386863112449646,-0.13015073537826538,-0.030999701470136642,0.27541840076446533,0.1639084815979004,-0.031000297516584396
41,1.3732932806015015,-0.6132662296295166,0.557694673538208,1.5546607971191406,0.026190675795078278,0.5770657062530518,-0.12109573185443878,0.7307841181755066,0.47873371839523315,-0.4198245108127594,0.5026728510856628,0.10773632675409317,-0.2271827608346939,-0.31507593393325806,-0.09099116176366806,0.25568559765815735,-0.1937190443277359,0.21629025042057037,0.7513332366943359,0.7511776089668274,1.0816361904144287,2.522737503051758,0.9442235231399536,0.731127142906189,-0.39919060468673706,0.09160569310188293,0.3814442455768585,-0.3976430296897888,-5.920417606830597e-05,0.40640437602996826,-0.044622622430324554,-0.14837659895420074,-0.31443822383880615,0.7907363176345825,0.8106601238250732,0.8782459497451782,0.2673916816711426,0.39646658301353455,-0.2673908472061157,0.9619336128234863,-0.05644392594695091,-0.02648138999938965,-0.0922195240855217,0.4835222363471985,0.09014332294464111,-0.9852468371391296,0.14547434449195862,-0.8049266934394836,0.013943850994110107,0.5932103991508484,0.33114078640937805,0.016878873109817505,-0.03099999949336052,-0.9213337898254395,0.3887726962566376,-4.525018368894962e-07,-0.3887726962566376,-0.9213337898254395,2.1834175640833564e-06,0.38686317205429077,-0.13015073537826538,-0.030999701470136642,0.27541840076446533,0.1639084815979004,-0.031000297516584396
42,1.4000717401504517,-0.6366435885429382,0.587058961391449,1.5593414306640625,0.010612850077450275,0.5566375255584717,-0.128644198179245,0.7307996153831482,0.4768863022327423,-0.46689677238464355,0.5029518604278564,0.12643590569496155,-0.21780574321746826,-0.29777991771698,-0.10530567169189453,0.21443438529968262,-0.22230969369411469,0.22137011587619781,0.7786345481872559,0.7243574857711792,1.0788769721984863,2.5515003204345703,0.9411463141441345,0.7311319708824158,-0.40281665325164795,0.08412990719079971,0.3815775513648987,-0.39997321367263794,-0.04120194911956787,0.4057377874851227,-0.040206409990787506,-0.15415281057357788,-0.3490522503852844,0.7601170539855957,0.8232473134994507,0.850086510181427,0.29010650515556335,0.4395351707935333,-0.31493934988975525,0.9489554166793823,-0.017228348180651665,-0.024732887744903564,-0.10298265516757965,0.4922523498535156,0.11455398797988892,-0.9843195080757141,0.13413627445697784,-0.7768757939338684,-0.004609346389770508,0.6296370625495911,0.33114078640937805,0.016878878697752953,-0.03099999949336052,-0.9213337898254395,0.3887726962566376,-4.656382373013912e-07,-0.3887726962566376,-0.9213337898254395,2.1765763449366204e-06,0.38686317205429077,-0.13015073537826538,-0.030999701470136642,0.27541840076446533,0.1639084815979004,-0.031000297516584396
43,1.4266538619995117,-0.6623251438140869,0.6164482235908508,1.564826488494873,-0.003637117799371481,0.5381864309310913,-0.1370774656534195,0.7308188080787659,0.4742712080478668,-0.5047110319137573,0.5037329196929932,0.13929995894432068,-0.19895882904529572,-0.27057111263275146,-0.11760154366493225,0.21372970938682556,-0.251078724861145,0.22560903429985046,0.8058241009712219,0.6972119808197021,1.0720593929290771,2.580198287963867,0.9395658373832703,0.7311400771141052,-0.4056112468242645,0.0702960342168808,0.38003477454185486,-0.4048844277858734,-0.09844323247671127,0.4048067629337311,-0.019083231687545776,-0.16437473893165588,-0.3824726343154907,0.7255336046218872,0.8350040912628174,0.8198005557060242,0.3082910180091858,0.4825802743434906,-0.36308133602142334,0.9315043687820435,0.021716291084885597,-0.022963404655456543,-0.11443335562944412,0.5002562999725342,0.141840398311615,-0.9820370674133301,0.12443673610687256,-0.748185396194458,-0.024046659469604492,0.6630538105964661,0.33114078640937805,0.016878878697752953,-0.03099999949336052,-0.9213337898254395,0.3887726664543152,-4.7050093598954845e-07,-0.3887726664543152,-0.9213337898254395,2.169243998650927e-06,0.38686317205429077,-0.13015073537826538,-0.030999701470136642,0.27541840076446533,0.1639084815979004,-0.031000297516584396
44,1.4528793096542358,-0.6897748112678528,0.6458297967910767,1.571483850479126,-0.01522126980125904,0.5223451256752014,-0.14576596021652222,0.7308474183082581,0.46938058733940125,-0.5352423787117004,0.5025290846824646,0.15886428952217102,-0.1622648388147354,-0.2349514663219452,-0.12101952731609344,0.15331457555294037,-0.2799907326698303,0.22870951890945435,0.8327594995498657,0.6698439121246338,1.0608408451080322,2.608794689178467,0.9398687481880188,0.7311479449272156,-0.408560186624527,0.05227280035614967,0.37636080384254456,-0.40770381689071655,-0.16025999188423157,0.4033418595790863,0.007436749991029501,-0.17434753477573395,-0.4143482446670532,0.6873557567596436,0.8454378843307495,0.7883957028388977,0.3227706551551819,0.5236901044845581,-0.411620557308197,0.909433126449585,0.059160150587558746,-0.021269023418426514,-0.12652097642421722,0.5075057744979858,0.17260617017745972,-0.9780377149581909,0.11682997643947601,-0.7192687392234802,-0.04411745071411133,0.6933296918869019,0.33114078640937805,0.016878878697752953,-0.03099999949336052,-0.9213337898254395,0.38877272605895996,-4.547967762391636e-07,-0.38877272605895996,-0.9213337898254395,2.190824943681946e-06,0.38686317205429077,-0.13015075027942657,-0.030999701470136642,0.2754184305667877,0.16390849649906158,-0.031000297516584396
45,1.47877836227417,-0.7185479402542114,0.6751975417137146,1.5784438848495483,-0.024941014125943184,0.5097837448120117,-0.15586552023887634,0.7308703660964966,0.4614468514919281,-0.5520235300064087,0.5030494332313538,0.15887200832366943,-0.13534599542617798,-0.18801313638687134,-0.14135992527008057,0.12329000234603882,-0.3090045154094696,0.23125995695590973,0.8595260381698608,0.6423758864402771,1.0466030836105347,2.637178659439087,0.9407286643981934,0.7311525940895081,-0.410712867975235,0.044667672365903854,0.3737603425979614,-0.4087787866592407,-0.2023395448923111,0.4002964496612549,0.015330235473811626,-0.17999306321144104,-0.44414687156677246,0.6465561389923096,0.8535440564155579,0.7554610371589661,0.33310025930404663,0.5642010569572449,-0.4591625928878784,0.8834460377693176,0.09323512762784958,-0.0193975567817688,-0.13892309367656708,0.5142536759376526,0.20513767004013062,-0.972588837146759,0.10949616134166718,-0.689600944519043,-0.06424069404602051,0.7213345766067505,0.33114078640937805,0.016878871247172356,-0.03099999949336052,-0.9213337898254395,0.3887726962566376,-4.454615520899097e-07,-0.3887726962566376,-0.9213337898254395,2.172779431930394e-06,0.38686317205429077,-0.13015073537826538,-0.03099970519542694,0.27541840076446533,0.1639084815979004,-0.031000293791294098
46,1.5043355226516724,-0.7480255961418152,0.7044587731361389,1.5851643085479736,-0.03207261115312576,0.5008701086044312,-0.16613346338272095,0.7308854460716248,0.4532020390033722,-0.5602774024009705,0.5008159279823303,0.15249374508857727,-0.1006203293800354,-0.13653771579265594,-0.14323385059833527,0.1205538809299469,-0.3379683494567871,0.2342558205127716,0.8858551383018494,0.6148912906646729,1.0308294296264648,2.665343999862671,0.9424166679382324,0.7311598658561707,-0.4132290482521057,0.05295782908797264,0.36637234687805176,-0.4087038040161133,-0.22352702915668488,0.3972112238407135,0.027029018849134445,-0.18984968960285187,-0.4715803861618042,0.6041697263717651,0.8586481213569641,0.7219712138175964,0.3405931890010834,0.6022905111312866,-0.505128800868988,0.8543222546577454,0.12238630652427673,-0.016926288604736328,-0.15137526392936707,0.5207617282867432,0.23844558000564575,-0.9658347964286804,0.101522296667099,-0.6582594513893127,-0.08387541770935059,0.7481037378311157,0.33114078640937805,0.016878873109817505,-0.03099999949336052,-0.9213337898254395,0.3887726962566376,-4.703804847849824e-07,-0.3887726962566376,-0.9213337898254395,2.1712326088163536e-06,0.38686317205429077,-0.13015073537826538,-0.030999701470136642,0.27541840076446533,0.1639084815979004,-0.031000297516584396
47,1.5293935537338257,-0.7781733870506287,0.7337811589241028,1.5898298025131226,-0.041083790361881256,0.4964931607246399,-0.1804969757795334,0.7309219241142273,0.43818363547325134,-0.5627617239952087,0.505508542060852,0.11204063147306442,-0.12837070226669312,-0.07043356448411942,-0.20055121183395386,0.06360117346048355,-0.36535242199897766,0.237053781747818,0.9101657271385193,0.5927528142929077,1.0204570293426514,2.6876771450042725,0.9430074691772461,0.7322696447372437,-0.390948623418808,0.03662902116775513,0.2712409496307373,-0.05733966827392578,0.6717698574066162,-0.08461019396781921,2.306602954864502,-0.06250806152820587,-0.49608445167541504,0.561934769153595,0.8597263693809509,0.6851052641868591,0.34068673849105835,0.6438659429550171,-0.5465927720069885,0.8247095346450806,0.14522582292556763,-0.014122843742370605,-0.16095224022865295,0.5262733101844788,0.2611514925956726,-0.9609203934669495,0.0918257012963295,-0.6315417289733887,-0.09813976287841797,0.769105851650238,0.33114078640937805,0.016878876835107803,-0.03099999949336052,-0.9213337898254395,0.3887726962566376,-4.369209705146204e-07,-0.3887726962566376,-0.9213337898254395,2.1865366761630867e-06,0.38686317205429077,-0.13015073537826538,-0.030999701470136642,0.27541840076446533,0.1639084815979004,-0.031000297516584396
48,1.5524591207504272,-0.8091234564781189,0.7634758353233337,1.5892895460128784,-0.0523858480155468,0.5008992552757263,-0.19990310072898865,0.7309298515319824,0.3887644410133362,-0.552406907081604,0.5176834464073181,0.009813005104660988,-0.16204838454723358,0.059410110116004944,-0.27153027057647705,0.035344187170267105,-0.39300620555877686,0.23218441009521484,0.9298831820487976,0.590450644493103,1.0248501300811768,2.698018789291382,0.9458070993423462,0.732588529586792,-0.473517507314682,-0.08225175738334656,0.3069973587989807,-0.052182916551828384,0.8415431976318359,-0.16615267097949982,2.926870107650757,0.0640830472111702,-0.5171418190002441,0.5235470533370972,0.8540539741516113,0.6436413526535034,0.33214011788368225,0.6894989013671875,-0.5797967314720154,0.7996838092803955,0.1560177206993103,-0.01201695203781128,-0.163278266787529,0.5294244885444641,0.2567552924156189,-0.9627015590667725,0.08533773571252823,-0.6281713843345642,-0.09912538528442383,0.7717349529266357,0.33114078640937805,0.016878873109817505,-0.03099999949336052,-0.9213337898254395,0.38877272605895996,-4.4615180172513647e-07,-0.38877272605895996,-0.9213337898254395,2.1784892396681244e-06,0.38686317205429077,-0.13015075027942657,-0.030999701470136642,0.2754184305667877,0.16390849649906158,-0.031000297516584396
49,1.5730315446853638,-0.8391433358192444,0.7932641506195068,1.5870691537857056,-0.06414248794317245,0.5093472003936768,-0.2212390899658203,0.7309561967849731,0.3551963269710541,-0.542913019657135,0.5122470855712891,-0.003325158031657338,-0.1666194051504135,0.11336500197649002,-0.2986718714237213,8.635083213448524e-05,-0.42098507285118103,0.2249329388141632,0.9502831101417542,0.5894683599472046,1.029625654220581,2.708592176437378,0.9462634325027466,0.7324264049530029,-0.46893545985221863,-0.10992114245891571,0.3184342682361603,-0.038441307842731476,0.7749135494232178,-0.1176452487707138,2.7293357849121094,0.056897860020399094,-0.5354509353637695,0.48827677965164185,0.8448690176010132,0.6003889441490173,0.3172079026699066,0.7341063618659973,-0.6075658202171326,0.777821958065033,0.16080036759376526,-0.010472118854522705,-0.1653413623571396,0.5324124693870544,0.2502787113189697,-0.9650046825408936,0.07827204465866089,-0.6272321939468384,-0.10002744197845459,0.7723822593688965,0.33114078640937805,0.016878874972462654,-0.03099999949336052,-0.9213337898254395,0.3887726664543152,-4.39216449876767e-07,-0.3887726664543152,-0.9213337898254395,2.1658636342181126e-06,0.38686317205429077,-0.13015073537826538,-0.03099970519542694,0.27541840076446533,0.1639084815979004,-0.031000293791294098
50,1.591539978981018,-0.8690866827964783,0.8227443695068359,1.5842033624649048,-0.07417761534452438,0.5206497311592102,-0.2437872737646103,0.7309808135032654,0.3214198648929596,-0.539771556854248,0.5086355209350586,-0.015857908874750137,-0.14273963868618011,0.15383245050907135,-0.3156302869319916,0.0006600068882107735,-0.4492324888706207,0.21679775416851044,0.9713113307952881,0.5888016223907471,1.033493161201477,2.7197275161743164,0.942559540271759,0.7320507764816284,-0.4495254158973694,-0.12047960609197617,0.29914891719818115,-0.004649123642593622,0.5655252933502197,-0.05727553367614746,0.8651754260063171,0.037992216646671295,-0.5514408349990845,0.45506665110588074,0.8334031105041504,0.5564209818840027,0.29763680696487427,0.7757629156112671,-0.6314989328384399,0.7582590579986572,0.1620256006717682,-0.009238779544830322,-0.16758759319782257,0.5352964401245117,0.24200814962387085,-0.9678023457527161,0.06921417266130447,-0.6269822120666504,-0.10154414176940918,0.7723872661590576,0.33114075660705566,0.016878874972462654,-0.03099999949336052,-0.9213337898254395,0.38877272605895996,-4.468297447601799e-07,-0.38877272605895996,-0.9213337898254395,2.1973094135319116e-06,0.386863112449646,-0.13015075027942657,-0.030999701470136642,0.27541840076446533,0.16390849649906158,-0.031000297516584396
51,1.6108144521713257,-0.8984950184822083,0.8517188429832458,1.5791518688201904,-0.0792696475982666,0.5323284268379211,-0.2667066156864166,0.7309783697128296,0.33233508467674255,-0.5305401682853699,0.5012590885162354,-0.04809737578034401,-0.07292391359806061,0.15932773053646088,-0.32075828313827515,-0.014381809160113335,-0.48047152161598206,0.21123860776424408,0.9934640526771545,0.5867846608161926,1.04099702835083,2.731994390487671,0.9335410594940186,0.7313792705535889,-0.4158267676830292,-0.0736616924405098,0.20237943530082703,-0.009764885529875755,0.25440892577171326,0.08358640223741531,-2.220186233520508,0.07240953296422958,-0.5659984350204468,0.42299965023994446,0.8195317387580872,0.5120657086372375,0.27898654341697693,0.8123763799667358,-0.6550653576850891,0.7385973930358887,0.15925848484039307,-0.00662916898727417,-0.16986285150051117,0.5389794111251831,0.22595292329788208,-0.972670316696167,0.05345785617828369,-0.6229393482208252,-0.10208392143249512,0.7755807042121887,0.33114075660705566,0.016878878697752953,-0.03099999949336052,-0.9213337898254395,0.3887726962566376,-4.478231687699008e-07,-0.3887726962566376,-0.9213337898254395,2.187199015679653e-06,0.386863112449646,-0.13015073537826538,-0.030999701470136642,0.27541840076446533,0.1639084815979004,-0.031000297516584396
52,1.6299548149108887,-0.9280704855918884,0.8799553513526917,1.5715501308441162,-0.0821477621793747,0.545613706111908,-0.2903147041797638,0.7310013175010681,0.32187941670417786,-0.5270362496376038,0.4911794364452362,-0.09255512058734894,-0.042593277990818024,0.1838114857673645,-0.3304607570171356,-0.0017954204231500626,-0.513325572013855,0.2087080478668213,1.0148502588272095,0.5839861035346985,1.049694538116455,2.743312120437622,0.9211812615394592,0.7313265800476074,-0.4091494381427765,-0.030741186812520027,0.19146880507469177,-0.018623020499944687,0.24034489691257477,0.08344364911317825,-1.9191627502441406,0.06621403992176056,-0.5785984992980957,0.3930950164794922,0.8032848238945007,0.4669067859649658,0.258321613073349,0.8457351922988892,-0.6757975220680237,0.7210656404495239,0.15284644067287445,-0.0030315518379211426,-0.17210295796394348,0.5427250266075134,0.20368069410324097,-0.978436291217804,0.034301698207855225,-0.6169087290763855,-0.1010584831237793,0.7805196046829224,0.33114078640937805,0.016878873109817505,-0.03099999949336052,-0.9213337898254395,0.3887726962566376,-4.4831577383774857e-07,-0.3887726962566376,-0.9213337898254395,2.174133214793983e-06,0.38686317205429077,-0.13015073537826538,-0.03099970519542694,0.27541840076446533,0.1639084815979004,-0.031000293791294098
53,1.6482406854629517,-0.9576545357704163,0.9069868922233582,1.5622354745864868,-0.07978110760450363,0.5613133907318115,-0.3146213889122009,0.7310003638267517,0.3051517605781555,-0.5215689539909363,0.470072478055954,-0.11952432245016098,0.031033655628561974,0.21843180060386658,-0.3402223289012909,-0.0005668425001204014,-0.5454535484313965,0.20828060805797577,1.0363073348999023,0.5799850225448608,1.0596020221710205,2.752997875213623,0.9077134132385254,0.7311939001083374,-0.4123740792274475,-0.00160404818598181,0.2215513288974762,-0.04507454112172127,0.21341118216514587,0.09329748153686523,-1.1844029426574707,0.04778498783707619,-0.589250922203064,0.3658348619937897,0.7849260568618774,0.42194312810897827,0.23856160044670105,0.8746728301048279,-0.693760871887207,0.7060476541519165,0.14210091531276703,0.000675201416015625,-0.17414771020412445,0.5463563203811646,0.17942237854003906,-0.9836702942848206,0.014154106378555298,-0.609413206577301,-0.09983992576599121,0.7865414619445801,0.33114078640937805,0.016878874972462654,-0.03099999949336052,-0.9213337898254395,0.3887726962566376,-4.613831379174371e-07,-0.3887726962566376,-0.9213337898254395,2.1674204617738724e-06,0.38686317205429077,-0.13015073537826538,-0.030999701470136642,0.27541840076446533,0.1639084815979004,-0.031000297516584396
54,1.6647154092788696,-0.9873332381248474,0.9321667551994324,1.552502989768982,-0.073651984333992,0.5786125659942627,-0.3396174907684326,0.7309996485710144,0.27543655037879944,-0.5176505446434021,0.43837475776672363,-0.12585808336734772,0.08463584631681442,0.2412644475698471,-0.3500208258628845,-0.0262405164539814,-0.5761855244636536,0.20965106785297394,1.05780827999115,0.5751294493675232,1.0700080394744873,2.7612223625183105,0.8925575017929077,0.7310442924499512,-0.4211854338645935,0.024662097916007042,0.2594965398311615,-0.06385930627584457,0.1767817884683609,0.10595522075891495,-0.4805307686328888,0.05410729721188545,-0.5978033542633057,0.34131181240081787,0.7658022046089172,0.37815797328948975,0.21799467504024506,0.8997082710266113,-0.7083094120025635,0.6939067840576172,0.1295807659626007,0.004300534725189209,-0.17612707614898682,0.5498197674751282,0.15385538339614868,-0.9880684614181519,-0.007015734910964966,-0.6008673906326294,-0.09919488430023193,0.7931700348854065,0.33114078640937805,0.016878876835107803,-0.03099999949336052,-0.9213337898254395,0.38877272605895996,-4.477743686948088e-07,-0.38877272605895996,-0.9213337898254395,2.190499117205036e-06,0.38686317205429077,-0.13015075027942657,-0.030999701470136642,0.2754184305667877,0.16390849649906158,-0.031000297516584396
55,1.678895354270935,-1.0166889429092407,0.9543875455856323,1.5433909893035889,-0.06765732169151306,0.5949115753173828,-0.3652077615261078,0.7309890389442444,0.2393617331981659,-0.5030941963195801,0.3841966390609741,-0.11485350877046585,0.0839809998869896,0.22690114378929138,-0.358675479888916,-0.004626779817044735,-0.6056193709373474,0.21390971541404724,1.0800864696502686,0.5675910711288452,1.0833417177200317,2.7692904472351074,0.8759704232215881,0.731005072593689,-0.42595943808555603,0.07047995924949646,0.3069259226322174,-0.11225554347038269,0.18626706302165985,0.11553584039211273,-0.23226919770240784,-0.004372119437903166,-0.6040968894958496,0.31949999928474426,0.7480385899543762,0.3370577096939087,0.192999005317688,0.9214897751808167,-0.7191641926765442,0.6844522953033447,0.11969880759716034,0.008448421955108643,-0.17829228937625885,0.5537424087524414,0.12642192840576172,-0.9914944767951965,-0.03092092275619507,-0.587986409664154,-0.10000407695770264,0.8026649951934814,0.33114078640937805,0.016878873109817505,-0.03099999949336052,-0.9213337898254395,0.3887726962566376,-3.4068065701831074e-07,-0.3887726962566376,-0.9213337898254395,2.5347626433358528e-06,0.38686317205429077,-0.13015073537826538,-0.030999675393104553,0.27541840076446533,0.1639084815979004,-0.031000323593616486
56,1.6905076503753662,-1.0457358360290527,0.9724377393722534,1.5344264507293701,-0.06313459575176239,0.610276997089386,-0.3914310038089752,0.7310194373130798,0.19378875195980072,-0.4848785400390625,0.31369444727897644,-0.1174861490726471,0.06388257443904877,0.21520785987377167,-0.3676302134990692,-0.01729634776711464,-0.6342897415161133,0.22127491235733032,1.1023911237716675,0.5595635175704956,1.1003563404083252,2.776157855987549,0.8576974868774414,0.7310042977333069,-0.42470139265060425,0.11745750159025192,0.30378180742263794,-0.11449342966079712,0.23921599984169006,0.0986621081829071,-0.2558564841747284,-0.0037637967616319656,-0.60792076587677,0.30137062072753906,0.732384204864502,0.29954373836517334,0.16299302875995636,0.9400568604469299,-0.7253910303115845,0.6789275407791138,0.11342497169971466,0.013359785079956055,-0.18031306564807892,0.5579521656036377,0.09383982419967651,-0.9939091205596924,-0.05778124928474426,-0.5727427005767822,-0.10136520862579346,0.8134437799453735,0.33114078640937805,0.016878873109817505,-0.03099999949336052,-0.9213337898254395,0.3887726962566376,-4.434206459791312e-07,-0.3887726962566376,-0.9213337898254395,2.189108045058674e-06,0.38686317205429077,-0.13015073537826538,-0.030999701470136642,0.27541840076446533,0.1639084815979004,-0.031000297516584396
57,1.6984878778457642,-1.074346661567688,0.9854990839958191,1.5252621173858643,-0.06115250289440155,0.6252734661102295,-0.41813552379608154,0.7310447692871094,0.1285487562417984,-0.46145737171173096,0.23014667630195618,-0.12794579565525055,0.027308037504553795,0.2115269899368286,-0.37422245740890503,-0.025018662214279175,-0.6624459624290466,0.23157785832881927,1.1244888305664062,0.5521677136421204,1.1204581260681152,2.7817928791046143,0.8377478122711182,0.7310052514076233,-0.41806793212890625,0.16007106006145477,0.3005319833755493,-0.10387592762708664,0.28286921977996826,0.08162759244441986,-0.2792889475822449,-0.005077920854091644,-0.609234094619751,0.2882663607597351,0.7193652987480164,0.2661628723144531,0.12798312306404114,0.9553939700126648,-0.7256032228469849,0.6790724396705627,0.11117801070213318,0.01904296875,-0.18231597542762756,0.5623571276664734,0.055761098861694336,-0.9946240782737732,-0.08725643157958984,-0.5562443137168884,-0.10352027416229248,0.8245458602905273,0.33114078640937805,0.016878876835107803,-0.03099999949336052,-0.9213337898254395,0.3887726962566376,-5.674499448105053e-07,-0.3887726962566376,-0.9213337898254395,1.8292824961463339e-06,0.38686317205429077,-0.13015073537826538,-0.03099973127245903,0.27541840076446533,0.1639084815979004,-0.03100026771426201
58,1.701314091682434,-1.102460503578186,0.9929488897323608,1.5160880088806152,-0.06331413239240646,0.6407908797264099,-0.44521376490592957,0.731090784072876,0.03882869705557823,-0.4359869658946991,0.13719581067562103,-0.13706086575984955,-0.03124377690255642,0.2208191603422165,-0.3795018494129181,-0.026061858981847763,-0.689823567867279,0.24486330151557922,1.146173119544983,0.5460039973258972,1.1428533792495728,2.7865943908691406,0.8161574602127075,0.7310095429420471,-0.40945884585380554,0.20427507162094116,0.2937135398387909,-0.08472868800163269,0.3153873085975647,0.07044459134340286,-0.30221080780029297,-0.010512137785553932,-0.6079647541046143,0.28141719102859497,0.7096447348594666,0.23696136474609375,0.08741112798452377,0.9675787687301636,-0.7179647088050842,0.686715304851532,0.11379268765449524,0.0255051851272583,-0.18461023271083832,0.5669509768486023,0.012947320938110352,-0.9927884936332703,-0.11917872726917267,-0.5388453006744385,-0.10732924938201904,0.8355395793914795,0.33114078640937805,0.016878874972462654,-0.03099999949336052,-0.9213337898254395,0.3887726962566376,-4.5205217702459777e-07,-0.3887726962566376,-0.9213337898254395,2.172248514398234e-06,0.38686317205429077,-0.13015073537826538,-0.030999701470136642,0.27541840076446533,0.1639084815979004,-0.031000297516584396
59,1.6962499618530273,-1.1301076412200928,0.993599534034729,1.5106077194213867,-0.0697784423828125,0.6558645367622375,-0.47201982140541077,0.7311582565307617,-0.08078373223543167,-0.41369128227233887,0.020906563848257065,-0.08085634559392929,-0.09082360565662384,0.21354356408119202,-0.37567001581192017,-0.028795570135116577,-0.716198205947876,0.2570689916610718,1.1659464836120605,0.5415015816688538,1.1630839109420776,2.792572021484375,0.7963153719902039,0.7310115098953247,-0.3955017626285553,0.1837344616651535,0.2673839330673218,-0.059584032744169235,0.28458675742149353,0.08714329451322556,-0.27775251865386963,-0.012551514431834221,-0.604214072227478,0.2800751328468323,0.705660343170166,0.2145213484764099,0.04059222340583801,0.9758753776550293,-0.7022719383239746,0.7008085250854492,0.12522590160369873,0.03186225891113281,-0.18757936358451843,0.571304202079773,-0.027718305587768555,-0.9884865283966064,-0.14874863624572754,-0.52326500415802,-0.1124415397644043,0.8447192907333374,0.33114078640937805,0.016878876835107803,-0.03099999949336052,-0.9213337898254395,0.3887726366519928,-5.728222731704591e-07,-0.3887726366519928,-0.9213337898254395,1.810923663470021e-06,0.38686317205429077,-0.13015073537826538,-0.03099973127245903,0.27541840076446533,0.1639084815979004,-0.03100026771426201
60,1.6856789588928223,-1.157410740852356,0.9860408902168274,1.5072352886199951,-0.07578671723604202,0.6732611656188965,-0.49829256534576416,0.7311832904815674,-0.16423138976097107,-0.3906199634075165,-0.11498834192752838,-0.05627663806080818,-0.08544550091028214,0.24760699272155762,-0.3679884672164917,-0.028607496991753578,-0.7414449453353882,0.26545754075050354,1.1802939176559448,0.5375919938087463,1.1790226697921753,2.7997801303863525,0.7821412682533264,0.730989396572113,-0.39148205518722534,0.12918950617313385,0.18595747649669647,-0.051537442952394485,0.22363753616809845,0.10453237593173981,-0.19866085052490234,0.015068938955664635,-0.5973272323608398,0.2840430736541748,0.706436276435852,0.19851577281951904,-0.005172491539269686,0.9800840616226196,-0.6786832809448242,0.7207159996032715,0.14127077162265778,0.0378187894821167,-0.19080640375614166,0.5749102234840393,-0.06343710422515869,-0.9832404255867004,-0.1709212213754654,-0.5107600092887878,-0.1151496171951294,0.8519769310951233,0.33114078640937805,0.016878871247172356,-0.03099999949336052,-0.9213337898254395,0.38877272605895996,-4.3727115439651243e-07,-0.38877272605895996,-0.9213337898254395,2.179692046411219e-06,0.38686317205429077,-0.13015075027942657,-0.03099970519542694,0.2754184305667877,0.16390849649906158,-0.031000293791294098
61,1.6721779108047485,-1.1839632987976074,0.9716746807098389,1.5056806802749634,-0.07783004641532898,0.6915608644485474,-0.5235380530357361,0.7311869859695435,-0.19500546157360077,-0.37966617941856384,-0.21879185736179352,-0.022275060415267944,-0.029103737324476242,0.2587062120437622,-0.3536694645881653,-0.020865634083747864,-0.7646650671958923,0.27106061577796936,1.1888537406921387,0.5327927470207214,1.1899470090866089,2.807662010192871,0.7761237025260925,0.7309669852256775,-0.3614198565483093,0.09030784666538239,0.10445895791053772,-0.06784389168024063,0.15235167741775513,0.11369269341230392,-0.08472742885351181,0.04370762035250664,-0.5880575180053711,0.29053255915641785,0.7108482718467712,0.18857735395431519,-0.04534892365336418,0.9810107946395874,-0.6510744690895081,0.7420749068260193,0.15945826470851898,0.0433274507522583,-0.194289430975914,0.5776720643043518,-0.09070336818695068,-0.9786560535430908,-0.1844051033258438,-0.49976593255996704,-0.1154329776763916,0.8584342002868652,0.33114078640937805,0.016878874972462654,-0.03099999949336052,-0.9213337898254395,0.3887726962566376,-4.504730668486445e-07,-0.3887726962566376,-0.9213337898254395,2.1730222670157673e-06,0.38686317205429077,-0.13015073537826538,-0.030999701470136642,0.27541840076446533,0.1639084815979004,-0.031000297516584396
62,1.6567091941833496,-1.210195541381836,0.9531770348548889,1.507846713066101,-0.07481911033391953,0.7087122797966003,-0.5464712977409363,0.7311984300613403,-0.21156464517116547,-0.3839367926120758,-0.2749767005443573,0.04198538511991501,0.04201056808233261,0.23956263065338135,-0.3210642635822296,-0.019329246133565903,-0.784285306930542,0.2752639353275299,1.194376826286316,0.5274110436439514,1.1985024213790894,2.816641330718994,0.7783215045928955,0.7309752106666565,-0.29702597856521606,0.06764683872461319,0.06781575083732605,-0.07707918435335159,0.11918746680021286,0.12863756716251373,0.030267393216490746,0.03396229445934296,-0.5778509378433228,0.2958638072013855,0.7181307673454285,0.1851896047592163,-0.08009076863527298,0.9794335961341858,-0.6238237619400024,0.7605215311050415,0.18014129996299744,0.0483894944190979,-0.19805927574634552,0.5800887942314148,-0.10758793354034424,-0.9754496216773987,-0.19215339422225952,-0.4886730909347534,-0.11643111705780029,0.8646632432937622,0.33114078640937805,0.016878876835107803,-0.03099999949336052,-0.9213337898254395,0.3887726366519928,-5.712161055271281e-07,-0.3887726366519928,-0.9213337898254395,1.8117283389074146e-06,0.38686317205429077,-0.13015073537826538,-0.03099973127245903,0.27541840076446533,0.1639084815979004,-0.03100026771426201
63,1.6401160955429077,-1.2368634939193726,0.932679295539856,1.5115431547164917,-0.06684103608131409,0.7247405052185059,-0.5674390196800232,0.7311919331550598,-0.23269493877887726,-0.3914654850959778,-0.2965622544288635,0.05811859294772148,0.11152786761522293,0.2249782383441925,-0.29360708594322205,-0.016986072063446045,-0.7997357249259949,0.2776135802268982,1.1989120244979858,0.5232293605804443,1.206954002380371,2.8250319957733154,0.7849501967430115,0.7309865951538086,-0.2268078774213791,0.03578084334731102,0.05949019640684128,-0.05746573209762573,0.1184147298336029,0.11920588463544846,0.09236443787813187,0.021788548678159714,-0.5674474239349365,0.29977476596832275,0.7262186408042908,0.18578851222991943,-0.11005432903766632,0.9764070510864258,-0.5976505279541016,0.7761015892028809,0.20119686424732208,0.05250966548919678,-0.20117200911045074,0.5822060704231262,-0.11749470233917236,-0.9733893871307373,-0.19674357771873474,-0.479594349861145,-0.11786270141601562,0.8695387244224548,0.33114078640937805,0.016878878697752953,-0.03099999949336052,-0.9213337898254395,0.3887726962566376,-4.4298298007561243e-07,-0.3887726962566376,-0.9213337898254395,2.1838507109350758e-06,0.38686317205429077,-0.13015073537826538,-0.030999701470136642,0.27541840076446533,0.1639084815979004,-0.031000297516584396
64,1.6223088502883911,-1.2635902166366577,0.9110873937606812,1.515657901763916,-0.05766041949391365,0.7400544881820679,-0.5871768593788147,0.7311923503875732,-0.2524067759513855,-0.3904206454753876,-0.31225085258483887,0.061808641999959946,0.1274595856666565,0.21513432264328003,-0.27635321021080017,-0.000142199220135808,-0.8111036419868469,0.27923187613487244,1.203473448753357,0.5201291441917419,1.2163883447647095,2.832843065261841,0.7938833236694336,0.7310028672218323,-0.16270269453525543,0.024489006027579308,0.06287717074155807,-0.042383745312690735,0.13257460296154022,0.11063467711210251,0.12499582767486572,0.0029369185212999582,-0.5567749738693237,0.30313369631767273,0.7346255779266357,0.18768805265426636,-0.13850592076778412,0.9724141955375671,-0.5709185004234314,0.7902121543884277,0.22274835407733917,0.05594068765640259,-0.20372027158737183,0.5842410326004028,-0.12248146533966064,-0.9720385670661926,-0.2003476619720459,-0.47155100107192993,-0.12063026428222656,0.8735489845275879,0.33114075660705566,0.016878878697752953,-0.03099999949336052,-0.9213337898254395,0.3887726962566376,-4.4139375177110196e-07,-0.3887726962566376,-0.9213337898254395,2.2147833078633994e-06,0.386863112449646,-0.13015073537826538,-0.030999697744846344,0.27541840076446533,0.1639084815979004,-0.031000301241874695
65,1.6036845445632935,-1.2901896238327026,0.8888011574745178,1.5193403959274292,-0.04907606169581413,0.7550778985023499,-0.6062120795249939,0.7311928868293762,-0.26567569375038147,-0.38844534754753113,-0.3209403157234192,0.05378887802362442,0.11954878270626068,0.21189232170581818,-0.2665553390979767,-0.015996593981981277,-0.8188139796257019,0.28098824620246887,1.2084966897964478,0.5170735120773315,1.2263951301574707,2.8402395248413086,0.8043658137321472,0.7310202121734619,-0.10478945821523666,0.0257747583091259,0.07191973924636841,-0.04393898695707321,0.14037209749221802,0.10436809808015823,0.14678460359573364,-0.0007369628874585032,-0.545670747756958,0.30635780096054077,0.7430234551429749,0.1892545223236084,-0.16667501628398895,0.9676787257194519,-0.5427754521369934,0.8034868240356445,0.2445479929447174,0.05884212255477905,-0.20598037540912628,0.5862351059913635,-0.12279069423675537,-0.9713462591171265,-0.2034919410943985,-0.4632278382778168,-0.12524127960205078,0.8773453235626221,0.33114078640937805,0.016878874972462654,-0.03099999949336052,-0.9213337898254395,0.3887726962566376,-4.440873340172402e-07,-0.3887726962566376,-0.9213337898254395,2.1848914002475794e-06,0.38686317205429077,-0.13015073537826538,-0.030999701470136642,0.27541840076446533,0.1639084815979004,-0.031000297516584396
66,1.584219217300415,-1.316637396812439,0.8658705353736877,1.522925853729248,-0.04153412953019142,0.7702345252037048,-0.6247181296348572,0.7311967611312866,-0.27701321244239807,-0.38707849383354187,-0.33016470074653625,0.05316279083490372,0.10451249033212662,0.21353201568126678,-0.2590602934360504,-0.017362356185913086,-0.8230564594268799,0.2824345529079437,1.2133783102035522,0.5134759545326233,1.2357561588287354,2.8475406169891357,0.817086935043335,0.7310320734977722,-0.05141492933034897,0.019610809162259102,0.0718403309583664,-0.053421422839164734,0.13095922768115997,0.10258013010025024,0.17824925482273102,-0.0029432354494929314,-0.5340584516525269,0.30932867527008057,0.7514373064041138,0.19013136625289917,-0.19497935473918915,0.9622021913528442,-0.5129667520523071,0.8159264326095581,0.26670053601264954,0.061164021492004395,-0.2080407738685608,0.5880759358406067,-0.11722517013549805,-0.9716835021972656,-0.20515704154968262,-0.45444440841674805,-0.13119852542877197,0.8810603022575378,0.33114075660705566,0.016878871247172356,-0.03099999949336052,-0.9213337898254395,0.38877275586128235,-4.409792211390595e-07,-0.38877275586128235,-0.9213337898254395,2.2141991848911857e-06,0.386863112449646,-0.13015075027942657,-0.030999701470136642,0.27541840076446533,0.16390849649906158,-0.031000297516584396
67,1.5641684532165527,-1.3428014516830444,0.8424034714698792,1.5267568826675415,-0.03537305071949959,0.7855327129364014,-0.6427990794181824,0.7312025427818298,-0.28371313214302063,-0.3843607008457184,-0.3378792107105255,0.05822446197271347,0.08553311228752136,0.21539922058582306,-0.25312724709510803,-0.017406178638339043,-0.824155867099762,0.28403785824775696,1.2183181047439575,0.509188175201416,1.2445677518844604,2.854698419570923,0.8317317366600037,0.7310448288917542,-0.002540707355365157,0.021150944754481316,0.07460702955722809,-0.06451977789402008,0.12311094254255295,0.10022203624248505,0.2053181231021881,-0.0044861952774226665,-0.5219758749008179,0.31169745326042175,0.7599189281463623,0.1901322603225708,-0.2237064391374588,0.955931544303894,-0.48175913095474243,0.8271414041519165,0.28938770294189453,0.06303983926773071,-0.2099740207195282,0.5897945761680603,-0.10630691051483154,-0.9728035926818848,-0.20579567551612854,-0.4447857439517975,-0.13858354091644287,0.8848503828048706,0.33114078640937805,0.016878878697752953,-0.03099999949336052,-0.9213337898254395,0.3887726664543152,-4.779964228873723e-07,-0.3887726664543152,-0.9213337898254395,2.173810116801178e-06,0.38686317205429077,-0.13015073537826538,-0.030999701470136642,0.27541840076446533,0.1639084815979004,-0.031000297516584396
68,1.5437936782836914,-1.368389368057251,0.818702220916748,1.5308079719543457,-0.032601676881313324,0.8015970587730408,-0.6613073945045471,0.7312086224555969,-0.28932681679725647,-0.37536463141441345,-0.34135547280311584,0.060185596346855164,0.03788726404309273,0.22660282254219055,-0.2590954899787903,-0.016477208584547043,-0.824387788772583,0.285589337348938,1.2233420610427856,0.5044255256652832,1.2528789043426514,2.861828088760376,0.8476616740226746,0.7310466766357422,0.00395922502502799,0.02174048125743866,0.0735137015581131,-0.07056670635938644,0.11619459837675095,0.10016676783561707,0.22354568541049957,-0.0018665252719074488,-0.5091559886932373,0.3136186897754669,0.7684626579284668,0.18736952543258667,-0.25416314601898193,0.9488382339477539,-0.44812989234924316,0.8374506831169128,0.3128194510936737,0.06473267078399658,-0.21188807487487793,0.591404914855957,-0.09274756908416748,-0.9741933345794678,-0.20577996969223022,-0.43474051356315613,-0.1463090181350708,0.8885912895202637,0.33114075660705566,0.016878876835107803,-0.03099999949336052,-0.9213337898254395,0.3887726962566376,-4.5425642269947275e-07,-0.3887726962566376,-0.9213337898254395,2.1928740352450404e-06,0.386863112449646,-0.13015073537826538,-0.030999701470136642,0.27541840076446533,0.1639084815979004,-0.031000297516584396
69,1.5230379104614258,-1.3931156396865845,0.7946792244911194,1.5352144241333008,-0.03318661078810692,0.8183903694152832,-0.6800900101661682,0.7312138676643372,-0.29439449310302734,-0.3619888424873352,-0.34751054644584656,0.06526585668325424,-0.009334517642855644,0.23685818910598755,-0.2628732919692993,-0.017881177365779877,-0.8236041069030762,0.287866473197937,1.2283295392990112,0.4990215003490448,1.2610853910446167,2.8689277172088623,0.8647923469543457,0.7310534119606018,0.020869124680757523,0.03249667212367058,0.073847696185112,-0.08080755919218063,0.11454837024211884,0.09963911026716232,0.24010737240314484,-0.00497775711119175,-0.4955402612686157,0.31511324644088745,0.7771337032318115,0.1819472312927246,-0.28577691316604614,0.9408649206161499,-0.41195452213287354,0.8466637134552002,0.33682939410209656,0.06647777557373047,-0.21391239762306213,0.5929606556892395,-0.07703828811645508,-0.9755799770355225,-0.2056914120912552,-0.42356377840042114,-0.15473854541778564,0.8925524950027466,0.33114078640937805,0.016878873109817505,-0.03099999949336052,-0.9213337898254395,0.3887726962566376,-4.600135241616954e-07,-0.3887726962566376,-0.9213337898254395,2.1829168872500304e-06,0.38686317205429077,-0.13015073537826538,-0.030999701470136642,0.27541840076446533,0.1639084815979004,-0.031000297516584396
70,1.5020396709442139,-1.4167929887771606,0.7703613042831421,1.5399585962295532,-0.0365266278386116,0.8360387682914734,-0.6989654302597046,0.7312131524085999,-0.29777148365974426,-0.34605643153190613,-0.3524323105812073,0.06956498324871063,-0.04700837284326553,0.2497968077659607,-0.2638929486274719,-0.24311324954032898,-0.8217742443084717,0.2905769646167755,1.2328777313232422,0.49301737546920776,1.2689197063446045,2.8760359287261963,0.8833758234977722,0.7310566306114197,0.035165414214134216,0.038683317601680756,0.06761875003576279,-0.08977468311786652,0.10946059972047806,0.09964453428983688,0.2610825002193451,-0.006771140266209841,-0.48115503787994385,0.3161764144897461,0.7857794165611267,0.17413181066513062,-0.31741443276405334,0.9321621060371399,-0.3734535276889801,0.8546199798583984,0.3607729375362396,0.06826072931289673,-0.21600541472434998,0.5944139361381531,-0.05898642539978027,-0.9769403338432312,-0.2052031308412552,-0.41144636273384094,-0.16349589824676514,0.896649956703186,0.33114078640937805,0.016878871247172356,-0.03099999949336052,-0.9213337898254395,0.38877272605895996,-4.338639598699956e-07,-0.38877272605895996,-0.9213337898254395,2.2029819319868693e-06,0.38686317205429077,-0.13015075027942657,-0.030999701470136642,0.2754184305667877,0.16390849649906158,-0.031000297516584396
71,1.4808776378631592,-1.4391058683395386,0.7459350228309631,1.5452693700790405,-0.04210453853011131,0.8543022871017456,-0.717747688293457,0.7312094569206238,-0.2997017800807953,-0.3257465362548828,-0.3546891212463379,0.07780902832746506,-0.07820961624383926,0.2585609257221222,-0.2624707520008087,-0.25406795740127563,-0.8185817003250122,0.2929726541042328,1.2369991540908813,0.4874436557292938,1.2766542434692383,2.882894515991211,0.9034905433654785,0.731059730052948,0.0576157383620739,0.03186161816120148,0.06319988518953323,-0.08232086151838303,0.10801653563976288,0.09573089331388474,0.2818591892719269,-0.005432409234344959,-0.4662151336669922,0.3166758716106415,0.7943238615989685,0.16428285837173462,-0.34829914569854736,0.9228752851486206,-0.3332354426383972,0.8609861135482788,0.3842616081237793,0.06987035274505615,-0.21785996854305267,0.5957569479942322,-0.038495540618896484,-0.9781838655471802,-0.2041431963443756,-0.3997175991535187,-0.1721639633178711,0.9003251791000366,0.33114078640937805,0.016878871247172356,-0.03099999949336052,-0.9213337898254395,0.3887726962566376,-4.4907284291184624e-07,-0.3887726962566376,-0.9213337898254395,2.195198703702772e-06,0.38686317205429077,-0.13015073537826538,-0.030999701470136642,0.27541840076446533,0.1639084815979004,-0.031000297516584396
72,1.4595345258712769,-1.4599987268447876,0.721275806427002,1.5509908199310303,-0.04993889108300209,0.8735586404800415,-0.736606240272522,0.7312008142471313,-0.30302709341049194,-0.30269697308540344,-0.35983985662460327,0.0817367359995842,-0.11035820096731186,0.27290868759155273,-0.26346808671951294,-0.24309538304805756,-0.8145326375961304,0.2955532968044281,1.2403217554092407,0.4814435839653015,1.2840346097946167,2.889774799346924,0.9248765110969543,0.7310602068901062,0.06618278473615646,0.03668155148625374,0.05028020963072777,-0.08974961936473846,0.10286479443311691,0.09638423472642899,0.29976728558540344,-0.008044556714594364,-0.4505188465118408,0.3168134093284607,0.8027047514915466,0.15225940942764282,-0.377964049577713,0.9132143259048462,-0.2908317446708679,0.8659433126449585,0.40688952803611755,0.07156151533126831,-0.21972796320915222,0.596983015537262,-0.016319990158081055,-0.9791077971458435,-0.2026861608028412,-0.38731586933135986,-0.1806957721710205,0.9040660858154297,0.33114078640937805,0.016878873109817505,-0.03099999949336052,-0.9213337898254395,0.3887726664543152,-5.535138711820764e-07,-0.3887726664543152,-0.9213337898254395,1.8282466953678522e-06,0.38686317205429077,-0.13015073537826538,-0.03099973127245903,0.27541840076446533,0.1639084815979004,-0.03100026771426201
73,1.438061237335205,-1.479550838470459,0.6964985728263855,1.5562885999679565,-0.0588848702609539,0.8935493230819702,-0.7555467486381531,0.7311825156211853,-0.30757564306259155,-0.2809923589229584,-0.36101144552230835,0.07243095338344574,-0.12644560635089874,0.2838222086429596,-0.2645702064037323,-0.22053062915802002,-0.8095479011535645,0.29824134707450867,1.2433854341506958,0.4755375385284424,1.2916938066482544,2.8960814476013184,0.9470437169075012,0.7310613393783569,0.08311426639556885,0.03649524971842766,0.048367541283369064,-0.087886281311512,0.10683298856019974,0.08784718066453934,0.3105827867984772,-0.006032305769622326,-0.43419623374938965,0.31694281101226807,0.8105599284172058,0.13843309879302979,-0.40510720014572144,0.9037280678749084,-0.24663570523262024,0.8696634769439697,0.4276169538497925,0.07318770885467529,-0.22133561968803406,0.5981134176254272,0.006883382797241211,-0.9795627593994141,-0.20102140307426453,-0.3749200701713562,-0.18889009952545166,0.9076098203659058,0.33114075660705566,0.016878878697752953,-0.03099999949336052,-0.9213337898254395,0.3887726962566376,-4.409000382565864e-07,-0.3887726962566376,-0.9213337898254395,2.214942242062534e-06,0.386863112449646,-0.13015073537826538,-0.030999697744846344,0.27541840076446533,0.1639084815979004,-0.031000301241874695
74,1.4164621829986572,-1.4975661039352417,0.6719578504562378,1.560731291770935,-0.06870031356811523,0.914431631565094,-0.7749429941177368,0.731155276298523,-0.31293031573295593,-0.25479239225387573,-0.35732218623161316,0.056151311844587326,-0.13926997780799866,0.29702842235565186,-0.2709527909755707,-0.18803323805332184,-0.8052903413772583,0.29924511909484863,1.2461637258529663,0.47065573930740356,1.2989825010299683,2.9015121459960938,0.9699601531028748,0.7310470342636108,0.0680764839053154,0.010970463044941425,0.04266136512160301,-0.0707305297255516,0.1015395075082779,0.07586394995450974,0.3204440772533417,0.01183889526873827,-0.41731393337249756,0.31747227907180786,0.8176097273826599,0.12238091230392456,-0.42891615629196167,0.8950161933898926,-0.20062725245952606,0.8724861145019531,0.44555211067199707,0.07437402009963989,-0.2223433405160904,0.5990661978721619,0.030101656913757324,-0.979779064655304,-0.19780504703521729,-0.3650582730770111,-0.1950005292892456,0.9103336334228516,0.33114078640937805,0.016878874972462654,-0.03099999949336052,-0.9213337898254395,0.3887726962566376,-4.436559208897961e-07,-0.3887726962566376,-0.9213337898254395,2.185055336667574e-06,0.38686317205429077,-0.13015073537826538,-0.030999701470136642,0.27541840076446533,0.1639084815979004,-0.031000297516584396
75,1.3947441577911377,-1.5139588117599487,0.6477153301239014,1.564518928527832,-0.07937140762805939,0.9357867240905762,-0.7947197556495667,0.731132984161377,-0.31467029452323914,-0.2301287204027176,-0.353737473487854,0.04622126370668411,-0.15173538029193878,0.30357626080513,-0.2762819826602936,-0.16152802109718323,-0.8014834523200989,0.29894667863845825,1.2490153312683105,0.4664614796638489,1.30550217628479,2.906132459640503,0.9934865832328796,0.731037974357605,0.06449207663536072,-0.008606050163507462,0.04502822086215019,-0.06167229637503624,0.09110572189092636,0.06371638923883438,0.32980337738990784,-0.0031579681672155857,-0.39998936653137207,0.3182314336299896,0.823978841304779,0.1045081615447998,-0.449466347694397,0.887162983417511,-0.15323753654956818,0.8741176128387451,0.46090859174728394,0.07506483793258667,-0.2228771299123764,0.5998578667640686,0.05418550968170166,-0.9796742796897888,-0.19313785433769226,-0.357235848903656,-0.1996394395828247,0.9124289751052856,0.33114078640937805,0.016878876835107803,-0.03099999949336052,-0.9213337898254395,0.3887726962566376,-4.515786145020684e-07,-0.3887726962566376,-0.9213337898254395,2.1752682641817955e-06,0.38686317205429077,-0.13015073537826538,-0.030999701470136642,0.27541840076446533,0.1639084815979004,-0.031000297516584396
76,1.3729890584945679,-1.5287208557128906,0.6238324046134949,1.567604422569275,-0.09088156372308731,0.9575621485710144,-0.8150160312652588,0.7311071157455444,-0.31748080253601074,-0.202938973903656,-0.3489512503147125,0.033168237656354904,-0.1640646755695343,0.3098770081996918,-0.28358206152915955,-0.13275495171546936,-0.7985441088676453,0.2967831492424011,1.2519811391830444,0.463148295879364,1.3109604120254517,2.9098637104034424,1.0175392627716064,0.7310242056846619,0.05098859965801239,-0.036395229399204254,0.04643550515174866,-0.04811115935444832,0.07620535045862198,0.051320239901542664,0.33722740411758423,-0.0031822652090340853,-0.38222259283065796,0.3192176818847656,0.8296629190444946,0.08494043350219727,-0.46658656001091003,0.880387544631958,-0.10461388528347015,0.8745208978652954,0.47357064485549927,0.07510530948638916,-0.22283825278282166,0.6004742383956909,0.07895916700363159,-0.9792885184288025,-0.18643876910209656,-0.35217946767807007,-0.20236563682556152,0.9137930870056152,0.33114078640937805,0.016878878697752953,-0.03099999949336052,-0.9213337898254395,0.3887726962566376,-4.765619507907104e-07,-0.3887726962566376,-0.9213337898254395,2.1735297650593566e-06,0.38686317205429077,-0.13015073537826538,-0.030999701470136642,0.27541840076446533,0.1639084815979004,-0.031000297516584396
77,1.3510897159576416,-1.5416756868362427,0.6003122925758362,1.5698070526123047,-0.10337306559085846,0.9796425104141235,-0.8359190821647644,0.7310776114463806,-0.3223518133163452,-0.1716739386320114,-0.3445965349674225,0.0167424064129591,-0.17840449512004852,0.31467968225479126,-0.29212185740470886,-0.09775403887033463,-0.7966279983520508,0.2925581932067871,1.255197286605835,0.46071329712867737,1.3150956630706787,2.912637710571289,1.042036771774292,0.7310085296630859,0.037472326308488846,-0.06722987443208694,0.050256967544555664,-0.035223547369241714,0.05746776983141899,0.037641797214746475,0.3429683446884155,-0.0013982972595840693,-0.36391502618789673,0.3206345736980438,0.8347043395042419,0.06376636028289795,-0.48000580072402954,0.8749447464942932,-0.05456408113241196,0.8737406730651855,0.483321875333786,0.07438963651657104,-0.22219376266002655,0.6009045243263245,0.1045190691947937,-0.9785895347595215,-0.17730823159217834,-0.3501472473144531,-0.2030785083770752,0.9144155979156494,0.33114078640937805,0.016878873109817505,-0.03099999949336052,-0.9213337898254395,0.38877272605895996,-4.3925919612775033e-07,-0.38877272605895996,-0.9213337898254395,2.18774653149012e-06,0.38686317205429077,-0.13015075027942657,-0.030999701470136642,0.2754184305667877,0.16390849649906158,-0.031000297516584396
78,1.3289378881454468,-1.5525338649749756,0.5771190524101257,1.5711636543273926,-0.11733993142843246,1.0019992589950562,-0.8576093316078186,0.7310300469398499,-0.3282652497291565,-0.13537603616714478,-0.3414519727230072,0.0007602309342473745,-0.19973433017730713,0.31902453303337097,-0.3032713830471039,-0.03480175882577896,-0.7961940765380859,0.2869395613670349,1.2591263055801392,0.4590245187282562,1.3185434341430664,2.9144608974456787,1.0666331052780151,0.7310011982917786,0.01533549278974533,-0.08663848042488098,0.059621378779411316,-0.02402622438967228,0.047971583902835846,0.02433517947793007,0.3443523049354553,0.00026743742637336254,-0.34487098455429077,0.32258522510528564,0.8392343521118164,0.04090428352355957,-0.4895898103713989,0.8709929585456848,-0.0026983327697962523,0.8716651797294617,0.4900944232940674,0.07311892509460449,-0.2210826575756073,0.6012194752693176,0.12979108095169067,-0.9774805307388306,-0.16639168560504913,-0.3505837917327881,-0.20221173763275146,0.9144405722618103,0.33114078640937805,0.016878876835107803,-0.03099999949336052,-0.9213337898254395,0.3887726962566376,-4.5240065560392395e-07,-0.3887726962566376,-0.9213337898254395,2.1810481030115625e-06,0.38686317205429077,-0.13015073537826538,-0.030999701470136642,0.27541840076446533,0.1639084815979004,-0.031000297516584396
79,1.3065000772476196,-1.5611249208450317,0.5541619062423706,1.5716763734817505,-0.132084921002388,1.0246098041534424,-0.8798757195472717,0.7310062050819397,-0.3344061076641083,-0.0966017097234726,-0.33929184079170227,-0.015221178531646729,-0.21125468611717224,0.32290706038475037,-0.3114808201789856,-0.0067795864306390285,-0.7974739074707031,0.27997857332229614,1.2636407613754272,0.45817282795906067,1.3214375972747803,2.915250778198242,1.0913468599319458,0.7310002446174622,-0.010262670926749706,-0.10599250346422195,0.06729315966367722,-0.011275622062385082,0.04041090980172157,0.009763338603079319,0.3462086617946625,-0.00037680170498788357,-0.32511335611343384,0.32516178488731384,0.8431915044784546,0.017384350299835205,-0.49465882778167725,0.8689133524894714,0.050555288791656494,0.8683679103851318,0.49333688616752625,0.07135438919067383,-0.21949435770511627,0.6014120578765869,0.15419280529022217,-0.9760400056838989,-0.1535271257162094,-0.35359206795692444,-0.19960546493530273,0.913854718208313,0.33114078640937805,0.016878873109817505,-0.03099999949336052,-0.9213337898254395,0.3887726962566376,-4.420229231527628e-07,-0.3887726962566376,-0.9213337898254395,2.1659066078427713e-06,0.38686317205429077,-0.13015073537826538,-0.03099970519542694,0.27541840076446533,0.1639084815979004,-0.031000293791294098
80,1.2837040424346924,-1.5676500797271729,0.5315515398979187,1.5715088844299316,-0.14742621779441833,1.047275424003601,-0.9025663137435913,0.730978786945343,-0.3412177264690399,-0.06477206945419312,-0.3335653841495514,-0.026547374203801155,-0.219781294465065,0.32372796535491943,-0.3175264596939087,0.026193751022219658,-0.8004589080810547,0.2712419033050537,1.2690201997756958,0.4585060179233551,1.3234825134277344,2.91499924659729,1.116226315498352,0.730963945388794,-0.032622434198856354,-0.1331777572631836,0.07999963313341141,0.006632326636463404,0.028238065540790558,-0.004795982036739588,0.3477424085140228,0.05014742165803909,-0.3048133850097656,0.328132301568985,0.8465527296066284,-0.006314635276794434,-0.49540507793426514,0.8686391711235046,0.10476090759038925,0.8635486960411072,0.49326345324516296,0.06891399621963501,-0.21734203398227692,0.6014539003372192,0.17821526527404785,-0.9742360711097717,-0.13821545243263245,-0.3597610592842102,-0.19525134563446045,0.9123864769935608,0.33114075660705566,0.016878874972462654,-0.03099999949336052,-0.9213337898254395,0.3887726962566376,-4.514975842084823e-07,-0.3887726962566376,-0.9213337898254395,2.1982091311656404e-06,0.386863112449646,-0.13015073537826538,-0.030999701470136642,0.27541840076446533,0.1639084815979004,-0.031000297516584396
81,1.2606055736541748,-1.5723381042480469,0.5095373392105103,1.5710450410842896,-0.16336525976657867,1.0697301626205444,-0.9255196452140808,0.7309545278549194,-0.3465045690536499,-0.03728104010224342,-0.3241279423236847,-0.03130091726779938,-0.22819256782531738,0.3205695152282715,-0.3213111460208893,0.05468032881617546,-0.8049761056900024,0.26060882210731506,1.275740146636963,0.4602082073688507,1.324413537979126,2.9137277603149414,1.1412867307662964,0.7309452891349792,-0.05140552669763565,-0.1619972437620163,0.09998635947704315,0.0268151443451643,0.012576683424413204,-0.019268052652478218,0.3500063419342041,0.06368589401245117,-0.284290075302124,0.3311029076576233,0.8493438363075256,-0.02991628646850586,-0.49236243963241577,0.8698760271072388,0.15923701226711273,0.8568036556243896,0.49043968319892883,0.06565386056900024,-0.21460139751434326,0.6013153791427612,0.20258688926696777,-0.9718632698059082,-0.12016774713993073,-0.36925697326660156,-0.18946731090545654,0.9098084568977356,0.33114078640937805,0.016878878697752953,-0.03099999949336052,-0.9213337898254395,0.3887726962566376,-4.530669457381009e-07,-0.3887726962566376,-0.9213337898254395,2.1868875137442956e-06,0.38686317205429077,-0.13015073537826538,-0.030999701470136642,0.27541840076446533,0.1639084815979004,-0.031000297516584396
82,1.2372500896453857,-1.5750997066497803,0.48842281103134155,1.5699567794799805,-0.18013587594032288,1.091378092765808,-0.9488259553909302,0.7309263348579407,-0.3543468117713928,-0.003230874426662922,-0.31002867221832275,-0.04448087513446808,-0.239808589220047,0.3096732497215271,-0.3263619840145111,0.08865958452224731,-0.8101332783699036,0.24888825416564941,1.2853362560272217,0.4642466902732849,1.3264442682266235,2.9107015132904053,1.165913462638855,0.7309398651123047,-0.050743576139211655,-0.18049626052379608,0.14447656273841858,0.06215460225939751,0.028671568259596825,-0.04482097551226616,0.3441692888736725,0.06773260235786438,-0.2636840343475342,0.3341905474662781,0.8516126275062561,-0.053612709045410156,-0.4855654239654541,0.8725548386573792,0.213679239153862,0.8479923605918884,0.48502591252326965,0.0615229606628418,-0.2109832912683487,0.6011413335800171,0.2264309525489807,-0.9688220024108887,-0.10056263208389282,-0.3821505308151245,-0.18332934379577637,0.9057323932647705,0.33114078640937805,0.016878873109817505,-0.03099999949336052,-0.9213337898254395,0.3887726962566376,-4.4278164068600745e-07,-0.3887726962566376,-0.9213337898254395,2.1717826257372508e-06,0.38686317205429077,-0.13015073537826538,-0.03099970519542694,0.27541840076446533,0.1639084815979004,-0.031000293791294098
83,1.213490605354309,-1.5753077268600464,0.46841171383857727,1.566703200340271,-0.1973789483308792,1.111171007156372,-0.9722831845283508,0.7308774590492249,-0.3688790500164032,0.04989978298544884,-0.2931366562843323,-0.08664529025554657,-0.2463376373052597,0.28517675399780273,-0.3286353647708893,0.1479131132364273,-0.813107430934906,0.2379966378211975,1.3001269102096558,0.4721870422363281,1.3343982696533203,2.904097080230713,1.1889150142669678,0.7309570908546448,0.0030368894804269075,-0.1740589439868927,0.22686821222305298,0.12067973613739014,0.11294899135828018,-0.09682552516460419,0.32170429825782776,0.04039859026670456,-0.24284440279006958,0.3384797275066376,0.8532956838607788,-0.0768963098526001,-0.47382861375808716,0.8772533535957336,0.26805272698402405,0.8376394510269165,0.4759284555912018,0.05643272399902344,-0.20580749213695526,0.601248562335968,0.24813079833984375,-0.9652401208877563,-0.08211354166269302,-0.39808401465415955,-0.17887544631958008,0.8997403383255005,0.33114078640937805,0.016878876835107803,-0.03099999949336052,-0.9213337898254395,0.3887726962566376,-4.678034315475088e-07,-0.3887726962566376,-0.9213337898254395,2.1701630430470686e-06,0.38686317205429077,-0.13015073537826538,-0.030999701470136642,0.27541840076446533,0.1639084815979004,-0.031000297516584396
84,1.1891816854476929,-1.5721864700317383,0.4495870769023895,1.5612848997116089,-0.2157791405916214,1.1286981105804443,-0.9963436722755432,0.730832576751709,-0.38042137026786804,0.1085241436958313,-0.27657490968704224,-0.12334629148244858,-0.26256388425827026,0.2538597583770752,-0.33727166056632996,0.20074141025543213,-0.8150745630264282,0.2274428904056549,1.3191478252410889,0.48307833075523376,1.3461898565292358,2.8945119380950928,1.2096244096755981,0.7309626936912537,0.018202371895313263,-0.16955609619617462,0.28620854020118713,0.1630834937095642,0.16695117950439453,-0.13866686820983887,0.2897614538669586,0.02988181635737419,-0.22150754928588867,0.3442460000514984,0.854629397392273,-0.10020434856414795,-0.45670148730278015,0.883958637714386,0.3226504325866699,0.8255043029785156,0.4630759656429291,0.05041772127151489,-0.19942115247249603,0.6014613509178162,0.26723742485046387,-0.9614804983139038,-0.0643392950296402,-0.41663751006126404,-0.1754899024963379,0.8919734954833984,0.33114078640937805,0.016878878697752953,-0.03099999949336052,-0.9213337898254395,0.38877272605895996,-4.343204125234479e-07,-0.38877272605895996,-0.9213337898254395,2.1855810246051988e-06,0.38686317205429077,-0.13015075027942657,-0.03099970519542694,0.2754184305667877,0.16390849649906158,-0.031000293791294098
85,1.1644352674484253,-1.5656260251998901,0.43141767382621765,1.5545322895050049,-0.23469994962215424,1.143094778060913,-1.020517110824585,0.7307993173599243,-0.3858337998390198,0.1652105450630188,-0.2695257067680359,-0.14458820223808289,-0.26985475420951843,0.2097095251083374,-0.3390249013900757,0.2398582547903061,-0.8165497183799744,0.21693669259548187,1.3407870531082153,0.49576839804649353,1.3595939874649048,2.8829259872436523,1.2285914421081543,0.7309656739234924,0.029340393841266632,-0.16986891627311707,0.3240581452846527,0.1878141313791275,0.18941836059093475,-0.16682974994182587,0.26547858119010925,0.024065490812063217,-0.199856698513031,0.35094109177589417,0.8560164570808411,-0.12217533588409424,-0.43534091114997864,0.8919369578361511,0.37612810730934143,0.8113290667533875,0.447518527507782,0.04366254806518555,-0.19230607151985168,0.6016138195991516,0.28468573093414307,-0.957489013671875,-0.04656994342803955,-0.43682023882865906,-0.17281460762023926,0.8827928304672241,0.33114078640937805,0.016878873109817505,-0.03099999949336052,-0.9213337898254395,0.38877275586128235,-4.43515062897859e-07,-0.38877275586128235,-0.9213337898254395,2.1776418179797474e-06,0.3868631422519684,-0.13015075027942657,-0.03099970519542694,0.2754184305667877,0.16390849649906158,-0.031000293791294098
86,1.139298439025879,-1.5557212829589844,0.4131337106227875,1.5470741987228394,-0.2536386549472809,1.1536239385604858,-1.0445622205734253,0.7307735085487366,-0.38974806666374207,0.2212444692850113,-0.27455100417137146,-0.15724138915538788,-0.27019059658050537,0.155362069606781,-0.33734816312789917,0.2711414396762848,-0.8178257942199707,0.20581871271133423,1.364078164100647,0.5099177956581116,1.3730847835540771,2.869743585586548,1.2464202642440796,0.7309629321098328,0.03656262159347534,-0.18017810583114624,0.3484329581260681,0.2086748629808426,0.19057250022888184,-0.18943454325199127,0.24951821565628052,0.02583979442715645,-0.17789077758789062,0.3580416738986969,0.8578295707702637,-0.14189815521240234,-0.41111233830451965,0.9004729986190796,0.4275795519351959,0.7949801087379456,0.43032822012901306,0.03610771894454956,-0.1846027821302414,0.6015325784683228,0.30127906799316406,-0.9531338214874268,-0.027693092823028564,-0.45872437953948975,-0.17033839225769043,0.8720991611480713,0.33114078640937805,0.016878874972462654,-0.03099999949336052,-0.9213337898254395,0.3887726962566376,-4.473540116123331e-07,-0.3887726962566376,-0.9213337898254395,2.167202183045447e-06,0.38686317205429077,-0.13015073537826538,-0.03099970519542694,0.27541840076446533,0.1639084815979004,-0.031000293791294098
87,1.1136630773544312,-1.5418285131454468,0.3936769664287567,1.539393663406372,-0.2722510099411011,1.1601769924163818,-1.0681031942367554,0.7307378649711609,-0.3941482901573181,0.2941994369029999,-0.29860183596611023,-0.16706940531730652,-0.266082227230072,0.10028207302093506,-0.33043673634529114,0.31557947397232056,-0.8186026215553284,0.1933533400297165,1.3880826234817505,0.5258844494819641,1.3842859268188477,2.8551504611968994,1.2642313241958618,0.7309564352035522,0.05000782385468483,-0.20167683064937592,0.36031022667884827,0.23499329388141632,0.15831075608730316,-0.20945821702480316,0.2492196410894394,0.03254585340619087,-0.1550338864326477,0.36552321910858154,0.8603094816207886,-0.15796077251434326,-0.38461020588874817,0.9094633460044861,0.47706499695777893,0.776678204536438,0.411314994096756,0.027449727058410645,-0.17643499374389648,0.6009206771850586,0.3192053437232971,-0.947668194770813,-0.005752445664256811,-0.48323512077331543,-0.16798484325408936,0.8592235445976257,0.33114075660705566,0.016878876835107803,-0.03099999949336052,-0.9213337898254395,0.3887726962566376,-4.5676142690354027e-07,-0.3887726962566376,-0.9213337898254395,2.1995356291881762e-06,0.386863112449646,-0.13015073537826538,-0.030999701470136642,0.27541840076446533,0.1639084815979004,-0.031000297516584396
88,1.0876799821853638,-1.5249968767166138,0.37291383743286133,1.5323214530944824,-0.28964200615882874,1.1622782945632935,-1.0910025835037231,0.7307400107383728,-0.3935641348361969,0.32821664214134216,-0.31736066937446594,-0.15163055062294006,-0.2488357275724411,0.03636407107114792,-0.32152843475341797,0.3119131028652191,-0.8199039697647095,0.17865638434886932,1.412075400352478,0.5428732633590698,1.3910032510757446,2.8403797149658203,1.2824389934539795,0.7309436798095703,0.042779114097356796,-0.23383480310440063,0.35916823148727417,0.24846121668815613,0.09498677402734756,-0.21165303885936737,0.254612535238266,0.04801091179251671,-0.13195687532424927,0.37257257103919983,0.8635676503181458,-0.17056596279144287,-0.3580167591571808,0.9180039763450623,0.5231332778930664,0.7566072940826416,0.39227157831192017,0.01773625612258911,-0.16824494302272797,0.5994912981987,0.33927321434020996,-0.9404628872871399,0.02057386003434658,-0.5100840926170349,-0.16554903984069824,0.8440425395965576,0.33114078640937805,0.016878873109817505,-0.03099999949336052,-0.9213337898254395,0.3887726962566376,-4.545317722204345e-07,-0.3887726962566376,-0.9213337898254395,2.1868945623282343e-06,0.38686317205429077,-0.13015073537826538,-0.030999701470136642,0.27541840076446533,0.1639084815979004,-0.031000297516584396
89,1.0621867179870605,-1.5056504011154175,0.35173845291137695,1.5248212814331055,-0.30631640553474426,1.162867546081543,-1.1130422353744507,0.7306980490684509,-0.38708388805389404,0.37944018840789795,-0.3258512318134308,-0.16862908005714417,-0.23865173757076263,0.017221732065081596,-0.30966126918792725,0.3642787039279938,-0.8233835697174072,0.1620953530073166,1.4356577396392822,0.561148464679718,1.392224669456482,2.8247883319854736,1.3012930154800415,0.7309163212776184,0.004828738048672676,-0.25806522369384766,0.3496333956718445,0.2678678035736084,0.0179290771484375,-0.22271721065044403,0.26340964436531067,0.08205616474151611,-0.10805243253707886,0.3797568380832672,0.8663733005523682,-0.1790086030960083,-0.32915136218070984,0.9271544218063354,0.5671351552009583,0.7355262637138367,0.370619535446167,0.007218480110168457,-0.16007687151432037,0.5969491600990295,0.35964614152908325,-0.9316204190254211,0.05232632905244827,-0.539960503578186,-0.16205763816833496,0.8259419202804565,0.33114078640937805,0.016878876835107803,-0.03099999949336052,-0.9213337898254395,0.3887726962566376,-4.480326367684029e-07,-0.3887726962566376,-0.9213337898254395,2.172879476347589e-06,0.38686317205429077,-0.13015073537826538,-0.03099970519542694,0.27541840076446533,0.1639084815979004,-0.031000293791294098
90,1.0366002321243286,-1.486751914024353,0.3281345069408417,1.5186213254928589,-0.3179178833961487,1.1640757322311401,-1.1313287019729614,0.7307133674621582,-0.37045058608055115,0.3395061790943146,-0.3665567636489868,-0.1294512003660202,-0.16859325766563416,0.02333788014948368,-0.2573009729385376,0.3408041298389435,-0.8231590986251831,0.1472623199224472,1.456541895866394,0.5745207071304321,1.3870114088058472,2.811521053314209,1.3242731094360352,0.7309552431106567,0.07914825528860092,-0.23193848133087158,0.3162534534931183,0.1839977502822876,-0.07478369772434235,-0.18976490199565887,0.32145676016807556,0.036458346992731094,-0.08402895927429199,0.3853577673435211,0.8682203888893127,-0.17806851863861084,-0.30332937836647034,0.9360998272895813,0.6075173020362854,0.7144653797149658,0.34707632660865784,-0.0033266544342041016,-0.15375985205173492,0.5936422944068909,0.3893577456474304,-0.9168705940246582,0.08802739530801773,-0.5642411112785339,-0.16188335418701172,0.8095836639404297,0.33114078640937805,0.016878878697752953,-0.03099999949336052,-0.9213337898254395,0.3887726962566376,-4.729570832751051e-07,-0.3887726962566376,-0.9213337898254395,2.171270352846477e-06,0.38686317205429077,-0.13015073537826538,-0.030999701470136642,0.27541840076446533,0.1639084815979004,-0.031000297516584396
91,1.0133605003356934,-1.4725905656814575,0.3022959530353546,1.5127058029174805,-0.3181411027908325,1.1689269542694092,-1.1406766176223755,0.7307148575782776,-0.3219558894634247,0.24577397108078003,-0.4003981649875641,-0.11459064483642578,-0.00880406517535448,0.07405859977006912,-0.13238100707530975,0.3358395993709564,-0.8160293698310852,0.13531678915023804,1.4698656797409058,0.5738677382469177,1.372650146484375,2.803537130355835,1.351544737815857,0.731002926826477,0.16800306737422943,-0.1842896193265915,0.20320215821266174,-0.03673454374074936,-0.20703589916229248,-0.11474104225635529,0.381976842880249,-0.004434592090547085,-0.06178116798400879,0.38907644152641296,0.8672924041748047,-0.16044652462005615,-0.28614553809165955,0.9446574449539185,0.6400398015975952,0.6984125375747681,0.3202640116214752,-0.013009309768676758,-0.1506967395544052,0.5895063877105713,0.43210524320602417,-0.8926934599876404,0.12799765169620514,-0.5754914283752441,-0.16367685794830322,0.8012611865997314,0.33114078640937805,0.016878873109817505,-0.03099999949336052,-0.9213337898254395,0.38877272605895996,-4.356454326170933e-07,-0.38877272605895996,-0.9213337898254395,2.1854284568689764e-06,0.38686317205429077,-0.13015075027942657,-0.03099970519542694,0.2754184305667877,0.16390849649906158,-0.031000293791294098
92,0.9934981465339661,-1.4609131813049316,0.2766835391521454,1.5094830989837646,-0.3158763349056244,1.1749579906463623,-1.148449182510376,0.7307512760162354,-0.26999300718307495,0.20371733605861664,-0.39703166484832764,-0.06720094382762909,0.025821808725595474,0.08831538259983063,-0.11024130880832672,0.2945284843444824,-0.8176283836364746,0.12142984569072723,1.4800001382827759,0.5666672587394714,1.3523011207580566,2.7990195751190186,1.3794509172439575,0.7309325933456421,-0.03055252879858017,-0.20230405032634735,0.13620181381702423,-0.11704417318105698,-0.28920653462409973,-0.0641467273235321,0.39014819264411926,0.07915113866329193,-0.04182392358779907,0.3899984359741211,0.8659000396728516,-0.1401665210723877,-0.2747638523578644,0.9512403011322021,0.6666768193244934,0.6841194033622742,0.2958422005176544,-0.020920157432556152,-0.14894147217273712,0.5845107436180115,0.46980035305023193,-0.8658561110496521,0.17199108004570007,-0.5843168497085571,-0.1589653491973877,0.795803964138031,0.33114078640937805,0.016878876835107803,-0.03099999949336052,-0.9213337898254395,0.3887726962566376,-4.488229592425341e-07,-0.3887726962566376,-0.9213337898254395,2.178686600018409e-06,0.38686317205429077,-0.13015073537826538,-0.030999701470136642,0.27541840076446533,0.1639084815979004,-0.031000297516584396
93,0.9747757315635681,-1.4490604400634766,0.25057896971702576,1.510818600654602,-0.31309887766838074,1.1810275316238403,-1.155177354812622,0.7307828664779663,-0.25382691621780396,0.2093614786863327,-0.406623512506485,0.00011945166625082493,0.03251232951879501,0.08779031038284302,-0.09544574469327927,0.2613155245780945,-0.8264366984367371,0.10639291256666183,1.487004280090332,0.5565187931060791,1.3286439180374146,2.7969019412994385,1.4078482389450073,0.7308954000473022,-0.13050350546836853,-0.21917574107646942,0.09306228905916214,-0.15717506408691406,-0.3353023827075958,-0.030514569953083992,0.39680051803588867,0.1255505532026291,-0.02339702844619751,0.3883948028087616,0.865307092666626,-0.11940979957580566,-0.268972784280777,0.9557169675827026,0.6899438500404358,0.669719934463501,0.2746864855289459,-0.02694004774093628,-0.14793050289154053,0.5791463255882263,0.5010049939155579,-0.8377195596694946,0.21730132400989532,-0.5923377275466919,-0.14885735511779785,0.7918190360069275,0.33114078640937805,0.016878873109817505,-0.03099999949336052,-0.9213337898254395,0.3887726962566376,-4.5808164372829197e-07,-0.3887726962566376,-0.9213337898254395,2.170698735426413e-06,0.38686317205429077,-0.13015073537826538,-0.030999701470136642,0.27541840076446533,0.1639084815979004,-0.031000297516584396
94,0.956351101398468,-1.4354469776153564,0.22462087869644165,1.5120035409927368,-0.31384801864624023,1.1900177001953125,-1.16435706615448,0.730725109577179,-0.2578526735305786,0.2655087113380432,-0.40532687306404114,-0.02600049413740635,-0.01700645685195923,0.13316906988620758,-0.1298690140247345,0.3349519371986389,-0.8397603631019592,0.0893142819404602,1.4934660196304321,0.5461434721946716,1.303481101989746,2.793255567550659,1.4365352392196655,0.7308512926101685,-0.1832907497882843,-0.2526696026325226,0.08835294842720032,-0.15779565274715424,-0.3558478355407715,-0.053092245012521744,0.40043574571609497,0.18195468187332153,-0.0033510327339172363,0.3863181471824646,0.8634181022644043,-0.09901857376098633,-0.25895217061042786,0.9608012437820435,0.7154040932655334,0.6526017189025879,0.24961556494235992,-0.03271126747131348,-0.14621280133724213,0.5729666352272034,0.5260756015777588,-0.8078077435493469,0.2658780813217163,-0.6028860807418823,-0.13374567031860352,0.7865370512008667,0.33114075660705566,0.016878874972462654,-0.03099999949336052,-0.9213337898254395,0.38877272605895996,-4.479389019707014e-07,-0.38877272605895996,-0.9213337898254395,2.195906517954427e-06,0.386863112449646,-0.13015075027942657,-0.030999701470136642,0.27541840076446533,0.16390849649906158,-0.031000297516584396
95,0.9365987777709961,-1.4189904928207397,0.1988731026649475,1.5134395360946655,-0.3170657157897949,1.2008543014526367,-1.1777093410491943,0.7307000756263733,-0.2804422378540039,0.3035445213317871,-0.39776796102523804,-0.0201268307864666,-0.05165086314082146,0.1578013002872467,-0.18854179978370667,0.36313876509666443,-0.8569494485855103,0.06955442577600479,1.5004328489303589,0.5343468189239502,1.2771414518356323,2.7895848751068115,1.4655072689056396,0.7308235764503479,-0.24054892361164093,-0.29139724373817444,0.09448683261871338,-0.1807081550359726,-0.37276723980903625,-0.05335009843111038,0.4043027460575104,0.2168804407119751,0.018120229244232178,0.3842355012893677,0.8604236841201782,-0.07981479167938232,-0.24330739676952362,0.9666598439216614,0.7427279949188232,0.632258415222168,0.22046414017677307,-0.038326144218444824,-0.14408613741397858,0.566112220287323,0.5473304986953735,-0.7747179269790649,0.3166094124317169,-0.6141353249549866,-0.11478173732757568,0.7808092832565308,0.33114075660705566,0.016878876835107803,-0.03099999949336052,-0.9213337898254395,0.3887726962566376,-4.4896256667925627e-07,-0.3887726962566376,-0.9213337898254395,2.1858634227100993e-06,0.386863112449646,-0.13015073537826538,-0.030999701470136642,0.27541840076446533,0.1639084815979004,-0.031000297516584396
96,0.9158226847648621,-1.39983069896698,0.17349469661712646,1.5150079727172852,-0.3237914443016052,1.2142819166183472,-1.1943522691726685,0.7306559681892395,-0.29455333948135376,0.353329598903656,-0.39534324407577515,-0.025761686265468597,-0.10123838484287262,0.19524328410625458,-0.2348494827747345,0.4164988100528717,-0.877233624458313,0.047669049352407455,1.5075677633285522,0.5211723446846008,1.2497516870498657,2.785057544708252,1.4947232007980347,0.7307980060577393,-0.289577454328537,-0.32149091362953186,0.0958724394440651,-0.20109857618808746,-0.3875192701816559,-0.06556858122348785,0.4076066017150879,0.24840804934501648,0.04115265607833862,0.3817053735256195,0.8559794425964355,-0.06051230430603027,-0.22203457355499268,0.9731592535972595,0.7719619274139404,0.6076507568359375,0.18664231896400452,-0.04380476474761963,-0.14144551753997803,0.5585041046142578,0.5647283792495728,-0.738249659538269,0.3688756823539734,-0.6259431838989258,-0.09186053276062012,0.7744396924972534,0.33114078640937805,0.016878878697752953,-0.03099999949336052,-0.9213337898254395,0.3887726962566376,-4.533310971055471e-07,-0.3887726962566376,-0.9213337898254395,2.1740108877565945e-06,0.38686317205429077,-0.13015073537826538,-0.030999701470136642,0.27541840076446533,0.1639084815979004,-0.031000297516584396
97,0.8934492468833923,-1.3780159950256348,0.14804904162883759,1.514753818511963,-0.33565837144851685,1.2300243377685547,-1.2139508724212646,0.7305970788002014,-0.3199959993362427,0.4053073823451996,-0.39774519205093384,-0.06250207126140594,-0.17377178370952606,0.22945445775985718,-0.2765103876590729,0.48673075437545776,-0.89832603931427,0.024991661310195923,1.5167765617370605,0.5079254508018494,1.2220609188079834,2.777186632156372,1.524048089981079,0.7307888865470886,-0.27215057611465454,-0.3365554213523865,0.1319458782672882,-0.2018910050392151,-0.3914487063884735,-0.11360424757003784,0.4091210961341858,0.25839248299598694,0.06667929887771606,0.37844976782798767,0.8494465351104736,-0.039670705795288086,-0.19408929347991943,0.9801813364028931,0.8038949966430664,0.5764028429985046,0.14667153358459473,-0.049994587898254395,-0.1380770206451416,0.549898624420166,0.5792522430419922,-0.6972349286079407,0.4222917854785919,-0.6392911076545715,-0.06715679168701172,0.7660267353057861,0.33114078640937805,0.016878873109817505,-0.03099999949336052,-0.9213337898254395,0.3887726962566376,-4.745434125652537e-07,-0.3887726962566376,-0.9213337898254395,2.1712396574002923e-06,0.38686317205429077,-0.13015073537826538,-0.030999701470136642,0.27541840076446533,0.1639084815979004,-0.031000297516584396
98,0.8696323037147522,-1.3538633584976196,0.12276672571897507,1.5121285915374756,-0.3523620069026947,1.2477335929870605,-1.2360317707061768,0.7305442690849304,-0.3406272530555725,0.44320401549339294,-0.3956679105758667,-0.10035283118486404,-0.24165961146354675,0.2575761079788208,-0.31163376569747925,0.5484455227851868,-0.9189143180847168,0.0011041007237508893,1.5284514427185059,0.495682954788208,1.1941871643066406,2.766106128692627,1.5534483194351196,0.7307766675949097,-0.2551986873149872,-0.3560416102409363,0.169423446059227,-0.18641161918640137,-0.3936755657196045,-0.1592300981283188,0.41026514768600464,0.2645995318889618,0.09424960613250732,0.3741890788078308,0.8405137658119202,-0.015795230865478516,-0.1597774475812912,0.9870266914367676,0.8369035720825195,0.5380464792251587,0.1004904955625534,-0.057194411754608154,-0.13411827385425568,0.5401461124420166,0.5912785530090332,-0.6505674123764038,0.47660428285598755,-0.6548068523406982,-0.0423051118850708,0.7546113133430481,0.33114078640937805,0.016878876835107803,-0.03099999949336052,-0.9213337898254395,0.3887726962566376,-4.410756559991569e-07,-0.3887726962566376,-0.9213337898254395,2.1866048882657196e-06,0.38686317205429077,-0.13015073537826538,-0.030999701470136642,0.27541840076446533,0.1639084815979004,-0.031000297516584396
99,0.8450332880020142,-1.3280158042907715,0.10059069097042084,1.5090919733047485,-0.36826926469802856,1.2639731168746948,-1.2597463130950928,0.730549156665802,-0.36107155680656433,0.4576343894004822,-0.32906976342201233,-0.09785608947277069,-0.22744958102703094,0.23326586186885834,-0.3347039222717285,0.5405189394950867,-0.9372671842575073,-0.024570517241954803,1.539864182472229,0.4936795234680176,1.1665267944335938,2.7508304119110107,1.5828497409820557,0.730707049369812,-0.23569414019584656,-0.3821035921573639,0.16387982666492462,-0.02238638699054718,-0.38755473494529724,-0.21792510151863098,0.41005223989486694,0.348087340593338,0.12007680535316467,0.3704257905483246,0.830832302570343,0.008798003196716309,-0.12235407531261444,0.9924474954605103,0.8654115200042725,0.49817097187042236,0.05374530702829361,-0.06516879796981812,-0.12914015352725983,0.5288423299789429,0.5946703553199768,-0.6012914776802063,0.5336812734603882,-0.6788972020149231,-0.019988179206848145,0.7339611649513245,0.33114078640937805,0.016878873109817505,-0.03099999949336052,-0.9213337898254395,0.3887726962566376,-4.503484376527922e-07,-0.3887726962566376,-0.9213337898254395,2.178603381253197e-06,0.38686317205429077,-0.13015073537826538,-0.030999701470136642,0.27541840076446533,0.1639084815979004,-0.031000297516584396
100,0.8201627731323242,-1.30143141746521,0.08357246965169907,1.5099576711654663,-0.3771841526031494,1.2753297090530396,-1.2827943563461304,0.7306295037269592,-0.3698459565639496,0.44442373514175415,-0.23529279232025146,-0.021860888227820396,-0.1266140341758728,0.1590362787246704,-0.32512885332107544,0.4443478286266327,-0.9530214667320251,-0.051213640719652176,1.5478771924972534,0.5040191411972046,1.1394492387771606,2.7337429523468018,1.6122324466705322,0.730634331703186,-0.22376443445682526,-0.3924020826816559,0.11073631048202515,0.1632976531982422,-0.3775245249271393,-0.24182277917861938,0.409463107585907,0.4383662939071655,0.14050060510635376,0.36836233735084534,0.8233631253242493,0.029979944229125977,-0.08865690976381302,0.9956109523773193,0.885798990726471,0.4638383984565735,0.014630468562245369,-0.07254010438919067,-0.12369577586650848,0.5165152549743652,0.5871415138244629,-0.552494466304779,0.5916204452514648,-0.7105380892753601,-0.0016082525253295898,0.7036569118499756,0.33114078640937805,0.016878874972462654,-0.03099999949336052,-0.9213337898254395,0.3887726962566376,-4.439272061063093e-07,-0.3887726962566376,-0.9213337898254395,2.164609668398043e-06,0.38686317205429077,-0.13015073537826538,-0.03099970519542694,0.27541840076446533,0.1639084815979004,-0.031000293791294098
101,0.7936673760414124,-1.2792476415634155,0.07775713503360748,1.5100085735321045,-0.37960419058799744,1.276017189025879,-1.301179051399231,0.7307879328727722,-0.42319294810295105,0.35711798071861267,-0.01900787092745304,-0.020377278327941895,-0.028852280229330063,0.00488249259069562,-0.25893089175224304,0.2543056905269623,-0.9718685746192932,-0.07830634713172913,1.5502601861953735,0.5267614722251892,1.1155396699905396,2.709315776824951,1.6417226791381836,0.730477511882782,-0.33897581696510315,-0.39211398363113403,0.014378206804394722,0.349920392036438,-0.33080926537513733,-0.3446508049964905,0.41021984815597534,0.6332958340644836,0.152793288230896,0.37023815512657166,0.819959282875061,0.03861355781555176,-0.06054855138063431,0.9974181056022644,0.8995967507362366,0.4366423487663269,-0.008320094086229801,-0.07789450883865356,-0.11564147472381592,0.5017650723457336,0.5585698485374451,-0.5113159418106079,0.6531122922897339,-0.7511315941810608,0.022198617458343506,0.6597791314125061,0.33114075660705566,0.016878876835107803,-0.03099999949336052,-0.9213337898254395,0.3887726962566376,-4.533414710294892e-07,-0.3887726962566376,-0.9213337898254395,2.196890591221745e-06,0.386863112449646,-0.13015073537826538,-0.030999701470136642,0.27541840076446533,0.1639084815979004,-0.031000297516584396
102,0.7661493420600891,-1.2645481824874878,0.08245278149843216,1.5087885856628418,-0.3696848154067993,1.268539547920227,-1.3145679235458374,0.7309353947639465,-0.43831557035446167,0.21706567704677582,0.1449957638978958,-0.021533438935875893,0.14693140983581543,-0.11096207797527313,-0.18805953860282898,0.07608605176210403,-0.9943764805793762,-0.1048201471567154,1.545371413230896,0.5527980327606201,1.0960547924041748,2.682840585708618,1.6711047887802124,0.7304151058197021,-0.41041433811187744,-0.3786901831626892,-0.09381739050149918,0.3882495164871216,-0.2698856294155121,-0.37170037627220154,0.4082002341747284,0.7154523134231567,0.156241774559021,0.3772146999835968,0.8198131322860718,0.036643028259277344,-0.03976244851946831,0.9985370635986328,0.9061906933784485,0.42255014181137085,-0.01642799749970436,-0.0794914960861206,-0.10604216903448105,0.4862176179885864,0.5160827040672302,-0.4775208830833435,0.7110783457756042,-0.7903093099594116,0.05462324619293213,0.6102684140205383,0.33114078640937805,0.016878873109817505,-0.03099999949336052,-0.9213337898254395,0.3887726962566376,-4.511431370701757e-07,-0.3887726962566376,-0.9213337898254395,2.18438390220399e-06,0.38686317205429077,-0.13015073537826538,-0.030999701470136642,0.27541840076446533,0.1639084815979004,-0.031000297516584396
103,0.7379775047302246,-1.2583684921264648,0.0919230580329895,1.50650155544281,-0.35103440284729004,1.257206678390503,-1.3234144449234009,0.7310387492179871,-0.4404989182949066,0.07184308022260666,0.20061899721622467,-0.02580663003027439,0.2677573561668396,-0.1634485274553299,-0.12379442900419235,-0.002776075853034854,-1.0196360349655151,-0.13095694780349731,1.535410761833191,0.5797800421714783,1.0814768075942993,2.6559011936187744,1.7002800703048706,0.7303873896598816,-0.4491804540157318,-0.3716396987438202,-0.16841869056224823,0.40125927329063416,-0.2013053447008133,-0.3794558644294739,0.40648913383483887,0.7428068518638611,0.15371620655059814,0.3858283460140228,0.821439802646637,0.0284726619720459,-0.02804664522409439,0.9992010593414307,0.9087091684341431,0.4171888828277588,-0.014184031635522842,-0.0775107741355896,-0.0953541174530983,0.47043275833129883,0.46471625566482544,-0.448140025138855,0.7636814117431641,-0.8247812986373901,0.0946962833404541,0.5574660897254944,0.33114078640937805,0.016878878697752953,-0.03099999949336052,-0.9213337898254395,0.3887726962566376,-4.642461135517806e-07,-0.3887726962566376,-0.9213337898254395,2.1775654204247985e-06,0.38686317205429077,-0.13015073537826538,-0.030999701470136642,0.27541840076446533,0.1639084815979004,-0.031000297516584396
104,0.7093890309333801,-1.259896993637085,0.10201256722211838,1.5015783309936523,-0.3289510905742645,1.2441288232803345,-1.3271450996398926,0.7310919165611267,-0.4421278238296509,-0.0435081385076046,0.19817721843719482,-0.06306087970733643,0.31429627537727356,-0.18576280772686005,-0.05169142782688141,-0.01007295586168766,-1.0460435152053833,-0.15568456053733826,1.523167371749878,0.6069139838218689,1.0754774808883667,2.6285293102264404,1.7292144298553467,0.7303896546363831,-0.45548081398010254,-0.34994956851005554,-0.20036546885967255,0.4047694802284241,-0.07972773909568787,-0.38352641463279724,0.4015876054763794,0.7500409483909607,0.14842170476913452,0.3936597406864166,0.8234149217605591,0.018289685249328613,-0.025203734636306763,0.9995150566101074,0.9099524021148682,0.4146665334701538,-0.006194651126861572,-0.07226359844207764,-0.08339912444353104,0.455207884311676,0.4078921675682068,-0.42357373237609863,0.808832049369812,-0.8524117469787598,0.14074105024337769,0.5035734176635742,0.33114078640937805,0.016878878697752953,-0.03099999949336052,-0.9213337898254395,0.3887726664543152,-4.690947434937698e-07,-0.3887726664543152,-0.9213337898254395,2.1701250716432696e-06,0.38686317205429077,-0.13015073537826538,-0.030999701470136642,0.27541840076446533,0.1639084815979004,-0.031000297516584396
105,0.6806164383888245,-1.267080545425415,0.11203036457300186,1.492058515548706,-0.30580759048461914,1.2305493354797363,-1.3274232149124146,0.7310963273048401,-0.4460430443286896,-0.1162702664732933,0.1973292976617813,-0.13633009791374207,0.3292444944381714,-0.19070316851139069,-0.003717995248734951,-0.01038343459367752,-1.0719832181930542,-0.17755798995494843,1.5104384422302246,0.6338379383087158,1.082561731338501,2.600740909576416,1.7576830387115479,0.730416476726532,-0.4389558732509613,-0.30663052201271057,-0.20766833424568176,0.40470317006111145,0.1050337702035904,-0.3908270001411438,0.3964187800884247,0.7103853225708008,0.14244335889816284,0.4010322690010071,0.8243067860603333,0.00886005163192749,-0.026448965072631836,0.9996109008789062,0.9109883308410645,0.4124222993850708,0.0028378665447235107,-0.06380903720855713,-0.06971074640750885,0.44166022539138794,0.348094642162323,-0.4067877233028412,0.8446028232574463,-0.8714686036109924,0.19163286685943604,0.4514637589454651,0.33114078640937805,0.016878878697752953,-0.03099999949336052,-0.9213337898254395,0.38877272605895996,-4.5342099497247546e-07,-0.38877272605895996,-0.9213337898254395,2.191760586356395e-06,0.38686317205429077,-0.13015075027942657,-0.030999701470136642,0.2754184305667877,0.16390849649906158,-0.031000297516584396
106,0.6516270637512207,-1.2797232866287231,0.12290001660585403,1.4780508279800415,-0.2820344567298889,1.2149993181228638,-1.3231264352798462,0.7311386466026306,-0.4521365165710449,-0.21238093078136444,0.21715229749679565,-0.19041092693805695,0.33876118063926697,-0.21883073449134827,0.061197005212306976,-0.01836414635181427,-1.0965746641159058,-0.19442033767700195,1.4966400861740112,0.6605115532875061,1.1012111902236938,2.5724799633026123,1.7854688167572021,0.7304542064666748,-0.4285113513469696,-0.22790248692035675,-0.22907762229442596,0.40364930033683777,0.2681635618209839,-0.39657068252563477,0.38689202070236206,0.6653357744216919,0.13540413975715637,0.40838873386383057,0.8247043490409851,-0.0013585090637207031,-0.03249431028962135,0.9994710683822632,0.9117609858512878,0.4104622006416321,0.014584006741642952,-0.05206620693206787,-0.05489505082368851,0.4305887222290039,0.287179172039032,-0.3984769880771637,0.871059238910675,-0.8814477324485779,0.24601411819458008,0.4031464755535126,0.33114078640937805,0.016878871247172356,-0.03099999949336052,-0.9213337898254395,0.3887726962566376,-4.440766474544944e-07,-0.3887726962566376,-0.9213337898254395,2.173647544623236e-06,0.38686317205429077,-0.13015073537826538,-0.03099970519542694,0.27541840076446533,0.1639084815979004,-0.031000293791294098
107,0.6223675012588501,-1.2980780601501465,0.1346561759710312,1.4605815410614014,-0.25849393010139465,1.1969739198684692,-1.3139599561691284,0.7311902642250061,-0.45676949620246887,-0.3060796856880188,0.23177781701087952,-0.23415818810462952,0.334776371717453,-0.25569358468055725,0.1275242120027542,0.026204153895378113,-1.1198760271072388,-0.2030203491449356,1.4817025661468506,0.6865599155426025,1.1261855363845825,2.543807029724121,1.812406063079834,0.7305107712745667,-0.42287084460258484,-0.10019349306821823,-0.252696692943573,0.3948986530303955,0.3568877875804901,-0.4011259973049164,0.37517210841178894,0.5973106026649475,0.1268896460533142,0.41527584195137024,0.8252530097961426,-0.014063239097595215,-0.04422682523727417,0.9989224672317505,0.9124362468719482,0.40804970264434814,0.03091183304786682,-0.03729808330535889,-0.04051952436566353,0.42274075746536255,0.22802132368087769,-0.39751848578453064,0.8888112902641296,-0.882588267326355,0.30108922719955444,0.36108630895614624,0.33114078640937805,0.016878873109817505,-0.03099999949336052,-0.9213337898254395,0.3887726962566376,-4.6904443706807797e-07,-0.3887726962566376,-0.9213337898254395,2.1720568383898353e-06,0.38686317205429077,-0.13015073537826538,-0.030999701470136642,0.27541840076446533,0.1639084815979004,-0.031000297516584396
108,0.5934960246086121,-1.3210381269454956,0.15035288035869598,1.4431813955307007,-0.23502464592456818,1.1793347597122192,-1.299246072769165,0.7312528491020203,-0.4599058926105499,-0.390260249376297,0.30974337458610535,-0.22161689400672913,0.3366599977016449,-0.25078728795051575,0.20640921592712402,-0.03920179605484009,-1.1411597728729248,-0.2035798579454422,1.4678523540496826,0.7126946449279785,1.1525285243988037,2.515230178833008,1.8365377187728882,0.7305735945701599,-0.3805151879787445,0.014438454061746597,-0.23345516622066498,0.3964768946170807,0.3762204051017761,-0.3991416096687317,0.3360849916934967,0.5217201113700867,0.11532026529312134,0.4229055643081665,0.8260895609855652,-0.0299454927444458,-0.05997473746538162,0.9977506399154663,0.912223756313324,0.4064036011695862,0.051807500422000885,-0.020978987216949463,-0.02771885320544243,0.41795140504837036,0.1722375750541687,-0.40174537897109985,0.8994081020355225,-0.8775529861450195,0.3521888256072998,0.3253670930862427,0.33114078640937805,0.016878876835107803,-0.03099999949336052,-0.9213337898254395,0.3887726962566376,-4.3551318640311365e-07,-0.3887726962566376,-0.9213337898254395,2.187490508731571e-06,0.38686317205429077,-0.13015073537826538,-0.030999701470136642,0.27541840076446533,0.1639084815979004,-0.031000297516584396
109,0.565361499786377,-1.347349762916565,0.1713792234659195,1.429115891456604,-0.2115388810634613,1.1620380878448486,-1.2794296741485596,0.7313269376754761,-0.4540259838104248,-0.4549219310283661,0.39966490864753723,-0.16232813894748688,0.3384935259819031,-0.24867834150791168,0.2777852714061737,-0.050082724541425705,-1.1566848754882812,-0.19554345309734344,1.4564443826675415,0.7391024231910706,1.1789991855621338,2.487149238586426,1.8528944253921509,0.7306554317474365,-0.27572810649871826,0.1362118273973465,-0.19023549556732178,0.40129274129867554,0.3786667287349701,-0.3910253643989563,0.22747300565242767,0.4233195185661316,0.09952253103256226,0.43198689818382263,0.8280667662620544,-0.051319003105163574,-0.07893413305282593,0.9955580234527588,0.9101999402046204,0.4065355062484741,0.0791516900062561,-0.005081295967102051,-0.01684579625725746,0.41654878854751587,0.12021481990814209,-0.41503089666366577,0.9018301963806152,-0.8695715069770813,0.39424431324005127,0.297349750995636,0.33114078640937805,0.016878873109817505,-0.03099999949336052,-0.9213337898254395,0.38877272605895996,-4.4479949679043784e-07,-0.38877272605895996,-0.9213337898254395,2.179473540309118e-06,0.38686317205429077,-0.13015075027942657,-0.030999701470136642,0.2754184305667877,0.16390849649906158,-0.031000297516584396
110,0.5384413003921509,-1.3751126527786255,0.1942378133535385,1.4216649532318115,-0.18942753970623016,1.1451547145843506,-1.256191611289978,0.7313980460166931,-0.4271903336048126,-0.48753878474235535,0.4118632376194,-0.05612397566437721,0.31813323497772217,-0.24429138004779816,0.32601383328437805,-0.06026369705796242,-1.1629505157470703,-0.18012398481369019,1.4499268531799316,0.7649899125099182,1.203896164894104,2.4601893424987793,1.8607858419418335,0.7307623624801636,-0.09417162835597992,0.23246067762374878,-0.10057417303323746,0.3914959728717804,0.35644105076789856,-0.3742735981941223,0.10925884544849396,0.29422056674957275,0.08015727996826172,0.4407024383544922,0.832045316696167,-0.07839250564575195,-0.10226680338382721,0.99166339635849,0.9062291383743286,0.40722960233688354,0.11363492906093597,0.0076805949211120605,-0.007879769429564476,0.418140709400177,0.07514190673828125,-0.43615517020225525,0.8967287540435791,-0.8630532622337341,0.4220067262649536,0.2775777578353882,0.33114078640937805,0.016878874972462654,-0.03099999949336052,-0.9213337898254395,0.3887726664543152,-4.37834074773491e-07,-0.3887726664543152,-0.9213337898254395,2.16692410504038e-06,0.38686317205429077,-0.13015073537826538,-0.03099970519542694,0.27541840076446533,0.1639084815979004,-0.031000293791294098
111,0.5146943926811218,-1.4037773609161377,0.21661899983882904,1.4197437763214111,-0.16930940747261047,1.1310088634490967,-1.2319345474243164,0.7314246296882629,-0.37234315276145935,-0.5040304064750671,0.39330652356147766,0.022963132709264755,0.28861281275749207,-0.2072560042142868,0.33923593163490295,-0.0030675637535750866,-1.1590135097503662,-0.16048283874988556,1.4512178897857666,0.7891696095466614,1.224869728088379,2.4355459213256836,1.85966157913208,0.7308837175369263,0.1109115332365036,0.28001195192337036,0.0325024388730526,0.36213937401771545,0.3002304434776306,-0.3409782648086548,-0.016662217676639557,0.15580716729164124,0.05851912498474121,0.4483463764190674,0.8365832567214966,-0.10769450664520264,-0.12750959396362305,0.9859732389450073,0.9000447988510132,0.408738911151886,0.15116837620735168,0.014796435832977295,-0.0006114374846220016,0.42156749963760376,0.04035675525665283,-0.4627167284488678,0.885587215423584,-0.8621873259544373,0.4318065047264099,0.264908105134964,0.33114075660705566,0.016878874972462654,-0.03099999949336052,-0.9213337898254395,0.38877272605895996,-4.454775819340284e-07,-0.38877272605895996,-0.9213337898254395,2.198333049818757e-06,0.386863112449646,-0.13015075027942657,-0.030999701470136642,0.27541840076446533,0.16390849649906158,-0.031000297516584396
112,0.4965202808380127,-1.4327412843704224,0.23733998835086823,1.4216794967651367,-0.15017227828502655,1.121174693107605,-1.2081727981567383,0.7314174771308899,-0.2781546413898468,-0.5102887749671936,0.3539699614048004,0.07874975353479385,0.27484840154647827,-0.1443256288766861,0.33338281512260437,-0.06335367262363434,-1.1464351415634155,-0.13981695473194122,1.4607150554656982,0.8112232685089111,1.2384002208709717,2.4150075912475586,1.8513916730880737,0.7310084104537964,0.27813026309013367,0.28577205538749695,0.1618470847606659,0.32667285203933716,0.19372332096099854,-0.28311920166015625,-0.11615030467510223,-0.003537480952218175,0.035611093044281006,0.45507362484931946,0.8402948379516602,-0.13524699211120605,-0.15304279327392578,0.9789208769798279,0.8910075426101685,0.413358211517334,0.18772467970848083,0.015133798122406006,0.0046215904876589775,0.4254852533340454,0.018474161624908447,-0.4905977249145508,0.8711904287338257,-0.8692377209663391,0.4226769208908081,0.2564569413661957,0.33114075660705566,0.016878878697752953,-0.03099999949336052,-0.9213337898254395,0.3887726962566376,-4.4652196606875805e-07,-0.3887726962566376,-0.9213337898254395,2.1882792680116836e-06,0.386863112449646,-0.13015073537826538,-0.030999701470136642,0.27541840076446533,0.1639084815979004,-0.031000297516584396
113,0.48605772852897644,-1.461113452911377,0.2557104825973511,1.4279178380966187,-0.13190746307373047,1.1123497486114502,-1.1854387521743774,0.7314372658729553,-0.14756479859352112,-0.5118061900138855,0.30205869674682617,0.15141348540782928,0.2613292336463928,-0.13369473814964294,0.31815940141677856,-0.016070785000920296,-1.1268315315246582,-0.11871720105409622,1.47754967212677,0.8303773999214172,1.2434204816818237,2.4017014503479004,1.837594985961914,0.7311285138130188,0.41743940114974976,0.28818368911743164,0.2747548222541809,0.27980008721351624,0.07210344076156616,-0.18027783930301666,-0.19308063387870789,-0.011412950232625008,0.01082688570022583,0.46057671308517456,0.8443827629089355,-0.16259527206420898,-0.18074248731136322,0.9699975252151489,0.8772461414337158,0.42353135347366333,0.22596564888954163,0.008546054363250732,0.006809634156525135,0.4300296902656555,0.013041973114013672,-0.5195267200469971,0.8543546199798584,-0.8837701082229614,0.39369434118270874,0.2528935968875885,0.33114078640937805,0.016878878697752953,-0.03099999949336052,-0.9213337898254395,0.3887726962566376,-4.5440935991791775e-07,-0.3887726962566376,-0.9213337898254395,2.178493105020607e-06,0.38686317205429077,-0.13015073537826538,-0.030999701470136642,0.27541840076446533,0.1639084815979004,-0.031000297516584396
114,0.48629510402679443,-1.4875879287719727,0.26809293031692505,1.4373908042907715,-0.11428490281105042,1.103702187538147,-1.16452157497406,0.7314194440841675,0.04528213292360306,-0.47180256247520447,0.16811391711235046,0.19688856601715088,0.24961566925048828,-0.12903958559036255,0.2935546338558197,-0.060470759868621826,-1.1027910709381104,-0.09999148547649384,1.5004793405532837,0.8447351455688477,1.243762493133545,2.4002294540405273,1.8232829570770264,0.7312787175178528,0.5180779695510864,0.2490057349205017,0.36825644969940186,0.2046525627374649,0.004144883248955011,-0.01361103355884552,-0.1991831511259079,-0.028654400259256363,-0.01447373628616333,0.4630167484283447,0.8490563631057739,-0.1859186887741089,-0.2133122980594635,0.9591308832168579,0.8578119277954102,0.4407923221588135,0.26431193947792053,-0.003990769386291504,0.005323826335370541,0.43599700927734375,0.028723835945129395,-0.5467886924743652,0.8367778658866882,-0.9021517038345337,0.34631747007369995,0.25726762413978577,0.33114078640937805,0.016878874972462654,-0.03099999949336052,-0.9213337898254395,0.3887726962566376,-4.441162104740215e-07,-0.3887726962566376,-0.9213337898254395,2.1633034066326218e-06,0.38686317205429077,-0.13015073537826538,-0.03099970519542694,0.27541840076446533,0.1639084815979004,-0.031000293791294098
115,0.49962860345840454,-1.507899522781372,0.27202221751213074,1.4479495286941528,-0.09366580098867416,1.1033140420913696,-1.145810842514038,0.7312374711036682,0.2655564844608307,-0.33141499757766724,-0.0001274668175028637,0.1826688051223755,0.2879073917865753,-0.007282093167304993,0.26271602511405945,-0.033579107373952866,-1.0766658782958984,-0.0911034345626831,1.5262013673782349,0.8584722876548767,1.2398561239242554,2.4083845615386963,1.81303071975708,0.731322169303894,0.573357343673706,0.0952489897608757,0.4111410975456238,0.1992645412683487,-0.05529133230447769,0.11990903317928314,-0.14297835528850555,-0.0024576864670962095,-0.035485029220581055,0.46261948347091675,0.8511376976966858,-0.1895204782485962,-0.2479197084903717,0.9500620365142822,0.835304856300354,0.4678742289543152,0.28872066736221313,-0.020215332508087158,0.0014126766473054886,0.44076257944107056,0.056656718254089355,-0.5627622008323669,0.8246750235557556,-0.9220929145812988,0.28720611333847046,0.25934040546417236,0.33114075660705566,0.016878876835107803,-0.03099999949336052,-0.9213337898254395,0.38877272605895996,-4.5356773625826463e-07,-0.38877272605895996,-0.9213337898254395,2.1957278022455284e-06,0.386863112449646,-0.13015075027942657,-0.030999701470136642,0.27541840076446533,0.16390849649906158,-0.031000297516584396
116,0.5191342830657959,-1.5205281972885132,0.26931288838386536,1.457650899887085,-0.07140882313251495,1.1069601774215698,-1.1275067329406738,0.7310916781425476,0.33802899718284607,-0.19552604854106903,-0.08816829323768616,0.15493144094944,0.3101404011249542,0.049398306757211685,0.2562769055366516,-0.010685915127396584,-1.0485258102416992,-0.08911068737506866,1.5529602766036987,0.8724885582923889,1.2376208305358887,2.4196131229400635,1.807175874710083,0.7313286662101746,0.6013669967651367,-0.002049186499789357,0.4245050251483917,0.20577001571655273,-0.03040393814444542,0.16164034605026245,-0.0813363716006279,-0.008854489773511887,-0.050551533699035645,0.4607076048851013,0.8518049120903015,-0.17576253414154053,-0.2823897898197174,0.9430607557296753,0.812738299369812,0.49893057346343994,0.30087339878082275,-0.03768390417098999,-0.0029005790129303932,0.4446467161178589,0.08910477161407471,-0.5703833699226379,0.8165311813354492,-0.9395399689674377,0.22400808334350586,0.25900784134864807,0.33114078640937805,0.016878871247172356,-0.03099999949336052,-0.9213337898254395,0.38877272605895996,-4.3978670305477863e-07,-0.38877272605895996,-0.9213337898254395,2.1785426724818535e-06,0.38686317205429077,-0.13015075027942657,-0.03099970519542694,0.2754184305667877,0.16390849649906158,-0.031000293791294098
117,0.5393420457839966,-1.530138373374939,0.2629152834415436,1.4636770486831665,-0.048392586410045624,1.1106014251708984,-1.1088497638702393,0.7310314178466797,0.33765989542007446,-0.16066065430641174,-0.13031120598316193,0.10288027673959732,0.3208026587963104,0.048799026757478714,0.260970801115036,-0.004691918380558491,-1.0188448429107666,-0.08859938383102417,1.579725980758667,0.88633131980896,1.24204421043396,2.4289419651031494,1.8057698011398315,0.7313246726989746,0.6095635294914246,-0.016775937750935555,0.42088425159454346,0.20580431818962097,0.06460156291723251,0.13457366824150085,-0.019145559519529343,-0.00515348557382822,-0.06143200397491455,0.45821067690849304,0.8516438603401184,-0.15232419967651367,-0.3154044449329376,0.9366523027420044,0.7909208536148071,0.5293976068496704,0.30689164996147156,-0.05469745397567749,-0.006266640033572912,0.4489442706108093,0.12207764387130737,-0.5750287771224976,0.808974027633667,-0.9519349336624146,0.16286110877990723,0.25941476225852966,0.33114078640937805,0.016878874972462654,-0.03099999949336052,-0.9213337898254395,0.3887726962566376,-4.4942976273887325e-07,-0.3887726962566376,-0.9213337898254395,2.169827212128439e-06,0.38686317205429077,-0.13015073537826538,-0.03099970519542694,0.27541840076446533,0.1639084815979004,-0.031000293791294098
118,0.558557391166687,-1.5399028062820435,0.2524627447128296,1.4661595821380615,-0.024010052904486656,1.1142830848693848,-1.0892442464828491,0.7310092449188232,0.3303566575050354,-0.16577556729316711,-0.19683805108070374,0.05286704748868942,0.33871927857398987,0.04971151426434517,0.27426210045814514,-0.007589973509311676,-0.9884493947029114,-0.08714964240789413,1.6057335138320923,0.9001661539077759,1.2539522647857666,2.4356284141540527,1.8089525699615479,0.7313239574432373,0.6095682978630066,0.0012667173286899924,0.40696021914482117,0.20864200592041016,0.17036554217338562,0.0971684381365776,0.04560490697622299,-0.03809070214629173,-0.06950682401657104,0.45446738600730896,0.8508914709091187,-0.12159419059753418,-0.3485635221004486,0.9293644428253174,0.7697704434394836,0.5579946041107178,0.3099927008152008,-0.07070118188858032,-0.008572626858949661,0.454429030418396,0.154668927192688,-0.5790651440620422,0.8004754781723022,-0.9592529535293579,0.10589635372161865,0.26195356249809265,0.33114078640937805,0.016878878697752953,-0.03099999949336052,-0.9213337898254395,0.3887726962566376,-4.743193642298138e-07,-0.3887726962566376,-0.9213337898254395,2.168166702176677e-06,0.38686317205429077,-0.13015073537826538,-0.030999701470136642,0.27541840076446533,0.1639084815979004,-0.031000297516584396
119,0.5759907960891724,-1.5502784252166748,0.23699097335338593,1.4655194282531738,0.0015167888486757874,1.1160486936569214,-1.0684289932250977,0.7310061454772949,0.30865728855133057,-0.16888725757598877,-0.27607816457748413,0.005829293746501207,0.35351425409317017,0.02286619320511818,0.2911706864833832,-0.003090905025601387,-0.9572046399116516,-0.08159574121236801,1.6303702592849731,0.9120246767997742,1.272835373878479,2.4407875537872314,1.8165479898452759,0.7313477993011475,0.6047510504722595,0.06826398521661758,0.3830501437187195,0.17966113984584808,0.2681639492511749,0.07740893959999084,0.10691232979297638,-0.008311232551932335,-0.07515132427215576,0.44888991117477417,0.8505203723907471,-0.08535325527191162,-0.38368290662765503,0.9195119142532349,0.7490041851997375,0.5838851928710938,0.31316256523132324,-0.08564722537994385,-0.010757256299257278,0.46220308542251587,0.19018447399139404,-0.5837835073471069,0.7893203496932983,-0.9612945914268494,0.05252593755722046,0.2704695165157318,0.33114078640937805,0.016878876835107803,-0.03099999949336052,-0.9213337898254395,0.3887726962566376,-4.4501823026621423e-07,-0.3887726962566376,-0.9213337898254395,2.184882987421588e-06,0.38686317205429077,-0.13015073537826538,-0.030999701470136642,0.27541840076446533,0.1639084815979004,-0.031000297516584396
120,0.5914044380187988,-1.5617742538452148,0.21743647754192352,1.4615918397903442,0.027952922508120537,1.1164253950119019,-1.0466731786727905,0.7310087084770203,0.27844759821891785,-0.1851392239332199,-0.3335478901863098,-0.042815595865249634,0.3662598133087158,0.004441389814019203,0.3045006990432739,-0.008273969404399395,-0.9256211519241333,-0.07208780199289322,1.6529016494750977,0.9219945669174194,1.2960929870605469,2.444115161895752,1.8279415369033813,0.7313590049743652,0.5960355401039124,0.12869371473789215,0.3491283655166626,0.15355512499809265,0.3292991518974304,0.05183878540992737,0.16016192734241486,-0.008930723182857037,-0.0786290168762207,0.4419025480747223,0.8502236604690552,-0.04441714286804199,-0.41941988468170166,0.9067051410675049,0.7289320230484009,0.6070277690887451,0.3165048658847809,-0.09934985637664795,-0.013112965039908886,0.47168898582458496,0.22732502222061157,-0.5879615545272827,0.7762889862060547,-0.9590238332748413,0.0032616853713989258,0.28330668807029724,0.33114075660705566,0.016878869384527206,-0.03099999949336052,-0.9213337898254395,0.38877275586128235,-4.4009294697389123e-07,-0.38877275586128235,-0.9213337898254395,2.2131696368887788e-06,0.386863112449646,-0.13015075027942657,-0.030999701470136642,0.27541840076446533,0.16390849649906158,-0.031000297516584396
121,0.6067940592765808,-1.5749760866165161,0.1971305012702942,1.4538360834121704,0.05483900010585785,1.1185495853424072,-1.0250149965286255,0.7309953570365906,0.27626338601112366,-0.21082407236099243,-0.33843788504600525,-0.10152575373649597,0.3718811273574829,0.02892233058810234,0.30226483941078186,0.13043873012065887,-0.894568681716919,-0.06159747764468193,1.6729940176010132,0.9308829307556152,1.3202805519104004,2.445930004119873,1.8414949178695679,0.7313469648361206,0.5834451913833618,0.14086408913135529,0.313141793012619,0.13756321370601654,0.3416396379470825,0.029530536383390427,0.19046930968761444,-0.015021071769297123,-0.0805898904800415,0.43508651852607727,0.848409116268158,0.0010856986045837402,-0.45076990127563477,0.8926394581794739,0.7092123031616211,0.6296534538269043,0.31710320711135864,-0.11193996667861938,-0.015676062554121017,0.4814099073410034,0.26332855224609375,-0.5896220803260803,0.7635469436645508,-0.9540430307388306,-0.041811466217041016,0.29673856496810913,0.33114078640937805,0.016878873109817505,-0.03099999949336052,-0.9213337898254395,0.3887726366519928,-4.7516110157630465e-07,-0.3887726366519928,-0.9213337898254395,2.1724483758589486e-06,0.38686317205429077,-0.13015073537826538,-0.030999701470136642,0.27541840076446533,0.1639084815979004,-0.031000297516584396
122,0.6230143904685974,-1.5894482135772705,0.17711523175239563,1.4442243576049805,0.08194746822118759,1.1226282119750977,-1.0031561851501465,0.7309937477111816,0.2920082211494446,-0.23469851911067963,-0.3354784846305847,-0.12368903309106827,0.37594732642173767,0.05651374161243439,0.30569586157798767,0.04092199355363846,-0.8638189435005188,-0.050636984407901764,1.6907020807266235,0.9386606812477112,1.3441828489303589,2.447709083557129,1.8566057682037354,0.7313427329063416,0.5723577737808228,0.14967480301856995,0.27756398916244507,0.12131956219673157,0.3369435667991638,0.028700288385152817,0.21275100111961365,-0.033943045884370804,-0.08218955993652344,0.42859548330307007,0.845441460609436,0.04996907711029053,-0.47750797867774963,0.8772053718566895,0.6884857416152954,0.6527388095855713,0.31610041856765747,-0.12359046936035156,-0.01892819255590439,0.49128592014312744,0.2990981936454773,-0.5882732272148132,0.7513154745101929,-0.9467126131057739,-0.08435404300689697,0.31083717942237854,0.33114078640937805,0.016878876835107803,-0.03099999949336052,-0.9213337898254395,0.3887726962566376,-4.5025228700978914e-07,-0.3887726962566376,-0.9213337898254395,2.1841162833879935e-06,0.38686317205429077,-0.13015073537826538,-0.030999701470136642,0.27541840076446533,0.1639084815979004,-0.031000297516584396
123,0.6409735679626465,-1.6046485900878906,0.1575959175825119,1.435073971748352,0.10903731733560562,1.1282870769500732,-0.9807389378547668,0.7309972047805786,0.3226032555103302,-0.2513275146484375,-0.3320938050746918,-0.1113712415099144,0.37640106678009033,0.07734138518571854,0.3138778507709503,-0.009741993620991707,-0.8333372473716736,-0.03945968672633171,1.7058840990066528,0.9447235465049744,1.3666647672653198,2.45100998878479,1.8736169338226318,0.7313472628593445,0.55962073802948,0.15436145663261414,0.24014173448085785,0.09467140585184097,0.3160566985607147,0.050104618072509766,0.23951388895511627,-0.03532885015010834,-0.08447974920272827,0.42196589708328247,0.8420791029930115,0.10117292404174805,-0.5002970099449158,0.8599225878715515,0.6652101874351501,0.6767425537109375,0.3154597580432892,-0.13425201177597046,-0.02339589223265648,0.5012299418449402,0.3357616066932678,-0.5824763178825378,0.7402603626251221,-0.936940610408783,-0.12560546398162842,0.3261372447013855,0.33114078640937805,0.016878876835107803,-0.03099999949336052,-0.9213337898254395,0.3887726962566376,-4.6110000084809144e-07,-0.3887726962566376,-0.9213337898254395,2.177697979277582e-06,0.38686317205429077,-0.13015073537826538,-0.030999701470136642,0.27541840076446533,0.1639084815979004,-0.031000297516584396
124,0.6597650647163391,-1.6202726364135742,0.13761810958385468,1.425955891609192,0.13606619834899902,1.13410484790802,-0.9581403732299805,0.730979859828949,0.335282564163208,-0.25229611992836,-0.34160903096199036,-0.11471692472696304,0.37455806136131287,0.07933491468429565,0.31578874588012695,0.030538802966475487,-0.8029691576957703,-0.027508879080414772,1.7184092998504639,0.9477776885032654,1.3884443044662476,2.4554851055145264,1.8926795721054077,0.7313541769981384,0.5447450876235962,0.16750173270702362,0.20035946369171143,0.04868411272764206,0.3054957389831543,0.06638884544372559,0.26798495650291443,-0.03881566599011421,-0.08692806959152222,0.4149027466773987,0.8387840986251831,0.15396225452423096,-0.5196294784545898,0.8404052257537842,0.6398054361343384,0.7005826234817505,0.3159635663032532,-0.14370721578598022,-0.028865279629826546,0.5112987756729126,0.3735279440879822,-0.5721455216407776,0.7301549911499023,-0.9244588613510132,-0.1646864414215088,0.343881219625473,0.33114078640937805,0.016878874972462654,-0.03099999949336052,-0.9213337898254395,0.38877275586128235,-4.429375337622332e-07,-0.38877275586128235,-0.9213337898254395,2.200361905124737e-06,0.3868631422519684,-0.13015075027942657,-0.030999701470136642,0.2754184305667877,0.16390849649906158,-0.031000297516584396
125,0.6794779300689697,-1.635491967201233,0.11747601628303528,1.4176228046417236,0.16288001835346222,1.1397366523742676,-0.9352861642837524,0.7309629321098328,0.3505633771419525,-0.24796541035175323,-0.34570416808128357,-0.10129202157258987,0.37221789360046387,0.07599262148141861,0.3196752071380615,0.057865239679813385,-0.7731766700744629,-0.014719945378601551,1.728909969329834,0.9478017091751099,1.4088724851608276,2.4619123935699463,1.9130250215530396,0.7313660979270935,0.5290805697441101,0.18074367940425873,0.1706770807504654,0.0036554306279867887,0.28555530309677124,0.09356508404016495,0.28622907400131226,-0.03532041981816292,-0.089599609375,0.40749818086624146,0.835854709148407,0.2079153060913086,-0.5351372361183167,0.8187791705131531,0.6120595335960388,0.7241233587265015,0.3178498148918152,-0.15184062719345093,-0.03557596728205681,0.5214347243309021,0.4126588702201843,-0.5572767853736877,0.720524251461029,-0.9091013669967651,-0.20248198509216309,0.36405447125434875,0.33114075660705566,0.016878874972462654,-0.03099999949336052,-0.9213337898254395,0.3887726962566376,-4.5920290858703083e-07,-0.3887726962566376,-0.9213337898254395,2.1970427042106166e-06,0.386863112449646,-0.13015073537826538,-0.030999701470136642,0.27541840076446533,0.1639084815979004,-0.031000297516584396
126,0.6999366879463196,-1.6504075527191162,0.09718748927116394,1.4107639789581299,0.18936820328235626,1.1450234651565552,-0.912202775478363,0.7309651374816895,0.3631780445575714,-0.24831439554691315,-0.34915614128112793,-0.07718104869127274,0.3666132688522339,0.06869488954544067,0.32192108035087585,0.07030366361141205,-0.7438106536865234,-0.0009410171769559383,1.7374547719955444,0.9445966482162476,1.4270883798599243,2.4705615043640137,1.9343873262405396,0.7313796281814575,0.5118941068649292,0.19615592062473297,0.1413325071334839,-0.045081861317157745,0.25346383452415466,0.1246057078242302,0.300525039434433,-0.036654502153396606,-0.09277880191802979,0.3994225859642029,0.8335217237472534,0.26209336519241333,-0.5470245480537415,0.7950291037559509,0.581903874874115,0.7467944025993347,0.32200297713279724,-0.15856397151947021,-0.04366738349199295,0.5314233303070068,0.4530665874481201,-0.5372958183288574,0.7113676071166992,-0.8906993269920349,-0.2395104169845581,0.38637998700141907,0.33114078640937805,0.016878873109817505,-0.03099999949336052,-0.9213337898254395,0.38877272605895996,-4.393934034396807e-07,-0.38877272605895996,-0.9213337898254395,2.177563146688044e-06,0.38686317205429077,-0.13015075027942657,-0.03099970519542694,0.2754184305667877,0.16390849649906158,-0.031000293791294098
127,0.7220265865325928,-1.665550947189331,0.07774590700864792,1.4047421216964722,0.21573632955551147,1.1506059169769287,-0.8888042569160461,0.7309387922286987,0.38803479075431824,-0.2540086805820465,-0.3367566466331482,-0.06536491960287094,0.3654375672340393,0.0730140432715416,0.3265002369880676,0.07583099603652954,-0.7148908376693726,0.013932102359831333,1.7436127662658691,0.938054084777832,1.4426112174987793,2.4814341068267822,1.956613302230835,0.7313894629478455,0.488008975982666,0.2135230004787445,0.10448791086673737,-0.09531224519014359,0.21486596763134003,0.15575408935546875,0.31247183680534363,-0.045662540942430496,-0.09672039747238159,0.3910864293575287,0.8312586545944214,0.3167368173599243,-0.5537654161453247,0.7700789570808411,0.5486727952957153,0.769228994846344,0.3274827003479004,-0.16361278295516968,-0.052999380975961685,0.5410845279693604,0.49404269456863403,-0.5121359825134277,0.7025941014289856,-0.8692747950553894,-0.27531683444976807,0.41056302189826965,0.33114078640937805,0.016878871247172356,-0.03099999949336052,-0.9213337898254395,0.38877272605895996,-4.3277589156787144e-07,-0.38877272605895996,-0.9213337898254395,2.2048416212783195e-06,0.38686317205429077,-0.13015075027942657,-0.030999701470136642,0.2754184305667877,0.16390849649906158,-0.031000297516584396
128,0.7461237907409668,-1.6810153722763062,0.060123782604932785,1.4003620147705078,0.24206139147281647,1.1557737588882446,-0.8652733564376831,0.7309324741363525,0.4165761172771454,-0.26764369010925293,-0.30854177474975586,-0.03552507609128952,0.36529895663261414,0.06501078605651855,0.3278435468673706,0.11814849078655243,-0.6871739625930786,0.03026476316154003,1.7486013174057007,0.9280374646186829,1.4541754722595215,2.493523359298706,1.979899525642395,0.7313960790634155,0.4648784399032593,0.23402322828769684,0.08691181987524033,-0.14829742908477783,0.15858538448810577,0.17316246032714844,0.32689622044563293,-0.011381350457668304,-0.10222518444061279,0.3823534846305847,0.8293835520744324,0.37038373947143555,-0.5552111864089966,0.7446854114532471,0.5114361047744751,0.7911342978477478,0.33546921610832214,-0.1671188473701477,-0.0634320080280304,0.5499650239944458,0.5345516204833984,-0.4809812903404236,0.6949183940887451,-0.8451164364814758,-0.30978262424468994,0.43567535281181335,0.33114078640937805,0.016878871247172356,-0.03099999949336052,-0.9213337898254395,0.38877272605895996,-4.361965579846583e-07,-0.38877272605895996,-0.9213337898254395,2.1930470666120527e-06,0.38686317205429077,-0.13015075027942657,-0.030999701470136642,0.2754184305667877,0.16390849649906158,-0.031000297516584396
129,0.7717277407646179,-1.6970878839492798,0.04457740858197212,1.3982576131820679,0.26831910014152527,1.1598365306854248,-0.8417942523956299,0.7309438586235046,0.4361385703086853,-0.2842123508453369,-0.2766445279121399,0.0027862642891705036,0.3662450313568115,0.04912964254617691,0.32770851254463196,0.06556004285812378,-0.6604660153388977,0.04822861775755882,1.7530792951583862,0.9144854545593262,1.460886001586914,2.50642728805542,2.0041539669036865,0.7314049005508423,0.445241242647171,0.25706008076667786,0.07878517359495163,-0.2020641267299652,0.08911444246768951,0.1839970052242279,0.34075841307640076,-0.04452712461352348,-0.10970491170883179,0.3727215528488159,0.8282021880149841,0.42154014110565186,-0.5521397590637207,0.7193369269371033,0.4702409505844116,0.8113673329353333,0.34721246361732483,-0.16932618618011475,-0.07501291483640671,0.5578098297119141,0.5740871429443359,-0.4430553913116455,0.6885679960250854,-0.8181626796722412,-0.3434246778488159,0.46116071939468384,0.33114078640937805,0.016878874972462654,-0.03099999949336052,-0.9213337898254395,0.3887726962566376,-4.4930916942576005e-07,-0.3887726962566376,-0.9213337898254395,2.1863036181457574e-06,0.38686317205429077,-0.13015073537826538,-0.030999701470136642,0.27541840076446533,0.1639084815979004,-0.031000297516584396
130,0.7985171675682068,-1.7139095067977905,0.031463928520679474,1.3986679315567017,0.2944870889186859,1.1624668836593628,-0.8184536099433899,0.7309682965278625,0.4503691494464874,-0.30255967378616333,-0.23873065412044525,0.04407309740781784,0.3665481209754944,0.028528355062007904,0.3261764943599701,0.060842353850603104,-0.6346388459205627,0.06790199875831604,1.7571344375610352,0.8974104523658752,1.4618639945983887,2.5201425552368164,2.0292766094207764,0.7314116954803467,0.4241712987422943,0.28161707520484924,0.07098289579153061,-0.2557842433452606,0.007675651926547289,0.1954863965511322,0.3528278172016144,-0.04737208038568497,-0.11932152509689331,0.36190152168273926,0.8277419805526733,0.4693847894668579,-0.5449936389923096,0.6947372555732727,0.42530450224876404,0.8290576338768005,0.36301448941230774,-0.17028504610061646,-0.08781503885984421,0.5644563436508179,0.6119318008422852,-0.397757887840271,0.6836140751838684,-0.7883310317993164,-0.37649548053741455,0.4866061210632324,0.33114078640937805,0.016878880560398102,-0.03099999949336052,-0.9213337898254395,0.3887726962566376,-4.6241518703027396e-07,-0.3887726962566376,-0.9213337898254395,2.1794510303152492e-06,0.38686317205429077,-0.13015073537826538,-0.030999701470136642,0.27541840076446533,0.1639084815979004,-0.031000297516584396
131,0.8259404897689819,-1.73149573802948,0.02059217542409897,1.4020918607711792,0.3204491436481476,1.1625699996948242,-0.7955862879753113,0.7310022711753845,0.457843154668808,-0.3233693838119507,-0.20517857372760773,0.0947059839963913,0.3647761046886444,-0.008805426768958569,0.31933093070983887,-0.0032131988555192947,-0.6098889112472534,0.08950295299291611,1.7615145444869995,0.877032995223999,1.4567474126815796,2.53422212600708,2.055126428604126,0.7314189076423645,0.4067789316177368,0.3087635338306427,0.07506725937128067,-0.30582770705223083,-0.0781683474779129,0.20155757665634155,0.3625357151031494,-0.005642569158226252,-0.13109785318374634,0.34916725754737854,0.8283397555351257,0.5128763318061829,-0.5352893471717834,0.671135663986206,0.37705832719802856,0.8428050875663757,0.3840658664703369,-0.17013460397720337,-0.10182000696659088,0.5698718428611755,0.6471502184867859,-0.34497371315956116,0.6798453330993652,-0.7555514574050903,-0.4091606140136719,0.5115950703620911,0.33114078640937805,0.016878873109817505,-0.03099999949336052,-0.9213337898254395,0.3887726366519928,-5.596092478299397e-07,-0.3887726366519928,-0.9213337898254395,1.809823515941389e-06,0.38686317205429077,-0.13015073537826538,-0.03099973127245903,0.27541840076446533,0.1639084815979004,-0.03100026771426201
132,0.8533113598823547,-1.7501859664916992,0.011126410216093063,1.408190131187439,0.3461146354675293,1.158614993095398,-0.7739667296409607,0.7309940457344055,0.45727694034576416,-0.34818029403686523,-0.18618576228618622,0.13960833847522736,0.36237409710884094,-0.06652888655662537,0.3023664653301239,0.04191479831933975,-0.5860697627067566,0.11330445110797882,1.7673062086105347,0.8537664413452148,1.4466564655303955,2.5478692054748535,2.081338882446289,0.7314289212226868,0.39589154720306396,0.3397698998451233,0.09695414453744888,-0.348600834608078,-0.14940470457077026,0.19433186948299408,0.368457168340683,-0.051328059285879135,-0.14459741115570068,0.3336465656757355,0.830237627029419,0.5513489246368408,-0.5250024795532227,0.6483723521232605,0.32627132534980774,0.8509615659713745,0.4115961790084839,-0.16912662982940674,-0.11685696244239807,0.5743345022201538,0.6790667772293091,-0.2855580747127533,0.6762580275535583,-0.7195146083831787,-0.4415022134780884,0.5360733270645142,0.33114078640937805,0.016878874972462654,-0.03099999949336052,-0.9213337898254395,0.3887726962566376,-4.5091141487318964e-07,-0.3887726962566376,-0.9213337898254395,2.1890989501116564e-06,0.38686317205429077,-0.13015073537826538,-0.030999701470136642,0.27541840076446533,0.1639084815979004,-0.031000297516584396
133,0.8802940249443054,-1.7702808380126953,0.004464844707399607,1.4132622480392456,0.3694499135017395,1.1527265310287476,-0.7596789598464966,0.7310107946395874,0.43869829177856445,-0.3562571704387665,-0.13485336303710938,0.1124655231833458,0.32930251955986023,-0.0901716947555542,0.19975383579730988,-0.015060419216752052,-0.567466676235199,0.13706639409065247,1.7758252620697021,0.8277908563613892,1.4268240928649902,2.55972957611084,2.1077325344085693,0.7313888669013977,0.3001224100589752,0.33705994486808777,0.12795773148536682,-0.3926486670970917,-0.2872367203235626,0.1685178130865097,0.3704930543899536,-0.04881348833441734,-0.15819329023361206,0.31737345457077026,0.8316215872764587,0.5803772211074829,-0.5132223963737488,0.6322698593139648,0.2763277590274811,0.8544615507125854,0.4399300515651703,-0.16776365041732788,-0.1325342208147049,0.5761680603027344,0.7021697163581848,-0.21903562545776367,0.6774815320968628,-0.68404620885849,-0.47156691551208496,0.5565120577812195,0.33114078640937805,0.016878878697752953,-0.03099999949336052,-0.9213337898254395,0.3887726962566376,-4.444374042122945e-07,-0.3887726962566376,-0.9213337898254395,2.1750906853412744e-06,0.38686317205429077,-0.13015073537826538,-0.03099970519542694,0.27541840076446533,0.1639084815979004,-0.031000293791294098
134,0.9064977169036865,-1.7896159887313843,-0.0004685846215579659,1.4188847541809082,0.38890448212623596,1.1471707820892334,-0.7524812817573547,0.7309894561767578,0.4314318597316742,-0.34204936027526855,-0.11468049138784409,0.12046638876199722,0.27455824613571167,-0.08610555529594421,0.10059167444705963,0.04071487486362457,-0.5554805994033813,0.15887956321239471,1.7859593629837036,0.8006484508514404,1.4016995429992676,2.5707716941833496,2.134727954864502,0.7313401699066162,0.19120654463768005,0.3099445700645447,0.1464853733778,-0.40721243619918823,-0.36081886291503906,0.15655528008937836,0.37886518239974976,-0.04828108474612236,-0.1705704927444458,0.30068376660346985,0.8324130773544312,0.6006578207015991,-0.5017998814582825,0.6224203705787659,0.22985662519931793,0.854023814201355,0.4667004346847534,-0.16571968793869019,-0.14774037897586823,0.5762761831283569,0.7158927917480469,-0.1500694304704666,0.681891918182373,-0.6507847905158997,-0.4972151517868042,0.5738083720207214,0.33114075660705566,0.016878874972462654,-0.03099999949336052,-0.9213337898254395,0.3887726962566376,-4.435918015133211e-07,-0.3887726962566376,-0.9213337898254395,2.2053079646866536e-06,0.386863112449646,-0.13015073537826538,-0.030999701470136642,0.27541840076446533,0.1639084815979004,-0.031000297516584396
135,0.9318976402282715,-1.808092474937439,-0.004438986070454121,1.4260989427566528,0.4035951793193817,1.1409002542495728,-0.7525292038917542,0.7310031652450562,0.4185757637023926,-0.3343038558959961,-0.10037191957235336,0.1473613828420639,0.20824244618415833,-0.09736268222332001,-0.001008603605441749,0.011279506608843803,-0.5505110025405884,0.17597588896751404,1.797781229019165,0.773725152015686,1.374451994895935,2.580230474472046,2.162142276763916,0.7312768697738647,0.09494494646787643,0.23658554255962372,0.17022988200187683,-0.40370023250579834,-0.3886909782886505,0.1340486705303192,0.3839874267578125,0.01240362599492073,-0.18154090642929077,0.28274574875831604,0.8331975340843201,0.611770749092102,-0.49434638023376465,0.6175420880317688,0.18762263655662537,0.8490791916847229,0.49382415413856506,-0.1638859510421753,-0.1613469421863556,0.5747570395469666,0.7193032503128052,-0.08204273134469986,0.6898345947265625,-0.6224578022956848,-0.5170331001281738,0.5875568389892578,0.33114075660705566,0.016878874972462654,-0.03099999949336052,-0.9213337898254395,0.3887726962566376,-4.486623481625429e-07,-0.3887726962566376,-0.9213337898254395,2.1959806417726213e-06,0.386863112449646,-0.13015073537826538,-0.030999701470136642,0.27541840076446533,0.1639084815979004,-0.031000297516584396
136,0.9561684131622314,-1.8269039392471313,-0.006929938215762377,1.432801604270935,0.41559842228889465,1.1328058242797852,-0.7621423006057739,0.7310234308242798,0.39410388469696045,-0.337964802980423,-0.07173033058643341,0.13722845911979675,0.17090508341789246,-0.1218096986413002,-0.13480864465236664,-0.004747152328491211,-0.5524516701698303,0.18612059950828552,1.8117328882217407,0.7480913400650024,1.3464051485061646,2.5848400592803955,2.189521551132202,0.7311866283416748,0.0004602633707690984,0.13001957535743713,0.2007550150156021,-0.3851375877857208,-0.4000037610530853,0.06231378763914108,0.38373619318008423,-0.026249798014760017,-0.19171398878097534,0.26427578926086426,0.8336843848228455,0.6128506064414978,-0.49174410104751587,0.6185481548309326,0.14827004075050354,0.84043288230896,0.5212374925613403,-0.16390830278396606,-0.17222094535827637,0.5709899067878723,0.7106369137763977,-0.017810434103012085,0.7033334374427795,-0.603357195854187,-0.5296151638031006,0.5962110161781311,0.33114078640937805,0.016878878697752953,-0.03099999949336052,-0.9213337898254395,0.3887726962566376,-4.502269064232678e-07,-0.3887726962566376,-0.9213337898254395,2.184586037401459e-06,0.38686317205429077,-0.13015073537826538,-0.030999701470136642,0.27541840076446533,0.1639084815979004,-0.031000297516584396
137,0.9782018065452576,-1.8456779718399048,-0.009420869871973991,1.4390830993652344,0.42508506774902344,1.122877836227417,-0.7785084247589111,0.731065034866333,0.36226198077201843,-0.33580175042152405,-0.07345518469810486,0.13101717829704285,0.13503378629684448,-0.14826083183288574,-0.22950862348079681,0.016582008451223373,-0.5594558119773865,0.18964999914169312,1.8270577192306519,0.7238979935646057,1.3179277181625366,2.5851242542266846,2.216829538345337,0.7311127185821533,-0.0695265531539917,0.032738495618104935,0.21994513273239136,-0.36493709683418274,-0.4051784873008728,0.0011199095752090216,0.3824511468410492,-0.022797150537371635,-0.2004852294921875,0.2451941967010498,0.8340982794761658,0.6067204475402832,-0.4952396750450134,0.6217941641807556,0.11306536197662354,0.8280255198478699,0.5491721034049988,-0.16587764024734497,-0.18079280853271484,0.5652308464050293,0.6914728283882141,0.0429571270942688,0.7211241126060486,-0.5929015278816223,-0.5365500450134277,0.6004846096038818,0.33114078640937805,0.016878873109817505,-0.03099999949336052,-0.9213337898254395,0.3887726664543152,-4.590048092723009e-07,-0.3887726664543152,-0.9213337898254395,2.1779967482871143e-06,0.38686317205429077,-0.13015073537826538,-0.030999701470136642,0.27541840076446533,0.1639084815979004,-0.031000297516584396
138,0.9984403848648071,-1.8641968965530396,-0.009280850179493427,1.4468543529510498,0.43574342131614685,1.1083011627197266,-0.7996083498001099,0.731106698513031,0.31710851192474365,-0.3439921736717224,-0.016727890819311142,0.16353905200958252,0.15544994175434113,-0.21400301158428192,-0.29545271396636963,-0.013431502506136894,-0.5690851807594299,0.18700028955936432,1.842275619506836,0.7034167647361755,1.2891796827316284,2.580019950866699,2.243922472000122,0.7310266494750977,-0.10564254224300385,-0.0581401027739048,0.219125896692276,-0.30822792649269104,-0.4075716733932495,-0.07567985355854034,0.3793072998523712,-0.012867984361946583,-0.21097332239151,0.22499459981918335,0.8350125551223755,0.5943202972412109,-0.5043603777885437,0.6264216303825378,0.07696224749088287,0.8110033273696899,0.5799572467803955,-0.17002063989639282,-0.18700164556503296,0.5574331879615784,0.6619985699653625,0.09847787022590637,0.7430074214935303,-0.5919463634490967,-0.5393732786178589,0.5988956689834595,0.33114078640937805,0.016878873109817505,-0.03099999949336052,-0.9213337898254395,0.3887726962566376,-4.4083230932301376e-07,-0.3887726962566376,-0.9213337898254395,2.200557446485618e-06,0.38686317205429077,-0.13015073537826538,-0.030999701470136642,0.27541840076446533,0.1639084815979004,-0.031000297516584396
139,1.0160267353057861,-1.88321852684021,-0.004688586574047804,1.4553489685058594,0.44814684987068176,1.0899937152862549,-0.8244671821594238,0.7311348915100098,0.25869521498680115,-0.35177111625671387,0.06460149586200714,0.17325028777122498,0.18133185803890228,-0.2645014524459839,-0.34793564677238464,-0.0186814796179533,-0.5815317034721375,0.17813774943351746,1.857749104499817,0.6886927485466003,1.2601864337921143,2.5687994956970215,2.2706122398376465,0.7309703230857849,-0.14706118404865265,-0.14933894574642181,0.22201606631278992,-0.22155144810676575,-0.409161239862442,-0.16252313554286957,0.3734716475009918,0.029045345261693,-0.224371075630188,0.20465773344039917,0.8354915380477905,0.575121283531189,-0.5186322331428528,0.6326580047607422,0.03970876708626747,0.7901425957679749,0.6116353869438171,-0.17641055583953857,-0.1907179057598114,0.54732745885849,0.6220593452453613,0.14687606692314148,0.7690706253051758,-0.6014584302902222,-0.5392342805862427,0.589469313621521,0.33114078640937805,0.016878874972462654,-0.03099999949336052,-0.9213337898254395,0.3887726366519928,-4.3798377191706095e-07,-0.3887726366519928,-0.9213337898254395,2.1922242012806237e-06,0.38686317205429077,-0.13015073537826538,-0.030999701470136642,0.27541840076446533,0.1639084815979004,-0.031000297516584396
140,1.0312490463256836,-1.9024465084075928,0.004911121446639299,1.4641262292861938,0.46279290318489075,1.0699468851089478,-0.8501713871955872,0.73114013671875,0.21247318387031555,-0.35445529222488403,0.14753711223602295,0.17636311054229736,0.21314333379268646,-0.2878570556640625,-0.3598862290382385,-0.006764919497072697,-0.5926074385643005,0.16732102632522583,1.8734040260314941,0.6785355806350708,1.2312239408493042,2.5547614097595215,2.296724796295166,0.7308817505836487,-0.11317417025566101,-0.17447656393051147,0.23032920062541962,-0.15577508509159088,-0.4082464277744293,-0.2005518525838852,0.3653111755847931,0.12845104932785034,-0.24091768264770508,0.18521884083747864,0.8347383141517639,0.5516689419746399,-0.535228967666626,0.6396805644035339,0.0007253289804793894,0.7672526240348816,0.6413445472717285,-0.18361961841583252,-0.19399140775203705,0.536271333694458,0.5760824680328369,0.19109204411506653,0.7947406768798828,-0.6137762069702148,-0.540989875793457,0.5749857425689697,0.33114078640937805,0.016878878697752953,-0.03099999949336052,-0.9213337898254395,0.3887726962566376,-4.332880223500979e-07,-0.3887726962566376,-0.9213337898254395,2.1878108782402705e-06,0.38686317205429077,-0.13015073537826538,-0.03099970519542694,0.27541840076446533,0.1639084815979004,-0.031000293791294098
141,1.0454460382461548,-1.9213314056396484,0.019440291449427605,1.473593831062317,0.4777447581291199,1.048440933227539,-0.8769022822380066,0.7311465740203857,0.1945561021566391,-0.3499143421649933,0.2211560755968094,0.18716245889663696,0.21816198527812958,-0.30779168009757996,-0.3740553557872772,-0.025838341563940048,-0.6044946312904358,0.1556076556444168,1.8910911083221436,0.6715734004974365,1.2022467851638794,2.5385429859161377,2.321526288986206,0.730845034122467,-0.12894506752490997,-0.18546344339847565,0.25681525468826294,-0.10952451825141907,-0.4079376459121704,-0.2308078557252884,0.3468586504459381,0.17416854202747345,-0.259941041469574,0.16645574569702148,0.8326833844184875,0.5237352252006531,-0.5544077157974243,0.6467870473861694,-0.039480060338974,0.7426333427429199,0.668533444404602,-0.1911488175392151,-0.19718345999717712,0.5244444608688354,0.5257015228271484,0.230735644698143,0.8187789916992188,-0.6274915933609009,-0.5446957349777222,0.5563821196556091,0.33114078640937805,0.016878874972462654,-0.03099999949336052,-0.9213337898254395,0.38877272605895996,-4.4252269049138704e-07,-0.38877272605895996,-0.9213337898254395,2.179783223255072e-06,0.38686317205429077,-0.13015075027942657,-0.03099970519542694,0.2754184305667877,0.16390849649906158,-0.031000293791294098
142,1.0583925247192383,-1.9395719766616821,0.03653267025947571,1.4839231967926025,0.49220454692840576,1.025586485862732,-0.904461145401001,0.7311633229255676,0.17618827521800995,-0.34021124243736267,0.25729161500930786,0.19961100816726685,0.21129168570041656,-0.32673031091690063,-0.3856070637702942,-0.028290005400776863,-0.6184348464012146,0.14383648335933685,1.9105713367462158,0.6671369075775146,1.1732971668243408,2.5207276344299316,2.344275951385498,0.7308160662651062,-0.16599898040294647,-0.1836620569229126,0.2789277136325836,-0.07196863740682602,-0.4070376753807068,-0.2528049945831299,0.31809201836586,0.21150706708431244,-0.28009891510009766,0.1477319747209549,0.829541802406311,0.49276602268218994,-0.5766963362693787,0.6516156792640686,-0.07951933145523071,0.7158665657043457,0.6936943531036377,-0.19839179515838623,-0.2002275437116623,0.5120704174041748,0.473011314868927,0.26464664936065674,0.8403705358505249,-0.6420796513557434,-0.5496038198471069,0.534480631351471,0.33114078640937805,0.016878876835107803,-0.03099999949336052,-0.9213337898254395,0.3887726664543152,-4.5521488800659426e-07,-0.3887726664543152,-0.9213337898254395,2.1744704099546652e-06,0.38686317205429077,-0.13015073537826538,-0.030999701470136642,0.27541840076446533,0.1639084815979004,-0.031000297516584396
143,1.0708051919937134,-1.957223653793335,0.05588729307055473,1.494187831878662,0.5064741969108582,1.0018301010131836,-0.9326833486557007,0.7311660647392273,0.1652543991804123,-0.3284226953983307,0.2925410270690918,0.19557876884937286,0.20866766571998596,-0.3381959795951843,-0.39470311999320984,-0.028990784659981728,-0.6340326070785522,0.13309091329574585,1.9320077896118164,0.664066731929779,1.1443884372711182,2.5009610652923584,2.3641624450683594,0.7307960987091064,-0.1856837272644043,-0.1682906597852707,0.3071644902229309,-0.05303313583135605,-0.4064687192440033,-0.2800743579864502,0.27799323201179504,0.23043040931224823,-0.30095338821411133,0.12945257127285004,0.825124204158783,0.46000736951828003,-0.6005389094352722,0.6540231704711914,-0.11978404223918915,0.6878772974014282,0.7158747315406799,-0.20525884628295898,-0.20335684716701508,0.49923622608184814,0.41964226961135864,0.292714387178421,0.8591964840888977,-0.6565459370613098,-0.555742621421814,0.5099977850914001,0.33114078640937805,0.016878873109817505,-0.03099999949336052,-0.9213337898254395,0.3887726366519928,-4.763558081322117e-07,-0.3887726366519928,-0.9213337898254395,2.1717316940339515e-06,0.38686317205429077,-0.13015073537826538,-0.030999701470136642,0.27541840076446533,0.1639084815979004,-0.031000297516584396
144,1.078623652458191,-1.9737017154693604,0.0716693103313446,1.505008578300476,0.5199121832847595,0.9774214029312134,-0.9609190821647644,0.7312041521072388,0.09991846978664398,-0.30662646889686584,0.23737281560897827,0.20171628892421722,0.1963353157043457,-0.3479214906692505,-0.3948482573032379,-0.02902965433895588,-0.649447500705719,0.12476950138807297,1.9530181884765625,0.6613707542419434,1.1158181428909302,2.4818034172058105,2.381803512573242,0.7308014035224915,-0.196454256772995,-0.1278001368045807,0.29737886786460876,-0.04678582772612572,-0.4017302691936493,-0.2700551450252533,0.24655762314796448,0.22490330040454865,-0.3201543688774109,0.11089961230754852,0.8205013275146484,0.4278496503829956,-0.6280286312103271,0.6500190496444702,-0.15512587130069733,0.6574733257293701,0.7373362183570862,-0.21084237098693848,-0.20701497793197632,0.4869574308395386,0.36855441331863403,0.31637680530548096,0.8741129040718079,-0.6683686375617981,-0.5633573532104492,0.48570770025253296,0.33114078640937805,0.016878876835107803,-0.03099999949336052,-0.9213337898254395,0.3887726962566376,-4.5143528382141085e-07,-0.3887726962566376,-0.9213337898254395,2.183353672080557e-06,0.38686317205429077,-0.13015073537826538,-0.030999701470136642,0.27541840076446533,0.1639084815979004,-0.031000297516584396
145,1.0825846195220947,-1.98994779586792,0.08546122908592224,1.5143195390701294,0.5328400135040283,0.9534817337989807,-0.9885668754577637,0.7312082052230835,0.03148677200078964,-0.29922759532928467,0.22026129066944122,0.17373782396316528,0.18783067166805267,-0.3393663167953491,-0.38682669401168823,-0.013208579272031784,-0.6636650562286377,0.1167357787489891,1.9734201431274414,0.660557210445404,1.088093876838684,2.464850664138794,2.3967533111572266,0.7307994365692139,-0.1648082137107849,-0.12680287659168243,0.2934678792953491,-0.017666121944785118,-0.389202743768692,-0.23912107944488525,0.2088555544614792,0.22982558608055115,-0.3381917476654053,0.09371531754732132,0.8151448369026184,0.3963472843170166,-0.6563834547996521,0.6419264674186707,-0.18626075983047485,0.627161979675293,0.7562901377677917,-0.21533632278442383,-0.2110237330198288,0.4753374457359314,0.31955236196517944,0.3358003497123718,0.8860725164413452,-0.6772323250770569,-0.5730981826782227,0.4614270031452179,0.33114078640937805,0.016878876835107803,-0.03099999949336052,-0.9213337898254395,0.3887726962566376,-4.6225494543250534e-07,-0.3887726962566376,-0.9213337898254395,2.176940370191005e-06,0.38686317205429077,-0.13015073537826538,-0.030999701470136642,0.27541840076446533,0.1639084815979004,-0.031000297516584396
146,1.0832195281982422,-2.0075650215148926,0.10060453414916992,1.517787218093872,0.5464655756950378,0.9322483539581299,-1.014111876487732,0.7311511039733887,-0.041622914373874664,-0.30766692757606506,0.2585276663303375,0.07538538426160812,0.19578562676906586,-0.2955058813095093,-0.35716232657432556,-0.019511742517352104,-0.6738793849945068,0.10659757256507874,1.9932061433792114,0.6632951498031616,1.0629894733428955,2.4523837566375732,2.407801389694214,0.7307978868484497,-0.08179941773414612,-0.16075202822685242,0.2925557494163513,0.03614949807524681,-0.35125184059143066,-0.17606830596923828,0.15424315631389618,0.2345130443572998,-0.3561353087425232,0.08160240203142166,0.8080719709396362,0.36516743898391724,-0.6808162927627563,0.6349344849586487,-0.21404801309108734,0.6023586988449097,0.7689911127090454,-0.21910715103149414,-0.21538370847702026,0.46484822034835815,0.2733457088470459,0.3511212468147278,0.8955422639846802,-0.6813960671424866,-0.586453914642334,0.4379168450832367,0.33114075660705566,0.016878876835107803,-0.03099999949336052,-0.9213337898254395,0.38877275586128235,-4.520310881162004e-07,-0.38877275586128235,-0.9213337898254395,2.2021872609911952e-06,0.386863112449646,-0.13015075027942657,-0.030999701470136642,0.27541840076446533,0.16390849649906158,-0.031000297516584396
147,1.0808758735656738,-2.02608323097229,0.1156650185585022,1.5149682760238647,0.5639595985412598,0.912821352481842,-1.0382834672927856,0.7311070561408997,-0.07615010440349579,-0.31142500042915344,0.2507973611354828,-0.020366106182336807,0.24822808802127838,-0.2698528468608856,-0.3381213843822479,-0.023811377584934235,-0.6812596917152405,0.09774798154830933,2.010824680328369,0.6683610677719116,1.0412431955337524,2.4413254261016846,2.4162678718566895,0.730802595615387,-0.07809425890445709,-0.132362499833107,0.25264784693717957,0.07323716580867767,-0.3034418225288391,-0.15563425421714783,0.11808940768241882,0.2300557643175125,-0.37370383739471436,0.0743262842297554,0.8000626564025879,0.33646178245544434,-0.7000035643577576,0.629911482334137,-0.2402118593454361,0.5829845070838928,0.7761619091033936,-0.2221253514289856,-0.21929240226745605,0.45564186573028564,0.23221486806869507,0.3605347275733948,0.9033775329589844,-0.6833726763725281,-0.6004419326782227,0.41529643535614014,0.33114078640937805,0.016878878697752953,-0.03099999949336052,-0.9213337898254395,0.3887726962566376,-4.545868250716012e-07,-0.3887726962566376,-0.9213337898254395,2.1878961433685618e-06,0.38686317205429077,-0.13015073537826538,-0.030999701470136642,0.27541840076446533,0.1639084815979004,-0.031000297516584396
148,1.0768136978149414,-2.045637845993042,0.12952864170074463,1.5054669380187988,0.584903359413147,0.8959653973579407,-1.060407042503357,0.7310554385185242,-0.10122282058000565,-0.31582459807395935,0.23295195400714874,-0.12477505952119827,0.2943359911441803,-0.23209458589553833,-0.30959904193878174,-0.016080114990472794,-0.6866917610168457,0.09151451289653778,2.0253090858459473,0.6747881770133972,1.025008201599121,2.4316775798797607,2.422482967376709,0.7308222055435181,-0.05486870929598808,-0.09088128060102463,0.2080938220024109,0.09489620476961136,-0.22536581754684448,-0.1351441740989685,0.08659036457538605,0.21009774506092072,-0.38966214656829834,0.07153486460447311,0.7915837168693542,0.31213057041168213,-0.7132227420806885,0.6276047229766846,-0.26413050293922424,0.5694174766540527,0.7784591913223267,-0.22439247369766235,-0.22205162048339844,0.4484395980834961,0.19993561506271362,0.3638146221637726,0.9097608923912048,-0.6844490766525269,-0.6125420331954956,0.3953758180141449,0.33114078640937805,0.016878873109817505,-0.03099999949336052,-0.9213337898254395,0.3887726962566376,-4.4431544665712863e-07,-0.3887726962566376,-0.9213337898254395,2.1727560124418233e-06,0.38686317205429077,-0.13015073537826538,-0.03099970519542694,0.27541840076446533,0.1639084815979004,-0.031000293791294098
149,1.0729533433914185,-2.0590102672576904,0.143816277384758,1.492384433746338,0.6089872121810913,0.8829926252365112,-1.080430030822754,0.7309376001358032,-0.10275157541036606,0.0010761985322460532,0.2273963987827301,-0.22410960495471954,0.3373415172100067,-0.17661261558532715,-0.2799452841281891,0.06324140727519989,-0.6895977258682251,0.08748999238014221,2.0377724170684814,0.6819350719451904,1.0158131122589111,2.42195987701416,2.4271538257598877,0.7308405637741089,-0.007673754822462797,-0.05970561131834984,0.1828838735818863,0.10633723437786102,-0.12582983076572418,-0.13631808757781982,0.06500423699617386,0.19109688699245453,-0.40333986282348633,0.0751975029706955,0.7850068807601929,0.2930566072463989,-0.7168969511985779,0.6325950622558594,-0.2854495346546173,0.5658632516860962,0.7735098004341125,-0.2268352508544922,-0.22347980737686157,0.4429985284805298,0.17609316110610962,0.3620646297931671,0.9153690338134766,-0.6854488849639893,-0.6223087310791016,0.37801027297973633,0.33114078640937805,0.016878876835107803,-0.03099999949336052,-0.9213337898254395,0.3887726962566376,-4.692430195518682e-07,-0.3887726962566376,-0.9213337898254395,2.171064579670201e-06,0.38686317205429077,-0.13015073537826538,-0.030999701470136642,0.27541840076446533,0.1639084815979004,-0.031000297516584396
150,1.0748504400253296,-2.058997631072998,0.16044500470161438,1.4715179204940796,0.6351115703582764,0.8789594173431396,-1.0953246355056763,0.7307658791542053,0.005862447898834944,-7.290847861440852e-05,0.24452126026153564,-0.35877975821495056,0.3546949326992035,-0.04564371332526207,-0.21008190512657166,0.29924219846725464,-0.6879632472991943,0.08002026379108429,2.0477163791656494,0.693865180015564,1.0138497352600098,2.412442207336426,2.4333605766296387,0.7308257222175598,0.08273675292730331,-0.1183457002043724,0.1544383019208908,0.18091188371181488,-0.022130630910396576,-0.13527093827724457,0.08645979315042496,0.21308240294456482,-0.4107329845428467,0.09095105528831482,0.7829431295394897,0.285638689994812,-0.6996467709541321,0.6549082398414612,-0.3014446496963501,0.5830976366996765,0.7544058561325073,-0.23037028312683105,-0.22273117303848267,0.43814319372177124,0.153764009475708,0.35771697759628296,0.9210837483406067,-0.6877251267433167,-0.6305911540985107,0.3597072958946228,0.33114078640937805,0.016878871247172356,-0.03099999949336052,-0.9213337898254395,0.38877275586128235,-4.3191897702854476e-07,-0.38877275586128235,-0.9213337898254395,2.185193807235919e-06,0.3868631422519684,-0.13015075027942657,-0.03099970519542694,0.2754184305667877,0.16390849649906158,-0.031000293791294098
151,1.081915020942688,-2.058997392654419,0.17705154418945312,1.4499611854553223,0.6616480350494385,0.8778229355812073,-1.1058717966079712,0.7307683229446411,0.09939693659543991,-9.777855302672833e-05,0.2346639186143875,-0.3342688977718353,0.3651565611362457,-0.01315777562558651,-0.14943163096904755,0.2955307066440582,-0.681817889213562,0.07200737297534943,2.0572946071624756,0.7075472474098206,1.014933466911316,2.4037580490112305,2.441087007522583,0.7308232188224792,0.16144269704818726,-0.12277393043041229,0.15258294343948364,0.20227546989917755,0.019787829369306564,-0.12221985310316086,0.10770141333341599,0.2160230278968811,-0.41647887229919434,0.10576982796192169,0.7800922989845276,0.2852574586868286,-0.676629364490509,0.6788231134414673,-0.31947875022888184,0.6006201505661011,0.7329315543174744,-0.23448461294174194,-0.22210511565208435,0.4339805245399475,0.1314106583595276,0.35315072536468506,0.9262913465499878,-0.6874001026153564,-0.6408072710037231,0.34182894229888916,0.33114078640937805,0.016878871247172356,-0.03099999949336052,-0.9213337898254395,0.38877272605895996,-4.427615749591496e-07,-0.38877272605895996,-0.9213337898254395,2.178780505346367e-06,0.38686317205429077,-0.13015075027942657,-0.03099970519542694,0.2754184305667877,0.16390849649906158,-0.031000293791294098
152,1.0927774906158447,-2.058997869491577,0.1925085335969925,1.4293469190597534,0.6887643933296204,0.878234326839447,-1.1113568544387817,0.7307733297348022,0.15848293900489807,-8.484476711601019e-05,0.21352316439151764,-0.3198118805885315,0.3740532696247101,0.008295899257063866,-0.07839874923229218,0.2956428527832031,-0.6698395609855652,0.0638592392206192,2.0667622089385986,0.7226461172103882,1.0189327001571655,2.3952107429504395,2.4516172409057617,0.7308118939399719,0.27565836906433105,-0.1264653354883194,0.15827034413814545,0.22288335859775543,0.061329636722803116,-0.12009476125240326,0.14689601957798004,0.23127156496047974,-0.4211692810058594,0.11828655749559402,0.776666522026062,0.2921265959739685,-0.6493068337440491,0.7021843194961548,-0.33984625339508057,0.6158159375190735,0.7108271718025208,-0.23948824405670166,-0.22205224633216858,0.43040889501571655,0.10759681463241577,0.3490387499332428,0.9309107661247253,-0.6836468577384949,-0.6538617610931396,0.324178546667099,0.33114078640937805,0.016878874972462654,-0.03099999949336052,-0.9213337898254395,0.38877272605895996,-4.5585090902022785e-07,-0.38877272605895996,-0.9213337898254395,2.172065478589502e-06,0.38686317205429077,-0.13015075027942657,-0.030999701470136642,0.2754184305667877,0.16390849649906158,-0.031000297516584396
153,1.1075148582458496,-2.0589981079101562,0.20796319842338562,1.4095555543899536,0.716176450252533,0.880115270614624,-1.1131134033203125,0.7307695746421814,0.22066710889339447,-7.56626104703173e-05,0.2097565084695816,-0.30408555269241333,0.37913233041763306,0.02838204614818096,-0.026049930602312088,0.3047970235347748,-0.654119074344635,0.05477731674909592,2.0772058963775635,0.7391743659973145,1.0250693559646606,2.3867690563201904,2.463487386703491,0.7308010458946228,0.3360060453414917,-0.14111171662807465,0.1729842722415924,0.24366651475429535,0.09163074195384979,-0.11877516657114029,0.1656304895877838,0.24457618594169617,-0.42543232440948486,0.12888647615909576,0.772459089756012,0.30351924896240234,-0.6178621053695679,0.7253429889678955,-0.3628988564014435,0.6289180517196655,0.6875801086425781,-0.24535584449768066,-0.2225177139043808,0.4270973205566406,0.0825461745262146,0.3445156514644623,0.9351444244384766,-0.6770015954971313,-0.6692135334014893,0.3063039481639862,0.33114078640937805,0.016878876835107803,-0.03099999949336052,-0.9213337898254395,0.3887726664543152,-4.5692993921875313e-07,-0.3887726664543152,-0.9213337898254395,2.162062173738377e-06,0.38686317205429077,-0.13015073537826538,-0.03099970519542694,0.27541840076446533,0.1639084815979004,-0.031000293791294098
154,1.1251097917556763,-2.0589981079101562,0.22285045683383942,1.3907901048660278,0.7438320517539978,0.8830593228340149,-1.1109291315078735,0.7307785749435425,0.2671933174133301,-8.442941907560453e-05,0.19733436405658722,-0.28564950823783875,0.3831399381160736,0.041812364012002945,0.029161181300878525,0.267643541097641,-0.6354209780693054,0.045384760946035385,2.0885446071624756,0.7567594647407532,1.0336635112762451,2.3785407543182373,2.4765756130218506,0.7307953238487244,0.3923477232456207,-0.14465218782424927,0.18818120658397675,0.2594448924064636,0.12656055390834808,-0.11530441790819168,0.18264687061309814,0.25238126516342163,-0.4293733835220337,0.13744398951530457,0.7676758766174316,0.3189527988433838,-0.5825897455215454,0.7475681900978088,-0.3881155252456665,0.6393102407455444,0.6638137698173523,-0.2519909143447876,-0.22346258163452148,0.42431962490081787,0.05764073133468628,0.3392399847507477,0.9389321804046631,-0.6676924824714661,-0.686100959777832,0.28888046741485596,0.33114078640937805,0.016878871247172356,-0.03099999949336052,-0.9213337898254395,0.3887726962566376,-4.3940337945969077e-07,-0.3887726962566376,-0.9213337898254395,2.1839136934431735e-06,0.38686317205429077,-0.13015073537826538,-0.030999701470136642,0.27541840076446533,0.1639084815979004,-0.031000297516584396
155,1.144805908203125,-2.0589983463287354,0.2370011955499649,1.373254656791687,0.771672248840332,0.8865311145782471,-1.1053006649017334,0.7307889461517334,0.301195353269577,-8.659494778839871e-05,0.18457308411598206,-0.26389744877815247,0.38625606894493103,0.047873999923467636,0.07720887660980225,0.2691141664981842,-0.6143396496772766,0.03572956100106239,2.101006031036377,0.7753411531448364,1.0445281267166138,2.370370626449585,2.4907357692718506,0.7307894825935364,0.4395805597305298,-0.14860519766807556,0.20633919537067413,0.27431488037109375,0.15819859504699707,-0.11470799893140793,0.1978275626897812,0.25666359066963196,-0.43316781520843506,0.14387355744838715,0.7624899744987488,0.3372640609741211,-0.5440890192985535,0.7682577967643738,-0.4151526093482971,0.6464750170707703,0.6400924921035767,-0.25939667224884033,-0.22493214905261993,0.4220406413078308,0.033090054988861084,0.3329806327819824,0.9423528909683228,-0.6558796167373657,-0.7042102813720703,0.2718636095523834,0.33114078640937805,0.016878878697752953,-0.03099999949336052,-0.9213337898254395,0.3887726962566376,-4.545677541045734e-07,-0.3887726962566376,-0.9213337898254395,2.177449232476647e-06,0.38686317205429077,-0.13015073537826538,-0.030999701470136642,0.27541840076446533,0.1639084815979004,-0.031000297516584396
156,1.1660854816436768,-2.0589985847473145,0.2503245174884796,1.3570815324783325,0.7996780872344971,0.8902409672737122,-1.096432089805603,0.730803370475769,0.3282727599143982,-7.518984784837812e-05,0.16999493539333344,-0.24034440517425537,0.3893711268901825,0.050210658460855484,0.12268011271953583,0.2443172186613083,-0.5912381410598755,0.026171071454882622,2.114522695541382,0.7946813106536865,1.0575703382492065,2.3623199462890625,2.505847215652466,0.7307870388031006,0.4781900644302368,-0.14618057012557983,0.22275519371032715,0.28585752844810486,0.18900103867053986,-0.11261534690856934,0.2111656218767166,0.26024940609931946,-0.43690991401672363,0.14815925061702728,0.7570326924324036,0.35764646530151367,-0.502590537071228,0.7870781421661377,-0.4437188506126404,0.650150716304779,0.6167801022529602,-0.26749271154403687,-0.22702643275260925,0.4203890562057495,0.00954294204711914,0.32567670941352844,0.9454330801963806,-0.6416007280349731,-0.7231996059417725,0.25559931993484497,0.33114078640937805,0.016878874972462654,-0.03099999949336052,-0.9213337898254395,0.3887726962566376,-4.442922545422334e-07,-0.3887726962566376,-0.9213337898254395,2.162270902772434e-06,0.38686317205429077,-0.13015073537826538,-0.03099970519542694,0.27541840076446533,0.1639084815979004,-0.031000293791294098
157,1.1882262229919434,-2.0589916706085205,0.26250866055488586,1.3426553010940552,0.8281051516532898,0.8932029008865356,-1.0843415260314941,0.7307502031326294,0.2639252543449402,-0.0004970177542418242,0.1887262612581253,-0.22903047502040863,0.4786253273487091,-0.03305097669363022,0.16561391949653625,0.45701906085014343,-0.566472053527832,0.017788318917155266,2.1291773319244385,0.8143584728240967,1.0726741552352905,2.354616641998291,2.521514415740967,0.7308046817779541,0.4655039310455322,-0.03603116795420647,0.24167440831661224,0.20307382941246033,0.0932593122124672,-0.006058895029127598,-0.11376962065696716,0.22524696588516235,-0.440693736076355,0.14993900060653687,0.7516293525695801,0.3799157738685608,-0.4587410092353821,0.8032563328742981,-0.4736018180847168,0.6494543552398682,0.5949036478996277,-0.2760719060897827,-0.23000283539295197,0.4197397828102112,-0.011583089828491211,0.3170790672302246,0.94832843542099,-0.6245693564414978,-0.7429275512695312,0.2407734990119934,0.33114075660705566,0.016878876835107803,-0.03099999949336052,-0.9213337898254395,0.38877272605895996,-4.537403697213449e-07,-0.38877272605895996,-0.9213337898254395,2.1946029846731108e-06,0.386863112449646,-0.13015075027942657,-0.030999701470136642,0.27541840076446533,0.16390849649906158,-0.031000297516584396
158,1.1960909366607666,-2.0590059757232666,0.28538432717323303,1.3293112516403198,0.8568478226661682,0.8976873159408569,-1.068741798400879,0.7306514978408813,0.10048289597034454,-5.185905138205271e-06,0.3600943386554718,-0.23050878942012787,0.39356371760368347,0.08216778188943863,0.2143276035785675,0.4582993686199188,-0.5695440173149109,0.010862905532121658,2.1375317573547363,0.8294401168823242,1.0837749242782593,2.350527048110962,2.5388123989105225,0.7310217022895813,-0.07082656770944595,-0.12449760735034943,0.11043793708086014,0.25765660405158997,0.1870218962430954,-0.08863697201013565,0.2756766974925995,0.00693277083337307,-0.4525362253189087,0.16132968664169312,0.7421755790710449,0.3864459991455078,-0.4155416488647461,0.823398232460022,-0.49631020426750183,0.6587854623794556,0.5654006600379944,-0.2798802852630615,-0.2259429544210434,0.4196252226829529,-0.023683667182922363,0.3147624433040619,0.9488749504089355,-0.6283982992172241,-0.7428810596466064,0.2307451367378235,0.33114078640937805,0.016878871247172356,-0.03099999949336052,-0.9213337898254395,0.38877272605895996,-4.399243493935501e-07,-0.38877272605895996,-0.9213337898254395,2.1774212655145675e-06,0.38686317205429077,-0.13015075027942657,-0.03099970519542694,0.2754184305667877,0.16390849649906158,-0.031000293791294098
159,1.2002732753753662,-2.0590009689331055,0.30141207575798035,1.3178762197494507,0.8858016729354858,0.8961876630783081,-1.051109790802002,0.7308178544044495,0.08056640625,-5.424495611805469e-05,0.21152827143669128,-0.17047154903411865,0.409812331199646,-0.02619476430118084,0.24528418481349945,0.21160496771335602,-0.5721667408943176,0.012170512229204178,2.1485393047332764,0.8429530262947083,1.0998575687408447,2.344046115875244,2.5555992126464844,0.7310117483139038,0.18449506163597107,0.10934030264616013,0.20594777166843414,0.2158886045217514,0.23533114790916443,-0.04746664687991142,0.23788614571094513,0.05590593442320824,-0.4620121717453003,0.16871753334999084,0.7357987761497498,0.39999592304229736,-0.37651023268699646,0.8356096148490906,-0.5160309672355652,0.6609599590301514,0.5448339581489563,-0.28414517641067505,-0.22235190868377686,0.4223366975784302,-0.02583897113800049,0.3085840046405792,0.9508460760116577,-0.6313311457633972,-0.7425141334533691,0.22381651401519775,0.33114075660705566,0.016878876835107803,-0.03099999949336052,-0.9213337898254395,0.3887726962566376,-4.3668475768754433e-07,-0.3887726962566376,-0.9213337898254395,2.20725814870093e-06,0.386863112449646,-0.13015073537826538,-0.030999701470136642,0.27541840076446533,0.1639084815979004,-0.031000297516584396
160,1.2024754285812378,-2.059004545211792,0.31612586975097656,1.309194803237915,0.9150047898292542,0.8898614645004272,-1.0344005823135376,0.7308470606803894,0.016626307740807533,-4.7269084461731836e-05,0.23278674483299255,-0.11377883702516556,0.4018966555595398,-0.0836348906159401,0.23256981372833252,0.18216818571090698,-0.5641043782234192,0.015494665130972862,2.1628897190093994,0.8586965799331665,1.1162967681884766,2.337986469268799,2.5716392993927,0.7309987545013428,0.23544828593730927,0.04681142419576645,0.22766265273094177,0.27239975333213806,0.2597350776195526,-0.09352479130029678,0.2284611165523529,0.02486645057797432,-0.47169268131256104,0.17338624596595764,0.7306430339813232,0.41377687454223633,-0.34226399660110474,0.8435900211334229,-0.5351806282997131,0.6581603288650513,0.5295343995094299,-0.28964751958847046,-0.22276286780834198,0.4261997938156128,-0.029222965240478516,0.29874470829963684,0.9538854956626892,-0.6232216358184814,-0.7515432834625244,0.21628089249134064,0.33114078640937805,0.016878869384527206,-0.03099999949336052,-0.9213337898254395,0.3887726962566376,-4.375786772925494e-07,-0.3887726962566376,-0.9213337898254395,2.1763382846984314e-06,0.38686317205429077,-0.13015073537826538,-0.03099970519542694,0.27541840076446533,0.1639084815979004,-0.031000293791294098
161,1.2015576362609863,-2.059009075164795,0.3286614716053009,1.3029893636703491,0.9439598321914673,0.8811494708061218,-1.017771601676941,0.7308928966522217,-0.07718168199062347,0.003060433082282543,0.17455114424228668,-0.03801128268241882,0.3942084014415741,-0.1243169829249382,0.24178646504878998,0.14686037600040436,-0.5539045929908752,0.017923852428793907,2.1779658794403076,0.8764025568962097,1.134139060974121,2.331291675567627,2.5870888233184814,0.7308968901634216,0.16198165714740753,0.018754031509160995,0.2057671993970871,0.284151554107666,0.2402316927909851,-0.11846288293600082,0.34433063864707947,0.1686396449804306,-0.48121166229248047,0.17658838629722595,0.7265750765800476,0.4278808832168579,-0.31159791350364685,0.8484248518943787,-0.5523862838745117,0.6528310775756836,0.5183444619178772,-0.2959519028663635,-0.22355186939239502,0.43033456802368164,-0.0319288969039917,0.28700295090675354,0.9573975205421448,-0.6137888431549072,-0.7616195678710938,0.20784413814544678,0.33114078640937805,0.016878874972462654,-0.03099999949336052,-0.9213337898254395,0.38877272605895996,-4.3483498757268535e-07,-0.38877272605895996,-0.9213337898254395,2.2048150185582926e-06,0.38686317205429077,-0.13015075027942657,-0.030999701470136642,0.2754184305667877,0.16390849649906158,-0.031000297516584396
162,1.197940468788147,-2.0590124130249023,0.34268268942832947,1.303063988685608,0.9732463359832764,0.8678441643714905,-0.9997572302818298,0.7309938669204712,-0.054378196597099304,-0.00020205232431180775,0.22151410579681396,0.025859719142317772,0.4113616943359375,-0.18445734679698944,0.24914081394672394,0.14082060754299164,-0.5572407245635986,0.017147311940789223,2.1921989917755127,0.8941622972488403,1.1530539989471436,2.3213794231414795,2.6025567054748535,0.7310366034507751,-0.02629327028989792,-0.001687732059508562,0.20514816045761108,0.29323312640190125,0.2848968207836151,-0.14641742408275604,0.22566065192222595,-0.005322623066604137,-0.4932917356491089,0.17679013311862946,0.7224948406219482,0.4405181407928467,-0.28600892424583435,0.8509657382965088,-0.5704545974731445,0.6427446603775024,0.5113324522972107,-0.30200761556625366,-0.21921056509017944,0.433180570602417,-0.03258073329925537,0.2763374447822571,0.9605082273483276,-0.6181501746177673,-0.7607412338256836,0.1978967934846878,0.33114078640937805,0.016878874972462654,-0.03099999949336052,-0.9213337898254395,0.3887726366519928,-4.793520247403649e-07,-0.3887726366519928,-0.9213337898254395,2.172810809497605e-06,0.38686317205429077,-0.13015073537826538,-0.030999701470136642,0.27541840076446533,0.1639084815979004,-0.031000297516584396
163,1.1923573017120361,-2.0590145587921143,0.35234326124191284,1.3090780973434448,1.0023713111877441,0.85090172290802,-0.9785165190696716,0.7310128211975098,-0.08408434689044952,-8.715249714441597e-05,0.15464098751544952,0.12445288151502609,0.41437241435050964,-0.23885349929332733,0.2962701618671417,0.0036422889679670334,-0.560153603553772,0.021978892385959625,2.2079899311065674,0.9129840731620789,1.1746675968170166,2.312509298324585,2.617691993713379,0.7310118079185486,0.008141836151480675,0.10447479784488678,0.23355430364608765,0.3090115785598755,0.31756728887557983,-0.12144523859024048,0.21723031997680664,0.02580517716705799,-0.5050402879714966,0.17204025387763977,0.7201969623565674,0.45751339197158813,-0.26346156001091003,0.8492759466171265,-0.5887088775634766,0.6260489225387573,0.5113556981086731,-0.30767160654067993,-0.21570435166358948,0.4391512870788574,-0.025579094886779785,0.2624480426311493,0.9646071195602417,-0.62013840675354,-0.7609857320785522,0.1906026154756546,0.33114078640937805,0.016878878697752953,-0.03099999949336052,-0.9213337898254395,0.3887726962566376,-4.5442288865160663e-07,-0.3887726962566376,-0.9213337898254395,2.1844543880433775e-06,0.38686317205429077,-0.13015073537826538,-0.030999701470136642,0.27541840076446533,0.1639084815979004,-0.031000297516584396
164,1.187968134880066,-2.0590157508850098,0.36372342705726624,1.3183990716934204,1.031384825706482,0.8320865035057068,-0.9565289616584778,0.7309945821762085,-0.07656560093164444,-6.13038573646918e-05,0.1926804482936859,0.17087958753108978,0.40996670722961426,-0.26233288645744324,0.3073473572731018,0.00016947835683822632,-0.56094890832901,0.02821306511759758,2.22521710395813,0.9333260655403137,1.1971383094787598,2.304570436477661,2.632594108581543,0.731011688709259,0.07121345400810242,0.11379021406173706,0.26055631041526794,0.3274373710155487,0.3294235169887543,-0.10912259668111801,0.21018600463867188,0.02371451072394848,-0.5179692506790161,0.16504763066768646,0.7171850204467773,0.47277265787124634,-0.24102842807769775,0.8475797176361084,-0.6087287068367004,0.6061322689056396,0.511911153793335,-0.31343990564346313,-0.21353207528591156,0.4465966820716858,-0.0164034366607666,0.2468697875738144,0.9689098000526428,-0.6187379360198975,-0.7637182474136353,0.18411363661289215,0.33114078640937805,0.016878873109817505,-0.03099999949336052,-0.9213337898254395,0.3887726962566376,-4.522647714111372e-07,-0.3887726962566376,-0.9213337898254395,2.1718867628806038e-06,0.38686317205429077,-0.13015073537826538,-0.030999701470136642,0.27541840076446533,0.1639084815979004,-0.031000297516584396
165,1.1837044954299927,-2.059016704559326,0.37608450651168823,1.3297393321990967,1.0601792335510254,0.8124220967292786,-0.9339795112609863,0.7310128808021545,-0.07757651805877686,-6.239330832613632e-05,0.2064289003610611,0.19731856882572174,0.40691882371902466,-0.27458444237709045,0.315763384103775,-0.016362257301807404,-0.5582962036132812,0.03488532826304436,2.243809700012207,0.9546052813529968,1.2202811241149902,2.2976057529449463,2.6474037170410156,0.731000542640686,0.1347486525774002,0.12245487421751022,0.28344857692718506,0.33660855889320374,0.3359554708003998,-0.09277743846178055,0.20666226744651794,0.018800515681505203,-0.531529426574707,0.15710389614105225,0.7134987115859985,0.48628121614456177,-0.21802762150764465,0.8461645841598511,-0.6290969848632812,0.5847154259681702,0.5121960639953613,-0.3195316195487976,-0.2132640779018402,0.45514923334121704,-0.0062667131423950195,0.2308175414800644,0.9729769229888916,-0.6129667162895203,-0.7696504592895508,0.17863473296165466,0.33114078640937805,0.016878874972462654,-0.03099999949336052,-0.9213337898254395,0.3887726962566376,-4.771927137880994e-07,-0.3887726962566376,-0.9213337898254395,2.170420202673995e-06,0.38686317205429077,-0.13015073537826538,-0.030999701470136642,0.27541840076446533,0.1639084815979004,-0.031000297516584396
166,1.181198239326477,-2.059013843536377,0.3886703848838806,1.3423783779144287,1.0887939929962158,0.7920913100242615,-0.9108014106750488,0.7309932112693787,-0.04840083420276642,7.728295895503834e-05,0.21234193444252014,0.21586337685585022,0.4096916913986206,-0.28696539998054504,0.32422712445259094,-0.00845667440444231,-0.547889232635498,0.042022086679935455,2.2647440433502197,0.9771474599838257,1.2443289756774902,2.2916946411132812,2.662203073501587,0.7308905720710754,0.32546883821487427,0.13424593210220337,0.33502593636512756,0.35366326570510864,0.345794141292572,-0.06957817077636719,0.20120516419410706,0.18281905353069305,-0.5448647737503052,0.14749300479888916,0.7093920111656189,0.4990401268005371,-0.1930238902568817,0.8448081016540527,-0.6503057479858398,0.5609307289123535,0.5123077034950256,-0.32650279998779297,-0.2167445868253708,0.46493780612945557,0.004154622554779053,0.2142244130373001,0.9767756462097168,-0.5985482931137085,-0.7819522619247437,0.17404203116893768,0.33114078640937805,0.016878876835107803,-0.03099999949336052,-0.9213337898254395,0.38877272605895996,-4.436553524556075e-07,-0.38877272605895996,-0.9213337898254395,2.1858697891730117e-06,0.38686317205429077,-0.13015075027942657,-0.030999701470136642,0.2754184305667877,0.16390849649906158,-0.031000297516584396
167,1.1774919033050537,-2.059013605117798,0.40253251791000366,1.3562711477279663,1.1168231964111328,0.7715450525283813,-0.8869820237159729,0.7310155630111694,-0.12761011719703674,-0.00037632440216839314,0.2919239401817322,0.1672438383102417,0.360304057598114,-0.2509137690067291,0.333942174911499,-0.023148128762841225,-0.5324170589447021,0.048228081315755844,2.2872047424316406,0.9993748664855957,1.2670785188674927,2.287769317626953,2.6769254207611084,0.7311322093009949,0.36397069692611694,0.09093154221773148,0.3461592197418213,0.23826202750205994,0.2792319059371948,-0.04439018666744232,0.20993691682815552,-0.10673589259386063,-0.5588937997817993,0.13843610882759094,0.704331636428833,0.5092155933380127,-0.16746127605438232,0.8441896438598633,-0.6705787777900696,0.537638783454895,0.5111443996429443,-0.33354032039642334,-0.2236180603504181,0.4748949408531189,0.012870430946350098,0.19962242245674133,0.9797884225845337,-0.5767384171485901,-0.7989687919616699,0.17035818099975586,0.33114078640937805,0.016878873109817505,-0.03099999949336052,-0.9213337898254395,0.38877272605895996,-4.5290778416529065e-07,-0.38877272605895996,-0.9213337898254395,2.1779312646685867e-06,0.38686317205429077,-0.13015075027942657,-0.030999701470136642,0.2754184305667877,0.16390849649906158,-0.031000297516584396
168,1.1668691635131836,-2.059013605117798,0.4178827106952667,1.3680925369262695,1.1436026096343994,0.7509883046150208,-0.8632279634475708,0.7310112714767456,-0.14379402995109558,-0.0030404236167669296,0.25811493396759033,0.22264793515205383,0.34769922494888306,-0.2741345167160034,0.3317207098007202,0.18444527685642242,-0.5117419362068176,0.052709661424160004,2.310560703277588,1.0195854902267456,1.2890772819519043,2.2845029830932617,2.6908042430877686,0.7310828566551208,0.5091790556907654,0.1475503295660019,0.3946168124675751,0.29563623666763306,0.24201269447803497,0.011743580922484398,0.2797992527484894,0.00309169664978981,-0.5737789869308472,0.13539272546768188,0.6988176107406616,0.5166497230529785,-0.1438513547182083,0.8440259695053101,-0.6852781772613525,0.5215030908584595,0.5083584785461426,-0.3408880829811096,-0.23351627588272095,0.4842889904975891,0.01981067657470703,0.18832285702228546,0.9819074869155884,-0.5487650632858276,-0.8188953399658203,0.1681300550699234,0.33114078640937805,0.016878874972462654,-0.03099999949336052,-0.9213337898254395,0.3887726664543152,-4.4593059556063963e-07,-0.3887726664543152,-0.9213337898254395,2.165339537896216e-06,0.38686317205429077,-0.13015073537826538,-0.03099970519542694,0.27541840076446533,0.1639084815979004,-0.031000293791294098
169,1.1558724641799927,-2.0590145587921143,0.4337767958641052,1.3848985433578491,1.1706699132919312,0.7280877828598022,-0.8391466736793518,0.7309961915016174,-0.14112068712711334,0.00026055920170620084,0.23985639214515686,0.26628419756889343,0.39013078808784485,-0.3230115473270416,0.33692485094070435,-0.04600191488862038,-0.49268439412117004,0.05982295423746109,2.3341779708862305,1.0411313772201538,1.3129315376281738,2.2821922302246094,2.7045342922210693,0.7309259176254272,0.43486571311950684,0.1530046910047531,0.3727654814720154,0.37226787209510803,0.3708711862564087,-0.030379772186279297,0.19366613030433655,0.12009073048830032,-0.5900610685348511,0.12965816259384155,0.6922727227210999,0.522081196308136,-0.12153100967407227,0.8441928029060364,-0.7017948031425476,0.5012646913528442,0.5061795711517334,-0.3470943570137024,-0.2438165694475174,0.49578070640563965,0.0327029824256897,0.17609678208827972,0.9838294982910156,-0.520261824131012,-0.8374804258346558,0.1671953946352005,0.33114075660705566,0.016878874972462654,-0.03099999949336052,-0.9213337898254395,0.3887726962566376,-4.536033202384715e-07,-0.3887726962566376,-0.9213337898254395,2.1967091470287414e-06,0.386863112449646,-0.13015073537826538,-0.030999701470136642,0.27541840076446533,0.1639084815979004,-0.031000297516584396
170,1.1458483934402466,-2.059008836746216,0.4497067928314209,1.4042117595672607,1.198102355003357,0.7024639248847961,-0.814918041229248,0.7309951186180115,-0.1888134926557541,-7.405850919894874e-05,0.28783711791038513,0.31685325503349304,0.3850499987602234,-0.35380953550338745,0.3387426435947418,0.03335443139076233,-0.46779707074165344,0.06996483355760574,2.3600986003875732,1.0637491941452026,1.337437629699707,2.2806389331817627,2.717599868774414,0.7309113144874573,0.5946173667907715,0.18272845447063446,0.42451611161231995,0.3515172004699707,0.3516404330730438,-0.009724650532007217,0.18253949284553528,0.13093067705631256,-0.6064255237579346,0.1215277910232544,0.6852968335151672,0.5269215106964111,-0.09854909777641296,0.8441811203956604,-0.7195154428482056,0.47695642709732056,0.5047870874404907,-0.3525196313858032,-0.2581002116203308,0.5090903043746948,0.04955071210861206,0.16309823095798492,0.9853647947311401,-0.4828498065471649,-0.8597133159637451,0.16658121347427368,0.33114078640937805,0.016878878697752953,-0.03099999949336052,-0.9213337898254395,0.3887726962566376,-4.5520661728915e-07,-0.3887726962566376,-0.9213337898254395,2.1852961253898684e-06,0.38686317205429077,-0.13015073537826538,-0.030999701470136642,0.27541840076446533,0.1639084815979004,-0.031000297516584396
171,1.1325781345367432,-2.0590097904205322,0.4674359858036041,1.4253042936325073,1.2255381345748901,0.6757137179374695,-0.7909235954284668,0.7309852242469788,-0.24869868159294128,-8.078967948677018e-05,0.32153522968292236,0.3352527916431427,0.3827458620071411,-0.3675217628479004,0.3355916738510132,0.0016164554981514812,-0.4385203719139099,0.08091358840465546,2.3872005939483643,1.0864237546920776,1.3617329597473145,2.2794606685638428,2.729795217514038,0.7309196591377258,0.6186607480049133,0.2004081904888153,0.4347476661205292,0.35520046949386597,0.3490968644618988,-0.004682615865021944,0.17033806443214417,0.11654391884803772,-0.6243115663528442,0.11528395116329193,0.6768546104431152,0.5286378860473633,-0.07656548172235489,0.84538733959198,-0.7363014817237854,0.45419949293136597,0.5015604496002197,-0.35692864656448364,-0.27540841698646545,0.5229524970054626,0.06814837455749512,0.15142810344696045,0.9861162304878235,-0.4386445879936218,-0.8832073211669922,0.16593915224075317,0.33114078640937805,0.016878873109817505,-0.03099999949336052,-0.9213337898254395,0.3887726962566376,-4.4493000928014226e-07,-0.3887726962566376,-0.9213337898254395,2.1702026060665958e-06,0.38686317205429077,-0.13015073537826538,-0.03099970519542694,0.27541840076446533,0.1639084815979004,-0.031000293791294098
172,1.1177600622177124,-2.059011697769165,0.4889216423034668,1.4480115175247192,1.2530543804168701,0.6482433676719666,-0.7668456435203552,0.7309388518333435,-0.276775598526001,-0.00011847065616166219,0.38661640882492065,0.3638039231300354,0.38204142451286316,-0.3755563497543335,0.3365498483181,0.07083774358034134,-0.4089890420436859,0.0908614844083786,2.4147543907165527,1.1103402376174927,1.3855280876159668,2.2783470153808594,2.7416374683380127,0.7309256792068481,0.61904376745224,0.18181169033050537,0.44195041060447693,0.37173935770988464,0.34164711833000183,-0.0048557547852396965,0.1654415875673294,0.10534372180700302,-0.6441375017166138,0.11117496341466904,0.665953516960144,0.5261094570159912,-0.05382911115884781,0.8487115502357483,-0.7534178495407104,0.43336790800094604,0.4945238530635834,-0.3602299094200134,-0.29368314146995544,0.5367343425750732,0.08737421035766602,0.14090073108673096,0.9861606359481812,-0.3921562433242798,-0.9051488637924194,0.16407114267349243,0.33114078640937805,0.016878876835107803,-0.03099999949336052,-0.9213337898254395,0.3887726962566376,-4.699292333043559e-07,-0.3887726962566376,-0.9213337898254395,2.168617584175081e-06,0.38686317205429077,-0.13015073537826538,-0.030999701470136642,0.27541840076446533,0.1639084815979004,-0.031000297516584396
173,1.102952241897583,-2.059013843536377,0.5139230489730835,1.4718055725097656,1.280537486076355,0.6206275820732117,-0.742420494556427,0.7308828830718994,-0.27207401394844055,-0.00014205537445377558,0.43554794788360596,0.38016265630722046,0.37935784459114075,-0.3778655529022217,0.34181514382362366,0.12306393682956696,-0.37975719571113586,0.09849800914525986,2.4427473545074463,1.1353026628494263,1.4085837602615356,2.277158498764038,2.7538418769836426,0.7309340238571167,0.6189255118370056,0.14215238392353058,0.4501573145389557,0.3832131624221802,0.3305976986885071,-0.006955030374228954,0.17051579058170319,0.09292460232973099,-0.665197491645813,0.1087319403886795,0.6525988578796387,0.5197176933288574,-0.02881622686982155,0.8538519740104675,-0.7712426781654358,0.4141232371330261,0.4834115505218506,-0.3626825213432312,-0.31252819299697876,0.5498329401016235,0.10512977838516235,0.132345512509346,0.985612690448761,-0.34423065185546875,-0.9249914884567261,0.1609225869178772,0.33114078640937805,0.016878871247172356,-0.03099999949336052,-0.9213337898254395,0.38877272605895996,-4.4065467363907374e-07,-0.38877272605895996,-0.9213337898254395,2.1852961253898684e-06,0.38686317205429077,-0.13015075027942657,-0.030999701470136642,0.2754184305667877,0.16390849649906158,-0.031000297516584396
174,1.0887489318847656,-2.059016227722168,0.5409807562828064,1.4978140592575073,1.3075933456420898,0.5926595330238342,-0.717143177986145,0.7308288812637329,-0.2539070248603821,-0.00013164090341888368,0.46328049898147583,0.4196555018424988,0.37278324365615845,-0.38330790400505066,0.35368406772613525,0.18946890532970428,-0.35060304403305054,0.10377398878335953,2.4710683822631836,1.1606419086456299,1.42910897731781,2.2778160572052,2.768921136856079,0.7309393882751465,0.6224377751350403,0.10567203909158707,0.45665115118026733,0.3850712180137634,0.2938631772994995,0.019042527303099632,0.2108033448457718,0.08473675698041916,-0.6868728399276733,0.10630909353494644,0.6370691657066345,0.5101702213287354,-0.001522124046459794,0.860072135925293,-0.7899978160858154,0.39453619718551636,0.46930235624313354,-0.36354172229766846,-0.3323754370212555,0.5617724657058716,0.11726760864257812,0.12682360410690308,0.9849691987037659,-0.2927899658679962,-0.9433126449584961,0.15631870925426483,0.33114078640937805,0.016878874972462654,-0.03099999949336052,-0.9213337898254395,0.3887726962566376,-4.537832580808754e-07,-0.3887726962566376,-0.9213337898254395,2.178578824896249e-06,0.38686317205429077,-0.13015073537826538,-0.030999701470136642,0.27541840076446533,0.1639084815979004,-0.031000297516584396
175,1.0755090713500977,-2.0590178966522217,0.569226086139679,1.526265025138855,1.3344289064407349,0.5640389919281006,-0.6904191970825195,0.7308074235916138,-0.2333683967590332,-0.0001313969405600801,0.47862017154693604,0.45832526683807373,0.3694831132888794,-0.39227011799812317,0.37371352314949036,0.1923188716173172,-0.3212831914424896,0.10642296075820923,2.49943470954895,1.1870875358581543,1.4465879201889038,2.2820072174072266,2.78775954246521,0.7309378385543823,0.6304170489311218,0.06663991510868073,0.4592047929763794,0.3994978368282318,0.25050926208496094,0.0686558410525322,0.2634201943874359,0.08897536993026733,-0.7086352109909058,0.10301269590854645,0.6196243166923523,0.49803853034973145,0.028926432132720947,0.8666722774505615,-0.8096532821655273,0.3733965754508972,0.45280957221984863,-0.36225825548171997,-0.35323113203048706,0.5724906921386719,0.12259173393249512,0.12347078323364258,0.9847468733787537,-0.23628239333629608,-0.9600694179534912,0.14979158341884613,0.33114078640937805,0.016878876835107803,-0.03099999949336052,-0.9213337898254395,0.3887726962566376,-4.4735440951626515e-07,-0.3887726962566376,-0.9213337898254395,2.164709030694212e-06,0.38686317205429077,-0.13015073537826538,-0.03099970519542694,0.27541840076446533,0.1639084815979004,-0.031000293791294098
176,1.0632284879684448,-2.059019088745117,0.5981215238571167,1.5558242797851562,1.3610576391220093,0.5350566506385803,-0.6628180742263794,0.7307941913604736,-0.21831347048282623,-0.00012549039092846215,0.48599061369895935,0.47057265043258667,0.3642267882823944,-0.3976438641548157,0.38642072677612305,0.22357037663459778,-0.29188400506973267,0.10603149980306625,2.527860164642334,1.2145402431488037,1.4612903594970703,2.289175271987915,2.80912184715271,0.7309501767158508,0.6371703743934631,0.015562214888632298,0.4609328806400299,0.40940234065055847,0.21054723858833313,0.10930497944355011,0.2987891435623169,0.06288418918848038,-0.7297747135162354,0.09934137761592865,0.6008384227752686,0.48378002643585205,0.06253645569086075,0.8729525208473206,-0.8293168544769287,0.351442813873291,0.43442100286483765,-0.35911887884140015,-0.37463945150375366,0.581721842288971,0.12185049057006836,0.12097013741731644,0.985149085521698,-0.17545747756958008,-0.9742887020111084,0.14133842289447784,0.33114075660705566,0.016878873109817505,-0.03099999949336052,-0.9213337898254395,0.3887726962566376,-4.5303576712285576e-07,-0.3887726962566376,-0.9213337898254395,2.1958205707051093e-06,0.386863112449646,-0.13015073537826538,-0.030999701470136642,0.27541840076446533,0.1639084815979004,-0.031000297516584396
177,1.0518449544906616,-2.0590200424194336,0.6275731325149536,1.5858054161071777,1.3873076438903809,0.5058773756027222,-0.6347656846046448,0.730782687664032,-0.20270785689353943,-0.0001286930637434125,0.4926472008228302,0.4759949743747711,0.3586559295654297,-0.39967042207717896,0.3924551010131836,0.22043770551681519,-0.2626529932022095,0.10139895230531693,2.556330442428589,1.2428597211837769,1.4715707302093506,2.2987141609191895,2.8324193954467773,0.7309471964836121,0.6421151161193848,-0.060724202543497086,0.46159568428993225,0.41327014565467834,0.14664308726787567,0.1404469758272171,0.32594314217567444,0.07072344422340393,-0.7499713897705078,0.09564851224422455,0.5810136795043945,0.46749621629714966,0.09889779984951019,0.8784455060958862,-0.848423957824707,0.32925236225128174,0.41445115208625793,-0.35462474822998047,-0.39613378047943115,0.5883908271789551,0.11315524578094482,0.11732445657253265,0.9866259694099426,-0.11121107637882233,-0.9852681159973145,0.1299176812171936,0.33114078640937805,0.016878876835107803,-0.03099999949336052,-0.9213337898254395,0.3887726962566376,-4.5459134412340063e-07,-0.3887726962566376,-0.9213337898254395,2.1843934518983588e-06,0.38686317205429077,-0.13015073537826538,-0.030999701470136642,0.27541840076446533,0.1639084815979004,-0.031000297516584396
178,1.0413274765014648,-2.059021234512329,0.6574344635009766,1.61597740650177,1.4131889343261719,0.47657573223114014,-0.6063556671142578,0.7307740449905396,-0.18691860139369965,-0.00011517636448843405,0.49672022461891174,0.47824999690055847,0.3523389399051666,-0.40132614970207214,0.3975808322429657,0.2308964729309082,-0.23347342014312744,0.09227991849184036,2.584855794906616,1.2717618942260742,1.4770007133483887,2.310397148132324,2.8572099208831787,0.730938732624054,0.6500442028045654,-0.13529476523399353,0.4621269702911377,0.4154045581817627,0.0781169906258583,0.1693771928548813,0.34672296047210693,0.06759808212518692,-0.7690435647964478,0.09195049852132797,0.5603697896003723,0.4492873549461365,0.1378442794084549,0.8826889991760254,-0.8667029738426208,0.3069276809692383,0.3932194411754608,-0.3489930033683777,-0.41745561361312866,0.5922080278396606,0.09645378589630127,0.11106942594051361,0.9891209602355957,-0.04383385553956032,-0.9923162460327148,0.11570266634225845,0.33114078640937805,0.016878880560398102,-0.03099999949336052,-0.9213337898254395,0.3887726962566376,-4.6769841333116347e-07,-0.3887726962566376,-0.9213337898254395,2.1776511403004406e-06,0.38686317205429077,-0.13015073537826538,-0.030999701470136642,0.27541840076446533,0.1639084815979004,-0.031000297516584396
179,1.0343621969223022,-2.05902361869812,0.6883634328842163,1.645835041999817,1.438105583190918,0.4474242329597473,-0.5774972438812256,0.7307583689689636,-0.10856432467699051,-5.90219278819859e-05,0.49789300560951233,0.48072463274002075,0.33960050344467163,-0.40130308270454407,0.40393951535224915,0.24911269545555115,-0.20325519144535065,0.08306903392076492,2.6129443645477295,1.2999610900878906,1.4816436767578125,2.325699806213379,2.884695291519165,0.7309620976448059,0.6641262769699097,-0.11098223179578781,0.4545978605747223,0.4147665202617645,0.06845606863498688,0.22315454483032227,0.3845598101615906,0.046188630163669586,-0.7863699197769165,0.08675983548164368,0.5388545393943787,0.42856353521347046,0.18016009032726288,0.8853675127029419,-0.8845940828323364,0.2831401228904724,0.37057405710220337,-0.34054577350616455,-0.4387628436088562,0.5957975387573242,0.07694506645202637,0.1041380986571312,0.9915819764137268,0.028341274708509445,-0.9943571090698242,0.10223029553890228,0.33114078640937805,0.016878873109817505,-0.03099999949336052,-0.9213337898254395,0.3887726664543152,-4.6875109660504677e-07,-0.3887726664543152,-0.9213337898254395,2.1690739231416956e-06,0.38686317205429077,-0.13015073537826538,-0.030999701470136642,0.27541840076446533,0.1639084815979004,-0.031000297516584396
180,1.0329959392547607,-2.0590248107910156,0.7198653817176819,1.675506591796875,1.462006688117981,0.4183782935142517,-0.5483186841011047,0.7307398915290833,-0.0014426560373976827,7.48905586078763e-06,0.4918392300605774,0.4851994216442108,0.3265977203845978,-0.40194326639175415,0.4084194004535675,0.2629977762699127,-0.1722017079591751,0.07584226131439209,2.639885663986206,1.3277266025543213,1.4872087240219116,2.3444480895996094,2.9135582447052,0.7309790253639221,0.6677435040473938,-0.07227983325719833,0.4349256455898285,0.4122469425201416,0.08321376144886017,0.27253472805023193,0.403702974319458,0.14361514151096344,-0.8012193441390991,0.07789133489131927,0.5167648196220398,0.40481865406036377,0.22597694396972656,0.8860340714454651,-0.9023562669754028,0.25545769929885864,0.347123384475708,-0.32883548736572266,-0.45938339829444885,0.6003079414367676,0.05938225984573364,0.09635336697101593,0.9935742020606995,0.10380133986473083,-0.9905308485031128,0.0898544117808342,0.33114078640937805,0.016878874972462654,-0.03099999949336052,-0.9213337898254395,0.3887726962566376,-4.4330926129987347e-07,-0.3887726962566376,-0.9213337898254395,2.1868834210181376e-06,0.38686317205429077,-0.13015073537826538,-0.030999701470136642,0.27541840076446533,0.1639084815979004,-0.031000297516584396
181,1.0366820096969604,-2.0590245723724365,0.751196563243866,1.7053049802780151,1.4850635528564453,0.38931387662887573,-0.5189858675003052,0.7307254672050476,0.08291980624198914,3.895815461874008e-05,0.48302191495895386,0.48975473642349243,0.31456315517425537,-0.40316393971443176,0.4106638431549072,0.28219470381736755,-0.1410190463066101,0.06967344880104065,2.665458917617798,1.3554507493972778,1.493775725364685,2.365419626235962,2.9428725242614746,0.7309898734092712,0.6637548208236694,-0.05996175482869148,0.4130832552909851,0.4105229079723358,0.09571199119091034,0.30256780982017517,0.410275936126709,-0.008704381994903088,-0.8134167194366455,0.06494622677564621,0.4944513440132141,0.3778020143508911,0.2742408514022827,0.8843401670455933,-0.9194762706756592,0.22332382202148438,0.32355815172195435,-0.3147777318954468,-0.4785563349723816,0.6053481698036194,0.04427158832550049,0.08730427175760269,0.9951974749565125,0.1798364222049713,-0.9805974960327148,0.07802339643239975,0.33114078640937805,0.016878874972462654,-0.03099999949336052,-0.9213337898254395,0.3887726962566376,-4.546597267562902e-07,-0.3887726962566376,-0.9213337898254395,2.1791895505884895e-06,0.38686317205429077,-0.13015073537826538,-0.030999701470136642,0.27541840076446533,0.1639084815979004,-0.031000297516584396
182,1.0439915657043457,-2.05902361869812,0.7822315692901611,1.735277533531189,1.507116436958313,0.3601929247379303,-0.48957759141921997,0.730714738368988,0.1410396844148636,6.189942359924316e-05,0.47581949830055237,0.49325522780418396,0.29990941286087036,-0.4042341709136963,0.41176557540893555,0.29669976234436035,-0.10965363681316376,0.06328503042459488,2.6889805793762207,1.3832459449768066,1.5001623630523682,2.3880269527435303,2.9723803997039795,0.7309935688972473,0.6568600535392761,-0.06863638758659363,0.38087064027786255,0.4086206555366516,0.09269265830516815,0.32441914081573486,0.41298580169677734,0.0034355067182332277,-0.8231428861618042,0.04883071407675743,0.4720660448074341,0.34745627641677856,0.3235147297382355,0.8801207542419434,-0.9352167844772339,0.18776994943618774,0.30018681287765503,-0.29920756816864014,-0.495805025100708,0.610094428062439,0.030228137969970703,0.07612667977809906,0.9966399073600769,0.25478482246398926,-0.9647455215454102,0.06596281379461288,0.33114078640937805,0.016878876835107803,-0.03099999949336052,-0.9213337898254395,0.3887726962566376,-4.482033659769513e-07,-0.3887726962566376,-0.9213337898254395,2.1652972463925835e-06,0.38686317205429077,-0.13015073537826538,-0.03099970519542694,0.27541840076446533,0.1639084815979004,-0.031000293791294098
183,1.0534172058105469,-2.059023141860962,0.8129462599754333,1.765429139137268,1.5280804634094238,0.3310290277004242,-0.46014124155044556,0.7307083606719971,0.17264458537101746,7.640395051566884e-05,0.4708426892757416,0.4951769709587097,0.2837435305118561,-0.40461334586143494,0.412177175283432,0.3056005835533142,-0.07806126773357391,0.05639728531241417,2.709880828857422,1.4109125137329102,1.5065668821334839,2.4115941524505615,3.001966714859009,0.730993390083313,0.6479971408843994,-0.07693314552307129,0.3403834104537964,0.4058791697025299,0.09301090240478516,0.33713626861572266,0.4141116142272949,-0.010660535655915737,-0.8306833505630493,0.030706332996487617,0.4497055411338806,0.313995361328125,0.37258994579315186,0.8732603192329407,-0.9490164518356323,0.1501339077949524,0.27717775106430054,-0.28281062841415405,-0.510857343673706,0.614452600479126,0.01731288433074951,0.06304556876420975,0.9978604316711426,0.32700464129447937,-0.9434822797775269,0.05393638461828232,0.33114075660705566,0.016878873109817505,-0.03099999949336052,-0.9213337898254395,0.3887726962566376,-4.538166535894561e-07,-0.3887726962566376,-0.9213337898254395,2.196461082348833e-06,0.386863112449646,-0.13015073537826538,-0.030999701470136642,0.27541840076446533,0.1639084815979004,-0.031000297516584396
184,1.0639829635620117,-2.059023141860962,0.8434847593307495,1.7956757545471191,1.5477007627487183,0.3018558621406555,-0.43068867921829224,0.7307041883468628,0.19063587486743927,9.504815534455702e-05,0.4679107964038849,0.4960128962993622,0.264077752828598,-0.40451401472091675,0.41240549087524414,0.31138989329338074,-0.046342313289642334,0.0487307608127594,2.7276670932769775,1.4384788274765015,1.5130342245101929,2.4358749389648438,3.0315968990325928,0.7309914827346802,0.6357033252716064,-0.09190679341554642,0.29254350066185,0.402766615152359,0.09235476702451706,0.3460406959056854,0.4148232638835907,0.014530675485730171,-0.8362857103347778,0.011498813517391682,0.4274147152900696,0.2777746319770813,0.42051395773887634,0.8637183308601379,-0.9605865478515625,0.11155664920806885,0.25461483001708984,-0.26614463329315186,-0.5235505104064941,0.6183559894561768,0.005544543266296387,0.048154354095458984,0.9988244771957397,0.3953586220741272,-0.9175641536712646,0.04204203188419342,0.33114078640937805,0.016878876835107803,-0.03099999949336052,-0.9213337898254395,0.3887726962566376,-4.5545101556854206e-07,-0.3887726962566376,-0.9213337898254395,2.1850300981896e-06,0.38686317205429077,-0.13015073537826538,-0.030999701470136642,0.27541840076446533,0.1639084815979004,-0.031000297516584396
185,1.074994683265686,-2.059023141860962,0.8738779425621033,1.8259992599487305,1.5653698444366455,0.2726730704307556,-0.40122953057289124,0.7307037711143494,0.19727446138858795,0.00011291104601696134,0.46606534719467163,0.49619776010513306,0.23588843643665314,-0.40430331230163574,0.4124733507633209,0.3125501871109009,-0.014326649717986584,0.03980884328484535,2.741273880004883,1.4659391641616821,1.51844322681427,2.4608147144317627,3.0612552165985107,0.730993926525116,0.6187677383422852,-0.11657215654850006,0.22853542864322662,0.3972545266151428,0.07879400998353958,0.3542371392250061,0.41507020592689514,0.037172235548496246,-0.8401519060134888,-0.008167220279574394,0.40526923537254333,0.23938244581222534,0.4662133753299713,0.8516697287559509,-0.969815731048584,0.07288670539855957,0.23269128799438477,-0.24981635808944702,-0.533727765083313,0.6213652491569519,-0.0058422088623046875,0.030561059713363647,0.9995158314704895,0.4588310420513153,-0.8880225419998169,0.02983391284942627,0.33114078640937805,0.016878878697752953,-0.03099999949336052,-0.9213337898254395,0.3887726962566376,-4.490171932047815e-07,-0.3887726962566376,-0.9213337898254395,2.1710955024900613e-06,0.38686317205429077,-0.13015073537826538,-0.03099970519542694,0.27541840076446533,0.1639084815979004,-0.031000293791294098
186,1.085840106010437,-2.059023380279541,0.9041283130645752,1.8563860654830933,1.5791863203048706,0.2434747815132141,-0.37177273631095886,0.7307091951370239,0.19376398622989655,0.0001303544850088656,0.4649699628353119,0.496040016412735,0.18099690973758698,-0.4040376842021942,0.41238221526145935,0.30650705099105835,0.01801198720932007,0.02920733019709587,2.749427556991577,1.4930187463760376,1.520007610321045,2.4865336418151855,3.090938091278076,0.7309837341308594,0.5956059098243713,-0.15036891400814056,0.14524142444133759,0.3862776458263397,0.02377677708864212,0.36372026801109314,0.41544651985168457,0.05199463292956352,-0.842505931854248,-0.02773970365524292,0.3833494782447815,0.19993126392364502,0.5077153444290161,0.8380051851272583,-0.9766923785209656,0.03509819507598877,0.21175462007522583,-0.2344440221786499,-0.5412225127220154,0.622592031955719,-0.01834392547607422,0.007800252176821232,0.9998012781143188,0.5164753794670105,-0.8561496734619141,0.0161555428057909,0.33114078640937805,0.016878873109817505,-0.03099999949336052,-0.9213337898254395,0.3887726962566376,-4.7016831672408443e-07,-0.3887726962566376,-0.9213337898254395,2.168407263525296e-06,0.38686317205429077,-0.13015073537826538,-0.030999701470136642,0.27541840076446533,0.1639084815979004,-0.031000297516584396
187,1.0954500436782837,-2.05902361869812,0.9340982437133789,1.8869588375091553,1.5906460285186768,0.21416185796260834,-0.34232980012893677,0.7307196855545044,0.16771958768367767,0.00012961207539774477,0.4645059108734131,0.4944418668746948,0.1470484584569931,-0.4047548770904541,0.4121507704257965,0.29425886273384094,0.048569079488515854,0.015500152483582497,2.7550535202026367,1.5205332040786743,1.516814112663269,2.512549877166748,3.120624542236328,0.7309644818305969,0.5737988352775574,-0.21164126694202423,0.10974258929491043,0.38580504059791565,-0.044033195823431015,0.3659508526325226,0.41552436351776123,0.03946135938167572,-0.8437620401382446,-0.04651602730154991,0.3617071211338043,0.15986120700836182,0.546008288860321,0.8223863840103149,-0.9814571142196655,-0.0013478994369506836,0.19167736172676086,-0.22075903415679932,-0.5465831160545349,0.6215848922729492,-0.03254115581512451,-0.021609729155898094,0.9992368221282959,0.5686651468276978,-0.8225688934326172,0.0007300378638319671,0.33114078640937805,0.016878874972462654,-0.03099999949336052,-0.9213337898254395,0.38877272605895996,-4.44739811200634e-07,-0.38877272605895996,-0.9213337898254395,2.18630748349824e-06,0.38686317205429077,-0.13015075027942657,-0.030999701470136642,0.2754184305667877,0.16390849649906158,-0.031000297516584396
188,1.1028740406036377,-2.0590243339538574,0.9638409614562988,1.917656660079956,1.600569248199463,0.18475061655044556,-0.3129155933856964,0.7307340502738953,0.1268453299999237,0.0001303150929743424,0.465246319770813,0.4913783371448517,0.12461388111114502,-0.40513503551483154,0.41169941425323486,0.2775561213493347,0.07791905105113983,-0.0015398553805425763,2.7598986625671387,1.548473596572876,1.5092575550079346,2.5385940074920654,3.1503028869628906,0.730955183506012,0.5636019706726074,-0.26880234479904175,0.09962169826030731,0.38812658190727234,-0.1062871664762497,0.3653295338153839,0.41537779569625854,0.03557876497507095,-0.8443976640701294,-0.0636332631111145,0.34038448333740234,0.11985135078430176,0.5816999673843384,0.8045252561569214,-0.9843898415565491,-0.035576462745666504,0.17236916720867157,-0.20861423015594482,-0.550588071346283,0.6185306310653687,-0.048021912574768066,-0.05749689042568207,0.9971901178359985,0.6171857118606567,-0.7866623401641846,-0.015636179596185684,0.33114078640937805,0.016878878697752953,-0.03099999949336052,-0.9213337898254395,0.3887726962566376,-4.5789289515596465e-07,-0.3887726962566376,-0.9213337898254395,2.1796413420815952e-06,0.38686317205429077,-0.13015073537826538,-0.030999701470136642,0.27541840076446533,0.1639084815979004,-0.031000297516584396
189,1.1028318405151367,-2.0590224266052246,0.9920854568481445,1.949331521987915,1.6063176393508911,0.15505528450012207,-0.2835308909416199,0.7308036088943481,-0.03681521117687225,1.088233693735674e-05,0.4664698839187622,0.48345571756362915,0.06276078522205353,-0.40444764494895935,0.41135358810424805,0.19002743065357208,0.10805340856313705,-0.020903972908854485,2.7613892555236816,1.5762196779251099,1.496108055114746,2.5643293857574463,3.1799495220184326,0.7309196591377258,0.5485045909881592,-0.3064514696598053,0.04643010348081589,0.3816830515861511,-0.18422871828079224,0.3601686358451843,0.41510146856307983,0.1058262512087822,-0.8463398218154907,-0.07570282369852066,0.319713830947876,0.08400160074234009,0.6119665503501892,0.7864099740982056,-0.9859186410903931,-0.06347763538360596,0.1547093242406845,-0.19800788164138794,-0.5532662272453308,0.6134045720100403,-0.06426095962524414,-0.10074824094772339,0.9928345680236816,0.6614270806312561,-0.749273419380188,-0.03322210907936096,0.33114078640937805,0.016878873109817505,-0.03099999949336052,-0.9213337898254395,0.38877272605895996,-4.475102173273626e-07,-0.38877272605895996,-0.9213337898254395,2.1645687411364634e-06,0.38686317205429077,-0.13015075027942657,-0.03099970519542694,0.2754184305667877,0.16390849649906158,-0.031000293791294098
190,1.0922799110412598,-2.0590245723724365,1.0192875862121582,1.981248378753662,1.6073509454727173,0.12527494132518768,-0.2541840672492981,0.7308796048164368,-0.22727324068546295,-4.660126433009282e-05,0.4659184515476227,0.4687024652957916,-0.004994781222194433,-0.4024125337600708,0.41089344024658203,0.0987396314740181,0.13776807487010956,-0.04211557283997536,2.758937120437622,1.6037440299987793,1.4785261154174805,2.5895397663116455,3.209533214569092,0.7309110760688782,0.5189045071601868,-0.3376680016517639,-0.013770103454589844,0.3760640025138855,-0.24635133147239685,0.3519380986690521,0.41424432396888733,0.1070747897028923,-0.8512687683105469,-0.07953295111656189,0.29973405599594116,0.055429816246032715,0.6373351216316223,0.7685905694961548,-0.9870166778564453,-0.081246018409729,0.1385536938905716,-0.18930566310882568,-0.5544990301132202,0.6067288517951965,-0.08036136627197266,-0.14999857544898987,0.9854148626327515,0.700111985206604,-0.7121869325637817,-0.05131351947784424,0.33114075660705566,0.016878874972462654,-0.03099999949336052,-0.9213337898254395,0.3887726962566376,-4.5649741764464125e-07,-0.3887726962566376,-0.9213337898254395,2.198287347709993e-06,0.386863112449646,-0.13015073537826538,-0.030999701470136642,0.27541840076446533,0.1639084815979004,-0.031000297516584396
191,1.0736786127090454,-2.0590286254882812,1.0458002090454102,2.0125069618225098,1.604729175567627,0.0956391990184784,-0.22487346827983856,0.7309227585792542,-0.34371235966682434,2.4530766040697927e-06,0.453034907579422,0.45350995659828186,-0.055151019245386124,-0.4006196856498718,0.41037866473197937,0.053395215421915054,0.16622641682624817,-0.06442966312170029,2.7531936168670654,1.6309030055999756,1.4587955474853516,2.614208698272705,3.23903751373291,0.7308987975120544,0.48674774169921875,-0.352703332901001,-0.06293081492185593,0.37076252698898315,-0.2744702994823456,0.3439824879169464,0.4134012758731842,0.18784010410308838,-0.8585100173950195,-0.07647872716188431,0.28062281012535095,0.033522188663482666,0.6598930358886719,0.750611424446106,-0.9881595969200134,-0.09062612056732178,0.12380410730838776,-0.18232905864715576,-0.5544870495796204,0.5993214845657349,-0.09533226490020752,-0.20261773467063904,0.974606454372406,0.733492374420166,-0.6762032508850098,-0.06883323192596436,0.33114078640937805,0.016878874972462654,-0.03099999949336052,-0.9213337898254395,0.3887726962566376,-4.562448907563521e-07,-0.3887726962566376,-0.9213337898254395,2.1859311800653813e-06,0.38686317205429077,-0.13015073537826538,-0.030999701470136642,0.27541840076446533,0.1639084815979004,-0.031000297516584396
192,1.050679326057434,-2.059030532836914,1.0699394941329956,2.0430827140808105,1.5990378856658936,0.06619352102279663,-0.1956307291984558,0.7309433221817017,-0.392763614654541,7.784711488056928e-05,0.406083881855011,0.44141897559165955,-0.09518022835254669,-0.40038445591926575,0.40937936305999756,0.03690790757536888,0.19309747219085693,-0.08764301985502243,2.744988203048706,1.6577129364013672,1.4381909370422363,2.638819456100464,3.2684268951416016,0.7309064269065857,0.45324140787124634,-0.3691025972366333,-0.09915457665920258,0.36459851264953613,-0.2884702980518341,0.3428531885147095,0.41165879368782043,0.07703087478876114,-0.8663036823272705,-0.07029077410697937,0.2632083594799042,0.016448915004730225,0.6800883412361145,0.7329456210136414,-0.9890856742858887,-0.09627997875213623,0.11153392493724823,-0.17673450708389282,-0.5534169673919678,0.5916100144386292,-0.10890424251556396,-0.25701355934143066,0.9602519869804382,0.7626504898071289,-0.6411854028701782,-0.08512086421251297,0.33114078640937805,0.016878878697752953,-0.03099999949336052,-0.9213337898254395,0.3887726962566376,-4.497770760281128e-07,-0.3887726962566376,-0.9213337898254395,2.171960659325123e-06,0.38686317205429077,-0.13015073537826538,-0.03099970519542694,0.27541840076446533,0.1639084815979004,-0.031000293791294098
193,1.0272738933563232,-2.059030771255493,1.0917960405349731,2.0729775428771973,1.591636061668396,0.0369533896446228,-0.16639026999473572,0.7309356927871704,-0.3759973347187042,0.00014475255738943815,0.3616538643836975,0.43677833676338196,-0.11710155755281448,-0.3998252749443054,0.40920594334602356,0.05339678376913071,0.21832825243473053,-0.11141853034496307,2.7325782775878906,1.6834806203842163,1.4165703058242798,2.6643927097320557,3.2977359294891357,0.7309266924858093,0.38830456137657166,-0.37729713320732117,-0.16670995950698853,0.34771403670310974,-0.3033137023448944,0.35630592703819275,0.4105750322341919,0.09148802608251572,-0.873165488243103,-0.06433769315481186,0.24744075536727905,0.0010625720024108887,0.6990793347358704,0.7150432467460632,-0.9895616173744202,-0.10230720043182373,0.10149362683296204,-0.17249107360839844,-0.5509025454521179,0.5836503505706787,-0.12225604057312012,-0.31285321712493896,0.9419004321098328,0.7875334620475769,-0.6081415414810181,-0.09977518767118454,0.33114078640937805,0.016878873109817505,-0.03099999949336052,-0.9213337898254395,0.3887726962566376,-4.7094994215513e-07,-0.3887726962566376,-0.9213337898254395,2.1692658265237696e-06,0.38686317205429077,-0.13015073537826538,-0.030999701470136642,0.27541840076446533,0.1639084815979004,-0.031000297516584396
194,1.0047181844711304,-2.059027910232544,1.1087517738342285,2.1026382446289062,1.5819339752197266,0.00797486025840044,-0.1371685117483139,0.7309260368347168,-0.3447554111480713,0.00019195489585399628,0.27407893538475037,0.43283477425575256,-0.1452922224998474,-0.3998536467552185,0.40878307819366455,0.07073559612035751,0.23901568353176117,-0.13523997366428375,2.716468095779419,1.7071077823638916,1.393722653388977,2.690805196762085,3.326946258544922,0.7309827208518982,0.281371146440506,-0.379383385181427,-0.22782063484191895,0.3141803443431854,-0.3215976655483246,0.36789360642433167,0.4091672897338867,-0.0008488036692142487,-0.8782727718353271,-0.061069536954164505,0.23427489399909973,-0.013614177703857422,0.7153724431991577,0.6986105442047119,-0.98918616771698,-0.11167383193969727,0.0950765609741211,-0.16997909545898438,-0.5466303825378418,0.5755288600921631,-0.13747096061706543,-0.36930087208747864,0.9190858602523804,0.8071832656860352,-0.5795519351959229,-0.11213837563991547,0.33114078640937805,0.016878876835107803,-0.03099999949336052,-0.9213337898254395,0.3887726962566376,-4.3752368128480157e-07,-0.3887726962566376,-0.9213337898254395,2.184618324463372e-06,0.38686317205429077,-0.13015073537826538,-0.03099970519542694,0.27541840076446533,0.1639084815979004,-0.031000293791294098
195,0.9834797978401184,-2.0590219497680664,1.117754340171814,2.1320974826812744,1.570250153541565,-0.02054617553949356,-0.10800773650407791,0.7309090495109558,-0.30350133776664734,0.00020861336088273674,0.13996069133281708,0.42920982837677,-0.16785112023353577,-0.39803335070610046,0.40771612524986267,0.0972072184085846,0.2532047927379608,-0.1585339903831482,2.6983838081359863,1.7270110845565796,1.3703912496566772,2.717752695083618,3.356001377105713,0.7309951782226562,0.16107088327407837,-0.3737979233264923,-0.26256662607192993,0.2580619752407074,-0.329351007938385,0.3755013942718506,0.4070330560207367,0.05530094355344772,-0.881178617477417,-0.062078025192022324,0.22489890456199646,-0.028049588203430176,0.7278712391853333,0.6851399540901184,-0.9875279664993286,-0.12640702724456787,0.09386147558689117,-0.16911059617996216,-0.5406579971313477,0.567600667476654,-0.15654611587524414,-0.4244053363800049,0.8918371200561523,0.8219868540763855,-0.5565938949584961,-0.12058539688587189,0.33114078640937805,0.016878873109817505,-0.03099999949336052,-0.9213337898254395,0.38877272605895996,-4.4677625510303187e-07,-0.38877272605895996,-0.9213337898254395,2.1766043118987e-06,0.38686317205429077,-0.13015075027942657,-0.030999701470136642,0.2754184305667877,0.16390849649906158,-0.031000297516584396
196,0.9637871980667114,-2.0590145587921143,1.1155295372009277,2.1613552570343018,1.556460976600647,-0.048295363783836365,-0.07894688099622726,0.7308838367462158,-0.25588470697402954,0.00018093481776304543,-0.04254795238375664,0.4259311556816101,-0.19129759073257446,-0.39248591661453247,0.40602192282676697,0.13386860489845276,0.26024848222732544,-0.18099002540111542,2.6795551776885986,1.7410855293273926,1.34628164768219,2.745123863220215,3.384803056716919,0.7310175895690918,0.02989143691956997,-0.36888551712036133,-0.27999916672706604,0.1692255437374115,-0.34266844391822815,0.38150250911712646,0.40313926339149475,-0.02630731090903282,-0.8814760446548462,-0.06875281780958176,0.22032782435417175,-0.04256319999694824,0.7349507808685303,0.6767833232879639,-0.9839560389518738,-0.14830780029296875,0.09917296469211578,-0.169610857963562,-0.5330524444580078,0.559962272644043,-0.1818833351135254,-0.4770384430885315,0.8598562479019165,0.8328564763069153,-0.5396047830581665,-0.12319442629814148,0.33114078640937805,0.016878874972462654,-0.03099999949336052,-0.9213337898254395,0.3887726664543152,-4.3981927433378587e-07,-0.3887726664543152,-0.9213337898254395,2.1639953047269955e-06,0.38686317205429077,-0.13015073537826538,-0.03099970519542694,0.27541840076446533,0.1639084815979004,-0.031000293791294098
197,0.9461745023727417,-2.0590078830718994,1.102293848991394,2.190490245819092,1.5405447483062744,-0.07496675103902817,-0.05004139617085457,0.7308518290519714,-0.2067374438047409,0.00010172380279982463,-0.2102576643228531,0.42770954966545105,-0.21806442737579346,-0.38039395213127136,0.4035322070121765,0.17562754452228546,0.2615702450275421,-0.2027330994606018,2.6616907119750977,1.7485862970352173,1.3217748403549194,2.772784948348999,3.413275718688965,0.73105388879776,-0.04335660859942436,-0.3664260804653168,-0.26482993364334106,0.07229303568601608,-0.34915950894355774,0.3857210576534271,0.3984735310077667,-0.01677892357110977,-0.8789808750152588,-0.08139300346374512,0.21973872184753418,-0.05819082260131836,0.7361015677452087,0.6743651032447815,-0.9779378175735474,-0.1777878999710083,0.10967795550823212,-0.1707870364189148,-0.5243338942527771,0.5528489351272583,-0.21326708793640137,-0.5260621905326843,0.8232713341712952,0.8416953682899475,-0.5267746448516846,-0.11856389045715332,0.33114078640937805,0.016878873109817505,-0.03099999949336052,-0.9213337898254395,0.38877272605895996,-4.3592402221293014e-07,-0.38877272605895996,-0.9213337898254395,2.1908601866016397e-06,0.38686317205429077,-0.13015075027942657,-0.030999701470136642,0.2754184305667877,0.16390849649906158,-0.031000297516584396
198,0.929431140422821,-2.05900239944458,1.0831016302108765,2.220186471939087,1.5240076780319214,-0.10077424347400665,-0.021350201219320297,0.7308458685874939,-0.20960800349712372,-9.814435543376021e-06,-0.2819897532463074,0.4346593916416168,-0.22947929799556732,-0.3659746050834656,0.4004388451576233,0.17717045545578003,0.26376596093177795,-0.22291402518749237,2.6445116996765137,1.750638723373413,1.3002952337265015,2.7934634685516357,3.4401419162750244,0.730963945388794,-0.032108061015605927,-0.30276069045066833,-0.1688123345375061,-0.008215375244617462,-0.3526723384857178,-0.34850555658340454,-4.148801803588867,0.028766537085175514,-0.87469482421875,-0.09718429297208786,0.22027075290679932,-0.07573163509368896,0.7336322665214539,0.6753135323524475,-0.9697916507720947,-0.21168732643127441,0.12121282517910004,-0.17300856113433838,-0.5176298022270203,0.5463464856147766,-0.24614298343658447,-0.5676677823066711,0.7855998277664185,0.8476239442825317,-0.5191620588302612,-0.10956579446792603,0.33114078640937805,0.016878874972462654,-0.03099999949336052,-0.9213337898254395,0.3887726962566376,-4.499900114751654e-07,-0.3887726962566376,-0.9213337898254395,2.1810567432112293e-06,0.38686317205429077,-0.13015073537826538,-0.030999701470136642,0.27541840076446533,0.1639084815979004,-0.031000297516584396
199,0.25048500299453735,-0.3989342451095581,0.3648817241191864,0.5364110469818115,-0.12027174979448318,1.1840369701385498,0.1749497354030609,0.7666516304016113,0.0,0.0,0.0,0.0,0.0,0.0,0.0,0.0,0.07977977395057678,-0.24402588605880737,-0.19771893322467804,1.1952072381973267,-0.08667870610952377,0.9185476303100586,-0.13874399662017822,0.6591835021972656,0.0,0.0,0.0,0.0,0.0,0.0,0.0,0.0,0.23347699642181396,0.40073731541633606,0.04008273780345917,0.4523411989212036,-0.8481124639511108,0.2758490741252899,-0.08550793677568436,-0.3491194248199463,-0.9331688284873962,0.5753082036972046,-0.4176889657974243,0.30743515491485596,0.02068197727203369,-0.9941269159317017,0.10622729361057281,0.48771294951438904,-0.0827186107635498,-0.8690764904022217,0.3513222932815552,-0.01830597035586834,-0.03099999949336052,0.4964357614517212,-0.8680734634399414,-0.0,0.8680734634399414,0.4964357614517212,0.0,0.3962457776069641,0.13237439095973969,-0.03099999949336052,0.30639880895614624,-0.16898633539676666,-0.03099999949336052
