step,next_obs_0,next_obs_1,next_obs_2,next_obs_3,next_obs_4,next_obs_5,next_obs_6,next_obs_7,next_obs_8,next_obs_9,next_obs_10,next_obs_11,next_obs_12,next_obs_13,next_obs_14,next_obs_15,next_obs_16,next_obs_17,next_obs_18,next_obs_19,next_obs_20,next_obs_21,next_obs_22,next_obs_23,next_obs_24,next_obs_25,next_obs_26,next_obs_27,next_obs_28,next_obs_29,next_obs_30,next_obs_31,next_obs_32,next_obs_33,next_obs_34,next_obs_35,next_obs_36,next_obs_37,next_obs_38,next_obs_39,next_obs_40,next_obs_41,next_obs_42,next_obs_43,next_obs_44,next_obs_45,next_obs_46,next_obs_47,next_obs_48,next_obs_49,next_obs_50,next_obs_51,next_obs_52,next_obs_53,next_obs_54,next_obs_55,next_obs_56,next_obs_57,next_obs_58,next_obs_59,next_obs_60,next_obs_61,next_obs_62,next_obs_63,next_obs_64
0,0.09814519435167313,-0.2600361108779907,0.31096914410591125,0.8592240810394287,0.11799246817827225,0.8163678646087646,0.009676346555352211,0.7310336828231812,0.02123968116939068,0.36622530221939087,-0.24533966183662415,0.4874858856201172,-0.26512154936790466,-0.4381907284259796,0.24061879515647888,-0.04208776354789734,-0.10609739273786545,0.032184701412916183,0.154206320643425,0.4190026521682739,0.01857789419591427,1.0703233480453491,0.29954972863197327,0.7377930283546448,-1.7564932107925415,-0.6436333656311035,-0.3209003806114197,-2.9678220748901367,1.1274532079696655,-2.2261621952056885,-3.6614906787872314,-10.190617561340332,0.454725980758667,0.538632869720459,0.14440950751304626,0.33084768056869507,-0.9432187080383301,-0.029636267572641373,0.2622879147529602,0.12207800149917603,-0.957236647605896,0.0860588550567627,-0.3179011344909668,-0.06683675199747086,-0.19921636581420898,-0.9642296433448792,0.17485478520393372,-0.6313170790672302,-0.01018834114074707,-0.7754579782485962,0.33693671226501465,0.00901651382446289,-0.03100011497735977,-0.9777323007583618,-0.2098568081855774,1.0160960073335445e-06,0.2098568081855774,-0.9777323007583618,-1.4904674117133254e-07,0.46690237522125244,-0.07947994023561478,-0.03100024163722992,0.20697104930877686,0.09751296788454056,-0.030999988317489624
1,0.10020394623279572,-0.24309399724006653,0.2945746183395386,0.8834322690963745,0.09228810667991638,0.7867894172668457,0.03369392827153206,0.7311131358146667,-0.047754812985658646,0.2169182300567627,-0.26341310143470764,0.3716879189014435,-0.35929757356643677,-0.42335110902786255,0.3360910713672638,-0.13226212561130524,-0.16091200709342957,0.0063718329183757305,0.17173126339912415,0.4401229918003082,0.04269536957144737,1.0946778059005737,0.30330967903137207,0.7307514548301697,-0.22672039270401,-0.501003086566925,0.36845019459724426,0.5499337911605835,0.38561293482780457,0.47727540135383606,0.07877679169178009,0.3468117415904999,0.4755856990814209,0.5352187156677246,0.1550334244966507,0.30902475118637085,-0.9507523775100708,-0.02395293489098549,0.3013592064380646,0.12177693843841553,-0.9457024335861206,0.09986233711242676,-0.3150014877319336,-0.05943562835454941,-0.2623775005340576,-0.9507169723510742,0.1652126908302307,-0.6134233474731445,0.03216451406478882,-0.7890989780426025,0.33693671226501465,0.00901651382446289,-0.03100007399916649,-0.9777323007583618,-0.209856778383255,7.829999617570138e-07,0.209856778383255,-0.9777323007583618,6.771974199182296e-07,0.46690237522125244,-0.07947994023561478,-0.031000081449747086,0.20697104930877686,0.09751296788454056,-0.03100006654858589
2,0.07582354545593262,-0.21603617072105408,0.29072585701942444,0.9142141342163086,0.07919476926326752,0.7567864656448364,0.01921793259680271,0.7310773730278015,-0.5215787887573242,0.4363418519496918,-0.1230996772646904,0.447854220867157,-0.18516510725021362,-0.4292658269405365,-0.20217587053775787,-0.0908384844660759,-0.14934289455413818,-0.02402135170996189,0.19937941431999207,0.470533549785614,0.0195913128554821,1.1242390871047974,0.3309932053089142,0.7314381003379822,0.485586941242218,-0.4970442056655884,0.4540846049785614,0.4898539185523987,-0.32121580839157104,0.4035413861274719,0.3877669870853424,-0.0644727498292923,0.49965405464172363,0.5274972915649414,0.1640813648700714,0.3029554486274719,-0.9528577327728271,-0.016741128638386726,0.3357061445713043,0.12314343452453613,-0.9338828921318054,0.11759018898010254,-0.3187689781188965,-0.04968419671058655,-0.23143959045410156,-0.9546671509742737,0.18720678985118866,-0.5890771150588989,-0.015621542930603027,-0.807925820350647,0.33693718910217285,0.00901651382446289,-0.03100007027387619,-0.9777320623397827,-0.20985737442970276,6.044299425411737e-07,0.20985737442970276,-0.9777320623397827,3.287673280283343e-07,0.46690288186073303,-0.07947985082864761,-0.031000100076198578,0.20697149634361267,0.0975128784775734,-0.031000040471553802
3,0.044235363602638245,-0.1875121146440506,0.29152750968933105,0.9433176517486572,0.07780968397855759,0.7268669605255127,0.0007136850035749376,0.7310193777084351,-0.519680380821228,0.42105430364608765,-0.015979137271642685,0.42973199486732483,-0.01916610635817051,-0.4270057678222656,-0.25868555903434753,-0.015829477459192276,-0.13064496219158173,-0.053459737449884415,0.22952140867710114,0.5002101063728333,-0.007891565561294556,1.1538554430007935,0.3588365316390991,0.7314406633377075,0.3837691843509674,-0.48699384927749634,0.44748902320861816,0.4813643991947174,-0.38068902492523193,0.40329334139823914,0.390760213136673,-0.07152227312326431,0.5225064754486084,0.5189199447631836,0.17145192623138428,0.29224610328674316,-0.956195056438446,-0.01683208718895912,0.36508646607398987,0.12781590223312378,-0.922157883644104,0.13442683219909668,-0.32200145721435547,-0.03896955028176308,-0.1898646354675293,-0.9582030773162842,0.21400569379329681,-0.5614831447601318,-0.07283854484558105,-0.8242762088775635,0.33693671226501465,0.00901651382446289,-0.031000081449747086,-0.9777320623397827,-0.2098570317029953,7.168119964262587e-07,0.2098570317029953,-0.9777320623397827,5.751782055085641e-07,0.46690237522125244,-0.0794798880815506,-0.03100009262561798,0.20697104930877686,0.09751291573047638,-0.03100007027387619
4,0.0081250611692667,-0.16244721412658691,0.3097783923149109,0.9697705507278442,0.07910440117120743,0.6970018148422241,-0.007884008809924126,0.7309700846672058,-0.4737843871116638,0.36167964339256287,0.2669997215270996,0.39344578981399536,0.019489161670207977,-0.4253617525100708,-0.12030112743377686,0.047563910484313965,-0.11072607338428497,-0.07665593177080154,0.2590941786766052,0.5248060822486877,-0.03483068197965622,1.1832689046859741,0.38546937704086304,0.7314825057983398,0.4561390280723572,-0.35638749599456787,0.45272934436798096,0.3678865134716034,-0.3708200752735138,0.4082779586315155,0.3737548291683197,-0.0749301016330719,0.5420153141021729,0.5156545639038086,0.178819477558136,0.28316229581832886,-0.9588881731033325,-0.018779635429382324,0.3934127390384674,0.1339890956878662,-0.9095456600189209,0.1464855670928955,-0.3243231773376465,-0.02867504581809044,-0.14747488498687744,-0.9585272073745728,0.2438787817955017,-0.5380546450614929,-0.12914717197418213,-0.8329575061798096,0.33693671226501465,0.00901651382446289,-0.03100007399916649,-0.9777323007583618,-0.20985668897628784,7.895811222624616e-07,0.20985668897628784,-0.9777323007583618,6.775607630515879e-07,0.46690234541893005,-0.07947995513677597,-0.031000081449747086,0.20697107911109924,0.09751298278570175,-0.03100006654858589
5,-0.023848285898566246,-0.14691531658172607,0.3351811170578003,0.9930433630943298,0.08059676736593246,0.6674177050590515,-0.0009800528641790152,0.7309824228286743,-0.42447832226753235,0.17695961892604828,0.3591686189174652,0.3767266571521759,0.022678092122077942,-0.42648980021476746,0.09675206243991852,0.026780467480421066,-0.09139787405729294,-0.0823768600821495,0.28914815187454224,0.5346492528915405,-0.06016276404261589,1.2124149799346924,0.41179850697517395,0.7315425872802734,0.40511488914489746,-0.01719345897436142,0.45359471440315247,0.06921829283237457,-0.3467429280281067,0.4208697974681854,0.3695911169052124,-0.057730257511138916,0.5588400363922119,0.5174341201782227,0.18964308500289917,0.2711153030395508,-0.9622385501861572,-0.02436169981956482,0.42562150955200195,0.14254486560821533,-0.8936035633087158,0.14524340629577637,-0.32683420181274414,-0.022141478955745697,-0.10054457187652588,-0.9549949169158936,0.2790617048740387,-0.5366128087043762,-0.18413877487182617,-0.8234922885894775,0.33693718910217285,0.00901651382446289,-0.03100007027387619,-0.9777320623397827,-0.2098572850227356,5.928541781941021e-07,0.2098572850227356,-0.9777320623397827,3.371485490788473e-07,0.46690285205841064,-0.07947986572980881,-0.03100009635090828,0.20697152614593506,0.09751289337873459,-0.0310000441968441
6,-0.05317608267068863,-0.14558425545692444,0.3624873757362366,1.0169572830200195,0.07295439392328262,0.638077974319458,0.01900123618543148,0.7310349345207214,-0.3898013234138489,-0.08773484826087952,0.37962672114372253,0.4300394058227539,-0.10365152359008789,-0.4317581057548523,0.27949121594429016,-0.03788479045033455,-0.07357460260391235,-0.07718288153409958,0.31918278336524963,0.5305283665657043,-0.08151718229055405,1.2418568134307861,0.43727654218673706,0.7315630316734314,0.3841366469860077,0.12859079241752625,0.45359525084495544,-0.12757691740989685,-0.2910473048686981,0.4254091680049896,0.3576899766921997,-0.04760226607322693,0.5759384632110596,0.5201320648193359,0.2091538906097412,0.2567138075828552,-0.9661744236946106,-0.02460101805627346,0.47079914808273315,0.14724069833755493,-0.8698669075965881,0.13332343101501465,-0.33048534393310547,-0.01832197606563568,-0.05107855796813965,-0.9472525715827942,0.31639155745506287,-0.5519946217536926,-0.2372380495071411,-0.7993873357772827,0.33693671226501465,0.00901651382446289,-0.03100007399916649,-0.9777320623397827,-0.20985692739486694,7.779030966048595e-07,0.20985692739486694,-0.9777320623397827,5.990621048113098e-07,0.46690234541893005,-0.07947990298271179,-0.031000088900327682,0.20697107911109924,0.09751293063163757,-0.031000059098005295
7,-0.07998399436473846,-0.1538919359445572,0.3900376558303833,1.0429155826568604,0.05747491866350174,0.6085566282272339,0.044185202568769455,0.7310600280761719,-0.34222060441970825,-0.21826104819774628,0.3859423100948334,0.45524632930755615,-0.2128136157989502,-0.43365025520324707,0.35203588008880615,-0.06592772156000137,-0.058031272143125534,-0.06785647571086884,0.3493127226829529,0.522369921207428,-0.09982898831367493,1.271511435508728,0.4619204103946686,0.7315453886985779,0.33692261576652527,0.16412338614463806,0.45013177394866943,-0.15718944370746613,-0.25014644861221313,0.42336010932922363,0.3460116684436798,-0.04145282506942749,0.5929944515228271,0.5235905647277832,0.23622754216194153,0.24472206830978394,-0.9694056510925293,-0.019076678901910782,0.5252326726913452,0.14907938241958618,-0.8377982974052429,0.11865448951721191,-0.3351874351501465,-0.01473420113325119,-0.002180337905883789,-0.93574059009552,0.3526824414730072,-0.5702323913574219,-0.2885596752166748,-0.7691347599029541,0.33693671226501465,0.00901651382446289,-0.03100007399916649,-0.9777323007583618,-0.20985659956932068,7.804849246895174e-07,0.20985659956932068,-0.9777323007583618,6.883006449243112e-07,0.46690234541893005,-0.07947996258735657,-0.031000081449747086,0.20697107911109924,0.09751299023628235,-0.03100006654858589
8,-0.10312853753566742,-0.1628131866455078,0.41707852482795715,1.0688813924789429,0.03720420226454735,0.5789029002189636,0.07098640501499176,0.7310550808906555,-0.2816811203956604,-0.1852104514837265,0.38461199402809143,0.4264454245567322,-0.28032833337783813,-0.4297710359096527,0.3745378255844116,-0.06025240570306778,-0.04706016927957535,-0.05558576434850693,0.37951457500457764,0.5133611559867859,-0.11583971232175827,1.3009779453277588,0.4853222370147705,0.7315170764923096,0.24493075907230377,0.20975515246391296,0.4442872405052185,-0.1705716997385025,-0.2174837589263916,0.4203845262527466,0.329267293214798,-0.07034920156002045,0.6081550121307373,0.5286049842834473,0.2646925151348114,0.23695719242095947,-0.9714507460594177,-0.011609555222094059,0.5781469345092773,0.15060561895370483,-0.801912784576416,0.10356974601745605,-0.34091758728027344,-0.010771572589874268,0.0438765287399292,-0.9211856722831726,0.38664156198501587,-0.588272750377655,-0.33662712574005127,-0.7352668046951294,0.33693671226501465,0.00901651382446289,-0.031000081449747086,-0.9777320623397827,-0.20985721051692963,6.993614647399227e-07,0.20985721051692963,-0.9777320623397827,4.987138595424767e-07,0.46690237522125244,-0.0794798731803894,-0.031000100076198578,0.20697104930877686,0.09751290082931519,-0.031000062823295593
9,-0.11996035277843475,-0.16723737120628357,0.4430994987487793,1.0914242267608643,0.016691485419869423,0.5494638085365295,0.09781696647405624,0.7310085296630859,-0.160959392786026,-0.08455140888690948,0.3847672939300537,0.3485335409641266,-0.28479868173599243,-0.4205556809902191,0.3749396502971649,-0.0056962911039590836,-0.04288484528660774,-0.04128173366189003,0.4096558690071106,0.5084711909294128,-0.12995611131191254,1.3266066312789917,0.5116128325462341,0.7313699126243591,0.15453621745109558,0.1823773831129074,0.4320220947265625,0.07874836027622223,-0.1263815462589264,0.038613736629486084,0.7453309297561646,-0.1924499124288559,0.6198070049285889,0.5368928909301758,0.2891600728034973,0.2349521517753601,-0.9719816446304321,-0.007014244794845581,0.6215476989746094,0.15578383207321167,-0.7677303552627563,0.09198117256164551,-0.3462963104248047,-0.006812259554862976,0.07895952463150024,-0.9049915075302124,0.41803789138793945,-0.6010215878486633,-0.37777793407440186,-0.7043129801750183,0.33693671226501465,0.00901651382446289,-0.03100007399916649,-0.9777323007583618,-0.20985685288906097,7.75178989442793e-07,0.20985685288906097,-0.9777323007583618,6.035656383573951e-07,0.46690237522125244,-0.07947993278503418,-0.031000088900327682,0.20697104930877686,0.09751296043395996,-0.031000059098005295
10,-0.1286982148885727,-0.16046783328056335,0.4671992063522339,1.100607991218567,-0.002399452729150653,0.5210336446762085,0.12244181334972382,0.7309438586235046,-0.054159458726644516,0.18794585764408112,0.37069788575172424,0.06239157170057297,-0.2687125504016876,-0.38544225692749023,0.3441160023212433,0.06454046815633774,-0.04241754487156868,-0.028553923591971397,0.43977612257003784,0.5167112946510315,-0.14547990262508392,1.3404953479766846,0.5429649949073792,0.7313397526741028,0.0684027224779129,0.18999354541301727,0.43670332431793213,0.108548603951931,-0.23623178899288177,0.1943662017583847,0.4256456196308136,-0.036410436034202576,0.6258890628814697,0.5479249954223633,0.2986430525779724,0.2400195598602295,-0.9707434177398682,-0.0069197118282318115,0.643329381942749,0.16439533233642578,-0.7477309703826904,0.09199309349060059,-0.3484315872192383,-0.004281669855117798,0.09861290454864502,-0.8900370001792908,0.4450951814651489,-0.5942126512527466,-0.4114474058151245,-0.6911023259162903,0.33693718910217285,0.00901651382446289,-0.03100007027387619,-0.9777320623397827,-0.20985746383666992,5.710483605980698e-07,0.20985746383666992,-0.9777320623397827,2.730164965214499e-07,0.46690288186073303,-0.07947984337806702,-0.031000100076198578,0.20697149634361267,0.0975128710269928,-0.031000040471553802
11,-0.13720391690731049,-0.14987461268901825,0.49028557538986206,1.095441222190857,-0.021512947976589203,0.4952525496482849,0.14652563631534576,0.7309604287147522,-0.09097152203321457,0.20357400178909302,0.33998799324035645,-0.12253493070602417,-0.2692699134349823,-0.35109037160873413,0.3368971347808838,0.03160744905471802,-0.0427931547164917,-0.013367561623454094,0.4693746268749237,0.5229650139808655,-0.15660974383354187,1.3464936017990112,0.5765161514282227,0.7313058376312256,0.09315837174654007,0.22710725665092468,0.4336687922477722,0.058090172708034515,-0.1544683426618576,-0.02478364109992981,0.6586742401123047,-0.18461230397224426,0.6278588771820068,0.5568008422851562,0.295929878950119,0.2443598508834839,-0.9696543216705322,-0.007657856680452824,0.6499956250190735,0.16965371370315552,-0.74075847864151,0.09199690818786621,-0.34847593307495117,-0.003860294818878174,0.11126160621643066,-0.8767318725585938,0.4679340720176697,-0.586435079574585,-0.4380596876144409,-0.6813205480575562,0.33693671226501465,0.00901651382446289,-0.031000081449747086,-0.9777320623397827,-0.20985712110996246,6.993022338974697e-07,0.20985712110996246,-0.9777320623397827,5.048478328717465e-07,0.46690237522125244,-0.07947988063097,-0.031000100076198578,0.20697104930877686,0.09751290827989578,-0.031000062823295593
12,-0.1472223848104477,-0.14320535957813263,0.514750063419342,1.0876400470733643,-0.038808424025774,0.4709322452545166,0.17202076315879822,0.730918288230896,-0.06080832704901695,0.08608837425708771,0.3674263656139374,-0.10844429582357407,-0.24269066751003265,-0.341545432806015,0.3566860556602478,0.0942717045545578,-0.03714797645807266,0.0010031948331743479,0.49888598918914795,0.5274369716644287,-0.16815106570720673,1.3512606620788574,0.6085673570632935,0.7313540577888489,0.2242545485496521,0.20833416283130646,0.4414839744567871,0.03172512352466583,-0.16091011464595795,-0.014111675322055817,0.6167555451393127,-0.19964954257011414,0.6284205913543701,0.5656566619873047,0.2933681011199951,0.24749797582626343,-0.9688374996185303,-0.009929777123034,0.6561377644538879,0.17513936758041382,-0.7340362668037415,0.09198451042175293,-0.34811925888061523,-0.0036883503198623657,0.12998920679092407,-0.8623695969581604,0.4893072247505188,-0.5741647481918335,-0.46780169010162354,-0.6719349026679993,0.33693671226501465,0.00901651382446289,-0.03100007399916649,-0.9777323007583618,-0.2098567634820938,7.843560752007761e-07,0.2098567634820938,-0.9777323007583618,6.05090576755174e-07,0.46690237522125244,-0.07947994768619537,-0.031000088900327682,0.20697104930877686,0.09751297533512115,-0.031000059098005295
13,-0.15671603381633759,-0.14423154294490814,0.5413607954978943,1.0779513120651245,-0.05650737136602402,0.4480759799480438,0.19917914271354675,0.7309176325798035,-0.03557443618774414,-0.03267524763941765,0.4024384617805481,-0.13491301238536835,-0.24872687458992004,-0.3208705186843872,0.3798679709434509,0.09693039953708649,-0.02488885261118412,0.014559143222868443,0.5284819602966309,0.5301048755645752,-0.18057025969028473,1.3552308082580566,0.6358363032341003,0.7313880324363708,0.33197686076164246,0.2004764974117279,0.44728177785873413,0.019080493599176407,-0.18729890882968903,0.038990557193756104,0.4242005944252014,-0.12522807717323303,0.6270949840545654,0.576056957244873,0.2935580909252167,0.2527369260787964,-0.9674828052520752,-0.010051847435534,0.6648156046867371,0.1812000870704651,-0.7246975898742676,0.09196066856384277,-0.34752321243286133,-0.003645569086074829,0.1582413911819458,-0.8468144536018372,0.5078040361404419,-0.5564711093902588,-0.5013158321380615,-0.6625876426696777,0.33693718910217285,0.00901651382446289,-0.03100007027387619,-0.9777320623397827,-0.20985737442970276,5.720759190808167e-07,0.20985737442970276,-0.9777320623397827,2.716994629281544e-07,0.46690288186073303,-0.07947985082864761,-0.031000100076198578,0.20697149634361267,0.0975128784775734,-0.031000040471553802
14,-0.16417934000492096,-0.1485576182603836,0.5688838362693787,1.0654278993606567,-0.07378582656383514,0.425180584192276,0.2268586903810501,0.7309077978134155,-0.003175196936354041,-0.059351660311222076,0.4198203980922699,-0.19134466350078583,-0.24375019967556,-0.31812232732772827,0.3871597945690155,0.10635988414287567,-0.010234043002128601,0.02799905277788639,0.5578287839889526,0.5320522785186768,-0.19339056313037872,1.3590846061706543,0.6582908630371094,0.7313854694366455,0.342288076877594,0.19814632833003998,0.4355344772338867,0.011391718871891499,-0.16437211632728577,0.025393672287464142,0.42336028814315796,-0.17984551191329956,0.6239035129547119,0.5881862640380859,0.2936917543411255,0.26090508699417114,-0.9653158187866211,-0.009686410427093506,0.6729112863540649,0.18905037641525269,-0.7151575088500977,0.0919497013092041,-0.3468194007873535,-0.0036287829279899597,0.1917397379875183,-0.8303933143615723,0.5231471657752991,-0.535577118396759,-0.5352030992507935,-0.6532341837882996,0.33693671226501465,0.00901651382446289,-0.031000081449747086,-0.9777320623397827,-0.2098570317029953,7.001061703704181e-07,0.2098570317029953,-0.9777320623397827,5.03440332977334e-07,0.46690237522125244,-0.0794798880815506,-0.031000100076198578,0.20697104930877686,0.09751291573047638,-0.031000062823295593
15,-0.1699003130197525,-0.15418121218681335,0.5970140695571899,1.049181342124939,-0.08970893174409866,0.40284043550491333,0.25466737151145935,0.7308924794197083,0.02614319510757923,-0.07122331857681274,0.4324415922164917,-0.25254830718040466,-0.22565457224845886,-0.308444619178772,0.38902732729911804,0.12502624094486237,0.006941870786249638,0.04109586030244827,0.5859944224357605,0.533348798751831,-0.20615872740745544,1.3627793788909912,0.6759726405143738,0.7313960194587708,0.39109867811203003,0.19334156811237335,0.4239335060119629,-0.0043898047879338264,-0.2076014131307602,0.035296712070703506,0.2784089744091034,-0.06969686597585678,0.6186439990997314,0.6013803482055664,0.29175668954849243,0.2710953950881958,-0.962502121925354,-0.009843915700912476,0.6779866218566895,0.1981990933418274,-0.7078497409820557,0.09195303916931152,-0.34595823287963867,-0.0036349594593048096,0.22926181554794312,-0.8129604458808899,0.5352890491485596,-0.5118308067321777,-0.5684559345245361,-0.6441173553466797,0.33693671226501465,0.00901651382446289,-0.03100007399916649,-0.9777323007583618,-0.20985667407512665,7.725903969912906e-07,0.20985667407512665,-0.9777323007583618,6.055977337382501e-07,0.46690234541893005,-0.07947995513677597,-0.031000088900327682,0.20697107911109924,0.09751298278570175,-0.031000059098005295
16,-0.1731124222278595,-0.16310594975948334,0.6253289580345154,1.0339096784591675,-0.10492966324090958,0.37860411405563354,0.2830111086368561,0.7308568358421326,0.08682239800691605,-0.1591438353061676,0.43772950768470764,-0.20113658905029297,-0.21556200087070465,-0.3435954451560974,0.39691734313964844,0.18195798993110657,0.02594856545329094,0.05363660305738449,0.6142273545265198,0.5338512659072876,-0.21902066469192505,1.3665403127670288,0.6935274004936218,0.7314143180847168,0.42127087712287903,0.1821087747812271,0.42549923062324524,-0.02817346714437008,-0.2243342250585556,0.007940046489238739,0.3265138864517212,-0.09851189702749252,0.6125810146331787,0.6167950630187988,0.29268211126327515,0.28440308570861816,-0.9586488008499146,-0.010362804867327213,0.6857711672782898,0.21097791194915771,-0.6965674757957458,0.09195780754089355,-0.34502077102661133,-0.0035850107669830322,0.2674017548561096,-0.7932530641555786,0.5470337867736816,-0.48478490114212036,-0.6013767719268799,-0.6350825428962708,0.33693718910217285,0.00901651382446289,-0.03100007027387619,-0.9777320623397827,-0.2098572850227356,5.791328021587105e-07,0.2098572850227356,-0.9777320623397827,2.6459849777893396e-07,0.46690285205841064,-0.07947986572980881,-0.031000103801488876,0.20697152614593506,0.09751289337873459,-0.031000036746263504
17,-0.16929329931735992,-0.17842750251293182,0.6532073020935059,1.026487946510315,-0.11828682571649551,0.3527292311191559,0.31173643469810486,0.7307677268981934,0.2501166760921478,-0.3016788959503174,0.44565650820732117,-0.04130972549319267,-0.1881268173456192,-0.3781750202178955,0.4019935429096222,0.28939270973205566,0.047114960849285126,0.06615955382585526,0.6430101990699768,0.5335914492607117,-0.23242118954658508,1.3705123662948608,0.7150461673736572,0.7314266562461853,0.46232861280441284,0.18439169228076935,0.43711841106414795,-0.03983511030673981,-0.2436465322971344,0.019872169941663742,0.35652053356170654,-0.06078372150659561,0.6055185794830322,0.6380906105041504,0.30255648493766785,0.30507397651672363,-0.9522542953491211,-0.011901617050170898,0.7005573511123657,0.23286831378936768,-0.6745307445526123,0.09195971488952637,-0.34406471252441406,-0.0034768804907798767,0.3036840558052063,-0.7703301310539246,0.5606848001480103,-0.45383402705192566,-0.6343828439712524,-0.625774085521698,0.33693671226501465,0.00901651382446289,-0.03100007399916649,-0.9777320623397827,-0.20985692739486694,7.450423140653584e-07,0.20985692739486694,-0.9777320623397827,5.409349910223682e-07,0.46690234541893005,-0.07947990298271179,-0.03100009262561798,0.20697107911109924,0.09751293063163757,-0.031000055372714996
18,-0.15760838985443115,-0.19985608756542206,0.6815544366836548,1.0287721157073975,-0.12999628484249115,0.3256177604198456,0.34060534834861755,0.7306969165802002,0.3821340501308441,-0.408311128616333,0.46002110838890076,0.11550990492105484,-0.16522669792175293,-0.40063920617103577,0.4041423201560974,0.3715415894985199,0.07086275517940521,0.07868031412363052,0.6721194982528687,0.5326737761497498,-0.24621330201625824,1.3749301433563232,0.7395100593566895,0.7314531207084656,0.503785252571106,0.1791449934244156,0.4419839680194855,-0.06424637883901596,-0.24936306476593018,-0.013378068804740906,0.5009395480155945,-0.6547974944114685,0.5960447788238525,0.6666436195373535,0.3221941292285919,0.3354487419128418,-0.9419511556625366,-0.014218181371688843,0.7205342054367065,0.26626187562942505,-0.6402617692947388,0.09196019172668457,-0.34305810928344727,-0.003253847360610962,0.33867406845092773,-0.7442491054534912,0.5756674408912659,-0.4187467098236084,-0.6671160459518433,-0.6161227822303772,0.33693671226501465,0.00901651382446289,-0.03100007399916649,-0.9777323007583618,-0.20985658466815948,7.638687407052203e-07,0.20985658466815948,-0.9777323007583618,6.103465466367197e-07,0.46690234541893005,-0.07947996258735657,-0.031000088900327682,0.20697107911109924,0.09751299023628235,-0.031000059098005295
19,-0.14480382204055786,-0.2251521348953247,0.7112380862236023,1.0335181951522827,-0.13810397684574127,0.2974366247653961,0.36953261494636536,0.7307080626487732,0.34877458214759827,-0.4391806125640869,0.47207844257354736,0.12220227718353271,-0.11564910411834717,-0.4095645248889923,0.4050881862640381,0.34438595175743103,0.09504814445972443,0.09064814448356628,0.7011228799819946,0.5308972001075745,-0.25981298089027405,1.3792411088943481,0.7654565572738647,0.7314295768737793,0.48970603942871094,0.17413382232189178,0.4386114776134491,-0.06933825463056564,-0.24934914708137512,0.0034788809716701508,0.4814686179161072,-0.6011444926261902,0.5834949016571045,0.6974873542785645,0.3452756404876709,0.36868566274642944,-0.9293707609176636,-0.018463673070073128,0.7391894459724426,0.3051678538322449,-0.600392758846283,0.09195399284362793,-0.34207773208618164,-0.0030055195093154907,0.3707088828086853,-0.7164624333381653,0.5909793972969055,-0.3810935616493225,-0.6976258754730225,-0.6067010760307312,0.33693671226501465,0.00901651382446289,-0.031000081449747086,-0.9777320623397827,-0.20985721051692963,6.762505790902651e-07,0.20985721051692963,-0.9777320623397827,4.2542666278677643e-07,0.46690237522125244,-0.0794798731803894,-0.031000107526779175,0.20697104930877686,0.09751290082931519,-0.031000055372714996
20,-0.13147129118442535,-0.2503838539123535,0.7405851483345032,1.0427091121673584,-0.14380556344985962,0.2686118185520172,0.3984353542327881,0.7306603193283081,0.3607603907585144,-0.45055750012397766,0.4699109196662903,0.20395275950431824,-0.08154314756393433,-0.4232621192932129,0.4047374427318573,0.4030078053474426,0.1209929957985878,0.10211488604545593,0.729711651802063,0.5284851789474487,-0.27318447828292847,1.3839651346206665,0.7937830686569214,0.7314452528953552,0.5296009182929993,0.15979140996932983,0.43472278118133545,-0.09952041506767273,-0.24882225692272186,-0.04070398956537247,0.6584464311599731,-0.667980432510376,0.5685603618621826,0.7293286323547363,0.3709878623485565,0.4036098122596741,-0.9145686030387878,-0.025755930691957474,0.7545233368873596,0.34863823652267456,-0.5560089945793152,0.09195494651794434,-0.34109067916870117,-0.0026049241423606873,0.39962971210479736,-0.6866722106933594,0.6072704195976257,-0.34040531516075134,-0.7262649536132812,-0.5972131490707397,0.33693671226501465,0.00901651382446289,-0.03100007399916649,-0.9777323007583618,-0.20985686779022217,7.519627160945674e-07,0.20985686779022217,-0.9777323007583618,5.356676524570503e-07,0.46690237522125244,-0.07947993278503418,-0.03100009635090828,0.20697104930877686,0.09751296043395996,-0.031000051647424698
21,-0.12077698111534119,-0.2762139141559601,0.7701044082641602,1.0569125413894653,-0.1489390879869461,0.23935987055301666,0.42715609073638916,0.730664849281311,0.2937007248401642,-0.4636231064796448,0.46047160029411316,0.2819333076477051,-0.07242429256439209,-0.43081527948379517,0.4022188186645508,0.39362218976020813,0.1480289250612259,0.11267033964395523,0.7580874562263489,0.5249054431915283,-0.2861861288547516,1.3884307146072388,0.8258271217346191,0.7314271330833435,0.5336732268333435,0.15117184817790985,0.4311087429523468,-0.10539977997541428,-0.2361905872821808,-0.02633054181933403,0.6803534030914307,-0.6408250331878662,0.5518300533294678,0.7605633735656738,0.39990687370300293,0.4388459324836731,-0.8979306817054749,-0.033686909824609756,0.7672155499458313,0.39395010471343994,-0.5061458945274353,0.09195065498352051,-0.3401780128479004,-0.0021675005555152893,0.4235212206840515,-0.6556116342544556,0.625142514705658,-0.29691454768180847,-0.7524323463439941,-0.5879519581794739,0.33693718910217285,0.00901651382446289,-0.03100007027387619,-0.9777320623397827,-0.20985744893550873,7.033401629996661e-07,0.20985744893550873,-0.9777320623397827,5.346140028450463e-07,0.46690288186073303,-0.07947984337806702,-0.031000085175037384,0.20697149634361267,0.0975128710269928,-0.031000055372714996
22,-0.12037505954504013,-0.3001992106437683,0.7990812063217163,1.0726736783981323,-0.16014261543750763,0.20964297652244568,0.4552464485168457,0.730786144733429,0.06432586163282394,-0.4005749523639679,0.42018356919288635,0.276956170797348,-0.156648188829422,-0.43006300926208496,0.39359498023986816,0.23823902010917664,0.17644721269607544,0.12151027470827103,0.7861141562461853,0.5201578736305237,-0.2982204258441925,1.3929901123046875,0.8624534606933594,0.7314196228981018,0.5550008416175842,0.11814513802528381,0.425898939371109,-0.14355099201202393,-0.2080235481262207,-0.09683005511760712,0.9656674265861511,-0.6293964385986328,0.5370633602142334,0.785855770111084,0.4284634590148926,0.4684685468673706,-0.882739245891571,-0.036177732050418854,0.7788029909133911,0.4319508671760559,-0.45484548807144165,0.09195065498352051,-0.33934450149536133,-0.0015296638011932373,0.4409133791923523,-0.6239347457885742,0.645213782787323,-0.2507905960083008,-0.7758711576461792,-0.5789026021957397,0.33693671226501465,0.00901651382446289,-0.031000081449747086,-0.9777320623397827,-0.20985712110996246,6.622330488426087e-07,0.20985712110996246,-0.9777320623397827,4.278487040210166e-07,0.46690237522125244,-0.07947988063097,-0.031000103801488876,0.20697104930877686,0.09751290827989578,-0.031000059098005295
23,-0.12547215819358826,-0.3207012116909027,0.8235894441604614,1.0871518850326538,-0.17279323935508728,0.18015813827514648,0.4806780219078064,0.7308130860328674,-0.015188293531537056,-0.34088414907455444,0.35932424664497375,0.2503799498081207,-0.1768241673707962,-0.424951434135437,0.3560476005077362,0.21393537521362305,0.20638707280158997,0.12889115512371063,0.8139344453811646,0.5141284465789795,-0.3093157708644867,1.397123098373413,0.904069185256958,0.7314122319221497,0.5822586417198181,0.10464516282081604,0.42566564679145813,-0.11781393736600876,-0.1658448725938797,0.04728969186544418,0.6308372616767883,-0.5235791802406311,0.5248081684112549,0.8052597045898438,0.4542578458786011,0.49196457862854004,-0.8698310256004333,-0.036943454295396805,0.7878261208534241,0.46284157037734985,-0.4063345193862915,0.0919497013092041,-0.3385438919067383,-0.0008321106433868408,0.4515479803085327,-0.5923494100570679,0.6672530174255371,-0.20200257003307343,-0.7962856292724609,-0.5701966285705566,0.33693671226501465,0.00901651382446289,-0.03100007399916649,-0.9777323007583618,-0.209856778383255,7.379143198704696e-07,0.209856778383255,-0.9777323007583618,5.383405436987232e-07,0.46690237522125244,-0.07947994023561478,-0.03100009262561798,0.20697104930877686,0.09751296788454056,-0.031000055372714996
24,-0.1294354349374771,-0.3376897871494293,0.8430182933807373,1.1064125299453735,-0.18619216978549957,0.15096338093280792,0.49708664417266846,0.7307769060134888,0.01692107319831848,-0.3144005239009857,0.285001665353775,0.35177335143089294,-0.18520866334438324,-0.42859116196632385,0.22944730520248413,0.2705861032009125,0.23489008843898773,0.13358522951602936,0.8407356142997742,0.5075097680091858,-0.3181372880935669,1.4012093544006348,0.9455892443656921,0.7313553094863892,0.5208597779273987,0.056599218398332596,0.40061286091804504,-0.1838105469942093,-0.16874933242797852,-0.1504947692155838,1.182094931602478,-0.5329793095588684,0.5127060413360596,0.8231649398803711,0.48186391592025757,0.5176378488540649,-0.855008602142334,-0.03180377185344696,0.7936979532241821,0.4937368631362915,-0.35534149408340454,0.09195685386657715,-0.33779478073120117,0.00010336190462112427,0.4562034010887146,-0.5634351968765259,0.6887809634208679,-0.15431419014930725,-0.812382698059082,-0.5623359084129333,0.33693718910217285,0.00901651382446289,-0.03100007027387619,-0.9777320623397827,-0.20985737442970276,7.012088758528989e-07,0.20985737442970276,-0.9777320623397827,5.357916847970046e-07,0.46690288186073303,-0.07947985082864761,-0.031000085175037384,0.20697149634361267,0.0975128784775734,-0.031000055372714996
25,-0.12867747247219086,-0.3524821400642395,0.859416127204895,1.1252448558807373,-0.19708110392093658,0.12181669473648071,0.5053239464759827,0.7307327389717102,0.09635281562805176,-0.2664632201194763,0.26309582591056824,0.3167874813079834,-0.1534438580274582,-0.42208412289619446,0.1147359162569046,0.32698124647140503,0.26026713848114014,0.13651300966739655,0.8659579753875732,0.5009137392044067,-0.3249061405658722,1.4047322273254395,0.9908942580223083,0.7313365340232849,0.46784502267837524,0.03762970119714737,0.375326931476593,-0.1507561355829239,-0.13515055179595947,0.022155553102493286,0.7254800796508789,-0.3679913878440857,0.4981257915496826,0.8413796424865723,0.508179783821106,0.5469816327095032,-0.8368483185768127,-0.022269995883107185,0.793194591999054,0.526587963104248,-0.305855393409729,0.09194827079772949,-0.3370485305786133,0.001043766736984253,0.4509757161140442,-0.5396398305892944,0.7109216451644897,-0.11015024781227112,-0.8240799903869629,-0.5556608438491821,0.33693671226501465,0.00901651382446289,-0.031000081449747086,-0.9777320623397827,-0.2098570317029953,6.599773314519553e-07,0.2098570317029953,-0.9777320623397827,4.2898483343378757e-07,0.46690237522125244,-0.0794798880815506,-0.031000103801488876,0.20697104930877686,0.09751291573047638,-0.031000059098005295
26,-0.1274184137582779,-0.36389341950416565,0.8720719218254089,1.1431139707565308,-0.20903286337852478,0.09266853332519531,0.5020275115966797,0.7308002710342407,0.05194449424743652,-0.20125140249729156,0.1785154640674591,0.2983996272087097,-0.16529197990894318,-0.42028576135635376,-0.04638011008501053,0.227873757481575,0.2831401228904724,0.1376282274723053,0.8902422785758972,0.49779012799263,-0.3276025056838989,1.4152491092681885,1.0225306749343872,0.731282114982605,0.44256848096847534,0.0026440175715833902,0.3771389126777649,-0.040769387036561966,-0.024704817682504654,0.23839592933654785,0.2588452100753784,-0.11236759275197983,0.48409104347229004,0.8571596145629883,0.5326015949249268,0.5759684443473816,-0.8174685835838318,-0.002352848881855607,0.7892574667930603,0.5568366050720215,-0.2588546872138977,0.09161734580993652,-0.3364400863647461,0.0038443580269813538,0.45147985219955444,-0.5155341029167175,0.7282791137695312,-0.07108476012945175,-0.834385871887207,-0.5465776324272156,0.33693671226501465,0.00901651382446289,-0.03100007399916649,-0.9777323007583618,-0.20985668897628784,7.227358196360001e-07,0.20985668897628784,-0.9777323007583618,5.41385929864191e-07,0.46690234541893005,-0.07947995513677597,-0.03100009262561798,0.20697107911109924,0.09751298278570175,-0.031000055372714996
27,-0.12390846014022827,-0.3693532645702362,0.8732131123542786,1.1568686962127686,-0.2192998081445694,0.0640324056148529,0.4844473898410797,0.7309425473213196,0.019333135336637497,-0.0801808312535286,-0.018120858818292618,0.21682453155517578,-0.13950830698013306,-0.4062081277370453,-0.24605734646320343,0.04663773998618126,0.3041869103908539,0.13957364857196808,0.9141320586204529,0.4994528889656067,-0.3262750506401062,1.4294627904891968,1.0390528440475464,0.731258749961853,0.4059774577617645,0.020744871348142624,0.3686991035938263,0.031663522124290466,0.04824473708868027,0.269018292427063,0.10375971347093582,-0.18674685060977936,0.47522473335266113,0.8663644790649414,0.5536285638809204,0.5978716611862183,-0.8012174367904663,0.024498125538229942,0.7854088544845581,0.5794177055358887,-0.2177341729402542,0.09061455726623535,-0.3345780372619629,0.007342137396335602,0.46130746603012085,-0.4920569062232971,0.7382922172546387,-0.03718240559101105,-0.8421125411987305,-0.5380183458328247,0.33693718910217285,0.00901651382446289,-0.03100007027387619,-0.9777320623397827,-0.2098572850227356,6.960755740692548e-07,0.2098572850227356,-0.9777320623397827,5.356026804292924e-07,0.46690285205841064,-0.07947986572980881,-0.031000085175037384,0.20697152614593506,0.09751289337873459,-0.031000055372714996
28,-0.11886660009622574,-0.37241435050964355,0.8654916286468506,1.1638259887695312,-0.22531934082508087,0.03755619376897812,0.461384117603302,0.7310013175010681,0.0533246286213398,-0.04946636036038399,-0.13032296299934387,0.11234262585639954,-0.08111589401960373,-0.3741272985935211,-0.32301968336105347,-0.0001232614740729332,0.3228328227996826,0.14237163960933685,0.9374343752861023,0.5036993622779846,-0.3218826353549957,1.444871187210083,1.0502521991729736,0.7312239408493042,0.3618836998939514,0.0355723537504673,0.35366305708885193,0.06679327040910721,0.11421006917953491,0.26498210430145264,0.05713848024606705,-0.24489440023899078,0.47110915184020996,0.8695816993713379,0.5700856447219849,0.6106378436088562,-0.7903118133544922,0.05028649419546127,0.7833881378173828,0.593556821346283,-0.18437287211418152,0.08873486518859863,-0.3320956230163574,0.010981693863868713,0.47268998622894287,-0.4707464575767517,0.7449576258659363,-0.008514718152582645,-0.8477628231048584,-0.5303072333335876,0.33693671226501465,0.00901651382446289,-0.03100007399916649,-0.9777320623397827,-0.20985692739486694,8.496741088492854e-07,0.20985692739486694,-0.9777320623397827,8.059646461333614e-07,0.46690234541893005,-0.07947990298271179,-0.03100007399916649,0.20697107911109924,0.09751293063163757,-0.03100007399916649
29,-0.11761371791362762,-0.3835177719593048,0.856833815574646,1.167208194732666,-0.22774562239646912,0.0140666663646698,0.43834930658340454,0.7310048937797546,0.039301756769418716,-0.2099715769290924,-0.13198013603687286,0.0917775109410286,-0.029373016208410263,-0.33944234251976013,-0.32275184988975525,0.023439163342118263,0.33870092034339905,0.14623597264289856,0.9602172374725342,0.5096094012260437,-0.31449583172798157,1.4607011079788208,1.059669017791748,0.7311878204345703,0.31332600116729736,0.054847247898578644,0.3431587517261505,0.08914400637149811,0.1703329086303711,0.2510375678539276,0.054021984338760376,-0.2746959328651428,0.467604398727417,0.869513988494873,0.5865505337715149,0.6154829263687134,-0.7841802835464478,0.07900699228048325,0.7849553823471069,0.6008835434913635,-0.1509438008069992,0.0857093334197998,-0.32938241958618164,0.014594271779060364,0.4832831025123596,-0.4522702693939209,0.749592661857605,0.014355199411511421,-0.8520141839981079,-0.5233219861984253,0.33693671226501465,0.00901651382446289,-0.03100007399916649,-0.9777323007583618,-0.20985659956932068,7.366014074250415e-07,0.20985659956932068,-0.9777323007583618,5.254426582723681e-07,0.46690234541893005,-0.07947996258735657,-0.03100009262561798,0.20697107911109924,0.09751299023628235,-0.031000055372714996
30,-0.1160905584692955,-0.40169692039489746,0.8479641079902649,1.1714940071105957,-0.22331476211547852,-0.007352244108915329,0.4171322286128998,0.7309970259666443,0.05334112420678139,-0.3226048946380615,-0.13565513491630554,0.11911095678806305,0.06800677627325058,-0.3141319751739502,-0.2964252829551697,0.016084883362054825,0.3553577661514282,0.1516903191804886,0.9827821254730225,0.5161417126655579,-0.30366143584251404,1.4757221937179565,1.0692423582077026,0.7311702370643616,0.347087025642395,0.08434541523456573,0.35077914595603943,0.0943504273891449,0.22607421875,0.21827353537082672,0.08136564493179321,-0.2550361156463623,0.46160197257995605,0.8690581321716309,0.6060396432876587,0.6170442700386047,-0.7799357771873474,0.10467381775379181,0.7865390181541443,0.6070743799209595,-0.11321233212947845,0.08104348182678223,-0.3264503479003906,0.017874613404273987,0.49418842792510986,-0.4354502558708191,0.7524366974830627,0.033832866698503494,-0.8552227020263672,-0.5171554088592529,0.33693671226501465,0.00901651382446289,-0.031000081449747086,-0.9777320623397827,-0.20985721051692963,7.652243425582128e-07,0.20985721051692963,-0.9777320623397827,7.05449906490685e-07,0.46690237522125244,-0.0794798731803894,-0.031000085175037384,0.20697104930877686,0.09751290082931519,-0.031000077724456787
31,-0.11305355280637741,-0.42412257194519043,0.8388751149177551,1.1782209873199463,-0.21374770998954773,-0.027109293267130852,0.39734014868736267,0.7309972047805786,0.08314262330532074,-0.38975879549980164,-0.13707342743873596,0.1614668369293213,0.14064918458461761,-0.29275548458099365,-0.27714803814888,0.013328579254448414,0.37333473563194275,0.15293103456497192,0.9947187304496765,0.5165965557098389,-0.3026682436466217,1.4827404022216797,1.0753551721572876,0.7306585907936096,0.20578406751155853,0.020826587453484535,0.25767818093299866,-0.1124812439084053,-0.6318660378456116,-0.09379526972770691,0.6504327058792114,0.30367809534072876,0.452650785446167,0.8689165115356445,0.628537118434906,0.6173382997512817,-0.7763510346412659,0.12717118859291077,0.7863686680793762,0.6136393547058105,-0.07121089100837708,0.08027529716491699,-0.32532548904418945,0.01967519521713257,0.5025380849838257,-0.41884851455688477,0.7563210129737854,0.05757259577512741,-0.8566550016403198,-0.5126673579216003,0.33693671226501465,0.00901651382446289,-0.03100007399916649,-0.9777323007583618,-0.20985685288906097,8.493999530401197e-07,0.20985685288906097,-0.9777323007583618,8.129644015753001e-07,0.46690237522125244,-0.07947993278503418,-0.03100007399916649,0.20697104930877686,0.09751296043395996,-0.03100007399916649
32,-0.104131780564785,-0.4477577209472656,0.8263727426528931,1.1876225471496582,-0.19626274704933167,-0.047629281878471375,0.3757314383983612,0.7309938669204712,0.16650258004665375,-0.41390910744667053,-0.19357725977897644,0.21173329651355743,0.25395429134368896,-0.3065445125102997,-0.3029417395591736,0.037747714668512344,0.38965752720832825,0.15761767327785492,1.005310297012329,0.5148663520812988,-0.3063587248325348,1.4859364032745361,1.086740493774414,0.7306950092315674,0.25305861234664917,0.07957258820533752,0.25738924741744995,-0.1672953963279724,-0.6813936829566956,-0.13774056732654572,0.7088866233825684,0.2886974513530731,0.4403707981109619,0.8690567016601562,0.6546796560287476,0.6189403533935547,-0.7721784114837646,0.14371263980865479,0.782204270362854,0.6225724816322327,-0.023663509637117386,0.08018851280212402,-0.3248276710510254,0.02027600258588791,0.5078213214874268,-0.4032950699329376,0.7612296938896179,0.08181393891572952,-0.8570759296417236,-0.5086524486541748,0.33693718910217285,0.00901651382446289,-0.03100007027387619,-0.9777320623397827,-0.20985746383666992,6.600811275347951e-07,0.20985746383666992,-0.9777320623397827,4.6547935994567524e-07,0.46690288186073303,-0.07947984337806702,-0.031000088900327682,0.20697149634361267,0.0975128710269928,-0.031000051647424698
33,-0.09623973071575165,-0.4729490280151367,0.8120699524879456,1.1962370872497559,-0.17889852821826935,-0.0658951848745346,0.353728711605072,0.731025218963623,0.1260944902896881,-0.413758248090744,-0.22775185108184814,0.176424041390419,0.25100472569465637,-0.2688175141811371,-0.30804169178009033,-0.004878785461187363,0.40777936577796936,0.16275759041309357,1.01807701587677,0.5118817090988159,-0.31078818440437317,1.4880778789520264,1.0965392589569092,0.7305138111114502,0.3028414845466614,0.09012540429830551,0.29254698753356934,-0.1251506209373474,-0.642565131187439,-0.01139388419687748,0.2846097946166992,0.3887530267238617,0.428295373916626,0.8668789863586426,0.6804998517036438,0.6163243055343628,-0.7707855105400085,0.1613510102033615,0.778425395488739,0.6273055076599121,0.02327534556388855,0.0801241397857666,-0.32428884506225586,0.020608216524124146,0.516255259513855,-0.3848026394844055,0.7651192545890808,0.10994955897331238,-0.8562057018280029,-0.504800021648407,0.33693671226501465,0.00901651382446289,-0.031000081449747086,-0.9777320623397827,-0.20985712110996246,7.808020541233418e-07,0.20985712110996246,-0.9777320623397827,7.016793688308098e-07,0.46690237522125244,-0.07947988063097,-0.031000085175037384,0.20697104930877686,0.09751290827989578,-0.031000077724456787
34,-0.09140114486217499,-0.4988984167575836,0.7939328551292419,1.2039214372634888,-0.16037674248218536,-0.08147690445184708,0.3313250243663788,0.7311070561408997,0.06305677443742752,-0.420869916677475,-0.30600303411483765,0.1678842455148697,0.2709556221961975,-0.23148304224014282,-0.3139483332633972,0.009380670264363289,0.4299822449684143,0.16901731491088867,1.0340160131454468,0.5072223544120789,-0.31654053926467896,1.4888406991958618,1.1040105819702148,0.7302566766738892,0.3992847204208374,0.10567446053028107,0.3476269841194153,-0.10437174886465073,-0.6073485612869263,0.15385136008262634,-0.2879027724266052,0.515369713306427,0.41892361640930176,0.8602805137634277,0.7060831189155579,0.606695294380188,-0.7749317288398743,0.17720471322536469,0.7777613997459412,0.6247374415397644,0.06921198964118958,0.08008503913879395,-0.3235650062561035,0.02054726332426071,0.5299916863441467,-0.36072656512260437,0.7674537301063538,0.14493878185749054,-0.8531627655029297,-0.5011048913002014,0.33693671226501465,0.00901651382446289,-0.03100007399916649,-0.9777323007583618,-0.2098567634820938,7.1522816824654e-07,0.2098567634820938,-0.9777323007583618,4.6530706754310813e-07,0.46690237522125244,-0.07947994768619537,-0.031000100076198578,0.20697104930877686,0.09751297533512115,-0.0310000479221344
35,-0.08978727459907532,-0.5247097015380859,0.7715733051300049,1.2150509357452393,-0.14291395246982574,-0.09522068500518799,0.3085477650165558,0.7311569452285767,0.01809896156191826,-0.4286903440952301,-0.38093000650405884,0.23452022671699524,0.2591588795185089,-0.20990882813930511,-0.31869637966156006,-0.007555719465017319,0.4554711878299713,0.17777688801288605,1.054029107093811,0.49990883469581604,-0.3248639702796936,1.4879744052886963,1.1122856140136719,0.7302128672599792,0.46249398589134216,0.1514989733695984,0.402647465467453,-0.0687810480594635,-0.5233321189880371,0.2668170928955078,-0.6330164670944214,0.5003160834312439,0.41113877296447754,0.8495697975158691,0.7343018651008606,0.5904702544212341,-0.7838006615638733,0.1923576295375824,0.7789162993431091,0.6158488988876343,0.11840391159057617,0.08016324043273926,-0.32306337356567383,0.01996643841266632,0.546954870223999,-0.330292671918869,0.7692510485649109,0.18731960654258728,-0.8472962379455566,-0.4969913959503174,0.33693718910217285,0.00901651382446289,-0.03100007027387619,-0.9777320623397827,-0.20985737442970276,6.689249403279973e-07,0.20985737442970276,-0.9777320623397827,4.72299234388629e-07,0.46690288186073303,-0.07947985082864761,-0.031000088900327682,0.20697149634361267,0.0975128784775734,-0.031000051647424698
36,-0.0886627808213234,-0.5504859089851379,0.7468074560165405,1.2305004596710205,-0.12778913974761963,-0.1076572835445404,0.2850434184074402,0.7311497926712036,0.029508372768759727,-0.4417846202850342,-0.406639963388443,0.3038845956325531,0.2260502129793167,-0.19412167370319366,-0.3293379247188568,0.014277508482336998,0.4820793867111206,0.19005262851715088,1.0767806768417358,0.49001121520996094,-0.33611002564430237,1.4853651523590088,1.12382173538208,0.7303121089935303,0.4779449999332428,0.18911075592041016,0.43805286288261414,-0.0627039447426796,-0.43245503306388855,0.26306015253067017,-0.5517418384552002,0.4898788332939148,0.4017369747161865,0.8370628356933594,0.7652360796928406,0.5707769989967346,-0.7941027283668518,0.20884090662002563,0.7780842185020447,0.6043320298194885,0.17137043178081512,0.08035683631896973,-0.3230443000793457,0.01874968409538269,0.5639399290084839,-0.29574692249298096,0.7710418105125427,0.23382413387298584,-0.8382805585861206,-0.4925565719604492,0.33693671226501465,0.00901651382446289,-0.031000081449747086,-0.9777320623397827,-0.2098570317029953,7.897718887761584e-07,0.2098570317029953,-0.9777320623397827,7.077471195771068e-07,0.46690237522125244,-0.0794798880815506,-0.031000085175037384,0.20697104930877686,0.09751291573047638,-0.031000077724456787
37,-0.08667536824941635,-0.576137900352478,0.7208526134490967,1.250394582748413,-0.11779049038887024,-0.12016406655311584,0.26145297288894653,0.731138288974762,0.051079731434583664,-0.44936928153038025,-0.4230233430862427,0.3739111125469208,0.15428249537944794,-0.19732001423835754,-0.3301583528518677,0.002739563351497054,0.5083006024360657,0.20500144362449646,1.1016788482666016,0.48115038871765137,-0.3511745035648346,1.4844326972961426,1.1341723203659058,0.730911910533905,0.3654155433177948,0.15749585628509521,0.4143848419189453,-0.09021160751581192,-0.5400237441062927,-0.1715063452720642,1.1600364446640015,-0.39809727668762207,0.3886454105377197,0.8242459297180176,0.7986083626747131,0.5490120649337769,-0.8038451671600342,0.22895130515098572,0.772409200668335,0.5926122665405273,0.2284616231918335,0.08144879341125488,-0.3222770690917969,0.017650216817855835,0.5817707777023315,-0.2566682994365692,0.7717928886413574,0.2837245762348175,-0.8252556324005127,-0.4883171319961548,0.33693671226501465,0.00901651382446289,-0.03100007399916649,-0.9777323007583618,-0.20985667407512665,7.060339726194798e-07,0.20985667407512665,-0.9777323007583618,4.713961345714779e-07,0.46690234541893005,-0.07947995513677597,-0.03100009635090828,0.20697107911109924,0.09751298278570175,-0.031000051647424698
38,-0.07581827044487,-0.6001160144805908,0.6977482438087463,1.2732514142990112,-0.11524143069982529,-0.13275645673274994,0.2369976043701172,0.7310009598731995,0.227339968085289,-0.45410600304603577,-0.32843905687332153,0.4195558428764343,0.042489711195230484,-0.2009025365114212,-0.3427480459213257,0.03609342873096466,0.533825159072876,0.2195325344800949,1.1282726526260376,0.4747914969921112,-0.3700685203075409,1.4866445064544678,1.1576112508773804,0.7310922145843506,0.4624343514442444,0.20240527391433716,0.46116992831230164,-0.09128613770008087,-0.47939133644104004,0.0522686243057251,0.941785454750061,0.0989011824131012,0.3674204349517822,0.8165626525878906,0.8313490152359009,0.532893180847168,-0.8065142035484314,0.25604623556137085,0.7555511593818665,0.5897574424743652,0.28518155217170715,0.08407711982727051,-0.3197517395019531,0.017145857214927673,0.586666464805603,-0.2226680964231491,0.7786151170730591,0.33733370900154114,-0.8068798780441284,-0.4849235415458679,0.33693718910217285,0.00901651382446289,-0.03100007027387619,-0.9777320623397827,-0.2098572850227356,6.603539191019081e-07,0.2098572850227356,-0.9777320623397827,4.790204570781498e-07,0.46690285205841064,-0.07947986572980881,-0.031000088900327682,0.20697152614593506,0.09751289337873459,-0.031000051647424698
39,-0.07111193239688873,-0.6258594989776611,0.67290860414505,1.298775315284729,-0.1202673390507698,-0.14757488667964935,0.21405376493930817,0.7311459183692932,0.0732164978981018,-0.4405970871448517,-0.4341431260108948,0.44957077503204346,-0.053327642381191254,-0.22847789525985718,-0.3203376531600952,-0.14892536401748657,0.5604886412620544,0.23570875823497772,1.1556059122085571,0.4650648832321167,-0.3924980163574219,1.4845646619796753,1.1792705059051514,0.7310829758644104,0.45137399435043335,0.22974996268749237,0.4624691307544708,-0.13931293785572052,-0.5296453237533569,-0.011319132521748543,0.9302917718887329,0.09724856913089752,0.344745397567749,0.8056621551513672,0.8659860491752625,0.5062715411186218,-0.8129280805587769,0.28781449794769287,0.7362619638442993,0.5812219381332397,0.34655365347862244,0.08698630332946777,-0.31684446334838867,0.015335813164710999,0.593741774559021,-0.18602705001831055,0.7828567624092102,0.3929480314254761,-0.7819778919219971,-0.4838416874408722,0.33693671226501465,0.00901651382446289,-0.03100007399916649,-0.9777320623397827,-0.20985692739486694,8.22848505777074e-07,0.20985692739486694,-0.9777320623397827,7.502107450818585e-07,0.46690234541893005,-0.07947990298271179,-0.031000077724456787,0.20697107911109924,0.09751293063163757,-0.03100007027387619
40,-0.07372438162565231,-0.6496760845184326,0.6454129219055176,1.3249309062957764,-0.12918289005756378,-0.16412700712680817,0.1907391995191574,0.7311995029449463,-0.028626561164855957,-0.4012453854084015,-0.4628543257713318,0.44529691338539124,-0.11009659618139267,-0.24963513016700745,-0.3248443305492401,-0.20584698021411896,0.5869944095611572,0.2521853446960449,1.1822174787521362,0.4522766172885895,-0.4164564311504364,1.483231782913208,1.2010189294815063,0.7311563491821289,0.4275866448879242,0.23367217183113098,0.46769312024116516,-0.16859027743339539,-0.565875768661499,0.14397284388542175,0.9244297742843628,0.28921952843666077,0.3243286609649658,0.7903294563293457,0.900094211101532,0.46763163805007935,-0.8243201971054077,0.31908753514289856,0.7174319624900818,0.5648303031921387,0.40774744749069214,0.09049439430236816,-0.3147873878479004,0.013786084949970245,0.5983092784881592,-0.1469765305519104,0.787669837474823,0.44797223806381226,-0.7536869049072266,-0.480912446975708,0.33693671226501465,0.00901651382446289,-0.03100007399916649,-0.9777323007583618,-0.20985658466815948,7.039619731585844e-07,0.20985658466815948,-0.9777323007583618,4.719148591902922e-07,0.46690234541893005,-0.07947996258735657,-0.03100009635090828,0.20697107911109924,0.09751299023628235,-0.031000051647424698
41,-0.08658268302679062,-0.6708298921585083,0.6167892217636108,1.3514913320541382,-0.1433326154947281,-0.1823861300945282,0.16690903902053833,0.7312833666801453,-0.1905132532119751,-0.33714210987091064,-0.4920741617679596,0.43544337153434753,-0.18310312926769257,-0.26898327469825745,-0.3311063349246979,-0.3049212396144867,0.612866997718811,0.26769644021987915,1.2118237018585205,0.43972691893577576,-0.43778011202812195,1.4912214279174805,1.2182080745697021,0.7312349677085876,0.44541049003601074,0.22236989438533783,0.48177075386047363,-0.19479990005493164,-0.42936092615127563,0.13119101524353027,0.6090781092643738,0.05467136949300766,0.3071753978729248,0.7712488174438477,0.9325898289680481,0.41433441638946533,-0.8397747278213501,0.35086387395858765,0.6999672055244446,0.5404252409934998,0.4668901562690735,0.09459614753723145,-0.313570499420166,0.014906972646713257,0.5998395085334778,-0.10027345269918442,0.7938122153282166,0.5035035014152527,-0.7237420082092285,-0.47189170122146606,0.33693671226501465,0.00901651382446289,-0.031000081449747086,-0.9777320623397827,-0.20985721051692963,7.404583470815851e-07,0.20985721051692963,-0.9777320623397827,6.526462925648957e-07,0.46690237522125244,-0.0794798731803894,-0.031000088900327682,0.20697104930877686,0.09751290082931519,-0.03100007399916649
42,-0.10443583130836487,-0.6907311081886292,0.5868015289306641,1.3781567811965942,-0.1588718295097351,-0.20168836414813995,0.14197717607021332,0.7312968373298645,-0.24136559665203094,-0.3412501811981201,-0.5026153922080994,0.4483673572540283,-0.20305687189102173,-0.28617921471595764,-0.3461631238460541,-0.3128952085971832,0.6382425427436829,0.28438296914100647,1.2412406206130981,0.4251656234264374,-0.458824098110199,1.499605417251587,1.2351949214935303,0.731216549873352,0.4204828143119812,0.24213983118534088,0.46777135133743286,-0.22674226760864258,-0.42298975586891174,0.13804447650909424,0.5486083626747131,0.053485751152038574,0.2902843952178955,0.7500858306884766,0.9636897444725037,0.3506197929382324,-0.8559345006942749,0.38005512952804565,0.6808332800865173,0.5116185545921326,0.5241301655769348,0.09881281852722168,-0.31271886825561523,0.01610536128282547,0.598594605922699,-0.05266594886779785,0.7993189692497253,0.556476891040802,-0.6904208660125732,-0.46222567558288574,0.33693671226501465,0.00901651382446289,-0.03100007399916649,-0.9777323007583618,-0.20985686779022217,8.321654831888736e-07,0.20985686779022217,-0.9777323007583618,7.494437568311696e-07,0.46690237522125244,-0.07947993278503418,-0.031000077724456787,0.20697104930877686,0.09751296043395996,-0.03100007027387619
43,-0.1240018829703331,-0.7097745537757874,0.5563203692436218,1.4060306549072266,-0.176123708486557,-0.22258472442626953,0.11668387055397034,0.7313031554222107,-0.2597867250442505,-0.33001190423965454,-0.5055967569351196,0.46444714069366455,-0.22775989770889282,-0.3081197142601013,-0.35098209977149963,-0.3192770481109619,0.6600967645645142,0.30409687757492065,1.2696906328201294,0.40821677446365356,-0.48160889744758606,1.5085450410842896,1.2426447868347168,0.7312415838241577,0.35357218980789185,0.29103153944015503,0.4393084943294525,-0.26663270592689514,-0.4261200428009033,0.1505413055419922,0.37090855836868286,0.05160053074359894,0.270798921585083,0.7288575172424316,0.9936895966529846,0.2798568606376648,-0.8697885274887085,0.4063842296600342,0.6564216017723083,0.48225200176239014,0.5801238417625427,0.1035912036895752,-0.3125495910644531,0.01722206175327301,0.5999053120613098,0.0024999678134918213,0.8000670671463013,0.6052857637405396,-0.6553623676300049,-0.45180684328079224,0.33693718910217285,0.00901651382446289,-0.03100007027387619,-0.9777320623397827,-0.20985744893550873,6.374219196914055e-07,0.20985744893550873,-0.9777320623397827,4.0381445387538406e-07,0.46690288186073303,-0.07947984337806702,-0.03100009262561798,0.20697149634361267,0.0975128710269928,-0.0310000479221344
44,-0.147130087018013,-0.7275087833404541,0.5257545113563538,1.4345190525054932,-0.19733743369579315,-0.24285198748111725,0.09169267863035202,0.7313201427459717,-0.3158576190471649,-0.29563552141189575,-0.5040722489356995,0.4592397212982178,-0.284924179315567,-0.29534992575645447,-0.346340149641037,-0.3419762849807739,0.675261914730072,0.3239327073097229,1.2966676950454712,0.3989734351634979,-0.5057112574577332,1.5184084177017212,1.2524690628051758,0.7314041256904602,0.21533195674419403,0.2697034478187561,0.440909743309021,-0.031710878014564514,-0.3927750587463379,0.2469111979007721,1.1513416767120361,0.7975487112998962,0.2506382465362549,0.7079014778137207,1.0212368965148926,0.20001322031021118,-0.8801794052124023,0.4304404556751251,0.6296328902244568,0.45206379890441895,0.6318233609199524,0.10741543769836426,-0.3085951805114746,0.017643213272094727,0.598102331161499,0.04411972686648369,0.800204336643219,0.6451593041419983,-0.6188541650772095,-0.4480951428413391,0.33693671226501465,0.00901651382446289,-0.031000081449747086,-0.9777320623397827,-0.20985712110996246,7.475944130419521e-07,0.20985712110996246,-0.9777320623397827,6.499139431070944e-07,0.46690237522125244,-0.07947988063097,-0.031000088900327682,0.20697104930877686,0.09751290827989578,-0.03100007399916649
45,-0.17237414419651031,-0.7395764589309692,0.49543869495391846,1.4632086753845215,-0.2214181125164032,-0.265166312456131,0.0698830783367157,0.7313220500946045,-0.3560057282447815,-0.183450385928154,-0.5017703771591187,0.44325581192970276,-0.3261012136936188,-0.3192721903324127,-0.3014999330043793,-0.3479015827178955,0.6800864338874817,0.34362173080444336,1.3164994716644287,0.395120769739151,-0.5307252407073975,1.5285167694091797,1.2495262622833252,0.7315492630004883,0.03728044033050537,0.3019479215145111,0.32749152183532715,0.009098086506128311,-0.3743245601654053,0.28855717182159424,0.9810445308685303,1.224626064300537,0.23204684257507324,0.6876707077026367,1.0457737445831299,0.11787986755371094,-0.8860777616500854,0.4482974112033844,0.6011949181556702,0.4229893684387207,0.6779710650444031,0.11070704460144043,-0.3035755157470703,0.01748654991388321,0.6012777090072632,0.08130389451980591,0.7948929071426392,0.6718750596046448,-0.5898990631103516,-0.44788727164268494,0.33693671226501465,0.00901651382446289,-0.03100007399916649,-0.9777323007583618,-0.209856778383255,8.299724640892236e-07,0.209856778383255,-0.9777323007583618,7.506767474296794e-07,0.46690237522125244,-0.07947994023561478,-0.031000077724456787,0.20697104930877686,0.09751296788454056,-0.03100007027387619
46,-0.19882990419864655,-0.7469847798347473,0.464986652135849,1.4910798072814941,-0.2468099445104599,-0.2888719141483307,0.0496746227145195,0.7313091158866882,-0.36929333209991455,-0.11837666481733322,-0.5000144839286804,0.42970195412635803,-0.3451283872127533,-0.3379465937614441,-0.2789230942726135,-0.3443683385848999,0.6761373281478882,0.3645033836364746,1.3285795450210571,0.3942781686782837,-0.5546473860740662,1.5388834476470947,1.2319025993347168,0.7315695881843567,-0.0975010022521019,0.32362836599349976,0.21478450298309326,0.06421861052513123,-0.3362298905849457,0.28082531690597534,0.43794119358062744,1.3419824838638306,0.21530795097351074,0.6680541038513184,1.0673587322235107,0.03431904315948486,-0.886929452419281,0.4606281518936157,0.5723199248313904,0.39528435468673706,0.7184706926345825,0.11341071128845215,-0.2996225357055664,0.016978830099105835,0.6108840703964233,0.11943319439888,0.7826598286628723,0.6866102814674377,-0.572114109992981,-0.44861114025115967,0.33693718910217285,0.00901651382446289,-0.03100007027387619,-0.9777320623397827,-0.20985737442970276,6.325951744656777e-07,0.20985737442970276,-0.9777320623397827,4.041128818244033e-07,0.46690288186073303,-0.07947985082864761,-0.03100009262561798,0.20697149634361267,0.0975128784775734,-0.0310000479221344
47,-0.22562776505947113,-0.7537845373153687,0.4342873692512512,1.5182435512542725,-0.2722732424736023,-0.31368783116340637,0.03250853717327118,0.7312594056129456,-0.3621262013912201,-0.13302618265151978,-0.4960646629333496,0.42975085973739624,-0.3462947607040405,-0.35574471950531006,-0.23637641966342926,-0.29619300365448,0.6660630106925964,0.38544198870658875,1.3325002193450928,0.3930742144584656,-0.5796756744384766,1.5516358613967896,1.2268247604370117,0.7313123941421509,-0.20441007614135742,0.3151409327983856,0.10009077936410904,0.03787009418010712,-0.37332719564437866,0.23335231840610504,0.9526845216751099,0.6593025326728821,0.19735312461853027,0.6496696472167969,1.0868654251098633,-0.04890763759613037,-0.882767915725708,0.46725672483444214,0.5406831502914429,0.369945228099823,0.7555145621299744,0.11761689186096191,-0.2975940704345703,0.017082437872886658,0.6129064559936523,0.14207316935062408,0.7772778272628784,0.695580780506134,-0.5636821985244751,-0.4454544186592102,0.33693671226501465,0.00901651382446289,-0.031000081449747086,-0.9777320623397827,-0.2098570317029953,7.426202728311182e-07,0.2098570317029953,-0.9777320623397827,6.501485927401518e-07,0.46690237522125244,-0.0794798880815506,-0.031000088900327682,0.20697104930877686,0.09751291573047638,-0.03100007399916649
48,-0.25308945775032043,-0.7626458406448364,0.4035356342792511,1.5447437763214111,-0.29807355999946594,-0.338144987821579,0.021741563454270363,0.7312343120574951,-0.36649590730667114,-0.17380531132221222,-0.48842260241508484,0.4221220314502716,-0.35197222232818604,-0.35093820095062256,-0.14680999517440796,-0.2641741633415222,0.6498053669929504,0.4057500660419464,1.3265784978866577,0.3926781713962555,-0.6051067113876343,1.5666271448135376,1.2287209033966064,0.7312679886817932,-0.31192755699157715,0.3108164668083191,-0.036399029195308685,0.06434914469718933,-0.3993431031703949,0.27193278074264526,1.2624046802520752,0.7829381823539734,0.17682862281799316,0.6332406997680664,1.1043593883514404,-0.12954926490783691,-0.8742322325706482,0.4679049253463745,0.5060206651687622,0.34752219915390015,0.7894120812416077,0.12331843376159668,-0.2976226806640625,0.01781359314918518,0.6109748482704163,0.15170182287693024,0.7769789695739746,0.6979182362556458,-0.566468358039856,-0.4382053315639496,0.33693671226501465,0.00901651382446289,-0.03100007399916649,-0.9777323007583618,-0.20985668897628784,8.173440733116877e-07,0.20985668897628784,-0.9777323007583618,7.571649121018709e-07,0.46690234541893005,-0.07947995513677597,-0.031000077724456787,0.20697107911109924,0.09751298278570175,-0.03100007027387619
49,-0.28110089898109436,-0.7739319801330566,0.3727464973926544,1.5710108280181885,-0.323116272687912,-0.36222517490386963,0.011526500806212425,0.731218159198761,-0.3689258098602295,-0.22017799317836761,-0.48343607783317566,0.4229844808578491,-0.3417702615261078,-0.3464899957180023,-0.13917364180088043,-0.243601456284523,0.6282896995544434,0.4252549707889557,1.3128873109817505,0.384983092546463,-0.632603108882904,1.5823922157287598,1.230015754699707,0.7310190796852112,-0.42273858189582825,0.25958746671676636,-0.2733314335346222,-0.22542844712734222,-0.5896703004837036,0.34240782260894775,1.5797544717788696,0.28431254625320435,0.1532742977142334,0.6190600395202637,1.1199951171875,-0.2111060619354248,-0.8599897623062134,0.4645984172821045,0.46794772148132324,0.3283846378326416,0.8204805850982666,0.13200736045837402,-0.30225563049316406,0.019430547952651978,0.6061750650405884,0.16309814155101776,0.7784284353256226,0.6983597874641418,-0.5775063037872314,-0.4228239059448242,0.33693718910217285,0.00901651382446289,-0.03100007027387619,-0.9777320623397827,-0.2098572850227356,6.392048135239747e-07,0.2098572850227356,-0.9777320623397827,4.031372213830764e-07,0.46690285205841064,-0.07947986572980881,-0.03100009262561798,0.20697152614593506,0.09751289337873459,-0.0310000479221344
50,-0.3096112608909607,-0.7899594902992249,0.34176185727119446,1.596390724182129,-0.34609368443489075,-0.38443854451179504,-0.001942146336659789,0.7312199473381042,-0.3669000566005707,-0.3154405653476715,-0.476810097694397,0.4211379587650299,-0.3135116696357727,-0.32277795672416687,-0.184602752327919,-0.2470744252204895,0.6044764518737793,0.4449642598628998,1.3013677597045898,0.38802242279052734,-0.6569307446479797,1.5957595109939575,1.2016054391860962,0.7312418222427368,-0.37896257638931274,0.30427664518356323,-0.10169272869825363,0.13070523738861084,-0.3262108564376831,0.2396615594625473,0.6782325506210327,0.9122396111488342,0.12581086158752441,0.6074676513671875,1.1336236000061035,-0.2961331605911255,-0.8385328054428101,0.4573485851287842,0.4266209006309509,0.31228768825531006,0.8488055467605591,0.13712477684020996,-0.30322885513305664,0.01930353045463562,0.6192299127578735,0.18558739125728607,0.7629624605178833,0.6913899779319763,-0.5894556045532227,-0.4177582561969757,0.33693671226501465,0.00901651382446289,-0.03100007399916649,-0.9777320623397827,-0.20985692739486694,7.998345381565741e-07,0.20985692739486694,-0.9777320623397827,6.808913326494803e-07,0.46690234541893005,-0.07947990298271179,-0.031000081449747086,0.20697107911109924,0.09751293063163757,-0.03100006654858589
51,-0.33762893080711365,-0.8103082776069641,0.310882031917572,1.6224536895751953,-0.3619443476200104,-0.40733131766319275,-0.022868916392326355,0.7312578558921814,-0.35200026631355286,-0.39719894528388977,-0.4732714593410492,0.44191333651542664,-0.21295499801635742,-0.3349625766277313,-0.28850996494293213,-0.2975079119205475,0.5822020173072815,0.4627552926540375,1.2939660549163818,0.3929997384548187,-0.6796372532844543,1.604101538658142,1.139259696006775,0.7311776876449585,-0.36386117339134216,0.26571279764175415,-0.0667954608798027,0.13530516624450684,-0.30460259318351746,0.15135298669338226,-0.14635854959487915,0.8800214529037476,0.09230542182922363,0.5987229347229004,1.145808219909668,-0.3831571340560913,-0.8105804324150085,0.44288820028305054,0.37788861989974976,0.2999592423439026,0.8759136199951172,0.14052605628967285,-0.30224037170410156,0.017607130110263824,0.6468328237533569,0.2299080640077591,0.7271517515182495,0.6837610602378845,-0.597108006477356,-0.41944366693496704,0.33693671226501465,0.00901651382446289,-0.03100007399916649,-0.9777323007583618,-0.20985659956932068,8.116506364785891e-07,0.20985659956932068,-0.9777323007583618,7.594021553813946e-07,0.46690234541893005,-0.07947996258735657,-0.03100007399916649,0.20697107911109924,0.09751299023628235,-0.03100007399916649
52,-0.3661017119884491,-0.832677960395813,0.2802087664604187,1.6495438814163208,-0.3665778934955597,-0.4320700764656067,-0.046210989356040955,0.7313278913497925,-0.3599219024181366,-0.42033156752586365,-0.47014743089675903,0.45252713561058044,-0.05582962930202484,-0.35997873544692993,-0.3216867446899414,-0.3721064627170563,0.5601310729980469,0.47869858145713806,1.2851439714431763,0.397568941116333,-0.7023720741271973,1.6083674430847168,1.0568125247955322,0.730991542339325,-0.37488365173339844,0.23327302932739258,-0.11192435026168823,0.12390050292015076,-0.3562759757041931,0.08575066924095154,-0.6460740566253662,0.6009272336959839,0.0538785457611084,0.5920686721801758,1.1563899517059326,-0.46417009830474854,-0.7813333868980408,0.41721034049987793,0.3216495215892792,0.29018348455429077,0.9012964367866516,0.14370179176330566,-0.3012118339538574,0.014900945127010345,0.6796599626541138,0.2846071720123291,0.6760629415512085,0.6745128631591797,-0.6046848297119141,-0.4235430657863617,0.33693671226501465,0.00901651382446289,-0.031000081449747086,-0.9777320623397827,-0.20985721051692963,7.312851266760845e-07,0.20985721051692963,-0.9777320623397827,5.637584763462655e-07,0.46690237522125244,-0.0794798731803894,-0.03100009635090828,0.20697104930877686,0.09751290082931519,-0.03100006654858589
53,-0.39514753222465515,-0.8561188578605652,0.24952289462089539,1.6762583255767822,-0.36098793148994446,-0.4566299319267273,-0.07032065093517303,0.7313517928123474,-0.36834293603897095,-0.437900185585022,-0.4663132131099701,0.44529402256011963,0.08653928339481354,-0.3570927679538727,-0.33203577995300293,-0.3916715085506439,0.5368421077728271,0.49348750710487366,1.2724195718765259,0.3998587429523468,-0.7255967855453491,1.6080515384674072,0.9571841359138489,0.730552077293396,-0.4063865542411804,0.20362724363803864,-0.22321009635925293,0.0154953021556139,-0.4802919328212738,0.04711528867483139,-1.1609008312225342,0.4275912046432495,0.012927770614624023,0.5869779586791992,1.1646385192871094,-0.5370835065841675,-0.7522746324539185,0.3816075921058655,0.261432409286499,0.2816692590713501,0.9232093691825867,0.14699721336364746,-0.3016524314880371,0.011166758835315704,0.7145969867706299,0.3458995223045349,0.6080334782600403,0.6621436476707458,-0.6148334741592407,-0.42842257022857666,0.33693671226501465,0.00901651382446289,-0.03100007399916649,-0.9777323007583618,-0.20985685288906097,8.04442777280201e-07,0.20985685288906097,-0.9777323007583618,6.71136035634845e-07,0.46690237522125244,-0.07947993278503418,-0.031000085175037384,0.20697104930877686,0.09751296043395996,-0.031000062823295593
54,-0.4244023561477661,-0.879289984703064,0.21886742115020752,1.7025580406188965,-0.3476106524467468,-0.4811486005783081,-0.09445544332265854,0.7313652634620667,-0.37322285771369934,-0.43001312017440796,-0.4625079333782196,0.43513450026512146,0.19458281993865967,-0.3558533787727356,-0.332031786441803,-0.4093499183654785,0.5117558836936951,0.5086565613746643,1.255171298980713,0.4006912410259247,-0.7480944395065308,1.6032308340072632,0.8468496799468994,0.7304843068122864,-0.4076552391052246,0.23887094855308533,-0.24208365380764008,0.04434673488140106,-0.42971599102020264,-0.03238054737448692,-1.4650204181671143,0.34934982657432556,-0.0292971134185791,0.5835809707641602,1.1702289581298828,-0.6013844013214111,-0.7237528562545776,0.33840593695640564,0.19846943020820618,0.2749541997909546,0.9407497644424438,0.14966654777526855,-0.30409717559814453,0.006266079843044281,0.7492127418518066,0.40560591220855713,0.5236067175865173,0.6443226337432861,-0.6294245719909668,-0.4343649744987488,0.33693718910217285,0.00901651382446289,-0.03100007027387619,-0.9777320623397827,-0.20985746383666992,6.000051939736295e-07,0.20985746383666992,-0.9777320623397827,3.354431044044759e-07,0.46690288186073303,-0.07947984337806702,-0.03100009635090828,0.20697149634361267,0.0975128710269928,-0.0310000441968441
55,-0.45371565222740173,-0.9029649496078491,0.18829840421676636,1.7270519733428955,-0.32629507780075073,-0.5062505602836609,-0.11642376333475113,0.7313817143440247,-0.3738411068916321,-0.44736137986183167,-0.45696043968200684,0.4119706153869629,0.30506110191345215,-0.3650587499141693,-0.3012354373931885,-0.43190234899520874,0.4863637089729309,0.5259444713592529,1.2349724769592285,0.40503397583961487,-0.7663118243217468,1.5956357717514038,0.7354679703712463,0.7304699420928955,-0.4176637828350067,0.269662469625473,-0.2982600927352905,0.08928271383047104,-0.3327557444572449,-0.09683185815811157,-1.5595325231552124,0.4103630781173706,-0.07266879081726074,0.5819621086120605,1.1727986335754395,-0.6548212766647339,-0.6983422636985779,0.2890109121799469,0.13278351724147797,0.270149290561676,0.9536183476448059,0.15005087852478027,-0.3072233200073242,0.00029049813747406006,0.7819057703018188,0.45284131169319153,0.428436815738678,0.6185881495475769,-0.6487983465194702,-0.4431809186935425,0.33693671226501465,0.00901651382446289,-0.031000081449747086,-0.9777320623397827,-0.20985712110996246,7.128438710424234e-07,0.20985712110996246,-0.9777320623397827,5.818411068503337e-07,0.46690237522125244,-0.07947988063097,-0.03100009262561798,0.20697104930877686,0.09751290827989578,-0.03100007027387619
56,-0.4829302728176117,-0.9256583452224731,0.15803177654743195,1.7525339126586914,-0.30245858430862427,-0.5338093042373657,-0.13600307703018188,0.7313803434371948,-0.3759634792804718,-0.4365036189556122,-0.444964200258255,0.42601051926612854,0.33852508664131165,-0.40040329098701477,-0.26763567328453064,-0.43276917934417725,0.46028393507003784,0.5461701154708862,1.2092337608337402,0.41799503564834595,-0.7776693105697632,1.5879302024841309,0.6299335360527039,0.7305265665054321,-0.4365995526313782,0.31435298919677734,-0.39922693371772766,0.20205125212669373,-0.15409237146377563,-0.11649765819311142,-1.5783742666244507,0.6166452169418335,-0.11743855476379395,0.5836491584777832,1.1719739437103271,-0.7002047300338745,-0.6738168597221375,0.23597513139247894,0.06321994960308075,0.2707069516181946,0.9605837464332581,0.14779019355773926,-0.3104281425476074,-0.006210409104824066,0.8142467141151428,0.4773554503917694,0.3303544223308563,0.580478847026825,-0.6761901378631592,-0.45366430282592773,0.33693671226501465,0.00901651382446289,-0.03100007399916649,-0.9777323007583618,-0.2098567634820938,7.946867413011205e-07,0.2098567634820938,-0.9777323007583618,6.832405006207409e-07,0.46690237522125244,-0.07947994768619537,-0.031000081449747086,0.20697104930877686,0.09751297533512115,-0.03100006654858589
57,-0.5119250416755676,-0.9463392496109009,0.12868762016296387,1.7801748514175415,-0.2774065136909485,-0.5624080300331116,-0.15265807509422302,0.7313681840896606,-0.3785157799720764,-0.4065840244293213,-0.42538386583328247,0.4538654386997223,0.3539492189884186,-0.41482579708099365,-0.22670498490333557,-0.4193384349346161,0.43284550309181213,0.5627310872077942,1.185843825340271,0.439452588558197,-0.7760043740272522,1.5862233638763428,0.532987117767334,0.7304947972297668,-0.4389777183532715,0.19028155505657196,-0.28468284010887146,0.3180394470691681,0.09686059504747391,0.06570934504270554,-1.6590019464492798,0.6634154915809631,-0.16235947608947754,0.5888199806213379,1.167757272720337,-0.7374136447906494,-0.6506733894348145,0.18123330175876617,-0.00804442260414362,0.27675962448120117,0.9609055519104004,0.14396452903747559,-0.31310319900512695,-0.010160498321056366,0.8439815044403076,0.4798605740070343,0.23964349925518036,0.5339332222938538,-0.7090679407119751,-0.46058428287506104,0.33693718910217285,0.00901651382446289,-0.03100007027387619,-0.9777320623397827,-0.20985737442970276,6.061328008399869e-07,0.20985737442970276,-0.9777320623397827,3.3742557548066543e-07,0.46690288186073303,-0.07947985082864761,-0.03100009635090828,0.20697149634361267,0.0975128784775734,-0.0310000441968441
58,-0.5407522916793823,-0.9659212231636047,0.0999719426035881,1.8060580492019653,-0.25453537702560425,-0.5909485816955566,-0.16991910338401794,0.7313315868377686,-0.3865654468536377,-0.37876152992248535,-0.4092700481414795,0.4183349609375,0.32143521308898926,-0.4122796058654785,-0.236570343375206,-0.3396674394607544,0.40518736839294434,0.5745976567268372,1.1605044603347778,0.46316397190093994,-0.7631884813308716,1.5850321054458618,0.43633806705474854,0.7300736904144287,-0.46048644185066223,0.20722883939743042,-0.3954429626464844,0.3514469265937805,0.06352340430021286,0.015421807765960693,-1.8953214883804321,0.8360646963119507,-0.2043473720550537,0.5968890190124512,1.1602001190185547,-0.7708407640457153,-0.6242303848266602,0.1270468533039093,-0.0754561722278595,0.28750497102737427,0.9548021554946899,0.13871502876281738,-0.31723737716674805,-0.012463778257369995,0.8721075057983398,0.4663437008857727,0.1481620818376541,0.4778176546096802,-0.746387243270874,-0.463245689868927,0.33693671226501465,0.00901651382446289,-0.031000081449747086,-0.9777320623397827,-0.2098570317029953,7.190134283519001e-07,0.2098570317029953,-0.9777320623397827,5.830177087773336e-07,0.46690237522125244,-0.0794798880815506,-0.03100009262561798,0.20697104930877686,0.09751291573047638,-0.03100007027387619
59,-0.5695845484733582,-0.9834504127502441,0.07151903957128525,1.8289706707000732,-0.23345188796520233,-0.6193753480911255,-0.18841224908828735,0.7312964200973511,-0.3928920328617096,-0.3322616517543793,-0.4042789340019226,0.36586374044418335,0.29777345061302185,-0.4095657467842102,-0.2578186094760895,0.01117206271737814,0.3781556785106659,0.5866929888725281,1.1322064399719238,0.4892285168170929,-0.7465629577636719,1.5794851779937744,0.3522947430610657,0.7298645973205566,-0.4464256465435028,0.21280673146247864,-0.41511234641075134,0.3814765512943268,0.0721585601568222,-0.07191770523786545,-1.419159173965454,0.787939190864563,-0.2417147159576416,0.6064600944519043,1.15035080909729,-0.800812840461731,-0.5943623781204224,0.07370340824127197,-0.13664866983890533,0.3011407256126404,0.9437379837036133,0.13170886039733887,-0.3205680847167969,-0.015773221850395203,0.8980997204780579,0.43495506048202515,0.06504597514867783,0.41243016719818115,-0.7816077470779419,-0.4679645001888275,0.33693671226501465,0.00901651382446289,-0.03100007399916649,-0.9777323007583618,-0.20985667407512665,7.733830784673046e-07,0.20985667407512665,-0.9777323007583618,6.93584354394261e-07,0.46690234541893005,-0.07947995513677597,-0.031000077724456787,0.20697107911109924,0.09751298278570175,-0.03100007027387619
60,-0.5982842445373535,-0.9970322847366333,0.04327764734625816,1.8469631671905518,-0.21751198172569275,-0.6471994519233704,-0.20534799993038177,0.7312260270118713,-0.40256085991859436,-0.2332700788974762,-0.397279292345047,0.27338242530822754,0.22244305908679962,-0.3957967758178711,-0.23449639976024628,-0.007651401683688164,0.35307660698890686,0.5975069999694824,1.1045682430267334,0.5156779885292053,-0.7305374145507812,1.5768513679504395,0.29422497749328613,0.7304550409317017,-0.40553197264671326,0.0783410519361496,-0.2840188443660736,0.3486049473285675,0.2612443268299103,0.08417893201112747,-0.10997289419174194,0.6983251571655273,-0.2711637020111084,0.6160082817077637,1.1399781703948975,-0.8276848793029785,-0.560653030872345,0.024615466594696045,-0.18657784163951874,0.3162801265716553,0.9301373958587646,0.12597060203552246,-0.32274961471557617,-0.018160082399845123,0.9199671149253845,0.39192941784858704,0.0071997130289673805,0.3490622639656067,-0.8107123374938965,-0.4700012803077698,0.33693718910217285,0.00901651382446289,-0.03100007027387619,-0.9777320623397827,-0.2098572850227356,6.038215474291064e-07,0.2098572850227356,-0.9777320623397827,3.400849664103589e-07,0.46690285205841064,-0.07947986572980881,-0.03100009635090828,0.20697152614593506,0.09751289337873459,-0.0310000441968441
61,-0.6269034147262573,-1.0087645053863525,0.017824335023760796,1.8572138547897339,-0.2072606235742569,-0.673233151435852,-0.2124396562576294,0.7311524748802185,-0.4174893796443939,-0.20798815786838531,-0.34409523010253906,0.1623750478029251,0.13953471183776855,-0.37029901146888733,-0.09684490412473679,-0.006455068476498127,0.336311936378479,0.6014288067817688,1.0825185775756836,0.5383870005607605,-0.7104985117912292,1.5830153226852417,0.29437723755836487,0.7305087447166443,-0.2563265562057495,0.04756142944097519,-0.33853620290756226,0.32076260447502136,0.2948298454284668,0.07682755589485168,0.5884962677955627,0.4928016662597656,-0.29175353050231934,0.6258888244628906,1.1299247741699219,-0.8479026556015015,-0.5299695730209351,-0.013912605121731758,-0.22292348742485046,0.33260154724121094,0.9163413643836975,0.12210679054260254,-0.3252143859863281,-0.016648687422275543,0.9424062967300415,0.3344219923019409,0.005679704714566469,0.29884791374206543,-0.83428955078125,-0.46330443024635315,0.33693671226501465,0.00901651382446289,-0.03100007399916649,-0.9777320623397827,-0.20985692739486694,7.799999366397969e-07,0.20985692739486694,-0.9777320623397827,6.052857202121231e-07,0.46690234541893005,-0.07947990298271179,-0.031000088900327682,0.20697107911109924,0.09751293063163757,-0.031000059098005295
62,-0.6557103991508484,-1.0188688039779663,-0.005177770275622606,1.8633291721343994,-0.1992715746164322,-0.6982560157775879,-0.2147235870361328,0.7311118841171265,-0.42135289311408997,-0.18043968081474304,-0.3103381097316742,0.10324995219707489,0.10823176056146622,-0.3556961417198181,-0.029768511652946472,-0.006039791274815798,0.3247285783290863,0.6072073578834534,1.0618244409561157,0.5600945949554443,-0.6914645433425903,1.5920469760894775,0.29662030935287476,0.7305673360824585,-0.18739330768585205,0.0773390606045723,-0.29320719838142395,0.3452170491218567,0.24067772924900055,0.13177180290222168,-0.26234906911849976,0.6439160704612732,-0.30677056312561035,0.6362237930297852,1.120255708694458,-0.8640544414520264,-0.5013077259063721,-0.04583162069320679,-0.2509213089942932,0.3499753475189209,0.9025274515151978,0.11840081214904785,-0.3272976875305176,-0.014570459723472595,0.9591405391693115,0.2828896939754486,0.004779767245054245,0.25409212708473206,-0.8538254499435425,-0.45433372259140015,0.33693671226501465,0.00901651382446289,-0.03100007399916649,-0.9777323007583618,-0.20985658466815948,7.921387918941036e-07,0.20985658466815948,-0.9777323007583618,6.89210992277367e-07,0.46690234541893005,-0.07947996258735657,-0.031000081449747086,0.20697107911109924,0.09751299023628235,-0.03100006654858589
63,-0.6844912171363831,-1.028977394104004,-0.02476157434284687,1.8566702604293823,-0.191719189286232,-0.7201274037361145,-0.21003064513206482,0.7310338616371155,-0.4316696226596832,-0.12249798327684402,-0.2590095102787018,-0.10896476358175278,0.09993491321802139,-0.30474984645843506,0.06696026027202606,0.006978167686611414,0.32336485385894775,0.613837718963623,1.0420846939086914,0.5819396376609802,-0.6665239334106445,1.607082724571228,0.2746337652206421,0.7305915951728821,0.014812946319580078,0.15478165447711945,-0.43822818994522095,0.3456311821937561,0.2488601952791214,0.0696982890367508,-0.14393579959869385,0.8877593278884888,-0.3130037784576416,0.6432013511657715,1.1131401062011719,-0.8755531311035156,-0.47851574420928955,-0.06655621528625488,-0.26561617851257324,0.36170774698257446,0.8936529755592346,0.11337494850158691,-0.32959699630737305,-0.010304257273674011,0.9684731960296631,0.24828436970710754,-0.02036062814295292,0.21445715427398682,-0.8725240230560303,-0.4389875531196594,0.33693671226501465,0.00901651382446289,-0.031000081449747086,-0.9777320623397827,-0.20985721051692963,6.921424073880189e-07,0.20985721051692963,-0.9777320623397827,5.083790597382176e-07,0.46690237522125244,-0.0794798731803894,-0.031000100076198578,0.20697104930877686,0.09751290082931519,-0.031000062823295593
64,-0.7136892676353455,-1.0379188060760498,-0.04263592138886452,1.8421249389648438,-0.18122060596942902,-0.7400625944137573,-0.20328015089035034,0.7310349941253662,-0.43011215329170227,-0.12529253959655762,-0.24070559442043304,-0.2090434432029724,0.1453947275876999,-0.2800493538379669,0.09296543151140213,0.1195528581738472,0.3242841958999634,0.6254098415374756,1.0197556018829346,0.6013298630714417,-0.6355284452438354,1.6184461116790771,0.2649029791355133,0.7305850982666016,0.02201077900826931,0.16662265360355377,-0.18652226030826569,0.2227954864501953,0.5176146030426025,0.04398597776889801,0.3554680645465851,0.5778206586837769,-0.31424880027770996,0.6464982032775879,1.108316421508789,-0.8842678070068359,-0.4596971273422241,-0.08215399831533432,-0.27362170815467834,0.3674825429916382,0.8888688683509827,0.10421967506408691,-0.33333539962768555,-0.006578758358955383,0.9782184362411499,0.20296943187713623,-0.043497923761606216,0.16627289354801178,-0.8916158676147461,-0.42115864157676697,0.33693671226501465,0.00901651382446289,-0.03100007399916649,-0.9777323007583618,-0.20985686779022217,7.775404924359464e-07,0.20985686779022217,-0.9777323007583618,6.085253403398383e-07,0.46690237522125244,-0.07947993278503418,-0.031000088900327682,0.20697104930877686,0.09751296043395996,-0.031000059098005295
65,-0.742725133895874,-1.0487124919891357,-0.05806810036301613,1.822528600692749,-0.173515185713768,-0.7544162273406982,-0.18920424580574036,0.7310097813606262,-0.4386383891105652,-0.16049031913280487,-0.19708150625228882,-0.2760096490383148,0.10232295095920563,-0.20176123082637787,0.19758130609989166,-0.013016833923757076,0.3331901729106903,0.6359251141548157,1.0035037994384766,0.6163403987884521,-0.6030692458152771,1.6247166395187378,0.3082917630672455,0.7306903004646301,0.12417794018983841,0.15858003497123718,-0.20143593847751617,0.2243059277534485,0.4405566453933716,0.05263827368617058,0.6765324473381042,0.4743700623512268,-0.312122106552124,0.6488661766052246,1.104778528213501,-0.8908295631408691,-0.4453405737876892,-0.08996879309415817,-0.2745992839336395,0.36998987197875977,0.8875261545181274,0.09335160255432129,-0.33521509170532227,-0.0035135596990585327,0.9887350797653198,0.14829447865486145,-0.02029082365334034,0.12734022736549377,-0.9046663045883179,-0.40664929151535034,0.33693718910217285,0.00901651382446289,-0.03100007027387619,-0.9777320623397827,-0.20985744893550873,5.828248390571389e-07,0.20985744893550873,-0.9777320623397827,2.7340570341038983e-07,0.46690288186073303,-0.07947984337806702,-0.031000103801488876,0.20697149634361267,0.0975128710269928,-0.031000036746263504
66,-0.7723705172538757,-1.0578511953353882,-0.07481148838996887,1.8021184206008911,-0.16366562247276306,-0.7686172127723694,-0.17516463994979858,0.7310148477554321,-0.4291834831237793,-0.11717238277196884,-0.2314048707485199,-0.29552358388900757,0.13698098063468933,-0.19807419180870056,0.19626547396183014,-0.004764847923070192,0.3485471308231354,0.639398455619812,0.9929080009460449,0.6232635378837585,-0.5954450964927673,1.630991816520691,0.32571762800216675,0.7310394644737244,0.25887972116470337,0.02702181600034237,-0.1310204416513443,0.07445857673883438,0.07630762457847595,0.12159239500761032,-1.0675230026245117,0.00044966302812099457,-0.3097493648529053,0.6492118835449219,1.1019806861877441,-0.8966805934906006,-0.4314848780632019,-0.09891887754201889,-0.27583178877830505,0.3698173761367798,0.8872159123420715,0.0919492244720459,-0.3354167938232422,-0.0016863495111465454,0.9901170134544373,0.14010348916053772,-0.0062670595943927765,0.1260923445224762,-0.9088821411132812,-0.39753490686416626,0.33693671226501465,0.00901651382446289,-0.031000081449747086,-0.9777320623397827,-0.20985712110996246,7.01582507645071e-07,0.20985712110996246,-0.9777320623397827,5.092746278023697e-07,0.46690237522125244,-0.07947988063097,-0.031000100076198578,0.20697104930877686,0.09751290827989578,-0.031000062823295593
67,-0.8021359443664551,-1.0623829364776611,-0.09334113448858261,1.7790251970291138,-0.1590842604637146,-0.7808111310005188,-0.1616990715265274,0.7309989333152771,-0.43564027547836304,-0.00026141127455048263,-0.25157272815704346,-0.35930171608924866,0.06022015959024429,-0.1648346334695816,0.1877741664648056,0.16382290422916412,0.3641473054885864,0.6391034126281738,0.9850334525108337,0.6263090372085571,-0.5915600061416626,1.6345833539962769,0.33940109610557556,0.7310118079185486,0.16453076899051666,-0.010656867176294327,-0.1518595814704895,0.09119933843612671,0.08954649418592453,0.08113376051187515,-0.7146032452583313,-0.017728649079799652,-0.30298304557800293,0.6453080177307129,1.1020424365997314,-0.9053585529327393,-0.4112423360347748,-0.10585711896419525,-0.26993313431739807,0.36489760875701904,0.8910588622093201,0.09195399284362793,-0.3354463577270508,-0.00034668296575546265,0.9900839328765869,0.14027176797389984,0.007593757472932339,0.13203443586826324,-0.9107611179351807,-0.39125603437423706,0.33693671226501465,0.00901651382446289,-0.03100007399916649,-0.9777323007583618,-0.209856778383255,7.77681918862072e-07,0.209856778383255,-0.9777323007583618,6.136200454420759e-07,0.46690237522125244,-0.07947994023561478,-0.031000088900327682,0.20697104930877686,0.09751296788454056,-0.031000059098005295
68,-0.8318695425987244,-1.0622109174728394,-0.11117963492870331,1.7546463012695312,-0.15728114545345306,-0.7920346260070801,-0.14776664972305298,0.7309986352920532,-0.4366964101791382,0.057087138295173645,-0.23837317526340485,-0.3721301555633545,0.020448636263608932,-0.15215107798576355,0.1949804425239563,0.00507689593359828,0.37745168805122375,0.6379906535148621,0.9750300049781799,0.6311309933662415,-0.586238443851471,1.6383988857269287,0.3387327492237091,0.7310315370559692,0.1800597906112671,-0.016232367604970932,-0.14454853534698486,0.08174291253089905,0.08691663295030594,0.05238829553127289,-0.5703322887420654,-0.013412468135356903,-0.2926819324493408,0.6380538940429688,1.1043004989624023,-0.9147002696990967,-0.38899150490760803,-0.10958631336688995,-0.2590601444244385,0.35625559091567993,0.8977582454681396,0.09193205833435059,-0.3354668617248535,0.001132473349571228,0.990088701248169,0.1401197463274002,0.009530963376164436,0.1329735368490219,-0.9134286642074585,-0.3846638798713684,0.33693718910217285,0.00901651382446289,-0.03100007027387619,-0.9777320623397827,-0.20985737442970276,5.712828965442895e-07,0.20985737442970276,-0.9777320623397827,2.8156316034255724e-07,0.46690288186073303,-0.07947985082864761,-0.031000100076198578,0.20697149634361267,0.0975128784775734,-0.031000040471553802
69,-0.8615751266479492,-1.058290958404541,-0.12607523798942566,1.7288743257522583,-0.15925568342208862,-0.8015259504318237,-0.13362619280815125,0.7309797406196594,-0.44440099596977234,0.1366804540157318,-0.1860424280166626,-0.4043964445590973,-0.035323113203048706,-0.12562227249145508,0.19737917184829712,0.07126650214195251,0.39133796095848083,0.6367132067680359,0.964034914970398,0.6364109516143799,-0.580179750919342,1.642270565032959,0.3363073170185089,0.7310101985931396,0.1951105296611786,-0.016099732369184494,-0.1563812643289566,0.08772607892751694,0.08838514983654022,0.04532371461391449,-0.5090943574905396,0.09098966419696808,-0.27826714515686035,0.6283354759216309,1.1084105968475342,-0.9247478246688843,-0.36488819122314453,-0.1081579253077507,-0.24201984703540802,0.3444948196411133,0.9070555567741394,0.09178900718688965,-0.33548641204833984,0.002695225179195404,0.9901565909385681,0.13960012793540955,0.010087319649755955,0.13303878903388977,-0.9163273572921753,-0.37768369913101196,0.33693671226501465,0.00901651382446289,-0.031000081449747086,-0.9777320623397827,-0.2098570317029953,6.989918119870708e-07,0.2098570317029953,-0.9777320623397827,5.126696578372503e-07,0.46690237522125244,-0.0794798880815506,-0.031000100076198578,0.20697104930877686,0.09751291573047638,-0.031000062823295593
70,-0.8913587927818298,-1.0508015155792236,-0.1368693709373474,1.7018046379089355,-0.16482773423194885,-0.8085830807685852,-0.11855919659137726,0.7309277653694153,-0.44963347911834717,0.19521133601665497,-0.1207844540476799,-0.4264885187149048,-0.08622242510318756,-0.09115398675203323,0.20837049186229706,0.10780913382768631,0.40611469745635986,0.6355096101760864,0.9519414305686951,0.6422167420387268,-0.5732642412185669,1.646515965461731,0.3336762487888336,0.7310173511505127,0.2066720724105835,-0.014255019836127758,-0.1828957200050354,0.09167817234992981,0.10673321783542633,0.0627983957529068,-0.43948161602020264,0.01904672384262085,-0.2593810558319092,0.6160550117492676,1.1142427921295166,-0.9349365234375,-0.3403548002243042,-0.10026094317436218,-0.21826839447021484,0.32891708612442017,0.9187886118888855,0.09148573875427246,-0.3355579376220703,0.004422567784786224,0.9903362989425659,0.13828757405281067,0.010516158305108547,0.1323351263999939,-0.919574499130249,-0.36995968222618103,0.33693671226501465,0.00901651382446289,-0.03100007399916649,-0.9777323007583618,-0.20985668897628784,7.622346629432286e-07,0.20985668897628784,-0.9777323007583618,6.189562782310531e-07,0.46690234541893005,-0.07947995513677597,-0.031000085175037384,0.20697107911109924,0.09751298278570175,-0.031000062823295593
71,-0.9213847517967224,-1.0398750305175781,-0.1446692943572998,1.6739555597305298,-0.17416061460971832,-0.8123794794082642,-0.10388058423995972,0.7308819890022278,-0.45038580894470215,0.2598435878753662,-0.07720556110143661,-0.44581887125968933,-0.14015907049179077,-0.04358761012554169,0.20358668267726898,0.13126452267169952,0.42039060592651367,0.6345033645629883,0.9396352171897888,0.6480278968811035,-0.5659798383712769,1.6507633924484253,0.33091306686401367,0.7310135960578918,0.19336874783039093,-0.013004167936742306,-0.16510170698165894,0.08205905556678772,0.06821699440479279,0.013231825083494186,-0.5971134901046753,0.09637288004159927,-0.23660731315612793,0.6005444526672363,1.12149977684021,-0.9455410242080688,-0.3136060833930969,-0.08719799667596817,-0.18821094930171967,0.30817925930023193,0.9325246810913086,0.09100937843322754,-0.33573102951049805,0.006180301308631897,0.990648627281189,0.13602513074874878,0.010605672374367714,0.13060805201530457,-0.9229699373245239,-0.3620337247848511,0.33693718910217285,0.00901651382446289,-0.03100007027387619,-0.9777320623397827,-0.2098572850227356,5.785217354059569e-07,0.2098572850227356,-0.9777320623397827,2.731869983563229e-07,0.46690285205841064,-0.07947986572980881,-0.031000103801488876,0.20697152614593506,0.09751289337873459,-0.031000036746263504
72,-0.9514876008033752,-1.0260683298110962,-0.14993354678153992,1.645452857017517,-0.18583060801029205,-0.814178466796875,-0.09056241810321808,0.7308598160743713,-0.4493429362773895,0.30370986461639404,-0.04016788676381111,-0.45727425813674927,-0.17218585312366486,-0.015486710704863071,0.1829109489917755,0.1508578658103943,0.4338547885417938,0.6339948773384094,0.9276216626167297,0.6540011763572693,-0.5585211515426636,1.655124306678772,0.328275203704834,0.7310047149658203,0.19443868100643158,-0.0030209356918931007,-0.1689145267009735,0.08815237879753113,0.09928670525550842,0.05235862731933594,-0.3635803461074829,0.003239031881093979,-0.21120667457580566,0.5818214416503906,1.1292669773101807,-0.9558706283569336,-0.28522467613220215,-0.07041540741920471,-0.15404805541038513,0.2825133204460144,0.9468133449554443,0.09035611152648926,-0.3358945846557617,0.007923610508441925,0.9910710453987122,0.13293004035949707,0.010384602472186089,0.12796521186828613,-0.9263877868652344,-0.3541615605354309,0.33693671226501465,0.00901651382446289,-0.03100007399916649,-0.9777320623397827,-0.20985692739486694,7.443157983288984e-07,0.20985692739486694,-0.9777320623397827,5.486778036356554e-07,0.46690234541893005,-0.07947990298271179,-0.03100009262561798,0.20697107911109924,0.09751293063163757,-0.031000055372714996
73,-0.9817376136779785,-1.010557770729065,-0.15420880913734436,1.6164442300796509,-0.19878435134887695,-0.812812328338623,-0.07891012728214264,0.7308580875396729,-0.4439935088157654,0.3289441466331482,-0.03223879635334015,-0.46681156754493713,-0.1895262897014618,0.02948489971458912,0.1601988524198532,0.2550244629383087,0.44612380862236023,0.6337464451789856,0.9160056710243225,0.6597611904144287,-0.5509014129638672,1.6593778133392334,0.326164573431015,0.7309980392456055,0.16355794668197632,0.0006344725843518972,-0.14697541296482086,0.08144333958625793,0.041910283267498016,0.009281013160943985,-0.6480019688606262,0.2744503319263458,-0.18486332893371582,0.5595393180847168,1.136922836303711,-0.9655003547668457,-0.25518345832824707,-0.05186811089515686,-0.11784159392118454,0.25054824352264404,0.960905134677887,0.08951640129089355,-0.33615589141845703,0.009648069739341736,0.9916308522224426,0.1286962330341339,0.010272632353007793,0.1242639347910881,-0.9298316240310669,-0.34636929631233215,0.33693671226501465,0.00901651382446289,-0.03100007399916649,-0.9777323007583618,-0.20985659956932068,7.631998073520663e-07,0.20985659956932068,-0.9777323007583618,6.176859415063518e-07,0.46690234541893005,-0.07947996258735657,-0.031000085175037384,0.20697107911109924,0.09751299023628235,-0.031000062823295593
74,-1.0118398666381836,-0.9947006702423096,-0.15696510672569275,1.5870392322540283,-0.21324579417705536,-0.8079997301101685,-0.06784305721521378,0.730857253074646,-0.44214242696762085,0.3284679651260376,-0.0079127112403512,-0.4704652428627014,-0.2122439593076706,0.07764016836881638,0.15331847965717316,0.1581019014120102,0.45832642912864685,0.6339428424835205,0.9039099216461182,0.6658576726913452,-0.5422671437263489,1.6640733480453491,0.3250676691532135,0.7310224771499634,0.16802820563316345,0.010085659101605415,-0.1596728414297104,0.08342341333627701,0.07875469326972961,0.04108937829732895,-0.4722679853439331,0.1704981029033661,-0.15816330909729004,0.5346245765686035,1.143775224685669,-0.9738322496414185,-0.22513653337955475,-0.031058460474014282,-0.08031941205263138,0.21309387683868408,0.9737247824668884,0.08832764625549316,-0.33655309677124023,0.01155407726764679,0.9923781752586365,0.12276916205883026,0.010643327608704567,0.11912649869918823,-0.9336481094360352,-0.3378017544746399,0.33693671226501465,0.00901651382446289,-0.031000081449747086,-0.9777320623397827,-0.20985721051692963,6.670035190836643e-07,0.20985721051692963,-0.9777320623397827,4.365631127711822e-07,0.46690237522125244,-0.0794798731803894,-0.031000103801488876,0.20697104930877686,0.09751290082931519,-0.031000059098005295
75,-1.0421340465545654,-0.9777094125747681,-0.16056038439273834,1.5578367710113525,-0.2305532544851303,-0.7993742227554321,-0.059505924582481384,0.7308552861213684,-0.4347565472126007,0.35739657282829285,-0.03022770956158638,-0.4756897985935211,-0.25034648180007935,0.13337531685829163,0.11497988551855087,0.1688547432422638,0.4692722260951996,0.6351812481880188,0.8917019963264465,0.6721639633178711,-0.533143162727356,1.6690226793289185,0.3234308958053589,0.730984091758728,0.1526368260383606,0.022105317562818527,-0.17123442888259888,0.08909173309803009,0.12876106798648834,0.07413112372159958,-0.7523568868637085,0.07448883354663849,-0.13179659843444824,0.5060768127441406,1.1497068405151367,-0.9816477298736572,-0.19047868251800537,-0.009269999340176582,-0.0420544408261776,0.16880619525909424,0.98475182056427,0.08676838874816895,-0.3371453285217285,0.013490743935108185,0.9932912588119507,0.1152428612112999,0.009570902213454247,0.11196980625391006,-0.9377844333648682,-0.32866814732551575,0.33693671226501465,0.00901651382446289,-0.03100007399916649,-0.9777323007583618,-0.20985685288906097,7.608694545524486e-07,0.20985685288906097,-0.9777323007583618,5.37823211743671e-07,0.46690237522125244,-0.07947993278503418,-0.03100009635090828,0.20697104930877686,0.09751296043395996,-0.031000051647424698
76,-1.0725349187850952,-0.9589548707008362,-0.16762186586856842,1.5285488367080688,-0.25071144104003906,-0.784795880317688,-0.05414189025759697,0.7308667302131653,-0.4242491126060486,0.3912898302078247,-0.09655708074569702,-0.4842918813228607,-0.28689485788345337,0.21953408420085907,0.07263623923063278,0.21053831279277802,0.4804209768772125,0.63681560754776,0.8791869878768921,0.677910327911377,-0.5215731859207153,1.6741803884506226,0.32288146018981934,0.7291600108146667,0.1964457929134369,-0.06534573435783386,-0.30977681279182434,0.14696288108825684,0.09437279403209686,-0.028576193377375603,-1.8975797891616821,-0.9966774582862854,-0.10708928108215332,0.4715895652770996,1.1546261310577393,-0.9886355400085449,-0.14981673657894135,0.012436756864190102,-0.004697911906987429,0.11347734928131104,0.9935294389724731,0.08426499366760254,-0.3382391929626465,0.01582351326942444,0.9943810105323792,0.1055426150560379,0.008194616064429283,0.10266050696372986,-0.9425429105758667,-0.31792163848876953,0.33693718910217285,0.00901651382446289,-0.03100007027387619,-0.9777320623397827,-0.20985746383666992,6.9359538201752e-07,0.20985746383666992,-0.9777320623397827,5.449504669741145e-07,0.46690288186073303,-0.07947984337806702,-0.031000085175037384,0.20697149634361267,0.0975128710269928,-0.031000055372714996
77,-1.1034557819366455,-0.9352304935455322,-0.18759718537330627,1.499566674232483,-0.2728802561759949,-0.76496821641922,-0.060346413403749466,0.7309491038322449,-0.39894697070121765,0.4921523332595825,-0.34073197841644287,-0.5014409422874451,-0.3043537139892578,0.30083706974983215,-0.08876655995845795,0.0735284686088562,0.4880634546279907,0.6330844759941101,0.8636887669563293,0.6835675239562988,-0.5125588178634644,1.6756848096847534,0.3116534650325775,0.7290547490119934,0.050763603299856186,-0.03576681762933731,-0.10370080918073654,0.06592009961605072,-0.5186656713485718,0.10861576348543167,-1.3692622184753418,0.9229261875152588,-0.08933758735656738,0.4264655113220215,1.1579525470733643,-0.9955799579620361,-0.08967305719852448,0.027917902916669846,0.024284575134515762,0.04135626554489136,0.9988493323326111,0.08350920677185059,-0.338742733001709,0.017200611531734467,0.9955293536186218,0.09440245479345322,0.0030889040790498257,0.09066274762153625,-0.9458982944488525,-0.31153956055641174,0.33693671226501465,0.00901651382446289,-0.031000081449747086,-0.9777320623397827,-0.20985712110996246,6.530785867653321e-07,0.20985712110996246,-0.9777320623397827,4.373298168047768e-07,0.46690237522125244,-0.07947988063097,-0.031000103801488876,0.20697104930877686,0.09751290827989578,-0.031000059098005295
78,-1.132825493812561,-0.910643994808197,-0.20041218400001526,1.4695115089416504,-0.29709485173225403,-0.7426691651344299,-0.06378362327814102,0.7308201789855957,-0.41627106070518494,0.479926735162735,-0.14748702943325043,-0.49871790409088135,-0.34893620014190674,0.3272292912006378,-0.053032200783491135,0.2822064161300659,0.505952775478363,0.6326097846031189,0.8473815321922302,0.6908844709396362,-0.5045265555381775,1.6816741228103638,0.3123597204685211,0.7294538617134094,0.2222544550895691,0.014511807821691036,-0.1243150383234024,0.09646137803792953,-0.4211195409297943,0.1483011245727539,-1.0187451839447021,0.7219253182411194,-0.0695807933807373,0.379608154296875,1.1583340167999268,-0.9978243112564087,-0.038396742194890976,0.05359668657183647,0.05492968484759331,-0.03454554080963135,0.9978924989700317,0.08322548866271973,-0.33884429931640625,0.019432783126831055,0.995866596698761,0.0904693603515625,0.00806308351457119,0.08868859708309174,-0.9494168758392334,-0.3012339770793915,0.33693671226501465,0.00901651382446289,-0.03100007399916649,-0.9777323007583618,-0.2098567634820938,7.467573936992267e-07,0.2098567634820938,-0.9777323007583618,5.391820536715386e-07,0.46690237522125244,-0.07947994768619537,-0.03100009262561798,0.20697104930877686,0.09751297533512115,-0.031000055372714996
79,-1.1628170013427734,-0.8842288851737976,-0.21677817404270172,1.4399760961532593,-0.32386624813079834,-0.7197122573852539,-0.07682115584611893,0.7308521866798401,-0.39809152483940125,0.5183716416358948,-0.2719259560108185,-0.5055292248725891,-0.3728824853897095,0.3426177501678467,-0.18514612317085266,0.16413597762584686,0.5196295976638794,0.636187732219696,0.8397412896156311,0.6954798102378845,-0.5017099380493164,1.6895397901535034,0.3140164315700531,0.7295745015144348,0.172740638256073,0.0775003582239151,-0.009818211197853088,0.04514193534851074,-0.5402097105979919,0.15401729941368103,-0.472709059715271,0.8274744153022766,-0.05411076545715332,0.32947540283203125,1.155155897140503,-0.9962855577468872,0.024455616250634193,0.082565538585186,0.07922732084989548,-0.11532437801361084,0.990163266658783,0.08339428901672363,-0.3391709327697754,0.021560676395893097,0.9954005479812622,0.09532773494720459,0.009507913142442703,0.0939500480890274,-0.9519387483596802,-0.29152417182922363,0.33693718910217285,0.00901651382446289,-0.03100007027387619,-0.9777320623397827,-0.20985737442970276,7.00760040217574e-07,0.20985737442970276,-0.9777320623397827,5.407882213148696e-07,0.46690288186073303,-0.07947985082864761,-0.031000085175037384,0.20697149634361267,0.0975128784775734,-0.031000055372714996
80,-1.1921175718307495,-0.8547189831733704,-0.24057771265506744,1.410417914390564,-0.3519635498523712,-0.6971670985221863,-0.09761176258325577,0.7308867573738098,-0.3846273720264435,0.5704366564750671,-0.39846271276474,-0.513898491859436,-0.38838282227516174,0.3397330343723297,-0.2938896715641022,0.14528729021549225,0.5313927531242371,0.64274662733078,0.8367859721183777,0.7001463174819946,-0.5003616213798523,1.702811360359192,0.3344215154647827,0.729594349861145,0.15370887517929077,0.11701897531747818,0.05421577766537666,0.041853997856378555,-0.5727640390396118,0.22811761498451233,-0.5005156993865967,0.8416831493377686,-0.04587721824645996,0.274688720703125,1.147733211517334,-0.9888255596160889,0.095896877348423,0.11414071172475815,0.09295708686113358,-0.20194649696350098,0.9749752879142761,0.08385586738586426,-0.3398299217224121,0.02491934597492218,0.99467533826828,0.09967409819364548,0.02619246393442154,0.10302131623029709,-0.9548810720443726,-0.2785471975803375,0.33693671226501465,0.00901651382446289,-0.031000081449747086,-0.9777320623397827,-0.2098570317029953,6.599539119633846e-07,0.2098570317029953,-0.9777320623397827,4.3310035380272893e-07,0.46690237522125244,-0.0794798880815506,-0.031000103801488876,0.20697104930877686,0.09751291573047638,-0.031000059098005295
81,-1.220409870147705,-0.8236892819404602,-0.26871809363365173,1.3803106546401978,-0.3794780969619751,-0.6754846572875977,-0.11951683461666107,0.7308801412582397,-0.37432199716567993,0.5800849795341492,-0.46569713950157166,-0.5187089443206787,-0.3800879120826721,0.32731595635414124,-0.30870336294174194,0.14133869111537933,0.5395448207855225,0.6486587524414062,0.8452668190002441,0.7009785771369934,-0.49971896409988403,1.7241498231887817,0.3531319797039032,0.7297797799110413,0.12873846292495728,0.09602434188127518,0.23621146380901337,-0.011828694492578506,-0.537280797958374,0.34739911556243896,-0.20584845542907715,0.7113799452781677,-0.04436135292053223,0.21801519393920898,1.1356637477874756,-0.9750661849975586,0.16464321315288544,0.14879076182842255,0.09622805565595627,-0.2904754877090454,0.952031672000885,0.0848386287689209,-0.34124326705932617,0.03106272965669632,0.9925759434700012,0.11530645936727524,0.038695916533470154,0.12143128365278244,-0.9575009346008301,-0.26162323355674744,0.33693671226501465,0.00901651382446289,-0.03100007399916649,-0.9777323007583618,-0.20985667407512665,7.229127163554949e-07,0.20985667407512665,-0.9777323007583618,5.455206633087073e-07,0.46690234541893005,-0.07947995513677597,-0.031000088900327682,0.20697107911109924,0.09751298278570175,-0.031000059098005295
82,-1.2465548515319824,-0.7923191785812378,-0.2978450357913971,1.3501611948013306,-0.405623197555542,-0.6573324203491211,-0.14388200640678406,0.7308476567268372,-0.3477363884449005,0.5767826437950134,-0.47535717487335205,-0.5161742568016052,-0.3615384101867676,0.2766325771808624,-0.34388160705566406,0.1883184015750885,0.5458278656005859,0.6528940796852112,0.8616902828216553,0.6988781690597534,-0.49832144379615784,1.750697135925293,0.36639276146888733,0.7300295233726501,0.0949295237660408,0.07063311338424683,0.31316840648651123,-0.09638321399688721,-0.47257450222969055,0.4265921413898468,1.1769096851348877,0.6267415881156921,-0.047684431076049805,0.16324090957641602,1.1194159984588623,-0.9555351734161377,0.2276933491230011,0.18737152218818665,0.0917661115527153,-0.3742564916610718,0.9227734804153442,0.08612513542175293,-0.34294939041137695,0.03929685056209564,0.9891939759254456,0.13963629305362701,0.04468764364719391,0.1463354378938675,-0.9590786695480347,-0.24239236116409302,0.33693718910217285,0.00901651382446289,-0.03100007027387619,-0.9777320623397827,-0.2098572850227356,6.958869676054746e-07,0.2098572850227356,-0.9777320623397827,5.394902586886019e-07,0.46690285205841064,-0.07947986572980881,-0.031000085175037384,0.20697152614593506,0.09751289337873459,-0.031000055372714996
83,-1.2634625434875488,-0.7611590027809143,-0.3274170458316803,1.3208178281784058,-0.4301595091819763,-0.6446238160133362,-0.17013074457645416,0.7307982444763184,-0.21605290472507477,0.5723950862884521,-0.4801963269710541,-0.5049212574958801,-0.33933672308921814,0.19964784383773804,-0.3710322976112366,0.2485623061656952,0.5548873543739319,0.6546409726142883,0.8824559450149536,0.6952144503593445,-0.49478745460510254,1.7800278663635254,0.37919101119041443,0.7303497791290283,0.17130938172340393,0.029331129044294357,0.4054505527019501,-0.08452337235212326,-0.3195790946483612,0.4522998332977295,1.360673189163208,-0.6380314826965332,-0.0534665584564209,0.11229848861694336,1.1000056266784668,-0.9331789016723633,0.2773851454257965,0.22854921221733093,0.08448034524917603,-0.44879627227783203,0.8896320462226868,0.08754467964172363,-0.3442554473876953,0.048979297280311584,0.984070360660553,0.1704826056957245,0.050409890711307526,0.17747166752815247,-0.958721399307251,-0.2221652865409851,0.33693671226501465,0.00901651382446289,-0.03100007399916649,-0.9777320623397827,-0.20985692739486694,8.499396813022031e-07,0.20985692739486694,-0.9777320623397827,8.096253623079974e-07,0.46690234541893005,-0.07947990298271179,-0.03100007399916649,0.20697107911109924,0.09751293063163757,-0.03100007399916649
84,-1.274064540863037,-0.730201780796051,-0.3571960926055908,1.2919741868972778,-0.45302724838256836,-0.6328154802322388,-0.19644787907600403,0.7307699918746948,-0.13088800013065338,0.5703402161598206,-0.48388946056365967,-0.5003056526184082,-0.31624341011047363,0.18825969099998474,-0.3725912570953369,0.2876099646091461,0.5669808983802795,0.6544895172119141,0.9060806632041931,0.6949358582496643,-0.48744040727615356,1.8085911273956299,0.39027780294418335,0.7305751442909241,0.20959220826625824,-0.004475673660635948,0.430268794298172,-0.0008648824878036976,-0.1664445996284485,0.42179185152053833,1.0454813241958618,-0.556767463684082,-0.0607912540435791,0.06372880935668945,1.0775296688079834,-0.9094990491867065,0.31460627913475037,0.2717248797416687,0.07516347616910934,-0.518420934677124,0.8518158793449402,0.08807158470153809,-0.34326934814453125,0.05844107270240784,0.9778124094009399,0.20204806327819824,0.05531203746795654,0.20918536186218262,-0.9558281898498535,-0.20648019015789032,0.33693671226501465,0.00901651382446289,-0.03100007399916649,-0.9777323007583618,-0.20985658466815948,7.279795681824908e-07,0.20985658466815948,-0.9777323007583618,5.330609837983502e-07,0.46690234541893005,-0.07947996258735657,-0.03100009262561798,0.20697107911109924,0.09751299023628235,-0.031000055372714996
85,-1.2783325910568237,-0.6994404196739197,-0.38720792531967163,1.2633110284805298,-0.4741440415382385,-0.6205664873123169,-0.22316333651542664,0.7307324409484863,-0.042662303894758224,0.5699912905693054,-0.48455187678337097,-0.5007889866828918,-0.2936580777168274,0.1951836347579956,-0.3770279288291931,0.33306097984313965,0.5814571976661682,0.6523200869560242,0.9305639863014221,0.6952927112579346,-0.477741003036499,1.8370977640151978,0.39866361021995544,0.7306830286979675,0.2525540292263031,-0.03392309322953224,0.43088388442993164,-0.011210090480744839,-0.11588925123214722,0.42159104347229004,1.0780404806137085,-0.581066906452179,-0.06868577003479004,0.017048358917236328,1.0519845485687256,-0.8856858015060425,0.3396459221839905,0.3165457844734192,0.06511954218149185,-0.5841766595840454,0.8090099096298218,0.08827757835388184,-0.3415951728820801,0.06824815273284912,0.9702104926109314,0.23506537079811096,0.058616627007722855,0.24202871322631836,-0.9511220455169678,-0.1918047070503235,0.33693671226501465,0.00901651382446289,-0.031000081449747086,-0.9777320623397827,-0.20985721051692963,7.744405934317911e-07,0.20985721051692963,-0.9777320623397827,7.043298637654516e-07,0.46690237522125244,-0.0794798731803894,-0.031000085175037384,0.20697104930877686,0.09751290082931519,-0.031000077724456787
86,-1.2679756879806519,-0.6693142652511597,-0.41769081354141235,1.2349430322647095,-0.4884513020515442,-0.6061358451843262,-0.24980305135250092,0.7306650280952454,0.1725584715604782,0.5733770132064819,-0.4780476987361908,-0.5034717321395874,-0.20106537640094757,0.22647611796855927,-0.3762463331222534,0.4183103144168854,0.596051812171936,0.6486017107963562,0.9551607370376587,0.6954867839813232,-0.46677714586257935,1.8656233549118042,0.40395528078079224,0.7307682633399963,0.2468133270740509,-0.057622507214546204,0.4215787351131439,-0.008993811905384064,-0.0574381947517395,0.42163604497909546,0.8726451396942139,-0.5238064527511597,-0.07501864433288574,-0.028219223022460938,1.0237441062927246,-0.8680034875869751,0.3444517254829407,0.35766366124153137,0.057511791586875916,-0.6457003355026245,0.7614220976829529,0.08843064308166504,-0.3398866653442383,0.07841385900974274,0.9615482687950134,0.268047571182251,0.05979447066783905,0.27448713779449463,-0.9451389312744141,-0.1771138608455658,0.33693671226501465,0.00901651382446289,-0.03100007399916649,-0.9777323007583618,-0.20985686779022217,8.590415063736145e-07,0.20985686779022217,-0.9777323007583618,8.11141433132434e-07,0.46690237522125244,-0.07947993278503418,-0.03100007399916649,0.20697104930877686,0.09751296043395996,-0.03100007399916649
87,-1.246711015701294,-0.6390457153320312,-0.44812625646591187,1.2065590620040894,-0.4924851655960083,-0.5895790457725525,-0.2760601043701172,0.7306321263313293,0.3258112967014313,0.5766315460205078,-0.47390323877334595,-0.5054216980934143,-0.05722269043326378,0.2567194104194641,-0.3716685473918915,0.4700837731361389,0.6107372641563416,0.6435757279396057,0.9792612195014954,0.6958335041999817,-0.45452257990837097,1.8942875862121582,0.40598270297050476,0.7308499217033386,0.25090810656547546,-0.07869616895914078,0.40844517946243286,-0.006318334024399519,-0.003054395318031311,0.42536044120788574,0.6620385646820068,-0.5217695832252502,-0.07957720756530762,-0.07230949401855469,0.9928324818611145,-0.8577554225921631,0.3324882984161377,0.3920551836490631,0.05145415663719177,-0.7033058404922485,0.7090228199958801,0.08849930763244629,-0.3381986618041992,0.08894352614879608,0.9520444869995117,0.3002915382385254,0.0586203932762146,0.30589407682418823,-0.9381750822067261,-0.16203919053077698,0.33693718910217285,0.00901651382446289,-0.03100007027387619,-0.9777320623397827,-0.20985744893550873,6.607555178561597e-07,0.20985744893550873,-0.9777320623397827,4.675947025134519e-07,0.46690288186073303,-0.07947984337806702,-0.031000088900327682,0.20697149634361267,0.0975128710269928,-0.031000051647424698
88,-1.2197855710983276,-0.6084588766098022,-0.4781889319419861,1.1784521341323853,-0.48080506920814514,-0.5706905126571655,-0.3004150092601776,0.7306545376777649,0.3986520767211914,0.5746363997459412,-0.47363415360450745,-0.49875780940055847,0.16479767858982086,0.289916455745697,-0.34524574875831604,0.43531596660614014,0.627192497253418,0.6375758051872253,1.0013748407363892,0.6968952417373657,-0.44068923592567444,1.9238168001174927,0.40510961413383484,0.7309773564338684,0.2803395688533783,-0.09591515362262726,0.3705253005027771,-0.0011004935950040817,0.07613690197467804,0.45069265365600586,0.29286909103393555,-0.5065134167671204,-0.08439993858337402,-0.1146087646484375,0.9596861004829407,-0.8565847873687744,0.3085067868232727,0.4136257767677307,0.042502645403146744,-0.7566831111907959,0.6523988842964172,0.08848118782043457,-0.33656740188598633,0.10007074475288391,0.9416965246200562,0.33187204599380493,0.055395595729351044,0.33644700050354004,-0.9304323196411133,-0.14525578916072845,0.33693671226501465,0.00901651382446289,-0.031000081449747086,-0.9777320623397827,-0.20985712110996246,7.812274134266772e-07,0.20985712110996246,-0.9777320623397827,7.039495812932728e-07,0.46690237522125244,-0.07947988063097,-0.031000085175037384,0.20697104930877686,0.09751290827989578,-0.031000077724456787
89,-1.1908721923828125,-0.578262448310852,-0.5080494284629822,1.1514798402786255,-0.45746496319770813,-0.5499585866928101,-0.3204113841056824,0.7306982278823853,0.42097118496894836,0.5569199919700623,-0.47025036811828613,-0.4766722321510315,0.3297710716724396,0.31467312574386597,-0.285570353269577,0.38086098432540894,0.6467968225479126,0.6331228017807007,1.0181803703308105,0.7086142301559448,-0.43661147356033325,1.9385569095611572,0.40370437502861023,0.7313727140426636,0.2866842746734619,-0.076359324157238,0.2788345515727997,0.17211773991584778,-0.14149050414562225,-0.2269994020462036,4.766900539398193,-0.3260303735733032,-0.08984017372131348,-0.15404796600341797,0.9248767495155334,-0.8625743389129639,0.27805274724960327,0.42267265915870667,0.0307595394551754,-0.8050692081451416,0.5923829674720764,0.08849215507507324,-0.32939815521240234,0.10368767380714417,0.9316092729568481,0.35877934098243713,0.05815073847770691,0.36346104741096497,-0.9194166660308838,-0.15023037791252136,0.33693671226501465,0.00901651382446289,-0.03100007399916649,-0.9777323007583618,-0.209856778383255,7.067937985993922e-07,0.209856778383255,-0.9777323007583618,4.714648582648806e-07,0.46690237522125244,-0.07947994023561478,-0.03100009635090828,0.20697104930877686,0.09751296788454056,-0.031000051647424698
90,-1.1612080335617065,-0.5487087368965149,-0.5379262566566467,1.127626895904541,-0.4323255121707916,-0.5291975140571594,-0.3343723714351654,0.7307528853416443,0.4330752193927765,0.5355618000030518,-0.45965197682380676,-0.4239674508571625,0.3526778817176819,0.31292232871055603,-0.1990746557712555,0.3121483623981476,0.669151246547699,0.6215395331382751,1.0364141464233398,0.7259597778320312,-0.42171111702919006,1.9587411880493164,0.39583611488342285,0.7310833930969238,0.39704474806785583,-0.2756563127040863,0.3908335864543915,0.1916208118200302,0.2710059583187103,0.4765586256980896,-0.2690003514289856,-0.1252337098121643,-0.09425568580627441,-0.1894969940185547,0.8897708654403687,-0.8713192939758301,0.24562880396842957,0.4248165786266327,0.020335765555500984,-0.8468890190124512,0.5313806533813477,0.08591723442077637,-0.3213210105895996,0.11035236716270447,0.9227570295333862,0.38103625178337097,0.057713113725185394,0.385333389043808,-0.9098523855209351,-0.15390586853027344,0.33693718910217285,0.00901651382446289,-0.03100007027387619,-0.9777320623397827,-0.20985737442970276,6.607266982427973e-07,0.20985737442970276,-0.9777320623397827,4.780825406669464e-07,0.46690288186073303,-0.07947985082864761,-0.031000088900327682,0.20697149634361267,0.0975128784775734,-0.031000051647424698
91,-1.1307857036590576,-0.5249639749526978,-0.5672913789749146,1.1039327383041382,-0.4035487473011017,-0.5075705051422119,-0.34353676438331604,0.7308643460273743,0.42711395025253296,0.417841374874115,-0.45902618765830994,-0.4062325656414032,0.4054079055786133,0.32174384593963623,-0.13014844059944153,0.15291179716587067,0.6924768090248108,0.608757734298706,1.0500284433364868,0.7425895929336548,-0.41412216424942017,1.9850668907165527,0.38368427753448486,0.731279730796814,0.3477790653705597,-0.2015879899263382,0.21218733489513397,0.2574813961982727,0.10737942159175873,0.3652152419090271,-0.1657450944185257,-0.3542441129684448,-0.0987403392791748,-0.2194967269897461,0.8552953600883484,-0.8838808536529541,0.21254003047943115,0.41663098335266113,0.010115773417055607,-0.8818895816802979,0.47134751081466675,0.08665108680725098,-0.3135213851928711,0.11869063973426819,0.9106558561325073,0.40902021527290344,0.058381132781505585,0.41305825114250183,-0.8980624675750732,-0.15121780335903168,0.33693671226501465,0.00901651382446289,-0.031000081449747086,-0.9777320623397827,-0.2098570317029953,7.809058502061816e-07,0.2098570317029953,-0.9777320623397827,7.140170623642916e-07,0.46690237522125244,-0.0794798880815506,-0.031000085175037384,0.20697104930877686,0.09751291573047638,-0.031000077724456787
92,-1.1016994714736938,-0.5000232458114624,-0.5970171689987183,1.0810561180114746,-0.374979704618454,-0.4885562062263489,-0.346841424703598,0.7308064699172974,0.42864885926246643,0.47816112637519836,-0.456470787525177,-0.4198762774467468,0.39774125814437866,0.2916102111339569,-0.04590045288205147,0.23951952159404755,0.714830219745636,0.6001195311546326,1.064267635345459,0.7526050806045532,-0.39991065859794617,2.010091543197632,0.37219125032424927,0.7313017249107361,0.38691049814224243,-0.13448242843151093,0.24652725458145142,0.12375447899103165,0.21185137331485748,0.3499052822589874,-0.15670037269592285,-0.3866879940032959,-0.10246491432189941,-0.24693632125854492,0.8198062181472778,-0.8971391916275024,0.18053537607192993,0.4031728506088257,0.0009619296761229634,-0.9118753671646118,0.4104660451412201,0.08486008644104004,-0.30953311920166016,0.12796704471111298,0.8993045687675476,0.4344739615917206,0.049836572259664536,0.436980277299881,-0.8882359266281128,-0.14172208309173584,0.33693671226501465,0.00901651382446289,-0.03100007399916649,-0.9777323007583618,-0.20985668897628784,7.064555234137515e-07,0.20985668897628784,-0.9777323007583618,4.728482565496961e-07,0.46690234541893005,-0.07947995513677597,-0.03100009635090828,0.20697107911109924,0.09751298278570175,-0.031000051647424698
93,-1.072395920753479,-0.472769170999527,-0.6260561943054199,1.058626651763916,-0.34699323773384094,-0.47405052185058594,-0.3450593650341034,0.7308149933815002,0.4363207519054413,0.49832215905189514,-0.43548646569252014,-0.40510764718055725,0.389970064163208,0.22506621479988098,0.023491382598876953,0.28097525238990784,0.738571286201477,0.5959581732749939,1.0845026969909668,0.7550632953643799,-0.3839297294616699,2.0339810848236084,0.3627656400203705,0.7313863635063171,0.4251457750797272,-0.07104269415140152,0.3400340676307678,0.010257904417812824,0.23892709612846375,0.3334123492240906,-0.12644484639167786,-0.49467265605926514,-0.10358929634094238,-0.2720952033996582,0.7836608290672302,-0.9104305505752563,0.1488938182592392,0.3859367370605469,-0.004740618634968996,-0.9366697072982788,0.35018259286880493,0.08217453956604004,-0.3079380989074707,0.13752403855323792,0.8836154937744141,0.4669228792190552,0.0347367525100708,0.46726953983306885,-0.8746962547302246,-0.12870734930038452,0.33693718910217285,0.00901651382446289,-0.03100007027387619,-0.9777320623397827,-0.2098572850227356,6.61167462112644e-07,0.2098572850227356,-0.9777320623397827,4.80446828987624e-07,0.46690285205841064,-0.07947986572980881,-0.031000088900327682,0.20697152614593506,0.09751289337873459,-0.031000051647424698
94,-1.0430400371551514,-0.4449629485607147,-0.6532363295555115,1.0364419221878052,-0.3192957043647766,-0.4639740586280823,-0.339066743850708,0.7308262586593628,0.44357457756996155,0.5005350112915039,-0.4002949595451355,-0.3988962769508362,0.38480672240257263,0.16178688406944275,0.08273495733737946,0.263877272605896,0.7639197707176208,0.593747079372406,1.1072434186935425,0.7587898969650269,-0.37513071298599243,2.0545332431793213,0.35643038153648376,0.7310351133346558,0.4231392741203308,-0.054847992956638336,0.3987595736980438,0.08371106535196304,-0.05633679777383804,0.226125568151474,0.260571151971817,-0.052776917815208435,-0.10213160514831543,-0.29421424865722656,0.7481386661529541,-0.9234821796417236,0.11860157549381256,0.364848256111145,-0.007148522883653641,-0.9561686515808105,0.2927287817001343,0.08056378364562988,-0.3043537139892578,0.1448088139295578,0.8629598617553711,0.5046768188476562,0.02452784962952137,0.5036084651947021,-0.8551671504974365,-0.12274978309869766,0.33693671226501465,0.00901651382446289,-0.03100007399916649,-0.9777320623397827,-0.20985692739486694,8.232505024352577e-07,0.20985692739486694,-0.9777320623397827,7.517912763432832e-07,0.46690234541893005,-0.07947990298271179,-0.031000077724456787,0.20697107911109924,0.09751293063163757,-0.03100007027387619
95,-1.0135804414749146,-0.4164707064628601,-0.6796019077301025,1.013521432876587,-0.29234564304351807,-0.45297420024871826,-0.32886233925819397,0.730821967124939,0.4467872977256775,0.5196235179901123,-0.39270123839378357,-0.42040660977363586,0.3742135763168335,0.17809785902500153,0.1415604203939438,0.270142525434494,0.7879115343093872,0.5910614728927612,1.1307003498077393,0.763913631439209,-0.36846572160720825,2.0716712474823,0.3501462936401367,0.7309640645980835,0.3994203507900238,-0.04680049046874046,0.4112282991409302,0.06787536293268204,-0.11986757069826126,0.14914801716804504,0.5224025249481201,-0.5694902539253235,-0.09889626502990723,-0.3145737648010254,0.710844099521637,-0.935990571975708,0.08867236971855164,0.34067434072494507,-0.007590964436531067,-0.9726144075393677,0.23230087757110596,0.07874321937561035,-0.299929141998291,0.15059688687324524,0.8411011099815369,0.5406343936920166,0.016228752210736275,0.5383192300796509,-0.8338302373886108,-0.12222792953252792,0.33693671226501465,0.00901651382446289,-0.03100007399916649,-0.9777323007583618,-0.20985659956932068,7.043125833661179e-07,0.20985659956932068,-0.9777323007583618,4.735028369395877e-07,0.46690234541893005,-0.07947996258735657,-0.03100009635090828,0.20697107911109924,0.09751299023628235,-0.031000051647424698
96,-0.9838715195655823,-0.3872556984424591,-0.7063632011413574,0.9893660545349121,-0.26642483472824097,-0.43736591935157776,-0.3138255178928375,0.7308287620544434,0.44869664311408997,0.5318809151649475,-0.40187597274780273,-0.44418632984161377,0.3601132035255432,0.24469518661499023,0.20907534658908844,0.19839972257614136,0.8073503375053406,0.5866697430610657,1.152642011642456,0.7693423628807068,-0.361539363861084,2.0883333683013916,0.3429886996746063,0.731018602848053,0.30851471424102783,-0.07460089027881622,0.3714698851108551,0.08049652725458145,-0.06982415169477463,0.11700849235057831,0.9448346495628357,-0.027922824025154114,-0.0947105884552002,-0.333498477935791,0.6700392961502075,-0.9479655027389526,0.05915369093418121,0.3128293752670288,-0.007164744660258293,-0.9863024950027466,0.16479112207889557,0.07697272300720215,-0.29599428176879883,0.15643733739852905,0.8211826682090759,0.570595920085907,0.008907259441912174,0.5672596096992493,-0.8144798278808594,-0.12181740999221802,0.33693671226501465,0.00901651382446289,-0.031000081449747086,-0.9777320623397827,-0.20985721051692963,7.413539151457371e-07,0.20985721051692963,-0.9777320623397827,6.541140464833006e-07,0.46690237522125244,-0.0794798731803894,-0.031000088900327682,0.20697104930877686,0.09751290082931519,-0.03100007399916649
97,-0.9546085596084595,-0.357542484998703,-0.7310306429862976,0.9649568796157837,-0.2420632690191269,-0.4235839545726776,-0.2937203347682953,0.7308226227760315,0.45949235558509827,0.5270438194274902,-0.35290512442588806,-0.4366399645805359,0.3361058533191681,0.21506524085998535,0.2799825966358185,0.255175918340683,0.8234934210777283,0.5847525596618652,1.1755067110061646,0.773810863494873,-0.3559173345565796,2.1027722358703613,0.3384253680706024,0.7309622764587402,0.2787080407142639,-0.03583894297480583,0.38050374388694763,0.0768071860074997,-0.11273559182882309,0.0690251886844635,1.3749943971633911,-0.46430841088294983,-0.0884249210357666,-0.3494687080383301,0.6293250918388367,-0.9589699506759644,0.03206785023212433,0.2816888093948364,-0.004353698343038559,-0.9951311349868774,0.09846556186676025,0.07509589195251465,-0.29250526428222656,0.16131001710891724,0.8013550043106079,0.598185122013092,0.00217794650234282,0.593856155872345,-0.7951078414916992,-0.12303860485553741,0.33693671226501465,0.00901651382446289,-0.03100007399916649,-0.9777323007583618,-0.20985685288906097,8.234919164351595e-07,0.20985685288906097,-0.9777323007583618,7.551713565590035e-07,0.46690237522125244,-0.07947993278503418,-0.031000077724456787,0.20697104930877686,0.09751296043395996,-0.03100007027387619
98,-0.9245305061340332,-0.3278420865535736,-0.7568398714065552,0.9387310147285461,-0.22027361392974854,-0.4044557213783264,-0.27132493257522583,0.7308533191680908,0.4567667543888092,0.5391825437545776,-0.3883502185344696,-0.4829126298427582,0.3011392056941986,0.2964833080768585,0.3122178912162781,0.16996577382087708,0.8317525386810303,0.5815074443817139,1.1950606107711792,0.777153730392456,-0.35006168484687805,2.1169047355651855,0.33086419105529785,0.7307218313217163,0.11778340488672256,-0.04369856044650078,0.3263564705848694,0.054590485990047455,-0.15545105934143066,0.07892176508903503,0.9053170680999756,0.17081701755523682,-0.08143448829650879,-0.3631591796875,0.5849483609199524,-0.9682430028915405,0.006850859150290489,0.24991779029369354,-0.000656005518976599,-0.9996907711029053,0.024862445890903473,0.07388615608215332,-0.29030418395996094,0.1664150059223175,0.7866971492767334,0.6173079013824463,-0.006204681005328894,0.612114429473877,-0.7813047170639038,-0.1219792366027832,0.33693718910217285,0.00901651382446289,-0.03100007027387619,-0.9777320623397827,-0.20985746383666992,6.376595251822437e-07,0.20985746383666992,-0.9777320623397827,4.055810620684497e-07,0.46690288186073303,-0.07947984337806702,-0.03100009262561798,0.20697149634361267,0.0975128710269928,-0.0310000479221344
99,-0.8948445916175842,-0.2981342673301697,-0.7841958999633789,0.9122759699821472,-0.2060190886259079,-0.3858969509601593,-0.24629756808280945,0.7312540411949158,0.36361563205718994,0.22304636240005493,-0.36962080001831055,0.0012753000482916832,0.16639924049377441,0.8381912112236023,0.2991313338279724,-0.07563367486000061,0.8242768049240112,0.5764394402503967,1.2114589214324951,0.7782514691352844,-0.3466334044933319,2.125000476837158,0.3305119574069977,0.7304908037185669,-0.26215627789497375,0.35353875160217285,0.0682542622089386,-0.11858513951301575,-0.64940345287323,-0.40672582387924194,2.7169859409332275,0.17146915197372437,-0.07429814338684082,-0.37346601486206055,0.5403628945350647,-0.975000262260437,-0.01406177133321762,0.22175848484039307,0.0034508388489484787,-0.998833417892456,-0.04816410690546036,0.07363200187683105,-0.2894706726074219,0.16961440443992615,0.7830640077590942,0.6219246983528137,-0.004520885646343231,0.616697371006012,-0.7773832082748413,-0.12393368035554886,0.33693671226501465,0.00901651382446289,-0.031000081449747086,-0.9777320623397827,-0.20985712110996246,7.48265392758185e-07,0.20985712110996246,-0.9777320623397827,6.515113568639208e-07,0.46690237522125244,-0.07947988063097,-0.031000088900327682,0.20697104930877686,0.09751290827989578,-0.03100007399916649
100,-0.8760523796081543,-0.2954171895980835,-0.8106678128242493,0.9151186347007751,-0.20652097463607788,-0.3717511296272278,-0.22052396833896637,0.7310020923614502,0.17329798638820648,0.09795693308115005,-0.4345163404941559,0.04105902463197708,0.003077406669035554,0.18190497159957886,0.35342493653297424,0.21166959404945374,0.8006321787834167,0.5668355226516724,1.2205967903137207,0.7778430581092834,-0.34439679980278015,2.127687454223633,0.3375985622406006,0.7301388382911682,-0.36389848589897156,-0.18458807468414307,0.18613266944885254,-0.012089654803276062,-0.23640792071819305,0.04151034355163574,-0.0332096591591835,0.37859949469566345,-0.08024048805236816,-0.3756680488586426,0.5317755341529846,-0.9811755418777466,-0.010006877593696117,0.19285903871059418,-0.0028958881739526987,-0.9977819919586182,-0.0665048211812973,0.07449841499328613,-0.29030418395996094,0.17145445942878723,0.7937449812889099,0.6081702709197998,0.009889762848615646,0.6042904853820801,-0.7866206169128418,-0.12673304975032806,0.33693671226501465,0.00901651382446289,-0.03100007399916649,-0.9777323007583618,-0.2098567634820938,8.303682648147515e-07,0.2098567634820938,-0.9777323007583618,7.524792522417556e-07,0.46690237522125244,-0.07947994768619537,-0.031000077724456787,0.20697104930877686,0.09751297533512115,-0.03100007027387619
101,-0.8561491370201111,-0.29453960061073303,-0.8359655141830444,0.9111166000366211,-0.189870223402977,-0.3560904860496521,-0.20422178506851196,0.7310026288032532,0.24422094225883484,0.05534354969859123,-0.39192643761634827,-0.10644583404064178,0.22134122252464294,0.21256406605243683,0.22356370091438293,0.01573350839316845,0.7825109362602234,0.5635986924171448,1.2237286567687988,0.7785860896110535,-0.3431224524974823,2.1322531700134277,0.3520498275756836,0.7303246259689331,-0.3523562252521515,-0.01302675623446703,0.031159427016973495,0.028704237192869186,-0.22610700130462646,-0.08012168109416962,1.5365461111068726,0.23143987357616425,-0.08713221549987793,-0.37729549407958984,0.518678605556488,-0.9876887798309326,-0.0032351124100387096,0.1563982516527176,-0.011251531541347504,-0.9957274198532104,-0.09165256470441818,0.07550263404846191,-0.29131650924682617,0.17330151796340942,0.8037867546081543,0.5943161845207214,0.02674201875925064,0.5925607085227966,-0.7957961559295654,-0.12482167035341263,0.33693718910217285,0.00901651382446289,-0.03100007027387619,-0.9777320623397827,-0.20985737442970276,6.326949915091973e-07,0.20985737442970276,-0.9777320623397827,4.060794935867307e-07,0.46690288186073303,-0.07947985082864761,-0.03100009262561798,0.20697149634361267,0.0975128784775734,-0.0310000479221344
102,-0.8379366993904114,-0.28966617584228516,-0.8643971681594849,0.9077786207199097,-0.17449505627155304,-0.34389418363571167,-0.1868295520544052,0.7310223579406738,0.22696320712566376,0.10753527283668518,-0.47315487265586853,-0.12438210844993591,0.1559554934501648,0.23629793524742126,0.2977580726146698,0.0318111777305603,0.7593722343444824,0.5582923889160156,1.2277289628982544,0.781607449054718,-0.3391200304031372,2.1422433853149414,0.36859193444252014,0.7308467030525208,-0.36748647689819336,-0.1229463592171669,0.057860586792230606,0.009907154366374016,-0.027847900986671448,-0.0859060138463974,1.9839205741882324,0.3967905640602112,-0.09650063514709473,-0.37894392013549805,0.5048730969429016,-0.9924659729003906,0.009403449483215809,0.12216026335954666,-0.023729519918560982,-0.9929244518280029,-0.11635392159223557,0.07655739784240723,-0.2926144599914551,0.17725852131843567,0.8165667057037354,0.5753620862960815,0.046660684049129486,0.5764099359512329,-0.8083466291427612,-0.11969655752182007,0.33693671226501465,0.00901651382446289,-0.031000081449747086,-0.9777320623397827,-0.2098570317029953,7.432426514242252e-07,0.2098570317029953,-0.9777320623397827,6.519896373902156e-07,0.46690237522125244,-0.0794798880815506,-0.031000088900327682,0.20697104930877686,0.09751291573047638,-0.03100007399916649
103,-0.8196781277656555,-0.28540417551994324,-0.8944650292396545,0.9030889272689819,-0.15717445313930511,-0.33461740612983704,-0.17173805832862854,0.7310492396354675,0.22274501621723175,0.08537512272596359,-0.453258752822876,-0.0971279889345169,0.24821625649929047,0.1349393129348755,0.2079954892396927,0.01867503672838211,0.7370398044586182,0.552958071231842,1.2317790985107422,0.7866290211677551,-0.33602988719940186,2.155869483947754,0.38827887177467346,0.730990469455719,-0.3446832597255707,-0.09398040920495987,0.05067902430891991,0.08374231308698654,0.06617532670497894,0.13745275139808655,1.0160359144210815,0.2355756312608719,-0.10714554786682129,-0.379819393157959,0.49117422103881836,-0.9957921504974365,0.025563379749655724,0.0880027487874031,-0.03772163391113281,-0.9895174503326416,-0.139398992061615,0.0780646800994873,-0.29326915740966797,0.18219617009162903,0.8274502754211426,0.5570513606071472,0.07085049897432327,0.5615175366401672,-0.8197051286697388,-0.11305637657642365,0.33693671226501465,0.00901651382446289,-0.03100007399916649,-0.9777323007583618,-0.20985667407512665,8.089201060101914e-07,0.20985667407512665,-0.9777323007583618,7.629303127032472e-07,0.46690234541893005,-0.07947995513677597,-0.03100007399916649,0.20697107911109924,0.09751298278570175,-0.03100007399916649
104,-0.7975152134895325,-0.2857901453971863,-0.9239416718482971,0.8955714106559753,-0.13578635454177856,-0.32785218954086304,-0.15839415788650513,0.7310147285461426,0.3015988767147064,0.018287625163793564,-0.4306464195251465,-0.12402371317148209,0.30769240856170654,0.09901680052280426,0.18308821320533752,0.02101275697350502,0.7164649367332458,0.5502601861953735,1.2304084300994873,0.7940746545791626,-0.33540642261505127,2.172694206237793,0.40836790204048157,0.7310040593147278,-0.3466598093509674,-0.021288227289915085,-0.054601334035396576,0.12418965250253677,0.04286033660173416,0.1897164136171341,0.8743924498558044,0.24090202152729034,-0.11545443534851074,-0.37978553771972656,0.47839832305908203,-0.9980016946792603,0.03990791365504265,0.04898843169212341,-0.04726382717490196,-0.9860509634017944,-0.15959160029888153,0.08045649528503418,-0.29349851608276367,0.18763580918312073,0.8377957344055176,0.5375834107398987,0.09540656208992004,0.5454536080360413,-0.8318037986755371,-0.10287253558635712,0.33693718910217285,0.00901651382446289,-0.03100007027387619,-0.9777320623397827,-0.2098572850227356,6.394766387529671e-07,0.2098572850227356,-0.9777320623397827,4.0404947299066407e-07,0.46690285205841064,-0.07947986572980881,-0.03100009262561798,0.20697152614593506,0.09751289337873459,-0.0310000479221344
105,-0.7733474373817444,-0.28607800602912903,-0.9528286457061768,0.8882321715354919,-0.11671927571296692,-0.325182169675827,-0.14284390211105347,0.7310353517532349,0.32230284810066223,0.0046469299122691154,-0.4250810742378235,-0.1349232792854309,0.2685433030128479,0.044195812195539474,0.21440821886062622,0.1690296232700348,0.6959626078605652,0.5498188734054565,1.230517029762268,0.8004227876663208,-0.3341316282749176,2.188209056854248,0.42801058292388916,0.7309760451316833,-0.31723666191101074,-0.004234801512211561,-0.01101045310497284,0.09855928272008896,0.02887547016143799,0.18260306119918823,0.5977733135223389,0.1478102207183838,-0.12142062187194824,-0.37978029251098633,0.4671880006790161,-0.9985584020614624,0.05263958126306534,0.010500033386051655,-0.053665898740291595,-0.9829757213592529,-0.17572413384914398,0.08237957954406738,-0.2941451072692871,0.19261062145233154,0.8468078374862671,0.5190025568008423,0.1164165809750557,0.5295684337615967,-0.8431220054626465,-0.09328776597976685,0.33693671226501465,0.00901651382446289,-0.03100007399916649,-0.9777320623397827,-0.20985692739486694,7.917021775938338e-07,0.20985692739486694,-0.9777320623397827,6.856615186734416e-07,0.46690234541893005,-0.07947990298271179,-0.031000081449747086,0.20697107911109924,0.09751293063163757,-0.03100006654858589
106,-0.7476783990859985,-0.29331105947494507,-0.9795768857002258,0.8748968243598938,-0.09831123054027557,-0.3247116506099701,-0.12371350824832916,0.7310107350349426,0.3471243977546692,-0.09630371630191803,-0.3951796591281891,-0.2214624136686325,0.2591524124145508,0.013483353890478611,0.2667738199234009,0.03427554666996002,0.6763399243354797,0.5560779571533203,1.2290117740631104,0.8040039539337158,-0.33163419365882874,2.1976699829101562,0.45135951042175293,0.7310102581977844,-0.32697659730911255,0.12167325615882874,-0.05864732712507248,0.055127162486314774,0.04114703834056854,0.023537032306194305,1.3238544464111328,0.23614376783370972,-0.12447476387023926,-0.3785581588745117,0.45555031299591064,-0.9974335432052612,0.061968546360731125,-0.035867106169462204,-0.054031699895858765,-0.9801350831985474,-0.19082985818386078,0.08306765556335449,-0.2959928512573242,0.19532376527786255,0.8565347194671631,0.49866411089897156,0.13297532498836517,0.5111391544342041,-0.8552777767181396,-0.08506926149129868,0.33693671226501465,0.00901651382446289,-0.03100007399916649,-0.9777323007583618,-0.20985658466815948,8.221323355428467e-07,0.20985658466815948,-0.9777323007583618,7.554040735158196e-07,0.46690234541893005,-0.07947996258735657,-0.031000077724456787,0.20697107911109924,0.09751299023628235,-0.03100007027387619
107,-0.724494457244873,-0.31022578477859497,-1.002564549446106,0.8596718311309814,-0.07968317717313766,-0.3316076397895813,-0.10149359703063965,0.731035590171814,0.2737911343574524,-0.27143925428390503,-0.3488410711288452,-0.2108292579650879,0.2665504813194275,-0.09961256384849548,0.31040555238723755,-0.007421938702464104,0.6548357009887695,0.5684733390808105,1.2254676818847656,0.8060729503631592,-0.32873663306236267,2.2037460803985596,0.478413462638855,0.7307145595550537,-0.3518163561820984,0.20898081362247467,-0.07648390531539917,0.06694124639034271,0.00704590231180191,-0.016021519899368286,1.4317489862442017,0.40951621532440186,-0.12783360481262207,-0.37587785720825195,0.44926339387893677,-0.9931756258010864,0.07161236554384232,-0.09205392003059387,-0.052610598504543304,-0.9795138835906982,-0.19438327848911285,0.08310341835021973,-0.29880857467651367,0.19655734300613403,0.8678574562072754,0.47468340396881104,0.14662574231624603,0.48840123414993286,-0.8692405223846436,-0.0767168179154396,0.33693671226501465,0.00901651382446289,-0.031000081449747086,-0.9777320623397827,-0.20985721051692963,7.229055540847185e-07,0.20985721051692963,-0.9777320623397827,5.686439976670954e-07,0.46690237522125244,-0.0794798731803894,-0.03100009635090828,0.20697104930877686,0.09751290082931519,-0.03100006654858589
108,-0.7037221193313599,-0.32843711972236633,-1.0261679887771606,0.8421902060508728,-0.06150516867637634,-0.33875951170921326,-0.0813121348619461,0.7310340404510498,0.25913527607917786,-0.2523958086967468,-0.3684347867965698,-0.2849716246128082,0.2588576078414917,-0.09176500141620636,0.2811557948589325,0.005657907575368881,0.6312577128410339,0.5819914937019348,1.2207940816879272,0.8084321618080139,-0.3250652253627777,2.209765672683716,0.5059019327163696,0.7307031750679016,-0.3839789628982544,0.22051197290420532,-0.0951768308877945,0.08016642928123474,0.009308602660894394,-0.04049760103225708,1.7042276859283447,0.4822841286659241,-0.13274264335632324,-0.37257909774780273,0.4412006139755249,-0.9856253862380981,0.08338192850351334,-0.1469360589981079,-0.052947234362363815,-0.9783587455749512,-0.20002777874469757,0.08286881446838379,-0.3019390106201172,0.19777828454971313,0.8799233436584473,0.44762012362480164,0.15928322076797485,0.46206071972846985,-0.8842718601226807,-0.06755382567644119,0.33693671226501465,0.00901651382446289,-0.03100007399916649,-0.9777323007583618,-0.20985686779022217,8.053695523813076e-07,0.20985686779022217,-0.9777323007583618,6.713811444569728e-07,0.46690237522125244,-0.07947993278503418,-0.031000085175037384,0.20697104930877686,0.09751296043395996,-0.031000062823295593
109,-0.6829090118408203,-0.3469421863555908,-1.0497262477874756,0.8220373392105103,-0.04496784508228302,-0.3437008857727051,-0.06403885036706924,0.7310113310813904,0.2733471989631653,-0.25710248947143555,-0.3603852689266205,-0.3228018879890442,0.23408858478069305,-0.060486018657684326,0.24110157787799835,0.0018352940678596497,0.6054710745811462,0.595309853553772,1.2153937816619873,0.811272144317627,-0.3212246000766754,2.2164173126220703,0.5336948037147522,0.7307369112968445,-0.4204536974430084,0.21685247123241425,-0.10657516866922379,0.0944434329867363,0.034352466464042664,-0.03759383410215378,1.6789600849151611,0.5711443424224854,-0.1361696720123291,-0.36910581588745117,0.42998915910720825,-0.9758143424987793,0.09349451214075089,-0.19759836792945862,-0.05083958059549332,-0.9762001037597656,-0.2108285129070282,0.08265948295593262,-0.30515432357788086,0.19924834370613098,0.8918960094451904,0.41803568601608276,0.17253318428993225,0.43281084299087524,-0.8996421098709106,-0.057610802352428436,0.33693718910217285,0.00901651382446289,-0.03100007027387619,-0.9777320623397827,-0.20985744893550873,6.011418349771702e-07,0.20985744893550873,-0.9777320623397827,3.3567425816727336e-07,0.46690288186073303,-0.07947984337806702,-0.03100009635090828,0.20697149634361267,0.0975128710269928,-0.0310000441968441
110,-0.6624622941017151,-0.3631322979927063,-1.0738550424575806,0.7993373274803162,-0.029845593497157097,-0.34329867362976074,-0.04692644998431206,0.7310158610343933,0.27262362837791443,-0.21193458139896393,-0.3766223192214966,-0.37813800573349,0.21502554416656494,0.01954977959394455,0.23791640996932983,0.006340726278722286,0.5779395699501038,0.6079803705215454,1.2080745697021484,0.81545090675354,-0.31783509254455566,2.2252402305603027,0.5617856979370117,0.7309799790382385,-0.459381639957428,0.20872850716114044,-0.13519929349422455,0.12394845485687256,0.03215799480676651,-0.033343181014060974,0.9687226414680481,0.4201962351799011,-0.1379992961883545,-0.36550426483154297,0.4136950969696045,-0.9639884233474731,0.10419631004333496,-0.2446826994419098,-0.046398743987083435,-0.9718351364135742,-0.2310493290424347,0.08286738395690918,-0.30823659896850586,0.20138829946517944,0.9031965732574463,0.3860965371131897,0.18752428889274597,0.4006693959236145,-0.915081262588501,-0.0457194559276104,0.33693671226501465,0.00901651382446289,-0.031000081449747086,-0.9777320623397827,-0.20985712110996246,7.135483315323654e-07,0.20985712110996246,-0.9777320623397827,5.822359412377409e-07,0.46690237522125244,-0.07947988063097,-0.03100009262561798,0.20697104930877686,0.09751290827989578,-0.03100007027387619
111,-0.6410267949104309,-0.37700843811035156,-1.0981123447418213,0.7733035683631897,-0.013096249662339687,-0.3326074182987213,-0.025049062445759773,0.7309998273849487,0.30758675932884216,-0.16740794479846954,-0.37443098425865173,-0.4456403851509094,0.23619556427001953,0.16918879747390747,0.30395376682281494,0.06331835687160492,0.5494992733001709,0.6204619407653809,1.1982548236846924,0.8203431367874146,-0.31539756059646606,2.2349724769592285,0.5899780988693237,0.7315105199813843,-0.48984235525131226,0.1984805315732956,-0.19374890625476837,0.1392928957939148,0.25652122497558594,-0.138071209192276,1.5934884548187256,0.7115020155906677,-0.13648343086242676,-0.36142444610595703,0.3901899456977844,-0.9483649730682373,0.11708879470825195,-0.2947785556316376,-0.03637661412358284,-0.9633872509002686,-0.2656351327896118,0.08348631858825684,-0.31128358840942383,0.20371854305267334,0.9133577942848206,0.3524737060070038,0.2038133144378662,0.3661012351512909,-0.9300158023834229,-0.0322616770863533,0.33693671226501465,0.00901651382446289,-0.03100007399916649,-0.9777323007583618,-0.209856778383255,7.955567298267852e-07,0.209856778383255,-0.9777323007583618,6.83653752275859e-07,0.46690237522125244,-0.07947994023561478,-0.031000081449747086,0.20697104930877686,0.09751296788454056,-0.03100006654858589
112,-0.6179349422454834,-0.3895379900932312,-1.1187540292739868,0.7455874681472778,0.003327480982989073,-0.3156548738479614,0.0009084102348424494,0.730986475944519,0.361314058303833,-0.14786049723625183,-0.2979574203491211,-0.46371006965637207,0.22463932633399963,0.25568726658821106,0.36588019132614136,0.007305856794118881,0.5200616717338562,0.62894207239151,1.1890869140625,0.8249614834785461,-0.3139054775238037,2.2442097663879395,0.6156908869743347,0.732012927532196,-0.49103134870529175,0.1205296665430069,-0.1974748969078064,0.1462324559688568,0.3811101019382477,-0.22463712096214294,2.002870798110962,0.6714211106300354,-0.12899565696716309,-0.3569302558898926,0.36364737153053284,-0.9298352003097534,0.1282050460577011,-0.34491997957229614,-0.017405690625309944,-0.9516180753707886,-0.3067895174026489,0.0844724178314209,-0.31413841247558594,0.20609813928604126,0.9214032888412476,0.3189827799797058,0.22195933759212494,0.3314225673675537,-0.9432657957077026,-0.020221348851919174,0.33693718910217285,0.00901651382446289,-0.03100007027387619,-0.9777320623397827,-0.20985737442970276,6.072397695788823e-07,0.20985737442970276,-0.9777320623397827,3.377888333488954e-07,0.46690288186073303,-0.07947985082864761,-0.03100009635090828,0.20697149634361267,0.0975128784775734,-0.0310000441968441
113,-0.5935437679290771,-0.40505608916282654,-1.1281542778015137,0.7169801592826843,0.021857060492038727,-0.29209670424461365,0.02932804450392723,0.7309741973876953,0.421944797039032,-0.19104936718940735,-0.10211852192878723,-0.4717565178871155,0.24962204694747925,0.3470054864883423,0.39639735221862793,0.03863564878702164,0.4907359182834625,0.631607711315155,1.1777280569076538,0.8306573033332825,-0.3192959427833557,2.2527642250061035,0.6341955065727234,0.7319995164871216,-0.4987771511077881,0.01948312483727932,-0.25488975644111633,0.18099713325500488,0.24872417747974396,-0.23529033362865448,2.2675890922546387,0.8713421821594238,-0.11169648170471191,-0.3519144058227539,0.33776476979255676,-0.9082895517349243,0.1317492574453354,-0.3970545828342438,0.016641667112708092,-0.9369840621948242,-0.34897565841674805,0.08760857582092285,-0.3160862922668457,0.20776090025901794,0.9264674782752991,0.2871423661708832,0.24332545697689056,0.29875603318214417,-0.9542611837387085,-0.011420529335737228,0.33693671226501465,0.00901651382446289,-0.031000081449747086,-0.9777320623397827,-0.2098570317029953,7.19795934855938e-07,0.2098570317029953,-0.9777320623397827,5.834889975631086e-07,0.46690237522125244,-0.0794798880815506,-0.03100009262561798,0.20697104930877686,0.09751291573047638,-0.03100007027387619
114,-0.5802083015441895,-0.42847803235054016,-1.125138759613037,0.7022842168807983,0.05502872169017792,-0.27078860998153687,0.06010385602712631,0.7310062050819397,0.15176282823085785,-0.3816399574279785,0.03554065525531769,-0.12838907539844513,0.41348129510879517,0.25939491391181946,1.3510090112686157,0.17245475947856903,0.4590098261833191,0.6294306516647339,1.160886287689209,0.8355869054794312,-0.33606812357902527,2.263123035430908,0.6399280428886414,0.7316670417785645,-0.5523127913475037,-0.023835983127355576,-0.3328344225883484,0.15924260020256042,-0.021897092461586,-0.192937970161438,2.4206159114837646,0.7813113331794739,-0.09998202323913574,-0.3479137420654297,0.326227068901062,-0.8745691776275635,0.14281417429447174,-0.46339309215545654,0.04430277645587921,-0.9281140565872192,-0.3696509003639221,0.09485316276550293,-0.31823253631591797,0.20925509929656982,0.9292447566986084,0.2581630051136017,0.2643029987812042,0.26800569891929626,-0.963416576385498,-0.001227181521244347,0.33693671226501465,0.00901651382446289,-0.03100007399916649,-0.9777323007583618,-0.20985668897628784,7.925276577225304e-07,0.20985668897628784,-0.9777323007583618,6.852814635749382e-07,0.46690234541893005,-0.07947995513677597,-0.031000081449747086,0.20697107911109924,0.09751298278570175,-0.03100006654858589
115,-0.57509446144104,-0.46000006794929504,-1.1125394105911255,0.6932488083839417,0.09676351398229599,-0.24948647618293762,0.09124989807605743,0.7310212254524231,0.0860164538025856,-0.3854995667934418,0.1227639839053154,-0.09895339608192444,0.7582587003707886,0.2631175220012665,0.6537123918533325,-0.03184584155678749,0.426665335893631,0.6147909164428711,1.1412947177886963,0.8330554366111755,-0.3621096909046173,2.2807328701019287,0.6291080713272095,0.7309826612472534,-0.5863531231880188,-0.20104321837425232,-0.3158457279205322,-0.02271466702222824,-0.4936828017234802,0.20798392593860626,1.151997685432434,0.37262246012687683,-0.09021592140197754,-0.34415626525878906,0.32273924350738525,-0.8290636539459229,0.15530824661254883,-0.5371525883674622,0.07193776965141296,-0.9230420589447021,-0.37791314721107483,0.10682225227355957,-0.3225703239440918,0.21443262696266174,0.9276129603385925,0.24149587750434875,0.2849805951118469,0.24644479155540466,-0.968971848487854,0.018939213827252388,0.33693718910217285,0.00901651382446289,-0.03100007027387619,-0.9777320623397827,-0.2098572850227356,6.050637466614717e-07,0.2098572850227356,-0.9777320623397827,3.402186337098101e-07,0.46690285205841064,-0.07947986572980881,-0.03100009635090828,0.20697152614593506,0.09751289337873459,-0.0310000441968441
116,-0.5719221234321594,-0.4946453869342804,-1.0986844301223755,0.6857876181602478,0.14276136457920074,-0.22811581194400787,0.12277919054031372,0.7308785319328308,0.08552774786949158,-0.5115035176277161,0.20708134770393372,-0.10285323858261108,0.5682100057601929,0.2814221978187561,1.3743760585784912,0.3555249869823456,0.3944573998451233,0.5988297462463379,1.1154067516326904,0.80594801902771,-0.386726975440979,2.310394287109375,0.6107754707336426,0.7309139370918274,-0.5182785391807556,-0.19501739740371704,-0.44597625732421875,-0.4496100842952728,-0.340410977602005,0.4317336082458496,-0.2621099352836609,0.11635537445545197,-0.08130002021789551,-0.3402090072631836,0.3215215504169464,-0.7731939554214478,0.16952958703041077,-0.611089825630188,0.10027611255645752,-0.9188008308410645,-0.3817717134952545,0.12007021903991699,-0.3349490165710449,0.22752466797828674,0.9249076247215271,0.24492627382278442,0.29078683257102966,0.23326092958450317,-0.969541072845459,0.07469811290502548,0.33693671226501465,0.00901651382446289,-0.03100007399916649,-0.9777320623397827,-0.20985692739486694,7.808531563568977e-07,0.20985692739486694,-0.9777320623397827,6.055251446923648e-07,0.46690234541893005,-0.07947990298271179,-0.031000088900327682,0.20697107911109924,0.09751293063163757,-0.031000059098005295
117,-0.567767322063446,-0.5305197834968567,-1.0837233066558838,0.6785860657691956,0.19004039466381073,-0.20686283707618713,0.15442922711372375,0.7309406995773315,0.07655227184295654,-0.5241616368293762,0.19994720816612244,-0.10725580155849457,0.5875063538551331,0.2804235517978668,1.2447915077209473,0.2593081593513489,0.3634338676929474,0.5841735005378723,1.0880248546600342,0.7771682143211365,-0.41009315848350525,2.3402469158172607,0.5890933871269226,0.7308862805366516,-0.5131407380104065,-0.19979463517665863,-0.4515576660633087,-0.4206659495830536,-0.3295326828956604,0.42801734805107117,-0.3076653480529785,0.14653202891349792,-0.07052826881408691,-0.33614253997802734,0.3215571641921997,-0.709855318069458,0.18201690912246704,-0.6804229617118835,0.13229860365390778,-0.914383053779602,-0.3826238512992859,0.13129305839538574,-0.3477945327758789,0.24174946546554565,0.9250353574752808,0.24787142872810364,0.28787028789520264,0.2174862027168274,-0.96686851978302,0.1336597055196762,0.33693671226501465,0.00901651382446289,-0.03100007399916649,-0.9777323007583618,-0.20985659956932068,7.744419576738437e-07,0.20985659956932068,-0.9777323007583618,6.980916964494099e-07,0.46690234541893005,-0.07947996258735657,-0.031000077724456787,0.20697107911109924,0.09751299023628235,-0.03100007027387619
118,-0.562821626663208,-0.5663294196128845,-1.0692633390426636,0.6708471775054932,0.23543718457221985,-0.18591108918190002,0.18595954775810242,0.731038510799408,0.052293553948402405,-0.4248335659503937,0.13908471167087555,-0.034442394971847534,0.6711710095405579,0.22117894887924194,0.8626161813735962,-0.05782322213053703,0.33421453833580017,0.5740638375282288,1.0616353750228882,0.748157262802124,-0.42853617668151855,2.3701412677764893,0.5709330439567566,0.7308530807495117,-0.5318037867546082,-0.07949550449848175,-0.38438600301742554,-0.42928406596183777,-0.24983428418636322,0.4327896237373352,-0.26579347252845764,0.2230607271194458,-0.05841374397277832,-0.3317427635192871,0.3219240605831146,-0.642136812210083,0.19359833002090454,-0.7417411804199219,0.16681228578090668,-0.9091110229492188,-0.3816947042942047,0.13942885398864746,-0.360260009765625,0.2565611004829407,0.9277467131614685,0.24901047348976135,0.2779925465583801,0.1997520923614502,-0.9605035781860352,0.19373218715190887,0.33693671226501465,0.00901651382446289,-0.031000081449747086,-0.9777320623397827,-0.20985721051692963,6.934714633644035e-07,0.20985721051692963,-0.9777320623397827,5.08451989844616e-07,0.46690237522125244,-0.0794798731803894,-0.031000100076198578,0.20697104930877686,0.09751290082931519,-0.031000062823295593
119,-0.5629671812057495,-0.5968344211578369,-1.0615575313568115,0.666558563709259,0.2671579420566559,-0.1694289743900299,0.21553435921669006,0.730726957321167,-0.04484907165169716,-0.41071683168411255,0.0569215752184391,-0.047531258314847946,0.352334201335907,0.20176786184310913,0.4342634081840515,0.44027143716812134,0.30873823165893555,0.5675654411315918,1.0367767810821533,0.7187091708183289,-0.44159752130508423,2.399977922439575,0.5601407885551453,0.7310047745704651,-0.38799813389778137,-0.12402236461639404,-0.3846655786037445,-0.44204580783843994,-0.18170103430747986,0.4257828891277313,-0.15031930804252625,0.0048063937574625015,-0.05341076850891113,-0.3281712532043457,0.32364892959594727,-0.5805830955505371,0.20654968917369843,-0.7875663042068481,0.18951474130153656,-0.9064373970031738,-0.37743285298347473,0.14484477043151855,-0.37166643142700195,0.27178335189819336,0.9308988451957703,0.2507403492927551,0.2656250298023224,0.18333303928375244,-0.9496802091598511,0.2539618909358978,0.33693671226501465,0.00901651382446289,-0.03100007399916649,-0.9777323007583618,-0.20985685288906097,7.785169486851373e-07,0.20985685288906097,-0.9777323007583618,6.086381176828581e-07,0.46690237522125244,-0.07947993278503418,-0.031000088900327682,0.20697104930877686,0.09751296043395996,-0.031000059098005295
120,-0.5643337965011597,-0.6255849599838257,-1.056921124458313,0.6648001074790955,0.2956851124763489,-0.15517599880695343,0.2444719672203064,0.7307159304618835,-0.016261793673038483,-0.43011826276779175,0.06461687386035919,-0.031529925763607025,0.3909100890159607,0.1990886777639389,0.4676390290260315,0.717399001121521,0.2886595129966736,0.5681629776954651,1.0161488056182861,0.6894709467887878,-0.44746094942092896,2.4298410415649414,0.5550840497016907,0.7310338020324707,-0.3192841112613678,0.045594535768032074,-0.324443519115448,-0.44696491956710815,-0.07918479293584824,0.4218091666698456,-0.07060942053794861,0.00877032894641161,-0.051576852798461914,-0.3252425193786621,0.3265570104122162,-0.518075704574585,0.21963050961494446,-0.8266559839248657,0.20720426738262177,-0.9054570198059082,-0.3704243004322052,0.14780497550964355,-0.3810105323791504,0.2867184281349182,0.9352100491523743,0.2552359402179718,0.24543169140815735,0.17283810675144196,-0.9339917898178101,0.31270766258239746,0.33693718910217285,0.00901651382446289,-0.03100007027387619,-0.9777320623397827,-0.20985746383666992,5.836420200466819e-07,0.20985746383666992,-0.9777320623397827,2.736273359005281e-07,0.46690288186073303,-0.07947984337806702,-0.031000103801488876,0.20697149634361267,0.0975128710269928,-0.031000036746263504
121,-0.5617929697036743,-0.6547861099243164,-1.0539456605911255,0.664048433303833,0.32082399725914,-0.14250166714191437,0.27336812019348145,0.7307314872741699,0.054332979023456573,-0.4558573067188263,0.08091604709625244,-0.016411377117037773,0.3364897072315216,0.18109196424484253,0.42354586720466614,0.3573291599750519,0.27574634552001953,0.5762847661972046,0.9995121359825134,0.6601809859275818,-0.44672298431396484,2.459635019302368,0.5546455383300781,0.7311425805091858,-0.18489542603492737,0.14597845077514648,-0.2512649893760681,-0.4482194483280182,0.015358693897724152,0.41956576704978943,-0.0051352656446397305,-0.01365855522453785,-0.0483243465423584,-0.322817325592041,0.33057117462158203,-0.4552743434906006,0.22877860069274902,-0.8604565858840942,0.22690752148628235,-0.9046990871429443,-0.3606003522872925,0.1493823528289795,-0.3878183364868164,0.3010796010494232,0.9397375583648682,0.2645934224128723,0.21652640402317047,0.17193858325481415,-0.9131362438201904,0.36962082982063293,0.33693671226501465,0.00901651382446289,-0.031000081449747086,-0.9777320623397827,-0.20985712110996246,7.028006052678393e-07,0.20985712110996246,-0.9777320623397827,5.094038897368591e-07,0.46690237522125244,-0.07947988063097,-0.031000100076198578,0.20697104930877686,0.09751290827989578,-0.031000062823295593
122,-0.5488044023513794,-0.6858007907867432,-1.0564426183700562,0.6632419228553772,0.3403608202934265,-0.13292206823825836,0.3024637997150421,0.7309600710868835,0.24251331388950348,-0.46981877088546753,0.023217380046844482,-0.028850002214312553,0.26503220200538635,0.14849704504013062,0.4065912961959839,0.07151652127504349,0.26960381865501404,0.5926986336708069,0.9841370582580566,0.6309319138526917,-0.4374992251396179,2.489283561706543,0.557298481464386,0.7312132120132446,-0.09043047577142715,0.27391690015792847,-0.23584477603435516,-0.45178666710853577,0.13512861728668213,0.41609519720077515,0.03823711350560188,-0.018297141417860985,-0.041510820388793945,-0.32105016708374023,0.33454617857933044,-0.3931553363800049,0.233580082654953,-0.8893082737922668,0.2519995868206024,-0.9027872085571289,-0.348527193069458,0.14966940879821777,-0.3922538757324219,0.3149518370628357,0.9452289342880249,0.27479320764541626,0.1761561930179596,0.1785135567188263,-0.8870217800140381,0.42582306265830994,0.33693671226501465,0.00901651382446289,-0.03100007399916649,-0.9777323007583618,-0.2098567634820938,7.785840807628119e-07,0.2098567634820938,-0.9777323007583618,6.136660317679343e-07,0.46690237522125244,-0.07947994768619537,-0.031000088900327682,0.20697104930877686,0.09751297533512115,-0.031000059098005295
123,-0.5313193202018738,-0.7162289619445801,-1.0570881366729736,0.6669890880584717,0.355490505695343,-0.12749505043029785,0.3314414620399475,0.7309051752090454,0.21744851768016815,-0.4520268738269806,-0.0016391891986131668,0.07211218029260635,0.17421573400497437,0.11691725254058838,-0.10844150185585022,-0.0041978079825639725,0.26948291063308716,0.6130577921867371,0.9763548374176025,0.6076944470405579,-0.43392235040664673,2.5143232345581055,0.5622633099555969,0.7309721112251282,0.01825963519513607,0.3044985234737396,-0.11248961091041565,-0.18683835864067078,-0.41627079248428345,0.10892336070537567,2.231356620788574,0.06923858076334,-0.03334498405456543,-0.3207125663757324,0.34302031993865967,-0.3342849016189575,0.23073168098926544,-0.9137923121452332,0.2772219479084015,-0.9026049375534058,-0.3293206989765167,0.15251851081848145,-0.39336061477661133,0.3248276710510254,0.945463240146637,0.294325053691864,0.13954222202301025,0.19922016561031342,-0.86143958568573,0.4671548902988434,0.33693718910217285,0.00901651382446289,-0.03100007027387619,-0.9777320623397827,-0.20985737442970276,5.755479151048348e-07,0.20985737442970276,-0.9777320623397827,2.755867285486602e-07,0.46690288186073303,-0.07947985082864761,-0.031000100076198578,0.20697149634361267,0.0975128784775734,-0.031000040471553802
124,-0.5198619961738586,-0.7465137243270874,-1.0647833347320557,0.6710824370384216,0.3709404468536377,-0.12473038583993912,0.35951295495033264,0.7309233546257019,0.15628284215927124,-0.45212242007255554,-0.12776312232017517,0.049271490424871445,0.23924343287944794,0.0445876382291317,0.39002761244773865,0.0639297366142273,0.2787742018699646,0.634108304977417,0.9747695922851562,0.597784698009491,-0.4438595771789551,2.5315866470336914,0.5686489939689636,0.7309788465499878,0.18513891100883484,0.29594844579696655,0.021634817123413086,-0.15187908709049225,-0.5228208899497986,-0.007139220833778381,3.5723648071289062,0.11569593846797943,-0.03378891944885254,-0.32048606872558594,0.34929999709129333,-0.2694016695022583,0.2348242700099945,-0.9339594841003418,0.290520578622818,-0.904815673828125,-0.3112977147102356,0.15910553932189941,-0.3907499313354492,0.3282540738582611,0.9377555251121521,0.32637709379196167,0.11871211975812912,0.23168452084064484,-0.8425450325012207,0.4862513542175293,0.33693671226501465,0.00901651382446289,-0.031000081449747086,-0.9777320623397827,-0.2098570317029953,6.944649157958338e-07,0.2098570317029953,-0.9777320623397827,5.111484142616973e-07,0.46690237522125244,-0.0794798880815506,-0.031000100076198578,0.20697104930877686,0.09751291573047638,-0.031000062823295593
125,-0.5104306936264038,-0.7765693068504333,-1.0821696519851685,0.6702883839607239,0.38855671882629395,-0.12134914100170135,0.38663893938064575,0.730994701385498,0.10889849066734314,-0.44977283477783203,-0.3004820942878723,-0.04775991663336754,0.27747005224227905,0.056739442050457,0.3690633177757263,0.028860460966825485,0.2935086190700531,0.6557286381721497,0.9712226390838623,0.5888519287109375,-0.4533056318759918,2.547041654586792,0.5746030807495117,0.7309725880622864,0.23266355693340302,0.3097103238105774,-0.020077211782336235,-0.1326604038476944,-0.5272535085678101,-0.035262733697891235,3.739882230758667,0.1097894161939621,-0.03826117515563965,-0.3193516731262207,0.3480896055698395,-0.19828903675079346,0.2504535913467407,-0.9476045370101929,0.2993358373641968,-0.9051377773284912,-0.3018665313720703,0.16562867164611816,-0.38713550567626953,0.330768883228302,0.927893340587616,0.3599446713924408,0.09723035991191864,0.2661878764629364,-0.8221348524093628,0.5032280683517456,0.33693671226501465,0.00901651382446289,-0.03100007399916649,-0.9777323007583618,-0.20985667407512665,7.577572205264005e-07,0.20985667407512665,-0.9777323007583618,6.173690394462028e-07,0.46690234541893005,-0.07947995513677597,-0.031000085175037384,0.20697107911109924,0.09751298278570175,-0.031000062823295593
126,-0.50687575340271,-0.8058350682258606,-1.1026804447174072,0.6649394631385803,0.40836381912231445,-0.1152401864528656,0.41358792781829834,0.7310117483139038,0.029889263212680817,-0.4266824424266815,-0.3676932752132416,-0.1460178643465042,0.31023192405700684,0.10590242594480515,0.3767440915107727,0.04330195114016533,0.3103061616420746,0.6765815615653992,0.9647971987724304,0.5743815898895264,-0.4593971371650696,2.5598978996276855,0.5812641978263855,0.7315039038658142,0.2639331519603729,0.3047124147415161,-0.1010475605726242,-0.3809969127178192,-0.27638593316078186,-0.1421193927526474,5.063054084777832,-0.12801848351955414,-0.044799089431762695,-0.31690359115600586,0.3416178524494171,-0.12334334850311279,0.2739081382751465,-0.9538138508796692,0.30592286586761475,-0.9038466215133667,-0.2991197109222412,0.17109036445617676,-0.3841686248779297,0.3335610628128052,0.9168527126312256,0.3926396071910858,0.07221687585115433,0.30062001943588257,-0.798037052154541,0.5222687721252441,0.33693718910217285,0.00901651382446289,-0.03100007027387619,-0.9777320623397827,-0.2098572850227356,5.827640165989578e-07,0.2098572850227356,-0.9777320623397827,2.6781773954098753e-07,0.46690285205841064,-0.07947986572980881,-0.031000103801488876,0.20697152614593506,0.09751289337873459,-0.031000036746263504
127,-0.5124542713165283,-0.8341378569602966,-1.1228848695755005,0.6551075577735901,0.4325946569442749,-0.1070602685213089,0.43755751848220825,0.731011688709259,-0.16233959794044495,-0.4415021240711212,-0.3631187975406647,-0.13840600848197937,0.3557852506637573,0.11071092635393143,0.33463671803474426,0.0007060397765599191,0.3288138806819916,0.6974388360977173,0.9622368812561035,0.560806155204773,-0.4657229781150818,2.5660054683685303,0.583034336566925,0.7314881682395935,0.2990895211696625,0.27744629979133606,-0.01792798936367035,-0.24680031836032867,-0.2716400921344757,-0.21886199712753296,5.24894905090332,-0.16880692541599274,-0.053713083267211914,-0.31279611587524414,0.33151909708976746,-0.04627585411071777,0.30173468589782715,-0.9522682428359985,0.30909204483032227,-0.9021811485290527,-0.30088457465171814,0.17606091499328613,-0.38116455078125,0.3336246907711029,0.904792070388794,0.4234195351600647,0.04546657204627991,0.33668214082717896,-0.7766202688217163,0.5324530005455017,0.33693671226501465,0.00901651382446289,-0.03100007399916649,-0.9777320623397827,-0.20985692739486694,7.57957536734466e-07,0.20985692739486694,-0.9777320623397827,5.394516051637765e-07,0.46690234541893005,-0.07947990298271179,-0.03100009635090828,0.20697107911109924,0.09751293063163757,-0.031000051647424698
128,-0.5245400667190552,-0.8639945387840271,-1.1409300565719604,0.6470869183540344,0.4580440819263458,-0.09649001061916351,0.4623832404613495,0.7310308814048767,-0.22028067708015442,-0.4524584710597992,-0.3144596815109253,-0.13581472635269165,0.37073516845703125,0.1524147093296051,0.34667348861694336,-0.009117553941905499,0.3486019968986511,0.7118922472000122,0.9618815779685974,0.5514044165611267,-0.4734759032726288,2.5720572471618652,0.5775325894355774,0.7314850091934204,0.3127489686012268,0.1686282455921173,0.010311207734048367,-0.18596217036247253,-0.29887068271636963,-0.2528412640094757,5.523584365844727,-0.18648342788219452,-0.06490588188171387,-0.3082270622253418,0.3232116401195526,0.03550255298614502,0.3255755305290222,-0.9448493123054504,0.3099137544631958,-0.9024226665496826,-0.29931116104125977,0.18094468116760254,-0.3770928382873535,0.33364784717559814,0.8919537663459778,0.4515773355960846,0.02227945812046528,0.369831919670105,-0.7570631504058838,0.5385907292366028,0.33693671226501465,0.00901651382446289,-0.03100007399916649,-0.9777323007583618,-0.20985658466815948,7.583605565741891e-07,0.20985658466815948,-0.9777323007583618,6.168766049086116e-07,0.46690234541893005,-0.07947996258735657,-0.031000085175037384,0.20697107911109924,0.09751299023628235,-0.031000062823295593
129,-0.5408919453620911,-0.8934549689292908,-1.1581498384475708,0.6384579539299011,0.48432457447052,-0.08660172671079636,0.4864521324634552,0.7310248017311096,-0.2906714677810669,-0.44820770621299744,-0.3148159980773926,-0.14718936383724213,0.38415950536727905,0.14179378747940063,0.33649942278862,0.03040078654885292,0.371296226978302,0.7224845886230469,0.9661766886711121,0.5469842553138733,-0.479626327753067,2.575885534286499,0.5695523619651794,0.7315051555633545,0.3713843822479248,0.11279363185167313,0.08651510626077652,-0.07799169421195984,-0.2714451551437378,-0.29714280366897583,5.574121952056885,-0.20467813313007355,-0.07733893394470215,-0.3030738830566406,0.3149418234825134,0.11788344383239746,0.34578976035118103,-0.9308775067329407,0.3079318106174469,-0.9039338827133179,-0.29678553342819214,0.1849663257598877,-0.37182092666625977,0.33271458745002747,0.877795398235321,0.47901636362075806,0.00431135343387723,0.40159380435943604,-0.7407656908035278,0.5385060906410217,0.33693671226501465,0.00901651382446289,-0.031000081449747086,-0.9777320623397827,-0.20985721051692963,6.616071459575323e-07,0.20985721051692963,-0.9777320623397827,4.3600789467745926e-07,0.46690237522125244,-0.0794798731803894,-0.031000103801488876,0.20697104930877686,0.09751290082931519,-0.031000059098005295
130,-0.559949517250061,-0.92269366979599,-1.1748474836349487,0.6299352049827576,0.5113101005554199,-0.07696313410997391,0.509781002998352,0.731009304523468,-0.3264882564544678,-0.44431033730506897,-0.3017403483390808,-0.1412350833415985,0.39233431220054626,0.13806472718715668,0.3255421817302704,0.011077321134507656,0.39549750089645386,0.7309525609016418,0.9730667471885681,0.5464303493499756,-0.4851892590522766,2.577970504760742,0.5603776574134827,0.7315549850463867,0.3862535357475281,0.07425929605960846,0.10578174889087677,-0.06466005742549896,-0.18976238369941711,-0.36381638050079346,6.321840763092041,-0.189361110329628,-0.09033608436584473,-0.29749584197998047,0.30700942873954773,0.20019418001174927,0.3614831566810608,-0.9106329083442688,0.3042524456977844,-0.9064342975616455,-0.29292935132980347,0.18832039833068848,-0.3658318519592285,0.33092740178108215,0.8628323078155518,0.505399763584137,-0.009563565254211426,0.43169188499450684,-0.7268892526626587,0.534110426902771,0.33693671226501465,0.00901651382446289,-0.03100007399916649,-0.9777323007583618,-0.20985686779022217,7.557778758382483e-07,0.20985686779022217,-0.9777323007583618,5.37725213689555e-07,0.46690237522125244,-0.07947993278503418,-0.03100009635090828,0.20697104930877686,0.09751296043395996,-0.031000051647424698
131,-0.5800555348396301,-0.9511833190917969,-1.1933672428131104,0.6206953525543213,0.5392236113548279,-0.06818797439336777,0.5281652212142944,0.7310319542884827,-0.3208405375480652,-0.4205504357814789,-0.3587386906147003,-0.23323428630828857,0.4037370979785919,0.15046168863773346,0.25405609607696533,-0.006944704335182905,0.4215596914291382,0.7394555807113647,0.9827377796173096,0.5460083484649658,-0.48842307925224304,2.579531669616699,0.5499275326728821,0.7314459681510925,0.43732568621635437,0.08316904306411743,0.16747796535491943,-0.10137379169464111,-0.2022918164730072,-0.29933860898017883,5.317276477813721,-0.3928724229335785,-0.1035311222076416,-0.2914280891418457,0.29787856340408325,0.27848631143569946,0.3735412061214447,-0.8848234415054321,0.2991475462913513,-0.9091768264770508,-0.28966960310935974,0.19102931022644043,-0.35926198959350586,0.32900869846343994,0.8462916016578674,0.5321273803710938,-0.025120295584201813,0.4631900489330292,-0.7117232084274292,0.5281144380569458,0.33693718910217285,0.00901651382446289,-0.03100007027387619,-0.9777320623397827,-0.20985744893550873,6.979478825996921e-07,0.20985744893550873,-0.9777320623397827,5.408119818639534e-07,0.46690288186073303,-0.07947984337806702,-0.031000085175037384,0.20697149634361267,0.0975128710269928,-0.031000055372714996
132,-0.5922303795814514,-0.973311722278595,-1.216632604598999,0.6067275404930115,0.5675241351127625,-0.06383959949016571,0.5380889773368835,0.7310189008712769,-0.19401106238365173,-0.32315734028816223,-0.3860832750797272,-0.22844621539115906,0.4078502953052521,0.06102345138788223,0.13810351490974426,0.015668960288167,0.4492394030094147,0.7543109059333801,0.9991698861122131,0.5635659694671631,-0.4841116666793823,2.5730481147766113,0.5457348823547363,0.7307901382446289,0.4391082227230072,0.197188600897789,0.3025600016117096,0.31135761737823486,-0.17605926096439362,-0.13722437620162964,1.433670163154602,0.17876020073890686,-0.11134791374206543,-0.2852163314819336,0.28321707248687744,0.34261512756347656,0.38986513018608093,-0.8547631502151489,0.2978959381580353,-0.9079625606536865,-0.2947240173816681,0.19039702415466309,-0.35162353515625,0.32182997465133667,0.8343678712844849,0.5503212809562683,-0.0312529057264328,0.4882350564002991,-0.7115393877029419,0.50531005859375,0.33693671226501465,0.00901651382446289,-0.031000081449747086,-0.9777320623397827,-0.20985712110996246,6.659637961092812e-07,0.20985712110996246,-0.9777320623397827,4.2940555999848584e-07,0.46690237522125244,-0.07947988063097,-0.031000103801488876,0.20697104930877686,0.09751290827989578,-0.031000059098005295
133,-0.5806804299354553,-0.9909694194793701,-1.237452507019043,0.6008803844451904,0.5959880948066711,-0.0640818402171135,0.560720682144165,0.7311681509017944,0.20654065907001495,-0.2862182855606079,-0.18788473308086395,0.12025060504674911,0.40732160210609436,-0.04424415901303291,0.3265911340713501,-0.06170322000980377,0.47548961639404297,0.7719603776931763,1.0132886171340942,0.5844935774803162,-0.480137437582016,2.5756518840789795,0.5558227300643921,0.7309364080429077,0.36679190397262573,0.24171629548072815,0.24348218739032745,0.2711566388607025,-0.09841712564229965,-0.004379387944936752,1.1032875776290894,0.10281476378440857,-0.10887885093688965,-0.28340816497802734,0.2724451422691345,0.405448853969574,0.40711039304733276,-0.818457305431366,0.3087507486343384,-0.903723955154419,-0.29657357931137085,0.19021344184875488,-0.3423323631286621,0.31675127148628235,0.8187702298164368,0.5734111070632935,-0.0285487063229084,0.5120435953140259,-0.7068458795547485,0.48803743720054626,0.33693671226501465,0.00901651382446289,-0.03100007399916649,-0.9777323007583618,-0.209856778383255,7.416188054776285e-07,0.209856778383255,-0.9777323007583618,5.398400162448524e-07,0.46690237522125244,-0.07947994023561478,-0.03100009262561798,0.20697104930877686,0.09751296788454056,-0.031000055372714996
134,-0.5665721297264099,-0.9921717047691345,-1.2530637979507446,0.6072164177894592,0.6240689158439636,-0.07051064819097519,0.5767356157302856,0.7313690781593323,0.20127059519290924,-0.0037964736111462116,-0.2167651206254959,0.10463368892669678,0.39985039830207825,-0.0994730219244957,0.20351266860961914,-0.15764951705932617,0.4984075427055359,0.7927966117858887,1.0330064296722412,0.608965277671814,-0.46974095702171326,2.567622661590576,0.5755857229232788,0.7311612367630005,0.3762197196483612,0.2962893545627594,0.3133102357387543,0.3586106598377228,0.1516607254743576,-0.11917468905448914,0.27901116013526917,-0.19230329990386963,-0.11170601844787598,-0.28481483459472656,0.26535892486572266,0.44968318939208984,0.41609346866607666,-0.7903488278388977,0.30536624789237976,-0.9031625986099243,-0.30174270272254944,0.18679308891296387,-0.3351774215698242,0.3079971969127655,0.8072522878646851,0.5899085402488708,-0.018754325807094574,0.5311536192893982,-0.7122616767883301,0.45886722207069397,0.33693718910217285,0.00901651382446289,-0.03100007027387619,-0.9777320623397827,-0.20985737442970276,6.957464506740507e-07,0.20985737442970276,-0.9777320623397827,5.413441499513283e-07,0.46690288186073303,-0.07947985082864761,-0.031000085175037384,0.20697149634361267,0.0975128784775734,-0.031000055372714996
135,-0.5566752552986145,-0.9918249845504761,-1.2606959342956543,0.6168619990348816,0.6523960828781128,-0.06824379414319992,0.5933046340942383,0.7314859628677368,0.1358904391527176,0.014468382112681866,-0.10645796358585358,0.1346452236175537,0.3978497087955475,0.01982290670275688,0.1526414453983307,-0.2193765640258789,0.5115262269973755,0.8114964365959167,1.0492773056030273,0.6309038996696472,-0.47538596391677856,2.5690526962280273,0.5938442945480347,0.7311229705810547,0.18021342158317566,0.2671247720718384,0.22607170045375824,0.3235529363155365,-0.08173330128192902,0.020547984167933464,0.25796449184417725,-0.14705100655555725,-0.11290478706359863,-0.2863893508911133,0.2628592252731323,0.4890427589416504,0.4218941330909729,-0.763441264629364,0.30651554465293884,-0.9025465250015259,-0.3024199903011322,0.18748211860656738,-0.32757568359375,0.3010096848011017,0.7927618026733398,0.6095197796821594,-0.003790111280977726,0.5500224232673645,-0.7126702070236206,0.4354040324687958,0.33693671226501465,0.00901651382446289,-0.031000081449747086,-0.9777320623397827,-0.2098570317029953,6.636758485001337e-07,0.2098570317029953,-0.9777320623397827,4.298941576053039e-07,0.46690237522125244,-0.0794798880815506,-0.031000103801488876,0.20697104930877686,0.09751291573047638,-0.031000059098005295
136,-0.5476647615432739,-0.9917203783988953,-1.2678054571151733,0.6273856163024902,0.6814279556274414,-0.06332158297300339,0.612929105758667,0.7315137386322021,0.13320915400981903,0.00925083551555872,-0.11308659613132477,0.1487741619348526,0.41599684953689575,0.054381243884563446,0.20588338375091553,-0.22159847617149353,0.5258206725120544,0.8269578814506531,1.0648890733718872,0.6550403833389282,-0.4854776859283447,2.5755927562713623,0.60902339220047,0.731155276298523,0.2359926551580429,0.20929723978042603,0.2473888397216797,0.35906437039375305,-0.14088736474514008,0.0916232019662857,0.21486426889896393,-0.17828531563282013,-0.11386942863464355,-0.28792333602905273,0.2609926760196686,0.5302606821060181,0.4269508421421051,-0.7324866652488708,0.30903297662734985,-0.9018449783325195,-0.30195140838623047,0.18907952308654785,-0.31830930709838867,0.2954188883304596,0.775989294052124,0.6305800676345825,0.014468565583229065,0.569401741027832,-0.7102025747299194,0.4139975309371948,0.33693671226501465,0.00901651382446289,-0.03100007399916649,-0.9777323007583618,-0.20985668897628784,7.265203976203338e-07,0.20985668897628784,-0.9777323007583618,5.422866138360405e-07,0.46690234541893005,-0.07947995513677597,-0.03100009262561798,0.20697107911109924,0.09751298278570175,-0.031000055372714996
137,-0.5411704182624817,-0.9932278990745544,-1.2739276885986328,0.6379501223564148,0.7109878659248352,-0.054483287036418915,0.6339234709739685,0.7315251231193542,0.07129877805709839,-0.04982096701860428,-0.05109371244907379,0.15201309323310852,0.396444171667099,0.054401934146881104,0.8279668688774109,-0.2982972264289856,0.5380319356918335,0.8371976613998413,1.080558180809021,0.6799372434616089,-0.5022112131118774,2.587028980255127,0.6175029873847961,0.731131911277771,0.20000995695590973,0.11745709925889969,0.222220316529274,0.37600177526474,-0.23399972915649414,0.15908703207969666,0.11524072289466858,-0.14902575314044952,-0.11449933052062988,-0.2890810966491699,0.26007822155952454,0.5722564458847046,0.43087589740753174,-0.6977596282958984,0.3137710988521576,-0.9011467695236206,-0.2991357743740082,0.19210410118103027,-0.3079066276550293,0.29144442081451416,0.7577688097953796,0.6515558958053589,0.03551601991057396,0.5883393287658691,-0.7057602405548096,0.39466392993927,0.33693718910217285,0.00901651382446289,-0.03100007027387619,-0.9777320623397827,-0.2098572850227356,5.425958988780621e-07,0.2098572850227356,-0.9777320623397827,2.018207396758953e-07,0.46690285205841064,-0.07947986572980881,-0.031000107526779175,0.20697152614593506,0.09751289337873459,-0.031000033020973206
138,-0.5379940867424011,-0.9886206984519958,-1.2803932428359985,0.6469666361808777,0.7390475273132324,-0.04314180091023445,0.6510534882545471,0.7314719557762146,0.025429921224713326,0.0720793604850769,-0.11626049131155014,0.10452456027269363,0.38301289081573486,0.11804201453924179,0.12835793197155,-0.21043844521045685,0.549132227897644,0.8454588651657104,1.099626064300537,0.7068139910697937,-0.5239193439483643,2.5957109928131104,0.6232326030731201,0.7310954332351685,0.18299300968647003,0.10277635604143143,0.30351975560188293,0.40196067094802856,-0.30665117502212524,0.12109632790088654,0.08303745090961456,-0.10706343501806259,-0.11544919013977051,-0.2894759178161621,0.25739631056785583,0.6057135462760925,0.43633925914764404,-0.6653714776039124,0.31732505559921265,-0.8993184566497803,-0.30088430643081665,0.1951916217803955,-0.29700660705566406,0.2861804962158203,0.7388659119606018,0.6710023283958435,0.06191246956586838,0.6077315807342529,-0.7032381296157837,0.3689425587654114,0.33693671226501465,0.00901651382446289,-0.03100007399916649,-0.9777320623397827,-0.20985692739486694,7.147958172026847e-07,0.20985692739486694,-0.9777320623397827,4.688528179030982e-07,0.46690234541893005,-0.07947990298271179,-0.03100009635090828,0.20697107911109924,0.09751293063163757,-0.031000051647424698
139,-0.5392650961875916,-0.978801965713501,-1.2817206382751465,0.6536239385604858,0.7649714946746826,-0.030007220804691315,0.6726621985435486,0.7316047549247742,-0.013123474083840847,0.15588384866714478,-0.011927632614970207,0.10363967716693878,0.37370237708091736,0.1179930567741394,0.25635191798210144,-0.2912923991680145,0.5586256980895996,0.8434398174285889,1.1157581806182861,0.734987199306488,-0.5473186373710632,2.602829694747925,0.6265081763267517,0.7310139536857605,0.13207082450389862,-0.06907164305448532,0.24590055644512177,0.4304405152797699,-0.3304547965526581,0.10267344117164612,0.04462215304374695,-0.0029240958392620087,-0.11543583869934082,-0.2892436981201172,0.25562426447868347,0.6349269151687622,0.44193366169929504,-0.6336895227432251,0.32079678773880005,-0.8969899415969849,-0.3041355311870575,0.19789433479309082,-0.28661441802978516,0.2825357913970947,0.7226384878158569,0.684179425239563,0.09844916313886642,0.6202495098114014,-0.7046909332275391,0.34453070163726807,0.33693671226501465,0.00901651382446289,-0.03100007399916649,-0.9777323007583618,-0.20985659956932068,7.330436915253813e-07,0.20985659956932068,-0.9777323007583618,5.439565597953333e-07,0.46690234541893005,-0.07947996258735657,-0.03100009262561798,0.20697107911109924,0.09751299023628235,-0.031000055372714996
140,-0.5411011576652527,-0.9609472751617432,-1.281325340270996,0.6606189608573914,0.7868887186050415,-0.01799698732793331,0.6965450048446655,0.7316675782203674,-0.025553226470947266,0.27246618270874023,0.011718088760972023,0.09707651287317276,0.32108011841773987,0.10985933244228363,0.20226475596427917,-0.3093647062778473,0.5694797039031982,0.8330816030502319,1.130462646484375,0.7640082240104675,-0.5725354552268982,2.605195999145508,0.6345571279525757,0.7309999465942383,0.18183699250221252,-0.1922578662633896,0.2431591898202896,0.43972480297088623,-0.35558342933654785,0.035601504147052765,0.11134206503629684,0.013481998816132545,-0.11587309837341309,-0.28928709030151367,0.2535790503025055,0.6574938893318176,0.447348415851593,-0.6062847375869751,0.32094117999076843,-0.8942989110946655,-0.3118111193180084,0.19998812675476074,-0.27634525299072266,0.2792138457298279,0.7044882774353027,0.6936184167861938,0.15029887855052948,0.6299819946289062,-0.7086824178695679,0.3176351487636566,0.33693671226501465,0.00901651382446289,-0.031000081449747086,-0.9777320623397827,-0.20985721051692963,7.894158784438332e-07,0.20985721051692963,-0.9777320623397827,7.097690968294046e-07,0.46690237522125244,-0.0794798731803894,-0.031000085175037384,0.20697104930877686,0.09751290082931519,-0.031000077724456787
141,-0.5432591438293457,-0.9378597140312195,-1.2804346084594727,0.6666536331176758,0.80143141746521,-0.007329519838094711,0.7230264544487,0.731697678565979,-0.028982166200876236,0.3422563970088959,0.022765811532735825,0.08504382520914078,0.21558736264705658,0.06909453868865967,0.27238550782203674,-0.33047834038734436,0.5836288332939148,0.8151617646217346,1.1417397260665894,0.7932949066162109,-0.5990563035011292,2.6035773754119873,0.6497843265533447,0.7309741973876953,0.22591692209243774,-0.3047487139701843,0.19648237526416779,0.44343966245651245,-0.3747151494026184,-0.020040199160575867,0.2109491229057312,0.04642023146152496,-0.11640238761901855,-0.2893791198730469,0.2508581578731537,0.6735941767692566,0.4530712068080902,-0.5839497447013855,0.31889310479164124,-0.8909136056900024,-0.3233886957168579,0.20160508155822754,-0.2658553123474121,0.2766062915325165,0.6815626621246338,0.698747456073761,0.21731151640415192,0.6383656859397888,-0.7129247188568115,0.290219783782959,0.33693671226501465,0.00901651382446289,-0.03100007399916649,-0.9777323007583618,-0.20985685288906097,7.148331064854574e-07,0.20985685288906097,-0.9777323007583618,4.774091735271213e-07,0.46690237522125244,-0.07947993278503418,-0.03100009635090828,0.20697104930877686,0.09751296043395996,-0.031000051647424698
142,-0.5462145209312439,-0.9130022525787354,-1.280051589012146,0.6705518960952759,0.8051825165748596,0.0031157545745372772,0.74896240234375,0.7316778302192688,-0.044453997164964676,0.370769202709198,0.003712200094014406,0.041195593774318695,0.055366020649671555,0.10113142430782318,0.11093577742576599,-0.281401127576828,0.5968891382217407,0.7947664856910706,1.151176929473877,0.8227731585502625,-0.6264013051986694,2.592714309692383,0.6723529100418091,0.7309085130691528,0.2077481746673584,-0.32916998863220215,0.16459940373897552,0.4477697014808655,-0.38781020045280457,-0.15032386779785156,0.314609557390213,0.12217198312282562,-0.1166231632232666,-0.28917932510375977,0.2473773956298828,0.6811939477920532,0.46007204055786133,-0.5694810152053833,0.3165592849254608,-0.8864927291870117,-0.3375217616558075,0.20256733894348145,-0.2561607360839844,0.27182668447494507,0.6579022407531738,0.693069577217102,0.294651061296463,0.6446225643157959,-0.720539927482605,0.25550758838653564,0.33693718910217285,0.00901651382446289,-0.03100007027387619,-0.9777320623397827,-0.20985746383666992,6.657471089965838e-07,0.20985746383666992,-0.9777320623397827,4.812497422790329e-07,0.46690288186073303,-0.07947984337806702,-0.031000088900327682,0.20697149634361267,0.0975128710269928,-0.031000051647424698
143,-0.5507262945175171,-0.8866379857063293,-1.278266191482544,0.6732035279273987,0.7957906126976013,0.013681021519005299,0.7755715847015381,0.7317158579826355,-0.05225719138979912,0.4215454161167145,-0.020926380529999733,-0.016343632712960243,-0.1390555500984192,0.07316631823778152,0.2655700743198395,-0.2849845290184021,0.6059934496879578,0.7702282071113586,1.1552242040634155,0.8523455858230591,-0.6546605825424194,2.5773138999938965,0.6988564729690552,0.730808436870575,0.11545396596193314,-0.38213610649108887,0.08306530117988586,0.4535660743713379,-0.40590521693229675,-0.21212591230869293,0.36969617009162903,0.2453165352344513,-0.11665940284729004,-0.28894901275634766,0.24445825815200806,0.6794977784156799,0.46806931495666504,-0.564972460269928,0.31373822689056396,-0.8814735412597656,-0.3529486358165741,0.20405316352844238,-0.24751710891723633,0.26694822311401367,0.6350792646408081,0.6735336780548096,0.37818872928619385,0.6451493501663208,-0.731749415397644,0.21982935070991516,0.33693671226501465,0.00901651382446289,-0.031000081449747086,-0.9777320623397827,-0.20985712110996246,7.86689213327918e-07,0.20985712110996246,-0.9777320623397827,7.16351621576905e-07,0.46690237522125244,-0.07947988063097,-0.031000085175037384,0.20697104930877686,0.09751290827989578,-0.031000077724456787
144,-0.5558414459228516,-0.8580483198165894,-1.2780975103378296,0.673644483089447,0.7762293815612793,0.0253002792596817,0.8019704818725586,0.7317127585411072,-0.07254289835691452,0.41014018654823303,0.02464827336370945,0.01099480502307415,-0.2997385263442993,0.06295180320739746,0.3646910786628723,-0.30053046345710754,0.6107190847396851,0.7442334890365601,1.1527056694030762,0.8820499181747437,-0.6834748387336731,2.5570619106292725,0.7274314165115356,0.7307210564613342,0.03097347915172577,-0.4025478959083557,-0.019595729187130928,0.4546709358692169,-0.4171987473964691,-0.2810063660144806,0.39844268560409546,0.35019606351852417,-0.11619877815246582,-0.2881321907043457,0.2397322952747345,0.6701180934906006,0.4797498881816864,-0.5663759112358093,0.31123775243759155,-0.8743420839309692,-0.3723665773868561,0.20644450187683105,-0.24000835418701172,0.26135963201522827,0.6141529083251953,0.6396891474723816,0.46218395233154297,0.6397382616996765,-0.746471643447876,0.1830713450908661,0.33693671226501465,0.00901651382446289,-0.03100007399916649,-0.9777323007583618,-0.2098567634820938,7.211185106825724e-07,0.2098567634820938,-0.9777323007583618,4.795127210854844e-07,0.46690237522125244,-0.07947994768619537,-0.03100009635090828,0.20697104930877686,0.09751297533512115,-0.031000051647424698
145,-0.560559093952179,-0.828733503818512,-1.275642991065979,0.6776527762413025,0.7533149123191833,0.03637762740254402,0.8298718929290771,0.7318032383918762,-0.05228973552584648,0.41530168056488037,0.06190921738743782,0.06867288798093796,-0.3405088782310486,-0.060657769441604614,0.867274284362793,-0.28600484132766724,0.6186518669128418,0.7165606617927551,1.144872784614563,0.9118965268135071,-0.7124586701393127,2.5352182388305664,0.7569823265075684,0.73074871301651,0.09748196601867676,-0.4324324131011963,-0.059571944177150726,0.4470769762992859,-0.4219249486923218,-0.30757084488868713,0.4119643568992615,0.3193003237247467,-0.11664414405822754,-0.2883467674255371,0.2373763918876648,0.6588518023490906,0.4892282485961914,-0.5714631080627441,0.30656155943870544,-0.8683195114135742,-0.3899250030517578,0.20944714546203613,-0.2316575050354004,0.2563384771347046,0.5880544781684875,0.5982893705368042,0.5442809462547302,0.6350651979446411,-0.7582700252532959,0.14737242460250854,0.33693718910217285,0.00901651382446289,-0.03100007027387619,-0.9777320623397827,-0.20985737442970276,6.657745643678936e-07,0.20985737442970276,-0.9777320623397827,4.895657639281126e-07,0.46690288186073303,-0.07947985082864761,-0.031000085175037384,0.20697149634361267,0.0975128784775734,-0.031000055372714996
146,-0.5660145282745361,-0.7985825538635254,-1.2716513872146606,0.6820014119148254,0.7293739914894104,0.047224078327417374,0.8577350974082947,0.7318415641784668,-0.06076359003782272,0.4247637987136841,0.08302067220211029,0.07114136219024658,-0.33467304706573486,-0.07863953709602356,0.921217679977417,-0.2689613401889801,0.6277468204498291,0.6875445246696472,1.1351150274276733,0.9415050148963928,-0.7415871620178223,2.5118587017059326,0.7867371439933777,0.7307425141334534,0.0996810644865036,-0.4551338851451874,-0.08910419046878815,0.44657984375953674,-0.4257147014141083,-0.32951226830482483,0.4146718978881836,0.32939502596855164,-0.1171104907989502,-0.28862428665161133,0.23536574840545654,0.6459602117538452,0.4987998902797699,-0.5778703093528748,0.30084097385406494,-0.8620742559432983,-0.40782713890075684,0.21311068534851074,-0.22237014770507812,0.2518850564956665,0.5571770668029785,0.5493943095207214,0.622671365737915,0.6322171092033386,-0.7668192386627197,0.11085972934961319,0.33693671226501465,0.00901651382446289,-0.031000081449747086,-0.9777320623397827,-0.2098570317029953,7.775007020427438e-07,0.2098570317029953,-0.9777320623397827,7.283847480721306e-07,0.46690237522125244,-0.0794798880815506,-0.031000081449747086,0.20697104930877686,0.09751291573047638,-0.031000081449747086
147,-0.5717474818229675,-0.7676793336868286,-1.2667450904846191,0.6866763830184937,0.7056379914283752,0.05740717053413391,0.8859221935272217,0.7318832874298096,-0.06252536922693253,0.44086742401123047,0.08951276540756226,0.07226220518350601,-0.33456867933273315,-0.0987769216299057,0.7961881160736084,-0.3277444541454315,0.6383897066116333,0.6579291820526123,1.1238685846328735,0.9710517525672913,-0.7706491351127625,2.4874496459960938,0.81656414270401,0.7307530045509338,0.1257508397102356,-0.46606573462486267,-0.10056015849113464,0.4446500241756439,-0.4260576665401459,-0.3444139361381531,0.4165201485157013,0.3177875578403473,-0.11769747734069824,-0.28896522521972656,0.2333548665046692,0.632783055305481,0.5082980990409851,-0.5841391682624817,0.2938063144683838,-0.8555774688720703,-0.426221638917923,0.21734404563903809,-0.2119746208190918,0.2481364905834198,0.5217784643173218,0.49386900663375854,0.6955865025520325,0.6319002509117126,-0.7715296745300293,0.07378334552049637,0.33693671226501465,0.00901651382446289,-0.03100007399916649,-0.9777323007583618,-0.20985667407512665,7.122663987502165e-07,0.20985667407512665,-0.9777323007583618,4.820004733119276e-07,0.46690234541893005,-0.07947995513677597,-0.03100009635090828,0.20697107911109924,0.09751298278570175,-0.031000051647424698
148,-0.5781497359275818,-0.7367303967475891,-1.2609436511993408,0.691351056098938,0.6818208694458008,0.06753834336996078,0.9142904281616211,0.7319033145904541,-0.07528828829526901,0.4468478262424469,0.09138286858797073,0.06823383271694183,-0.3423454165458679,-0.03652724623680115,0.49905452132225037,-0.4251866638660431,0.6501035094261169,0.6283289194107056,1.110281229019165,0.9999493956565857,-0.7981294989585876,2.4620747566223145,0.8463969826698303,0.7307548522949219,0.1403978168964386,-0.46237123012542725,-0.1435500532388687,0.43634799122810364,-0.4019504189491272,-0.35597285628318787,0.4167965352535248,0.3139166533946991,-0.11823058128356934,-0.2892327308654785,0.23131585121154785,0.6193568110466003,0.5179901123046875,-0.5899858474731445,0.2861233651638031,-0.8487099409103394,-0.44477495551109314,0.22195935249328613,-0.20111083984375,0.24514508247375488,0.48384106159210205,0.43270251154899597,0.7607012391090393,0.6328558921813965,-0.7733668088912964,0.03738132491707802,0.33693718910217285,0.00901651382446289,-0.03100007027387619,-0.9777320623397827,-0.2098572850227356,6.759988764315494e-07,0.2098572850227356,-0.9777320623397827,4.846732508667628e-07,0.46690285205841064,-0.07947986572980881,-0.031000088900327682,0.20697152614593506,0.09751289337873459,-0.031000051647424698
149,-0.5846646428108215,-0.7052963376045227,-1.2545431852340698,0.6965949535369873,0.659096360206604,0.07706357538700104,0.9437337517738342,0.7319348454475403,-0.08010534942150116,0.44187113642692566,0.1187700480222702,0.07746228575706482,-0.3076111972332001,-0.09880247712135315,0.9523957967758179,-0.35291588306427,0.6630764007568359,0.5985761284828186,1.0909887552261353,1.027819275856018,-0.8219999074935913,2.4374332427978516,0.8762060403823853,0.730754554271698,0.13724385201931,-0.46059584617614746,-0.22954273223876953,0.4186026453971863,-0.3542843163013458,-0.34705957770347595,0.4165758192539215,0.31794577836990356,-0.11898589134216309,-0.289609432220459,0.22927537560462952,0.6071939468383789,0.5271986722946167,-0.5944552421569824,0.2771106958389282,-0.8416966199874878,-0.46341824531555176,0.22691082954406738,-0.1910419464111328,0.24363386631011963,0.44431769847869873,0.368221640586853,0.816697359085083,0.6320505738258362,-0.7749074697494507,0.005517840851098299,0.33693671226501465,0.00901651382446289,-0.03100007399916649,-0.9777320623397827,-0.20985692739486694,8.292708457702247e-07,0.20985692739486694,-0.9777320623397827,7.59239014769264e-07,0.46690234541893005,-0.07947990298271179,-0.031000077724456787,0.20697107911109924,0.09751293063163757,-0.03100007027387619
150,-0.5906455516815186,-0.6744507551193237,-1.2489726543426514,0.7023687958717346,0.6370130181312561,0.08676236867904663,0.9730773568153381,0.731983482837677,-0.07642624527215958,0.4448087215423584,0.11029177904129028,0.10362885147333145,-0.26408955454826355,0.0636557936668396,0.5646457672119141,-0.4370909035205841,0.6779407262802124,0.569932758808136,1.070209264755249,1.054166555404663,-0.8418737053871155,2.4121129512786865,0.9060096740722656,0.730768620967865,0.20980817079544067,-0.45741572976112366,-0.27534377574920654,0.40558522939682007,-0.28313514590263367,-0.354195773601532,0.41247132420539856,0.2936345636844635,-0.11987471580505371,-0.2899904251098633,0.22693166136741638,0.5960361957550049,0.536449670791626,-0.5974634885787964,0.2677897810935974,-0.8342827558517456,-0.4819345474243164,0.23143696784973145,-0.1810622215270996,0.2425318956375122,0.40480542182922363,0.3021896779537201,0.863025963306427,0.6324905753135681,-0.7741446495056152,-0.02560412511229515,0.33693671226501465,0.00901651382446289,-0.03100007399916649,-0.9777323007583618,-0.20985658466815948,7.104209771569003e-07,0.20985658466815948,-0.9777323007583618,4.802428748007515e-07,0.46690234541893005,-0.07947996258735657,-0.03100009635090828,0.20697107911109924,0.09751299023628235,-0.031000051647424698
151,-0.5965273380279541,-0.6446554660797119,-1.2509280443191528,0.703177273273468,0.6133991479873657,0.10007908195257187,1.001699686050415,0.7318874001502991,-0.08527622371912003,0.4417482316493988,-0.05645996704697609,-0.03343543782830238,-0.3269861042499542,0.18531444668769836,0.40233659744262695,-0.3256237506866455,0.6936042904853821,0.5442432165145874,1.0472168922424316,1.0807441473007202,-0.8538994789123535,2.3840789794921875,0.9358156323432922,0.7307268977165222,0.2066267430782318,-0.3977806270122528,-0.3139238953590393,0.4068494737148285,-0.1764289140701294,-0.39089202880859375,0.41463595628738403,0.34095481038093567,-0.1207735538482666,-0.2878737449645996,0.2189275622367859,0.586586058139801,0.5514298677444458,-0.5931626558303833,0.26079061627388,-0.8219990730285645,-0.5062669515609741,0.23469948768615723,-0.17186450958251953,0.24020221829414368,0.3719436526298523,0.23360122740268707,0.8983810544013977,0.6300711631774902,-0.77425217628479,-0.059534624218940735,0.33693671226501465,0.00901651382446289,-0.031000081449747086,-0.9777320623397827,-0.20985721051692963,7.56330109652481e-07,0.20985721051692963,-0.9777320623397827,6.557035021614865e-07,0.46690237522125244,-0.0794798731803894,-0.031000088900327682,0.20697104930877686,0.09751290082931519,-0.03100007399916649
152,-0.5958425402641296,-0.61551833152771,-1.2628378868103027,0.6841697096824646,0.5852506756782532,0.12488868832588196,1.0299808979034424,0.7317618131637573,0.14975489675998688,0.5307894945144653,-0.19748492538928986,-0.5281023383140564,-0.38792937994003296,0.3962738513946533,0.40192511677742004,-0.1480533331632614,0.7088291645050049,0.5251033306121826,1.0236718654632568,1.107781171798706,-0.8665568828582764,2.3551197052001953,0.9655587673187256,0.7307239174842834,0.20686571300029755,-0.2855043411254883,-0.3247219920158386,0.40802907943725586,-0.18647341430187225,-0.4055534303188324,0.4129345118999481,0.33891311287879944,-0.11024928092956543,-0.27849531173706055,0.19591233134269714,0.5699703693389893,0.5925512313842773,-0.5692246556282043,0.27446249127388,-0.7902783155441284,-0.547841489315033,0.23859095573425293,-0.1619563102722168,0.23653027415275574,0.3418828248977661,0.1650058478116989,0.9251428246498108,0.6285489797592163,-0.7719972133636475,-0.09458655118942261,0.33693671226501465,0.00901651382446289,-0.03100007399916649,-0.9777323007583618,-0.20985686779022217,8.203678589779884e-07,0.20985686779022217,-0.9777323007583618,7.64708488532051e-07,0.46690237522125244,-0.07947993278503418,-0.031000077724456787,0.20697104930877686,0.09751296043395996,-0.03100007027387619
153,-0.5844001173973083,-0.5850237607955933,-1.2838906049728394,0.6536705493927002,0.5556667447090149,0.15504412353038788,1.0588128566741943,0.7315672039985657,0.19108565151691437,0.4542384147644043,-0.32393211126327515,-0.5295599102973938,-0.4083739221096039,0.4389514625072479,0.4049566388130188,-0.02646428719162941,0.7121856808662415,0.5165526270866394,0.9997445940971375,1.1361029148101807,-0.8903562426567078,2.3256852626800537,0.9948622584342957,0.7307007908821106,-0.0841100811958313,-0.09780671447515488,-0.40134158730506897,0.43851542472839355,-0.3500809967517853,-0.4102654755115509,0.40788042545318604,0.3693670332431793,-0.09207606315612793,-0.26317691802978516,0.16327211260795593,0.5479729175567627,0.6485466957092285,-0.5283114314079285,0.29996103048324585,-0.7419215440750122,-0.5996466279029846,0.2476046085357666,-0.15217113494873047,0.2313288450241089,0.3113037347793579,0.09463436901569366,0.9455867409706116,0.6240219473838806,-0.7708024978637695,-0.12829701602458954,0.33693718910217285,0.00901651382446289,-0.03100007027387619,-0.9777320623397827,-0.20985744893550873,6.347298722175765e-07,0.20985744893550873,-0.9777320623397827,4.146254752868117e-07,0.46690288186073303,-0.07947984337806702,-0.03100009262561798,0.20697149634361267,0.0975128710269928,-0.0310000479221344
154,-0.5706169605255127,-0.5548197031021118,-1.3107205629348755,0.6231228709220886,0.5277906060218811,0.18516238033771515,1.0879689455032349,0.7315651178359985,0.22059336304664612,0.4550091326236725,-0.40437471866607666,-0.5309672951698303,-0.3848601281642914,0.4402751922607422,0.4082386791706085,0.05045803636312485,0.697518527507782,0.5230516195297241,0.9738563299179077,1.1636641025543213,-0.919029176235199,2.296652317047119,1.0215262174606323,0.730719268321991,-0.3977862596511841,0.1700097620487213,-0.4748009443283081,0.4083126485347748,-0.41613227128982544,-0.40568313002586365,0.37123557925224304,0.34267309308052063,-0.0766146183013916,-0.24457979202270508,0.1298503428697586,0.5301549434661865,0.6997475624084473,-0.47884130477905273,0.321751207113266,-0.6885231733322144,-0.6499322056770325,0.26181483268737793,-0.1468648910522461,0.22300678491592407,0.2870379090309143,0.030380908399820328,0.9574373364448547,0.6070461869239807,-0.7789478302001953,-0.15727412700653076,0.33693671226501465,0.00901651382446289,-0.031000081449747086,-0.9777320623397827,-0.20985712110996246,7.448570045198721e-07,0.20985712110996246,-0.9777320623397827,6.602372764064057e-07,0.46690237522125244,-0.07947988063097,-0.031000088900327682,0.20697104930877686,0.09751290827989578,-0.03100007399916649
155,-0.552834153175354,-0.5247476696968079,-1.3393356800079346,0.5926557779312134,0.5019965171813965,0.21511706709861755,1.1161108016967773,0.7315820455551147,0.29568609595298767,0.4544837474822998,-0.4110698401927948,-0.5320732593536377,-0.3573265075683594,0.4386749565601349,0.3952086269855499,-0.009928850457072258,0.6740666031837463,0.5418074131011963,0.9457955956459045,1.1889984607696533,-0.9485664963722229,2.2680227756500244,1.0449190139770508,0.7307677865028381,-0.4906753599643707,0.35089942812919617,-0.4940301775932312,0.3617662489414215,-0.4243066608905792,-0.4013529121875763,0.3249584138393402,0.276011198759079,-0.06120657920837402,-0.22344207763671875,0.09739668667316437,0.5119684338569641,0.7470529675483704,-0.4240284562110901,0.34248292446136475,-0.6302157640457153,-0.6968024373054504,0.278674840927124,-0.1456913948059082,0.21153771877288818,0.2682220935821533,-0.022627176716923714,0.9630913734436035,0.5822957158088684,-0.7926195859909058,-0.18079209327697754,0.33693671226501465,0.00901651382446289,-0.03100007399916649,-0.9777323007583618,-0.209856778383255,8.270043281299877e-07,0.209856778383255,-0.9777323007583618,7.60463365168107e-07,0.46690237522125244,-0.07947994023561478,-0.031000077724456787,0.20697104930877686,0.09751296788454056,-0.03100007027387619
156,-0.5257461667060852,-0.49481070041656494,-1.3683406114578247,0.5624293088912964,0.4856567680835724,0.24509377777576447,1.1438525915145874,0.7316222786903381,0.45695146918296814,0.4551956057548523,-0.39499998092651367,-0.5387425422668457,-0.2267836630344391,0.4436776340007782,0.3898211717605591,-0.02904791571199894,0.6484379172325134,0.5682250261306763,0.916595995426178,1.2125310897827148,-0.9784436821937561,2.2401695251464844,1.0602564811706543,0.7308197617530823,-0.5130589008331299,0.4623747766017914,-0.5082263946533203,0.33086708188056946,-0.4270937740802765,-0.3910149931907654,0.2128569781780243,0.2033592015504837,-0.04253268241882324,-0.20035266876220703,0.06674866378307343,0.4944431781768799,0.7905606031417847,-0.36130309104919434,0.36630022525787354,-0.5664690732955933,-0.7381985187530518,0.29649806022644043,-0.14720678329467773,0.19803524017333984,0.2560284733772278,-0.06228778511285782,0.9646604061126709,0.5551429390907288,-0.8074805736541748,-0.19947803020477295,0.33693718910217285,0.00901651382446289,-0.03100007027387619,-0.9777320623397827,-0.20985737442970276,6.294761760727852e-07,0.20985737442970276,-0.9777320623397827,4.1347169599248446e-07,0.46690288186073303,-0.07947985082864761,-0.03100009262561798,0.20697149634361267,0.0975128784775734,-0.0310000479221344
157,-0.49544060230255127,-0.4647769331932068,-1.3959871530532837,0.5318138599395752,0.4989561140537262,0.2752842903137207,1.1683813333511353,0.7315770387649536,0.4733385741710663,0.45139431953430176,-0.3938775360584259,-0.5398897528648376,0.19048717617988586,0.4462379515171051,0.3435630202293396,0.05078909918665886,0.6214061975479126,0.5975883603096008,0.8869428634643555,1.2393155097961426,-1.008272647857666,2.2114264965057373,1.0664942264556885,0.7308146953582764,-0.5420329570770264,0.4818139374256134,-0.5123882293701172,0.39322206377983093,-0.42910435795783997,-0.4020593762397766,0.08552185446023941,0.20663197338581085,-0.022904634475708008,-0.17530488967895508,0.03867708146572113,0.4939923882484436,0.8217074871063232,-0.284197598695755,0.39274197816848755,-0.5024998188018799,-0.7702257037162781,0.3151419162750244,-0.14993619918823242,0.18353483080863953,0.24934613704681396,-0.09708098322153091,0.9635361433029175,0.5255686044692993,-0.8221231698989868,-0.2188408523797989,0.33693671226501465,0.00901651382446289,-0.031000081449747086,-0.9777320623397827,-0.2098570317029953,7.578769896099402e-07,0.2098570317029953,-0.9777320623397827,6.509275181088015e-07,0.46690237522125244,-0.0794798880815506,-0.031000088900327682,0.20697104930877686,0.09751291573047638,-0.03100007399916649
158,-0.4687283933162689,-0.4381178915500641,-1.4181290864944458,0.5116510987281799,0.5355821251869202,0.2958918511867523,1.1772122383117676,0.731070339679718,0.07919872552156448,0.2715742588043213,-0.14661957323551178,0.1925627589225769,0.3410313129425049,0.35728949308395386,0.5089994668960571,0.32194626331329346,0.5927690863609314,0.6273648142814636,0.8572092056274414,1.2686903476715088,-1.0381301641464233,2.1822683811187744,1.0571812391281128,0.7308166027069092,-0.5697810649871826,0.4845934510231018,-0.516434907913208,0.43011221289634705,-0.4292760193347931,-0.4066750705242157,-0.13217546045780182,0.20452289283275604,-0.009929895401000977,-0.1571040153503418,0.019887126982212067,0.5054237842559814,0.8336971998214722,-0.22247669100761414,0.4103812575340271,-0.4590578079223633,-0.7879424095153809,0.33472371101379395,-0.15413808822631836,0.16909092664718628,0.2515966296195984,-0.12448376417160034,0.959793210029602,0.4943641722202301,-0.8360319137573242,-0.23802290856838226,0.33693671226501465,0.00901651382446289,-0.03100007399916649,-0.9777323007583618,-0.20985668897628784,8.144146477206959e-07,0.20985668897628784,-0.9777323007583618,7.659928655812109e-07,0.46690234541893005,-0.07947995513677597,-0.03100007399916649,0.20697107911109924,0.09751298278570175,-0.03100007399916649
159,-0.4635421335697174,-0.42159557342529297,-1.4224023818969727,0.5214295387268066,0.5807967185974121,0.31123673915863037,1.1902000904083252,0.7310248017311096,0.03767893463373184,0.2682068943977356,-0.07277026027441025,0.12072202563285828,0.29561448097229004,0.24902980029582977,0.4991770088672638,0.17543922364711761,0.5629612803459167,0.6563700437545776,0.8273570537567139,1.2984039783477783,-1.068020224571228,2.153931140899658,1.0415964126586914,0.7308382391929626,-0.5869652032852173,0.4694192409515381,-0.5190045237541199,0.4332546293735504,-0.428889662027359,-0.3936435878276825,-0.2197750359773636,0.17863544821739197,-0.010360002517700195,-0.1577000617980957,0.01984773576259613,0.5423159599304199,0.8181827664375305,-0.19097235798835754,0.41447770595550537,-0.4582509994506836,-0.7862662076950073,0.3550426959991455,-0.16048383712768555,0.15547575056552887,0.2546617388725281,-0.1475094109773636,0.9557135105133057,0.46279704570770264,-0.8491804599761963,-0.2543845474720001,0.33693718910217285,0.00901651382446289,-0.03100007027387619,-0.9777320623397827,-0.2098572850227356,6.361838700286171e-07,0.2098572850227356,-0.9777320623397827,4.11291324553531e-07,0.46690285205841064,-0.07947986572980881,-0.03100009262561798,0.20697152614593506,0.09751289337873459,-0.0310000479221344
160,-0.4602820575237274,-0.40108078718185425,-1.4219698905944824,0.5303670167922974,0.6245588660240173,0.3256421387195587,1.2001501321792603,0.7310412526130676,0.02031596004962921,0.3485182821750641,-0.0015078000724315643,0.09332114458084106,0.11597108840942383,0.16118383407592773,0.575308084487915,0.026700707152485847,0.53289794921875,0.6846135258674622,0.7973632216453552,1.32798171043396,-1.0979269742965698,2.1248672008514404,1.0350136756896973,0.7308576107025146,-0.5868739485740662,0.45785823464393616,-0.5195055603981018,0.4302321970462799,-0.428599089384079,-0.4038187265396118,-0.09359563887119293,0.15471026301383972,-0.01056361198425293,-0.1583876609802246,0.01985076814889908,0.5720704197883606,0.8035165071487427,-0.1646108776330948,0.4157559275627136,-0.4570794105529785,-0.786273181438446,0.37586188316345215,-0.16855859756469727,0.14222806692123413,0.24674075841903687,-0.17405277490615845,0.9533228874206543,0.43230199813842773,-0.8606629371643066,-0.2690245509147644,0.33693671226501465,0.00901651382446289,-0.03100007399916649,-0.9777320623397827,-0.20985692739486694,7.970982665028714e-07,0.20985692739486694,-0.9777320623397827,6.884245635774278e-07,0.46690234541893005,-0.07947990298271179,-0.031000081449747086,0.20697107911109924,0.09751293063163757,-0.03100006654858589
161,-0.46650180220603943,-0.37413960695266724,-1.405718207359314,0.5359315276145935,0.6585380434989929,0.33643805980682373,1.2026742696762085,0.7310019135475159,-0.13709604740142822,0.42585813999176025,0.22746634483337402,0.03936711326241493,-0.13987815380096436,0.0623038187623024,0.5449181199073792,-0.002912734402343631,0.5028703212738037,0.7121131420135498,0.7673672437667847,1.3553736209869385,-1.1278796195983887,2.0964269638061523,1.0348540544509888,0.730900764465332,-0.584122359752655,0.45154133439064026,-0.5207554697990417,0.39320695400238037,-0.42723050713539124,-0.3943910598754883,-0.0033356393687427044,0.10128986835479736,-0.010405302047729492,-0.15868663787841797,0.019832074642181396,0.5840336084365845,0.7969218492507935,-0.15433835983276367,0.40998032689094543,-0.4536985158920288,-0.7912483215332031,0.3966691493988037,-0.17889881134033203,0.12963607907295227,0.23047411441802979,-0.1990266591310501,0.9525073170661926,0.4037235975265503,-0.8710774183273315,-0.2796991467475891,0.33693671226501465,0.00901651382446289,-0.03100007399916649,-0.9777323007583618,-0.20985659956932068,8.274417382381216e-07,0.20985659956932068,-0.9777323007583618,7.575691256533901e-07,0.46690234541893005,-0.07947996258735657,-0.031000077724456787,0.20697107911109924,0.09751299023628235,-0.03100007027387619
162,-0.47755494713783264,-0.34615057706832886,-1.3806557655334473,0.5391128659248352,0.6882829070091248,0.3421117961406708,1.1917234659194946,0.730999231338501,-0.22430744767189026,0.4635857045650482,0.3665965795516968,0.0005146339535713196,-0.3808588981628418,0.040799953043460846,0.578229546546936,0.2480282187461853,0.4732990860939026,0.7362143397331238,0.7370849251747131,1.3767091035842896,-1.1578539609909058,2.0695104598999023,1.0435410737991333,0.7309644222259521,-0.5687872767448425,0.39323872327804565,-0.5199121236801147,0.30382657051086426,-0.4252106845378876,-0.3714372217655182,0.12121452391147614,0.021817844361066818,-0.009920835494995117,-0.15919160842895508,0.019806548953056335,0.581730842590332,0.7977397441864014,-0.1587471216917038,0.4003544747829437,-0.4507178068161011,-0.7978533506393433,0.41690611839294434,-0.19205904006958008,0.11873230338096619,0.20357513427734375,-0.21983546018600464,0.9540594816207886,0.3787524402141571,-0.8809115886688232,-0.2837980389595032,0.33693671226501465,0.00901651382446289,-0.031000081449747086,-0.9777320623397827,-0.20985721051692963,7.19525587555836e-07,0.20985721051692963,-0.9777320623397827,5.745974362980633e-07,0.46690237522125244,-0.0794798731803894,-0.03100009262561798,0.20697104930877686,0.09751290082931519,-0.03100007027387619
163,-0.4941060245037079,-0.32488545775413513,-1.3493479490280151,0.5367106199264526,0.7160102725028992,0.33759215474128723,1.1874088048934937,0.7309877276420593,-0.3817480504512787,0.33192741870880127,0.4216991364955902,-0.10789300501346588,-0.8683924078941345,0.05951995775103569,1.2034400701522827,0.9249562621116638,0.4454457461833954,0.7540073990821838,0.7063938975334167,1.3929452896118164,-1.1877532005310059,2.043283462524414,1.0585672855377197,0.7310047745704651,-0.5331223011016846,0.2739582061767578,-0.5137209892272949,0.24162669479846954,-0.42491528391838074,-0.3603670597076416,0.21015565097332,-0.0074514783918857574,-0.009559392929077148,-0.15970516204833984,0.01966855674982071,0.585555911064148,0.7940142750740051,-0.16329635679721832,0.3885936439037323,-0.45173346996307373,-0.8030765652656555,0.4366953372955322,-0.20682859420776367,0.11065535247325897,0.16685539484024048,-0.23734058439731598,0.9569894671440125,0.35887429118156433,-0.8894017934799194,-0.28314968943595886,0.33693671226501465,0.00901651382446289,-0.03100007399916649,-0.9777323007583618,-0.20985685288906097,7.926079206299619e-07,0.20985685288906097,-0.9777323007583618,6.812944661760412e-07,0.46690237522125244,-0.07947993278503418,-0.031000081449747086,0.20697104930877686,0.09751296043395996,-0.03100006654858589
164,-0.514495849609375,-0.30994635820388794,-1.3148112297058105,0.5307249426841736,0.7431085109710693,0.32702675461769104,1.1916230916976929,0.7309189438819885,-0.4479116201400757,0.25901147723197937,0.4653935432434082,-0.18333274126052856,-1.1425321102142334,0.020436689257621765,1.5962774753570557,1.3856620788574219,0.420654833316803,0.757457971572876,0.6750746965408325,1.4042645692825317,-1.2174744606018066,2.0185365676879883,1.0800381898880005,0.7310245037078857,-0.47590744495391846,-0.009864903055131435,-0.500357985496521,0.2021407037973404,-0.42671656608581543,-0.3347644507884979,0.30038613080978394,-0.03676464036107063,-0.009292364120483398,-0.1601243019104004,0.019587412476539612,0.5977352857589722,0.7847018837928772,-0.16418111324310303,0.3767741322517395,-0.45573198795318604,-0.8064424991607666,0.45688700675964355,-0.22206592559814453,0.10948221385478973,0.11388915777206421,-0.2537470757961273,0.9605423808097839,0.34659281373023987,-0.8959429264068604,-0.27777644991874695,0.33693718910217285,0.00901651382446289,-0.03100007027387619,-0.9777320623397827,-0.20985746383666992,6.065960178602836e-07,0.20985746383666992,-0.9777320623397827,3.370971342064877e-07,0.46690288186073303,-0.07947984337806702,-0.03100009635090828,0.20697149634361267,0.0975128710269928,-0.0310000441968441
165,-0.535835325717926,-0.2980750799179077,-1.279528021812439,0.523872435092926,0.7703688740730286,0.3144865036010742,1.1972607374191284,0.7309141159057617,-0.4813053011894226,0.22978198528289795,0.49143555760383606,-0.21129442751407623,-1.2422499656677246,-0.013379648327827454,1.694545030593872,1.3854544162750244,0.39873993396759033,0.7452201247215271,0.6439633369445801,1.4113491773605347,-1.24720299243927,1.99647057056427,1.104819655418396,0.7310464382171631,-0.4286486506462097,-0.26720091700553894,-0.4894508719444275,0.1544134020805359,-0.42805320024490356,-0.29428985714912415,0.3466395139694214,-0.055465541779994965,-0.008990049362182617,-0.16054344177246094,0.019573837518692017,0.6119893789291382,0.7736121416091919,-0.1642962098121643,0.36543238162994385,-0.46084558963775635,-0.8087524771690369,0.47753453254699707,-0.23735475540161133,0.11670118570327759,0.046328961849212646,-0.2680981755256653,0.9622769951820374,0.34153592586517334,-0.9010064601898193,-0.2674710154533386,0.33693671226501465,0.00901651382446289,-0.031000081449747086,-0.9777320623397827,-0.20985712110996246,7.19652973657503e-07,0.20985712110996246,-0.9777320623397827,5.828066491631034e-07,0.46690237522125244,-0.07947988063097,-0.03100009262561798,0.20697104930877686,0.09751290827989578,-0.03100007027387619
166,-0.5597373247146606,-0.2894364595413208,-1.2437504529953003,0.5159492492675781,0.797642171382904,0.30149999260902405,1.204272985458374,0.7309005856513977,-0.4909738302230835,0.1913238763809204,0.5043300986289978,-0.23526805639266968,-1.2311956882476807,-0.05054295063018799,1.7027186155319214,1.3990365266799927,0.3759419620037079,0.728260338306427,0.6141723990440369,1.4148662090301514,-1.2771356105804443,1.9751616716384888,1.129683017730713,0.7310747504234314,-0.46061718463897705,-0.2771923840045929,-0.4918103814125061,0.08170390874147415,-0.4261973798274994,-0.2855178415775299,0.3478199541568756,-0.08656786382198334,-0.009027242660522461,-0.1605849266052246,0.019556522369384766,0.6289987564086914,0.7602536678314209,-0.16240330040454865,0.35501790046691895,-0.46675539016723633,-0.8100008964538574,0.4974081516265869,-0.2540254592895508,0.1268998682498932,-0.022954344749450684,-0.27802208065986633,0.9603003859519958,0.33820030093193054,-0.9060807228088379,-0.2542405128479004,0.33693671226501465,0.00901651382446289,-0.03100007399916649,-0.9777323007583618,-0.2098567634820938,7.924251690383244e-07,0.2098567634820938,-0.9777323007583618,6.882552838760603e-07,0.46690237522125244,-0.07947994768619537,-0.031000081449747086,0.20697104930877686,0.09751297533512115,-0.03100006654858589
167,-0.5809035897254944,-0.2824402451515198,-1.2082444429397583,0.5076152086257935,0.826539158821106,0.2843765616416931,1.206723928451538,0.7308037877082825,-0.4179152250289917,0.2473844587802887,0.5550843477249146,-0.23475459218025208,-1.147053837776184,-0.11081872880458832,1.6260186433792114,1.7390843629837036,0.35114163160324097,0.7109845876693726,0.584465742111206,1.413134217262268,-1.3070037364959717,1.9569752216339111,1.1551326513290405,0.7311174869537354,-0.4959835410118103,-0.273312509059906,-0.49730709195137024,0.00044200854608789086,-0.42248982191085815,-0.2410278618335724,0.35662704706192017,-0.1382916420698166,-0.008928537368774414,-0.1610431671142578,0.019596293568611145,0.6433805227279663,0.7476568818092346,-0.16453194618225098,0.34342533349990845,-0.47395849227905273,-0.8108159303665161,0.5150759220123291,-0.2740483283996582,0.13827531039714813,-0.09006226062774658,-0.2785932719707489,0.9561771154403687,0.3322591781616211,-0.913480281829834,-0.23485752940177917,0.33693718910217285,0.00901651382446289,-0.03100007027387619,-0.9777320623397827,-0.20985737442970276,6.038542892383703e-07,0.20985737442970276,-0.9777320623397827,3.4229302059429756e-07,0.46690288186073303,-0.07947985082864761,-0.03100009635090828,0.20697149634361267,0.0975128784775734,-0.0310000441968441
168,-0.6041648983955383,-0.27794933319091797,-1.1714165210723877,0.49799269437789917,0.8551440238952637,0.2668188512325287,1.2123432159423828,0.730878472328186,-0.4909997582435608,0.12604494392871857,0.5298429727554321,-0.27705585956573486,-1.0944712162017822,-0.1272374838590622,1.592480182647705,1.3495410680770874,0.3246272802352905,0.6936063766479492,0.5546029210090637,1.4098362922668457,-1.3364182710647583,1.9391974210739136,1.180540919303894,0.7311369776725769,-0.525810956954956,-0.28557637333869934,-0.50056391954422,-0.014855245128273964,-0.41672319173812866,-0.23567914962768555,0.35651469230651855,-0.16261039674282074,-0.008825540542602539,-0.16094684600830078,0.01956307888031006,0.660305380821228,0.7328577041625977,-0.16406218707561493,0.3324771821498871,-0.48114991188049316,-0.8111433982849121,0.5311224460601807,-0.2963428497314453,0.15027844905853271,-0.15513479709625244,-0.27423232793807983,0.9490678906440735,0.32346948981285095,-0.9218401908874512,-0.2134905308485031,0.33693671226501465,0.00901651382446289,-0.031000081449747086,-0.9777320623397827,-0.2098570317029953,7.167573130573146e-07,0.2098570317029953,-0.9777320623397827,5.87200190693693e-07,0.46690237522125244,-0.0794798880815506,-0.03100009262561798,0.20697104930877686,0.09751291573047638,-0.03100007027387619
169,-0.6257872581481934,-0.2752704620361328,-1.1346110105514526,0.4876468777656555,0.885664165019989,0.24593426287174225,1.2164380550384521,0.7308700084686279,-0.4661509692668915,0.1109408587217331,0.550621747970581,-0.29603806138038635,-0.9930946826934814,-0.22093361616134644,1.5010343790054321,1.1543753147125244,0.29700878262519836,0.6744516491889954,0.5248573422431946,1.3981133699417114,-1.3636575937271118,1.9385168552398682,1.2071521282196045,0.7313337922096252,-0.5458990931510925,-0.2967492640018463,-0.509192705154419,-0.15645761787891388,-0.37756720185279846,0.007095023989677429,0.3760693669319153,-0.41851553320884705,-0.008781671524047852,-0.1609210968017578,0.019579723477363586,0.6771500110626221,0.7170910239219666,-0.16507093608379364,0.3205009400844574,-0.48935115337371826,-0.8110579252243042,0.5407192707061768,-0.32422399520874023,0.16654708981513977,-0.2190108299255371,-0.24832811951637268,0.9435927867889404,0.3036014139652252,-0.936408281326294,-0.17597050964832306,0.33693671226501465,0.00901651382446289,-0.03100007399916649,-0.9777323007583618,-0.20985667407512665,7.802937602718885e-07,0.20985667407512665,-0.9777323007583618,6.931924190212158e-07,0.46690234541893005,-0.07947995513677597,-0.031000081449747086,0.20697107911109924,0.09751298278570175,-0.03100006654858589
170,-0.6451188921928406,-0.2737521231174469,-1.097601294517517,0.4767255485057831,0.918091893196106,0.22138729691505432,1.2200697660446167,0.7308334112167358,-0.2911575734615326,0.05346733704209328,0.5505361557006836,-0.20219828188419342,0.07725730538368225,-0.3837820291519165,0.42090439796447754,0.41013303399086,0.2698421776294708,0.6594321131706238,0.49476358294487,1.3910739421844482,-1.3855538368225098,1.944987416267395,1.2349882125854492,0.7314093112945557,-0.5377243161201477,-0.23722928762435913,-0.5092963576316833,-0.07948753237724304,-0.3049887716770172,0.10239867866039276,0.39394357800483704,-0.5216509699821472,-0.008743047714233398,-0.16092920303344727,0.01959666609764099,0.6939647197723389,0.7002488970756531,-0.16752450168132782,0.3069458603858948,-0.4981919527053833,-0.8109186887741089,0.5459578037261963,-0.35369110107421875,0.1827864646911621,-0.2807457447052002,-0.2151975780725479,0.9353459477424622,0.27228620648384094,-0.9523581266403198,-0.13738444447517395,0.33693718910217285,0.00901651382446289,-0.03100007027387619,-0.9777320623397827,-0.2098572850227356,6.107263743615476e-07,0.2098572850227356,-0.9777320623397827,3.39667366233698e-07,0.46690285205841064,-0.07947986572980881,-0.03100009635090828,0.20697152614593506,0.09751289337873459,-0.0310000441968441
171,-0.6548551321029663,-0.26902174949645996,-1.0610555410385132,0.46782076358795166,0.9525926113128662,0.1887393593788147,1.2129261493682861,0.7307736873626709,-0.2983366847038269,0.1642400622367859,0.6050745844841003,-0.2680276334285736,-0.5237616896629333,-0.387209415435791,0.991379976272583,1.1996675729751587,0.24148814380168915,0.6568542718887329,0.465696781873703,1.3959531784057617,-1.3889877796173096,1.94940185546875,1.2639766931533813,0.7313147783279419,-0.5681727528572083,0.016232049092650414,-0.5022807121276855,0.05965115875005722,-0.03980713710188866,0.06639646738767624,0.4093968868255615,-0.3968810439109802,-0.00838923454284668,-0.1622004508972168,0.019699588418006897,0.7005165815353394,0.6898046135902405,-0.1828828752040863,0.2878096401691437,-0.5075875520706177,-0.8121088743209839,0.5455214977264404,-0.38331079483032227,0.19023460149765015,-0.3304404020309448,-0.18711316585540771,0.9250933527946472,0.2229221910238266,-0.9678928852081299,-0.11614285409450531,0.33693671226501465,0.00901651382446289,-0.03100007399916649,-0.9777320623397827,-0.20985692739486694,7.685794116696343e-07,0.20985692739486694,-0.9777320623397827,6.135745138635684e-07,0.46690234541893005,-0.07947990298271179,-0.031000088900327682,0.20697107911109924,0.09751293063163757,-0.031000059098005295
172,-0.6624581813812256,-0.26489120721817017,-1.0233474969863892,0.4581833779811859,0.9883018136024475,0.15324920415878296,1.2045538425445557,0.730802059173584,-0.2085266262292862,0.06898275762796402,0.6115922927856445,-0.20902636647224426,0.24947375059127808,-0.5132411122322083,0.24153843522071838,0.4451535940170288,0.2124403864145279,0.6549145579338074,0.43798497319221497,1.4208929538726807,-1.3917572498321533,1.9325916767120361,1.2933902740478516,0.7310987710952759,-0.5588331818580627,-0.14308097958564758,-0.45482099056243896,0.4394185245037079,-0.055228300392627716,-0.22708110511302948,0.4123963713645935,-0.13606823980808258,-0.0075762271881103516,-0.16298246383666992,0.019663020968437195,0.705093264579773,0.6803417205810547,-0.1999465972185135,0.267582505941391,-0.5163906812667847,-0.8134744167327881,0.5515024662017822,-0.4083271026611328,0.19543275237083435,-0.3891427516937256,-0.18328554928302765,0.9027593731880188,0.18208648264408112,-0.9759745597839355,-0.11966021358966827,0.33693671226501465,0.00901651382446289,-0.03100007399916649,-0.9777323007583618,-0.20985658466815948,7.806914368302387e-07,0.20985658466815948,-0.9777323007583618,6.976584359108529e-07,0.46690234541893005,-0.07947996258735657,-0.031000077724456787,0.20697107911109924,0.09751299023628235,-0.03100007027387619
173,-0.6678067445755005,-0.2610875368118286,-0.98501056432724,0.4485209882259369,1.0251396894454956,0.11473707854747772,1.1985983848571777,0.7308077216148376,-0.1205381453037262,0.06769540905952454,0.5878123044967651,-0.18729940056800842,0.3880809545516968,-0.5772326588630676,0.08918484300374985,0.3399922251701355,0.18279950320720673,0.6582470536231995,0.41224849224090576,1.4507369995117188,-1.37926185131073,1.9183151721954346,1.3229256868362427,0.7311107516288757,-0.5834999084472656,0.10464294254779816,-0.44960570335388184,0.40712475776672363,0.18184389173984528,-0.19414229691028595,0.41370728611946106,-0.13876187801361084,-0.006768941879272461,-0.16350984573364258,0.019721224904060364,0.7103237509727478,0.6694708466529846,-0.21736858785152435,0.24556604027748108,-0.5251165628433228,-0.8148313760757446,0.5521504878997803,-0.4336380958557129,0.19608598947525024,-0.441386342048645,-0.1770154982805252,0.879683792591095,0.12899436056613922,-0.9826834201812744,-0.13301804661750793,0.33693671226501465,0.00901651382446289,-0.031000081449747086,-0.9777320623397827,-0.20985721051692963,6.90123329150083e-07,0.20985721051692963,-0.9777320623397827,5.121538606545073e-07,0.46690237522125244,-0.0794798731803894,-0.03100009635090828,0.20697104930877686,0.09751290082931519,-0.03100006654858589
174,-0.6710087060928345,-0.2560531198978424,-0.9466145038604736,0.43937474489212036,1.0538198947906494,0.0749257355928421,1.189857840538025,0.7307958006858826,-0.12386049330234528,0.13250774145126343,0.6170628070831299,-0.22689056396484375,0.09485530853271484,-0.6037462949752808,0.1399499475955963,0.6263684630393982,0.152377188205719,0.6728514432907104,0.38800376653671265,1.4810168743133545,-1.3714637756347656,1.9055843353271484,1.3524205684661865,0.731169581413269,-0.5851028561592102,0.25535136461257935,-0.4243502914905548,0.4220041334629059,0.11070048809051514,-0.17465054988861084,0.4140169024467468,-0.2258909046649933,-0.0059010982513427734,-0.16384410858154297,0.019783899188041687,0.7062743902206421,0.665370762348175,-0.24178121984004974,0.22167541086673737,-0.5322102308273315,-0.8170754313468933,0.5521132946014404,-0.45911312103271484,0.19263741374015808,-0.48545265197753906,-0.1623230278491974,0.8590616583824158,0.07783503085374832,-0.9867349863052368,-0.14246311783790588,0.33693671226501465,0.00901651382446289,-0.03100007399916649,-0.9777323007583618,-0.20985686779022217,7.846755352147738e-07,0.20985686779022217,-0.9777323007583618,6.077066245779861e-07,0.46690237522125244,-0.07947993278503418,-0.031000088900327682,0.20697104930877686,0.09751296043395996,-0.031000059098005295
175,-0.6819510459899902,-0.24881011247634888,-0.9087924957275391,0.43161043524742126,1.051054835319519,0.04739488661289215,1.175338625907898,0.7308739423751831,-0.1666652411222458,0.09907746315002441,0.5489355325698853,-0.13560645282268524,-0.0653022825717926,-0.43142828345298767,-0.19497567415237427,0.12274260073900223,0.12186216562986374,0.6978992223739624,0.36571967601776123,1.5119444131851196,-1.3717687129974365,1.8861501216888428,1.381730318069458,0.7312040328979492,-0.5732592344284058,0.44952836632728577,-0.39007890224456787,0.41172510385513306,-0.0013623142149299383,-0.27482154965400696,0.41192492842674255,-0.2868553400039673,-0.004918336868286133,-0.1638965606689453,0.019816391170024872,0.678452730178833,0.680770218372345,-0.2761409282684326,0.2019401639699936,-0.5342223644256592,-0.8208695650100708,0.5544755458831787,-0.48332977294921875,0.1841617226600647,-0.5220001935958862,-0.14860299229621887,0.8399006128311157,0.03739688917994499,-0.9877467155456543,-0.1515190303325653,0.33693718910217285,0.00901651382446289,-0.03100007027387619,-0.9777320623397827,-0.20985744893550873,5.715822339880106e-07,0.20985744893550873,-0.9777320623397827,2.8127291784585395e-07,0.46690288186073303,-0.07947984337806702,-0.031000100076198578,0.20697149634361267,0.0975128710269928,-0.031000040471553802
176,-0.7037225365638733,-0.2398509383201599,-0.8736283183097839,0.4281986653804779,1.0361366271972656,0.03927205502986908,1.1618101596832275,0.7309545278549194,-0.34983760118484497,0.15448857843875885,0.5239967107772827,-0.09457306563854218,-0.3055588901042938,-0.1720702052116394,-0.21730755269527435,0.07560912519693375,0.09168647229671478,0.7269439101219177,0.345600962638855,1.54107666015625,-1.3694576025009155,1.8661032915115356,1.411025881767273,0.7312067747116089,-0.563724935054779,0.4785323739051819,-0.3556509017944336,0.39175111055374146,0.03655031695961952,-0.28049054741859436,0.41192418336868286,-0.2959871292114258,-0.00403141975402832,-0.16397333145141602,0.019884318113327026,0.6467925310134888,0.7001438736915588,-0.3024201989173889,0.19121257960796356,-0.5327330827713013,-0.8243987560272217,0.5548303127288818,-0.5066609382629395,0.17229780554771423,-0.55217444896698,-0.13385900855064392,0.8229126930236816,-0.0022435043938457966,-0.9867849349975586,-0.16202066838741302,0.33693671226501465,0.00901651382446289,-0.031000081449747086,-0.9777320623397827,-0.20985712110996246,6.995065291448554e-07,0.20985712110996246,-0.9777320623397827,5.124824724589416e-07,0.46690237522125244,-0.07947988063097,-0.031000100076198578,0.20697104930877686,0.09751290827989578,-0.031000062823295593
177,-0.7258555889129639,-0.23256151378154755,-0.8432897329330444,0.42604905366897583,1.0227620601654053,0.03634941577911377,1.1538000106811523,0.7309746742248535,-0.33487430214881897,0.10884743183851242,0.43675610423088074,-0.07131902873516083,-0.26172181963920593,-0.1584133505821228,-0.19273468852043152,-0.2052162140607834,0.06218881905078888,0.7568087577819824,0.32996949553489685,1.5695675611495972,-1.373655080795288,1.8487000465393066,1.439376950263977,0.7311945557594299,-0.5278453230857849,0.4731616675853729,-0.27949246764183044,0.39111992716789246,-0.05793366953730583,-0.24424634873867035,0.398771733045578,-0.27894505858421326,-0.0033838748931884766,-0.1639566421508789,0.019928492605686188,0.622590184211731,0.7141762375831604,-0.31989654898643494,0.18412666022777557,-0.5310025215148926,-0.8271235823631287,0.5558016300201416,-0.5284333229064941,0.1616715043783188,-0.580573320388794,-0.11709663271903992,0.8057438135147095,-0.034642647951841354,-0.9851555824279785,-0.16813161969184875,0.33693671226501465,0.00901651382446289,-0.03100007399916649,-0.9777323007583618,-0.209856778383255,7.756085551591241e-07,0.209856778383255,-0.9777323007583618,6.169348125695251e-07,0.46690237522125244,-0.07947994023561478,-0.031000088900327682,0.20697104930877686,0.09751296788454056,-0.031000059098005295
178,-0.7390124201774597,-0.23422975838184357,-0.817479133605957,0.42012953758239746,1.0076320171356201,0.039592426270246506,1.1551424264907837,0.7310436367988586,-0.12332173436880112,-0.030561279505491257,0.38898593187332153,-0.0996134802699089,-0.22330531477928162,0.04116833209991455,0.012394285760819912,-0.017663242295384407,0.03413594141602516,0.7863379120826721,0.3196614384651184,1.5975512266159058,-1.3840858936309814,1.838347315788269,1.4632527828216553,0.7312084436416626,-0.49321603775024414,0.46252235770225525,-0.19817812740802765,0.3850732743740082,-0.1454450786113739,-0.14508086442947388,0.33615919947624207,-0.2816826403141022,0.003766298294067383,-0.16232824325561523,0.020001448690891266,0.6011143326759338,0.7300336956977844,-0.3251344561576843,0.19115929305553436,-0.5263816118240356,-0.8284808993339539,0.5567333698272705,-0.5483565330505371,0.15373380482196808,-0.604560136795044,-0.09691792726516724,0.7906415462493896,-0.06177394837141037,-0.9838769435882568,-0.1678401380777359,0.33693718910217285,0.00901651382446289,-0.03100007027387619,-0.9777320623397827,-0.20985737442970276,5.783592769148527e-07,0.20985737442970276,-0.9777320623397827,2.801474749958288e-07,0.46690288186073303,-0.07947985082864761,-0.031000100076198578,0.20697149634361267,0.0975128784775734,-0.031000040471553802
179,-0.7468675971031189,-0.2487461119890213,-0.791028618812561,0.40611863136291504,0.9880404472351074,0.049892012029886246,1.1673849821090698,0.731095016002655,-0.08540407568216324,-0.22272878885269165,0.37814873456954956,-0.21700237691402435,-0.2773859202861786,0.1302446871995926,0.16592532396316528,-0.10250630229711533,0.009328345768153667,0.8152846693992615,0.31449905037879944,1.6247700452804565,-1.387955904006958,1.8284409046173096,1.4811331033706665,0.7311244010925293,-0.40489619970321655,0.4675072133541107,-0.09922386705875397,0.36415132880210876,-0.050653308629989624,-0.1415918618440628,0.25105977058410645,-0.015382046811282635,0.01894354820251465,-0.15734434127807617,0.019994661211967468,0.5803127288818359,0.7499917149543762,-0.3174106776714325,0.2149561643600464,-0.5169880390167236,-0.828563392162323,0.556380033493042,-0.5639638900756836,0.14351508021354675,-0.6207824945449829,-0.083701953291893,0.7795018553733826,-0.0866885781288147,-0.980858564376831,-0.1743607372045517,0.33693671226501465,0.00901651382446289,-0.031000081449747086,-0.9777320623397827,-0.2098570317029953,6.97099324042938e-07,0.2098570317029953,-0.9777320623397827,5.153335678187432e-07,0.46690237522125244,-0.0794798880815506,-0.031000100076198578,0.20697104930877686,0.09751291573047638,-0.031000062823295593
180,-0.7571690678596497,-0.26189643144607544,-0.7656021118164062,0.3921681046485901,0.9651233553886414,0.057259056717157364,1.1824803352355957,0.7310681939125061,-0.14894692599773407,-0.19016075134277344,0.3519902229309082,-0.2023199200630188,-0.32001757621765137,0.08625025302171707,0.20755399763584137,-0.08980865776538849,-0.009507735259830952,0.844097912311554,0.3102792203426361,1.6464132070541382,-1.3913804292678833,1.8222692012786865,1.4969244003295898,0.7311347723007202,-0.3136674463748932,0.4851396679878235,-0.08552366495132446,0.2727977931499481,-0.042711708694696426,-0.0882086381316185,0.22157171368598938,-0.017826879397034645,0.030986547470092773,-0.15241289138793945,0.019992157816886902,0.5612092614173889,0.7664411067962646,-0.3124295473098755,0.23273199796676636,-0.5083794593811035,-0.8290876746177673,0.5547120571136475,-0.5762577056884766,0.13268105685710907,-0.6299220323562622,-0.07081644237041473,0.7734231948852539,-0.1075570359826088,-0.9782845973968506,-0.1771748960018158,0.33693671226501465,0.00901651382446289,-0.03100007399916649,-0.9777323007583618,-0.20985668897628784,7.605173664160247e-07,0.20985668897628784,-0.9777323007583618,6.214618224475998e-07,0.46690234541893005,-0.07947995513677597,-0.031000085175037384,0.20697107911109924,0.09751298278570175,-0.031000062823295593
181,-0.7609336376190186,-0.27910518646240234,-0.7401029467582703,0.37583789229393005,0.941980242729187,0.06856419146060944,1.200950264930725,0.7311287522315979,0.029515394940972328,-0.25246313214302063,0.3914071023464203,-0.24893522262573242,-0.3343835175037384,0.14604060351848602,0.2553287446498871,-0.14080575108528137,-0.025066565722227097,0.873047947883606,0.301933228969574,1.6610580682754517,-1.3993257284164429,1.8253543376922607,1.5109871625900269,0.7312811613082886,-0.3119969964027405,0.4946145713329315,-0.17167101800441742,0.17003729939460754,-0.10472963005304337,0.04654797539114952,0.19781388342380524,-0.03755887597799301,0.047887563705444336,-0.14558076858520508,0.019991591572761536,0.5383428335189819,0.7865872383117676,-0.30243608355522156,0.25844287872314453,-0.49568378925323486,-0.8291592001914978,0.5499298572540283,-0.5897865295410156,0.12437351047992706,-0.6315886974334717,-0.046274758875370026,0.773921549320221,-0.1304876059293747,-0.9776331186294556,-0.16494467854499817,0.33693718910217285,0.00901651382446289,-0.03100007027387619,-0.9777320623397827,-0.2098572850227356,5.676595264958451e-07,0.2098572850227356,-0.9777320623397827,2.79815395742844e-07,0.46690285205841064,-0.07947986572980881,-0.031000100076198578,0.20697152614593506,0.09751289337873459,-0.031000040471553802
182,-0.754175066947937,-0.30350348353385925,-0.7128412127494812,0.35484954714775085,0.9168165922164917,0.08715461939573288,1.224097728729248,0.7312945127487183,0.21383193135261536,-0.36279118061065674,0.4293033480644226,-0.3225383758544922,-0.3636534810066223,0.263016015291214,0.3235408067703247,-0.3413066267967224,-0.04178924486041069,0.9025692343711853,0.2932613492012024,1.6733219623565674,-1.4113882780075073,1.829383134841919,1.5105628967285156,0.7312838435173035,-0.3161953389644623,0.49522581696510315,-0.16647693514823914,0.14284582436084747,-0.16416966915130615,0.056805968284606934,-0.004962124861776829,-0.02666630409657955,0.0734865665435791,-0.1346745491027832,0.01999271661043167,0.505184531211853,0.8147145509719849,-0.2846558094024658,0.297942578792572,-0.47420763969421387,-0.8284668922424316,0.5445964336395264,-0.6043229103088379,0.11657707393169403,-0.619827389717102,-0.022468313574790955,0.7844165563583374,-0.15192358195781708,-0.977243185043335,-0.14803791046142578,0.33693671226501465,0.00901651382446289,-0.03100007399916649,-0.9777320623397827,-0.20985692739486694,7.517204494433827e-07,0.20985692739486694,-0.9777320623397827,5.467897494781937e-07,0.46690234541893005,-0.07947990298271179,-0.03100009262561798,0.20697107911109924,0.09751293063163757,-0.031000055372714996
183,-0.7339392900466919,-0.32796987891197205,-0.6833904385566711,0.32654184103012085,0.8885752558708191,0.11673825979232788,1.2499769926071167,0.7315338850021362,0.46781420707702637,-0.3324114680290222,0.478453665971756,-0.4797934293746948,-0.4048646092414856,0.4468015730381012,0.36569157242774963,-0.6197527050971985,-0.06193452328443527,0.9312761425971985,0.29222533106803894,1.6794567108154297,-1.432371973991394,1.8287911415100098,1.4966588020324707,0.7311862707138062,-0.33716705441474915,0.4941963851451874,-0.04212513193488121,0.04959970712661743,-0.28859367966651917,-0.013639256358146667,-0.19254553318023682,-0.26051250100135803,0.10796904563903809,-0.11446380615234375,0.015918537974357605,0.4510611295700073,0.8553825616836548,-0.2546851634979248,0.34815579652786255,-0.4313955307006836,-0.832277238368988,0.5416500568389893,-0.6173052787780762,0.1072014719247818,-0.5953330993652344,-0.011171483434736729,0.8034013509750366,-0.16148985922336578,-0.9778351783752441,-0.13326357305049896,0.33693671226501465,0.00901651382446289,-0.03100007399916649,-0.9777323007583618,-0.20985659956932068,7.704999802626844e-07,0.20985659956932068,-0.9777323007583618,6.156204221952066e-07,0.46690234541893005,-0.07947996258735657,-0.031000088900327682,0.20697107911109924,0.09751299023628235,-0.031000059098005295
184,-0.7070503830909729,-0.35427045822143555,-0.6530668139457703,0.29692649841308594,0.8593688011169434,0.14680776000022888,1.2742704153060913,0.7315015196800232,0.49681973457336426,-0.38236597180366516,0.4746464490890503,-0.45628565549850464,-0.41638457775115967,0.43996933102607727,0.34355494379997253,-0.5806323289871216,-0.0877191349864006,0.9580745100975037,0.3063375651836395,1.6839572191238403,-1.4597934484481812,1.830589771270752,1.474470615386963,0.7310628890991211,-0.4010475277900696,0.4240596294403076,0.18174628913402557,0.04779281094670296,-0.3818609416484833,0.021564370021224022,-0.3097172677516937,-0.09419918805360794,0.1433093547821045,-0.09009504318237305,0.012174360454082489,0.38382792472839355,0.8952539563179016,-0.22626671195030212,0.39603832364082336,-0.3809555768966675,-0.8354799151420593,0.5405442714691162,-0.6270270347595215,0.0974244773387909,-0.5652533769607544,-0.010856159962713718,0.824846088886261,-0.16385139524936676,-0.9785127639770508,-0.1251632571220398,0.33693671226501465,0.00901651382446289,-0.031000081449747086,-0.9777320623397827,-0.20985721051692963,6.616204473175458e-07,0.20985721051692963,-0.9777320623397827,4.446474690666946e-07,0.46690237522125244,-0.0794798731803894,-0.031000103801488876,0.20697104930877686,0.09751290082931519,-0.031000059098005295
185,-0.6787729859352112,-0.3749236464500427,-0.6226276159286499,0.2679499387741089,0.8295851349830627,0.17678779363632202,1.301732063293457,0.7315306663513184,0.5119611024856567,-0.27459412813186646,0.4714849591255188,-0.4712841212749481,-0.4219217300415039,0.4415316581726074,0.38789355754852295,-0.6479364037513733,-0.11223940551280975,0.9664753079414368,0.3293863832950592,1.6908239126205444,-1.4878349304199219,1.8306764364242554,1.4495110511779785,0.7309397459030151,-0.3318551480770111,-0.03292994573712349,0.33527684211730957,0.17070499062538147,-0.4069329798221588,0.0034186411648988724,-0.3490660488605499,0.04964368790388107,0.17467522621154785,-0.06214618682861328,0.006681203842163086,0.3125946521759033,0.9293868541717529,-0.19627681374549866,0.43297529220581055,-0.3233286142349243,-0.8414220213890076,0.5454418659210205,-0.6323356628417969,0.09638959169387817,-0.5506385564804077,-0.020971691235899925,0.8344804048538208,-0.15642394125461578,-0.9793829917907715,-0.1278308779001236,0.33693671226501465,0.00901651382446289,-0.03100007399916649,-0.9777323007583618,-0.20985685288906097,7.462575695171836e-07,0.20985685288906097,-0.9777323007583618,5.496677886185353e-07,0.46690237522125244,-0.07947993278503418,-0.03100009262561798,0.20697104930877686,0.09751296043395996,-0.031000055372714996
186,-0.648675262928009,-0.3914269208908081,-0.5922285914421082,0.2399887591600418,0.7997736930847168,0.20572280883789062,1.330221176147461,0.7315195202827454,0.5277856588363647,-0.2203793227672577,0.46980711817741394,-0.4485679268836975,-0.42180079221725464,0.4246833026409149,0.40212491154670715,-0.6388683319091797,-0.131303071975708,0.9586941003799438,0.35570213198661804,1.7045356035232544,-1.5168157815933228,1.8347853422164917,1.425642967224121,0.7309007048606873,-0.2509992718696594,-0.25691890716552734,0.38133010268211365,0.26511332392692566,-0.4203941226005554,0.0625578835606575,-0.33463773131370544,0.12171391397714615,0.20185256004333496,-0.031651973724365234,0.0001256316900253296,0.23761069774627686,0.9570191502571106,-0.16629929840564728,0.4589090347290039,-0.2614908218383789,-0.8491318821907043,0.55574631690979,-0.6344151496887207,0.10745909810066223,-0.5558184385299683,-0.030161254107952118,0.8307561874389648,-0.14305153489112854,-0.980963945388794,-0.13132347166538239,0.33693718910217285,0.00901651382446289,-0.03100007027387619,-0.9777320623397827,-0.20985746383666992,6.974685788918578e-07,0.20985746383666992,-0.9777320623397827,5.48165871805395e-07,0.46690288186073303,-0.07947984337806702,-0.031000085175037384,0.20697149634361267,0.0975128710269928,-0.031000055372714996
187,-0.6240813732147217,-0.4069526195526123,-0.5638828873634338,0.22217527031898499,0.7710109949111938,0.2229948490858078,1.3595558404922485,0.7314536571502686,0.49666380882263184,-0.2749059200286865,0.4501853585243225,-0.27137935161590576,-0.4399068355560303,0.32434025406837463,0.37694936990737915,-0.6473413109779358,-0.14636869728565216,0.9432719349861145,0.3834460973739624,1.7196632623672485,-1.5462292432785034,1.8489292860031128,1.4055052995681763,0.7309490442276001,-0.19467370212078094,-0.345671147108078,0.3993948698043823,0.27120113372802734,-0.42300304770469666,0.20524753630161285,-0.2824394106864929,0.06941786408424377,0.22193694114685059,-0.01009368896484375,-0.0016356855630874634,0.17747533321380615,0.9722718596458435,-0.15228253602981567,0.4733886122703552,-0.22000253200531006,-0.8529373407363892,0.5658595561981201,-0.6349310874938965,0.1266850382089615,-0.5705043077468872,-0.030198659747838974,0.820739209651947,-0.13144145905971527,-0.9830855131149292,-0.12753842771053314,0.3478209972381592,0.015857219696044922,-0.03099977970123291,-0.98478102684021,-0.17380023002624512,-4.0052218537312e-06,0.17380023002624512,-0.98478102684021,-4.021480890514795e-06,0.47444820404052734,-0.07735352218151093,-0.0309998020529747,0.22119379043579102,0.10906796157360077,-0.03099975734949112
188,-0.593084454536438,-0.4312081038951874,-0.5344772934913635,0.2363896369934082,0.7413594722747803,0.20874343812465668,1.3892128467559814,0.730706512928009,0.4785795211791992,-0.49947941303253174,0.48139819502830505,0.4559663236141205,-0.42489585280418396,-0.23680227994918823,0.4156540632247925,0.35357949137687683,-0.16624286770820618,0.922346293926239,0.41420450806617737,1.733310341835022,-1.5750157833099365,1.87531578540802,1.3845510482788086,0.7310682535171509,-0.33814796805381775,-0.4447282552719116,0.40476149320602417,0.26241937279701233,-0.4119701385498047,0.3842456340789795,-0.29362982511520386,-0.07229321449995041,0.24495148658752441,-0.015217781066894531,0.017172932624816895,0.13422679901123047,0.9715955257415771,-0.19489818811416626,0.49232593178749084,-0.23607170581817627,-0.8377859592437744,0.5709803104400635,-0.6379570960998535,0.15203708410263062,-0.5868879556655884,-0.016981741413474083,0.8094902038574219,-0.13227616250514984,-0.9843368530273438,-0.11655117571353912,0.3689730167388916,0.024345874786376953,-0.03100002184510231,-0.9887251853942871,-0.14974252879619598,1.7126839679804107e-07,0.14974252879619598,-0.9887251853942871,1.0851107390408288e-07,0.49329039454460144,-0.07192397117614746,-0.031000029295682907,0.24465563893318176,0.12061572074890137,-0.031000014394521713
189,-0.5637437701225281,-0.4546862244606018,-0.5046296715736389,0.26268675923347473,0.7114027738571167,0.18553459644317627,1.4188443422317505,0.7307040095329285,0.48234260082244873,-0.3985016942024231,0.4777125120162964,0.47099569439888,-0.42417383193969727,-0.3316412568092346,0.41392913460731506,0.35400038957595825,-0.1859460324048996,0.9100784659385681,0.44261008501052856,1.7152671813964844,-1.604636311531067,1.9050118923187256,1.3625739812850952,0.7310382723808289,-0.23681482672691345,0.009337314404547215,0.4057422876358032,-0.35944175720214844,-0.39503270387649536,0.41046085953712463,-0.3075506389141083,-0.028971079736948013,0.2691051959991455,-0.027710914611816406,0.04406183958053589,0.10213232040405273,0.9617248773574829,-0.25427213311195374,0.5152474641799927,-0.2697923183441162,-0.8134692311286926,0.5686752796173096,-0.6395621299743652,0.1656104028224945,-0.5713275671005249,-0.002047896385192871,0.8207195401191711,-0.13143666088581085,-0.9868617057800293,-0.09395948052406311,0.3893544673919678,0.028927326202392578,-0.031000029295682907,-0.9866563081741333,-0.16281665861606598,-4.287634780553162e-08,0.16281665861606598,-0.9866563081741333,6.908345540068694e-08,0.5149351954460144,-0.06568853557109833,-0.03100001811981201,0.26377373933792114,0.12354318797588348,-0.031000040471553802
190,-0.5353608131408691,-0.45047518610954285,-0.47446417808532715,0.2877874970436096,0.6815184354782104,0.16356611251831055,1.4482629299163818,0.7309203147888184,0.48876580595970154,0.10841315239667892,0.4743918478488922,0.3436763286590576,-0.42568445205688477,-0.29439765214920044,0.41056227684020996,0.082305908203125,-0.20047593116760254,0.9282092452049255,0.4717881381511688,1.6903350353240967,-1.632367491722107,1.934107780456543,1.346917748451233,0.7310401797294617,-0.16626423597335815,0.4888029098510742,0.4126642942428589,-0.462684690952301,-0.3691263794898987,0.3943205177783966,-0.2183513045310974,-0.04434029385447502,0.2892577648162842,-0.033733367919921875,0.06037642061710358,0.06565171480178833,0.9518520832061768,-0.2994454503059387,0.5229238271713257,-0.2884039878845215,-0.8021059036254883,0.5641391277313232,-0.6362752914428711,0.15830008685588837,-0.5313634872436523,0.004017394036054611,0.8471344113349915,-0.12564419209957123,-0.9893028736114502,-0.0741184800863266,0.403644323348999,0.031729698181152344,-0.031000029295682907,-0.9849116802215576,-0.17305819690227509,3.3418615430491627e-07,0.17305819690227509,-0.9849116802215576,2.726154946230963e-07,0.530201256275177,-0.061576418578624725,-0.031000033020973206,0.27708739042282104,0.12503582239151,-0.03100002557039261
191,-0.5074222087860107,-0.4330521523952484,-0.4444255530834198,0.3106805980205536,0.6517019271850586,0.14183984696865082,1.4768555164337158,0.7309388518333435,0.480176717042923,0.25902673602104187,0.4780585765838623,0.3498978018760681,-0.42665383219718933,-0.2988847494125366,0.39931249618530273,0.06487665325403214,-0.2201756238937378,0.9572572708129883,0.5027496218681335,1.6608139276504517,-1.6598786115646362,1.9623030424118042,1.3281333446502686,0.7310911417007446,-0.32010209560394287,0.541784942150116,0.40205103158950806,-0.47579240798950195,-0.37077978253364563,0.3913498818874359,-0.2618539035320282,-0.1197722777724266,0.30821681022644043,-0.03551626205444336,0.0706292986869812,0.025269627571105957,0.9412765502929688,-0.33668991923332214,0.5244205594062805,-0.2992163896560669,-0.7971529960632324,0.5571033954620361,-0.6339817047119141,0.14310583472251892,-0.4764137268066406,0.006706045009195805,0.8791957497596741,-0.12048391997814178,-0.9910354614257812,-0.05772806704044342,0.4107491970062256,0.03309488296508789,-0.031000036746263504,-0.9842782020568848,-0.17662516236305237,4.285189447728044e-08,0.17662516236305237,-0.9842782020568848,-5.174238637550843e-08,0.537643313407898,-0.05975212901830673,-0.0310000479221344,0.2838550806045532,0.1259419023990631,-0.03100002557039261
192,-0.4806381165981293,-0.4078575670719147,-0.4144212305545807,0.33422601222991943,0.6218973398208618,0.12169697880744934,1.505182147026062,0.7309815287590027,0.47421103715896606,0.37612149119377136,0.48045673966407776,0.35248199105262756,-0.4271412491798401,-0.2754460573196411,0.39580249786376953,0.012762883678078651,-0.24324461817741394,0.987610399723053,0.532322108745575,1.6313179731369019,-1.687528133392334,1.9900944232940674,1.3064006567001343,0.7310764193534851,-0.33865147829055786,0.5429949164390564,0.39539530873298645,-0.4703635573387146,-0.37477633357048035,0.38430798053741455,-0.3029930591583252,-0.10815820842981339,0.32736802101135254,-0.03487396240234375,0.07792827486991882,-0.017069578170776367,0.9293283820152283,-0.36885955929756165,0.5241734981536865,-0.3058359622955322,-0.7947996854782104,0.5489394664764404,-0.633509635925293,0.12783867120742798,-0.41751766204833984,0.010172800160944462,0.9086118936538696,-0.11667396128177643,-0.9922604560852051,-0.04250370338559151,0.4115774631500244,0.033251285552978516,-0.031000081449747086,-0.9842360019683838,-0.17686079442501068,1.1947322491323575e-06,0.17686079442501068,-0.9842360019683838,5.05331570366252e-07,0.538493812084198,-0.059565357863903046,-0.031000152230262756,0.28466111421585083,0.12606793642044067,-0.031000010669231415
193,-0.45577460527420044,-0.3802693784236908,-0.38438180088996887,0.35822296142578125,0.5920902490615845,0.10283538699150085,1.5327411890029907,0.7309830784797668,0.44905033707618713,0.39965295791625977,0.48098334670066833,0.3668123185634613,-0.4272361993789673,-0.2601226568222046,0.38516807556152344,0.011809694580733776,-0.2683429419994354,1.0181236267089844,0.5620427131652832,1.6026450395584106,-1.7156908512115479,2.0163230895996094,1.2834585905075073,0.7310633063316345,-0.3765202462673187,0.5371592044830322,0.3925791084766388,-0.45251932740211487,-0.3826941251754761,0.3626479506492615,-0.31998753547668457,-0.09399004280567169,0.3471558094024658,-0.03252124786376953,0.08432047069072723,-0.05961441993713379,0.9152664542198181,-0.39841359853744507,0.5252363085746765,-0.31064510345458984,-0.7922287583351135,0.540968656539917,-0.6334614753723145,0.1128641664981842,-0.3586397171020508,0.011460583657026291,0.9334056377410889,-0.11154893040657043,-0.9932856559753418,-0.030664317309856415,0.4115769863128662,0.033251285552978516,-0.03100011497735977,-0.9842360019683838,-0.1768600344657898,1.0720905265770853e-06,0.1768600344657898,-0.9842360019683838,1.9882998003595276e-07,0.538493275642395,-0.05956543982028961,-0.031000208109617233,0.2846606969833374,0.12606801092624664,-0.03100002184510231
194,-0.4359109103679657,-0.3517117500305176,-0.35413143038749695,0.3799143135547638,0.5622597336769104,0.0890328511595726,1.5580847263336182,0.7310261726379395,0.37586233019828796,0.42669472098350525,0.47564178705215454,0.31076547503471375,-0.4265260398387909,-0.186007559299469,0.3544076979160309,-0.03732822835445404,-0.2955537736415863,1.048779845237732,0.5917025804519653,1.5762635469436646,-1.7441580295562744,2.039036273956299,1.2626436948776245,0.7310382723808289,-0.4108893871307373,0.5310001373291016,0.389660507440567,-0.413548082113266,-0.3881898522377014,0.31315574049949646,-0.2903845012187958,-0.0575636550784111,0.3657972812652588,-0.027390003204345703,0.08793246746063232,-0.10352683067321777,0.9008514285087585,-0.42160263657569885,0.5255609154701233,-0.31032633781433105,-0.7921382784843445,0.5336453914642334,-0.6339907646179199,0.09782247245311737,-0.30468571186065674,0.009191475808620453,0.9524085521697998,-0.10550634562969208,-0.9941251277923584,-0.0241585411131382,0.4115769863128662,0.033251285552978516,-0.03100011497735977,-0.9842360019683838,-0.1768600344657898,9.968589438358322e-07,0.1768600344657898,-0.9842360019683838,1.118325343441029e-08,0.538493275642395,-0.05956543982028961,-0.031000223010778427,0.2846606969833374,0.12606801092624664,-0.031000006943941116
195,-0.42357730865478516,-0.32228097319602966,-0.3237152695655823,0.40166541934013367,0.5323928594589233,0.07434926182031631,1.5791610479354858,0.7309918403625488,0.24877621233463287,0.4272279739379883,0.4667215347290039,0.3315817713737488,-0.4248916208744049,-0.2053859829902649,0.2946465015411377,0.0020747105590999126,-0.32376933097839355,1.0794864892959595,0.6211310029029846,1.5525808334350586,-1.7726377248764038,2.0586884021759033,1.2405446767807007,0.7310112118721008,-0.42046523094177246,0.5247067213058472,0.3884614408016205,-0.3715239465236664,-0.38942280411720276,0.27012884616851807,-0.30863675475120544,-0.016813822090625763,0.3826563358306885,-0.023543357849121094,0.09113924205303192,-0.14418315887451172,0.8836116790771484,-0.4454679489135742,0.5253644585609436,-0.3131343126296997,-0.7911632061004639,0.5270307064056396,-0.6346626281738281,0.08282862603664398,-0.2531017065048218,0.0030693411827087402,0.967434823513031,-0.09898284822702408,-0.9948292970657349,-0.022739790380001068,0.4115769863128662,0.033251285552978516,-0.031000081449747086,-0.9842360019683838,-0.17686015367507935,1.275232989428332e-06,0.17686015367507935,-0.9842360019683838,1.2534327424873482e-06,0.538493275642395,-0.05956542491912842,-0.031000077724456787,0.2846606969833374,0.12606799602508545,-0.031000085175037384
196,-0.42214134335517883,-0.2927291989326477,-0.293071448802948,0.4220455586910248,0.5024980306625366,0.060512229800224304,1.5975922346115112,0.7309865355491638,0.07065175473690033,0.4387821555137634,0.4529137909412384,0.2960435450077057,-0.42270249128341675,-0.19240030646324158,0.25762301683425903,0.0063535734079778194,-0.35200703144073486,1.1099278926849365,0.6503783464431763,1.5290316343307495,-1.800734519958496,2.0757153034210205,1.216269850730896,0.7309728264808655,-0.41088736057281494,0.5240975618362427,0.3888970911502838,-0.37331622838974,-0.3836691379547119,0.23261991143226624,-0.3393317461013794,0.009927196428179741,0.39618754386901855,-0.021611690521240234,0.09305179119110107,-0.17867040634155273,0.8659902811050415,-0.46705225110054016,0.5229783058166504,-0.3184940814971924,-0.7906043529510498,0.5208919048309326,-0.6346631050109863,0.06749798357486725,-0.20119202136993408,-0.007173921912908554,0.9795255064964294,-0.09085632860660553,-0.995525598526001,-0.025952763855457306,0.4115769863128662,0.033251285552978516,-0.031000077724456787,-0.9842360019683838,-0.17686019837856293,1.2424607120919973e-06,0.17686019837856293,-0.9842360019683838,1.1958009054069407e-06,0.538493275642395,-0.05956542491912842,-0.031000077724456787,0.2846606969833374,0.12606799602508545,-0.031000077724456787
197,-0.43039262294769287,-0.2627391219139099,-0.26257750391960144,0.4425073564052582,0.4726221561431885,0.04509526491165161,1.611656904220581,0.7309433817863464,-0.08011288195848465,0.43901973962783813,0.44344383478164673,0.3080940246582031,-0.42106661200523376,-0.21793362498283386,0.19631648063659668,0.05633820220828056,-0.3797145485877991,1.1405506134033203,0.6796106696128845,1.5059916973114014,-1.8281739950180054,2.089383125305176,1.189910888671875,0.7309283018112183,-0.398969829082489,0.5221588015556335,0.39080196619033813,-0.36380690336227417,-0.37533435225486755,0.18541766703128815,-0.36897245049476624,0.0641591027379036,0.40712428092956543,-0.02284860610961914,0.09481289982795715,-0.2076658010482788,0.8469250798225403,-0.48948222398757935,0.5195019841194153,-0.32850563526153564,-0.7887976765632629,0.515397310256958,-0.6335844993591309,0.051345109939575195,-0.1490422487258911,-0.022452890872955322,0.9885759949684143,-0.08094292879104614,-0.996110200881958,-0.0348273366689682,0.4115774631500244,0.033251285552978516,-0.031000111252069473,-0.9842360019683838,-0.17686039209365845,8.570908107685682e-07,0.17686039209365845,-0.9842360019683838,1.5935370356601197e-07,0.5384937524795532,-0.05956540256738663,-0.031000185757875443,0.2846611440181732,0.12606796622276306,-0.031000036746263504
198,-0.44653886556625366,-0.23307707905769348,-0.232163667678833,0.46008753776550293,0.44277921319007874,0.028898192569613457,1.6187434196472168,0.7309584021568298,-0.20125648379325867,0.4473491907119751,0.4345554709434509,0.24650202691555023,-0.4200609624385834,-0.22495462000370026,0.09861242026090622,0.03698939457535744,-0.4075843095779419,1.1715235710144043,0.7090418934822083,1.4864643812179565,-1.8548214435577393,2.0968823432922363,1.1639021635055542,0.7308719754219055,-0.4092545509338379,0.5142078995704651,0.3923087418079376,-0.3037374019622803,-0.36643239855766296,0.09936077892780304,-0.3646158277988434,0.13183048367500305,0.41514086723327637,-0.02563333511352539,0.09495551884174347,-0.2365415096282959,0.8263223767280579,-0.5111160278320312,0.5139991044998169,-0.3399885892868042,-0.7875359654426575,0.511091947555542,-0.631904125213623,0.03395426273345947,-0.10165596008300781,-0.044714104384183884,0.99381422996521,-0.0707007646560669,-0.9961385726928711,-0.05205057933926582,0.4115774631500244,0.033251285552978516,-0.031000111252069473,-0.9842360019683838,-0.17686046659946442,8.466952863273036e-07,0.17686046659946442,-0.9842360019683838,8.415931773697594e-08,0.5384937524795532,-0.05956539511680603,-0.03100019320845604,0.2846611440181732,0.12606796622276306,-0.031000029295682907
199,0.16844438016414642,-0.5050534009933472,0.36624786257743835,0.965438187122345,-0.07901821285486221,1.2808912992477417,-0.1659652143716812,0.8137399554252625,0.0,0.0,0.0,0.0,0.0,0.0,0.0,0.0,0.3728887140750885,-0.09346833825111389,0.21370811760425568,0.8095414638519287,0.2156670242547989,1.7427752017974854,-0.02557668648660183,0.7958098649978638,0.0,0.0,0.0,0.0,0.0,0.0,0.0,0.0,0.3651087284088135,0.48793792724609375,0.23461869359016418,0.5999597311019897,-0.7524792551994324,0.2717045843601227,0.2574840486049652,-0.13993191719055176,-0.9560967683792114,0.0567777156829834,-0.19741535186767578,0.11192810535430908,0.4447758197784424,-0.8798685669898987,-0.16734932363033295,-0.719201385974884,-0.2395080327987671,-0.6522157788276672,0.33824849128723145,0.01487874984741211,-0.03099999949336052,-0.9857316017150879,-0.1683255434036255,-0.0,0.1683255434036255,-0.9857316017150879,0.0,0.46435585618019104,-0.07903420925140381,-0.03099999949336052,0.21214112639427185,0.10879170894622803,-0.03099999949336052
