step,env_index,observation,action,clipped_action,physical_action
0,0,"[-0.004516995511949062, -0.47795775532722473, -0.005998285952955484, 0.857609748840332, -0.03215895593166351, 1.2798911333084106, 0.0500529482960701, 0.10000000149011612, 0.0, 0.0, 0.0, 0.0, 0.0, 0.0, 0.0, 0.0, 0.0, -0.47699999809265137, 0.0, 0.8571975827217102, 0.0, 1.2771975994110107, -1.5707963705062866, 0.10000000149011612]","[-0.15978938341140747, -0.2606324553489685, -0.23845872282981873, 0.5429840087890625, 0.11273066699504852, 1.1745163202285767, -3.634781837463379, -1.7576736211776733]","[-0.15978938341140747, -0.2606324553489685, -0.23845872282981873, 0.5429840087890625, 0.11273066699504852, 1.0, -1.0, -1.0]","[-0.15978938341140747, -0.2606324553489685, -0.23845872282981873, 0.5429840087890625, 0.11273066699504852, 1.0, -1.0, -1.0]"
1,0,"[-0.010139145888388157, -0.48767954111099243, -0.017315702512860298, 0.8848313093185425, -0.029497280716896057, 1.337012767791748, -0.0057648299261927605, 0.0716513842344284, -0.1796274334192276, -0.28997090458869934, -0.25968876481056213, 0.5959232449531555, 0.09835096448659897, 1.0846967697143555, -1.0785857439041138, -1.7730965614318848, 0.0, -0.47699999809265137, 0.0, 0.8571975827217102, 0.0, 1.2771975994110107, -1.5707963705062866, 0.10000000149011612]","[-0.09414119273424149, -0.2151368260383606, -0.1571100354194641, 0.45956745743751526, 0.1006365567445755, 0.9810190200805664, -3.49804425239563, -1.216905117034912]","[-0.09414119273424149, -0.2151368260383606, -0.1571100354194641, 0.45956745743751526, 0.1006365567445755, 0.9810190200805664, -1.0, -1.0]","[-0.09414119273424149, -0.2151368260383606, -0.1571100354194641, 0.45956745743751526, 0.1006365567445755, 0.9810190200805664, -1.0, -1.0]"
2,0,"[-0.01665620692074299, -0.500758707523346, -0.026759475469589233, 0.9119003415107727, -0.030217086896300316, 1.3923254013061523, -0.06107856333255768, 0.04795818403363228, -0.15256255865097046, -0.23929835855960846, -0.17936661839485168, 0.517106294631958, 0.17177438735961914, 1.0738837718963623, -1.1125398874282837, 10.601449966430664, 0.0, -0.47699999809265137, 0.0, 0.8571975827217102, 0.0, 1.2771975994110107, -1.5707963705062866, 0.10000000149011612]","[-0.11203274875879288, -0.11836494505405426, -0.06574403494596481, 0.6470416188240051, 0.14412431418895721, 0.9723649024963379, -3.190147876739502, -0.4678555428981781]","[-0.11203274875879288, -0.11836494505405426, -0.06574403494596481, 0.6470416188240051, 0.14412431418895721, 0.9723649024963379, -1.0, -0.4678555428981781]","[-0.11203274875879288, -0.11836494505405426, -0.06574403494596481, 0.6470416188240051, 0.14412431418895721, 0.9723649024963379, -1.0, -0.4678555428981781]"
3,0,"[-0.023854011669754982, -0.5073819756507874, -0.03107645735144615, 0.9480106234550476, -0.023391136899590492, 1.447794795036316, -0.11780381947755814, 0.06068949028849602, -0.12803053855895996, -0.1337171494960785, -0.07420329004526138, 0.7073752284049988, 0.1638849526643753, 1.0570905208587646, -1.0894441604614258, 1.2592780590057373, 0.0, -0.47699999809265137, 0.0, 0.8571975827217102, 0.0, 1.2771975994110107, -1.5707963705062866, 0.10000000149011612]","[-0.07530287653207779, -0.19425803422927856, -0.1481124758720398, 0.4052956700325012, 0.11065080761909485, 0.8756754398345947, -3.5160489082336426, -1.1155561208724976]","[-0.07530287653207779, -0.19425803422927856, -0.1481124758720398, 0.4052956700325012, 0.11065080761909485, 0.8756754398345947, -1.0, -1.0]","[-0.07530287653207779, -0.19425803422927856, -0.1481124758720398, 0.4052956700325012, 0.11065080761909485, 0.8756754398345947, -1.0, -1.0]"
4,0,"[-0.02741083689033985, -0.518841028213501, -0.039023395627737045, 0.9721890687942505, -0.020188258960843086, 1.4969284534454346, -0.17426350712776184, 0.04966600239276886, -0.05435745418071747, -0.2220960408449173, -0.12805268168449402, 0.4327789545059204, -0.009614408016204834, 0.9327044486999512, -1.0582499504089355, -13.322697639465332, 0.0, -0.47699999809265137, 0.0, 0.8571975827217102, 0.0, 1.2771975994110107, -1.5707963705062866, 0.10000000149011612]","[0.3263607323169708, -0.3588154911994934, -0.04878897964954376, 0.38245901465415955, -0.032226450741291046, 0.4960910975933075, -2.722020387649536, -0.6251290440559387]","[0.3263607323169708, -0.3588154911994934, -0.04878897964954376, 0.38245901465415955, -0.032226450741291046, 0.4960910975933075, -1.0, -0.6251290440559387]","[0.3263607323169708, -0.3588154911994934, -0.04878897964954376, 0.38245901465415955, -0.032226450741291046, 0.4960910975933075, -1.0, -0.6251290440559387]"
5,0,"[-0.011990887112915516, -0.5376400351524353, -0.04397791251540184, 0.9931008219718933, -0.02148897759616375, 1.5255283117294312, -0.2314843237400055, 0.0502188578248024, 0.3611465096473694, -0.4000064730644226, -0.04848932847380638, 0.4220495820045471, -0.03901941701769829, 0.5370579957962036, -1.085080623626709, -0.3283020555973053, 0.0, -0.47699999809265137, 0.0, 0.8571975827217102, 0.0, 1.2771975994110107, -1.5707963705062866, 0.10000000149011612]","[-0.09158533066511154, -0.12441176921129227, -0.09802058339118958, 0.2571577727794647, 0.11172705888748169, 0.6611419916152954, -3.3796794414520264, -1.0459750890731812]","[-0.09158533066511154, -0.12441176921129227, -0.09802058339118958, 0.2571577727794647, 0.11172705888748169, 0.6611419916152954, -1.0, -1.0]","[-0.09158533066511154, -0.12441176921129227, -0.09802058339118958, 0.2571577727794647, 0.11172705888748169, 0.6611419916152954, -1.0, -1.0]"
6,0,"[-0.014569124206900597, -0.547770619392395, -0.04749595746397972, 1.0098156929016113, -0.01852256990969181, 1.5620394945144653, -0.28800636529922485, 0.050946194678545, -0.10201095044612885, -0.14060886204242706, -0.11223949491977692, 0.2822796404361725, 0.1373734325170517, 0.7252177000045776, -1.084909200668335, -0.41488566994667053, 0.0, -0.47699999809265137, 0.0, 0.8571975827217102, 0.0, 1.2771975994110107, -1.5707963705062866, 0.10000000149011612]","[-0.07167796045541763, -0.10368185490369797, -0.08015598356723785, 0.21744780242443085, 0.11275236308574677, 0.5718762874603271, -3.3260273933410645, -1.0148180723190308]","[-0.07167796045541763, -0.10368185490369797, -0.08015598356723785, 0.21744780242443085, 0.11275236308574677, 0.5718762874603271, -1.0, -1.0]","[-0.07167796045541763, -0.10368185490369797, -0.08015598356723785, 0.21744780242443085, 0.11275236308574677, 0.5718762874603271, -1.0, -1.0]"
7,0,"[-0.018938610330224037, -0.5541262030601501, -0.05218924954533577, 1.0224735736846924, -0.014776325784623623, 1.593835473060608, -0.3447476625442505, 0.05799882858991623, -0.08549785614013672, -0.11348073184490204, -0.09622950851917267, 0.2348048835992813, 0.16853508353233337, 0.6360904574394226, -1.0924419164657593, 1.455711841583252, 0.0, -0.47699999809265137, 0.0, 0.8571975827217102, 0.0, 1.2771975994110107, -1.5707963705062866, 0.10000000149011612]","[-0.07274395227432251, -0.11057640612125397, -0.0830669105052948, 0.24396739900112152, 0.10931418836116791, 0.5678400993347168, -3.3532891273498535, -1.0545235872268677]","[-0.07274395227432251, -0.11057640612125397, -0.0830669105052948, 0.24396739900112152, 0.10931418836116791, 0.5678400993347168, -1.0, -1.0]","[-0.07274395227432251, -0.11057640612125397, -0.0830669105052948, 0.24396739900112152, 0.10931418836116791, 0.5678400993347168, -1.0, -1.0]"
8,0,"[-0.02287338115274906, -0.5602367520332336, -0.056729841977357864, 1.0361460447311401, -0.012027241289615631, 1.6248633861541748, -0.4015195965766907, 0.049262166023254395, -0.07477641105651855, -0.12909330427646637, -0.08971024304628372, 0.2597716450691223, 0.11807192862033844, 0.6238904595375061, -1.0826534032821655, -4.26610803604126, 0.0, -0.47699999809265137, 0.0, 0.8571975827217102, 0.0, 1.2771975994110107, -1.5707963705062866, 0.10000000149011612]","[0.05276346951723099, -0.11235842108726501, -0.05568009242415428, 0.13577674329280853, 0.0834885686635971, 0.3161579370498657, -3.0454659461975098, -0.8285092711448669]","[0.05276346951723099, -0.11235842108726501, -0.05568009242415428, 0.13577674329280853, 0.0834885686635971, 0.3161579370498657, -1.0, -0.8285092711448669]","[0.05276346951723099, -0.11235842108726501, -0.05568009242415428, 0.13577674329280853, 0.0834885686635971, 0.3161579370498657, -1.0, -0.8285092711448669]"
9,0,"[-0.02052885852754116, -0.5674169063568115, -0.06026454269886017, 1.0443580150604248, -0.012752655893564224, 1.6405495405197144, -0.45819902420043945, 0.050129614770412445, 0.06912405788898468, -0.13386981189250946, -0.053569164127111435, 0.1407177448272705, -0.020102612674236298, 0.2962631285190582, -1.0756499767303467, -0.19496506452560425, 0.0, -0.47699999809265137, 0.0, 0.8571975827217102, 0.0, 1.2771975994110107, -1.5707963705062866, 0.10000000149011612]","[-0.045088496059179306, -0.07895620167255402, -0.043514471501111984, 0.14061647653579712, 0.11116397380828857, 0.4051045775413513, -3.2294163703918457, -0.9438431859016418]","[-0.045088496059179306, -0.07895620167255402, -0.043514471501111984, 0.14061647653579712, 0.11116397380828857, 0.4051045775413513, -1.0, -0.9438431859016418]","[-0.045088496059179306, -0.07895620167255402, -0.043514471501111984, 0.14061647653579712, 0.11116397380828857, 0.4051045775413513, -1.0, -0.9438431859016418]"
10,0,"[-0.022619828581809998, -0.5723262429237366, -0.06230785697698593, 1.052544116973877, -0.01003220770508051, 1.661814570426941, -0.5150366425514221, 0.056634172797203064, -0.0550052672624588, -0.08608032017946243, -0.05245719850063324, 0.1506255716085434, 0.1462317705154419, 0.45277783274650574, -1.0885560512542725, 0.646269679069519, 0.0, -0.47699999809265137, 0.0, 0.8571975827217102, 0.0, 1.2771975994110107, -1.5707963705062866, 0.10000000149011612]","[-0.046064455062150955, -0.07320284843444824, -0.03739576414227486, 0.1380246877670288, 0.10933328419923782, 0.3748643398284912, -3.2179079055786133, -0.9542969465255737]","[-0.046064455062150955, -0.07320284843444824, -0.03739576414227486, 0.1380246877670288, 0.10933328419923782, 0.3748643398284912, -1.0, -0.9542969465255737]","[-0.046064455062150955, -0.07320284843444824, -0.03739576414227486, 0.1380246877670288, 0.10933328419923782, 0.3748643398284912, -1.0, -0.9542969465255737]"
11,0,"[-0.025018662214279175, -0.576697826385498, -0.06423050910234451, 1.0602627992630005, -0.0078146206215024, 1.6808665990829468, -0.5719489455223083, 0.0487278550863266, -0.029315095394849777, -0.09251905232667923, -0.023277560248970985, 0.14880399405956268, -0.13097891211509705, 0.25247642397880554, -1.0758216381072998, 0.20433621108531952, 0.0, -0.47699999809265137, 0.0, 0.8571975827217102, 0.0, 1.2771975994110107, -1.5707963705062866, 0.10000000149011612]","[-0.02621016837656498, -0.06524845957756042, -0.027457155287265778, 0.10324916243553162, 0.10348442196846008, 0.3077835738658905, -3.16383695602417, -0.8485934734344482]","[-0.02621016837656498, -0.06524845957756042, -0.027457155287265778, 0.10324916243553162, 0.10348442196846008, 0.3077835738658905, -1.0, -0.8485934734344482]","[-0.02621016837656498, -0.06524845957756042, -0.027457155287265778, 0.10324916243553162, 0.10348442196846008, 0.3077835738658905, -1.0, -0.8485934734344482]"
12,0,"[-0.02672726660966873, -0.580790638923645, -0.06580334901809692, 1.0665110349655151, -0.004917273297905922, 1.6964538097381592, -0.6289277672767639, 0.05465171858668327, -0.026333598420023918, -0.07500237226486206, -0.05322388559579849, 0.1172461062669754, 0.23860742151737213, 0.42278537154197693, -1.0872045755386353, -0.5679773092269897, 0.0, -0.47699999809265137, 0.0, 0.8571975827217102, 0.0, 1.2771975994110107, -1.5707963705062866, 0.10000000149011612]","[-0.009020993486046791, -0.055578261613845825, -0.012022815644741058, 0.05740254744887352, 0.1025729700922966, 0.23802146315574646, -3.0904080867767334, -0.8388609886169434]","[-0.009020993486046791, -0.055578261613845825, -0.012022815644741058, 0.05740254744887352, 0.1025729700922966, 0.23802146315574646, -1.0, -0.8388609886169434]","[-0.009020993486046791, -0.055578261613845825, -0.012022815644741058, 0.05740254744887352, 0.1025729700922966, 0.23802146315574646, -1.0, -0.8388609886169434]"
13,0,"[-0.027261802926659584, -0.5845051407814026, -0.06649661064147949, 1.0698635578155518, -0.0015516614075750113, 1.708362102508545, -0.6859280467033386, 0.04941997304558754, 0.0008342498913407326, -0.06793825328350067, -0.0028440714813768864, 0.05338443070650101, 0.08618847280740738, 0.246118426322937, -1.084155559539795, -6.042982578277588, 0.0, -0.47699999809265137, 0.0, 0.8571975827217102, 0.0, 1.2771975994110107, -1.5707963705062866, 0.10000000149011612]","[0.15988731384277344, -0.10640896111726761, -0.02545500546693802, 0.03397299721837044, 0.05257103964686394, 0.06046806275844574, -2.691044807434082, -0.6430978775024414]","[0.15988731384277344, -0.10640896111726761, -0.02545500546693802, 0.03397299721837044, 0.05257103964686394, 0.06046806275844574, -1.0, -0.6430978775024414]","[0.15988731384277344, -0.10640896111726761, -0.02545500546693802, 0.03397299721837044, 0.05257103964686394, 0.06046806275844574, -1.0, -0.6430978775024414]"
14,0,"[-0.01866050623357296, -0.590345025062561, -0.06817417591810226, 1.0716086626052856, -0.0019538679625838995, 1.7091675996780396, -0.7429314255714417, 0.0480494387447834, 0.16349224746227264, -0.11319855600595474, -0.04081488028168678, 0.054131846874952316, 0.1069294810295105, 0.09946794807910919, -1.0887360572814941, 6.213615894317627, 0.0, -0.47699999809265137, 0.0, 0.8571975827217102, 0.0, 1.2771975994110107, -1.5707963705062866, 0.10000000149011612]","[-0.06768233329057693, 0.07626502960920334, 0.007171414792537689, 0.16095612943172455, 0.10738826543092728, 0.2300490438938141, -2.764845609664917, -0.3923657536506653]","[-0.06768233329057693, 0.07626502960920334, 0.007171414792537689, 0.16095612943172455, 0.10738826543092728, 0.2300490438938141, -1.0, -0.3923657536506653]","[-0.06768233329057693, 0.07626502960920334, 0.007171414792537689, 0.16095612943172455, 0.10738826543092728, 0.2300490438938141, -1.0, -0.3923657536506653]"
15,0,"[-0.021764462813735008, -0.5873664617538452, -0.0671883150935173, 1.0808666944503784, 0.002801941242069006, 1.7211189270019531, -0.7999697923660278, 0.04946284368634224, -0.06399473547935486, 0.07292406260967255, 0.01922215335071087, 0.16092391312122345, 0.08006933331489563, 0.22871720790863037, -1.0822235345840454, -7.738765716552734, 0.0, -0.47699999809265137, 0.0, 0.8571975827217102, 0.0, 1.2771975994110107, -1.5707963705062866, 0.10000000149011612]","[0.22118590772151947, -0.1372648924589157, -0.006265483796596527, 0.024648141115903854, 0.023554736748337746, -0.020186007022857666, -2.442587375640869, -0.5041056871414185]","[0.22118590772151947, -0.1372648924589157, -0.006265483796596527, 0.024648141115903854, 0.023554736748337746, -0.020186007022857666, -1.0, -0.5041056871414185]","[0.22118590772151947, -0.1372648924589157, -0.006265483796596527, 0.024648141115903854, 0.023554736748337746, -0.020186007022857666, -1.0, -0.5041056871414185]"
16,0,"[-0.010135671123862267, -0.5937561392784119, -0.0682205930352211, 1.0819731950759888, 0.0021302427630871534, 1.7180066108703613, -0.8570038080215454, 0.0484301894903183, 0.2238764762878418, -0.13229107856750488, -0.027805600315332413, 0.0594196692109108, 0.11290958523750305, 0.04763802886009216, -1.09176504611969, 11.018423080444336, 0.0, -0.47699999809265137, 0.0, 0.8571975827217102, 0.0, 1.2771975994110107, -1.5707963705062866, 0.10000000149011612]","[-0.22529931366443634, 0.2960923910140991, 0.17631129920482635, 0.008567910641431808, 0.08071577548980713, 0.056938134133815765, -1.8829820156097412, -0.18578064441680908]","[-0.22529931366443634, 0.2960923910140991, 0.17631129920482635, 0.008567910641431808, 0.08071577548980713, 0.056938134133815765, -1.0, -0.18578064441680908]","[-0.22529931366443634, 0.2960923910140991, 0.17631129920482635, 0.008567910641431808, 0.08071577548980713, 0.056938134133815765, -1.0, -0.18578064441680908]"
17,0,"[-0.02241903357207775, -0.5818299055099487, -0.05772477388381958, 1.0844544172286987, 0.004439996089786291, 1.7186341285705566, -0.9140064120292664, 0.049482185393571854, -0.25620314478874207, 0.33217889070510864, 0.1875791847705841, 0.03452039510011673, 0.09979596734046936, 0.061631590127944946, -1.0868221521377563, 4.966573715209961, 0.0, -0.47699999809265137, 0.0, 0.8571975827217102, 0.0, 1.2771975994110107, -1.5707963705062866, 0.10000000149011612]","[-0.03334157168865204, 0.017751039937138557, 0.003901895135641098, 0.05260318145155907, 0.09040901064872742, 0.11807046085596085, -2.698136806488037, -0.2992841303348541]","[-0.03334157168865204, 0.017751039937138557, 0.003901895135641098, 0.05260318145155907, 0.09040901064872742, 0.11807046085596085, -1.0, -0.2992841303348541]","[-0.03334157168865204, 0.017751039937138557, 0.003901895135641098, 0.05260318145155907, 0.09040901064872742, 0.11807046085596085, -1.0, -0.2992841303348541]"
18,0,"[-0.023827847093343735, -0.5776171088218689, -0.05698196217417717, 1.0859899520874023, 0.008875057101249695, 1.7244127988815308, -0.9710472226142883, 0.049094028770923615, -0.03581603616476059, 0.017015185207128525, 0.003621443174779415, 0.05619218572974205, 0.1000308021903038, 0.1332513839006424, -1.085707187652588, -0.4665513336658478, 0.0, -0.47699999809265137, 0.0, 0.8571975827217102, 0.0, 1.2771975994110107, -1.5707963705062866, 0.10000000149011612]","[0.01683279126882553, -0.060441404581069946, 0.0054176077246665955, -0.09611983597278595, 0.056025296449661255, 0.01987709105014801, -2.795968770980835, -0.4410380721092224]","[0.01683279126882553, -0.060441404581069946, 0.0054176077246665955, -0.09611983597278595, 0.056025296449661255, 0.01987709105014801, -1.0, -0.4410380721092224]","[0.01683279126882553, -0.060441404581069946, 0.0054176077246665955, -0.09611983597278595, 0.056025296449661255, 0.01987709105014801, -1.0, -0.4410380721092224]"
19,0,"[-0.022887131199240685, -0.5813478231430054, -0.05664309486746788, 1.0807398557662964, 0.0095141576603055, 1.7221306562423706, -1.0280163288116455, 0.04954289644956589, 0.02849993295967579, -0.08143529295921326, 0.023466404527425766, -0.1193075031042099, 0.022128373384475708, -0.023058593273162842, -1.0816254615783691, -11.03459358215332, 0.0, -0.47699999809265137, 0.0, 0.8571975827217102, 0.0, 1.2771975994110107, -1.5707963705062866, 0.10000000149011612]","[0.3536369800567627, -0.1822853833436966, 0.014743998646736145, 0.06201406940817833, -0.029143908992409706, -0.07589486241340637, -1.940274715423584, -0.35876962542533875]","[0.3536369800567627, -0.1822853833436966, 0.014743998646736145, 0.06201406940817833, -0.029143908992409706, -0.07589486241340637, -1.0, -0.35876962542533875]","[0.3536369800567627, -0.1822853833436966, 0.014743998646736145, 0.06201406940817833, -0.029143908992409706, -0.07589486241340637, -1.0, -0.35876962542533875]"
20,0,"[-0.0040675136260688305, -0.5897999405860901, -0.05688774213194847, 1.0827006101608276, 0.006324302405118942, 1.7159583568572998, -1.0850112438201904, 0.049701396375894547, 0.39783504605293274, -0.21547679603099823, 0.03336063399910927, 0.05217594653367996, -0.07474350929260254, -0.13903650641441345, -1.0813456773757935, -9.1300687789917, 0.0, -0.47699999809265137, 0.0, 0.8571975827217102, 0.0, 1.2771975994110107, -1.5707963705062866, 0.10000000149011612]","[0.2481401115655899, -0.11633704602718353, 0.029320884495973587, 0.004679333418607712, -0.015888342633843422, -0.09057077765464783, -1.9886201620101929, -0.40098002552986145]","[0.2481401115655899, -0.11633704602718353, 0.029320884495973587, 0.004679333418607712, -0.015888342633843422, -0.09057077765464783, -1.0, -0.40098002552986145]","[0.2481401115655899, -0.11633704602718353, 0.029320884495973587, 0.004679333418607712, -0.015888342633843422, -0.09057077765464783, -1.0, -0.40098002552986145]"
21,0,"[0.01046206895262003, -0.5975262522697449, -0.05481032654643059, 1.0835884809494019, 0.004176382906734943, 1.7083210945129395, -1.1419885158538818, 0.04883263260126114, 0.2572431266307831, -0.10795880854129791, 0.025319235399365425, 0.04976295679807663, 0.02133426070213318, -0.06537814438343048, -1.0893009901046753, 7.797564506530762, 0.0, -0.47699999809265137, 0.0, 0.8571975827217102, 0.0, 1.2771975994110107, -1.5707963705062866, 0.10000000149011612]","[-0.23121656477451324, 0.3078605830669403, 0.1429961919784546, -0.12543250620365143, 0.05647675320506096, -0.0903371274471283, -1.7131752967834473, 0.03383507952094078]","[-0.23121656477451324, 0.3078605830669403, 0.1429961919784546, -0.12543250620365143, 0.05647675320506096, -0.0903371274471283, -1.0, 0.03383507952094078]","[-0.23121656477451324, 0.3078605830669403, 0.1429961919784546, -0.12543250620365143, 0.05647675320506096, -0.0903371274471283, -1.0, 0.03383507952094078]"
22,0,"[-0.0017683969344943762, -0.585289716720581, -0.0458657331764698, 1.0793479681015015, 0.00805494375526905, 1.7039215564727783, -1.1990958452224731, 0.05351366102695465, -0.2526176869869232, 0.3411482572555542, 0.15366452932357788, -0.14140954613685608, 0.06623874604701996, -0.08535362780094147, -1.0866159200668335, 0.8239803314208984, 0.0, -0.47699999809265137, 0.0, 0.8571975827217102, 0.0, 1.2771975994110107, -1.5707963705062866, 0.10000000149011612]","[-0.058437779545784, -0.0007140841335058212, 0.01775435358285904, -0.15010316669940948, 0.04527760669589043, -0.05310028791427612, -2.523411750793457, -0.19589433073997498]","[-0.058437779545784, -0.0007140841335058212, 0.01775435358285904, -0.15010316669940948, 0.04527760669589043, -0.05310028791427612, -1.0, -0.19589433073997498]","[-0.058437779545784, -0.0007140841335058212, 0.01775435358285904, -0.15010316669940948, 0.04527760669589043, -0.05310028791427612, -1.0, -0.19589433073997498]"
23,0,"[-0.004853146616369486, -0.5819488763809204, -0.044595979154109955, 1.0694409608840942, 0.010999414138495922, 1.7016550302505493, -1.2561893463134766, 0.04971083998680115, -0.061753030866384506, -9.938259609043598e-05, 0.02106720767915249, -0.16808226704597473, 0.04261556640267372, -0.0707043781876564, -1.084972620010376, -1.9982868432998657, 0.0, -0.47699999809265137, 0.0, 0.8571975827217102, 0.0, 1.2771975994110107, -1.5707963705062866, 0.10000000149011612]","[-0.0014166333712637424, -0.008477536961436272, 0.017231525853276253, -0.1835380494594574, 0.023402178660035133, -0.17676043510437012, -2.275329828262329, -0.09161950647830963]","[-0.0014166333712637424, -0.008477536961436272, 0.017231525853276253, -0.1835380494594574, 0.023402178660035133, -0.17676043510437012, -1.0, -0.09161950647830963]","[-0.0014166333712637424, -0.008477536961436272, 0.017231525853276253, -0.1835380494594574, 0.023402178660035133, -0.17676043510437012, -1.0, -0.09161950647830963]"
24,0,"[-0.0051582008600234985, -0.5826833248138428, -0.04375269636511803, 1.059082269668579, 0.011716269887983799, 1.6901099681854248, -1.313183069229126, 0.04978036507964134, -0.000937900971621275, -0.007713786326348782, 0.01875920407474041, -0.20289556682109833, 0.028025120496749878, -0.1825311928987503, -1.086356520652771, 0.053914621472358704, 0.0, -0.47699999809265137, 0.0, 0.8571975827217102, 0.0, 1.2771975994110107, -1.5707963705062866, 0.10000000149011612]","[-0.0317012220621109, 0.032729245722293854, 0.036619096994400024, -0.16475550830364227, 0.0188316460698843, -0.1386188417673111, -2.2857160568237305, 0.0015397630631923676]","[-0.0317012220621109, 0.032729245722293854, 0.036619096994400024, -0.16475550830364227, 0.0188316460698843, -0.1386188417673111, -1.0, 0.0015397630631923676]","[-0.0317012220621109, 0.032729245722293854, 0.036619096994400024, -0.16475550830364227, 0.0188316460698843, -0.1386188417673111, -1.0, 0.0015397630631923676]"
25,0,"[-0.006930022034794092, -0.581277072429657, -0.041641660034656525, 1.0497076511383057, 0.012298408895730972, 1.680578589439392, -1.3701512813568115, 0.04998134821653366, -0.034210577607154846, 0.03471539169549942, 0.04072336480021477, -0.17721138894557953, 0.017436057329177856, -0.16412387788295746, -1.0851269960403442, -1.1432768106460571, 0.0, -0.47699999809265137, 0.0, 0.8571975827217102, 0.0, 1.2771975994110107, -1.5707963705062866, 0.10000000149011612]","[-0.007002136204391718, 0.030983077362179756, 0.041432321071624756, -0.1695369929075241, 0.007605197373777628, -0.19946253299713135, -2.097404718399048, 0.06870311498641968]","[-0.007002136204391718, 0.030983077362179756, 0.041432321071624756, -0.1695369929075241, 0.007605197373777628, -0.19946253299713135, -1.0, 0.06870311498641968]","[-0.007002136204391718, 0.030983077362179756, 0.041432321071624756, -0.1695369929075241, 0.007605197373777628, -0.19946253299713135, -1.0, 0.06870311498641968]"
26,0,"[-0.00745472451671958, -0.5796831250190735, -0.0393657386302948, 1.0400415658950806, 0.01234166044741869, 1.6677428483963013, -1.4271268844604492, 0.05134955421090126, -0.007021191995590925, 0.03516359254717827, 0.04552284628152847, -0.1847878098487854, 0.008698473684489727, -0.21596671640872955, -1.0859729051589966, 0.024867964908480644, 0.0, -0.47699999809265137, 0.0, 0.8571975827217102, 0.0, 1.2771975994110107, -1.5707963705062866, 0.10000000149011612]","[-0.012215394526720047, 0.06262482702732086, 0.0572378896176815, -0.14707058668136597, -0.0013519427739083767, -0.1874900460243225, -2.007901430130005, 0.15214984118938446]","[-0.012215394526720047, 0.06262482702732086, 0.0572378896176815, -0.14707058668136597, -0.0013519427739083767, -0.1874900460243225, -1.0, 0.15214984118938446]","[-0.012215394526720047, 0.06262482702732086, 0.0572378896176815, -0.14707058668136597, -0.0013519427739083767, -0.1874900460243225, -1.0, 0.15214984118938446]"
27,0,"[-0.008239238522946835, -0.5763499736785889, -0.03618023172020912, 1.0316933393478394, 0.012251101434230804, 1.657023549079895, -1.4841868877410889, 0.05542439594864845, -0.012425350025296211, 0.07092753052711487, 0.0628691166639328, -0.16159476339817047, -0.001400256180204451, -0.20316188037395477, -1.0859452486038208, 0.10653585195541382, 0.0, -0.47699999809265137, 0.0, 0.8571975827217102, 0.0, 1.2771975994110107, -1.5707963705062866, 0.10000000149011612]","[-0.004451791290193796, 0.07140438258647919, 0.06435899436473846, -0.13448862731456757, -0.013877777382731438, -0.21163594722747803, -1.8421696424484253, 0.17909440398216248]","[-0.004451791290193796, 0.07140438258647919, 0.06435899436473846, -0.13448862731456757, -0.013877777382731438, -0.21163594722747803, -1.0, 0.17909440398216248]","[-0.004451791290193796, 0.07140438258647919, 0.06435899436473846, -0.13448862731456757, -0.013877777382731438, -0.21163594722747803, -1.0, 0.17909440398216248]"
28,0,"[-0.00856726337224245, -0.5723053812980652, -0.03257142752408981, 1.0239691734313965, 0.011444147676229477, 1.6449329853057861, -1.5412464141845703, 0.06021318957209587, -0.0038146665319800377, 0.08051836490631104, 0.07073856145143509, -0.14782080054283142, -0.015014213509857655, -0.2297893762588501, -1.0859289169311523, 0.0972287505865097, 0.0, -0.47699999809265137, 0.0, 0.8571975827217102, 0.0, 1.2771975994110107, -1.5707963705062866, 0.10000000149011612]","[0.0014383490197360516, 0.07450814545154572, 0.06710914522409439, -0.12422512471675873, -0.024227989837527275, -0.22819086909294128, -1.6527485847473145, 0.18765701353549957]","[0.0014383490197360516, 0.07450814545154572, 0.06710914522409439, -0.12422512471675873, -0.024227989837527275, -0.22819086909294128, -1.0, 0.18765701353549957]","[0.0014383490197360516, 0.07450814545154572, 0.06710914522409439, -0.12422512471675873, -0.024227989837527275, -0.22819086909294128, -1.0, 0.18765701353549957]"
29,0,"[-0.008520850911736488, -0.568033754825592, -0.02877257764339447, 1.016823410987854, 0.010051824152469635, 1.6318672895431519, -1.5983045101165771, 0.06523282080888748, 0.0026220381259918213, 0.0838274210691452, 0.07375194877386093, -0.1365719884634018, -0.026247600093483925, -0.24778643250465393, -1.0859266519546509, 0.10102234035730362, 0.0, -0.47699999809265137, 0.0, 0.8571975827217102, 0.0, 1.2771975994110107, -1.5707963705062866, 0.10000000149011612]","[0.005362267140299082, 0.07459743320941925, 0.06625350564718246, -0.11356094479560852, -0.03228459507226944, -0.23732757568359375, -1.4374358654022217, 0.18566739559173584]","[0.005362267140299082, 0.07459743320941925, 0.06625350564718246, -0.11356094479560852, -0.03228459507226944, -0.23732757568359375, -1.0, 0.18566739559173584]","[0.005362267140299082, 0.07459743320941925, 0.06625350564718246, -0.11356094479560852, -0.03228459507226944, -0.23732757568359375, -1.0, 0.18566739559173584]"
30,0,"[-0.008218234404921532, -0.5637205243110657, -0.024995144456624985, 1.0102745294570923, 0.008206995204091072, 1.6182838678359985, -1.655362844467163, 0.07020461559295654, 0.006865745410323143, 0.08381856977939606, 0.07279989123344421, -0.12487515062093735, -0.03500150516629219, -0.257728636264801, -1.0859267711639404, 0.10000691562891006, 0.0, -0.47699999809265137, 0.0, 0.8571975827217102, 0.0, 1.2771975994110107, -1.5707963705062866, 0.10000000149011612]","[0.007756218779832125, 0.0706724151968956, 0.06110134720802307, -0.10381340980529785, -0.03637614846229553, -0.2387889325618744, -1.1928571462631226, 0.17403826117515564]","[0.007756218779832125, 0.0706724151968956, 0.06110134720802307, -0.10381340980529785, -0.03637614846229553, -0.2387889325618744, -1.0, 0.17403826117515564]","[0.007756218779832125, 0.0706724151968956, 0.06110134720802307, -0.10381340980529785, -0.03637614846229553, -0.2387889325618744, -1.0, 0.17403826117515564]"
31,0,"[-0.007744342554360628, -0.5595910549163818, -0.02148221619427204, 1.0042736530303955, 0.006134845782071352, 1.6046239137649536, -1.7124217748641968, 0.07487037032842636, 0.009381169453263283, 0.07936947047710419, 0.06712401658296585, -0.1141747310757637, -0.039454542100429535, -0.2593301236629486, -1.0859217643737793, 0.09337868541479111, 0.0, -0.47699999809265137, 0.0, 0.8571975827217102, 0.0, 1.2771975994110107, -1.5707963705062866, 0.10000000149011612]","[0.00885603204369545, 0.0625668317079544, 0.05214427411556244, -0.09487968683242798, -0.03464869409799576, -0.23196935653686523, -0.9168264269828796, 0.15455111861228943]","[0.00885603204369545, 0.0625668317079544, 0.05214427411556244, -0.09487968683242798, -0.03464869409799576, -0.23196935653686523, -0.9168264269828796, 0.15455111861228943]","[0.00885603204369545, 0.0625668317079544, 0.05214427411556244, -0.09487968683242798, -0.03464869409799576, -0.23196935653686523, -0.9168264269828796, 0.15455111861228943]"
32,0,"[-0.007177847903221846, -0.5558817982673645, -0.018455736339092255, 0.9987733960151672, 0.004163793288171291, 1.5913617610931396, -1.7647367715835571, 0.07902070879936218, 0.010440515354275703, 0.07029817998409271, 0.0572764091193676, -0.1043485775589943, -0.03758685663342476, -0.25193604826927185, -0.9956017136573792, 0.08251801878213882, 0.0, -0.47699999809265137, 0.0, 0.8571975827217102, 0.0, 1.2771975994110107, -1.5707963705062866, 0.10000000149011612]","[0.007079716306179762, 0.05234541743993759, 0.04015928506851196, -0.09196111559867859, -0.026569047942757607, -0.22119012475013733, -0.6275248527526855, 0.1224542111158371]","[0.007079716306179762, 0.05234541743993759, 0.04015928506851196, -0.09196111559867859, -0.026569047942757607, -0.22119012475013733, -0.6275248527526855, 0.1224542111158371]","[0.007079716306179762, 0.05234541743993759, 0.04015928506851196, -0.09196111559867859, -0.026569047942757607, -0.22119012475013733, -0.6275248527526855, 0.1224542111158371]"
33,0,"[-0.006679574027657509, -0.5527624487876892, -0.016087399795651436, 0.993469774723053, 0.0026536176446825266, 1.5787217617034912, -1.8005460500717163, 0.08231879770755768, 0.00830339826643467, 0.05892141908407211, 0.04409081116318703, -0.10112643241882324, -0.028823813423514366, -0.24018821120262146, -0.6814460158348083, 0.0669313296675682, 0.0, -0.47699999809265137, 0.0, 0.8571975827217102, 0.0, 1.2771975994110107, -1.5707963705062866, 0.10000000149011612]","[0.0011881566606462002, 0.0421578586101532, 0.028037233278155327, -0.09556689858436584, -0.01566949300467968, -0.20806297659873962, -0.3893052935600281, 0.07596276700496674]","[0.0011881566606462002, 0.0421578586101532, 0.028037233278155327, -0.09556689858436584, -0.01566949300467968, -0.20806297659873962, -0.3893052935600281, 0.07596276700496674]","[0.0011881566606462002, 0.0421578586101532, 0.028037233278155327, -0.09556689858436584, -0.01566949300467968, -0.20806297659873962, -0.3893052935600281, 0.07596276700496674]"
34,0,"[-0.0064963833428919315, -0.5502581596374512, -0.014395351521670818, 0.9880028367042542, 0.0017658802680671215, 1.5668374300003052, -1.8227624893188477, 0.08437676727771759, 0.001662227208726108, 0.04763968288898468, 0.03073517233133316, -0.10506081581115723, -0.01700909249484539, -0.2258843034505844, -0.4227648377418518, 0.04420268535614014, 0.0, -0.47699999809265137, 0.0, 0.8571975827217102, 0.0, 1.2771975994110107, -1.5707963705062866, 0.10000000149011612]","[-0.0015505538322031498, 0.029367534443736076, 0.021035972982645035, -0.08183591067790985, -0.006589596625417471, -0.17930960655212402, -0.23263540863990784, 0.04410655423998833]","[-0.0015505538322031498, 0.029367534443736076, 0.021035972982645035, -0.08183591067790985, -0.006589596625417471, -0.17930960655212402, -0.23263540863990784, 0.04410655423998833]","[-0.0015505538322031498, 0.029367534443736076, 0.021035972982645035, -0.08183591067790985, -0.006589596625417471, -0.17930960655212402, -0.23263540863990784, 0.04410655423998833]"
35,0,"[-0.0065205092541873455, -0.5483684539794922, -0.01314474456012249, 0.9832119941711426, 0.0013889619149267673, 1.556613802909851, -1.8360384702682495, 0.0855836570262909, -0.0013789157383143902, 0.03340131416916847, 0.023078417405486107, -0.08989384025335312, -0.007131400052458048, -0.19472867250442505, -0.25263547897338867, 0.022725865244865417, 0.0, -0.47699999809265137, 0.0, 0.8571975827217102, 0.0, 1.2771975994110107, -1.5707963705062866, 0.10000000149011612]","[-0.002187191043049097, 0.018962668254971504, 0.017313115298748016, -0.0629730075597763, -0.0021009868942201138, -0.1481679379940033, -0.13855187594890594, 0.024825211614370346]","[-0.002187191043049097, 0.018962668254971504, 0.017313115298748016, -0.0629730075597763, -0.0021009868942201138, -0.1481679379940033, -0.13855187594890594, 0.024825211614370346]","[-0.002187191043049097, 0.018962668254971504, 0.017313115298748016, -0.0629730075597763, -0.0021009868942201138, -0.1481679379940033, -0.13855187594890594, 0.024825211614370346]"
36,0,"[-0.00661264406517148, -0.547074556350708, -0.012131997384130955, 0.9794784188270569, 0.0012670824071392417, 1.5481693744659424, -1.8439455032348633, 0.08626781404018402, -0.0021110721863806248, 0.021700656041502953, 0.019005727022886276, -0.06910517066717148, -0.0022513088770210743, -0.16093803942203522, -0.15047474205493927, 0.011141711845993996, 0.0, -0.47699999809265137, 0.0, 0.8571975827217102, 0.0, 1.2771975994110107, -1.5707963705062866, 0.10000000149011612]","[-0.0018416051752865314, 0.01164163090288639, 0.014712780714035034, -0.04555921629071236, -0.00039215898141264915, -0.11973577737808228, -0.08311612904071808, 0.014432694762945175]","[-0.0018416051752865314, 0.01164163090288639, 0.014712780714035034, -0.04555921629071236, -0.00039215898141264915, -0.11973577737808228, -0.08311612904071808, 0.014432694762945175]","[-0.0018416051752865314, 0.01164163090288639, 0.014712780714035034, -0.04555921629071236, -0.00039215898141264915, -0.11973577737808228, -0.08311612904071808, 0.014432694762945175]"
37,0,"[-0.0066975480876863, -0.5462402105331421, -0.01127704419195652, 0.9767595529556274, 0.0012422713916748762, 1.5413496494293213, -1.848689079284668, 0.08666826784610748, -0.0017732253763824701, 0.013411152176558971, 0.016154635697603226, -0.04994978383183479, -0.00039951622602529824, -0.13006369769573212, -0.09027557075023651, 0.006305238232016563, 0.0, -0.47699999809265137, 0.0, 0.8571975827217102, 0.0, 1.2771975994110107, -1.5707963705062866, 0.10000000149011612]","[-0.0012546018697321415, 0.006753021851181984, 0.012436021119356155, -0.03169611841440201, 4.464620724320412e-05, -0.09559868276119232, -0.05005247890949249, 0.008801501244306564]","[-0.0012546018697321415, 0.006753021851181984, 0.012436021119356155, -0.03169611841440201, 4.464620724320412e-05, -0.09559868276119232, -0.05005247890949249, 0.008801501244306564]","[-0.0012546018697321415, 0.006753021851181984, 0.012436021119356155, -0.03169611841440201, 4.464620724320412e-05, -0.09559868276119232, -0.05005247890949249, 0.008801501244306564]"
38,0,"[-0.00675283232703805, -0.5457298159599304, -0.010554623790085316, 0.9748620986938477, 0.0012420108541846275, 1.5359084606170654, -1.851546049118042, 0.08691427856683731, -0.0011723319767042994, 0.007846718654036522, 0.01365496776998043, -0.034718871116638184, 6.878771091578528e-05, -0.10385077446699142, -0.054373107850551605, 0.004287921357899904, 0.0, -0.47699999809265137, 0.0, 0.8571975827217102, 0.0, 1.2771975994110107, -1.5707963705062866, 0.10000000149011612]","[-0.0007266574539244175, 0.003577897325158119, 0.010324012488126755, -0.021422676742076874, 4.677567631006241e-06, -0.07578125596046448, -0.030031666159629822, 0.005506318062543869]","[-0.0007266574539244175, 0.003577897325158119, 0.010324012488126755, -0.021422676742076874, 4.677567631006241e-06, -0.07578125596046448, -0.030031666159629822, 0.005506318062543869]","[-0.0007266574539244175, 0.003577897325158119, 0.010324012488126755, -0.021422676742076874, 4.677567631006241e-06, -0.07578125596046448, -0.030031666159629822, 0.005506318062543869]"
39,0,"[-0.006779450457543135, -0.5454376935958862, -0.009953593835234642, 0.9735780358314514, 0.0012392826611176133, 1.531598448753357, -1.8532605171203613, 0.08706957846879959, -0.0006333220517262816, 0.00421690521761775, 0.011335346847772598, -0.023442473262548447, 2.015714744629804e-05, -0.08232143521308899, -0.03263299539685249, 0.0032984146382659674, 0.0, -0.47699999809265137, 0.0, 0.8571975827217102, 0.0, 1.2771975994110107, -1.5707963705062866, 0.10000000149011612]","[-0.0003369622863829136, 0.0015754159539937973, 0.00840785726904869, -0.014110345393419266, -0.00016343360766768456, -0.05979438126087189, -0.017795994877815247, 0.003431599587202072]","[-0.0003369622863829136, 0.0015754159539937973, 0.00840785726904869, -0.014110345393419266, -0.00016343360766768456, -0.05979438126087189, -0.017795994877815247, 0.003431599587202072]","[-0.0003369622863829136, 0.0015754159539937973, 0.00840785726904869, -0.014110345393419266, -0.00016343360766768456, -0.05979438126087189, -0.017795994877815247, 0.003431599587202072]"
40,0,"[-0.006785109639167786, -0.5452878475189209, -0.009462776593863964, 0.9727323055267334, 0.0012269726721569896, 1.5282001495361328, -1.8542766571044922, 0.08716751635074615, -0.0002406132989563048, 0.0019169540610164404, 0.009230962023139, -0.01542181707918644, -0.00016669165052007884, -0.06495313346385956, -0.01934272050857544, 0.0026501689571887255, 0.0, -0.47699999809265137, 0.0, 0.8571975827217102, 0.0, 1.2771975994110107, -1.5707963705062866, 0.10000000149011612]","[-7.976451888680458e-05, 0.0003606081008911133, 0.006732281297445297, -0.009047523140907288, -0.000323412474244833, -0.04703088849782944, -0.01029948890209198, 0.002071049064397812]","[-7.976451888680458e-05, 0.0003606081008911133, 0.006732281297445297, -0.009047523140907288, -0.000323412474244833, -0.04703088849782944, -0.01029948890209198, 0.002071049064397812]","[-7.976451888680458e-05, 0.0003606081008911133, 0.006732281297445297, -0.009047523140907288, -0.000323412474244833, -0.04703088849782944, -0.01029948890209198, 0.002071049064397812]"
41,0,"[-0.00677763344720006, -0.5452274680137634, -0.009068739600479603, 0.9721903800964355, 0.0012056881096214056, 1.525529146194458, -1.8548648357391357, 0.08722763508558273, 1.2851943210989702e-05, 0.0005127014010213315, 0.007391061633825302, -0.009871046990156174, -0.0003440502332523465, -0.05109135061502457, -0.011209750548005104, 0.002182216150686145, 0.0, -0.47699999809265137, 0.0, 0.8571975827217102, 0.0, 1.2771975994110107, -1.5707963705062866, 0.10000000149011612]","[7.454818114638329e-05, -0.00033388473093509674, 0.005315542221069336, -0.00561460480093956, -0.0004327981732785702, -0.03690687566995621, -0.005726456642150879, 0.0011762045323848724]","[7.454818114638329e-05, -0.00033388473093509674, 0.005315542221069336, -0.00561460480093956, -0.0004327981732785702, -0.03690687566995621, -0.005726456642150879, 0.0011762045323848724]","[7.454818114638329e-05, -0.00033388473093509674, 0.005315542221069336, -0.00561460480093956, -0.0004327981732785702, -0.03690687566995621, -0.005726456642150879, 0.0011762045323848724]"
42,0,"[-0.006763070821762085, -0.5452207326889038, -0.00875691045075655, 0.9718548655509949, 0.001178382197394967, 1.5234345197677612, -1.855191946029663, 0.08726276457309723, 0.00015878283011261374, -0.00029652510420419276, 0.005835509393364191, -0.006111748516559601, -0.0004651952476706356, -0.040092550218105316, -0.006240550894290209, 0.0017866825219243765, 0.0, -0.47699999809265137, 0.0, 0.8571975827217102, 0.0, 1.2771975994110107, -1.5707963705062866, 0.10000000149011612]","[0.00015620654448866844, -0.0006951633840799332, 0.004149474203586578, -0.0033365152776241302, -0.0004882975481450558, -0.028914906084537506, -0.0029658377170562744, 0.0005923621356487274]","[0.00015620654448866844, -0.0006951633840799332, 0.004149474203586578, -0.0033365152776241302, -0.0004882975481450558, -0.028914906084537506, -0.0029658377170562744, 0.0005923621356487274]","[0.00015620654448866844, -0.0006951633840799332, 0.004149474203586578, -0.0033365152776241302, -0.0004882975481450558, -0.028914906084537506, -0.0029658377170562744, 0.0005923621356487274]"
43,0,"[-0.006745573598891497, -0.5452442765235901, -0.008513008244335651, 0.9716562032699585, 0.0011481832480058074, 1.5217947959899902, -1.8553614616394043, 0.08728140592575073, 0.00022991436708252877, -0.0007239148253574967, 0.004555247724056244, -0.0036191376857459545, -0.0005271349800750613, -0.03141143545508385, -0.003242888255044818, 0.0014479027595371008, 0.0, -0.47699999809265137, 0.0, 0.8571975827217102, 0.0, 1.2771975994110107, -1.5707963705062866, 0.10000000149011612]","[0.00019088899716734886, -0.000847088173031807, 0.0032097026705741882, -0.0018550790846347809, -0.0005000731907784939, -0.022626712918281555, -0.0013316571712493896, 0.00022472068667411804]","[0.00019088899716734886, -0.000847088173031807, 0.0032097026705741882, -0.0018550790846347809, -0.0005000731907784939, -0.022626712918281555, -0.0013316571712493896, 0.00022472068667411804]","[0.00019088899716734886, -0.000847088173031807, 0.0032097026705741882, -0.0018550790846347809, -0.0005000731907784939, -0.022626712918281555, -0.0013316571712493896, 0.00022472068667411804]"
44,0,"[-0.006727694068104029, -0.545282781124115, -0.008324037306010723, 0.9715465307235718, 0.0011176097905263305, 1.5205119848251343, -1.8554376363754272, 0.08728956431150436, 0.00025372367235831916, -0.0009102370822802186, 0.003523539286106825, -0.002000584499910474, -0.0005410649464465678, -0.024577703326940536, -0.0014703498454764485, 0.0011403694516047835, 0.0, -0.47699999809265137, 0.0, 0.8571975827217102, 0.0, 1.2771975994110107, -1.5707963705062866, 0.10000000149011612]","[0.00019676005467772484, -0.0008755140006542206, 0.002464834600687027, -0.000916019082069397, -0.0004812902770936489, -0.017688147723674774, -0.0003937184810638428, 2.1569430828094482e-06]","[0.00019676005467772484, -0.0008755140006542206, 0.002464834600687027, -0.000916019082069397, -0.0004812902770936489, -0.017688147723674774, -0.0003937184810638428, 2.1569430828094482e-06]","[0.00019676005467772484, -0.0008755140006542206, 0.002464834600687027, -0.000916019082069397, -0.0004812902770936489, -0.017688147723674774, -0.0003937184810638428, 2.1569430828094482e-06]"
45,0,"[-0.00671088183298707, -0.5453277230262756, -0.008178722113370895, 0.9714930653572083, 0.0010884071234613657, 1.5195096731185913, -1.8554608821868896, 0.08729123324155807, 0.000249062548391521, -0.0009536257130093873, 0.002705818507820368, -0.0009751392062753439, -0.0005215691053308547, -0.019215533509850502, -0.00044411764247342944, 0.0009152439888566732, 0.0, -0.47699999809265137, 0.0, 0.8571975827217102, 0.0, 1.2771975994110107, -1.5707963705062866, 0.10000000149011612]","[0.00018565310165286064, -0.0008287057280540466, 0.0018821059493348002, -0.0003392361104488373, -0.0004433891735970974, -0.013816997408866882, 0.00012199580669403076, -0.00011955574154853821]","[0.00018565310165286064, -0.0008287057280540466, 0.0018821059493348002, -0.0003392361104488373, -0.0004433891735970974, -0.013816997408866882, 0.00012199580669403076, -0.00011955574154853821]","[0.00018565310165286064, -0.0008287057280540466, 0.0018821059493348002, -0.0003392361104488373, -0.0004433891735970974, -0.013816997408866882, 0.00012199580669403076, -0.00011955574154853821]"
46,0,"[-0.006695881951600313, -0.5453715324401855, -0.00806763581931591, 0.971474289894104, 0.0010616241488605738, 1.5187270641326904, -1.8554519414901733, 0.08728928864002228, 0.00022859364980831742, -0.0009103741613216698, 0.0020661407615989447, -0.00034857718856073916, -0.0004808661178685725, -0.015009219758212566, 0.0001070240541594103, 0.0007300200522877276, 0.0, -0.47699999809265137, 0.0, 0.8571975827217102, 0.0, 1.2771975994110107, -1.5707963705062866, 0.10000000149011612]","[0.00016692234203219414, -0.0007533933967351913, 0.001430671545676887, 5.140900611877441e-07, -0.00039615994319319725, -0.01078527420759201, 0.00036296993494033813, -0.0001806505024433136]","[0.00016692234203219414, -0.0007533933967351913, 0.001430671545676887, 5.140900611877441e-07, -0.00039615994319319725, -0.01078527420759201, 0.00036296993494033813, -0.0001806505024433136]","[0.00016692234203219414, -0.0007533933967351913, 0.001430671545676887, 5.140900611877441e-07, -0.00039615994319319725, -0.01078527420759201, 0.00036296993494033813, -0.0001806505024433136]"
47,0,"[-0.0066829221323132515, -0.5454131364822388, -0.007983115501701832, 0.9714747667312622, 0.00103777926415205, 1.5181164741516113, -1.8554340600967407, 0.08728538453578949, 0.00020186303299851716, -0.0008305038209073246, 0.0015706373378634453, 2.1586416551144794e-05, -0.0004302545276004821, -0.011716729961335659, 0.0003725710266735405, 0.0005999021814204752, 0.0, -0.47699999809265137, 0.0, 0.8571975827217102, 0.0, 1.2771975994110107, -1.5707963705062866, 0.10000000149011612]","[0.00014537712559103966, -0.0006596650928258896, 0.0010850838152691722, 0.00019110366702079773, -0.00034487759694457054, -0.008417099714279175, 0.00048325955867767334, -0.00019660964608192444]","[0.00014537712559103966, -0.0006596650928258896, 0.0010850838152691722, 0.00019110366702079773, -0.00034487759694457054, -0.008417099714279175, 0.00048325955867767334, -0.00019660964608192444]","[0.00014537712559103966, -0.0006596650928258896, 0.0010850838152691722, 0.00019110366702079773, -0.00034487759694457054, -0.008417099714279175, 0.00048325955867767334, -0.00019660964608192444]"
48,0,"[-0.006671982817351818, -0.5454502105712891, -0.007918976247310638, 0.9714884757995605, 0.0010170625755563378, 1.5176399946212769, -1.8554072380065918, 0.08728083968162537, 0.00017344865773338825, -0.0007306868792511523, 0.0011912953341379762, 0.00022461279877461493, -0.00037464540218934417, -0.009144105017185211, 0.0005067532183602452, 0.00047405820805579424, 0.0, -0.47699999809265137, 0.0, 0.8571975827217102, 0.0, 1.2771975994110107, -1.5707963705062866, 0.10000000149011612]","[0.00012238090857863426, -0.0005652438849210739, 0.0008197537390515208, 0.00027027353644371033, -0.00029475754126906395, -0.00656658411026001, 0.0005032569169998169, -0.00019839778542518616]","[0.00012238090857863426, -0.0005652438849210739, 0.0008197537390515208, 0.00027027353644371033, -0.00029475754126906395, -0.00656658411026001, 0.0005032569169998169, -0.00019839778542518616]","[0.00012238090857863426, -0.0005652438849210739, 0.0008197537390515208, 0.00027027353644371033, -0.00029475754126906395, -0.00656658411026001, 0.0005032569169998169, -0.00019839778542518616]"
49,0,"[-0.006662953179329634, -0.5454825162887573, -0.00787047203630209, 0.9715067148208618, 0.0009993691928684711, 1.517268419265747, -1.8553804159164429, 0.08727606385946274, 0.00014471357280854136, -0.0006279123481363058, 0.0009000135469250381, 0.0003083694900851697, -0.0003204608801752329, -0.0071325781755149364, 0.0005264151841402054, 0.00037967332173138857, 0.0, -0.47699999809265137, 0.0, 0.8571975827217102, 0.0, 1.2771975994110107, -1.5707963705062866, 0.10000000149011612]","[0.00010193651542067528, -0.0004763565957546234, 0.0006186364917084575, 0.00029677897691726685, -0.0002481765113770962, -0.005121447145938873, 0.00048200786113739014, -0.00018273666501045227]","[0.00010193651542067528, -0.0004763565957546234, 0.0006186364917084575, 0.00029677897691726685, -0.0002481765113770962, -0.005121447145938873, 0.00048200786113739014, -0.00018273666501045227]","[0.00010193651542067528, -0.0004763565957546234, 0.0006186364917084575, 0.00029677897691726685, -0.0002481765113770962, -0.005121447145938873, 0.00048200786113739014, -0.00018273666501045227]"
50,0,"[-0.004516995511949062, -0.47795775532722473, -0.005998285952955484, 0.857609748840332, -0.03215895593166351, 1.2798911333084106, 0.0500529482960701, 0.10000000149011612, 0.0, 0.0, 0.0, 0.0, 0.0, 0.0, 0.0, 0.0, 0.0, -0.47699999809265137, 0.0, 0.8571975827217102, 0.0, 1.2771975994110107, -1.5707963705062866, 0.10000000149011612]","[-0.15978938341140747, -0.2606324553489685, -0.23845872282981873, 0.5429840087890625, 0.11273066699504852, 1.1745163202285767, -3.634781837463379, -1.7576736211776733]","[-0.15978938341140747, -0.2606324553489685, -0.23845872282981873, 0.5429840087890625, 0.11273066699504852, 1.0, -1.0, -1.0]","[-0.15978938341140747, -0.2606324553489685, -0.23845872282981873, 0.5429840087890625, 0.11273066699504852, 1.0, -1.0, -1.0]"
51,0,"[-0.010139145888388157, -0.48767954111099243, -0.017315702512860298, 0.8848313093185425, -0.029497280716896057, 1.337012767791748, -0.0057648299261927605, 0.0716513842344284, -0.1796274334192276, -0.28997090458869934, -0.25968876481056213, 0.5959232449531555, 0.09835096448659897, 1.0846967697143555, -1.0785857439041138, -1.7730965614318848, 0.0, -0.47699999809265137, 0.0, 0.8571975827217102, 0.0, 1.2771975994110107, -1.5707963705062866, 0.10000000149011612]","[-0.09414119273424149, -0.2151368260383606, -0.1571100354194641, 0.45956745743751526, 0.1006365567445755, 0.9810190200805664, -3.49804425239563, -1.216905117034912]","[-0.09414119273424149, -0.2151368260383606, -0.1571100354194641, 0.45956745743751526, 0.1006365567445755, 0.9810190200805664, -1.0, -1.0]","[-0.09414119273424149, -0.2151368260383606, -0.1571100354194641, 0.45956745743751526, 0.1006365567445755, 0.9810190200805664, -1.0, -1.0]"
52,0,"[-0.01665620692074299, -0.500758707523346, -0.026759475469589233, 0.9119003415107727, -0.030217086896300316, 1.3923254013061523, -0.06107856333255768, 0.04795818403363228, -0.15256255865097046, -0.23929835855960846, -0.17936661839485168, 0.517106294631958, 0.17177438735961914, 1.0738837718963623, -1.1125398874282837, 10.601449966430664, 0.0, -0.47699999809265137, 0.0, 0.8571975827217102, 0.0, 1.2771975994110107, -1.5707963705062866, 0.10000000149011612]","[-0.11203274875879288, -0.11836494505405426, -0.06574403494596481, 0.6470416188240051, 0.14412431418895721, 0.9723649024963379, -3.190147876739502, -0.4678555428981781]","[-0.11203274875879288, -0.11836494505405426, -0.06574403494596481, 0.6470416188240051, 0.14412431418895721, 0.9723649024963379, -1.0, -0.4678555428981781]","[-0.11203274875879288, -0.11836494505405426, -0.06574403494596481, 0.6470416188240051, 0.14412431418895721, 0.9723649024963379, -1.0, -0.4678555428981781]"
53,0,"[-0.023854011669754982, -0.5073819756507874, -0.03107645735144615, 0.9480106234550476, -0.023391136899590492, 1.447794795036316, -0.11780381947755814, 0.06068949028849602, -0.12803053855895996, -0.1337171494960785, -0.07420329004526138, 0.7073752284049988, 0.1638849526643753, 1.0570905208587646, -1.0894441604614258, 1.2592780590057373, 0.0, -0.47699999809265137, 0.0, 0.8571975827217102, 0.0, 1.2771975994110107, -1.5707963705062866, 0.10000000149011612]","[-0.07530287653207779, -0.19425803422927856, -0.1481124758720398, 0.4052956700325012, 0.11065080761909485, 0.8756754398345947, -3.5160489082336426, -1.1155561208724976]","[-0.07530287653207779, -0.19425803422927856, -0.1481124758720398, 0.4052956700325012, 0.11065080761909485, 0.8756754398345947, -1.0, -1.0]","[-0.07530287653207779, -0.19425803422927856, -0.1481124758720398, 0.4052956700325012, 0.11065080761909485, 0.8756754398345947, -1.0, -1.0]"
54,0,"[-0.02741083689033985, -0.518841028213501, -0.039023395627737045, 0.9721890687942505, -0.020188258960843086, 1.4969284534454346, -0.17426350712776184, 0.04966600239276886, -0.05435745418071747, -0.2220960408449173, -0.12805268168449402, 0.4327789545059204, -0.009614408016204834, 0.9327044486999512, -1.0582499504089355, -13.322697639465332, 0.0, -0.47699999809265137, 0.0, 0.8571975827217102, 0.0, 1.2771975994110107, -1.5707963705062866, 0.10000000149011612]","[0.3263607323169708, -0.3588154911994934, -0.04878897964954376, 0.38245901465415955, -0.032226450741291046, 0.4960910975933075, -2.722020387649536, -0.6251290440559387]","[0.3263607323169708, -0.3588154911994934, -0.04878897964954376, 0.38245901465415955, -0.032226450741291046, 0.4960910975933075, -1.0, -0.6251290440559387]","[0.3263607323169708, -0.3588154911994934, -0.04878897964954376, 0.38245901465415955, -0.032226450741291046, 0.4960910975933075, -1.0, -0.6251290440559387]"
55,0,"[-0.011990887112915516, -0.5376400351524353, -0.04397791251540184, 0.9931008219718933, -0.02148897759616375, 1.5255283117294312, -0.2314843237400055, 0.0502188578248024, 0.3611465096473694, -0.4000064730644226, -0.04848932847380638, 0.4220495820045471, -0.03901941701769829, 0.5370579957962036, -1.085080623626709, -0.3283020555973053, 0.0, -0.47699999809265137, 0.0, 0.8571975827217102, 0.0, 1.2771975994110107, -1.5707963705062866, 0.10000000149011612]","[-0.09158533066511154, -0.12441176921129227, -0.09802058339118958, 0.2571577727794647, 0.11172705888748169, 0.6611419916152954, -3.3796794414520264, -1.0459750890731812]","[-0.09158533066511154, -0.12441176921129227, -0.09802058339118958, 0.2571577727794647, 0.11172705888748169, 0.6611419916152954, -1.0, -1.0]","[-0.09158533066511154, -0.12441176921129227, -0.09802058339118958, 0.2571577727794647, 0.11172705888748169, 0.6611419916152954, -1.0, -1.0]"
56,0,"[-0.014569124206900597, -0.547770619392395, -0.04749595746397972, 1.0098156929016113, -0.01852256990969181, 1.5620394945144653, -0.28800636529922485, 0.050946194678545, -0.10201095044612885, -0.14060886204242706, -0.11223949491977692, 0.2822796404361725, 0.1373734325170517, 0.7252177000045776, -1.084909200668335, -0.41488566994667053, 0.0, -0.47699999809265137, 0.0, 0.8571975827217102, 0.0, 1.2771975994110107, -1.5707963705062866, 0.10000000149011612]","[-0.07167796045541763, -0.10368185490369797, -0.08015598356723785, 0.21744780242443085, 0.11275236308574677, 0.5718762874603271, -3.3260273933410645, -1.0148180723190308]","[-0.07167796045541763, -0.10368185490369797, -0.08015598356723785, 0.21744780242443085, 0.11275236308574677, 0.5718762874603271, -1.0, -1.0]","[-0.07167796045541763, -0.10368185490369797, -0.08015598356723785, 0.21744780242443085, 0.11275236308574677, 0.5718762874603271, -1.0, -1.0]"
57,0,"[-0.018938610330224037, -0.5541262030601501, -0.05218924954533577, 1.0224735736846924, -0.014776325784623623, 1.593835473060608, -0.3447476625442505, 0.05799882858991623, -0.08549785614013672, -0.11348073184490204, -0.09622950851917267, 0.2348048835992813, 0.16853508353233337, 0.6360904574394226, -1.0924419164657593, 1.455711841583252, 0.0, -0.47699999809265137, 0.0, 0.8571975827217102, 0.0, 1.2771975994110107, -1.5707963705062866, 0.10000000149011612]","[-0.07274395227432251, -0.11057640612125397, -0.0830669105052948, 0.24396739900112152, 0.10931418836116791, 0.5678400993347168, -3.3532891273498535, -1.0545235872268677]","[-0.07274395227432251, -0.11057640612125397, -0.0830669105052948, 0.24396739900112152, 0.10931418836116791, 0.5678400993347168, -1.0, -1.0]","[-0.07274395227432251, -0.11057640612125397, -0.0830669105052948, 0.24396739900112152, 0.10931418836116791, 0.5678400993347168, -1.0, -1.0]"
58,0,"[-0.02287338115274906, -0.5602367520332336, -0.056729841977357864, 1.0361460447311401, -0.012027241289615631, 1.6248633861541748, -0.4015195965766907, 0.049262166023254395, -0.07477641105651855, -0.12909330427646637, -0.08971024304628372, 0.2597716450691223, 0.11807192862033844, 0.6238904595375061, -1.0826534032821655, -4.26610803604126, 0.0, -0.47699999809265137, 0.0, 0.8571975827217102, 0.0, 1.2771975994110107, -1.5707963705062866, 0.10000000149011612]","[0.05276346951723099, -0.11235842108726501, -0.05568009242415428, 0.13577674329280853, 0.0834885686635971, 0.3161579370498657, -3.0454659461975098, -0.8285092711448669]","[0.05276346951723099, -0.11235842108726501, -0.05568009242415428, 0.13577674329280853, 0.0834885686635971, 0.3161579370498657, -1.0, -0.8285092711448669]","[0.05276346951723099, -0.11235842108726501, -0.05568009242415428, 0.13577674329280853, 0.0834885686635971, 0.3161579370498657, -1.0, -0.8285092711448669]"
59,0,"[-0.02052885852754116, -0.5674169063568115, -0.06026454269886017, 1.0443580150604248, -0.012752655893564224, 1.6405495405197144, -0.45819902420043945, 0.050129614770412445, 0.06912405788898468, -0.13386981189250946, -0.053569164127111435, 0.1407177448272705, -0.020102612674236298, 0.2962631285190582, -1.0756499767303467, -0.19496506452560425, 0.0, -0.47699999809265137, 0.0, 0.8571975827217102, 0.0, 1.2771975994110107, -1.5707963705062866, 0.10000000149011612]","[-0.045088496059179306, -0.07895620167255402, -0.043514471501111984, 0.14061647653579712, 0.11116397380828857, 0.4051045775413513, -3.2294163703918457, -0.9438431859016418]","[-0.045088496059179306, -0.07895620167255402, -0.043514471501111984, 0.14061647653579712, 0.11116397380828857, 0.4051045775413513, -1.0, -0.9438431859016418]","[-0.045088496059179306, -0.07895620167255402, -0.043514471501111984, 0.14061647653579712, 0.11116397380828857, 0.4051045775413513, -1.0, -0.9438431859016418]"
60,0,"[-0.022619828581809998, -0.5723262429237366, -0.06230785697698593, 1.052544116973877, -0.01003220770508051, 1.661814570426941, -0.5150366425514221, 0.056634172797203064, -0.0550052672624588, -0.08608032017946243, -0.05245719850063324, 0.1506255716085434, 0.1462317705154419, 0.45277783274650574, -1.0885560512542725, 0.646269679069519, 0.0, -0.47699999809265137, 0.0, 0.8571975827217102, 0.0, 1.2771975994110107, -1.5707963705062866, 0.10000000149011612]","[-0.046064455062150955, -0.07320284843444824, -0.03739576414227486, 0.1380246877670288, 0.10933328419923782, 0.3748643398284912, -3.2179079055786133, -0.9542969465255737]","[-0.046064455062150955, -0.07320284843444824, -0.03739576414227486, 0.1380246877670288, 0.10933328419923782, 0.3748643398284912, -1.0, -0.9542969465255737]","[-0.046064455062150955, -0.07320284843444824, -0.03739576414227486, 0.1380246877670288, 0.10933328419923782, 0.3748643398284912, -1.0, -0.9542969465255737]"
61,0,"[-0.025018662214279175, -0.576697826385498, -0.06423050910234451, 1.0602627992630005, -0.0078146206215024, 1.6808665990829468, -0.5719489455223083, 0.0487278550863266, -0.029315095394849777, -0.09251905232667923, -0.023277560248970985, 0.14880399405956268, -0.13097891211509705, 0.25247642397880554, -1.0758216381072998, 0.20433621108531952, 0.0, -0.47699999809265137, 0.0, 0.8571975827217102, 0.0, 1.2771975994110107, -1.5707963705062866, 0.10000000149011612]","[-0.02621016837656498, -0.06524845957756042, -0.027457155287265778, 0.10324916243553162, 0.10348442196846008, 0.3077835738658905, -3.16383695602417, -0.8485934734344482]","[-0.02621016837656498, -0.06524845957756042, -0.027457155287265778, 0.10324916243553162, 0.10348442196846008, 0.3077835738658905, -1.0, -0.8485934734344482]","[-0.02621016837656498, -0.06524845957756042, -0.027457155287265778, 0.10324916243553162, 0.10348442196846008, 0.3077835738658905, -1.0, -0.8485934734344482]"
62,0,"[-0.02672726660966873, -0.580790638923645, -0.06580334901809692, 1.0665110349655151, -0.004917273297905922, 1.6964538097381592, -0.6289277672767639, 0.05465171858668327, -0.026333598420023918, -0.07500237226486206, -0.05322388559579849, 0.1172461062669754, 0.23860742151737213, 0.42278537154197693, -1.0872045755386353, -0.5679773092269897, 0.0, -0.47699999809265137, 0.0, 0.8571975827217102, 0.0, 1.2771975994110107, -1.5707963705062866, 0.10000000149011612]","[-0.009020993486046791, -0.055578261613845825, -0.012022815644741058, 0.05740254744887352, 0.1025729700922966, 0.23802146315574646, -3.0904080867767334, -0.8388609886169434]","[-0.009020993486046791, -0.055578261613845825, -0.012022815644741058, 0.05740254744887352, 0.1025729700922966, 0.23802146315574646, -1.0, -0.8388609886169434]","[-0.009020993486046791, -0.055578261613845825, -0.012022815644741058, 0.05740254744887352, 0.1025729700922966, 0.23802146315574646, -1.0, -0.8388609886169434]"
63,0,"[-0.027261802926659584, -0.5845051407814026, -0.06649661064147949, 1.0698635578155518, -0.0015516614075750113, 1.708362102508545, -0.6859280467033386, 0.04941997304558754, 0.0008342498913407326, -0.06793825328350067, -0.0028440714813768864, 0.05338443070650101, 0.08618847280740738, 0.246118426322937, -1.084155559539795, -6.042982578277588, 0.0, -0.47699999809265137, 0.0, 0.8571975827217102, 0.0, 1.2771975994110107, -1.5707963705062866, 0.10000000149011612]","[0.15988731384277344, -0.10640896111726761, -0.02545500546693802, 0.03397299721837044, 0.05257103964686394, 0.06046806275844574, -2.691044807434082, -0.6430978775024414]","[0.15988731384277344, -0.10640896111726761, -0.02545500546693802, 0.03397299721837044, 0.05257103964686394, 0.06046806275844574, -1.0, -0.6430978775024414]","[0.15988731384277344, -0.10640896111726761, -0.02545500546693802, 0.03397299721837044, 0.05257103964686394, 0.06046806275844574, -1.0, -0.6430978775024414]"
64,0,"[-0.01866050623357296, -0.590345025062561, -0.06817417591810226, 1.0716086626052856, -0.0019538679625838995, 1.7091675996780396, -0.7429314255714417, 0.0480494387447834, 0.16349224746227264, -0.11319855600595474, -0.04081488028168678, 0.054131846874952316, 0.1069294810295105, 0.09946794807910919, -1.0887360572814941, 6.213615894317627, 0.0, -0.47699999809265137, 0.0, 0.8571975827217102, 0.0, 1.2771975994110107, -1.5707963705062866, 0.10000000149011612]","[-0.06768233329057693, 0.07626502960920334, 0.007171414792537689, 0.16095612943172455, 0.10738826543092728, 0.2300490438938141, -2.764845609664917, -0.3923657536506653]","[-0.06768233329057693, 0.07626502960920334, 0.007171414792537689, 0.16095612943172455, 0.10738826543092728, 0.2300490438938141, -1.0, -0.3923657536506653]","[-0.06768233329057693, 0.07626502960920334, 0.007171414792537689, 0.16095612943172455, 0.10738826543092728, 0.2300490438938141, -1.0, -0.3923657536506653]"
65,0,"[-0.021764462813735008, -0.5873664617538452, -0.0671883150935173, 1.0808666944503784, 0.002801941242069006, 1.7211189270019531, -0.7999697923660278, 0.04946284368634224, -0.06399473547935486, 0.07292406260967255, 0.01922215335071087, 0.16092391312122345, 0.08006933331489563, 0.22871720790863037, -1.0822235345840454, -7.738765716552734, 0.0, -0.47699999809265137, 0.0, 0.8571975827217102, 0.0, 1.2771975994110107, -1.5707963705062866, 0.10000000149011612]","[0.22118590772151947, -0.1372648924589157, -0.006265483796596527, 0.024648141115903854, 0.023554736748337746, -0.020186007022857666, -2.442587375640869, -0.5041056871414185]","[0.22118590772151947, -0.1372648924589157, -0.006265483796596527, 0.024648141115903854, 0.023554736748337746, -0.020186007022857666, -1.0, -0.5041056871414185]","[0.22118590772151947, -0.1372648924589157, -0.006265483796596527, 0.024648141115903854, 0.023554736748337746, -0.020186007022857666, -1.0, -0.5041056871414185]"
66,0,"[-0.010135671123862267, -0.5937561392784119, -0.0682205930352211, 1.0819731950759888, 0.0021302427630871534, 1.7180066108703613, -0.8570038080215454, 0.0484301894903183, 0.2238764762878418, -0.13229107856750488, -0.027805600315332413, 0.0594196692109108, 0.11290958523750305, 0.04763802886009216, -1.09176504611969, 11.018423080444336, 0.0, -0.47699999809265137, 0.0, 0.8571975827217102, 0.0, 1.2771975994110107, -1.5707963705062866, 0.10000000149011612]","[-0.22529931366443634, 0.2960923910140991, 0.17631129920482635, 0.008567910641431808, 0.08071577548980713, 0.056938134133815765, -1.8829820156097412, -0.18578064441680908]","[-0.22529931366443634, 0.2960923910140991, 0.17631129920482635, 0.008567910641431808, 0.08071577548980713, 0.056938134133815765, -1.0, -0.18578064441680908]","[-0.22529931366443634, 0.2960923910140991, 0.17631129920482635, 0.008567910641431808, 0.08071577548980713, 0.056938134133815765, -1.0, -0.18578064441680908]"
67,0,"[-0.02241903357207775, -0.5818299055099487, -0.05772477388381958, 1.0844544172286987, 0.004439996089786291, 1.7186341285705566, -0.9140064120292664, 0.049482185393571854, -0.25620314478874207, 0.33217889070510864, 0.1875791847705841, 0.03452039510011673, 0.09979596734046936, 0.061631590127944946, -1.0868221521377563, 4.966573715209961, 0.0, -0.47699999809265137, 0.0, 0.8571975827217102, 0.0, 1.2771975994110107, -1.5707963705062866, 0.10000000149011612]","[-0.03334157168865204, 0.017751039937138557, 0.003901895135641098, 0.05260318145155907, 0.09040901064872742, 0.11807046085596085, -2.698136806488037, -0.2992841303348541]","[-0.03334157168865204, 0.017751039937138557, 0.003901895135641098, 0.05260318145155907, 0.09040901064872742, 0.11807046085596085, -1.0, -0.2992841303348541]","[-0.03334157168865204, 0.017751039937138557, 0.003901895135641098, 0.05260318145155907, 0.09040901064872742, 0.11807046085596085, -1.0, -0.2992841303348541]"
68,0,"[-0.023827847093343735, -0.5776171088218689, -0.05698196217417717, 1.0859899520874023, 0.008875057101249695, 1.7244127988815308, -0.9710472226142883, 0.049094028770923615, -0.03581603616476059, 0.017015185207128525, 0.003621443174779415, 0.05619218572974205, 0.1000308021903038, 0.1332513839006424, -1.085707187652588, -0.4665513336658478, 0.0, -0.47699999809265137, 0.0, 0.8571975827217102, 0.0, 1.2771975994110107, -1.5707963705062866, 0.10000000149011612]","[0.01683279126882553, -0.060441404581069946, 0.0054176077246665955, -0.09611983597278595, 0.056025296449661255, 0.01987709105014801, -2.795968770980835, -0.4410380721092224]","[0.01683279126882553, -0.060441404581069946, 0.0054176077246665955, -0.09611983597278595, 0.056025296449661255, 0.01987709105014801, -1.0, -0.4410380721092224]","[0.01683279126882553, -0.060441404581069946, 0.0054176077246665955, -0.09611983597278595, 0.056025296449661255, 0.01987709105014801, -1.0, -0.4410380721092224]"
69,0,"[-0.022887131199240685, -0.5813478231430054, -0.05664309486746788, 1.0807398557662964, 0.0095141576603055, 1.7221306562423706, -1.0280163288116455, 0.04954289644956589, 0.02849993295967579, -0.08143529295921326, 0.023466404527425766, -0.1193075031042099, 0.022128373384475708, -0.023058593273162842, -1.0816254615783691, -11.03459358215332, 0.0, -0.47699999809265137, 0.0, 0.8571975827217102, 0.0, 1.2771975994110107, -1.5707963705062866, 0.10000000149011612]","[0.3536369800567627, -0.1822853833436966, 0.014743998646736145, 0.06201406940817833, -0.029143908992409706, -0.07589486241340637, -1.940274715423584, -0.35876962542533875]","[0.3536369800567627, -0.1822853833436966, 0.014743998646736145, 0.06201406940817833, -0.029143908992409706, -0.07589486241340637, -1.0, -0.35876962542533875]","[0.3536369800567627, -0.1822853833436966, 0.014743998646736145, 0.06201406940817833, -0.029143908992409706, -0.07589486241340637, -1.0, -0.35876962542533875]"
70,0,"[-0.0040675136260688305, -0.5897999405860901, -0.05688774213194847, 1.0827006101608276, 0.006324302405118942, 1.7159583568572998, -1.0850112438201904, 0.049701396375894547, 0.39783504605293274, -0.21547679603099823, 0.03336063399910927, 0.05217594653367996, -0.07474350929260254, -0.13903650641441345, -1.0813456773757935, -9.1300687789917, 0.0, -0.47699999809265137, 0.0, 0.8571975827217102, 0.0, 1.2771975994110107, -1.5707963705062866, 0.10000000149011612]","[0.2481401115655899, -0.11633704602718353, 0.029320884495973587, 0.004679333418607712, -0.015888342633843422, -0.09057077765464783, -1.9886201620101929, -0.40098002552986145]","[0.2481401115655899, -0.11633704602718353, 0.029320884495973587, 0.004679333418607712, -0.015888342633843422, -0.09057077765464783, -1.0, -0.40098002552986145]","[0.2481401115655899, -0.11633704602718353, 0.029320884495973587, 0.004679333418607712, -0.015888342633843422, -0.09057077765464783, -1.0, -0.40098002552986145]"
71,0,"[0.01046206895262003, -0.5975262522697449, -0.05481032654643059, 1.0835884809494019, 0.004176382906734943, 1.7083210945129395, -1.1419885158538818, 0.04883263260126114, 0.2572431266307831, -0.10795880854129791, 0.025319235399365425, 0.04976295679807663, 0.02133426070213318, -0.06537814438343048, -1.0893009901046753, 7.797564506530762, 0.0, -0.47699999809265137, 0.0, 0.8571975827217102, 0.0, 1.2771975994110107, -1.5707963705062866, 0.10000000149011612]","[-0.23121656477451324, 0.3078605830669403, 0.1429961919784546, -0.12543250620365143, 0.05647675320506096, -0.0903371274471283, -1.7131752967834473, 0.03383507952094078]","[-0.23121656477451324, 0.3078605830669403, 0.1429961919784546, -0.12543250620365143, 0.05647675320506096, -0.0903371274471283, -1.0, 0.03383507952094078]","[-0.23121656477451324, 0.3078605830669403, 0.1429961919784546, -0.12543250620365143, 0.05647675320506096, -0.0903371274471283, -1.0, 0.03383507952094078]"
72,0,"[-0.0017683969344943762, -0.585289716720581, -0.0458657331764698, 1.0793479681015015, 0.00805494375526905, 1.7039215564727783, -1.1990958452224731, 0.05351366102695465, -0.2526176869869232, 0.3411482572555542, 0.15366452932357788, -0.14140954613685608, 0.06623874604701996, -0.08535362780094147, -1.0866159200668335, 0.8239803314208984, 0.0, -0.47699999809265137, 0.0, 0.8571975827217102, 0.0, 1.2771975994110107, -1.5707963705062866, 0.10000000149011612]","[-0.058437779545784, -0.0007140841335058212, 0.01775435358285904, -0.15010316669940948, 0.04527760669589043, -0.05310028791427612, -2.523411750793457, -0.19589433073997498]","[-0.058437779545784, -0.0007140841335058212, 0.01775435358285904, -0.15010316669940948, 0.04527760669589043, -0.05310028791427612, -1.0, -0.19589433073997498]","[-0.058437779545784, -0.0007140841335058212, 0.01775435358285904, -0.15010316669940948, 0.04527760669589043, -0.05310028791427612, -1.0, -0.19589433073997498]"
73,0,"[-0.004853146616369486, -0.5819488763809204, -0.044595979154109955, 1.0694409608840942, 0.010999414138495922, 1.7016550302505493, -1.2561893463134766, 0.04971083998680115, -0.061753030866384506, -9.938259609043598e-05, 0.02106720767915249, -0.16808226704597473, 0.04261556640267372, -0.0707043781876564, -1.084972620010376, -1.9982868432998657, 0.0, -0.47699999809265137, 0.0, 0.8571975827217102, 0.0, 1.2771975994110107, -1.5707963705062866, 0.10000000149011612]","[-0.0014166333712637424, -0.008477536961436272, 0.017231525853276253, -0.1835380494594574, 0.023402178660035133, -0.17676043510437012, -2.275329828262329, -0.09161950647830963]","[-0.0014166333712637424, -0.008477536961436272, 0.017231525853276253, -0.1835380494594574, 0.023402178660035133, -0.17676043510437012, -1.0, -0.09161950647830963]","[-0.0014166333712637424, -0.008477536961436272, 0.017231525853276253, -0.1835380494594574, 0.023402178660035133, -0.17676043510437012, -1.0, -0.09161950647830963]"
74,0,"[-0.0051582008600234985, -0.5826833248138428, -0.04375269636511803, 1.059082269668579, 0.011716269887983799, 1.6901099681854248, -1.313183069229126, 0.04978036507964134, -0.000937900971621275, -0.007713786326348782, 0.01875920407474041, -0.20289556682109833, 0.028025120496749878, -0.1825311928987503, -1.086356520652771, 0.053914621472358704, 0.0, -0.47699999809265137, 0.0, 0.8571975827217102, 0.0, 1.2771975994110107, -1.5707963705062866, 0.10000000149011612]","[-0.0317012220621109, 0.032729245722293854, 0.036619096994400024, -0.16475550830364227, 0.0188316460698843, -0.1386188417673111, -2.2857160568237305, 0.0015397630631923676]","[-0.0317012220621109, 0.032729245722293854, 0.036619096994400024, -0.16475550830364227, 0.0188316460698843, -0.1386188417673111, -1.0, 0.0015397630631923676]","[-0.0317012220621109, 0.032729245722293854, 0.036619096994400024, -0.16475550830364227, 0.0188316460698843, -0.1386188417673111, -1.0, 0.0015397630631923676]"
75,0,"[-0.006930022034794092, -0.581277072429657, -0.041641660034656525, 1.0497076511383057, 0.012298408895730972, 1.680578589439392, -1.3701512813568115, 0.04998134821653366, -0.034210577607154846, 0.03471539169549942, 0.04072336480021477, -0.17721138894557953, 0.017436057329177856, -0.16412387788295746, -1.0851269960403442, -1.1432768106460571, 0.0, -0.47699999809265137, 0.0, 0.8571975827217102, 0.0, 1.2771975994110107, -1.5707963705062866, 0.10000000149011612]","[-0.007002136204391718, 0.030983077362179756, 0.041432321071624756, -0.1695369929075241, 0.007605197373777628, -0.19946253299713135, -2.097404718399048, 0.06870311498641968]","[-0.007002136204391718, 0.030983077362179756, 0.041432321071624756, -0.1695369929075241, 0.007605197373777628, -0.19946253299713135, -1.0, 0.06870311498641968]","[-0.007002136204391718, 0.030983077362179756, 0.041432321071624756, -0.1695369929075241, 0.007605197373777628, -0.19946253299713135, -1.0, 0.06870311498641968]"
76,0,"[-0.00745472451671958, -0.5796831250190735, -0.0393657386302948, 1.0400415658950806, 0.01234166044741869, 1.6677428483963013, -1.4271268844604492, 0.05134955421090126, -0.007021191995590925, 0.03516359254717827, 0.04552284628152847, -0.1847878098487854, 0.008698473684489727, -0.21596671640872955, -1.0859729051589966, 0.024867964908480644, 0.0, -0.47699999809265137, 0.0, 0.8571975827217102, 0.0, 1.2771975994110107, -1.5707963705062866, 0.10000000149011612]","[-0.012215394526720047, 0.06262482702732086, 0.0572378896176815, -0.14707058668136597, -0.0013519427739083767, -0.1874900460243225, -2.007901430130005, 0.15214984118938446]","[-0.012215394526720047, 0.06262482702732086, 0.0572378896176815, -0.14707058668136597, -0.0013519427739083767, -0.1874900460243225, -1.0, 0.15214984118938446]","[-0.012215394526720047, 0.06262482702732086, 0.0572378896176815, -0.14707058668136597, -0.0013519427739083767, -0.1874900460243225, -1.0, 0.15214984118938446]"
77,0,"[-0.008239238522946835, -0.5763499736785889, -0.03618023172020912, 1.0316933393478394, 0.012251101434230804, 1.657023549079895, -1.4841868877410889, 0.05542439594864845, -0.012425350025296211, 0.07092753052711487, 0.0628691166639328, -0.16159476339817047, -0.001400256180204451, -0.20316188037395477, -1.0859452486038208, 0.10653585195541382, 0.0, -0.47699999809265137, 0.0, 0.8571975827217102, 0.0, 1.2771975994110107, -1.5707963705062866, 0.10000000149011612]","[-0.004451791290193796, 0.07140438258647919, 0.06435899436473846, -0.13448862731456757, -0.013877777382731438, -0.21163594722747803, -1.8421696424484253, 0.17909440398216248]","[-0.004451791290193796, 0.07140438258647919, 0.06435899436473846, -0.13448862731456757, -0.013877777382731438, -0.21163594722747803, -1.0, 0.17909440398216248]","[-0.004451791290193796, 0.07140438258647919, 0.06435899436473846, -0.13448862731456757, -0.013877777382731438, -0.21163594722747803, -1.0, 0.17909440398216248]"
78,0,"[-0.00856726337224245, -0.5723053812980652, -0.03257142752408981, 1.0239691734313965, 0.011444147676229477, 1.6449329853057861, -1.5412464141845703, 0.06021318957209587, -0.0038146665319800377, 0.08051836490631104, 0.07073856145143509, -0.14782080054283142, -0.015014213509857655, -0.2297893762588501, -1.0859289169311523, 0.0972287505865097, 0.0, -0.47699999809265137, 0.0, 0.8571975827217102, 0.0, 1.2771975994110107, -1.5707963705062866, 0.10000000149011612]","[0.0014383490197360516, 0.07450814545154572, 0.06710914522409439, -0.12422512471675873, -0.024227989837527275, -0.22819086909294128, -1.6527485847473145, 0.18765701353549957]","[0.0014383490197360516, 0.07450814545154572, 0.06710914522409439, -0.12422512471675873, -0.024227989837527275, -0.22819086909294128, -1.0, 0.18765701353549957]","[0.0014383490197360516, 0.07450814545154572, 0.06710914522409439, -0.12422512471675873, -0.024227989837527275, -0.22819086909294128, -1.0, 0.18765701353549957]"
79,0,"[-0.008520850911736488, -0.568033754825592, -0.02877257764339447, 1.016823410987854, 0.010051824152469635, 1.6318672895431519, -1.5983045101165771, 0.06523282080888748, 0.0026220381259918213, 0.0838274210691452, 0.07375194877386093, -0.1365719884634018, -0.026247600093483925, -0.24778643250465393, -1.0859266519546509, 0.10102234035730362, 0.0, -0.47699999809265137, 0.0, 0.8571975827217102, 0.0, 1.2771975994110107, -1.5707963705062866, 0.10000000149011612]","[0.005362267140299082, 0.07459743320941925, 0.06625350564718246, -0.11356094479560852, -0.03228459507226944, -0.23732757568359375, -1.4374358654022217, 0.18566739559173584]","[0.005362267140299082, 0.07459743320941925, 0.06625350564718246, -0.11356094479560852, -0.03228459507226944, -0.23732757568359375, -1.0, 0.18566739559173584]","[0.005362267140299082, 0.07459743320941925, 0.06625350564718246, -0.11356094479560852, -0.03228459507226944, -0.23732757568359375, -1.0, 0.18566739559173584]"
80,0,"[-0.008218234404921532, -0.5637205243110657, -0.024995144456624985, 1.0102745294570923, 0.008206995204091072, 1.6182838678359985, -1.655362844467163, 0.07020461559295654, 0.006865745410323143, 0.08381856977939606, 0.07279989123344421, -0.12487515062093735, -0.03500150516629219, -0.257728636264801, -1.0859267711639404, 0.10000691562891006, 0.0, -0.47699999809265137, 0.0, 0.8571975827217102, 0.0, 1.2771975994110107, -1.5707963705062866, 0.10000000149011612]","[0.007756218779832125, 0.0706724151968956, 0.06110134720802307, -0.10381340980529785, -0.03637614846229553, -0.2387889325618744, -1.1928571462631226, 0.17403826117515564]","[0.007756218779832125, 0.0706724151968956, 0.06110134720802307, -0.10381340980529785, -0.03637614846229553, -0.2387889325618744, -1.0, 0.17403826117515564]","[0.007756218779832125, 0.0706724151968956, 0.06110134720802307, -0.10381340980529785, -0.03637614846229553, -0.2387889325618744, -1.0, 0.17403826117515564]"
81,0,"[-0.007744342554360628, -0.5595910549163818, -0.02148221619427204, 1.0042736530303955, 0.006134845782071352, 1.6046239137649536, -1.7124217748641968, 0.07487037032842636, 0.009381169453263283, 0.07936947047710419, 0.06712401658296585, -0.1141747310757637, -0.039454542100429535, -0.2593301236629486, -1.0859217643737793, 0.09337868541479111, 0.0, -0.47699999809265137, 0.0, 0.8571975827217102, 0.0, 1.2771975994110107, -1.5707963705062866, 0.10000000149011612]","[0.00885603204369545, 0.0625668317079544, 0.05214427411556244, -0.09487968683242798, -0.03464869409799576, -0.23196935653686523, -0.9168264269828796, 0.15455111861228943]","[0.00885603204369545, 0.0625668317079544, 0.05214427411556244, -0.09487968683242798, -0.03464869409799576, -0.23196935653686523, -0.9168264269828796, 0.15455111861228943]","[0.00885603204369545, 0.0625668317079544, 0.05214427411556244, -0.09487968683242798, -0.03464869409799576, -0.23196935653686523, -0.9168264269828796, 0.15455111861228943]"
82,0,"[-0.007177847903221846, -0.5558817982673645, -0.018455736339092255, 0.9987733960151672, 0.004163793288171291, 1.5913617610931396, -1.7647367715835571, 0.07902070879936218, 0.010440515354275703, 0.07029817998409271, 0.0572764091193676, -0.1043485775589943, -0.03758685663342476, -0.25193604826927185, -0.9956017136573792, 0.08251801878213882, 0.0, -0.47699999809265137, 0.0, 0.8571975827217102, 0.0, 1.2771975994110107, -1.5707963705062866, 0.10000000149011612]","[0.007079716306179762, 0.05234541743993759, 0.04015928506851196, -0.09196111559867859, -0.026569047942757607, -0.22119012475013733, -0.6275248527526855, 0.1224542111158371]","[0.007079716306179762, 0.05234541743993759, 0.04015928506851196, -0.09196111559867859, -0.026569047942757607, -0.22119012475013733, -0.6275248527526855, 0.1224542111158371]","[0.007079716306179762, 0.05234541743993759, 0.04015928506851196, -0.09196111559867859, -0.026569047942757607, -0.22119012475013733, -0.6275248527526855, 0.1224542111158371]"
83,0,"[-0.006679574027657509, -0.5527624487876892, -0.016087399795651436, 0.993469774723053, 0.0026536176446825266, 1.5787217617034912, -1.8005460500717163, 0.08231879770755768, 0.00830339826643467, 0.05892141908407211, 0.04409081116318703, -0.10112643241882324, -0.028823813423514366, -0.24018821120262146, -0.6814460158348083, 0.0669313296675682, 0.0, -0.47699999809265137, 0.0, 0.8571975827217102, 0.0, 1.2771975994110107, -1.5707963705062866, 0.10000000149011612]","[0.0011881566606462002, 0.0421578586101532, 0.028037233278155327, -0.09556689858436584, -0.01566949300467968, -0.20806297659873962, -0.3893052935600281, 0.07596276700496674]","[0.0011881566606462002, 0.0421578586101532, 0.028037233278155327, -0.09556689858436584, -0.01566949300467968, -0.20806297659873962, -0.3893052935600281, 0.07596276700496674]","[0.0011881566606462002, 0.0421578586101532, 0.028037233278155327, -0.09556689858436584, -0.01566949300467968, -0.20806297659873962, -0.3893052935600281, 0.07596276700496674]"
84,0,"[-0.0064963833428919315, -0.5502581596374512, -0.014395351521670818, 0.9880028367042542, 0.0017658802680671215, 1.5668374300003052, -1.8227624893188477, 0.08437676727771759, 0.001662227208726108, 0.04763968288898468, 0.03073517233133316, -0.10506081581115723, -0.01700909249484539, -0.2258843034505844, -0.4227648377418518, 0.04420268535614014, 0.0, -0.47699999809265137, 0.0, 0.8571975827217102, 0.0, 1.2771975994110107, -1.5707963705062866, 0.10000000149011612]","[-0.0015505538322031498, 0.029367534443736076, 0.021035972982645035, -0.08183591067790985, -0.006589596625417471, -0.17930960655212402, -0.23263540863990784, 0.04410655423998833]","[-0.0015505538322031498, 0.029367534443736076, 0.021035972982645035, -0.08183591067790985, -0.006589596625417471, -0.17930960655212402, -0.23263540863990784, 0.04410655423998833]","[-0.0015505538322031498, 0.029367534443736076, 0.021035972982645035, -0.08183591067790985, -0.006589596625417471, -0.17930960655212402, -0.23263540863990784, 0.04410655423998833]"
85,0,"[-0.0065205092541873455, -0.5483684539794922, -0.01314474456012249, 0.9832119941711426, 0.0013889619149267673, 1.556613802909851, -1.8360384702682495, 0.0855836570262909, -0.0013789157383143902, 0.03340131416916847, 0.023078417405486107, -0.08989384025335312, -0.007131400052458048, -0.19472867250442505, -0.25263547897338867, 0.022725865244865417, 0.0, -0.47699999809265137, 0.0, 0.8571975827217102, 0.0, 1.2771975994110107, -1.5707963705062866, 0.10000000149011612]","[-0.002187191043049097, 0.018962668254971504, 0.017313115298748016, -0.0629730075597763, -0.0021009868942201138, -0.1481679379940033, -0.13855187594890594, 0.024825211614370346]","[-0.002187191043049097, 0.018962668254971504, 0.017313115298748016, -0.0629730075597763, -0.0021009868942201138, -0.1481679379940033, -0.13855187594890594, 0.024825211614370346]","[-0.002187191043049097, 0.018962668254971504, 0.017313115298748016, -0.0629730075597763, -0.0021009868942201138, -0.1481679379940033, -0.13855187594890594, 0.024825211614370346]"
86,0,"[-0.00661264406517148, -0.547074556350708, -0.012131997384130955, 0.9794784188270569, 0.0012670824071392417, 1.5481693744659424, -1.8439455032348633, 0.08626781404018402, -0.0021110721863806248, 0.021700656041502953, 0.019005727022886276, -0.06910517066717148, -0.0022513088770210743, -0.16093803942203522, -0.15047474205493927, 0.011141711845993996, 0.0, -0.47699999809265137, 0.0, 0.8571975827217102, 0.0, 1.2771975994110107, -1.5707963705062866, 0.10000000149011612]","[-0.0018416051752865314, 0.01164163090288639, 0.014712780714035034, -0.04555921629071236, -0.00039215898141264915, -0.11973577737808228, -0.08311612904071808, 0.014432694762945175]","[-0.0018416051752865314, 0.01164163090288639, 0.014712780714035034, -0.04555921629071236, -0.00039215898141264915, -0.11973577737808228, -0.08311612904071808, 0.014432694762945175]","[-0.0018416051752865314, 0.01164163090288639, 0.014712780714035034, -0.04555921629071236, -0.00039215898141264915, -0.11973577737808228, -0.08311612904071808, 0.014432694762945175]"
87,0,"[-0.0066975480876863, -0.5462402105331421, -0.01127704419195652, 0.9767595529556274, 0.0012422713916748762, 1.5413496494293213, -1.848689079284668, 0.08666826784610748, -0.0017732253763824701, 0.013411152176558971, 0.016154635697603226, -0.04994978383183479, -0.00039951622602529824, -0.13006369769573212, -0.09027557075023651, 0.006305238232016563, 0.0, -0.47699999809265137, 0.0, 0.8571975827217102, 0.0, 1.2771975994110107, -1.5707963705062866, 0.10000000149011612]","[-0.0012546018697321415, 0.006753021851181984, 0.012436021119356155, -0.03169611841440201, 4.464620724320412e-05, -0.09559868276119232, -0.05005247890949249, 0.008801501244306564]","[-0.0012546018697321415, 0.006753021851181984, 0.012436021119356155, -0.03169611841440201, 4.464620724320412e-05, -0.09559868276119232, -0.05005247890949249, 0.008801501244306564]","[-0.0012546018697321415, 0.006753021851181984, 0.012436021119356155, -0.03169611841440201, 4.464620724320412e-05, -0.09559868276119232, -0.05005247890949249, 0.008801501244306564]"
88,0,"[-0.00675283232703805, -0.5457298159599304, -0.010554623790085316, 0.9748620986938477, 0.0012420108541846275, 1.5359084606170654, -1.851546049118042, 0.08691427856683731, -0.0011723319767042994, 0.007846718654036522, 0.01365496776998043, -0.034718871116638184, 6.878771091578528e-05, -0.10385077446699142, -0.054373107850551605, 0.004287921357899904, 0.0, -0.47699999809265137, 0.0, 0.8571975827217102, 0.0, 1.2771975994110107, -1.5707963705062866, 0.10000000149011612]","[-0.0007266574539244175, 0.003577897325158119, 0.010324012488126755, -0.021422676742076874, 4.677567631006241e-06, -0.07578125596046448, -0.030031666159629822, 0.005506318062543869]","[-0.0007266574539244175, 0.003577897325158119, 0.010324012488126755, -0.021422676742076874, 4.677567631006241e-06, -0.07578125596046448, -0.030031666159629822, 0.005506318062543869]","[-0.0007266574539244175, 0.003577897325158119, 0.010324012488126755, -0.021422676742076874, 4.677567631006241e-06, -0.07578125596046448, -0.030031666159629822, 0.005506318062543869]"
89,0,"[-0.006779450457543135, -0.5454376935958862, -0.009953593835234642, 0.9735780358314514, 0.0012392826611176133, 1.531598448753357, -1.8532605171203613, 0.08706957846879959, -0.0006333220517262816, 0.00421690521761775, 0.011335346847772598, -0.023442473262548447, 2.015714744629804e-05, -0.08232143521308899, -0.03263299539685249, 0.0032984146382659674, 0.0, -0.47699999809265137, 0.0, 0.8571975827217102, 0.0, 1.2771975994110107, -1.5707963705062866, 0.10000000149011612]","[-0.0003369622863829136, 0.0015754159539937973, 0.00840785726904869, -0.014110345393419266, -0.00016343360766768456, -0.05979438126087189, -0.017795994877815247, 0.003431599587202072]","[-0.0003369622863829136, 0.0015754159539937973, 0.00840785726904869, -0.014110345393419266, -0.00016343360766768456, -0.05979438126087189, -0.017795994877815247, 0.003431599587202072]","[-0.0003369622863829136, 0.0015754159539937973, 0.00840785726904869, -0.014110345393419266, -0.00016343360766768456, -0.05979438126087189, -0.017795994877815247, 0.003431599587202072]"
90,0,"[-0.006785109639167786, -0.5452878475189209, -0.009462776593863964, 0.9727323055267334, 0.0012269726721569896, 1.5282001495361328, -1.8542766571044922, 0.08716751635074615, -0.0002406132989563048, 0.0019169540610164404, 0.009230962023139, -0.01542181707918644, -0.00016669165052007884, -0.06495313346385956, -0.01934272050857544, 0.0026501689571887255, 0.0, -0.47699999809265137, 0.0, 0.8571975827217102, 0.0, 1.2771975994110107, -1.5707963705062866, 0.10000000149011612]","[-7.976451888680458e-05, 0.0003606081008911133, 0.006732281297445297, -0.009047523140907288, -0.000323412474244833, -0.04703088849782944, -0.01029948890209198, 0.002071049064397812]","[-7.976451888680458e-05, 0.0003606081008911133, 0.006732281297445297, -0.009047523140907288, -0.000323412474244833, -0.04703088849782944, -0.01029948890209198, 0.002071049064397812]","[-7.976451888680458e-05, 0.0003606081008911133, 0.006732281297445297, -0.009047523140907288, -0.000323412474244833, -0.04703088849782944, -0.01029948890209198, 0.002071049064397812]"
91,0,"[-0.00677763344720006, -0.5452274680137634, -0.009068739600479603, 0.9721903800964355, 0.0012056881096214056, 1.525529146194458, -1.8548648357391357, 0.08722763508558273, 1.2851943210989702e-05, 0.0005127014010213315, 0.007391061633825302, -0.009871046990156174, -0.0003440502332523465, -0.05109135061502457, -0.011209750548005104, 0.002182216150686145, 0.0, -0.47699999809265137, 0.0, 0.8571975827217102, 0.0, 1.2771975994110107, -1.5707963705062866, 0.10000000149011612]","[7.454818114638329e-05, -0.00033388473093509674, 0.005315542221069336, -0.00561460480093956, -0.0004327981732785702, -0.03690687566995621, -0.005726456642150879, 0.0011762045323848724]","[7.454818114638329e-05, -0.00033388473093509674, 0.005315542221069336, -0.00561460480093956, -0.0004327981732785702, -0.03690687566995621, -0.005726456642150879, 0.0011762045323848724]","[7.454818114638329e-05, -0.00033388473093509674, 0.005315542221069336, -0.00561460480093956, -0.0004327981732785702, -0.03690687566995621, -0.005726456642150879, 0.0011762045323848724]"
92,0,"[-0.006763070821762085, -0.5452207326889038, -0.00875691045075655, 0.9718548655509949, 0.001178382197394967, 1.5234345197677612, -1.855191946029663, 0.08726276457309723, 0.00015878283011261374, -0.00029652510420419276, 0.005835509393364191, -0.006111748516559601, -0.0004651952476706356, -0.040092550218105316, -0.006240550894290209, 0.0017866825219243765, 0.0, -0.47699999809265137, 0.0, 0.8571975827217102, 0.0, 1.2771975994110107, -1.5707963705062866, 0.10000000149011612]","[0.00015620654448866844, -0.0006951633840799332, 0.004149474203586578, -0.0033365152776241302, -0.0004882975481450558, -0.028914906084537506, -0.0029658377170562744, 0.0005923621356487274]","[0.00015620654448866844, -0.0006951633840799332, 0.004149474203586578, -0.0033365152776241302, -0.0004882975481450558, -0.028914906084537506, -0.0029658377170562744, 0.0005923621356487274]","[0.00015620654448866844, -0.0006951633840799332, 0.004149474203586578, -0.0033365152776241302, -0.0004882975481450558, -0.028914906084537506, -0.0029658377170562744, 0.0005923621356487274]"
93,0,"[-0.006745573598891497, -0.5452442765235901, -0.008513008244335651, 0.9716562032699585, 0.0011481832480058074, 1.5217947959899902, -1.8553614616394043, 0.08728140592575073, 0.00022991436708252877, -0.0007239148253574967, 0.004555247724056244, -0.0036191376857459545, -0.0005271349800750613, -0.03141143545508385, -0.003242888255044818, 0.0014479027595371008, 0.0, -0.47699999809265137, 0.0, 0.8571975827217102, 0.0, 1.2771975994110107, -1.5707963705062866, 0.10000000149011612]","[0.00019088899716734886, -0.000847088173031807, 0.0032097026705741882, -0.0018550790846347809, -0.0005000731907784939, -0.022626712918281555, -0.0013316571712493896, 0.00022472068667411804]","[0.00019088899716734886, -0.000847088173031807, 0.0032097026705741882, -0.0018550790846347809, -0.0005000731907784939, -0.022626712918281555, -0.0013316571712493896, 0.00022472068667411804]","[0.00019088899716734886, -0.000847088173031807, 0.0032097026705741882, -0.0018550790846347809, -0.0005000731907784939, -0.022626712918281555, -0.0013316571712493896, 0.00022472068667411804]"
94,0,"[-0.006727694068104029, -0.545282781124115, -0.008324037306010723, 0.9715465307235718, 0.0011176097905263305, 1.5205119848251343, -1.8554376363754272, 0.08728956431150436, 0.00025372367235831916, -0.0009102370822802186, 0.003523539286106825, -0.002000584499910474, -0.0005410649464465678, -0.024577703326940536, -0.0014703498454764485, 0.0011403694516047835, 0.0, -0.47699999809265137, 0.0, 0.8571975827217102, 0.0, 1.2771975994110107, -1.5707963705062866, 0.10000000149011612]","[0.00019676005467772484, -0.0008755140006542206, 0.002464834600687027, -0.000916019082069397, -0.0004812902770936489, -0.017688147723674774, -0.0003937184810638428, 2.1569430828094482e-06]","[0.00019676005467772484, -0.0008755140006542206, 0.002464834600687027, -0.000916019082069397, -0.0004812902770936489, -0.017688147723674774, -0.0003937184810638428, 2.1569430828094482e-06]","[0.00019676005467772484, -0.0008755140006542206, 0.002464834600687027, -0.000916019082069397, -0.0004812902770936489, -0.017688147723674774, -0.0003937184810638428, 2.1569430828094482e-06]"
95,0,"[-0.00671088183298707, -0.5453277230262756, -0.008178722113370895, 0.9714930653572083, 0.0010884071234613657, 1.5195096731185913, -1.8554608821868896, 0.08729123324155807, 0.000249062548391521, -0.0009536257130093873, 0.002705818507820368, -0.0009751392062753439, -0.0005215691053308547, -0.019215533509850502, -0.00044411764247342944, 0.0009152439888566732, 0.0, -0.47699999809265137, 0.0, 0.8571975827217102, 0.0, 1.2771975994110107, -1.5707963705062866, 0.10000000149011612]","[0.00018565310165286064, -0.0008287057280540466, 0.0018821059493348002, -0.0003392361104488373, -0.0004433891735970974, -0.013816997408866882, 0.00012199580669403076, -0.00011955574154853821]","[0.00018565310165286064, -0.0008287057280540466, 0.0018821059493348002, -0.0003392361104488373, -0.0004433891735970974, -0.013816997408866882, 0.00012199580669403076, -0.00011955574154853821]","[0.00018565310165286064, -0.0008287057280540466, 0.0018821059493348002, -0.0003392361104488373, -0.0004433891735970974, -0.013816997408866882, 0.00012199580669403076, -0.00011955574154853821]"
96,0,"[-0.006695881951600313, -0.5453715324401855, -0.00806763581931591, 0.971474289894104, 0.0010616241488605738, 1.5187270641326904, -1.8554519414901733, 0.08728928864002228, 0.00022859364980831742, -0.0009103741613216698, 0.0020661407615989447, -0.00034857718856073916, -0.0004808661178685725, -0.015009219758212566, 0.0001070240541594103, 0.0007300200522877276, 0.0, -0.47699999809265137, 0.0, 0.8571975827217102, 0.0, 1.2771975994110107, -1.5707963705062866, 0.10000000149011612]","[0.00016692234203219414, -0.0007533933967351913, 0.001430671545676887, 5.140900611877441e-07, -0.00039615994319319725, -0.01078527420759201, 0.00036296993494033813, -0.0001806505024433136]","[0.00016692234203219414, -0.0007533933967351913, 0.001430671545676887, 5.140900611877441e-07, -0.00039615994319319725, -0.01078527420759201, 0.00036296993494033813, -0.0001806505024433136]","[0.00016692234203219414, -0.0007533933967351913, 0.001430671545676887, 5.140900611877441e-07, -0.00039615994319319725, -0.01078527420759201, 0.00036296993494033813, -0.0001806505024433136]"
97,0,"[-0.0066829221323132515, -0.5454131364822388, -0.007983115501701832, 0.9714747667312622, 0.00103777926415205, 1.5181164741516113, -1.8554340600967407, 0.08728538453578949, 0.00020186303299851716, -0.0008305038209073246, 0.0015706373378634453, 2.1586416551144794e-05, -0.0004302545276004821, -0.011716729961335659, 0.0003725710266735405, 0.0005999021814204752, 0.0, -0.47699999809265137, 0.0, 0.8571975827217102, 0.0, 1.2771975994110107, -1.5707963705062866, 0.10000000149011612]","[0.00014537712559103966, -0.0006596650928258896, 0.0010850838152691722, 0.00019110366702079773, -0.00034487759694457054, -0.008417099714279175, 0.00048325955867767334, -0.00019660964608192444]","[0.00014537712559103966, -0.0006596650928258896, 0.0010850838152691722, 0.00019110366702079773, -0.00034487759694457054, -0.008417099714279175, 0.00048325955867767334, -0.00019660964608192444]","[0.00014537712559103966, -0.0006596650928258896, 0.0010850838152691722, 0.00019110366702079773, -0.00034487759694457054, -0.008417099714279175, 0.00048325955867767334, -0.00019660964608192444]"
98,0,"[-0.006671982817351818, -0.5454502105712891, -0.007918976247310638, 0.9714884757995605, 0.0010170625755563378, 1.5176399946212769, -1.8554072380065918, 0.08728083968162537, 0.00017344865773338825, -0.0007306868792511523, 0.0011912953341379762, 0.00022461279877461493, -0.00037464540218934417, -0.009144105017185211, 0.0005067532183602452, 0.00047405820805579424, 0.0, -0.47699999809265137, 0.0, 0.8571975827217102, 0.0, 1.2771975994110107, -1.5707963705062866, 0.10000000149011612]","[0.00012238090857863426, -0.0005652438849210739, 0.0008197537390515208, 0.00027027353644371033, -0.00029475754126906395, -0.00656658411026001, 0.0005032569169998169, -0.00019839778542518616]","[0.00012238090857863426, -0.0005652438849210739, 0.0008197537390515208, 0.00027027353644371033, -0.00029475754126906395, -0.00656658411026001, 0.0005032569169998169, -0.00019839778542518616]","[0.00012238090857863426, -0.0005652438849210739, 0.0008197537390515208, 0.00027027353644371033, -0.00029475754126906395, -0.00656658411026001, 0.0005032569169998169, -0.00019839778542518616]"
99,0,"[-0.006662953179329634, -0.5454825162887573, -0.00787047203630209, 0.9715067148208618, 0.0009993691928684711, 1.517268419265747, -1.8553804159164429, 0.08727606385946274, 0.00014471357280854136, -0.0006279123481363058, 0.0009000135469250381, 0.0003083694900851697, -0.0003204608801752329, -0.0071325781755149364, 0.0005264151841402054, 0.00037967332173138857, 0.0, -0.47699999809265137, 0.0, 0.8571975827217102, 0.0, 1.2771975994110107, -1.5707963705062866, 0.10000000149011612]","[0.00010193651542067528, -0.0004763565957546234, 0.0006186364917084575, 0.00029677897691726685, -0.0002481765113770962, -0.005121447145938873, 0.00048200786113739014, -0.00018273666501045227]","[0.00010193651542067528, -0.0004763565957546234, 0.0006186364917084575, 0.00029677897691726685, -0.0002481765113770962, -0.005121447145938873, 0.00048200786113739014, -0.00018273666501045227]","[0.00010193651542067528, -0.0004763565957546234, 0.0006186364917084575, 0.00029677897691726685, -0.0002481765113770962, -0.005121447145938873, 0.00048200786113739014, -0.00018273666501045227]"
100,0,"[-0.004516995511949062, -0.47795775532722473, -0.005998285952955484, 0.857609748840332, -0.03215895593166351, 1.2798911333084106, 0.0500529482960701, 0.10000000149011612, 0.0, 0.0, 0.0, 0.0, 0.0, 0.0, 0.0, 0.0, 0.0, -0.47699999809265137, 0.0, 0.8571975827217102, 0.0, 1.2771975994110107, -1.5707963705062866, 0.10000000149011612]","[-0.15978938341140747, -0.2606324553489685, -0.23845872282981873, 0.5429840087890625, 0.11273066699504852, 1.1745163202285767, -3.634781837463379, -1.7576736211776733]","[-0.15978938341140747, -0.2606324553489685, -0.23845872282981873, 0.5429840087890625, 0.11273066699504852, 1.0, -1.0, -1.0]","[-0.15978938341140747, -0.2606324553489685, -0.23845872282981873, 0.5429840087890625, 0.11273066699504852, 1.0, -1.0, -1.0]"
101,0,"[-0.010139145888388157, -0.48767954111099243, -0.017315702512860298, 0.8848313093185425, -0.029497280716896057, 1.337012767791748, -0.0057648299261927605, 0.0716513842344284, -0.1796274334192276, -0.28997090458869934, -0.25968876481056213, 0.5959232449531555, 0.09835096448659897, 1.0846967697143555, -1.0785857439041138, -1.7730965614318848, 0.0, -0.47699999809265137, 0.0, 0.8571975827217102, 0.0, 1.2771975994110107, -1.5707963705062866, 0.10000000149011612]","[-0.09414119273424149, -0.2151368260383606, -0.1571100354194641, 0.45956745743751526, 0.1006365567445755, 0.9810190200805664, -3.49804425239563, -1.216905117034912]","[-0.09414119273424149, -0.2151368260383606, -0.1571100354194641, 0.45956745743751526, 0.1006365567445755, 0.9810190200805664, -1.0, -1.0]","[-0.09414119273424149, -0.2151368260383606, -0.1571100354194641, 0.45956745743751526, 0.1006365567445755, 0.9810190200805664, -1.0, -1.0]"
102,0,"[-0.01665620692074299, -0.500758707523346, -0.026759475469589233, 0.9119003415107727, -0.030217086896300316, 1.3923254013061523, -0.06107856333255768, 0.04795818403363228, -0.15256255865097046, -0.23929835855960846, -0.17936661839485168, 0.517106294631958, 0.17177438735961914, 1.0738837718963623, -1.1125398874282837, 10.601449966430664, 0.0, -0.47699999809265137, 0.0, 0.8571975827217102, 0.0, 1.2771975994110107, -1.5707963705062866, 0.10000000149011612]","[-0.11203274875879288, -0.11836494505405426, -0.06574403494596481, 0.6470416188240051, 0.14412431418895721, 0.9723649024963379, -3.190147876739502, -0.4678555428981781]","[-0.11203274875879288, -0.11836494505405426, -0.06574403494596481, 0.6470416188240051, 0.14412431418895721, 0.9723649024963379, -1.0, -0.4678555428981781]","[-0.11203274875879288, -0.11836494505405426, -0.06574403494596481, 0.6470416188240051, 0.14412431418895721, 0.9723649024963379, -1.0, -0.4678555428981781]"
103,0,"[-0.023854011669754982, -0.5073819756507874, -0.03107645735144615, 0.9480106234550476, -0.023391136899590492, 1.447794795036316, -0.11780381947755814, 0.06068949028849602, -0.12803053855895996, -0.1337171494960785, -0.07420329004526138, 0.7073752284049988, 0.1638849526643753, 1.0570905208587646, -1.0894441604614258, 1.2592780590057373, 0.0, -0.47699999809265137, 0.0, 0.8571975827217102, 0.0, 1.2771975994110107, -1.5707963705062866, 0.10000000149011612]","[-0.07530287653207779, -0.19425803422927856, -0.1481124758720398, 0.4052956700325012, 0.11065080761909485, 0.8756754398345947, -3.5160489082336426, -1.1155561208724976]","[-0.07530287653207779, -0.19425803422927856, -0.1481124758720398, 0.4052956700325012, 0.11065080761909485, 0.8756754398345947, -1.0, -1.0]","[-0.07530287653207779, -0.19425803422927856, -0.1481124758720398, 0.4052956700325012, 0.11065080761909485, 0.8756754398345947, -1.0, -1.0]"
104,0,"[-0.02741083689033985, -0.518841028213501, -0.039023395627737045, 0.9721890687942505, -0.020188258960843086, 1.4969284534454346, -0.17426350712776184, 0.04966600239276886, -0.05435745418071747, -0.2220960408449173, -0.12805268168449402, 0.4327789545059204, -0.009614408016204834, 0.9327044486999512, -1.0582499504089355, -13.322697639465332, 0.0, -0.47699999809265137, 0.0, 0.8571975827217102, 0.0, 1.2771975994110107, -1.5707963705062866, 0.10000000149011612]","[0.3263607323169708, -0.3588154911994934, -0.04878897964954376, 0.38245901465415955, -0.032226450741291046, 0.4960910975933075, -2.722020387649536, -0.6251290440559387]","[0.3263607323169708, -0.3588154911994934, -0.04878897964954376, 0.38245901465415955, -0.032226450741291046, 0.4960910975933075, -1.0, -0.6251290440559387]","[0.3263607323169708, -0.3588154911994934, -0.04878897964954376, 0.38245901465415955, -0.032226450741291046, 0.4960910975933075, -1.0, -0.6251290440559387]"
105,0,"[-0.011990887112915516, -0.5376400351524353, -0.04397791251540184, 0.9931008219718933, -0.02148897759616375, 1.5255283117294312, -0.2314843237400055, 0.0502188578248024, 0.3611465096473694, -0.4000064730644226, -0.04848932847380638, 0.4220495820045471, -0.03901941701769829, 0.5370579957962036, -1.085080623626709, -0.3283020555973053, 0.0, -0.47699999809265137, 0.0, 0.8571975827217102, 0.0, 1.2771975994110107, -1.5707963705062866, 0.10000000149011612]","[-0.09158533066511154, -0.12441176921129227, -0.09802058339118958, 0.2571577727794647, 0.11172705888748169, 0.6611419916152954, -3.3796794414520264, -1.0459750890731812]","[-0.09158533066511154, -0.12441176921129227, -0.09802058339118958, 0.2571577727794647, 0.11172705888748169, 0.6611419916152954, -1.0, -1.0]","[-0.09158533066511154, -0.12441176921129227, -0.09802058339118958, 0.2571577727794647, 0.11172705888748169, 0.6611419916152954, -1.0, -1.0]"
106,0,"[-0.014569124206900597, -0.547770619392395, -0.04749595746397972, 1.0098156929016113, -0.01852256990969181, 1.5620394945144653, -0.28800636529922485, 0.050946194678545, -0.10201095044612885, -0.14060886204242706, -0.11223949491977692, 0.2822796404361725, 0.1373734325170517, 0.7252177000045776, -1.084909200668335, -0.41488566994667053, 0.0, -0.47699999809265137, 0.0, 0.8571975827217102, 0.0, 1.2771975994110107, -1.5707963705062866, 0.10000000149011612]","[-0.07167796045541763, -0.10368185490369797, -0.08015598356723785, 0.21744780242443085, 0.11275236308574677, 0.5718762874603271, -3.3260273933410645, -1.0148180723190308]","[-0.07167796045541763, -0.10368185490369797, -0.08015598356723785, 0.21744780242443085, 0.11275236308574677, 0.5718762874603271, -1.0, -1.0]","[-0.07167796045541763, -0.10368185490369797, -0.08015598356723785, 0.21744780242443085, 0.11275236308574677, 0.5718762874603271, -1.0, -1.0]"
107,0,"[-0.018938610330224037, -0.5541262030601501, -0.05218924954533577, 1.0224735736846924, -0.014776325784623623, 1.593835473060608, -0.3447476625442505, 0.05799882858991623, -0.08549785614013672, -0.11348073184490204, -0.09622950851917267, 0.2348048835992813, 0.16853508353233337, 0.6360904574394226, -1.0924419164657593, 1.455711841583252, 0.0, -0.47699999809265137, 0.0, 0.8571975827217102, 0.0, 1.2771975994110107, -1.5707963705062866, 0.10000000149011612]","[-0.07274395227432251, -0.11057640612125397, -0.0830669105052948, 0.24396739900112152, 0.10931418836116791, 0.5678400993347168, -3.3532891273498535, -1.0545235872268677]","[-0.07274395227432251, -0.11057640612125397, -0.0830669105052948, 0.24396739900112152, 0.10931418836116791, 0.5678400993347168, -1.0, -1.0]","[-0.07274395227432251, -0.11057640612125397, -0.0830669105052948, 0.24396739900112152, 0.10931418836116791, 0.5678400993347168, -1.0, -1.0]"
108,0,"[-0.02287338115274906, -0.5602367520332336, -0.056729841977357864, 1.0361460447311401, -0.012027241289615631, 1.6248633861541748, -0.4015195965766907, 0.049262166023254395, -0.07477641105651855, -0.12909330427646637, -0.08971024304628372, 0.2597716450691223, 0.11807192862033844, 0.6238904595375061, -1.0826534032821655, -4.26610803604126, 0.0, -0.47699999809265137, 0.0, 0.8571975827217102, 0.0, 1.2771975994110107, -1.5707963705062866, 0.10000000149011612]","[0.05276346951723099, -0.11235842108726501, -0.05568009242415428, 0.13577674329280853, 0.0834885686635971, 0.3161579370498657, -3.0454659461975098, -0.8285092711448669]","[0.05276346951723099, -0.11235842108726501, -0.05568009242415428, 0.13577674329280853, 0.0834885686635971, 0.3161579370498657, -1.0, -0.8285092711448669]","[0.05276346951723099, -0.11235842108726501, -0.05568009242415428, 0.13577674329280853, 0.0834885686635971, 0.3161579370498657, -1.0, -0.8285092711448669]"
109,0,"[-0.02052885852754116, -0.5674169063568115, -0.06026454269886017, 1.0443580150604248, -0.012752655893564224, 1.6405495405197144, -0.45819902420043945, 0.050129614770412445, 0.06912405788898468, -0.13386981189250946, -0.053569164127111435, 0.1407177448272705, -0.020102612674236298, 0.2962631285190582, -1.0756499767303467, -0.19496506452560425, 0.0, -0.47699999809265137, 0.0, 0.8571975827217102, 0.0, 1.2771975994110107, -1.5707963705062866, 0.10000000149011612]","[-0.045088496059179306, -0.07895620167255402, -0.043514471501111984, 0.14061647653579712, 0.11116397380828857, 0.4051045775413513, -3.2294163703918457, -0.9438431859016418]","[-0.045088496059179306, -0.07895620167255402, -0.043514471501111984, 0.14061647653579712, 0.11116397380828857, 0.4051045775413513, -1.0, -0.9438431859016418]","[-0.045088496059179306, -0.07895620167255402, -0.043514471501111984, 0.14061647653579712, 0.11116397380828857, 0.4051045775413513, -1.0, -0.9438431859016418]"
110,0,"[-0.022619828581809998, -0.5723262429237366, -0.06230785697698593, 1.052544116973877, -0.01003220770508051, 1.661814570426941, -0.5150366425514221, 0.056634172797203064, -0.0550052672624588, -0.08608032017946243, -0.05245719850063324, 0.1506255716085434, 0.1462317705154419, 0.45277783274650574, -1.0885560512542725, 0.646269679069519, 0.0, -0.47699999809265137, 0.0, 0.8571975827217102, 0.0, 1.2771975994110107, -1.5707963705062866, 0.10000000149011612]","[-0.046064455062150955, -0.07320284843444824, -0.03739576414227486, 0.1380246877670288, 0.10933328419923782, 0.3748643398284912, -3.2179079055786133, -0.9542969465255737]","[-0.046064455062150955, -0.07320284843444824, -0.03739576414227486, 0.1380246877670288, 0.10933328419923782, 0.3748643398284912, -1.0, -0.9542969465255737]","[-0.046064455062150955, -0.07320284843444824, -0.03739576414227486, 0.1380246877670288, 0.10933328419923782, 0.3748643398284912, -1.0, -0.9542969465255737]"
111,0,"[-0.025018662214279175, -0.576697826385498, -0.06423050910234451, 1.0602627992630005, -0.0078146206215024, 1.6808665990829468, -0.5719489455223083, 0.0487278550863266, -0.029315095394849777, -0.09251905232667923, -0.023277560248970985, 0.14880399405956268, -0.13097891211509705, 0.25247642397880554, -1.0758216381072998, 0.20433621108531952, 0.0, -0.47699999809265137, 0.0, 0.8571975827217102, 0.0, 1.2771975994110107, -1.5707963705062866, 0.10000000149011612]","[-0.02621016837656498, -0.06524845957756042, -0.027457155287265778, 0.10324916243553162, 0.10348442196846008, 0.3077835738658905, -3.16383695602417, -0.8485934734344482]","[-0.02621016837656498, -0.06524845957756042, -0.027457155287265778, 0.10324916243553162, 0.10348442196846008, 0.3077835738658905, -1.0, -0.8485934734344482]","[-0.02621016837656498, -0.06524845957756042, -0.027457155287265778, 0.10324916243553162, 0.10348442196846008, 0.3077835738658905, -1.0, -0.8485934734344482]"
112,0,"[-0.02672726660966873, -0.580790638923645, -0.06580334901809692, 1.0665110349655151, -0.004917273297905922, 1.6964538097381592, -0.6289277672767639, 0.05465171858668327, -0.026333598420023918, -0.07500237226486206, -0.05322388559579849, 0.1172461062669754, 0.23860742151737213, 0.42278537154197693, -1.0872045755386353, -0.5679773092269897, 0.0, -0.47699999809265137, 0.0, 0.8571975827217102, 0.0, 1.2771975994110107, -1.5707963705062866, 0.10000000149011612]","[-0.009020993486046791, -0.055578261613845825, -0.012022815644741058, 0.05740254744887352, 0.1025729700922966, 0.23802146315574646, -3.0904080867767334, -0.8388609886169434]","[-0.009020993486046791, -0.055578261613845825, -0.012022815644741058, 0.05740254744887352, 0.1025729700922966, 0.23802146315574646, -1.0, -0.8388609886169434]","[-0.009020993486046791, -0.055578261613845825, -0.012022815644741058, 0.05740254744887352, 0.1025729700922966, 0.23802146315574646, -1.0, -0.8388609886169434]"
113,0,"[-0.027261802926659584, -0.5845051407814026, -0.06649661064147949, 1.0698635578155518, -0.0015516614075750113, 1.708362102508545, -0.6859280467033386, 0.04941997304558754, 0.0008342498913407326, -0.06793825328350067, -0.0028440714813768864, 0.05338443070650101, 0.08618847280740738, 0.246118426322937, -1.084155559539795, -6.042982578277588, 0.0, -0.47699999809265137, 0.0, 0.8571975827217102, 0.0, 1.2771975994110107, -1.5707963705062866, 0.10000000149011612]","[0.15988731384277344, -0.10640896111726761, -0.02545500546693802, 0.03397299721837044, 0.05257103964686394, 0.06046806275844574, -2.691044807434082, -0.6430978775024414]","[0.15988731384277344, -0.10640896111726761, -0.02545500546693802, 0.03397299721837044, 0.05257103964686394, 0.06046806275844574, -1.0, -0.6430978775024414]","[0.15988731384277344, -0.10640896111726761, -0.02545500546693802, 0.03397299721837044, 0.05257103964686394, 0.06046806275844574, -1.0, -0.6430978775024414]"
114,0,"[-0.01866050623357296, -0.590345025062561, -0.06817417591810226, 1.0716086626052856, -0.0019538679625838995, 1.7091675996780396, -0.7429314255714417, 0.0480494387447834, 0.16349224746227264, -0.11319855600595474, -0.04081488028168678, 0.054131846874952316, 0.1069294810295105, 0.09946794807910919, -1.0887360572814941, 6.213615894317627, 0.0, -0.47699999809265137, 0.0, 0.8571975827217102, 0.0, 1.2771975994110107, -1.5707963705062866, 0.10000000149011612]","[-0.06768233329057693, 0.07626502960920334, 0.007171414792537689, 0.16095612943172455, 0.10738826543092728, 0.2300490438938141, -2.764845609664917, -0.3923657536506653]","[-0.06768233329057693, 0.07626502960920334, 0.007171414792537689, 0.16095612943172455, 0.10738826543092728, 0.2300490438938141, -1.0, -0.3923657536506653]","[-0.06768233329057693, 0.07626502960920334, 0.007171414792537689, 0.16095612943172455, 0.10738826543092728, 0.2300490438938141, -1.0, -0.3923657536506653]"
115,0,"[-0.021764462813735008, -0.5873664617538452, -0.0671883150935173, 1.0808666944503784, 0.002801941242069006, 1.7211189270019531, -0.7999697923660278, 0.04946284368634224, -0.06399473547935486, 0.07292406260967255, 0.01922215335071087, 0.16092391312122345, 0.08006933331489563, 0.22871720790863037, -1.0822235345840454, -7.738765716552734, 0.0, -0.47699999809265137, 0.0, 0.8571975827217102, 0.0, 1.2771975994110107, -1.5707963705062866, 0.10000000149011612]","[0.22118590772151947, -0.1372648924589157, -0.006265483796596527, 0.024648141115903854, 0.023554736748337746, -0.020186007022857666, -2.442587375640869, -0.5041056871414185]","[0.22118590772151947, -0.1372648924589157, -0.006265483796596527, 0.024648141115903854, 0.023554736748337746, -0.020186007022857666, -1.0, -0.5041056871414185]","[0.22118590772151947, -0.1372648924589157, -0.006265483796596527, 0.024648141115903854, 0.023554736748337746, -0.020186007022857666, -1.0, -0.5041056871414185]"
116,0,"[-0.010135671123862267, -0.5937561392784119, -0.0682205930352211, 1.0819731950759888, 0.0021302427630871534, 1.7180066108703613, -0.8570038080215454, 0.0484301894903183, 0.2238764762878418, -0.13229107856750488, -0.027805600315332413, 0.0594196692109108, 0.11290958523750305, 0.04763802886009216, -1.09176504611969, 11.018423080444336, 0.0, -0.47699999809265137, 0.0, 0.8571975827217102, 0.0, 1.2771975994110107, -1.5707963705062866, 0.10000000149011612]","[-0.22529931366443634, 0.2960923910140991, 0.17631129920482635, 0.008567910641431808, 0.08071577548980713, 0.056938134133815765, -1.8829820156097412, -0.18578064441680908]","[-0.22529931366443634, 0.2960923910140991, 0.17631129920482635, 0.008567910641431808, 0.08071577548980713, 0.056938134133815765, -1.0, -0.18578064441680908]","[-0.22529931366443634, 0.2960923910140991, 0.17631129920482635, 0.008567910641431808, 0.08071577548980713, 0.056938134133815765, -1.0, -0.18578064441680908]"
117,0,"[-0.02241903357207775, -0.5818299055099487, -0.05772477388381958, 1.0844544172286987, 0.004439996089786291, 1.7186341285705566, -0.9140064120292664, 0.049482185393571854, -0.25620314478874207, 0.33217889070510864, 0.1875791847705841, 0.03452039510011673, 0.09979596734046936, 0.061631590127944946, -1.0868221521377563, 4.966573715209961, 0.0, -0.47699999809265137, 0.0, 0.8571975827217102, 0.0, 1.2771975994110107, -1.5707963705062866, 0.10000000149011612]","[-0.03334157168865204, 0.017751039937138557, 0.003901895135641098, 0.05260318145155907, 0.09040901064872742, 0.11807046085596085, -2.698136806488037, -0.2992841303348541]","[-0.03334157168865204, 0.017751039937138557, 0.003901895135641098, 0.05260318145155907, 0.09040901064872742, 0.11807046085596085, -1.0, -0.2992841303348541]","[-0.03334157168865204, 0.017751039937138557, 0.003901895135641098, 0.05260318145155907, 0.09040901064872742, 0.11807046085596085, -1.0, -0.2992841303348541]"
118,0,"[-0.023827847093343735, -0.5776171088218689, -0.05698196217417717, 1.0859899520874023, 0.008875057101249695, 1.7244127988815308, -0.9710472226142883, 0.049094028770923615, -0.03581603616476059, 0.017015185207128525, 0.003621443174779415, 0.05619218572974205, 0.1000308021903038, 0.1332513839006424, -1.085707187652588, -0.4665513336658478, 0.0, -0.47699999809265137, 0.0, 0.8571975827217102, 0.0, 1.2771975994110107, -1.5707963705062866, 0.10000000149011612]","[0.01683279126882553, -0.060441404581069946, 0.0054176077246665955, -0.09611983597278595, 0.056025296449661255, 0.01987709105014801, -2.795968770980835, -0.4410380721092224]","[0.01683279126882553, -0.060441404581069946, 0.0054176077246665955, -0.09611983597278595, 0.056025296449661255, 0.01987709105014801, -1.0, -0.4410380721092224]","[0.01683279126882553, -0.060441404581069946, 0.0054176077246665955, -0.09611983597278595, 0.056025296449661255, 0.01987709105014801, -1.0, -0.4410380721092224]"
119,0,"[-0.022887131199240685, -0.5813478231430054, -0.05664309486746788, 1.0807398557662964, 0.0095141576603055, 1.7221306562423706, -1.0280163288116455, 0.04954289644956589, 0.02849993295967579, -0.08143529295921326, 0.023466404527425766, -0.1193075031042099, 0.022128373384475708, -0.023058593273162842, -1.0816254615783691, -11.03459358215332, 0.0, -0.47699999809265137, 0.0, 0.8571975827217102, 0.0, 1.2771975994110107, -1.5707963705062866, 0.10000000149011612]","[0.3536369800567627, -0.1822853833436966, 0.014743998646736145, 0.06201406940817833, -0.029143908992409706, -0.07589486241340637, -1.940274715423584, -0.35876962542533875]","[0.3536369800567627, -0.1822853833436966, 0.014743998646736145, 0.06201406940817833, -0.029143908992409706, -0.07589486241340637, -1.0, -0.35876962542533875]","[0.3536369800567627, -0.1822853833436966, 0.014743998646736145, 0.06201406940817833, -0.029143908992409706, -0.07589486241340637, -1.0, -0.35876962542533875]"
120,0,"[-0.0040675136260688305, -0.5897999405860901, -0.05688774213194847, 1.0827006101608276, 0.006324302405118942, 1.7159583568572998, -1.0850112438201904, 0.049701396375894547, 0.39783504605293274, -0.21547679603099823, 0.03336063399910927, 0.05217594653367996, -0.07474350929260254, -0.13903650641441345, -1.0813456773757935, -9.1300687789917, 0.0, -0.47699999809265137, 0.0, 0.8571975827217102, 0.0, 1.2771975994110107, -1.5707963705062866, 0.10000000149011612]","[0.2481401115655899, -0.11633704602718353, 0.029320884495973587, 0.004679333418607712, -0.015888342633843422, -0.09057077765464783, -1.9886201620101929, -0.40098002552986145]","[0.2481401115655899, -0.11633704602718353, 0.029320884495973587, 0.004679333418607712, -0.015888342633843422, -0.09057077765464783, -1.0, -0.40098002552986145]","[0.2481401115655899, -0.11633704602718353, 0.029320884495973587, 0.004679333418607712, -0.015888342633843422, -0.09057077765464783, -1.0, -0.40098002552986145]"
121,0,"[0.01046206895262003, -0.5975262522697449, -0.05481032654643059, 1.0835884809494019, 0.004176382906734943, 1.7083210945129395, -1.1419885158538818, 0.04883263260126114, 0.2572431266307831, -0.10795880854129791, 0.025319235399365425, 0.04976295679807663, 0.02133426070213318, -0.06537814438343048, -1.0893009901046753, 7.797564506530762, 0.0, -0.47699999809265137, 0.0, 0.8571975827217102, 0.0, 1.2771975994110107, -1.5707963705062866, 0.10000000149011612]","[-0.23121656477451324, 0.3078605830669403, 0.1429961919784546, -0.12543250620365143, 0.05647675320506096, -0.0903371274471283, -1.7131752967834473, 0.03383507952094078]","[-0.23121656477451324, 0.3078605830669403, 0.1429961919784546, -0.12543250620365143, 0.05647675320506096, -0.0903371274471283, -1.0, 0.03383507952094078]","[-0.23121656477451324, 0.3078605830669403, 0.1429961919784546, -0.12543250620365143, 0.05647675320506096, -0.0903371274471283, -1.0, 0.03383507952094078]"
122,0,"[-0.0017683969344943762, -0.585289716720581, -0.0458657331764698, 1.0793479681015015, 0.00805494375526905, 1.7039215564727783, -1.1990958452224731, 0.05351366102695465, -0.2526176869869232, 0.3411482572555542, 0.15366452932357788, -0.14140954613685608, 0.06623874604701996, -0.08535362780094147, -1.0866159200668335, 0.8239803314208984, 0.0, -0.47699999809265137, 0.0, 0.8571975827217102, 0.0, 1.2771975994110107, -1.5707963705062866, 0.10000000149011612]","[-0.058437779545784, -0.0007140841335058212, 0.01775435358285904, -0.15010316669940948, 0.04527760669589043, -0.05310028791427612, -2.523411750793457, -0.19589433073997498]","[-0.058437779545784, -0.0007140841335058212, 0.01775435358285904, -0.15010316669940948, 0.04527760669589043, -0.05310028791427612, -1.0, -0.19589433073997498]","[-0.058437779545784, -0.0007140841335058212, 0.01775435358285904, -0.15010316669940948, 0.04527760669589043, -0.05310028791427612, -1.0, -0.19589433073997498]"
123,0,"[-0.004853146616369486, -0.5819488763809204, -0.044595979154109955, 1.0694409608840942, 0.010999414138495922, 1.7016550302505493, -1.2561893463134766, 0.04971083998680115, -0.061753030866384506, -9.938259609043598e-05, 0.02106720767915249, -0.16808226704597473, 0.04261556640267372, -0.0707043781876564, -1.084972620010376, -1.9982868432998657, 0.0, -0.47699999809265137, 0.0, 0.8571975827217102, 0.0, 1.2771975994110107, -1.5707963705062866, 0.10000000149011612]","[-0.0014166333712637424, -0.008477536961436272, 0.017231525853276253, -0.1835380494594574, 0.023402178660035133, -0.17676043510437012, -2.275329828262329, -0.09161950647830963]","[-0.0014166333712637424, -0.008477536961436272, 0.017231525853276253, -0.1835380494594574, 0.023402178660035133, -0.17676043510437012, -1.0, -0.09161950647830963]","[-0.0014166333712637424, -0.008477536961436272, 0.017231525853276253, -0.1835380494594574, 0.023402178660035133, -0.17676043510437012, -1.0, -0.09161950647830963]"
124,0,"[-0.0051582008600234985, -0.5826833248138428, -0.04375269636511803, 1.059082269668579, 0.011716269887983799, 1.6901099681854248, -1.313183069229126, 0.04978036507964134, -0.000937900971621275, -0.007713786326348782, 0.01875920407474041, -0.20289556682109833, 0.028025120496749878, -0.1825311928987503, -1.086356520652771, 0.053914621472358704, 0.0, -0.47699999809265137, 0.0, 0.8571975827217102, 0.0, 1.2771975994110107, -1.5707963705062866, 0.10000000149011612]","[-0.0317012220621109, 0.032729245722293854, 0.036619096994400024, -0.16475550830364227, 0.0188316460698843, -0.1386188417673111, -2.2857160568237305, 0.0015397630631923676]","[-0.0317012220621109, 0.032729245722293854, 0.036619096994400024, -0.16475550830364227, 0.0188316460698843, -0.1386188417673111, -1.0, 0.0015397630631923676]","[-0.0317012220621109, 0.032729245722293854, 0.036619096994400024, -0.16475550830364227, 0.0188316460698843, -0.1386188417673111, -1.0, 0.0015397630631923676]"
125,0,"[-0.006930022034794092, -0.581277072429657, -0.041641660034656525, 1.0497076511383057, 0.012298408895730972, 1.680578589439392, -1.3701512813568115, 0.04998134821653366, -0.034210577607154846, 0.03471539169549942, 0.04072336480021477, -0.17721138894557953, 0.017436057329177856, -0.16412387788295746, -1.0851269960403442, -1.1432768106460571, 0.0, -0.47699999809265137, 0.0, 0.8571975827217102, 0.0, 1.2771975994110107, -1.5707963705062866, 0.10000000149011612]","[-0.007002136204391718, 0.030983077362179756, 0.041432321071624756, -0.1695369929075241, 0.007605197373777628, -0.19946253299713135, -2.097404718399048, 0.06870311498641968]","[-0.007002136204391718, 0.030983077362179756, 0.041432321071624756, -0.1695369929075241, 0.007605197373777628, -0.19946253299713135, -1.0, 0.06870311498641968]","[-0.007002136204391718, 0.030983077362179756, 0.041432321071624756, -0.1695369929075241, 0.007605197373777628, -0.19946253299713135, -1.0, 0.06870311498641968]"
126,0,"[-0.00745472451671958, -0.5796831250190735, -0.0393657386302948, 1.0400415658950806, 0.01234166044741869, 1.6677428483963013, -1.4271268844604492, 0.05134955421090126, -0.007021191995590925, 0.03516359254717827, 0.04552284628152847, -0.1847878098487854, 0.008698473684489727, -0.21596671640872955, -1.0859729051589966, 0.024867964908480644, 0.0, -0.47699999809265137, 0.0, 0.8571975827217102, 0.0, 1.2771975994110107, -1.5707963705062866, 0.10000000149011612]","[-0.012215394526720047, 0.06262482702732086, 0.0572378896176815, -0.14707058668136597, -0.0013519427739083767, -0.1874900460243225, -2.007901430130005, 0.15214984118938446]","[-0.012215394526720047, 0.06262482702732086, 0.0572378896176815, -0.14707058668136597, -0.0013519427739083767, -0.1874900460243225, -1.0, 0.15214984118938446]","[-0.012215394526720047, 0.06262482702732086, 0.0572378896176815, -0.14707058668136597, -0.0013519427739083767, -0.1874900460243225, -1.0, 0.15214984118938446]"
127,0,"[-0.008239238522946835, -0.5763499736785889, -0.03618023172020912, 1.0316933393478394, 0.012251101434230804, 1.657023549079895, -1.4841868877410889, 0.05542439594864845, -0.012425350025296211, 0.07092753052711487, 0.0628691166639328, -0.16159476339817047, -0.001400256180204451, -0.20316188037395477, -1.0859452486038208, 0.10653585195541382, 0.0, -0.47699999809265137, 0.0, 0.8571975827217102, 0.0, 1.2771975994110107, -1.5707963705062866, 0.10000000149011612]","[-0.004451791290193796, 0.07140438258647919, 0.06435899436473846, -0.13448862731456757, -0.013877777382731438, -0.21163594722747803, -1.8421696424484253, 0.17909440398216248]","[-0.004451791290193796, 0.07140438258647919, 0.06435899436473846, -0.13448862731456757, -0.013877777382731438, -0.21163594722747803, -1.0, 0.17909440398216248]","[-0.004451791290193796, 0.07140438258647919, 0.06435899436473846, -0.13448862731456757, -0.013877777382731438, -0.21163594722747803, -1.0, 0.17909440398216248]"
128,0,"[-0.00856726337224245, -0.5723053812980652, -0.03257142752408981, 1.0239691734313965, 0.011444147676229477, 1.6449329853057861, -1.5412464141845703, 0.06021318957209587, -0.0038146665319800377, 0.08051836490631104, 0.07073856145143509, -0.14782080054283142, -0.015014213509857655, -0.2297893762588501, -1.0859289169311523, 0.0972287505865097, 0.0, -0.47699999809265137, 0.0, 0.8571975827217102, 0.0, 1.2771975994110107, -1.5707963705062866, 0.10000000149011612]","[0.0014383490197360516, 0.07450814545154572, 0.06710914522409439, -0.12422512471675873, -0.024227989837527275, -0.22819086909294128, -1.6527485847473145, 0.18765701353549957]","[0.0014383490197360516, 0.07450814545154572, 0.06710914522409439, -0.12422512471675873, -0.024227989837527275, -0.22819086909294128, -1.0, 0.18765701353549957]","[0.0014383490197360516, 0.07450814545154572, 0.06710914522409439, -0.12422512471675873, -0.024227989837527275, -0.22819086909294128, -1.0, 0.18765701353549957]"
129,0,"[-0.008520850911736488, -0.568033754825592, -0.02877257764339447, 1.016823410987854, 0.010051824152469635, 1.6318672895431519, -1.5983045101165771, 0.06523282080888748, 0.0026220381259918213, 0.0838274210691452, 0.07375194877386093, -0.1365719884634018, -0.026247600093483925, -0.24778643250465393, -1.0859266519546509, 0.10102234035730362, 0.0, -0.47699999809265137, 0.0, 0.8571975827217102, 0.0, 1.2771975994110107, -1.5707963705062866, 0.10000000149011612]","[0.005362267140299082, 0.07459743320941925, 0.06625350564718246, -0.11356094479560852, -0.03228459507226944, -0.23732757568359375, -1.4374358654022217, 0.18566739559173584]","[0.005362267140299082, 0.07459743320941925, 0.06625350564718246, -0.11356094479560852, -0.03228459507226944, -0.23732757568359375, -1.0, 0.18566739559173584]","[0.005362267140299082, 0.07459743320941925, 0.06625350564718246, -0.11356094479560852, -0.03228459507226944, -0.23732757568359375, -1.0, 0.18566739559173584]"
130,0,"[-0.008218234404921532, -0.5637205243110657, -0.024995144456624985, 1.0102745294570923, 0.008206995204091072, 1.6182838678359985, -1.655362844467163, 0.07020461559295654, 0.006865745410323143, 0.08381856977939606, 0.07279989123344421, -0.12487515062093735, -0.03500150516629219, -0.257728636264801, -1.0859267711639404, 0.10000691562891006, 0.0, -0.47699999809265137, 0.0, 0.8571975827217102, 0.0, 1.2771975994110107, -1.5707963705062866, 0.10000000149011612]","[0.007756218779832125, 0.0706724151968956, 0.06110134720802307, -0.10381340980529785, -0.03637614846229553, -0.2387889325618744, -1.1928571462631226, 0.17403826117515564]","[0.007756218779832125, 0.0706724151968956, 0.06110134720802307, -0.10381340980529785, -0.03637614846229553, -0.2387889325618744, -1.0, 0.17403826117515564]","[0.007756218779832125, 0.0706724151968956, 0.06110134720802307, -0.10381340980529785, -0.03637614846229553, -0.2387889325618744, -1.0, 0.17403826117515564]"
131,0,"[-0.007744342554360628, -0.5595910549163818, -0.02148221619427204, 1.0042736530303955, 0.006134845782071352, 1.6046239137649536, -1.7124217748641968, 0.07487037032842636, 0.009381169453263283, 0.07936947047710419, 0.06712401658296585, -0.1141747310757637, -0.039454542100429535, -0.2593301236629486, -1.0859217643737793, 0.09337868541479111, 0.0, -0.47699999809265137, 0.0, 0.8571975827217102, 0.0, 1.2771975994110107, -1.5707963705062866, 0.10000000149011612]","[0.00885603204369545, 0.0625668317079544, 0.05214427411556244, -0.09487968683242798, -0.03464869409799576, -0.23196935653686523, -0.9168264269828796, 0.15455111861228943]","[0.00885603204369545, 0.0625668317079544, 0.05214427411556244, -0.09487968683242798, -0.03464869409799576, -0.23196935653686523, -0.9168264269828796, 0.15455111861228943]","[0.00885603204369545, 0.0625668317079544, 0.05214427411556244, -0.09487968683242798, -0.03464869409799576, -0.23196935653686523, -0.9168264269828796, 0.15455111861228943]"
132,0,"[-0.007177847903221846, -0.5558817982673645, -0.018455736339092255, 0.9987733960151672, 0.004163793288171291, 1.5913617610931396, -1.7647367715835571, 0.07902070879936218, 0.010440515354275703, 0.07029817998409271, 0.0572764091193676, -0.1043485775589943, -0.03758685663342476, -0.25193604826927185, -0.9956017136573792, 0.08251801878213882, 0.0, -0.47699999809265137, 0.0, 0.8571975827217102, 0.0, 1.2771975994110107, -1.5707963705062866, 0.10000000149011612]","[0.007079716306179762, 0.05234541743993759, 0.04015928506851196, -0.09196111559867859, -0.026569047942757607, -0.22119012475013733, -0.6275248527526855, 0.1224542111158371]","[0.007079716306179762, 0.05234541743993759, 0.04015928506851196, -0.09196111559867859, -0.026569047942757607, -0.22119012475013733, -0.6275248527526855, 0.1224542111158371]","[0.007079716306179762, 0.05234541743993759, 0.04015928506851196, -0.09196111559867859, -0.026569047942757607, -0.22119012475013733, -0.6275248527526855, 0.1224542111158371]"
133,0,"[-0.006679574027657509, -0.5527624487876892, -0.016087399795651436, 0.993469774723053, 0.0026536176446825266, 1.5787217617034912, -1.8005460500717163, 0.08231879770755768, 0.00830339826643467, 0.05892141908407211, 0.04409081116318703, -0.10112643241882324, -0.028823813423514366, -0.24018821120262146, -0.6814460158348083, 0.0669313296675682, 0.0, -0.47699999809265137, 0.0, 0.8571975827217102, 0.0, 1.2771975994110107, -1.5707963705062866, 0.10000000149011612]","[0.0011881566606462002, 0.0421578586101532, 0.028037233278155327, -0.09556689858436584, -0.01566949300467968, -0.20806297659873962, -0.3893052935600281, 0.07596276700496674]","[0.0011881566606462002, 0.0421578586101532, 0.028037233278155327, -0.09556689858436584, -0.01566949300467968, -0.20806297659873962, -0.3893052935600281, 0.07596276700496674]","[0.0011881566606462002, 0.0421578586101532, 0.028037233278155327, -0.09556689858436584, -0.01566949300467968, -0.20806297659873962, -0.3893052935600281, 0.07596276700496674]"
134,0,"[-0.0064963833428919315, -0.5502581596374512, -0.014395351521670818, 0.9880028367042542, 0.0017658802680671215, 1.5668374300003052, -1.8227624893188477, 0.08437676727771759, 0.001662227208726108, 0.04763968288898468, 0.03073517233133316, -0.10506081581115723, -0.01700909249484539, -0.2258843034505844, -0.4227648377418518, 0.04420268535614014, 0.0, -0.47699999809265137, 0.0, 0.8571975827217102, 0.0, 1.2771975994110107, -1.5707963705062866, 0.10000000149011612]","[-0.0015505538322031498, 0.029367534443736076, 0.021035972982645035, -0.08183591067790985, -0.006589596625417471, -0.17930960655212402, -0.23263540863990784, 0.04410655423998833]","[-0.0015505538322031498, 0.029367534443736076, 0.021035972982645035, -0.08183591067790985, -0.006589596625417471, -0.17930960655212402, -0.23263540863990784, 0.04410655423998833]","[-0.0015505538322031498, 0.029367534443736076, 0.021035972982645035, -0.08183591067790985, -0.006589596625417471, -0.17930960655212402, -0.23263540863990784, 0.04410655423998833]"
135,0,"[-0.0065205092541873455, -0.5483684539794922, -0.01314474456012249, 0.9832119941711426, 0.0013889619149267673, 1.556613802909851, -1.8360384702682495, 0.0855836570262909, -0.0013789157383143902, 0.03340131416916847, 0.023078417405486107, -0.08989384025335312, -0.007131400052458048, -0.19472867250442505, -0.25263547897338867, 0.022725865244865417, 0.0, -0.47699999809265137, 0.0, 0.8571975827217102, 0.0, 1.2771975994110107, -1.5707963705062866, 0.10000000149011612]","[-0.002187191043049097, 0.018962668254971504, 0.017313115298748016, -0.0629730075597763, -0.0021009868942201138, -0.1481679379940033, -0.13855187594890594, 0.024825211614370346]","[-0.002187191043049097, 0.018962668254971504, 0.017313115298748016, -0.0629730075597763, -0.0021009868942201138, -0.1481679379940033, -0.13855187594890594, 0.024825211614370346]","[-0.002187191043049097, 0.018962668254971504, 0.017313115298748016, -0.0629730075597763, -0.0021009868942201138, -0.1481679379940033, -0.13855187594890594, 0.024825211614370346]"
136,0,"[-0.00661264406517148, -0.547074556350708, -0.012131997384130955, 0.9794784188270569, 0.0012670824071392417, 1.5481693744659424, -1.8439455032348633, 0.08626781404018402, -0.0021110721863806248, 0.021700656041502953, 0.019005727022886276, -0.06910517066717148, -0.0022513088770210743, -0.16093803942203522, -0.15047474205493927, 0.011141711845993996, 0.0, -0.47699999809265137, 0.0, 0.8571975827217102, 0.0, 1.2771975994110107, -1.5707963705062866, 0.10000000149011612]","[-0.0018416051752865314, 0.01164163090288639, 0.014712780714035034, -0.04555921629071236, -0.00039215898141264915, -0.11973577737808228, -0.08311612904071808, 0.014432694762945175]","[-0.0018416051752865314, 0.01164163090288639, 0.014712780714035034, -0.04555921629071236, -0.00039215898141264915, -0.11973577737808228, -0.08311612904071808, 0.014432694762945175]","[-0.0018416051752865314, 0.01164163090288639, 0.014712780714035034, -0.04555921629071236, -0.00039215898141264915, -0.11973577737808228, -0.08311612904071808, 0.014432694762945175]"
137,0,"[-0.0066975480876863, -0.5462402105331421, -0.01127704419195652, 0.9767595529556274, 0.0012422713916748762, 1.5413496494293213, -1.848689079284668, 0.08666826784610748, -0.0017732253763824701, 0.013411152176558971, 0.016154635697603226, -0.04994978383183479, -0.00039951622602529824, -0.13006369769573212, -0.09027557075023651, 0.006305238232016563, 0.0, -0.47699999809265137, 0.0, 0.8571975827217102, 0.0, 1.2771975994110107, -1.5707963705062866, 0.10000000149011612]","[-0.0012546018697321415, 0.006753021851181984, 0.012436021119356155, -0.03169611841440201, 4.464620724320412e-05, -0.09559868276119232, -0.05005247890949249, 0.008801501244306564]","[-0.0012546018697321415, 0.006753021851181984, 0.012436021119356155, -0.03169611841440201, 4.464620724320412e-05, -0.09559868276119232, -0.05005247890949249, 0.008801501244306564]","[-0.0012546018697321415, 0.006753021851181984, 0.012436021119356155, -0.03169611841440201, 4.464620724320412e-05, -0.09559868276119232, -0.05005247890949249, 0.008801501244306564]"
138,0,"[-0.00675283232703805, -0.5457298159599304, -0.010554623790085316, 0.9748620986938477, 0.0012420108541846275, 1.5359084606170654, -1.851546049118042, 0.08691427856683731, -0.0011723319767042994, 0.007846718654036522, 0.01365496776998043, -0.034718871116638184, 6.878771091578528e-05, -0.10385077446699142, -0.054373107850551605, 0.004287921357899904, 0.0, -0.47699999809265137, 0.0, 0.8571975827217102, 0.0, 1.2771975994110107, -1.5707963705062866, 0.10000000149011612]","[-0.0007266574539244175, 0.003577897325158119, 0.010324012488126755, -0.021422676742076874, 4.677567631006241e-06, -0.07578125596046448, -0.030031666159629822, 0.005506318062543869]","[-0.0007266574539244175, 0.003577897325158119, 0.010324012488126755, -0.021422676742076874, 4.677567631006241e-06, -0.07578125596046448, -0.030031666159629822, 0.005506318062543869]","[-0.0007266574539244175, 0.003577897325158119, 0.010324012488126755, -0.021422676742076874, 4.677567631006241e-06, -0.07578125596046448, -0.030031666159629822, 0.005506318062543869]"
139,0,"[-0.006779450457543135, -0.5454376935958862, -0.009953593835234642, 0.9735780358314514, 0.0012392826611176133, 1.531598448753357, -1.8532605171203613, 0.08706957846879959, -0.0006333220517262816, 0.00421690521761775, 0.011335346847772598, -0.023442473262548447, 2.015714744629804e-05, -0.08232143521308899, -0.03263299539685249, 0.0032984146382659674, 0.0, -0.47699999809265137, 0.0, 0.8571975827217102, 0.0, 1.2771975994110107, -1.5707963705062866, 0.10000000149011612]","[-0.0003369622863829136, 0.0015754159539937973, 0.00840785726904869, -0.014110345393419266, -0.00016343360766768456, -0.05979438126087189, -0.017795994877815247, 0.003431599587202072]","[-0.0003369622863829136, 0.0015754159539937973, 0.00840785726904869, -0.014110345393419266, -0.00016343360766768456, -0.05979438126087189, -0.017795994877815247, 0.003431599587202072]","[-0.0003369622863829136, 0.0015754159539937973, 0.00840785726904869, -0.014110345393419266, -0.00016343360766768456, -0.05979438126087189, -0.017795994877815247, 0.003431599587202072]"
140,0,"[-0.006785109639167786, -0.5452878475189209, -0.009462776593863964, 0.9727323055267334, 0.0012269726721569896, 1.5282001495361328, -1.8542766571044922, 0.08716751635074615, -0.0002406132989563048, 0.0019169540610164404, 0.009230962023139, -0.01542181707918644, -0.00016669165052007884, -0.06495313346385956, -0.01934272050857544, 0.0026501689571887255, 0.0, -0.47699999809265137, 0.0, 0.8571975827217102, 0.0, 1.2771975994110107, -1.5707963705062866, 0.10000000149011612]","[-7.976451888680458e-05, 0.0003606081008911133, 0.006732281297445297, -0.009047523140907288, -0.000323412474244833, -0.04703088849782944, -0.01029948890209198, 0.002071049064397812]","[-7.976451888680458e-05, 0.0003606081008911133, 0.006732281297445297, -0.009047523140907288, -0.000323412474244833, -0.04703088849782944, -0.01029948890209198, 0.002071049064397812]","[-7.976451888680458e-05, 0.0003606081008911133, 0.006732281297445297, -0.009047523140907288, -0.000323412474244833, -0.04703088849782944, -0.01029948890209198, 0.002071049064397812]"
141,0,"[-0.00677763344720006, -0.5452274680137634, -0.009068739600479603, 0.9721903800964355, 0.0012056881096214056, 1.525529146194458, -1.8548648357391357, 0.08722763508558273, 1.2851943210989702e-05, 0.0005127014010213315, 0.007391061633825302, -0.009871046990156174, -0.0003440502332523465, -0.05109135061502457, -0.011209750548005104, 0.002182216150686145, 0.0, -0.47699999809265137, 0.0, 0.8571975827217102, 0.0, 1.2771975994110107, -1.5707963705062866, 0.10000000149011612]","[7.454818114638329e-05, -0.00033388473093509674, 0.005315542221069336, -0.00561460480093956, -0.0004327981732785702, -0.03690687566995621, -0.005726456642150879, 0.0011762045323848724]","[7.454818114638329e-05, -0.00033388473093509674, 0.005315542221069336, -0.00561460480093956, -0.0004327981732785702, -0.03690687566995621, -0.005726456642150879, 0.0011762045323848724]","[7.454818114638329e-05, -0.00033388473093509674, 0.005315542221069336, -0.00561460480093956, -0.0004327981732785702, -0.03690687566995621, -0.005726456642150879, 0.0011762045323848724]"
142,0,"[-0.006763070821762085, -0.5452207326889038, -0.00875691045075655, 0.9718548655509949, 0.001178382197394967, 1.5234345197677612, -1.855191946029663, 0.08726276457309723, 0.00015878283011261374, -0.00029652510420419276, 0.005835509393364191, -0.006111748516559601, -0.0004651952476706356, -0.040092550218105316, -0.006240550894290209, 0.0017866825219243765, 0.0, -0.47699999809265137, 0.0, 0.8571975827217102, 0.0, 1.2771975994110107, -1.5707963705062866, 0.10000000149011612]","[0.00015620654448866844, -0.0006951633840799332, 0.004149474203586578, -0.0033365152776241302, -0.0004882975481450558, -0.028914906084537506, -0.0029658377170562744, 0.0005923621356487274]","[0.00015620654448866844, -0.0006951633840799332, 0.004149474203586578, -0.0033365152776241302, -0.0004882975481450558, -0.028914906084537506, -0.0029658377170562744, 0.0005923621356487274]","[0.00015620654448866844, -0.0006951633840799332, 0.004149474203586578, -0.0033365152776241302, -0.0004882975481450558, -0.028914906084537506, -0.0029658377170562744, 0.0005923621356487274]"
143,0,"[-0.006745573598891497, -0.5452442765235901, -0.008513008244335651, 0.9716562032699585, 0.0011481832480058074, 1.5217947959899902, -1.8553614616394043, 0.08728140592575073, 0.00022991436708252877, -0.0007239148253574967, 0.004555247724056244, -0.0036191376857459545, -0.0005271349800750613, -0.03141143545508385, -0.003242888255044818, 0.0014479027595371008, 0.0, -0.47699999809265137, 0.0, 0.8571975827217102, 0.0, 1.2771975994110107, -1.5707963705062866, 0.10000000149011612]","[0.00019088899716734886, -0.000847088173031807, 0.0032097026705741882, -0.0018550790846347809, -0.0005000731907784939, -0.022626712918281555, -0.0013316571712493896, 0.00022472068667411804]","[0.00019088899716734886, -0.000847088173031807, 0.0032097026705741882, -0.0018550790846347809, -0.0005000731907784939, -0.022626712918281555, -0.0013316571712493896, 0.00022472068667411804]","[0.00019088899716734886, -0.000847088173031807, 0.0032097026705741882, -0.0018550790846347809, -0.0005000731907784939, -0.022626712918281555, -0.0013316571712493896, 0.00022472068667411804]"
144,0,"[-0.006727694068104029, -0.545282781124115, -0.008324037306010723, 0.9715465307235718, 0.0011176097905263305, 1.5205119848251343, -1.8554376363754272, 0.08728956431150436, 0.00025372367235831916, -0.0009102370822802186, 0.003523539286106825, -0.002000584499910474, -0.0005410649464465678, -0.024577703326940536, -0.0014703498454764485, 0.0011403694516047835, 0.0, -0.47699999809265137, 0.0, 0.8571975827217102, 0.0, 1.2771975994110107, -1.5707963705062866, 0.10000000149011612]","[0.00019676005467772484, -0.0008755140006542206, 0.002464834600687027, -0.000916019082069397, -0.0004812902770936489, -0.017688147723674774, -0.0003937184810638428, 2.1569430828094482e-06]","[0.00019676005467772484, -0.0008755140006542206, 0.002464834600687027, -0.000916019082069397, -0.0004812902770936489, -0.017688147723674774, -0.0003937184810638428, 2.1569430828094482e-06]","[0.00019676005467772484, -0.0008755140006542206, 0.002464834600687027, -0.000916019082069397, -0.0004812902770936489, -0.017688147723674774, -0.0003937184810638428, 2.1569430828094482e-06]"
145,0,"[-0.00671088183298707, -0.5453277230262756, -0.008178722113370895, 0.9714930653572083, 0.0010884071234613657, 1.5195096731185913, -1.8554608821868896, 0.08729123324155807, 0.000249062548391521, -0.0009536257130093873, 0.002705818507820368, -0.0009751392062753439, -0.0005215691053308547, -0.019215533509850502, -0.00044411764247342944, 0.0009152439888566732, 0.0, -0.47699999809265137, 0.0, 0.8571975827217102, 0.0, 1.2771975994110107, -1.5707963705062866, 0.10000000149011612]","[0.00018565310165286064, -0.0008287057280540466, 0.0018821059493348002, -0.0003392361104488373, -0.0004433891735970974, -0.013816997408866882, 0.00012199580669403076, -0.00011955574154853821]","[0.00018565310165286064, -0.0008287057280540466, 0.0018821059493348002, -0.0003392361104488373, -0.0004433891735970974, -0.013816997408866882, 0.00012199580669403076, -0.00011955574154853821]","[0.00018565310165286064, -0.0008287057280540466, 0.0018821059493348002, -0.0003392361104488373, -0.0004433891735970974, -0.013816997408866882, 0.00012199580669403076, -0.00011955574154853821]"
146,0,"[-0.006695881951600313, -0.5453715324401855, -0.00806763581931591, 0.971474289894104, 0.0010616241488605738, 1.5187270641326904, -1.8554519414901733, 0.08728928864002228, 0.00022859364980831742, -0.0009103741613216698, 0.0020661407615989447, -0.00034857718856073916, -0.0004808661178685725, -0.015009219758212566, 0.0001070240541594103, 0.0007300200522877276, 0.0, -0.47699999809265137, 0.0, 0.8571975827217102, 0.0, 1.2771975994110107, -1.5707963705062866, 0.10000000149011612]","[0.00016692234203219414, -0.0007533933967351913, 0.001430671545676887, 5.140900611877441e-07, -0.00039615994319319725, -0.01078527420759201, 0.00036296993494033813, -0.0001806505024433136]","[0.00016692234203219414, -0.0007533933967351913, 0.001430671545676887, 5.140900611877441e-07, -0.00039615994319319725, -0.01078527420759201, 0.00036296993494033813, -0.0001806505024433136]","[0.00016692234203219414, -0.0007533933967351913, 0.001430671545676887, 5.140900611877441e-07, -0.00039615994319319725, -0.01078527420759201, 0.00036296993494033813, -0.0001806505024433136]"
147,0,"[-0.0066829221323132515, -0.5454131364822388, -0.007983115501701832, 0.9714747667312622, 0.00103777926415205, 1.5181164741516113, -1.8554340600967407, 0.08728538453578949, 0.00020186303299851716, -0.0008305038209073246, 0.0015706373378634453, 2.1586416551144794e-05, -0.0004302545276004821, -0.011716729961335659, 0.0003725710266735405, 0.0005999021814204752, 0.0, -0.47699999809265137, 0.0, 0.8571975827217102, 0.0, 1.2771975994110107, -1.5707963705062866, 0.10000000149011612]","[0.00014537712559103966, -0.0006596650928258896, 0.0010850838152691722, 0.00019110366702079773, -0.00034487759694457054, -0.008417099714279175, 0.00048325955867767334, -0.00019660964608192444]","[0.00014537712559103966, -0.0006596650928258896, 0.0010850838152691722, 0.00019110366702079773, -0.00034487759694457054, -0.008417099714279175, 0.00048325955867767334, -0.00019660964608192444]","[0.00014537712559103966, -0.0006596650928258896, 0.0010850838152691722, 0.00019110366702079773, -0.00034487759694457054, -0.008417099714279175, 0.00048325955867767334, -0.00019660964608192444]"
148,0,"[-0.006671982817351818, -0.5454502105712891, -0.007918976247310638, 0.9714884757995605, 0.0010170625755563378, 1.5176399946212769, -1.8554072380065918, 0.08728083968162537, 0.00017344865773338825, -0.0007306868792511523, 0.0011912953341379762, 0.00022461279877461493, -0.00037464540218934417, -0.009144105017185211, 0.0005067532183602452, 0.00047405820805579424, 0.0, -0.47699999809265137, 0.0, 0.8571975827217102, 0.0, 1.2771975994110107, -1.5707963705062866, 0.10000000149011612]","[0.00012238090857863426, -0.0005652438849210739, 0.0008197537390515208, 0.00027027353644371033, -0.00029475754126906395, -0.00656658411026001, 0.0005032569169998169, -0.00019839778542518616]","[0.00012238090857863426, -0.0005652438849210739, 0.0008197537390515208, 0.00027027353644371033, -0.00029475754126906395, -0.00656658411026001, 0.0005032569169998169, -0.00019839778542518616]","[0.00012238090857863426, -0.0005652438849210739, 0.0008197537390515208, 0.00027027353644371033, -0.00029475754126906395, -0.00656658411026001, 0.0005032569169998169, -0.00019839778542518616]"
149,0,"[-0.006662953179329634, -0.5454825162887573, -0.00787047203630209, 0.9715067148208618, 0.0009993691928684711, 1.517268419265747, -1.8553804159164429, 0.08727606385946274, 0.00014471357280854136, -0.0006279123481363058, 0.0009000135469250381, 0.0003083694900851697, -0.0003204608801752329, -0.0071325781755149364, 0.0005264151841402054, 0.00037967332173138857, 0.0, -0.47699999809265137, 0.0, 0.8571975827217102, 0.0, 1.2771975994110107, -1.5707963705062866, 0.10000000149011612]","[0.00010193651542067528, -0.0004763565957546234, 0.0006186364917084575, 0.00029677897691726685, -0.0002481765113770962, -0.005121447145938873, 0.00048200786113739014, -0.00018273666501045227]","[0.00010193651542067528, -0.0004763565957546234, 0.0006186364917084575, 0.00029677897691726685, -0.0002481765113770962, -0.005121447145938873, 0.00048200786113739014, -0.00018273666501045227]","[0.00010193651542067528, -0.0004763565957546234, 0.0006186364917084575, 0.00029677897691726685, -0.0002481765113770962, -0.005121447145938873, 0.00048200786113739014, -0.00018273666501045227]"
150,0,"[-0.004516995511949062, -0.47795775532722473, -0.005998285952955484, 0.857609748840332, -0.03215895593166351, 1.2798911333084106, 0.0500529482960701, 0.10000000149011612, 0.0, 0.0, 0.0, 0.0, 0.0, 0.0, 0.0, 0.0, 0.0, -0.47699999809265137, 0.0, 0.8571975827217102, 0.0, 1.2771975994110107, -1.5707963705062866, 0.10000000149011612]","[-0.15978938341140747, -0.2606324553489685, -0.23845872282981873, 0.5429840087890625, 0.11273066699504852, 1.1745163202285767, -3.634781837463379, -1.7576736211776733]","[-0.15978938341140747, -0.2606324553489685, -0.23845872282981873, 0.5429840087890625, 0.11273066699504852, 1.0, -1.0, -1.0]","[-0.15978938341140747, -0.2606324553489685, -0.23845872282981873, 0.5429840087890625, 0.11273066699504852, 1.0, -1.0, -1.0]"
151,0,"[-0.010139145888388157, -0.48767954111099243, -0.017315702512860298, 0.8848313093185425, -0.029497280716896057, 1.337012767791748, -0.0057648299261927605, 0.0716513842344284, -0.1796274334192276, -0.28997090458869934, -0.25968876481056213, 0.5959232449531555, 0.09835096448659897, 1.0846967697143555, -1.0785857439041138, -1.7730965614318848, 0.0, -0.47699999809265137, 0.0, 0.8571975827217102, 0.0, 1.2771975994110107, -1.5707963705062866, 0.10000000149011612]","[-0.09414119273424149, -0.2151368260383606, -0.1571100354194641, 0.45956745743751526, 0.1006365567445755, 0.9810190200805664, -3.49804425239563, -1.216905117034912]","[-0.09414119273424149, -0.2151368260383606, -0.1571100354194641, 0.45956745743751526, 0.1006365567445755, 0.9810190200805664, -1.0, -1.0]","[-0.09414119273424149, -0.2151368260383606, -0.1571100354194641, 0.45956745743751526, 0.1006365567445755, 0.9810190200805664, -1.0, -1.0]"
152,0,"[-0.01665620692074299, -0.500758707523346, -0.026759475469589233, 0.9119003415107727, -0.030217086896300316, 1.3923254013061523, -0.06107856333255768, 0.04795818403363228, -0.15256255865097046, -0.23929835855960846, -0.17936661839485168, 0.517106294631958, 0.17177438735961914, 1.0738837718963623, -1.1125398874282837, 10.601449966430664, 0.0, -0.47699999809265137, 0.0, 0.8571975827217102, 0.0, 1.2771975994110107, -1.5707963705062866, 0.10000000149011612]","[-0.11203274875879288, -0.11836494505405426, -0.06574403494596481, 0.6470416188240051, 0.14412431418895721, 0.9723649024963379, -3.190147876739502, -0.4678555428981781]","[-0.11203274875879288, -0.11836494505405426, -0.06574403494596481, 0.6470416188240051, 0.14412431418895721, 0.9723649024963379, -1.0, -0.4678555428981781]","[-0.11203274875879288, -0.11836494505405426, -0.06574403494596481, 0.6470416188240051, 0.14412431418895721, 0.9723649024963379, -1.0, -0.4678555428981781]"
153,0,"[-0.023854011669754982, -0.5073819756507874, -0.03107645735144615, 0.9480106234550476, -0.023391136899590492, 1.447794795036316, -0.11780381947755814, 0.06068949028849602, -0.12803053855895996, -0.1337171494960785, -0.07420329004526138, 0.7073752284049988, 0.1638849526643753, 1.0570905208587646, -1.0894441604614258, 1.2592780590057373, 0.0, -0.47699999809265137, 0.0, 0.8571975827217102, 0.0, 1.2771975994110107, -1.5707963705062866, 0.10000000149011612]","[-0.07530287653207779, -0.19425803422927856, -0.1481124758720398, 0.4052956700325012, 0.11065080761909485, 0.8756754398345947, -3.5160489082336426, -1.1155561208724976]","[-0.07530287653207779, -0.19425803422927856, -0.1481124758720398, 0.4052956700325012, 0.11065080761909485, 0.8756754398345947, -1.0, -1.0]","[-0.07530287653207779, -0.19425803422927856, -0.1481124758720398, 0.4052956700325012, 0.11065080761909485, 0.8756754398345947, -1.0, -1.0]"
154,0,"[-0.02741083689033985, -0.518841028213501, -0.039023395627737045, 0.9721890687942505, -0.020188258960843086, 1.4969284534454346, -0.17426350712776184, 0.04966600239276886, -0.05435745418071747, -0.2220960408449173, -0.12805268168449402, 0.4327789545059204, -0.009614408016204834, 0.9327044486999512, -1.0582499504089355, -13.322697639465332, 0.0, -0.47699999809265137, 0.0, 0.8571975827217102, 0.0, 1.2771975994110107, -1.5707963705062866, 0.10000000149011612]","[0.3263607323169708, -0.3588154911994934, -0.04878897964954376, 0.38245901465415955, -0.032226450741291046, 0.4960910975933075, -2.722020387649536, -0.6251290440559387]","[0.3263607323169708, -0.3588154911994934, -0.04878897964954376, 0.38245901465415955, -0.032226450741291046, 0.4960910975933075, -1.0, -0.6251290440559387]","[0.3263607323169708, -0.3588154911994934, -0.04878897964954376, 0.38245901465415955, -0.032226450741291046, 0.4960910975933075, -1.0, -0.6251290440559387]"
155,0,"[-0.011990887112915516, -0.5376400351524353, -0.04397791251540184, 0.9931008219718933, -0.02148897759616375, 1.5255283117294312, -0.2314843237400055, 0.0502188578248024, 0.3611465096473694, -0.4000064730644226, -0.04848932847380638, 0.4220495820045471, -0.03901941701769829, 0.5370579957962036, -1.085080623626709, -0.3283020555973053, 0.0, -0.47699999809265137, 0.0, 0.8571975827217102, 0.0, 1.2771975994110107, -1.5707963705062866, 0.10000000149011612]","[-0.09158533066511154, -0.12441176921129227, -0.09802058339118958, 0.2571577727794647, 0.11172705888748169, 0.6611419916152954, -3.3796794414520264, -1.0459750890731812]","[-0.09158533066511154, -0.12441176921129227, -0.09802058339118958, 0.2571577727794647, 0.11172705888748169, 0.6611419916152954, -1.0, -1.0]","[-0.09158533066511154, -0.12441176921129227, -0.09802058339118958, 0.2571577727794647, 0.11172705888748169, 0.6611419916152954, -1.0, -1.0]"
156,0,"[-0.014569124206900597, -0.547770619392395, -0.04749595746397972, 1.0098156929016113, -0.01852256990969181, 1.5620394945144653, -0.28800636529922485, 0.050946194678545, -0.10201095044612885, -0.14060886204242706, -0.11223949491977692, 0.2822796404361725, 0.1373734325170517, 0.7252177000045776, -1.084909200668335, -0.41488566994667053, 0.0, -0.47699999809265137, 0.0, 0.8571975827217102, 0.0, 1.2771975994110107, -1.5707963705062866, 0.10000000149011612]","[-0.07167796045541763, -0.10368185490369797, -0.08015598356723785, 0.21744780242443085, 0.11275236308574677, 0.5718762874603271, -3.3260273933410645, -1.0148180723190308]","[-0.07167796045541763, -0.10368185490369797, -0.08015598356723785, 0.21744780242443085, 0.11275236308574677, 0.5718762874603271, -1.0, -1.0]","[-0.07167796045541763, -0.10368185490369797, -0.08015598356723785, 0.21744780242443085, 0.11275236308574677, 0.5718762874603271, -1.0, -1.0]"
157,0,"[-0.018938610330224037, -0.5541262030601501, -0.05218924954533577, 1.0224735736846924, -0.014776325784623623, 1.593835473060608, -0.3447476625442505, 0.05799882858991623, -0.08549785614013672, -0.11348073184490204, -0.09622950851917267, 0.2348048835992813, 0.16853508353233337, 0.6360904574394226, -1.0924419164657593, 1.455711841583252, 0.0, -0.47699999809265137, 0.0, 0.8571975827217102, 0.0, 1.2771975994110107, -1.5707963705062866, 0.10000000149011612]","[-0.07274395227432251, -0.11057640612125397, -0.0830669105052948, 0.24396739900112152, 0.10931418836116791, 0.5678400993347168, -3.3532891273498535, -1.0545235872268677]","[-0.07274395227432251, -0.11057640612125397, -0.0830669105052948, 0.24396739900112152, 0.10931418836116791, 0.5678400993347168, -1.0, -1.0]","[-0.07274395227432251, -0.11057640612125397, -0.0830669105052948, 0.24396739900112152, 0.10931418836116791, 0.5678400993347168, -1.0, -1.0]"
158,0,"[-0.02287338115274906, -0.5602367520332336, -0.056729841977357864, 1.0361460447311401, -0.012027241289615631, 1.6248633861541748, -0.4015195965766907, 0.049262166023254395, -0.07477641105651855, -0.12909330427646637, -0.08971024304628372, 0.2597716450691223, 0.11807192862033844, 0.6238904595375061, -1.0826534032821655, -4.26610803604126, 0.0, -0.47699999809265137, 0.0, 0.8571975827217102, 0.0, 1.2771975994110107, -1.5707963705062866, 0.10000000149011612]","[0.05276346951723099, -0.11235842108726501, -0.05568009242415428, 0.13577674329280853, 0.0834885686635971, 0.3161579370498657, -3.0454659461975098, -0.8285092711448669]","[0.05276346951723099, -0.11235842108726501, -0.05568009242415428, 0.13577674329280853, 0.0834885686635971, 0.3161579370498657, -1.0, -0.8285092711448669]","[0.05276346951723099, -0.11235842108726501, -0.05568009242415428, 0.13577674329280853, 0.0834885686635971, 0.3161579370498657, -1.0, -0.8285092711448669]"
159,0,"[-0.02052885852754116, -0.5674169063568115, -0.06026454269886017, 1.0443580150604248, -0.012752655893564224, 1.6405495405197144, -0.45819902420043945, 0.050129614770412445, 0.06912405788898468, -0.13386981189250946, -0.053569164127111435, 0.1407177448272705, -0.020102612674236298, 0.2962631285190582, -1.0756499767303467, -0.19496506452560425, 0.0, -0.47699999809265137, 0.0, 0.8571975827217102, 0.0, 1.2771975994110107, -1.5707963705062866, 0.10000000149011612]","[-0.045088496059179306, -0.07895620167255402, -0.043514471501111984, 0.14061647653579712, 0.11116397380828857, 0.4051045775413513, -3.2294163703918457, -0.9438431859016418]","[-0.045088496059179306, -0.07895620167255402, -0.043514471501111984, 0.14061647653579712, 0.11116397380828857, 0.4051045775413513, -1.0, -0.9438431859016418]","[-0.045088496059179306, -0.07895620167255402, -0.043514471501111984, 0.14061647653579712, 0.11116397380828857, 0.4051045775413513, -1.0, -0.9438431859016418]"
160,0,"[-0.022619828581809998, -0.5723262429237366, -0.06230785697698593, 1.052544116973877, -0.01003220770508051, 1.661814570426941, -0.5150366425514221, 0.056634172797203064, -0.0550052672624588, -0.08608032017946243, -0.05245719850063324, 0.1506255716085434, 0.1462317705154419, 0.45277783274650574, -1.0885560512542725, 0.646269679069519, 0.0, -0.47699999809265137, 0.0, 0.8571975827217102, 0.0, 1.2771975994110107, -1.5707963705062866, 0.10000000149011612]","[-0.046064455062150955, -0.07320284843444824, -0.03739576414227486, 0.1380246877670288, 0.10933328419923782, 0.3748643398284912, -3.2179079055786133, -0.9542969465255737]","[-0.046064455062150955, -0.07320284843444824, -0.03739576414227486, 0.1380246877670288, 0.10933328419923782, 0.3748643398284912, -1.0, -0.9542969465255737]","[-0.046064455062150955, -0.07320284843444824, -0.03739576414227486, 0.1380246877670288, 0.10933328419923782, 0.3748643398284912, -1.0, -0.9542969465255737]"
161,0,"[-0.025018662214279175, -0.576697826385498, -0.06423050910234451, 1.0602627992630005, -0.0078146206215024, 1.6808665990829468, -0.5719489455223083, 0.0487278550863266, -0.029315095394849777, -0.09251905232667923, -0.023277560248970985, 0.14880399405956268, -0.13097891211509705, 0.25247642397880554, -1.0758216381072998, 0.20433621108531952, 0.0, -0.47699999809265137, 0.0, 0.8571975827217102, 0.0, 1.2771975994110107, -1.5707963705062866, 0.10000000149011612]","[-0.02621016837656498, -0.06524845957756042, -0.027457155287265778, 0.10324916243553162, 0.10348442196846008, 0.3077835738658905, -3.16383695602417, -0.8485934734344482]","[-0.02621016837656498, -0.06524845957756042, -0.027457155287265778, 0.10324916243553162, 0.10348442196846008, 0.3077835738658905, -1.0, -0.8485934734344482]","[-0.02621016837656498, -0.06524845957756042, -0.027457155287265778, 0.10324916243553162, 0.10348442196846008, 0.3077835738658905, -1.0, -0.8485934734344482]"
162,0,"[-0.02672726660966873, -0.580790638923645, -0.06580334901809692, 1.0665110349655151, -0.004917273297905922, 1.6964538097381592, -0.6289277672767639, 0.05465171858668327, -0.026333598420023918, -0.07500237226486206, -0.05322388559579849, 0.1172461062669754, 0.23860742151737213, 0.42278537154197693, -1.0872045755386353, -0.5679773092269897, 0.0, -0.47699999809265137, 0.0, 0.8571975827217102, 0.0, 1.2771975994110107, -1.5707963705062866, 0.10000000149011612]","[-0.009020993486046791, -0.055578261613845825, -0.012022815644741058, 0.05740254744887352, 0.1025729700922966, 0.23802146315574646, -3.0904080867767334, -0.8388609886169434]","[-0.009020993486046791, -0.055578261613845825, -0.012022815644741058, 0.05740254744887352, 0.1025729700922966, 0.23802146315574646, -1.0, -0.8388609886169434]","[-0.009020993486046791, -0.055578261613845825, -0.012022815644741058, 0.05740254744887352, 0.1025729700922966, 0.23802146315574646, -1.0, -0.8388609886169434]"
163,0,"[-0.027261802926659584, -0.5845051407814026, -0.06649661064147949, 1.0698635578155518, -0.0015516614075750113, 1.708362102508545, -0.6859280467033386, 0.04941997304558754, 0.0008342498913407326, -0.06793825328350067, -0.0028440714813768864, 0.05338443070650101, 0.08618847280740738, 0.246118426322937, -1.084155559539795, -6.042982578277588, 0.0, -0.47699999809265137, 0.0, 0.8571975827217102, 0.0, 1.2771975994110107, -1.5707963705062866, 0.10000000149011612]","[0.15988731384277344, -0.10640896111726761, -0.02545500546693802, 0.03397299721837044, 0.05257103964686394, 0.06046806275844574, -2.691044807434082, -0.6430978775024414]","[0.15988731384277344, -0.10640896111726761, -0.02545500546693802, 0.03397299721837044, 0.05257103964686394, 0.06046806275844574, -1.0, -0.6430978775024414]","[0.15988731384277344, -0.10640896111726761, -0.02545500546693802, 0.03397299721837044, 0.05257103964686394, 0.06046806275844574, -1.0, -0.6430978775024414]"
164,0,"[-0.01866050623357296, -0.590345025062561, -0.06817417591810226, 1.0716086626052856, -0.0019538679625838995, 1.7091675996780396, -0.7429314255714417, 0.0480494387447834, 0.16349224746227264, -0.11319855600595474, -0.04081488028168678, 0.054131846874952316, 0.1069294810295105, 0.09946794807910919, -1.0887360572814941, 6.213615894317627, 0.0, -0.47699999809265137, 0.0, 0.8571975827217102, 0.0, 1.2771975994110107, -1.5707963705062866, 0.10000000149011612]","[-0.06768233329057693, 0.07626502960920334, 0.007171414792537689, 0.16095612943172455, 0.10738826543092728, 0.2300490438938141, -2.764845609664917, -0.3923657536506653]","[-0.06768233329057693, 0.07626502960920334, 0.007171414792537689, 0.16095612943172455, 0.10738826543092728, 0.2300490438938141, -1.0, -0.3923657536506653]","[-0.06768233329057693, 0.07626502960920334, 0.007171414792537689, 0.16095612943172455, 0.10738826543092728, 0.2300490438938141, -1.0, -0.3923657536506653]"
165,0,"[-0.021764462813735008, -0.5873664617538452, -0.0671883150935173, 1.0808666944503784, 0.002801941242069006, 1.7211189270019531, -0.7999697923660278, 0.04946284368634224, -0.06399473547935486, 0.07292406260967255, 0.01922215335071087, 0.16092391312122345, 0.08006933331489563, 0.22871720790863037, -1.0822235345840454, -7.738765716552734, 0.0, -0.47699999809265137, 0.0, 0.8571975827217102, 0.0, 1.2771975994110107, -1.5707963705062866, 0.10000000149011612]","[0.22118590772151947, -0.1372648924589157, -0.006265483796596527, 0.024648141115903854, 0.023554736748337746, -0.020186007022857666, -2.442587375640869, -0.5041056871414185]","[0.22118590772151947, -0.1372648924589157, -0.006265483796596527, 0.024648141115903854, 0.023554736748337746, -0.020186007022857666, -1.0, -0.5041056871414185]","[0.22118590772151947, -0.1372648924589157, -0.006265483796596527, 0.024648141115903854, 0.023554736748337746, -0.020186007022857666, -1.0, -0.5041056871414185]"
166,0,"[-0.010135671123862267, -0.5937561392784119, -0.0682205930352211, 1.0819731950759888, 0.0021302427630871534, 1.7180066108703613, -0.8570038080215454, 0.0484301894903183, 0.2238764762878418, -0.13229107856750488, -0.027805600315332413, 0.0594196692109108, 0.11290958523750305, 0.04763802886009216, -1.09176504611969, 11.018423080444336, 0.0, -0.47699999809265137, 0.0, 0.8571975827217102, 0.0, 1.2771975994110107, -1.5707963705062866, 0.10000000149011612]","[-0.22529931366443634, 0.2960923910140991, 0.17631129920482635, 0.008567910641431808, 0.08071577548980713, 0.056938134133815765, -1.8829820156097412, -0.18578064441680908]","[-0.22529931366443634, 0.2960923910140991, 0.17631129920482635, 0.008567910641431808, 0.08071577548980713, 0.056938134133815765, -1.0, -0.18578064441680908]","[-0.22529931366443634, 0.2960923910140991, 0.17631129920482635, 0.008567910641431808, 0.08071577548980713, 0.056938134133815765, -1.0, -0.18578064441680908]"
167,0,"[-0.02241903357207775, -0.5818299055099487, -0.05772477388381958, 1.0844544172286987, 0.004439996089786291, 1.7186341285705566, -0.9140064120292664, 0.049482185393571854, -0.25620314478874207, 0.33217889070510864, 0.1875791847705841, 0.03452039510011673, 0.09979596734046936, 0.061631590127944946, -1.0868221521377563, 4.966573715209961, 0.0, -0.47699999809265137, 0.0, 0.8571975827217102, 0.0, 1.2771975994110107, -1.5707963705062866, 0.10000000149011612]","[-0.03334157168865204, 0.017751039937138557, 0.003901895135641098, 0.05260318145155907, 0.09040901064872742, 0.11807046085596085, -2.698136806488037, -0.2992841303348541]","[-0.03334157168865204, 0.017751039937138557, 0.003901895135641098, 0.05260318145155907, 0.09040901064872742, 0.11807046085596085, -1.0, -0.2992841303348541]","[-0.03334157168865204, 0.017751039937138557, 0.003901895135641098, 0.05260318145155907, 0.09040901064872742, 0.11807046085596085, -1.0, -0.2992841303348541]"
168,0,"[-0.023827847093343735, -0.5776171088218689, -0.05698196217417717, 1.0859899520874023, 0.008875057101249695, 1.7244127988815308, -0.9710472226142883, 0.049094028770923615, -0.03581603616476059, 0.017015185207128525, 0.003621443174779415, 0.05619218572974205, 0.1000308021903038, 0.1332513839006424, -1.085707187652588, -0.4665513336658478, 0.0, -0.47699999809265137, 0.0, 0.8571975827217102, 0.0, 1.2771975994110107, -1.5707963705062866, 0.10000000149011612]","[0.01683279126882553, -0.060441404581069946, 0.0054176077246665955, -0.09611983597278595, 0.056025296449661255, 0.01987709105014801, -2.795968770980835, -0.4410380721092224]","[0.01683279126882553, -0.060441404581069946, 0.0054176077246665955, -0.09611983597278595, 0.056025296449661255, 0.01987709105014801, -1.0, -0.4410380721092224]","[0.01683279126882553, -0.060441404581069946, 0.0054176077246665955, -0.09611983597278595, 0.056025296449661255, 0.01987709105014801, -1.0, -0.4410380721092224]"
169,0,"[-0.022887131199240685, -0.5813478231430054, -0.05664309486746788, 1.0807398557662964, 0.0095141576603055, 1.7221306562423706, -1.0280163288116455, 0.04954289644956589, 0.02849993295967579, -0.08143529295921326, 0.023466404527425766, -0.1193075031042099, 0.022128373384475708, -0.023058593273162842, -1.0816254615783691, -11.03459358215332, 0.0, -0.47699999809265137, 0.0, 0.8571975827217102, 0.0, 1.2771975994110107, -1.5707963705062866, 0.10000000149011612]","[0.3536369800567627, -0.1822853833436966, 0.014743998646736145, 0.06201406940817833, -0.029143908992409706, -0.07589486241340637, -1.940274715423584, -0.35876962542533875]","[0.3536369800567627, -0.1822853833436966, 0.014743998646736145, 0.06201406940817833, -0.029143908992409706, -0.07589486241340637, -1.0, -0.35876962542533875]","[0.3536369800567627, -0.1822853833436966, 0.014743998646736145, 0.06201406940817833, -0.029143908992409706, -0.07589486241340637, -1.0, -0.35876962542533875]"
170,0,"[-0.0040675136260688305, -0.5897999405860901, -0.05688774213194847, 1.0827006101608276, 0.006324302405118942, 1.7159583568572998, -1.0850112438201904, 0.049701396375894547, 0.39783504605293274, -0.21547679603099823, 0.03336063399910927, 0.05217594653367996, -0.07474350929260254, -0.13903650641441345, -1.0813456773757935, -9.1300687789917, 0.0, -0.47699999809265137, 0.0, 0.8571975827217102, 0.0, 1.2771975994110107, -1.5707963705062866, 0.10000000149011612]","[0.2481401115655899, -0.11633704602718353, 0.029320884495973587, 0.004679333418607712, -0.015888342633843422, -0.09057077765464783, -1.9886201620101929, -0.40098002552986145]","[0.2481401115655899, -0.11633704602718353, 0.029320884495973587, 0.004679333418607712, -0.015888342633843422, -0.09057077765464783, -1.0, -0.40098002552986145]","[0.2481401115655899, -0.11633704602718353, 0.029320884495973587, 0.004679333418607712, -0.015888342633843422, -0.09057077765464783, -1.0, -0.40098002552986145]"
171,0,"[0.01046206895262003, -0.5975262522697449, -0.05481032654643059, 1.0835884809494019, 0.004176382906734943, 1.7083210945129395, -1.1419885158538818, 0.04883263260126114, 0.2572431266307831, -0.10795880854129791, 0.025319235399365425, 0.04976295679807663, 0.02133426070213318, -0.06537814438343048, -1.0893009901046753, 7.797564506530762, 0.0, -0.47699999809265137, 0.0, 0.8571975827217102, 0.0, 1.2771975994110107, -1.5707963705062866, 0.10000000149011612]","[-0.23121656477451324, 0.3078605830669403, 0.1429961919784546, -0.12543250620365143, 0.05647675320506096, -0.0903371274471283, -1.7131752967834473, 0.03383507952094078]","[-0.23121656477451324, 0.3078605830669403, 0.1429961919784546, -0.12543250620365143, 0.05647675320506096, -0.0903371274471283, -1.0, 0.03383507952094078]","[-0.23121656477451324, 0.3078605830669403, 0.1429961919784546, -0.12543250620365143, 0.05647675320506096, -0.0903371274471283, -1.0, 0.03383507952094078]"
172,0,"[-0.0017683969344943762, -0.585289716720581, -0.0458657331764698, 1.0793479681015015, 0.00805494375526905, 1.7039215564727783, -1.1990958452224731, 0.05351366102695465, -0.2526176869869232, 0.3411482572555542, 0.15366452932357788, -0.14140954613685608, 0.06623874604701996, -0.08535362780094147, -1.0866159200668335, 0.8239803314208984, 0.0, -0.47699999809265137, 0.0, 0.8571975827217102, 0.0, 1.2771975994110107, -1.5707963705062866, 0.10000000149011612]","[-0.058437779545784, -0.0007140841335058212, 0.01775435358285904, -0.15010316669940948, 0.04527760669589043, -0.05310028791427612, -2.523411750793457, -0.19589433073997498]","[-0.058437779545784, -0.0007140841335058212, 0.01775435358285904, -0.15010316669940948, 0.04527760669589043, -0.05310028791427612, -1.0, -0.19589433073997498]","[-0.058437779545784, -0.0007140841335058212, 0.01775435358285904, -0.15010316669940948, 0.04527760669589043, -0.05310028791427612, -1.0, -0.19589433073997498]"
173,0,"[-0.004853146616369486, -0.5819488763809204, -0.044595979154109955, 1.0694409608840942, 0.010999414138495922, 1.7016550302505493, -1.2561893463134766, 0.04971083998680115, -0.061753030866384506, -9.938259609043598e-05, 0.02106720767915249, -0.16808226704597473, 0.04261556640267372, -0.0707043781876564, -1.084972620010376, -1.9982868432998657, 0.0, -0.47699999809265137, 0.0, 0.8571975827217102, 0.0, 1.2771975994110107, -1.5707963705062866, 0.10000000149011612]","[-0.0014166333712637424, -0.008477536961436272, 0.017231525853276253, -0.1835380494594574, 0.023402178660035133, -0.17676043510437012, -2.275329828262329, -0.09161950647830963]","[-0.0014166333712637424, -0.008477536961436272, 0.017231525853276253, -0.1835380494594574, 0.023402178660035133, -0.17676043510437012, -1.0, -0.09161950647830963]","[-0.0014166333712637424, -0.008477536961436272, 0.017231525853276253, -0.1835380494594574, 0.023402178660035133, -0.17676043510437012, -1.0, -0.09161950647830963]"
174,0,"[-0.0051582008600234985, -0.5826833248138428, -0.04375269636511803, 1.059082269668579, 0.011716269887983799, 1.6901099681854248, -1.313183069229126, 0.04978036507964134, -0.000937900971621275, -0.007713786326348782, 0.01875920407474041, -0.20289556682109833, 0.028025120496749878, -0.1825311928987503, -1.086356520652771, 0.053914621472358704, 0.0, -0.47699999809265137, 0.0, 0.8571975827217102, 0.0, 1.2771975994110107, -1.5707963705062866, 0.10000000149011612]","[-0.0317012220621109, 0.032729245722293854, 0.036619096994400024, -0.16475550830364227, 0.0188316460698843, -0.1386188417673111, -2.2857160568237305, 0.0015397630631923676]","[-0.0317012220621109, 0.032729245722293854, 0.036619096994400024, -0.16475550830364227, 0.0188316460698843, -0.1386188417673111, -1.0, 0.0015397630631923676]","[-0.0317012220621109, 0.032729245722293854, 0.036619096994400024, -0.16475550830364227, 0.0188316460698843, -0.1386188417673111, -1.0, 0.0015397630631923676]"
175,0,"[-0.006930022034794092, -0.581277072429657, -0.041641660034656525, 1.0497076511383057, 0.012298408895730972, 1.680578589439392, -1.3701512813568115, 0.04998134821653366, -0.034210577607154846, 0.03471539169549942, 0.04072336480021477, -0.17721138894557953, 0.017436057329177856, -0.16412387788295746, -1.0851269960403442, -1.1432768106460571, 0.0, -0.47699999809265137, 0.0, 0.8571975827217102, 0.0, 1.2771975994110107, -1.5707963705062866, 0.10000000149011612]","[-0.007002136204391718, 0.030983077362179756, 0.041432321071624756, -0.1695369929075241, 0.007605197373777628, -0.19946253299713135, -2.097404718399048, 0.06870311498641968]","[-0.007002136204391718, 0.030983077362179756, 0.041432321071624756, -0.1695369929075241, 0.007605197373777628, -0.19946253299713135, -1.0, 0.06870311498641968]","[-0.007002136204391718, 0.030983077362179756, 0.041432321071624756, -0.1695369929075241, 0.007605197373777628, -0.19946253299713135, -1.0, 0.06870311498641968]"
176,0,"[-0.00745472451671958, -0.5796831250190735, -0.0393657386302948, 1.0400415658950806, 0.01234166044741869, 1.6677428483963013, -1.4271268844604492, 0.05134955421090126, -0.007021191995590925, 0.03516359254717827, 0.04552284628152847, -0.1847878098487854, 0.008698473684489727, -0.21596671640872955, -1.0859729051589966, 0.024867964908480644, 0.0, -0.47699999809265137, 0.0, 0.8571975827217102, 0.0, 1.2771975994110107, -1.5707963705062866, 0.10000000149011612]","[-0.012215394526720047, 0.06262482702732086, 0.0572378896176815, -0.14707058668136597, -0.0013519427739083767, -0.1874900460243225, -2.007901430130005, 0.15214984118938446]","[-0.012215394526720047, 0.06262482702732086, 0.0572378896176815, -0.14707058668136597, -0.0013519427739083767, -0.1874900460243225, -1.0, 0.15214984118938446]","[-0.012215394526720047, 0.06262482702732086, 0.0572378896176815, -0.14707058668136597, -0.0013519427739083767, -0.1874900460243225, -1.0, 0.15214984118938446]"
177,0,"[-0.008239238522946835, -0.5763499736785889, -0.03618023172020912, 1.0316933393478394, 0.012251101434230804, 1.657023549079895, -1.4841868877410889, 0.05542439594864845, -0.012425350025296211, 0.07092753052711487, 0.0628691166639328, -0.16159476339817047, -0.001400256180204451, -0.20316188037395477, -1.0859452486038208, 0.10653585195541382, 0.0, -0.47699999809265137, 0.0, 0.8571975827217102, 0.0, 1.2771975994110107, -1.5707963705062866, 0.10000000149011612]","[-0.004451791290193796, 0.07140438258647919, 0.06435899436473846, -0.13448862731456757, -0.013877777382731438, -0.21163594722747803, -1.8421696424484253, 0.17909440398216248]","[-0.004451791290193796, 0.07140438258647919, 0.06435899436473846, -0.13448862731456757, -0.013877777382731438, -0.21163594722747803, -1.0, 0.17909440398216248]","[-0.004451791290193796, 0.07140438258647919, 0.06435899436473846, -0.13448862731456757, -0.013877777382731438, -0.21163594722747803, -1.0, 0.17909440398216248]"
178,0,"[-0.00856726337224245, -0.5723053812980652, -0.03257142752408981, 1.0239691734313965, 0.011444147676229477, 1.6449329853057861, -1.5412464141845703, 0.06021318957209587, -0.0038146665319800377, 0.08051836490631104, 0.07073856145143509, -0.14782080054283142, -0.015014213509857655, -0.2297893762588501, -1.0859289169311523, 0.0972287505865097, 0.0, -0.47699999809265137, 0.0, 0.8571975827217102, 0.0, 1.2771975994110107, -1.5707963705062866, 0.10000000149011612]","[0.0014383490197360516, 0.07450814545154572, 0.06710914522409439, -0.12422512471675873, -0.024227989837527275, -0.22819086909294128, -1.6527485847473145, 0.18765701353549957]","[0.0014383490197360516, 0.07450814545154572, 0.06710914522409439, -0.12422512471675873, -0.024227989837527275, -0.22819086909294128, -1.0, 0.18765701353549957]","[0.0014383490197360516, 0.07450814545154572, 0.06710914522409439, -0.12422512471675873, -0.024227989837527275, -0.22819086909294128, -1.0, 0.18765701353549957]"
179,0,"[-0.008520850911736488, -0.568033754825592, -0.02877257764339447, 1.016823410987854, 0.010051824152469635, 1.6318672895431519, -1.5983045101165771, 0.06523282080888748, 0.0026220381259918213, 0.0838274210691452, 0.07375194877386093, -0.1365719884634018, -0.026247600093483925, -0.24778643250465393, -1.0859266519546509, 0.10102234035730362, 0.0, -0.47699999809265137, 0.0, 0.8571975827217102, 0.0, 1.2771975994110107, -1.5707963705062866, 0.10000000149011612]","[0.005362267140299082, 0.07459743320941925, 0.06625350564718246, -0.11356094479560852, -0.03228459507226944, -0.23732757568359375, -1.4374358654022217, 0.18566739559173584]","[0.005362267140299082, 0.07459743320941925, 0.06625350564718246, -0.11356094479560852, -0.03228459507226944, -0.23732757568359375, -1.0, 0.18566739559173584]","[0.005362267140299082, 0.07459743320941925, 0.06625350564718246, -0.11356094479560852, -0.03228459507226944, -0.23732757568359375, -1.0, 0.18566739559173584]"
180,0,"[-0.008218234404921532, -0.5637205243110657, -0.024995144456624985, 1.0102745294570923, 0.008206995204091072, 1.6182838678359985, -1.655362844467163, 0.07020461559295654, 0.006865745410323143, 0.08381856977939606, 0.07279989123344421, -0.12487515062093735, -0.03500150516629219, -0.257728636264801, -1.0859267711639404, 0.10000691562891006, 0.0, -0.47699999809265137, 0.0, 0.8571975827217102, 0.0, 1.2771975994110107, -1.5707963705062866, 0.10000000149011612]","[0.007756218779832125, 0.0706724151968956, 0.06110134720802307, -0.10381340980529785, -0.03637614846229553, -0.2387889325618744, -1.1928571462631226, 0.17403826117515564]","[0.007756218779832125, 0.0706724151968956, 0.06110134720802307, -0.10381340980529785, -0.03637614846229553, -0.2387889325618744, -1.0, 0.17403826117515564]","[0.007756218779832125, 0.0706724151968956, 0.06110134720802307, -0.10381340980529785, -0.03637614846229553, -0.2387889325618744, -1.0, 0.17403826117515564]"
181,0,"[-0.007744342554360628, -0.5595910549163818, -0.02148221619427204, 1.0042736530303955, 0.006134845782071352, 1.6046239137649536, -1.7124217748641968, 0.07487037032842636, 0.009381169453263283, 0.07936947047710419, 0.06712401658296585, -0.1141747310757637, -0.039454542100429535, -0.2593301236629486, -1.0859217643737793, 0.09337868541479111, 0.0, -0.47699999809265137, 0.0, 0.8571975827217102, 0.0, 1.2771975994110107, -1.5707963705062866, 0.10000000149011612]","[0.00885603204369545, 0.0625668317079544, 0.05214427411556244, -0.09487968683242798, -0.03464869409799576, -0.23196935653686523, -0.9168264269828796, 0.15455111861228943]","[0.00885603204369545, 0.0625668317079544, 0.05214427411556244, -0.09487968683242798, -0.03464869409799576, -0.23196935653686523, -0.9168264269828796, 0.15455111861228943]","[0.00885603204369545, 0.0625668317079544, 0.05214427411556244, -0.09487968683242798, -0.03464869409799576, -0.23196935653686523, -0.9168264269828796, 0.15455111861228943]"
182,0,"[-0.007177847903221846, -0.5558817982673645, -0.018455736339092255, 0.9987733960151672, 0.004163793288171291, 1.5913617610931396, -1.7647367715835571, 0.07902070879936218, 0.010440515354275703, 0.07029817998409271, 0.0572764091193676, -0.1043485775589943, -0.03758685663342476, -0.25193604826927185, -0.9956017136573792, 0.08251801878213882, 0.0, -0.47699999809265137, 0.0, 0.8571975827217102, 0.0, 1.2771975994110107, -1.5707963705062866, 0.10000000149011612]","[0.007079716306179762, 0.05234541743993759, 0.04015928506851196, -0.09196111559867859, -0.026569047942757607, -0.22119012475013733, -0.6275248527526855, 0.1224542111158371]","[0.007079716306179762, 0.05234541743993759, 0.04015928506851196, -0.09196111559867859, -0.026569047942757607, -0.22119012475013733, -0.6275248527526855, 0.1224542111158371]","[0.007079716306179762, 0.05234541743993759, 0.04015928506851196, -0.09196111559867859, -0.026569047942757607, -0.22119012475013733, -0.6275248527526855, 0.1224542111158371]"
183,0,"[-0.006679574027657509, -0.5527624487876892, -0.016087399795651436, 0.993469774723053, 0.0026536176446825266, 1.5787217617034912, -1.8005460500717163, 0.08231879770755768, 0.00830339826643467, 0.05892141908407211, 0.04409081116318703, -0.10112643241882324, -0.028823813423514366, -0.24018821120262146, -0.6814460158348083, 0.0669313296675682, 0.0, -0.47699999809265137, 0.0, 0.8571975827217102, 0.0, 1.2771975994110107, -1.5707963705062866, 0.10000000149011612]","[0.0011881566606462002, 0.0421578586101532, 0.028037233278155327, -0.09556689858436584, -0.01566949300467968, -0.20806297659873962, -0.3893052935600281, 0.07596276700496674]","[0.0011881566606462002, 0.0421578586101532, 0.028037233278155327, -0.09556689858436584, -0.01566949300467968, -0.20806297659873962, -0.3893052935600281, 0.07596276700496674]","[0.0011881566606462002, 0.0421578586101532, 0.028037233278155327, -0.09556689858436584, -0.01566949300467968, -0.20806297659873962, -0.3893052935600281, 0.07596276700496674]"
184,0,"[-0.0064963833428919315, -0.5502581596374512, -0.014395351521670818, 0.9880028367042542, 0.0017658802680671215, 1.5668374300003052, -1.8227624893188477, 0.08437676727771759, 0.001662227208726108, 0.04763968288898468, 0.03073517233133316, -0.10506081581115723, -0.01700909249484539, -0.2258843034505844, -0.4227648377418518, 0.04420268535614014, 0.0, -0.47699999809265137, 0.0, 0.8571975827217102, 0.0, 1.2771975994110107, -1.5707963705062866, 0.10000000149011612]","[-0.0015505538322031498, 0.029367534443736076, 0.021035972982645035, -0.08183591067790985, -0.006589596625417471, -0.17930960655212402, -0.23263540863990784, 0.04410655423998833]","[-0.0015505538322031498, 0.029367534443736076, 0.021035972982645035, -0.08183591067790985, -0.006589596625417471, -0.17930960655212402, -0.23263540863990784, 0.04410655423998833]","[-0.0015505538322031498, 0.029367534443736076, 0.021035972982645035, -0.08183591067790985, -0.006589596625417471, -0.17930960655212402, -0.23263540863990784, 0.04410655423998833]"
185,0,"[-0.0065205092541873455, -0.5483684539794922, -0.01314474456012249, 0.9832119941711426, 0.0013889619149267673, 1.556613802909851, -1.8360384702682495, 0.0855836570262909, -0.0013789157383143902, 0.03340131416916847, 0.023078417405486107, -0.08989384025335312, -0.007131400052458048, -0.19472867250442505, -0.25263547897338867, 0.022725865244865417, 0.0, -0.47699999809265137, 0.0, 0.8571975827217102, 0.0, 1.2771975994110107, -1.5707963705062866, 0.10000000149011612]","[-0.002187191043049097, 0.018962668254971504, 0.017313115298748016, -0.0629730075597763, -0.0021009868942201138, -0.1481679379940033, -0.13855187594890594, 0.024825211614370346]","[-0.002187191043049097, 0.018962668254971504, 0.017313115298748016, -0.0629730075597763, -0.0021009868942201138, -0.1481679379940033, -0.13855187594890594, 0.024825211614370346]","[-0.002187191043049097, 0.018962668254971504, 0.017313115298748016, -0.0629730075597763, -0.0021009868942201138, -0.1481679379940033, -0.13855187594890594, 0.024825211614370346]"
186,0,"[-0.00661264406517148, -0.547074556350708, -0.012131997384130955, 0.9794784188270569, 0.0012670824071392417, 1.5481693744659424, -1.8439455032348633, 0.08626781404018402, -0.0021110721863806248, 0.021700656041502953, 0.019005727022886276, -0.06910517066717148, -0.0022513088770210743, -0.16093803942203522, -0.15047474205493927, 0.011141711845993996, 0.0, -0.47699999809265137, 0.0, 0.8571975827217102, 0.0, 1.2771975994110107, -1.5707963705062866, 0.10000000149011612]","[-0.0018416051752865314, 0.01164163090288639, 0.014712780714035034, -0.04555921629071236, -0.00039215898141264915, -0.11973577737808228, -0.08311612904071808, 0.014432694762945175]","[-0.0018416051752865314, 0.01164163090288639, 0.014712780714035034, -0.04555921629071236, -0.00039215898141264915, -0.11973577737808228, -0.08311612904071808, 0.014432694762945175]","[-0.0018416051752865314, 0.01164163090288639, 0.014712780714035034, -0.04555921629071236, -0.00039215898141264915, -0.11973577737808228, -0.08311612904071808, 0.014432694762945175]"
187,0,"[-0.0066975480876863, -0.5462402105331421, -0.01127704419195652, 0.9767595529556274, 0.0012422713916748762, 1.5413496494293213, -1.848689079284668, 0.08666826784610748, -0.0017732253763824701, 0.013411152176558971, 0.016154635697603226, -0.04994978383183479, -0.00039951622602529824, -0.13006369769573212, -0.09027557075023651, 0.006305238232016563, 0.0, -0.47699999809265137, 0.0, 0.8571975827217102, 0.0, 1.2771975994110107, -1.5707963705062866, 0.10000000149011612]","[-0.0012546018697321415, 0.006753021851181984, 0.012436021119356155, -0.03169611841440201, 4.464620724320412e-05, -0.09559868276119232, -0.05005247890949249, 0.008801501244306564]","[-0.0012546018697321415, 0.006753021851181984, 0.012436021119356155, -0.03169611841440201, 4.464620724320412e-05, -0.09559868276119232, -0.05005247890949249, 0.008801501244306564]","[-0.0012546018697321415, 0.006753021851181984, 0.012436021119356155, -0.03169611841440201, 4.464620724320412e-05, -0.09559868276119232, -0.05005247890949249, 0.008801501244306564]"
188,0,"[-0.00675283232703805, -0.5457298159599304, -0.010554623790085316, 0.9748620986938477, 0.0012420108541846275, 1.5359084606170654, -1.851546049118042, 0.08691427856683731, -0.0011723319767042994, 0.007846718654036522, 0.01365496776998043, -0.034718871116638184, 6.878771091578528e-05, -0.10385077446699142, -0.054373107850551605, 0.004287921357899904, 0.0, -0.47699999809265137, 0.0, 0.8571975827217102, 0.0, 1.2771975994110107, -1.5707963705062866, 0.10000000149011612]","[-0.0007266574539244175, 0.003577897325158119, 0.010324012488126755, -0.021422676742076874, 4.677567631006241e-06, -0.07578125596046448, -0.030031666159629822, 0.005506318062543869]","[-0.0007266574539244175, 0.003577897325158119, 0.010324012488126755, -0.021422676742076874, 4.677567631006241e-06, -0.07578125596046448, -0.030031666159629822, 0.005506318062543869]","[-0.0007266574539244175, 0.003577897325158119, 0.010324012488126755, -0.021422676742076874, 4.677567631006241e-06, -0.07578125596046448, -0.030031666159629822, 0.005506318062543869]"
189,0,"[-0.006779450457543135, -0.5454376935958862, -0.009953593835234642, 0.9735780358314514, 0.0012392826611176133, 1.531598448753357, -1.8532605171203613, 0.08706957846879959, -0.0006333220517262816, 0.00421690521761775, 0.011335346847772598, -0.023442473262548447, 2.015714744629804e-05, -0.08232143521308899, -0.03263299539685249, 0.0032984146382659674, 0.0, -0.47699999809265137, 0.0, 0.8571975827217102, 0.0, 1.2771975994110107, -1.5707963705062866, 0.10000000149011612]","[-0.0003369622863829136, 0.0015754159539937973, 0.00840785726904869, -0.014110345393419266, -0.00016343360766768456, -0.05979438126087189, -0.017795994877815247, 0.003431599587202072]","[-0.0003369622863829136, 0.0015754159539937973, 0.00840785726904869, -0.014110345393419266, -0.00016343360766768456, -0.05979438126087189, -0.017795994877815247, 0.003431599587202072]","[-0.0003369622863829136, 0.0015754159539937973, 0.00840785726904869, -0.014110345393419266, -0.00016343360766768456, -0.05979438126087189, -0.017795994877815247, 0.003431599587202072]"
190,0,"[-0.006785109639167786, -0.5452878475189209, -0.009462776593863964, 0.9727323055267334, 0.0012269726721569896, 1.5282001495361328, -1.8542766571044922, 0.08716751635074615, -0.0002406132989563048, 0.0019169540610164404, 0.009230962023139, -0.01542181707918644, -0.00016669165052007884, -0.06495313346385956, -0.01934272050857544, 0.0026501689571887255, 0.0, -0.47699999809265137, 0.0, 0.8571975827217102, 0.0, 1.2771975994110107, -1.5707963705062866, 0.10000000149011612]","[-7.976451888680458e-05, 0.0003606081008911133, 0.006732281297445297, -0.009047523140907288, -0.000323412474244833, -0.04703088849782944, -0.01029948890209198, 0.002071049064397812]","[-7.976451888680458e-05, 0.0003606081008911133, 0.006732281297445297, -0.009047523140907288, -0.000323412474244833, -0.04703088849782944, -0.01029948890209198, 0.002071049064397812]","[-7.976451888680458e-05, 0.0003606081008911133, 0.006732281297445297, -0.009047523140907288, -0.000323412474244833, -0.04703088849782944, -0.01029948890209198, 0.002071049064397812]"
191,0,"[-0.00677763344720006, -0.5452274680137634, -0.009068739600479603, 0.9721903800964355, 0.0012056881096214056, 1.525529146194458, -1.8548648357391357, 0.08722763508558273, 1.2851943210989702e-05, 0.0005127014010213315, 0.007391061633825302, -0.009871046990156174, -0.0003440502332523465, -0.05109135061502457, -0.011209750548005104, 0.002182216150686145, 0.0, -0.47699999809265137, 0.0, 0.8571975827217102, 0.0, 1.2771975994110107, -1.5707963705062866, 0.10000000149011612]","[7.454818114638329e-05, -0.00033388473093509674, 0.005315542221069336, -0.00561460480093956, -0.0004327981732785702, -0.03690687566995621, -0.005726456642150879, 0.0011762045323848724]","[7.454818114638329e-05, -0.00033388473093509674, 0.005315542221069336, -0.00561460480093956, -0.0004327981732785702, -0.03690687566995621, -0.005726456642150879, 0.0011762045323848724]","[7.454818114638329e-05, -0.00033388473093509674, 0.005315542221069336, -0.00561460480093956, -0.0004327981732785702, -0.03690687566995621, -0.005726456642150879, 0.0011762045323848724]"
192,0,"[-0.006763070821762085, -0.5452207326889038, -0.00875691045075655, 0.9718548655509949, 0.001178382197394967, 1.5234345197677612, -1.855191946029663, 0.08726276457309723, 0.00015878283011261374, -0.00029652510420419276, 0.005835509393364191, -0.006111748516559601, -0.0004651952476706356, -0.040092550218105316, -0.006240550894290209, 0.0017866825219243765, 0.0, -0.47699999809265137, 0.0, 0.8571975827217102, 0.0, 1.2771975994110107, -1.5707963705062866, 0.10000000149011612]","[0.00015620654448866844, -0.0006951633840799332, 0.004149474203586578, -0.0033365152776241302, -0.0004882975481450558, -0.028914906084537506, -0.0029658377170562744, 0.0005923621356487274]","[0.00015620654448866844, -0.0006951633840799332, 0.004149474203586578, -0.0033365152776241302, -0.0004882975481450558, -0.028914906084537506, -0.0029658377170562744, 0.0005923621356487274]","[0.00015620654448866844, -0.0006951633840799332, 0.004149474203586578, -0.0033365152776241302, -0.0004882975481450558, -0.028914906084537506, -0.0029658377170562744, 0.0005923621356487274]"
193,0,"[-0.006745573598891497, -0.5452442765235901, -0.008513008244335651, 0.9716562032699585, 0.0011481832480058074, 1.5217947959899902, -1.8553614616394043, 0.08728140592575073, 0.00022991436708252877, -0.0007239148253574967, 0.004555247724056244, -0.0036191376857459545, -0.0005271349800750613, -0.03141143545508385, -0.003242888255044818, 0.0014479027595371008, 0.0, -0.47699999809265137, 0.0, 0.8571975827217102, 0.0, 1.2771975994110107, -1.5707963705062866, 0.10000000149011612]","[0.00019088899716734886, -0.000847088173031807, 0.0032097026705741882, -0.0018550790846347809, -0.0005000731907784939, -0.022626712918281555, -0.0013316571712493896, 0.00022472068667411804]","[0.00019088899716734886, -0.000847088173031807, 0.0032097026705741882, -0.0018550790846347809, -0.0005000731907784939, -0.022626712918281555, -0.0013316571712493896, 0.00022472068667411804]","[0.00019088899716734886, -0.000847088173031807, 0.0032097026705741882, -0.0018550790846347809, -0.0005000731907784939, -0.022626712918281555, -0.0013316571712493896, 0.00022472068667411804]"
194,0,"[-0.006727694068104029, -0.545282781124115, -0.008324037306010723, 0.9715465307235718, 0.0011176097905263305, 1.5205119848251343, -1.8554376363754272, 0.08728956431150436, 0.00025372367235831916, -0.0009102370822802186, 0.003523539286106825, -0.002000584499910474, -0.0005410649464465678, -0.024577703326940536, -0.0014703498454764485, 0.0011403694516047835, 0.0, -0.47699999809265137, 0.0, 0.8571975827217102, 0.0, 1.2771975994110107, -1.5707963705062866, 0.10000000149011612]","[0.00019676005467772484, -0.0008755140006542206, 0.002464834600687027, -0.000916019082069397, -0.0004812902770936489, -0.017688147723674774, -0.0003937184810638428, 2.1569430828094482e-06]","[0.00019676005467772484, -0.0008755140006542206, 0.002464834600687027, -0.000916019082069397, -0.0004812902770936489, -0.017688147723674774, -0.0003937184810638428, 2.1569430828094482e-06]","[0.00019676005467772484, -0.0008755140006542206, 0.002464834600687027, -0.000916019082069397, -0.0004812902770936489, -0.017688147723674774, -0.0003937184810638428, 2.1569430828094482e-06]"
195,0,"[-0.00671088183298707, -0.5453277230262756, -0.008178722113370895, 0.9714930653572083, 0.0010884071234613657, 1.5195096731185913, -1.8554608821868896, 0.08729123324155807, 0.000249062548391521, -0.0009536257130093873, 0.002705818507820368, -0.0009751392062753439, -0.0005215691053308547, -0.019215533509850502, -0.00044411764247342944, 0.0009152439888566732, 0.0, -0.47699999809265137, 0.0, 0.8571975827217102, 0.0, 1.2771975994110107, -1.5707963705062866, 0.10000000149011612]","[0.00018565310165286064, -0.0008287057280540466, 0.0018821059493348002, -0.0003392361104488373, -0.0004433891735970974, -0.013816997408866882, 0.00012199580669403076, -0.00011955574154853821]","[0.00018565310165286064, -0.0008287057280540466, 0.0018821059493348002, -0.0003392361104488373, -0.0004433891735970974, -0.013816997408866882, 0.00012199580669403076, -0.00011955574154853821]","[0.00018565310165286064, -0.0008287057280540466, 0.0018821059493348002, -0.0003392361104488373, -0.0004433891735970974, -0.013816997408866882, 0.00012199580669403076, -0.00011955574154853821]"
196,0,"[-0.006695881951600313, -0.5453715324401855, -0.00806763581931591, 0.971474289894104, 0.0010616241488605738, 1.5187270641326904, -1.8554519414901733, 0.08728928864002228, 0.00022859364980831742, -0.0009103741613216698, 0.0020661407615989447, -0.00034857718856073916, -0.0004808661178685725, -0.015009219758212566, 0.0001070240541594103, 0.0007300200522877276, 0.0, -0.47699999809265137, 0.0, 0.8571975827217102, 0.0, 1.2771975994110107, -1.5707963705062866, 0.10000000149011612]","[0.00016692234203219414, -0.0007533933967351913, 0.001430671545676887, 5.140900611877441e-07, -0.00039615994319319725, -0.01078527420759201, 0.00036296993494033813, -0.0001806505024433136]","[0.00016692234203219414, -0.0007533933967351913, 0.001430671545676887, 5.140900611877441e-07, -0.00039615994319319725, -0.01078527420759201, 0.00036296993494033813, -0.0001806505024433136]","[0.00016692234203219414, -0.0007533933967351913, 0.001430671545676887, 5.140900611877441e-07, -0.00039615994319319725, -0.01078527420759201, 0.00036296993494033813, -0.0001806505024433136]"
197,0,"[-0.0066829221323132515, -0.5454131364822388, -0.007983115501701832, 0.9714747667312622, 0.00103777926415205, 1.5181164741516113, -1.8554340600967407, 0.08728538453578949, 0.00020186303299851716, -0.0008305038209073246, 0.0015706373378634453, 2.1586416551144794e-05, -0.0004302545276004821, -0.011716729961335659, 0.0003725710266735405, 0.0005999021814204752, 0.0, -0.47699999809265137, 0.0, 0.8571975827217102, 0.0, 1.2771975994110107, -1.5707963705062866, 0.10000000149011612]","[0.00014537712559103966, -0.0006596650928258896, 0.0010850838152691722, 0.00019110366702079773, -0.00034487759694457054, -0.008417099714279175, 0.00048325955867767334, -0.00019660964608192444]","[0.00014537712559103966, -0.0006596650928258896, 0.0010850838152691722, 0.00019110366702079773, -0.00034487759694457054, -0.008417099714279175, 0.00048325955867767334, -0.00019660964608192444]","[0.00014537712559103966, -0.0006596650928258896, 0.0010850838152691722, 0.00019110366702079773, -0.00034487759694457054, -0.008417099714279175, 0.00048325955867767334, -0.00019660964608192444]"
198,0,"[-0.006671982817351818, -0.5454502105712891, -0.007918976247310638, 0.9714884757995605, 0.0010170625755563378, 1.5176399946212769, -1.8554072380065918, 0.08728083968162537, 0.00017344865773338825, -0.0007306868792511523, 0.0011912953341379762, 0.00022461279877461493, -0.00037464540218934417, -0.009144105017185211, 0.0005067532183602452, 0.00047405820805579424, 0.0, -0.47699999809265137, 0.0, 0.8571975827217102, 0.0, 1.2771975994110107, -1.5707963705062866, 0.10000000149011612]","[0.00012238090857863426, -0.0005652438849210739, 0.0008197537390515208, 0.00027027353644371033, -0.00029475754126906395, -0.00656658411026001, 0.0005032569169998169, -0.00019839778542518616]","[0.00012238090857863426, -0.0005652438849210739, 0.0008197537390515208, 0.00027027353644371033, -0.00029475754126906395, -0.00656658411026001, 0.0005032569169998169, -0.00019839778542518616]","[0.00012238090857863426, -0.0005652438849210739, 0.0008197537390515208, 0.00027027353644371033, -0.00029475754126906395, -0.00656658411026001, 0.0005032569169998169, -0.00019839778542518616]"
199,0,"[-0.006662953179329634, -0.5454825162887573, -0.00787047203630209, 0.9715067148208618, 0.0009993691928684711, 1.517268419265747, -1.8553804159164429, 0.08727606385946274, 0.00014471357280854136, -0.0006279123481363058, 0.0009000135469250381, 0.0003083694900851697, -0.0003204608801752329, -0.0071325781755149364, 0.0005264151841402054, 0.00037967332173138857, 0.0, -0.47699999809265137, 0.0, 0.8571975827217102, 0.0, 1.2771975994110107, -1.5707963705062866, 0.10000000149011612]","[0.00010193651542067528, -0.0004763565957546234, 0.0006186364917084575, 0.00029677897691726685, -0.0002481765113770962, -0.005121447145938873, 0.00048200786113739014, -0.00018273666501045227]","[0.00010193651542067528, -0.0004763565957546234, 0.0006186364917084575, 0.00029677897691726685, -0.0002481765113770962, -0.005121447145938873, 0.00048200786113739014, -0.00018273666501045227]","[0.00010193651542067528, -0.0004763565957546234, 0.0006186364917084575, 0.00029677897691726685, -0.0002481765113770962, -0.005121447145938873, 0.00048200786113739014, -0.00018273666501045227]"
