step_idx,obs_0,obs_1,obs_2,obs_3,obs_4,obs_5,obs_6,obs_7,obs_8,obs_9,obs_10,obs_11,obs_12,obs_13,obs_14,obs_15,obs_16,obs_17,obs_18,obs_19,obs_20,obs_21,obs_22,obs_23,obs_24,raw_action_0,raw_action_1,raw_action_2,raw_action_3,raw_action_4,raw_action_5,raw_action_6,raw_action_7,direct_joint_command_0,direct_joint_command_1,direct_joint_command_2,direct_joint_command_3,direct_joint_command_4,direct_joint_command_5,direct_joint_command_6,direct_joint_command_7
0,-1.917476083690417e-06,-0.5236013531684875,-1.917476083690417e-06,0.7853904962539673,1.917476083690417e-06,1.3089936971664429,-5.7524280236975756e-06,0.039000000804662704,-8.359818142705919e-16,-3.4892723933588115e-15,-3.091525004562632e-17,6.344131720542492e-16,-8.872645770291562e-16,-6.34413185289139e-17,1.2700654168255304e-18,-0.0,0.3525673747062683,-0.10550983995199203,-0.07094232738018036,0.30624261498451233,-0.9516535401344299,0.023895947262644768,-0.9497237205505371,-0.3071461319923401,-0.06071345508098602,-1.2407193183898926,1.84818434715271,-1.951108694076538,-1.2329187393188477,-1.3364605903625488,-1.566074013710022,-0.07003313302993774,-0.577202558517456,-0.030001915991306305,-0.0359448567032814,-0.030001915991306305,0.7553905248641968,-0.029998082667589188,1.2789937257766724,-0.0021067471243441105,116.5
1,-0.00040650489972904325,-0.5231641530990601,-0.0006020874716341496,0.7847615480422974,-0.0006116748554632068,1.3082900047302246,-4.793690095539205e-05,0.0430000014603138,-0.005779820494353771,0.006245493423193693,-0.008573857136070728,-0.008984744548797607,-0.008765604346990585,-0.010053052566945553,-0.0006026353221386671,-0.0,0.3525673747062683,-0.10550983995199203,-0.07094232738018036,0.30624261498451233,-0.9516535401344299,0.023895947262644768,-0.9497237205505371,-0.3071461319923401,-0.06071345508098602,-1.257577657699585,1.8518192768096924,-1.9506038427352905,-1.2286195755004883,-1.3470827341079712,-1.5974725484848022,-0.06518791615962982,-0.5744647979736328,-0.03040650486946106,-0.0359448567032814,-0.03060208633542061,0.7547615766525269,-0.0306116733700037,1.278290033340454,-0.002003574511036277,116.5
2,-0.01361024472862482,-0.5099891424179077,-0.013968812301754951,0.7714139819145203,-0.013224831782281399,1.2959606647491455,-0.0017736653098836541,0.10899999737739563,-0.16262935101985931,0.16221846640110016,-0.1621362864971161,-0.161807581782341,-0.1499740183353424,-0.14329023659229279,-0.020160891115665436,-0.0,0.35257434844970703,-0.10561276972293854,-0.07094825059175491,0.30826273560523987,-0.9510015845298767,0.02387467585504055,-0.9490748047828674,-0.309160441160202,-0.060636550188064575,-1.4641804695129395,1.933441162109375,-1.953413963317871,-1.0936977863311768,-1.4431520700454712,-1.949581503868103,0.009008731693029404,-0.5181964635848999,-0.04361024498939514,-0.0359448567032814,-0.0439688116312027,0.7414140105247498,-0.04322483018040657,1.265960693359375,-0.0015034029493108392,116.5
3,-0.01530529372394085,-0.5084724426269531,-0.015520050190389156,0.7700334191322327,-0.015479783527553082,1.293391227722168,-0.0018925487529486418,0.13699999451637268,-0.07469938695430756,0.07201492041349411,-0.0731654018163681,-0.06598856300115585,-0.07094661146402359,-0.0692482739686966,-0.0059715681709349155,-0.0,0.3528272807598114,-0.10565228760242462,-0.07080300897359848,0.30748289823532104,-0.951261043548584,0.023593422025442123,-0.9493375420570374,-0.308363676071167,-0.06058115139603615,-1.3292458057403564,1.8931114673614502,-1.8931834697723389,-1.1361334323883057,-1.4018913507461548,-1.7993769645690918,-0.0503513477742672,-0.5383828282356262,-0.045305293053388596,-0.0359448567032814,-0.04552004858851433,0.7400334477424622,-0.04547978192567825,1.2633912563323975,-0.003403088776394725,116.5
4,-0.02146422676742077,-0.5020086169242859,-0.02193017303943634,0.7632244825363159,-0.021972358226776123,1.286879539489746,-0.0018906312761828303,0.16599999368190765,-0.10324238240718842,0.10674862563610077,-0.10532421618700027,-0.11192581057548523,-0.11696603149175644,-0.1212940514087677,-0.000986130558885634,-0.0,0.3519161343574524,-0.10506092756986618,-0.07108781486749649,0.3073176443576813,-0.9513307809829712,0.022924479097127914,-0.9494129419326782,-0.3081550598144531,-0.06046045199036598,-1.3647220134735107,1.905130386352539,-1.8618433475494385,-1.0940003395080566,-1.430672287940979,-1.8962194919586182,-0.029883358627557755,-0.5422437191009521,-0.051464226096868515,-0.0359448567032814,-0.051930174231529236,0.7332245111465454,-0.05197235941886902,1.2568795680999756,-0.002787133678793907,116.5
5,-0.027510028332471848,-0.4962542951107025,-0.0281217023730278,0.7574931383132935,-0.027310609817504883,1.281819224357605,-0.0024792964104562998,0.19499999284744263,-0.1595613956451416,0.15753434598445892,-0.16449204087257385,-0.1607118844985962,-0.15008358657360077,-0.14534467458724976,-0.008382108993828297,-0.0,0.3532625138759613,-0.10583488643169403,-0.07053563743829727,0.306177020072937,-0.951693594455719,0.023128770291805267,-0.9497426152229309,-0.3070317208766937,-0.0609954334795475,-1.416252851486206,1.9279545545578003,-1.8802189826965332,-1.0134923458099365,-1.4506105184555054,-1.9381860494613647,-0.004994641989469528,-0.5237563848495483,-0.057510025799274445,-0.0359448567032814,-0.0581217035651207,0.727493166923523,-0.05731061100959778,1.2518192529678345,-0.002629135036841035,116.5
6,-0.032244276255369186,-0.49138006567955017,-0.03266612067818642,0.7526323199272156,-0.03268146142363548,1.2760610580444336,-0.0026518693193793297,0.2240000069141388,-0.12951180338859558,0.12838871777057648,-0.12852567434310913,-0.12704648077487946,-0.1319771260023117,-0.1350998729467392,-0.00983391236513853,-0.0,0.353482186794281,-0.10627909004688263,-0.07048596441745758,0.3053770661354065,-0.9519521594047546,0.023062868043780327,-0.9499902725219727,-0.30622968077659607,-0.06117027997970581,-1.3501702547073364,1.9114313125610352,-1.8174948692321777,-0.997763454914093,-1.433081030845642,-1.9119993448257446,-0.02041507139801979,-0.529639720916748,-0.06224427372217178,-0.0359448567032814,-0.06266611814498901,0.7226994037628174,-0.06268145889043808,1.246061086654663,-0.003264321945607662,116.5
7,-0.038015879690647125,-0.485399454832077,-0.03872917965054512,0.746544361114502,-0.03821913152933121,1.2706921100616455,-0.0026940538082271814,0.25200000405311584,-0.13208670914173126,0.13808566331863403,-0.13430549204349518,-0.14052359759807587,-0.13698996603488922,-0.13860611617565155,-0.0019174759509041905,-0.0,0.35270848870277405,-0.10580787807703018,-0.07089783251285553,0.3079422414302826,-0.9511268734931946,0.023006051778793335,-0.9491831660270691,-0.3087848722934723,-0.06085362657904625,-1.3132730722427368,1.9130754470825195,-1.7672606706619263,-0.9584665894508362,-1.4229224920272827,-1.9049403667449951,-0.019458401948213577,-0.531055748462677,-0.06801588088274002,-0.0359448567032814,-0.06872917711734772,0.7177903652191162,-0.0682191327214241,1.240692138671875,-0.0032778067979961634,116.5
8,-0.04359764978289604,-0.48031240701675415,-0.044266849756240845,0.7413403391838074,-0.043810490518808365,1.2651257514953613,-0.0029663352761417627,0.2809999883174896,-0.14444072544574738,0.13770216703414917,-0.1469060480594635,-0.14063316583633423,-0.13975660502910614,-0.13644210994243622,-0.004355409648269415,-0.0,0.3524951636791229,-0.10578563064336777,-0.07109572738409042,0.3065744936466217,-0.9515725374221802,0.022841686382889748,-0.9496497511863708,-0.30740830302238464,-0.06054309010505676,-1.3099734783172607,1.9150738716125488,-1.7509219646453857,-0.9126623868942261,-1.4087473154067993,-1.90081787109375,-0.024876993149518967,-0.5319898724555969,-0.07359764724969864,-0.0359448567032814,-0.07426685094833374,0.7139604687690735,-0.07381048798561096,1.2351257801055908,-0.0037126450333744287,116.5
9,-0.048701971769332886,-0.4747881591320038,-0.04944787174463272,0.7357585430145264,-0.04927913099527359,1.2595860958099365,-0.0031254859641194344,0.3109999895095825,-0.13104578852653503,0.13189496099948883,-0.13107317686080933,-0.13392199575901031,-0.13767477869987488,-0.13909918069839478,-0.00542371766641736,-0.0,0.3514503538608551,-0.10520797967910767,-0.07171284407377243,0.3065173923969269,-0.9516063928604126,0.022188818082213402,-0.9497048854827881,-0.30730825662612915,-0.060184720903635025,-1.2404258251190186,1.9052515029907227,-1.6671644449234009,-0.8741487860679626,-1.3769443035125732,-1.8851021528244019,-0.028441358357667923,-0.5407175421714783,-0.07870197296142578,-0.0359448567032814,-0.07944787293672562,0.7095341086387634,-0.07927913218736649,1.229586124420166,-0.003978726454079151,116.5
10,-0.05445440113544464,-0.46910473704338074,-0.055317264050245285,0.7301346063613892,-0.054885830730199814,1.2540810108184814,-0.0034073549322783947,0.33899998664855957,-0.13756521046161652,0.14167408645153046,-0.14000314474105835,-0.1418658345937729,-0.13888004422187805,-0.1376199871301651,-0.005697642918676138,-0.0,0.35043784976005554,-0.10471981018781662,-0.07210938632488251,0.3062842786312103,-0.9516786336898804,0.022309575229883194,-0.9498159885406494,-0.3070816397666931,-0.05958503112196922,-1.1992945671081543,1.908223032951355,-1.6132152080535889,-0.8178474307060242,-1.344466209411621,-1.8708385229110718,-0.02927502617239952,-0.5410339832305908,-0.08445440232753754,-0.0359448567032814,-0.08531726151704788,0.7055991888046265,-0.08488582819700241,1.224081039428711,-0.0042856051586568356,116.5
11,-0.059815663844347,-0.46387770771980286,-0.060688115656375885,0.7247637510299683,-0.06031037122011185,1.2485510110855103,-0.003710316028445959,0.36800000071525574,-0.13893483579158783,0.13463421165943146,-0.1401127129793167,-0.13614079356193542,-0.1376199871301651,-0.13827741146087646,-0.007478156127035618,-0.0,0.34926748275756836,-0.10430547595024109,-0.07282746583223343,0.3063375651836395,-0.9516826868057251,0.021385030820965767,-0.9498729109764099,-0.30707427859306335,-0.058709945529699326,-1.1649832725524902,1.9022257328033447,-1.5616859197616577,-0.7585498094558716,-1.3042837381362915,-1.861687183380127,-0.037896376103162766,-0.5487454533576965,-0.0898156613111496,-0.0359448567032814,-0.09068811684846878,0.7020072340965271,-0.09031037241220474,1.2185510396957397,-0.004847207572311163,116.5
12,-0.0651404932141304,-0.4583093523979187,-0.06612991541624069,0.719132125377655,-0.06580393761396408,1.2430747747421265,-0.004036286845803261,0.3970000147819519,-0.13230584561824799,0.13540120422840118,-0.13438767194747925,-0.13827741146087646,-0.1362229734659195,-0.13753780722618103,-0.007916436530649662,-0.0,0.34907153248786926,-0.10452835261821747,-0.07308411598205566,0.30405524373054504,-0.9524537920951843,0.01954939216375351,-0.950630247592926,-0.30468234419822693,-0.05891308933496475,-1.0894379615783691,1.893796682357788,-1.4701457023620605,-0.6816579699516296,-1.2620434761047363,-1.8430291414260864,-0.03311678394675255,-0.5450031161308289,-0.0951404944062233,-0.0359448567032814,-0.09612991660833359,0.6986823678016663,-0.09580393880605698,1.213074803352356,-0.005029790103435516,116.5
13,-0.07142214477062225,-0.4522693157196045,-0.07243073731660843,0.7131093144416809,-0.07198396325111389,1.236883282661438,-0.0045003159902989864,0.4269999861717224,-0.13794870674610138,0.13597643375396729,-0.13945528864860535,-0.13608601689338684,-0.1375925987958908,-0.13753780722618103,-0.009587380103766918,-0.0,0.34947431087493896,-0.10467401891946793,-0.07291155308485031,0.30459386110305786,-0.9522648453712463,0.020352056249976158,-0.9504133462905884,-0.3052704334259033,-0.05936651676893234,-1.0398540496826172,1.8872385025024414,-1.3997470140457153,-0.5634592175483704,-1.209896445274353,-1.8314660787582397,-0.030567284673452377,-0.5419993996620178,-0.10142214596271515,-0.0359448567032814,-0.10243073850870132,0.6962055563926697,-0.10198396444320679,1.2068833112716675,-0.00541733531281352,116.5
14,-0.07650729268789291,-0.4470211863517761,-0.07761942595243454,0.7078074812889099,-0.07725319266319275,1.2316676378250122,-0.004791772458702326,0.45500001311302185,-0.13219627737998962,0.13192234933376312,-0.1339767873287201,-0.13249759376049042,-0.1337028592824936,-0.13351111114025116,-0.008628642186522484,-0.0,0.3488519489765167,-0.10432320088148117,-0.07316667586565018,0.30622437596321106,-0.9517386555671692,0.020496370270848274,-0.9499456882476807,-0.30690544843673706,-0.058413997292518616,-0.9694150686264038,1.8757950067520142,-1.3090918064117432,-0.4749052822589874,-1.153450608253479,-1.807077169418335,-0.03428729996085167,-0.5398130416870117,-0.10558974742889404,-0.0359448567032814,-0.10761942714452744,0.6935603022575378,-0.10725319385528564,1.2016676664352417,-0.005820390302687883,116.5
15,-0.08195675909519196,-0.44158321619033813,-0.08311299979686737,0.7022966742515564,-0.08282920718193054,1.2260686159133911,-0.005111990962177515,0.48399999737739563,-0.13159364461898804,0.13408635556697845,-0.13373024761676788,-0.13559293746948242,-0.13605861365795135,-0.1356751173734665,-0.007642511278390884,-0.0,0.34951817989349365,-0.1044607013463974,-0.07281728088855743,0.3062622547149658,-0.9517254829406738,0.020543763414025307,-0.9498894214630127,-0.306947261095047,-0.059105370193719864,-0.904832124710083,1.8638554811477661,-1.2197195291519165,-0.36381521821022034,-1.1096757650375366,-1.7935807704925537,-0.027526389807462692,-0.5333852767944336,-0.10910172015428543,-0.0359448567032814,-0.10966227203607559,0.6913822293281555,-0.10966227203607559,1.1960686445236206,-0.005937781650573015,116.5
16,-0.08752894401550293,-0.436014860868454,-0.08878488838672638,0.6975432634353638,-0.08830168843269348,1.2205750942230225,-0.005453301593661308,0.5130000114440918,-0.13882526755332947,0.13808566331863403,-0.14055098593235016,-0.1269369125366211,-0.1381952315568924,-0.13879786431789398,-0.008491679094731808,-0.0,0.3496912717819214,-0.10462788492441177,-0.07272655516862869,0.30504313111305237,-0.9521303176879883,0.01991218887269497,-0.950273334980011,-0.30569133162498474,-0.059441983699798584,-0.8779430389404297,1.8532507419586182,-1.1631486415863037,-0.22755315899848938,-1.0575377941131592,-1.7778031826019287,-0.028519969433546066,-0.5308077335357666,-0.10966227203607559,-0.0359448567032814,-0.10966227203607559,0.6907166838645935,-0.10966227203607559,1.190575122833252,-0.006308902055025101,116.5
17,-0.09421709924936295,-0.4292922019958496,-0.09532156586647034,0.6936603784561157,-0.09512598067522049,1.2137430906295776,-0.0057735200971364975,0.546999990940094,-0.13540120422840118,0.13627775013446808,-0.1339493989944458,-0.08803953975439072,-0.1367708295583725,-0.1365242898464203,-0.00693030608817935,-0.0,0.349220335483551,-0.10440693795681,-0.0728679969906807,0.30543842911720276,-0.9519941806793213,0.02035854384303093,-0.9501299262046814,-0.30611398816108704,-0.05955919250845909,-0.8311107754707336,1.8325388431549072,-1.0665314197540283,-0.053384676575660706,-0.9747197031974792,-1.7287153005599976,-0.04038321599364281,-0.5306491851806641,-0.10966227203607559,-0.0359448567032814,-0.10966227203607559,0.6920588612556458,-0.10966227203607559,1.1837431192398071,-0.006985016167163849,116.5
18,-0.09875384718179703,-0.42477846145629883,-0.10005197674036026,0.6921954154968262,-0.09963013231754303,1.2091526985168457,-0.006043884437531233,0.574999988079071,-0.13107317686080933,0.1311279684305191,-0.13121014833450317,-0.05642857775092125,-0.1322784572839737,-0.1337028592824936,-0.006848128512501717,-0.0,0.34919771552085876,-0.10449563711881638,-0.07290687412023544,0.3053261637687683,-0.9520465731620789,0.019576841965317726,-0.9501973390579224,-0.3059527277946472,-0.05931159481406212,-0.802268385887146,1.8195903301239014,-1.003544569015503,0.044187016785144806,-0.9230767488479614,-1.6915770769119263,-0.05786484107375145,-0.5333874225616455,-0.10966227203607559,-0.0359448567032814,-0.10966227203607559,0.6935210227966309,-0.10966227203607559,1.1791527271270752,-0.007779830601066351,116.5
19,-0.10433370620012283,-0.4189684987068176,-0.10494346171617508,0.6919768452644348,-0.10483033210039139,1.2032564878463745,-0.006542427930980921,0.6039999723434448,-0.13545598089694977,0.13833220303058624,-0.12584121525287628,-0.020297853276133537,-0.1294844150543213,-0.1404688060283661,-0.010354369878768921,-0.0,0.34782370924949646,-0.10408013314008713,-0.07380516082048416,0.30556973814964294,-0.9519879817962646,0.018600938841700554,-0.9502208232879639,-0.306135356426239,-0.05797875300049782,-0.7611568570137024,1.820988655090332,-0.919594943523407,0.11283177882432938,-0.8543336987495422,-1.6584185361862183,-0.0842067301273346,-0.5486223697662354,-0.10966227203607559,-0.0359448567032814,-0.10966227203607559,0.6953617930412292,-0.10966227203607559,1.173256516456604,-0.009068628773093224,116.5
20,-0.10775448381900787,-0.41293036937713623,-0.10798458009958267,0.6926230192184448,-0.10779283195734024,1.1971780061721802,-0.00731900567188859,0.6330000162124634,-0.09833912551403046,0.13863351941108704,-0.08486200869083405,0.009094314649701118,-0.0877930074930191,-0.14003053307533264,-0.015805481001734734,-0.0,0.3503028154373169,-0.10481524467468262,-0.07237215340137482,0.3053053915500641,-0.9520384669303894,0.02028128132224083,-0.9502092003822327,-0.30597570538520813,-0.05900285765528679,-0.5872273445129395,1.810781717300415,-0.7356647849082947,0.18368248641490936,-0.7818215489387512,-1.6189314126968384,-0.1039479672908783,-0.5395443439483643,-0.10966227203607559,-0.0359448567032814,-0.10966227203607559,0.6981334686279297,-0.10966227203607559,1.1671780347824097,-0.01043744571506977,116.5
21,-0.10877074301242828,-0.40747132897377014,-0.1088436096906662,0.6941761374473572,-0.10881676524877548,1.1915981769561768,-0.008316093124449253,0.6620000004768372,-0.04226664826273918,0.1347711682319641,-0.03621290251612663,0.02980305440723896,-0.038596052676439285,-0.13712692260742188,-0.022105759009718895,-0.0,0.3496880829334259,-0.10459548979997635,-0.0725894570350647,0.3060828447341919,-0.9517894387245178,0.020251629874110222,-0.9499242901802063,-0.30675041675567627,-0.05956505239009857,-0.41383427381515503,1.7890548706054688,-0.5697770714759827,0.1888750195503235,-0.700965940952301,-1.5733026266098022,-0.1318664252758026,-0.5272330045700073,-0.10966227203607559,-0.0359448567032814,-0.10966227203607559,0.6998423933982849,-0.10966227203607559,1.1615982055664062,-0.012272086925804615,116.5
22,-0.10926736891269684,-0.4020026624202728,-0.10927312076091766,0.6961722373962402,-0.10927503556013107,1.1860988140106201,-0.009445486590266228,0.6909999847412109,-0.01643550768494606,0.136496901512146,-0.013942789286375046,0.04640292003750801,-0.01629854552447796,-0.13868829607963562,-0.027036411687731743,-0.0,0.3495637774467468,-0.10458246618509293,-0.07272745668888092,0.3068948984146118,-0.9515410661697388,0.019624728709459305,-0.9496938586235046,-0.30752140283584595,-0.05926385149359703,-0.3402661681175232,1.7770189046859741,-0.49610111117362976,0.20359021425247192,-0.6658960580825806,-1.5475094318389893,-0.1535022109746933,-0.5216658115386963,-0.10966227203607559,-0.0359448567032814,-0.10966227203607559,0.7022799253463745,-0.10966227203607559,1.1560988426208496,-0.014050552621483803,116.5
23,-0.10947637259960175,-0.3965417146682739,-0.10943418741226196,0.6981587409973145,-0.10946295410394669,1.180572748184204,-0.011006312444806099,0.7170000076293945,-0.008108183741569519,0.1364694982767105,-0.006985091138631105,0.049826983362436295,-0.007122053764760494,-0.13778434693813324,-0.03467892110347748,-0.0,0.3511425852775574,-0.10527509450912476,-0.07165871560573578,0.30621451139450073,-0.9517378807067871,0.020680716261267662,-0.9498556852340698,-0.3069092333316803,-0.05984038859605789,-0.3138754367828369,1.769552230834961,-0.46720826625823975,0.22398850321769714,-0.6635721325874329,-1.537962555885315,-0.16477526724338531,-0.5147337317466736,-0.10966227203607559,-0.0359448567032814,-0.10966227203607559,0.7048783898353577,-0.10966227203607559,1.1505727767944336,-0.015949569642543793,116.5
24,-0.10953006148338318,-0.39105579257011414,-0.10949362814426422,0.7003446817398071,-0.109535813331604,1.175067663192749,-0.012638084590435028,0.7260000109672546,-0.0024927188642323017,0.13685299456119537,-0.002136616036295891,0.05248405784368515,-0.002739251358434558,-0.1378939151763916,-0.03993828594684601,-0.0,0.351411372423172,-0.10539530962705612,-0.07149253785610199,0.3067304790019989,-0.9515743851661682,0.020557695999741554,-0.9496874809265137,-0.30741646885871887,-0.05990675091743469,-0.2979167103767395,1.7654626369476318,-0.4485369622707367,0.21839776635169983,-0.6519697904586792,-1.528338074684143,-0.17264115810394287,-0.5105158686637878,-0.10966227203607559,-0.0359448567032814,-0.10966227203607559,0.7068966031074524,-0.10966227203607559,1.1450676918029785,-0.017817318439483643,116.5
25,-0.10958567261695862,-0.3856504261493683,-0.10956458002328873,0.7027300000190735,-0.10958950221538544,1.1695568561553955,-0.014432841911911964,0.7250000238418579,-0.001369625679217279,0.13611340522766113,-0.0017531209159642458,0.05779820308089256,-0.0015065883053466678,-0.13775695860385895,-0.043773237615823746,-0.0,0.35047686100006104,-0.1050042137503624,-0.0721188485622406,0.30763331055641174,-0.9512792825698853,0.020724602043628693,-0.9494327902793884,-0.30832719802856445,-0.059259310364723206,-0.2999756932258606,1.7643957138061523,-0.446911484003067,0.19300857186317444,-0.6255245208740234,-1.512910008430481,-0.1840355396270752,-0.5116865038871765,-0.10966227203607559,-0.0359448567032814,-0.10966227203607559,0.708520233631134,-0.10966227203607559,1.139556884765625,-0.019953908398747444,116.5
26,-0.1096048429608345,-0.38017797470092773,-0.10959142446517944,0.7049907445907593,-0.10961634665727615,1.1640344858169556,-0.016265949234366417,0.7260000109672546,-0.0007943828823044896,0.13605861365795135,-0.0010409154929220676,0.058126915246248245,-0.0009039529832080007,-0.13794870674610138,-0.044704582542181015,-0.0,0.35221272706985474,-0.10537325590848923,-0.07123935967683792,0.30528801679611206,-0.9520271420478821,0.02106083184480667,-0.950098991394043,-0.30600985884666443,-0.06057923287153244,-0.29187679290771484,1.7641264200210571,-0.43596285581588745,0.20188188552856445,-0.6294423341751099,-1.5131210088729858,-0.1846415251493454,-0.5055484175682068,-0.10966227203607559,-0.0359448567032814,-0.10966227203607559,0.7110471725463867,-0.10966227203607559,1.134034514427185,-0.02180519513785839,116.5
27,-0.10963743925094604,-0.3747246563434601,-0.10964127629995346,0.706940770149231,-0.10963360965251923,1.1585428714752197,-0.01822560839354992,0.7260000109672546,-0.0006574203143827617,0.13668864965438843,-0.0010135229676961899,0.05155271291732788,-0.0005204577464610338,-0.13742823898792267,-0.047662973403930664,-0.0,0.35113170742988586,-0.10496494174003601,-0.07179093360900879,0.30649977922439575,-0.9516317844390869,0.021326178684830666,-0.9497573375701904,-0.30723464488983154,-0.059731606394052505,-0.28927040100097656,1.7613588571548462,-0.42798057198524475,0.16563217341899872,-0.6059783697128296,-1.4990260601043701,-0.19157880544662476,-0.5027652978897095,-0.10966227203607559,-0.0359448567032814,-0.10966227203607559,0.7119097113609314,-0.10966227203607559,1.1285429000854492,-0.023972973227500916,116.5
28,-0.10964319109916687,-0.3692866861820221,-0.10964511334896088,0.7090883851051331,-0.10963936150074005,1.1530396938323975,-0.020183352753520012,0.7250000238418579,-0.00043828022899106145,0.1359216570854187,-0.0005478502716869116,0.05155271291732788,-0.0002465326397214085,-0.13737346231937408,-0.04903259873390198,-0.0,0.3515128493309021,-0.10517438501119614,-0.07152219116687775,0.3068784475326538,-0.9515154361724854,0.021069485694169998,-0.9495980143547058,-0.3075973689556122,-0.06039441376924515,-0.28881561756134033,1.7598645687103271,-0.42270833253860474,0.15562127530574799,-0.5988664627075195,-1.4911830425262451,-0.19441965222358704,-0.49967730045318604,-0.10966227203607559,-0.0359448567032814,-0.10966227203607559,0.7137570381164551,-0.10966227203607559,1.123039722442627,-0.02601594105362892,116.5
29,-0.10964319109916687,-0.3638679087162018,-0.10964511334896088,0.7107143998146057,-0.10964127629995346,1.1475077867507935,-0.02221779339015484,0.7260000109672546,-2.739251431194134e-05,0.13551077246665955,-7.930164816114238e-18,0.04637552797794342,-5.478502862388268e-05,-0.13808566331863403,-0.05015569180250168,-0.0,0.35228314995765686,-0.10558784008026123,-0.07104898244142532,0.3068251609802246,-0.951517641544342,0.021736200898885727,-0.9495836496353149,-0.30758747458457947,-0.060669366270303726,-0.28500688076019287,1.7573904991149902,-0.41295126080513,0.14999638497829437,-0.6006567478179932,-1.4887477159500122,-0.19327351450920105,-0.4937998652458191,-0.10966227203607559,-0.0359448567032814,-0.10966227203607559,0.7152143120765686,-0.10966227203607559,1.117507815361023,-0.028015999123454094,116.5
30,-0.10964319109916687,-0.35835325717926025,-0.10964511334896088,0.712242603302002,-0.10964127629995346,1.1419930458068848,-0.02424648404121399,0.7260000109672546,-9.040387940001068e-16,0.136743426322937,-7.930164816114238e-18,0.038459088653326035,-2.739251431194134e-05,-0.1381404548883438,-0.050758328288793564,-0.0,0.34997618198394775,-0.10479790717363358,-0.07243140786886215,0.30691176652908325,-0.9515244960784912,0.020156582817435265,-0.9496861100196838,-0.3075713515281677,-0.05912833288311958,-0.2885950207710266,1.752685308456421,-0.4050157070159912,0.09925374388694763,-0.5673363208770752,-1.4595288038253784,-0.20255152881145477,-0.4936319589614868,-0.10966227203607559,-0.0359448567032814,-0.10966227203607559,0.7152202129364014,-0.10966227203607559,1.1119930744171143,-0.030323030427098274,116.5
31,-0.10964319109916687,-0.35293829441070557,-0.10964511334896088,0.7138206958770752,-0.10964127629995346,1.1364688873291016,-0.026336532086133957,0.7260000109672546,-9.040387940001068e-16,0.1365242898464203,-7.930164816114238e-18,0.03917129337787628,-8.168069471084451e-16,-0.1381952315568924,-0.05160749703645706,-0.0,0.3518539369106293,-0.10526373237371445,-0.07139725983142853,0.30604246258735657,-0.9517799615859985,0.02128058299422264,-0.9498540759086609,-0.3067767918109894,-0.060541339218616486,-0.2821963429450989,1.7526297569274902,-0.39517661929130554,0.11515539884567261,-0.5761656165122986,-1.4611023664474487,-0.20115959644317627,-0.4868364930152893,-0.10966227203607559,-0.0359448567032814,-0.10966227203607559,0.7172753810882568,-0.10966227203607559,1.106468915939331,-0.03237131983041763,116.5
32,-0.10964319109916687,-0.34749457240104675,-0.10964511334896088,0.7146816253662109,-0.10964319109916687,1.1309484243392944,-0.02845534309744835,0.7250000238418579,-9.040387940001068e-16,0.13578468561172485,-7.930164816114238e-18,0.02889910154044628,-2.739251431194134e-05,-0.13797609508037567,-0.052812766283750534,-0.0,0.3522604703903198,-0.10536365956068039,-0.07116645574569702,0.3060495853424072,-0.9517689943313599,0.021666541695594788,-0.9498333930969238,-0.30680903792381287,-0.06070203706622124,-0.2767398953437805,1.7483935356140137,-0.38242629170417786,0.10154758393764496,-0.5736995935440063,-1.453809380531311,-0.19976986944675446,-0.4798535704612732,-0.10966227203607559,-0.0359448567032814,-0.10966227203607559,0.7177280783653259,-0.10966227203607559,1.100948452949524,-0.03444843739271164,116.5
33,-0.10964319109916687,-0.3419319987297058,-0.10964511334896088,0.7159126400947571,-0.10964319109916687,1.1254395246505737,-0.030520465224981308,0.7260000109672546,-9.040387940001068e-16,0.13805827498435974,-7.930164816114238e-18,0.026022888720035553,-2.739251431194134e-05,-0.13770216703414917,-0.052073169499635696,-0.0,0.3522631824016571,-0.105389803647995,-0.07116647809743881,0.30512362718582153,-0.9520699381828308,0.02150314301252365,-0.9501408338546753,-0.3058742582798004,-0.06060832738876343,-0.2755100131034851,1.7462499141693115,-0.37195485830307007,0.09404200315475464,-0.5671370029449463,-1.4363006353378296,-0.20181110501289368,-0.47499072551727295,-0.10966227203607559,-0.0359448567032814,-0.10966227203607559,0.7187339067459106,-0.10966227203607559,1.0954395532608032,-0.036574795842170715,116.5
34,-0.10964319109916687,-0.3365841507911682,-0.10964511334896088,0.7169001698493958,-0.10964319109916687,1.119915246963501,-0.032656531780958176,0.7250000238418579,-9.040387940001068e-16,0.13614079356193542,-7.930164816114238e-18,0.02788557857275009,-8.168069471084451e-16,-0.1378939151763916,-0.05275798216462135,-0.0,0.3519722819328308,-0.10532476752996445,-0.07127014547586441,0.30654045939445496,-0.951606273651123,0.02187424711883068,-0.9496927261352539,-0.3073115348815918,-0.06036007031798363,-0.2809377908706665,1.7427496910095215,-0.3676062226295471,0.08359676599502563,-0.5557562112808228,-1.4175907373428345,-0.20669469237327576,-0.4745899438858032,-0.10966227203607559,-0.0359448567032814,-0.10966227203607559,0.7194080948829651,-0.10966227203607559,1.0899152755737305,-0.03885737061500549,116.5
35,-0.10964319109916687,-0.3310905694961548,-0.10964511334896088,0.7178167104721069,-0.10964319109916687,1.11444091796875,-0.034744665026664734,0.7260000109672546,-9.040387940001068e-16,0.13556554913520813,-7.930164816114238e-18,0.023174066096544266,-8.168069471084451e-16,-0.13723649084568024,-0.051826637238264084,-0.0,0.35294362902641296,-0.10579673200845718,-0.0706947073340416,0.3062208294868469,-0.9516991376876831,0.02230600267648697,-0.949739396572113,-0.30702218413352966,-0.06109364330768585,-0.27969473600387573,1.7388445138931274,-0.3574013411998749,0.0874883234500885,-0.5630112886428833,-1.4085389375686646,-0.2038327157497406,-0.4683786630630493,-0.10966227203607559,-0.0359448567032814,-0.10966227203607559,0.7204413414001465,-0.10966227203607559,1.0844409465789795,-0.0408596470952034,116.5
36,-0.10964319109916687,-0.32566794753074646,-0.10964511334896088,0.7187256217002869,-0.10964319109916687,1.10891854763031,-0.03692866861820221,0.7250000238418579,-9.040387940001068e-16,0.1364694982767105,-7.930164816114238e-18,0.02276317961513996,-8.168069471084451e-16,-0.13740085065364838,-0.05344279482960701,-0.0,0.3514483869075775,-0.10521869361400604,-0.07158949971199036,0.3076627254486084,-0.9512495398521423,0.021632228046655655,-0.9493391513824463,-0.30841588973999023,-0.0602894201874733,-0.28530389070510864,1.7343162298202515,-0.3503630459308624,0.05910798907279968,-0.535076379776001,-1.373918890953064,-0.21303722262382507,-0.4679989814758301,-0.10966227203607559,-0.0359448567032814,-0.10966227203607559,0.7204988598823547,-0.10966227203607559,1.0789185762405396,-0.043319784104824066,116.5
37,-0.10964319109916687,-0.32020506262779236,-0.10964511334896088,0.7196517586708069,-0.10964319109916687,1.1033885478973389,-0.03909733518958092,0.7250000238418579,-9.040387940001068e-16,0.1359216570854187,-7.930164816114238e-18,0.023119281977415085,-8.168069471084451e-16,-0.13825002312660217,-0.0545932799577713,-0.0,0.3526601493358612,-0.10557927191257477,-0.0708828940987587,0.30610302090644836,-0.9517301321029663,0.022598564624786377,-0.9497793316841125,-0.3069233000278473,-0.060969311743974686,-0.28330761194229126,1.7326903343200684,-0.3417748510837555,0.07028533518314362,-0.5410779714584351,-1.371363639831543,-0.21239712834358215,-0.46307307481765747,-0.10966227203607559,-0.0359448567032814,-0.10966227203607559,0.7217603325843811,-0.10966227203607559,1.0733885765075684,-0.0454692468047142,116.5
38,-0.10964319109916687,-0.31407490372657776,-0.10964511334896088,0.7202749252319336,-0.10964319109916687,1.097185492515564,-0.04161689803004265,0.7260000109672546,-9.040387940001068e-16,0.13635993003845215,-7.930164816114238e-18,0.016955966129899025,-8.168069471084451e-16,-0.13805827498435974,-0.05533287674188614,-0.0,0.35214489698410034,-0.10533570498228073,-0.07124143093824387,0.3067125976085663,-0.9515562057495117,0.021636962890625,-0.9496434926986694,-0.307468056678772,-0.06033778190612793,-0.2846828103065491,1.7258639335632324,-0.32867783308029175,0.05157238245010376,-0.5265415906906128,-1.3416675329208374,-0.21625301241874695,-0.4585045576095581,-0.10966227203607559,-0.0359448567032814,-0.10966227203607559,0.7218220829963684,-0.10966227203607559,1.0671855211257935,-0.04810448735952377,116.5
39,-0.10964319109916687,-0.309242844581604,-0.10964511334896088,0.7209364771842957,-0.10964319109916687,1.0923247337341309,-0.043580394238233566,0.7260000109672546,-9.040387940001068e-16,0.13723649084568024,-7.930164816114238e-18,0.016106797382235527,-8.168069471084451e-16,-0.1384417712688446,-0.05618204548954964,-0.0,0.35151466727256775,-0.10515877604484558,-0.07159296423196793,0.30616244673728943,-0.9517410397529602,0.021297266706824303,-0.9498470425605774,-0.30689674615859985,-0.060041643679142,-0.28929466009140015,1.7216049432754517,-0.3218346834182739,0.03809191286563873,-0.5122272968292236,-1.3158574104309082,-0.22093114256858826,-0.456557959318161,-0.10966227203607559,-0.0359448567032814,-0.10966227203607559,0.7220792174339294,-0.10966227203607559,1.0623247623443604,-0.050208330154418945,116.5
40,-0.10964319109916687,-0.3035287857055664,-0.10964511334896088,0.7214484214782715,-0.10964319109916687,1.0865147113800049,-0.04599257931113243,0.7250000238418579,-9.040387940001068e-16,0.1409892737865448,-7.930164816114238e-18,0.015531555749475956,-8.168069471084451e-16,-0.14257803559303284,-0.05851041153073311,-0.0,0.35080620646476746,-0.10502000898122787,-0.07195659726858139,0.3065692186355591,-0.9516132473945618,0.021155264228582382,-0.9497304558753967,-0.3072933256626129,-0.05985639989376068,-0.2903108596801758,1.720761775970459,-0.31204554438591003,0.028004346415400505,-0.4986650347709656,-1.3006823062896729,-0.22463473677635193,-0.45303648710250854,-0.10966227203607559,-0.0359448567032814,-0.10966227203607559,0.7222885489463806,-0.10966227203607559,1.0565147399902344,-0.05273162201046944,116.5
41,-0.10964319109916687,-0.29814067482948303,-0.10964511334896088,0.7216976881027222,-0.10964319109916687,1.0811132192611694,-0.04831080883741379,0.7260000109672546,-9.040387940001068e-16,0.1384417712688446,-7.930164816114238e-18,0.008601249195635319,-8.168069471084451e-16,-0.13951008021831512,-0.059058260172605515,-0.0,0.35242581367492676,-0.1056147888302803,-0.0709441751241684,0.30771374702453613,-0.9512214660644531,0.022135421633720398,-0.9493074417114258,-0.3084992468357086,-0.060362476855516434,-0.28767770528793335,1.7131125926971436,-0.2999461591243744,0.03950326144695282,-0.5131220817565918,-1.289747714996338,-0.21932324767112732,-0.44489622116088867,-0.10966227203607559,-0.0359448567032814,-0.10966227203607559,0.7228828072547913,-0.10966227203607559,1.051113247871399,-0.054890505969524384,116.5
42,-0.10964319109916687,-0.2920239269733429,-0.10964511334896088,0.7220984697341919,-0.10964319109916687,1.074889063835144,-0.050972264260053635,0.7250000238418579,-9.040387940001068e-16,0.1350998729467392,-7.930164816114238e-18,0.007669903803616762,-8.168069471084451e-16,-0.1367708295583725,-0.05856519564986229,-0.0,0.35201627016067505,-0.10542255640029907,-0.07127149403095245,0.30714818835258484,-0.9514031410217285,0.02218286693096161,-0.9494748115539551,-0.30793842673301697,-0.06059270724654198,-0.29794609546661377,1.7022755146026611,-0.2927006781101227,0.02557472698390484,-0.4984392821788788,-1.24613618850708,-0.22446435689926147,-0.4438048005104065,-0.10966227203607559,-0.0359448567032814,-0.10966227203607559,0.7228657007217407,-0.10966227203607559,1.0448890924453735,-0.05770619213581085,116.5
43,-0.10964319109916687,-0.28682756423950195,-0.10964511334896088,0.7224224805831909,-0.10964319109916687,1.0696792602539062,-0.053173527121543884,0.7260000109672546,-9.040387940001068e-16,0.13263455033302307,-7.930164816114238e-18,0.008765604346990585,-8.168069471084451e-16,-0.13362067937850952,-0.05672989785671234,-0.0,0.35205939412117004,-0.10537756234407425,-0.07121434807777405,0.30744197964668274,-0.9513105154037476,0.02208392694592476,-0.9494170546531677,-0.3082239031791687,-0.06004350259900093,-0.3059031367301941,1.6932566165924072,-0.28568264842033386,0.02338474802672863,-0.49192988872528076,-1.2089122533798218,-0.22815585136413574,-0.4429580569267273,-0.10966227203607559,-0.0359448567032814,-0.10966227203607559,0.7231240272521973,-0.10966227203607559,1.0396792888641357,-0.060018204152584076,116.5
44,-0.10964319109916687,-0.2813493311405182,-0.10964511334896088,0.7227235436439514,-0.10964319109916687,1.0640515089035034,-0.05556461960077286,0.7250000238418579,-9.040387940001068e-16,0.13351111114025116,-7.930164816114238e-18,0.007615118753165007,-8.168069471084451e-16,-0.1359216570854187,-0.05752427875995636,-0.0,0.351124107837677,-0.10504557192325592,-0.07186681777238846,0.30742162466049194,-0.9513313174247742,0.021463198587298393,-0.9494247436523438,-0.3081643283367157,-0.06022787466645241,-0.3115989565849304,1.6874850988388062,-0.2773355543613434,0.006944684311747551,-0.4741867780685425,-1.1803425550460815,-0.23297813534736633,-0.44143450260162354,-0.10966227203607559,-0.0359448567032814,-0.10966227203607559,0.7229318618774414,-0.10966227203607559,1.034051537513733,-0.06255396455526352,116.5
45,-0.10964319109916687,-0.2758404314517975,-0.10964511334896088,0.7228519916534424,-0.10964319109916687,1.0586020946502686,-0.05801131948828697,0.7250000238418579,-9.040387940001068e-16,0.1376199871301651,-7.930164816114238e-18,0.0051771849393844604,-8.168069471084451e-16,-0.13852393627166748,-0.06075659766793251,-0.0,0.3524951934814453,-0.10557273030281067,-0.0709722712635994,0.30705028772354126,-0.951422393321991,0.02270602621138096,-0.9494820237159729,-0.3078751266002655,-0.060800906270742416,-0.3031243085861206,1.6881968975067139,-0.26422062516212463,0.028333915397524834,-0.488453209400177,-1.189664363861084,-0.22838625311851501,-0.4325755834579468,-0.10966227203607559,-0.0359448567032814,-0.10966227203607559,0.7237020134925842,-0.10966227203607559,1.028602123260498,-0.06486290693283081,116.5
46,-0.10964319109916687,-0.27043890953063965,-0.10964511334896088,0.7229785919189453,-0.10964319109916687,1.0530662536621094,-0.06045034900307655,0.7250000238418579,-9.040387940001068e-16,0.1359216570854187,-7.930164816114238e-18,0.00295839156024158,-8.168069471084451e-16,-0.1373186707496643,-0.061249662190675735,-0.0,0.35190048813819885,-0.1053791493177414,-0.07133923470973969,0.30738383531570435,-0.9513221383094788,0.022391965612769127,-0.9494194984436035,-0.30818602442741394,-0.060199178755283356,-0.31173276901245117,1.6777050495147705,-0.2566538155078888,0.013956217095255852,-0.4749261140823364,-1.1512348651885986,-0.2321026623249054,-0.4311075508594513,-0.10966227203607559,-0.0359448567032814,-0.10966227203607559,0.7233972549438477,-0.10966227203607559,1.0230662822723389,-0.06741342693567276,116.5
47,-0.10964319109916687,-0.2649606764316559,-0.10964511334896088,0.723279595375061,-0.10964319109916687,1.0475784540176392,-0.06284718960523605,0.7250000238418579,-9.040387940001068e-16,0.135949045419693,-7.930164816114238e-18,0.005889390595257282,-8.168069471084451e-16,-0.13783912360668182,-0.060153961181640625,-0.0,0.35324177145957947,-0.10581494122743607,-0.07047087699174881,0.30789268016815186,-0.9511440992355347,0.022955168038606644,-0.9491847157478333,-0.30873286724090576,-0.06109343841671944,-0.3107765316963196,1.6751148700714111,-0.24817419052124023,0.03685551881790161,-0.4886607527732849,-1.148837685585022,-0.22962966561317444,-0.4276331961154938,-0.10966227203607559,-0.0359448567032814,-0.10966227203607559,0.7243852615356445,-0.10966227203607559,1.0175784826278687,-0.06973607838153839,116.5
48,-0.10964319109916687,-0.2595188617706299,-0.10964511334896088,0.7234426140785217,-0.10964319109916687,1.042054295539856,-0.06532265245914459,0.7260000109672546,-9.040387940001068e-16,0.13668864965438843,-7.930164816114238e-18,0.005560680292546749,-8.168069471084451e-16,-0.13772955536842346,-0.061249662190675735,-0.0,0.3520629405975342,-0.10540492087602615,-0.07124466449022293,0.30718809366226196,-0.9513880610466003,0.022275617346167564,-0.9494425654411316,-0.3079848885536194,-0.06086156517267227,-0.31989651918411255,1.665536642074585,-0.2410215437412262,0.018478332087397575,-0.46767812967300415,-1.1054035425186157,-0.23612737655639648,-0.4270012676715851,-0.10966227203607559,-0.0359448567032814,-0.10966227203607559,0.7239969372749329,-0.10966227203607559,1.0120543241500854,-0.07240647077560425,116.5
49,-0.10964319109916687,-0.2540099620819092,-0.10964511334896088,0.7238146066665649,-0.10964319109916687,1.0365511178970337,-0.06767923384904861,0.7250000238418579,-9.040387940001068e-16,0.13696257770061493,-7.930164816114238e-18,0.007012483663856983,-8.168069471084451e-16,-0.1378665268421173,-0.060071785002946854,-0.0,0.3524150252342224,-0.10550953447818756,-0.07105859369039536,0.3071792721748352,-0.9513925909996033,0.022204337641596794,-0.9494505524635315,-0.30797135829925537,-0.06080477312207222,-0.32317471504211426,1.6597907543182373,-0.23361274600028992,0.023569492623209953,-0.467429518699646,-1.0862293243408203,-0.23642760515213013,-0.4246133267879486,-0.10966227203607559,-0.0359448567032814,-0.10966227203607559,0.7245216965675354,-0.10966227203607559,1.0065511465072632,-0.07477205991744995,116.5
50,-0.10964319109916687,-0.24858734011650085,-0.10964319109916687,0.724010169506073,-0.10964319109916687,1.0310325622558594,-0.0702352300286293,0.7250000238418579,-9.040387940001068e-16,0.13666124641895294,2.739251431194134e-05,0.006875521037727594,-8.168069471084451e-16,-0.13775695860385895,-0.0619070827960968,-0.0,0.35141250491142273,-0.10515289008617401,-0.07169727236032486,0.3072960376739502,-0.9513622522354126,0.021886928007006645,-0.9494656324386597,-0.3080657720565796,-0.060087576508522034,-0.33181214332580566,1.64944326877594,-0.22772216796875,0.005977241322398186,-0.4482577443122864,-1.0469499826431274,-0.241597980260849,-0.42404645681381226,-0.10966227203607559,-0.0359448567032814,-0.10966227203607559,0.7241894602775574,-0.10966227203607559,1.0010325908660889,-0.077483169734478,116.5
51,-0.10964319109916687,-0.24312061071395874,-0.10963743925094604,0.7241981029510498,-0.10964319109916687,1.0255217552185059,-0.07266850769519806,0.7260000109672546,-9.040387940001068e-16,0.13600383698940277,0.00010957005724776536,0.0045197647996246815,-8.168069471084451e-16,-0.13770216703414917,-0.062235791236162186,-0.0,0.351554274559021,-0.10523778200149536,-0.07157275825738907,0.3070279359817505,-0.951465904712677,0.021128341555595398,-0.9495481252670288,-0.30775031447410583,-0.06039922684431076,-0.3361330032348633,1.639517068862915,-0.2199348509311676,0.00463738851249218,-0.4480832815170288,-1.025499701499939,-0.24070730805397034,-0.42137837409973145,-0.10966227203607559,-0.0359448567032814,-0.10966227203607559,0.7243372201919556,-0.10966227203607559,0.9955217838287354,-0.07988972961902618,116.5
52,-0.10964319109916687,-0.23768265545368195,-0.10962977260351181,0.7242594361305237,-0.10964319109916687,1.0199955701828003,-0.07525134831666946,0.7260000109672546,-9.040387940001068e-16,0.13635993003845215,0.0001917476038215682,0.0029309990350157022,-8.168069471084451e-16,-0.13783912360668182,-0.06292060762643814,-0.0,0.3523596525192261,-0.10556094348430634,-0.07106094807386398,0.3066251277923584,-0.9515795707702637,0.021848933771252632,-0.9496579766273499,-0.30739468336105347,-0.06048300862312317,-0.33709490299224854,1.6318895816802979,-0.21160629391670227,0.015475956723093987,-0.4568135142326355,-1.0151634216308594,-0.23737692832946777,-0.4170500636100769,-0.10966227203607559,-0.0359448567032814,-0.10966227203607559,0.7247236967086792,-0.10966227203607559,0.9899955987930298,-0.08237265795469284,116.5
53,-0.10964319109916687,-0.23222167789936066,-0.1096259355545044,0.7242862582206726,-0.10964319109916687,1.0144904851913452,-0.07775557041168213,0.7250000238418579,-9.040387940001068e-16,0.13600383698940277,0.0001369625679217279,0.0009313454502262175,-8.168069471084451e-16,-0.13778434693813324,-0.06355063617229462,-0.0,0.35188525915145874,-0.10538199543952942,-0.07134827226400375,0.30856892466545105,-0.9509457945823669,0.022075533866882324,-0.94902104139328,-0.3093492090702057,-0.06051579490303993,-0.3420984148979187,1.620441198348999,-0.20477953553199768,0.00575813464820385,-0.44779467582702637,-0.9868221879005432,-0.23800760507583618,-0.4149138331413269,-0.10966227203607559,-0.0359448567032814,-0.10966227203607559,0.7244589924812317,-0.10966227203607559,0.9848858118057251,-0.0848957970738411,116.5
54,-0.10963936150074005,-0.22671660780906677,-0.10962209850549698,0.7244377732276917,-0.10964319109916687,1.0089815855026245,-0.0802597925066948,0.7250000238418579,5.478502862388268e-05,0.1373186707496643,0.00010957005724776536,0.002465326339006424,-8.168069471084451e-16,-0.13767477869987488,-0.06250971555709839,-0.0,0.35209816694259644,-0.10544512420892715,-0.07119997590780258,0.30819013714790344,-0.9510799050331116,0.021583175286650658,-0.9491729140281677,-0.30893898010253906,-0.06022839993238449,-0.34532827138900757,1.6120898723602295,-0.19849130511283875,0.011990068480372429,-0.4488450586795807,-0.9663220643997192,-0.23744454979896545,-0.4127686023712158,-0.10966227203607559,-0.0359448567032814,-0.10966227203607559,0.7247974872589111,-0.10966227203607559,0.9799919128417969,-0.08738312870264053,116.5
55,-0.10963552445173264,-0.22127673029899597,-0.10962018370628357,0.7245048880577087,-0.10964319109916687,1.003461241722107,-0.08276401460170746,0.7250000238418579,0.00010957005724776536,0.13666124641895294,5.478502862388268e-05,0.0027940364088863134,-8.168069471084451e-16,-0.13794870674610138,-0.06259189546108246,-0.0,0.3515642583370209,-0.1052360087633133,-0.07156199961900711,0.3076168894767761,-0.9512683749198914,0.02145407721400261,-0.9493756890296936,-0.30835822224617004,-0.06000838056206703,-0.35238611698150635,1.5988998413085938,-0.1946200728416443,0.003616688773036003,-0.4407045841217041,-0.938107967376709,-0.23837032914161682,-0.4123532176017761,-0.10966227203607559,-0.0359448567032814,-0.10966227203607559,0.7246133685112,-0.10966227203607559,0.9753180146217346,-0.08991512656211853,116.5
56,-0.10963360965251923,-0.2157774120569229,-0.10962018370628357,0.7246065139770508,-0.10964319109916687,0.9979522824287415,-0.08526057004928589,0.7260000109672546,8.217753929784521e-05,0.1370447427034378,-7.930164816114238e-18,0.0019996536429971457,-8.168069471084451e-16,-0.1378939151763916,-0.06256449967622757,-0.0,0.3514062762260437,-0.10517985373735428,-0.07167302817106247,0.3074243664741516,-0.9513376951217651,0.021137965843081474,-0.9494487643241882,-0.3081458508968353,-0.05994287133216858,-0.3570901155471802,1.5858445167541504,-0.18951871991157532,0.0013307910412549973,-0.4385976791381836,-0.9144061803817749,-0.23741868138313293,-0.4105495810508728,-0.10966227203607559,-0.0359448567032814,-0.10966227203607559,0.7246464490890503,-0.10966227203607559,0.9705200791358948,-0.09238313138484955,116.5
57,-0.10962977260351181,-0.21036820113658905,-0.10961826890707016,0.7246333360671997,-0.10964319109916687,0.9924280643463135,-0.08773794770240784,0.7250000238418579,8.217753929784521e-05,0.13630515336990356,2.739251431194134e-05,0.0014518032548949122,-8.168069471084451e-16,-0.13797609508037567,-0.06198925897479057,-0.0,0.3514266908168793,-0.1052054688334465,-0.07165206223726273,0.3079391121864319,-0.9511603713035583,0.02162114903330803,-0.9492759704589844,-0.3086901903152466,-0.05987934023141861,-0.3619336485862732,1.5713918209075928,-0.18591973185539246,0.0006068628281354904,-0.43959105014801025,-0.895172119140625,-0.2345922887325287,-0.4086921811103821,-0.10966227203607559,-0.0359448567032814,-0.10966227203607559,0.7246515154838562,-0.10966227203607559,0.9655728936195374,-0.0947757214307785,116.5
58,-0.1096259355545044,-0.2042495459318161,-0.10961826890707016,0.7246525287628174,-0.10964319109916687,0.9862633347511292,-0.09058156609535217,0.7250000238418579,8.217753929784521e-05,0.1356751173734665,2.739251431194134e-05,0.00043828022899106145,-8.168069471084451e-16,-0.13748303055763245,-0.06278364360332489,-0.0,0.35183990001678467,-0.10535035282373428,-0.07138565927743912,0.3079437017440796,-0.9511573910713196,0.02168504148721695,-0.9492610096931458,-0.30869922041893005,-0.060068897902965546,-0.3658449053764343,1.5543047189712524,-0.1818351447582245,0.005706368014216423,-0.4455909729003906,-0.8773367404937744,-0.23040398955345154,-0.4058573544025421,-0.10966227203607559,-0.0359448567032814,-0.10966227203607559,0.7248237133026123,-0.10966227203607559,0.9599432349205017,-0.09749368578195572,116.5
59,-0.10962402075529099,-0.19907236099243164,-0.10961634665727615,0.7246544361114502,-0.10964319109916687,0.9810190796852112,-0.09283076226711273,0.7260000109672546,5.478502862388268e-05,0.1322510540485382,2.739251431194134e-05,0.00016435507859569043,-8.168069471084451e-16,-0.13345633447170258,-0.05897608399391174,-0.0,0.3525206744670868,-0.10557389259338379,-0.07095208764076233,0.3079122304916382,-0.9511488676071167,0.022490771487355232,-0.9492314457893372,-0.30872035026550293,-0.0604269839823246,-0.371539831161499,1.5333441495895386,-0.1801820695400238,0.01469176821410656,-0.4584659934043884,-0.8539143800735474,-0.22460877895355225,-0.40641459822654724,-0.10966227203607559,-0.0359448567032814,-0.10966227203607559,0.7250952124595642,-0.10966227203607559,0.9554016590118408,-0.09956902265548706,116.5
60,-0.10962209850549698,-0.19354619085788727,-0.10961634665727615,0.7247445583343506,-0.10964319109916687,0.9754238724708557,-0.09531581401824951,0.7250000238418579,5.478502862388268e-05,0.13408635556697845,2.739251431194134e-05,0.0013148406287655234,-8.168069471084451e-16,-0.13597643375396729,-0.05946914851665497,-0.0,0.3521178364753723,-0.10542552918195724,-0.07124053686857224,0.3087370693683624,-0.9508916139602661,0.022058548405766487,-0.9489842057228088,-0.3095152974128723,-0.06024327501654625,-0.3754117488861084,1.5180468559265137,-0.17874085903167725,0.010919837281107903,-0.45411643385887146,-0.8378090858459473,-0.22278454899787903,-0.4037383794784546,-0.10966227203607559,-0.0359448567032814,-0.10966227203607559,0.7250721454620361,-0.10966227203607559,0.9502896070480347,-0.10199934989213943,116.5
61,-0.10962018370628357,-0.18805454671382904,-0.10961634665727615,0.7248576879501343,-0.10964319109916687,0.9699379801750183,-0.09759760648012161,0.7260000109672546,2.739251431194134e-05,0.13800348341464996,-7.930164816114238e-18,0.0027940364088863134,-8.168069471084451e-16,-0.13852393627166748,-0.0593869723379612,-0.0,0.3509412109851837,-0.10498356819152832,-0.07195813953876495,0.30895695090293884,-0.9508363604545593,0.02134833112359047,-0.9490006566047668,-0.30968713760375977,-0.05908948928117752,-0.37993550300598145,1.5021748542785645,-0.17759308218955994,-0.0012137014418840408,-0.4409973621368408,-0.8118287920951843,-0.22361820936203003,-0.4018044173717499,-0.10966227203607559,-0.0359448567032814,-0.10966227203607559,0.7248212695121765,-0.10966227203607559,0.9455831050872803,-0.10430615395307541,116.5
62,-0.10961826890707016,-0.18267026543617249,-0.10961634665727615,0.7249804139137268,-0.10964319109916687,0.9644271731376648,-0.09997144341468811,0.7250000238418579,5.478502862388268e-05,0.13540120422840118,-7.930164816114238e-18,0.0029857840854674578,-8.168069471084451e-16,-0.13742823898792267,-0.058044739067554474,-0.0,0.35188692808151245,-0.10531868040561676,-0.07137984782457352,0.308279812335968,-0.9510464072227478,0.021778536960482597,-0.9491479992866516,-0.30904069542884827,-0.06009883061051369,-0.38432252407073975,1.4795936346054077,-0.178776353597641,0.01021253876388073,-0.4561522603034973,-0.8023531436920166,-0.21569588780403137,-0.3999573886394501,-0.10966227203607559,-0.0359448567032814,-0.10966227203607559,0.7252867817878723,-0.10966227203607559,0.9403565526008606,-0.10644231736660004,116.5
63,-0.10961634665727615,-0.17717286944389343,-0.10961634665727615,0.7249881029129028,-0.10964319109916687,0.9589220881462097,-0.10232418775558472,0.7250000238418579,2.739251431194134e-05,0.1362503618001938,-7.930164816114238e-18,0.0013970182044431567,-8.168069471084451e-16,-0.13783912360668182,-0.05927740037441254,-0.0,0.35276976227760315,-0.10564466565847397,-0.07085531949996948,0.3085216283798218,-0.950954258441925,0.02236887812614441,-0.9490338563919067,-0.30932074785232544,-0.06046004220843315,-0.3855222463607788,1.4608514308929443,-0.17700380086898804,0.023694215342402458,-0.4698445200920105,-0.7968426942825317,-0.2084713876247406,-0.39537760615348816,-0.10966227203607559,-0.0359448567032814,-0.10966227203607559,0.7256989479064941,-0.10966227203607559,0.9350168108940125,-0.10857833176851273,116.5
64,-0.10961634665727615,-0.1710810363292694,-0.10961634665727615,0.7251261472702026,-0.10964319109916687,0.9526979327201843,-0.10479197651147842,0.7250000238418579,2.739251431194134e-05,0.13630515336990356,-7.930164816114238e-18,0.001972261117771268,-8.168069471084451e-16,-0.13808566331863403,-0.056045085191726685,-0.0,0.3521709740161896,-0.10546595603227615,-0.07111279666423798,0.30904659628868103,-0.95078444480896,0.022340402007102966,-0.9488966464996338,-0.30984148383140564,-0.059945326298475266,-0.39277374744415283,1.4315683841705322,-0.18065091967582703,0.015723941847682,-0.46939802169799805,-0.7708731889724731,-0.20298705995082855,-0.394054114818573,-0.10966227203607559,-0.0359448567032814,-0.10966227203607559,0.7255978584289551,-0.10966227203607559,0.9295717477798462,-0.10966227203607559,116.5
65,-0.10961634665727615,-0.16625475883483887,-0.10961634665727615,0.7253831028938293,-0.10964319109916687,0.947823703289032,-0.10665959864854813,0.7260000109672546,-9.040387940001068e-16,0.1365242898464203,-7.930164816114238e-18,0.005588072817772627,-8.168069471084451e-16,-0.13888004422187805,-0.054100215435028076,-0.0,0.35192805528640747,-0.10536748915910721,-0.0713513195514679,0.307966023683548,-0.951140820980072,0.02209244854748249,-0.9492939710617065,-0.30874553322792053,-0.059305354952812195,-0.3989943265914917,1.408694863319397,-0.18567350506782532,0.014784244820475578,-0.47022518515586853,-0.7529148459434509,-0.19937801361083984,-0.394187867641449,-0.10966227203607559,-0.0359448567032814,-0.10966227203607559,0.725826621055603,-0.10966227203607559,0.9252362847328186,-0.10966227203607559,116.5
66,-0.10961443185806274,-0.16052725911140442,-0.10961634665727615,0.7255173325538635,-0.10964319109916687,0.9420233368873596,-0.1082223430275917,0.7260000109672546,2.739251431194134e-05,0.1409892737865448,-7.930164816114238e-18,0.0050950078293681145,-8.168069471084451e-16,-0.1426602154970169,-0.04506068676710129,-0.0,0.3520541489124298,-0.10539697855710983,-0.0712827816605568,0.3081072270870209,-0.9510859847068787,0.022480826824903488,-0.9491775631904602,-0.308913916349411,-0.06028391420841217,-0.4010215401649475,1.3861029148101807,-0.18506810069084167,0.02355813793838024,-0.48198434710502625,-0.7454339265823364,-0.1913212686777115,-0.38984668254852295,-0.10966227203607559,-0.0359448567032814,-0.10966227203607559,0.7262240648269653,-0.10966227203607559,0.9196603298187256,-0.10966227203607559,116.5
67,-0.10961443185806274,-0.15447570383548737,-0.10961634665727615,0.7256476879119873,-0.10964319109916687,0.9359948039054871,-0.10905836522579193,0.7250000238418579,-9.040387940001068e-16,0.13753780722618103,-7.930164816114238e-18,0.0027666438836604357,-8.168069471084451e-16,-0.13797609508037567,-0.024927187711000443,-0.0,0.352183997631073,-0.10544620454311371,-0.07118529826402664,0.3084501028060913,-0.950984537601471,0.022067343816161156,-0.9491288065910339,-0.30922743678092957,-0.05943828076124191,-0.40895819664001465,1.339651346206665,-0.19132870435714722,0.02529728226363659,-0.5046607851982117,-0.7139182686805725,-0.1762251853942871,-0.39113548398017883,-0.10966227203607559,-0.0359448567032814,-0.10966227203607559,0.7264066338539124,-0.10966227203607559,0.9145772457122803,-0.10966227203607559,116.5
68,-0.10961443185806274,-0.14932535588741302,-0.10961634665727615,0.7259295582771301,-0.10964319109916687,0.930717945098877,-0.10937858372926712,0.7250000238418579,-9.040387940001068e-16,0.13049793243408203,-7.930164816114238e-18,0.0053963251411914825,-8.168069471084451e-16,-0.13205930590629578,-0.011450070887804031,-0.0,0.3516917824745178,-0.10530070960521698,-0.07163828611373901,0.308675616979599,-0.9509021639823914,0.02246016263961792,-0.948971688747406,-0.3094807267189026,-0.06061641871929169,-0.42073124647140503,1.2916018962860107,-0.2051621675491333,0.0156459491699934,-0.5148458480834961,-0.675845205783844,-0.16524985432624817,-0.396776020526886,-0.10966227203607559,-0.0359448567032814,-0.10966227203607559,0.7263989448547363,-0.10966227203607559,0.910442590713501,-0.10966227203607559,116.5
69,-0.10961251705884933,-0.14382411539554596,-0.10961634665727615,0.7261865139007568,-0.10964319109916687,0.9251399636268616,-0.1095128059387207,0.7250000238418579,2.739251431194134e-05,0.13348372280597687,-7.930164816114238e-18,0.006820735987275839,-8.168069471084451e-16,-0.13627775013446808,-0.004958045203238726,-0.0,0.3515068292617798,-0.10523469001054764,-0.07165991514921188,0.30851003527641296,-0.9509820938110352,0.021322324872016907,-0.949140191078186,-0.3092396855354309,-0.059192489832639694,-0.4251677393913269,1.2661715745925903,-0.20912334322929382,0.01761200837790966,-0.5207916498184204,-0.6668095588684082,-0.15831762552261353,-0.39378541707992554,-0.10966227203607559,-0.0359448567032814,-0.10966227203607559,0.7267148494720459,-0.10966227203607559,0.9051356911659241,-0.10966227203607559,116.5
70,-0.10961251705884933,-0.13834014534950256,-0.10961634665727615,0.7262958288192749,-0.10964319109916687,0.9196598529815674,-0.10957416146993637,0.7260000109672546,2.739251431194134e-05,0.13764739036560059,-7.930164816114238e-18,0.004300624597817659,-8.168069471084451e-16,-0.1382226198911667,-0.0021914010867476463,-0.0,0.35193565487861633,-0.10537642985582352,-0.07135475426912308,0.30803921818733215,-0.9511165022850037,0.022118669003248215,-0.9492371678352356,-0.3088216185569763,-0.05981602519750595,-0.4257807731628418,1.2449549436569214,-0.20947995781898499,0.029202012345194817,-0.5319815874099731,-0.6602982878684998,-0.1507626175880432,-0.3889021873474121,-0.10966227203607559,-0.0359448567032814,-0.10966227203607559,0.7271718978881836,-0.10966227203607559,0.8998509049415588,-0.10966227203607559,116.5
71,-0.10961251705884933,-0.13289259374141693,-0.10961634665727615,0.7265220880508423,-0.10964319109916687,0.9141451716423035,-0.10960868000984192,0.7250000238418579,-9.040387940001068e-16,0.13635993003845215,-7.930164816114238e-18,0.004245839547365904,-8.168069471084451e-16,-0.1373186707496643,-0.0010957005433738232,-0.0,0.3523348569869995,-0.10550616681575775,-0.07108194380998611,0.3078424632549286,-0.9511744976043701,0.022362975403666496,-0.9492727518081665,-0.30864182114601135,-0.060178935527801514,-0.43024498224258423,1.2159197330474854,-0.21558985114097595,0.03438791632652283,-0.5407652258872986,-0.6460785865783691,-0.14221063256263733,-0.38735708594322205,-0.10966227203607559,-0.0359448567032814,-0.10966227203607559,0.7275537252426147,-0.10966227203607559,0.8947628140449524,-0.10966227203607559,116.5
72,-0.10961251705884933,-0.12740285694599152,-0.10961634665727615,0.726830780506134,-0.10964319109916687,0.90863436460495,-0.10962977260351181,0.7250000238418579,-9.040387940001068e-16,0.13696257770061493,-7.930164816114238e-18,0.007067268714308739,-8.168069471084451e-16,-0.1378665268421173,-0.0006574203143827617,-0.0,0.35262200236320496,-0.10563398152589798,-0.07108169794082642,0.3093626797199249,-0.9506576657295227,0.023338671773672104,-0.948749303817749,-0.31022217869758606,-0.0603066086769104,-0.4351189136505127,1.1915075778961182,-0.2220921516418457,0.04288873076438904,-0.5469100475311279,-0.6322079300880432,-0.13540181517601013,-0.3865761160850525,-0.10966227203607559,-0.0359448567032814,-0.10966227203607559,0.7281174659729004,-0.10966227203607559,0.8896681070327759,-0.10966227203607559,116.5
73,-0.10961251705884933,-0.12195722758769989,-0.10961634665727615,0.7272065877914429,-0.10964319109916687,0.9031139612197876,-0.10964127629995346,0.7260000109672546,-9.040387940001068e-16,0.13685299456119537,-7.930164816114238e-18,0.008738212287425995,-8.168069471084451e-16,-0.13800348341464996,-0.0003834952076431364,-0.0,0.35142987966537476,-0.10522288829088211,-0.07171852141618729,0.3088480830192566,-0.95085608959198,0.02203565277159214,-0.94898521900177,-0.30962321162223816,-0.05967026576399803,-0.44341224431991577,1.1618860960006714,-0.231094628572464,0.02642214111983776,-0.5384752154350281,-0.6023862361907959,-0.1312035471200943,-0.38713228702545166,-0.10966227203607559,-0.0359448567032814,-0.10966227203607559,0.7279992699623108,-0.10966227203607559,0.8850423693656921,-0.10966227203607559,116.5
74,-0.10961251705884933,-0.11650967597961426,-0.10961634665727615,0.7276571989059448,-0.10964319109916687,0.8975973725318909,-0.10964702814817429,0.7250000238418579,-9.040387940001068e-16,0.1362229734659195,-7.930164816114238e-18,0.010463939979672432,-8.168069471084451e-16,-0.13808566331863403,-0.0001917476038215682,-0.0,0.35166221857070923,-0.10530130565166473,-0.0715658888220787,0.30842211842536926,-0.9509981274604797,0.02187042497098446,-0.9491174817085266,-0.30918797850608826,-0.05982273444533348,-0.4488453269004822,1.1376612186431885,-0.2375648319721222,0.030604002997279167,-0.542822003364563,-0.5870261192321777,-0.12398390471935272,-0.38658851385116577,-0.10966227203607559,-0.0359448567032814,-0.10966227203607559,0.7285753488540649,-0.10966227203607559,0.879986584186554,-0.10966227203607559,116.5
75,-0.10961251705884933,-0.11109280586242676,-0.10961634665727615,0.7278892397880554,-0.10964319109916687,0.8920692801475525,-0.10964895039796829,0.7260000109672546,-9.040387940001068e-16,0.13586686551570892,-7.930164816114238e-18,0.008135576732456684,-8.168069471084451e-16,-0.1381952315568924,-8.217753929784521e-05,-0.0,0.3522432744503021,-0.10550659149885178,-0.07112681865692139,0.3087810277938843,-0.9508680105209351,0.02245531976222992,-0.9489666819572449,-0.3095844089984894,-0.06016356498003006,-0.45228111743927,1.112040400505066,-0.2413862645626068,0.03972405195236206,-0.5543789863586426,-0.5778204798698425,-0.11538118124008179,-0.3841323256492615,-0.10966227203607559,-0.0359448567032814,-0.10966227203607559,0.7290809750556946,-0.10966227203607559,0.87473464012146,-0.10966227203607559,116.5
76,-0.10961251705884933,-0.10561074316501617,-0.10961634665727615,0.7281979322433472,-0.10964319109916687,0.886550784111023,-0.1096508651971817,0.7250000238418579,-9.040387940001068e-16,0.13630515336990356,-7.930164816114238e-18,0.006656380835920572,-8.168069471084451e-16,-0.13808566331863403,-5.478502862388268e-05,-0.0,0.35150712728500366,-0.10530920326709747,-0.07167129963636398,0.3091920018196106,-0.9507402777671814,0.02220804989337921,-0.9489148855209351,-0.3099754750728607,-0.0589548759162426,-0.45945245027542114,1.0846201181411743,-0.2478276491165161,0.02938237600028515,-0.5517071485519409,-0.5510808229446411,-0.10878711938858032,-0.3822473883628845,-0.10966227203607559,-0.0359448567032814,-0.10966227203607559,0.7290794253349304,-0.10966227203607559,0.8700183629989624,-0.10966227203607559,116.5
77,-0.10961251705884933,-0.09951508790254593,-0.10961634665727615,0.7286715507507324,-0.10964319109916687,0.8803726434707642,-0.10965277999639511,0.7260000109672546,-9.040387940001068e-16,0.13614079356193542,-7.930164816114238e-18,0.009779127314686775,-8.168069471084451e-16,-0.13748303055763245,-2.739251431194134e-05,-0.0,0.3525576889514923,-0.10560426861047745,-0.07101718336343765,0.30780917406082153,-0.9511822462081909,0.02249082550406456,-0.9492658376693726,-0.3086174726486206,-0.06041165441274643,-0.46308112144470215,1.0635472536087036,-0.2535698711872101,0.051599711179733276,-0.5628817081451416,-0.5397850275039673,-0.10087078809738159,-0.38353726267814636,-0.10966227203607559,-0.0359448567032814,-0.10966227203607559,0.7302195429801941,-0.10966227203607559,0.8641790747642517,-0.10966227203607559,116.5
78,-0.10961251705884933,-0.09430913627147675,-0.10961634665727615,0.7289246320724487,-0.10964319109916687,0.8751341104507446,-0.10965277999639511,0.7260000109672546,-9.040387940001068e-16,0.13192234933376312,-7.930164816114238e-18,0.008108183741569519,-8.168069471084451e-16,-0.13331936299800873,-2.739251431194134e-05,-0.0,0.3517739772796631,-0.10535834729671478,-0.07153262197971344,0.3084102272987366,-0.9509960412979126,0.022127646952867508,-0.949114978313446,-0.3091925382614136,-0.05983947962522507,-0.4706134796142578,1.0314445495605469,-0.2612876892089844,0.03859797120094299,-0.5608283877372742,-0.5030822157859802,-0.0940733253955841,-0.385543555021286,-0.10966227203607559,-0.0359448567032814,-0.10966227203607559,0.7300825715065002,-0.10966227203607559,0.860041618347168,-0.10966227203607559,116.5
79,-0.10961251705884933,-0.08877146989107132,-0.10961634665727615,0.7295190691947937,-0.10964319109916687,0.8695811033248901,-0.10965277999639511,0.7250000238418579,-9.040387940001068e-16,0.13466159999370575,-7.930164816114238e-18,0.011148753575980663,-8.168069471084451e-16,-0.1350998729467392,0.0,-0.0,0.35259225964546204,-0.10565173625946045,-0.07093775272369385,0.30790767073631287,-0.951156735420227,0.022220637649297714,-0.949225664138794,-0.3086989223957062,-0.06062645837664604,-0.47411787509918213,1.0181771516799927,-0.26560792326927185,0.05879494547843933,-0.5678784251213074,-0.4963391423225403,-0.08726412057876587,-0.3847386837005615,-0.10966227203607559,-0.0359448567032814,-0.10966227203607559,0.7312828898429871,-0.10966227203607559,0.8546909093856812,-0.10966227203607559,116.5
80,-0.10961251705884933,-0.08337760716676712,-0.10961634665727615,0.7298661470413208,-0.10964319109916687,0.8643674850463867,-0.10965277999639511,0.7250000238418579,-9.040387940001068e-16,0.13690778613090515,-7.930164816114238e-18,0.0117513881996274,-8.168069471084451e-16,-0.1342507153749466,0.0,-0.0,0.3516887426376343,-0.10526908934116364,-0.07152833789587021,0.3077548146247864,-0.9512138366699219,0.02189098298549652,-0.9493303894996643,-0.30852341651916504,-0.0598757229745388,-0.4789215326309204,0.9966163635253906,-0.2713943123817444,0.0540899932384491,-0.5604060888290405,-0.46337902545928955,-0.08382213115692139,-0.3853724002838135,-0.10966227203607559,-0.0359448567032814,-0.10966227203607559,0.731488823890686,-0.10966227203607559,0.8504661321640015,-0.10966227203607559,116.5
81,-0.10961251705884933,-0.07720908522605896,-0.10961634665727615,0.7306178212165833,-0.10964319109916687,0.8585633039474487,-0.10965277999639511,0.7250000238418579,-9.040387940001068e-16,0.1362229734659195,-7.930164816114238e-18,0.013531901873648167,-8.168069471084451e-16,-0.12899135053157806,0.0,-0.0,0.35002249479293823,-0.10475320369005203,-0.072569839656353,0.3088253438472748,-0.9508758187294006,0.021495159715414047,-0.9490628838539124,-0.3095642328262329,-0.05873328819870949,-0.48636436462402344,0.9684356451034546,-0.281373530626297,0.038982927799224854,-0.5469750165939331,-0.40384048223495483,-0.08060440421104431,-0.39089322090148926,-0.10966227203607559,-0.0359448567032814,-0.10966227203607559,0.7317873239517212,-0.10966227203607559,0.8464480638504028,-0.10966227203607559,116.5
82,-0.10961251705884933,-0.07208175957202911,-0.10961634665727615,0.7311393618583679,-0.10964319109916687,0.854143500328064,-0.10965277999639511,0.7250000238418579,-9.040387940001068e-16,0.13214148581027985,-7.930164816114238e-18,0.015148060396313667,-8.168069471084451e-16,-0.11825348436832428,0.0,-0.0,0.3508720397949219,-0.10507936775684357,-0.07207033783197403,0.3080708384513855,-0.9511169791221619,0.021652432158589363,-0.9492728114128113,-0.3088222146034241,-0.05924498662352562,-0.4865480661392212,0.9460747241973877,-0.28885409235954285,0.0625593364238739,-0.5556444525718689,-0.36472123861312866,-0.07364094257354736,-0.3987763524055481,-0.10966227203607559,-0.0359448567032814,-0.10966227203607559,0.7330161333084106,-0.10966227203607559,0.8432018756866455,-0.10966227203607559,116.5
83,-0.10961251705884933,-0.06654024869203568,-0.10961634665727615,0.7315381765365601,-0.10964319109916687,0.8500343561172485,-0.10965277999639511,0.7250000238418579,-9.040387940001068e-16,0.13386721909046173,-7.930164816114238e-18,0.010902220383286476,-8.168069471084451e-16,-0.1052694320678711,0.0,-0.0,0.35182103514671326,-0.10534051805734634,-0.07145579159259796,0.3071844279766083,-0.9513869285583496,0.022375566884875298,-0.9495176672935486,-0.30798450112342834,-0.0596800334751606,-0.4795202612876892,0.9209645986557007,-0.29404857754707336,0.09593358635902405,-0.5650762319564819,-0.32147812843322754,-0.06756433844566345,-0.4022423326969147,-0.10966227203607559,-0.0359448567032814,-0.10966227203607559,0.7344161868095398,-0.10966227203607559,0.8403900265693665,-0.10966227203607559,116.5
84,-0.10961251705884933,-0.06104860082268715,-0.10961634665727615,0.7322438359260559,-0.10964319109916687,0.846350908279419,-0.10965277999639511,0.7250000238418579,-9.040387940001068e-16,0.13825002312660217,-7.930164816114238e-18,0.014271499589085579,-8.168069471084451e-16,-0.09617511928081512,0.0,-0.0,0.35234493017196655,-0.10553374141454697,-0.07111235707998276,0.30796146392822266,-0.9511396288871765,0.022207606583833694,-0.9492484331130981,-0.308750182390213,-0.06000642850995064,-0.47510069608688354,0.9071866273880005,-0.30235540866851807,0.13283145427703857,-0.566690981388092,-0.2808738350868225,-0.0651373565196991,-0.41002410650253296,-0.10966227203607559,-0.03383300453424454,-0.10966227203607559,0.7362287640571594,-0.10966227203607559,0.8379247188568115,-0.10966227203607559,116.5
85,-0.10961251705884933,-0.05566432699561119,-0.10961634665727615,0.7334920763969421,-0.10964319109916687,0.8431583046913147,-0.10965277999639511,0.7260000109672546,-9.040387940001068e-16,0.13526423275470734,-7.930164816114238e-18,0.025940710678696632,-8.168069471084451e-16,-0.08464286476373672,0.0,-0.0,0.35158148407936096,-0.10528722405433655,-0.07165214419364929,0.3084554970264435,-0.9509930610656738,0.02161812037229538,-0.9491243958473206,-0.3092048168182373,-0.059626247733831406,-0.47519123554229736,0.8937424421310425,-0.31641051173210144,0.15289762616157532,-0.5539926290512085,-0.20959888398647308,-0.0683140754699707,-0.4315698444843292,-0.10966227203607559,-0.028852054849267006,-0.10966227203607559,0.7380790114402771,-0.10966227203607559,0.8368703126907349,-0.10966227203607559,116.5
86,-0.10961251705884933,-0.0501803457736969,-0.10961634665727615,0.7349493503570557,-0.10964319109916687,0.8403894305229187,-0.10965277999639511,0.7250000238418579,-9.040387940001068e-16,0.13586686551570892,-7.930164816114238e-18,0.03481588512659073,-8.168069471084451e-16,-0.07327497750520706,0.0,-0.0,0.3526221811771393,-0.1056416854262352,-0.07093679904937744,0.30778366327285767,-0.9512026906013489,0.02196800708770752,-0.9492788314819336,-0.3085585832595825,-0.06050879508256912,-0.47023189067840576,0.8863757848739624,-0.327313631772995,0.19968447089195251,-0.5534862875938416,-0.16649799048900604,-0.06740032136440277,-0.44743773341178894,-0.10966227203607559,-0.02358907274901867,-0.10966227203607559,0.7409398555755615,-0.10966227203607559,0.8353945016860962,-0.10966227203607559,116.5
87,-0.10961251705884933,-0.044778816401958466,-0.10961634665727615,0.7366904616355896,-0.10964319109916687,0.8384815454483032,-0.10965277999639511,0.7260000109672546,-9.040387940001068e-16,0.135949045419693,-7.930164816114238e-18,0.040677882730960846,-8.168069471084451e-16,-0.05623682960867882,0.0,-0.0,0.3518015742301941,-0.10534332692623138,-0.07152272015810013,0.30751433968544006,-0.9512827396392822,0.02227259986102581,-0.9493662118911743,-0.3083091676235199,-0.06040896102786064,-0.4623796343803406,0.8693482875823975,-0.3415927588939667,0.22808021306991577,-0.5406118035316467,-0.07598655670881271,-0.07415220141410828,-0.47024357318878174,-0.10966227203607559,-0.018698370084166527,-0.10966227203607559,0.7435328960418701,-0.10966227203607559,0.8362019658088684,-0.10966227203607559,116.5
88,-0.10961251705884933,-0.03926607221364975,-0.10961634665727615,0.7389453649520874,-0.10964319109916687,0.8369265198707581,-0.10965277999639511,0.7260000109672546,-9.040387940001068e-16,0.13663385808467865,-7.930164816114238e-18,0.05130618065595627,-8.168069471084451e-16,-0.04182836785912514,0.0,-0.0,0.35128626227378845,-0.1051718071103096,-0.07175731658935547,0.3076958954334259,-0.9512495994567871,0.021153228357434273,-0.9493892788887024,-0.30841702222824097,-0.05948908254504204,-0.4565948247909546,0.8617147207260132,-0.3564123809337616,0.26206174492836,-0.5274332761764526,0.003277132287621498,-0.08140614628791809,-0.4948347210884094,-0.10966227203607559,-0.01341463066637516,-0.10966227203607559,0.7468072175979614,-0.10966227203607559,0.8370248079299927,-0.10966227203607559,116.5
89,-0.10961251705884933,-0.0338376984000206,-0.10961634665727615,0.7414534687995911,-0.10964319109916687,0.8364720344543457,-0.10965277999639511,0.7250000238418579,-9.040387940001068e-16,0.13688039779663086,-7.930164816114238e-18,0.06059224158525467,-8.168069471084451e-16,-0.02262621745467186,0.0,-0.0,0.3517501652240753,-0.10536264628171921,-0.07155104726552963,0.3078770041465759,-0.9511560797691345,0.02266775816679001,-0.9492892622947693,-0.3086942434310913,-0.0596463717520237,-0.44668692350387573,0.8534740209579468,-0.3704911172389984,0.3125123381614685,-0.5196322798728943,0.07758248597383499,-0.08701714873313904,-0.5190976858139038,-0.10966227203607559,-0.008233478292822838,-0.10966227203607559,0.7508288621902466,-0.10966227203607559,0.8387995362281799,-0.10966227203607559,116.5
90,-0.10961251705884933,-0.02834221161901951,-0.10961634665727615,0.7443124055862427,-0.10964319109916687,0.8366024494171143,-0.10965277999639511,0.7260000109672546,-9.040387940001068e-16,0.13660646975040436,-7.930164816114238e-18,0.0678238645195961,-8.168069471084451e-16,-0.001725728390738368,0.0,-0.0,0.35041019320487976,-0.10489282011985779,-0.07235419005155563,0.3083043694496155,-0.95103919506073,0.021745780482888222,-0.9491983652114868,-0.30906105041503906,-0.059192486107349396,-0.43787091970443726,0.8359767198562622,-0.38545602560043335,0.3376794159412384,-0.5024887323379517,0.17801769077777863,-0.0976385772228241,-0.5442235469818115,-0.10966227203607559,-0.0032629109919071198,-0.10966227203607559,0.7544428110122681,-0.10966227203607559,0.8419429659843445,-0.10966227203607559,116.5
91,-0.10961251705884933,-0.022927260026335716,-0.10961634665727615,0.747802197933197,-0.10964319109916687,0.837683916091919,-0.10965277999639511,0.7250000238418579,-9.040387940001068e-16,0.13638733327388763,-7.930164816114238e-18,0.08086270093917847,-8.168069471084451e-16,0.01733946055173874,0.0,-0.0,0.352792352437973,-0.10567682236433029,-0.07082211971282959,0.3089083433151245,-0.9508005380630493,0.023536227643489838,-0.9488840699195862,-0.3097820580005646,-0.06044866144657135,-0.4277922511100769,0.8399795293807983,-0.3956581950187683,0.4080291986465454,-0.5008567571640015,0.21165110170841217,-0.09931781888008118,-0.5658906698226929,-0.10966227203607559,0.002272125333547592,-0.10966227203607559,0.7600430846214294,-0.10966227203607559,0.844033420085907,-0.10966227203607559,116.5
92,-0.10961251705884933,-0.017519978806376457,-0.10961634665727615,0.7515393495559692,-0.10964319109916687,0.8398256897926331,-0.10965277999639511,0.7250000238418579,-9.040387940001068e-16,0.13499030470848083,-7.930164816114238e-18,0.09138143062591553,-8.168069471084451e-16,0.04338974133133888,0.0,-0.0,0.3568412661552429,-0.10679525136947632,-0.0683291032910347,0.3204773962497711,-0.9466809630393982,0.033004868775606155,-0.9447280168533325,-0.32197192311286926,-0.06183044984936714,-0.4068206548690796,0.8407155275344849,-0.4023020267486572,0.5035521388053894,-0.5000927448272705,0.23312069475650787,-0.09981325268745422,-0.5851072072982788,-0.10966227203607559,0.007701486349105835,-0.10966227203607559,0.7666459083557129,-0.10966227203607559,0.846819281578064,-0.10966227203607559,116.5
93,-0.10961251705884933,-0.01199189480394125,-0.10961634665727615,0.7560741901397705,-0.10964319109916687,0.8420864343643188,-0.10965277999639511,0.7260000109672546,-9.040387940001068e-16,0.13690778613090515,-7.930164816114238e-18,0.1052694320678711,-8.168069471084451e-16,0.05618204548954964,0.0,-0.0,0.3568412661552429,-0.10679525136947632,-0.0683291032910347,0.3204773962497711,-0.9466809630393982,0.033004868775606155,-0.9447280168533325,-0.32197192311286926,-0.06183044984936714,-0.4057566523551941,0.8431938886642456,-0.41272562742233276,0.532902717590332,-0.48799386620521545,0.277445912361145,-0.10612422227859497,-0.6047025918960571,-0.10966227203607559,0.013303919695317745,-0.10966227203607559,0.772061288356781,-0.10966227203607559,0.8504098057746887,-0.10966227203607559,116.5
94,-0.10961251705884933,-0.006569272838532925,-0.10961634665727615,0.7617154121398926,-0.10964319109916687,0.84464430809021,-0.10965277999639511,0.7260000109672546,-9.040387940001068e-16,0.13663385808467865,-7.930164816114238e-18,0.13025140762329102,-8.168069471084451e-16,0.0607839897274971,0.0,-0.0,0.3568412661552429,-0.10679525136947632,-0.0683291032910347,0.3204773962497711,-0.9466809630393982,0.033004868775606155,-0.9447280168533325,-0.32197192311286926,-0.06183044984936714,-0.4145585298538208,0.864726185798645,-0.423563688993454,0.5530269742012024,-0.47430574893951416,0.3042792081832886,-0.11329932510852814,-0.6303110122680664,-0.10966227203607559,0.01937251165509224,-0.10966227203607559,0.778306245803833,-0.10966227203607559,0.8537726998329163,-0.10966227203607559,116.5
95,-0.10961251705884933,-0.0011025486746802926,-0.10961634665727615,0.767243504524231,-0.10964319109916687,0.8477065563201904,-0.10965277999639511,0.7250000238418579,-9.040387940001068e-16,0.1362229734659195,-7.930164816114238e-18,0.14030446112155914,-8.168069471084451e-16,0.07163142412900925,0.0,-0.0,0.3568412661552429,-0.10679525136947632,-0.0683291032910347,0.3204773962497711,-0.9466809630393982,0.033004868775606155,-0.9447280168533325,-0.32197192311286926,-0.06183044984936714,-0.4154621362686157,0.8632563352584839,-0.43036916851997375,0.5631130337715149,-0.4652101695537567,0.3402062654495239,-0.11746625602245331,-0.6438314914703369,-0.10966227203607559,0.02479514293372631,-0.10966227203607559,0.7841368913650513,-0.10966227203607559,0.8579127192497253,-0.10966227203607559,116.5
96,-0.10961251705884933,0.004375680349767208,-0.10961634665727615,0.7727121710777283,-0.10964319109916687,0.8510295152664185,-0.10965277999639511,0.7250000238418579,-9.040387940001068e-16,0.13726389408111572,-7.930164816114238e-18,0.13685299456119537,-8.168069471084451e-16,0.08080791682004929,0.0,-0.0,0.3568412661552429,-0.10679525136947632,-0.0683291032910347,0.3204773962497711,-0.9466809630393982,0.033004868775606155,-0.9447280168533325,-0.32197192311286926,-0.06183044984936714,-0.4121777415275574,0.8458683490753174,-0.4331051707267761,0.5595396161079407,-0.46276772022247314,0.36588191986083984,-0.11840599775314331,-0.6436742544174194,-0.10966227203607559,0.0297517292201519,-0.10966227203607559,0.7894983291625977,-0.10966227203607559,0.8620059490203857,-0.10966227203607559,116.5
97,-0.10961251705884933,0.009771457873284817,-0.10961634665727615,0.7782709002494812,-0.10964319109916687,0.8547130227088928,-0.10965277999639511,0.7260000109672546,-9.040387940001068e-16,0.1358942687511444,-7.930164816114238e-18,0.13827741146087646,-8.168069471084451e-16,0.0886421725153923,0.0,-0.0,0.3568412661552429,-0.10679525136947632,-0.0683291032910347,0.3204773962497711,-0.9466809630393982,0.033004868775606155,-0.9447280168533325,-0.32197192311286926,-0.06183044984936714,-0.4119011163711548,0.8334947824478149,-0.43635138869285583,0.5568989515304565,-0.4600600004196167,0.38812965154647827,-0.12010741233825684,-0.6476125121116638,-0.10966227203607559,0.03477630019187927,-0.10966227203607559,0.7949778437614441,-0.10966227203607559,0.8663569092750549,-0.10966227203607559,116.5
98,-0.10961251705884933,0.01524201687425375,-0.10961634665727615,0.7837567925453186,-0.10964319109916687,0.8586534261703491,-0.10965277999639511,0.7250000238418579,-9.040387940001068e-16,0.13603122532367706,-7.930164816114238e-18,0.13811305165290833,-8.168069471084451e-16,0.09612033516168594,0.0,-0.0,0.3568412661552429,-0.10679525136947632,-0.0683291032910347,0.3204773962497711,-0.9466809630393982,0.033004868775606155,-0.9447280168533325,-0.32197192311286926,-0.06183044984936714,-0.41065382957458496,0.81966233253479,-0.4394588768482208,0.5554149746894836,-0.457378089427948,0.40817803144454956,-0.12074071168899536,-0.6488257646560669,-0.10966227203607559,0.03983188420534134,-0.10966227203607559,0.8004192113876343,-0.10966227203607559,0.8708987832069397,-0.10966227203607559,116.5
99,-0.10961251705884933,0.02137026935815811,-0.10961634665727615,0.7899004220962524,-0.10964319109916687,0.8633090257644653,-0.10965277999639511,0.7250000238418579,-9.040387940001068e-16,0.136496901512146,-7.930164816114238e-18,0.136743426322937,-8.168069471084451e-16,0.10209190100431442,0.0,-0.0,0.3568412661552429,-0.10679525136947632,-0.0683291032910347,0.3204773962497711,-0.9466809630393982,0.033004868775606155,-0.9447280168533325,-0.32197192311286926,-0.06183044984936714,-0.40966737270355225,0.8037760257720947,-0.44227203726768494,0.5520616769790649,-0.4563685357570648,0.4235260486602783,-0.12097612023353577,-0.64833664894104,-0.10966227203607559,0.0454835519194603,-0.10966227203607559,0.806462287902832,-0.10966227203607559,0.8760148286819458,-0.10966227203607559,116.5
100,-0.10961251705884933,0.02653786726295948,-0.10961634665727615,0.7951005697250366,-0.10964319109916687,0.8674354553222656,-0.10965277999639511,0.7260000109672546,-9.040387940001068e-16,0.13203191757202148,-7.930164816114238e-18,0.13268934190273285,-8.168069471084451e-16,0.10351631045341492,0.0,-0.0,0.3551056385040283,-0.10628856718540192,-0.06949639320373535,0.31574153900146484,-0.9484168887138367,0.028506599366664886,-0.9464677572250366,-0.31693369150161743,-0.061252277344465256,-0.4158790111541748,0.778018593788147,-0.4448394179344177,0.5121666789054871,-0.454891562461853,0.44841814041137695,-0.1216273307800293,-0.6450576186180115,-0.10966227203607559,0.049878425896167755,-0.10966227203607559,0.8104655742645264,-0.10966227203607559,0.8808879852294922,-0.10966227203607559,116.5
101,-0.10961251705884933,0.03208896145224571,-0.10961634665727615,0.8007187843322754,-0.10964319109916687,0.872029721736908,-0.10965277999639511,0.7260000109672546,-9.040387940001068e-16,0.13430549204349518,-7.930164816114238e-18,0.13581208884716034,-8.168069471084451e-16,0.10987137258052826,0.0,-0.0,0.3529733717441559,-0.10578027367591858,-0.07070929557085037,0.30719345808029175,-0.951368510723114,0.023024633526802063,-0.9493908286094666,-0.30804046988487244,-0.06138525530695915,-0.4233400821685791,0.7641297578811646,-0.4522683918476105,0.4866023659706116,-0.4475618600845337,0.4869750738143921,-0.12344363331794739,-0.6487756967544556,-0.10966227203607559,0.05501285195350647,-0.10966227203607559,0.8153168559074402,-0.10966227203607559,0.8866389989852905,-0.10966227203607559,116.5
102,-0.10961251705884933,0.03754226118326187,-0.10961634665727615,0.8060129284858704,-0.10964319109916687,0.8768560290336609,-0.10965277999639511,0.7260000109672546,-9.040387940001068e-16,0.13767477869987488,-7.930164816114238e-18,0.13633254170417786,-8.168069471084451e-16,0.11871915310621262,0.0,-0.0,0.35226771235466003,-0.1056947261095047,-0.07098428905010223,0.3070840835571289,-0.9513863921165466,0.023734455928206444,-0.9492917656898499,-0.30798399448394775,-0.06317456066608429,-0.4232981204986572,0.7503937482833862,-0.4579266607761383,0.4860611855983734,-0.44420933723449707,0.5098682641983032,-0.12366801500320435,-0.6495989561080933,-0.10966227203607559,0.06005407124757767,-0.10966227203607559,0.8205947875976562,-0.10966227203607559,0.8921520709991455,-0.10966227203607559,116.5
103,-0.10961251705884933,0.04296296834945679,-0.10961634665727615,0.8110769987106323,-0.10964319109916687,0.8821175694465637,-0.10965277999639511,0.7250000238418579,-9.040387940001068e-16,0.13556554913520813,-7.930164816114238e-18,0.12825174629688263,-8.168069471084451e-16,0.1272382289171219,0.0,-0.0,0.3526192009449005,-0.10584535449743271,-0.07065943628549576,0.30888739228248596,-0.9507439136505127,0.025972561910748482,-0.9485714435577393,-0.3099411427974701,-0.06441035866737366,-0.41768866777420044,0.7248847484588623,-0.45886674523353577,0.4870842397212982,-0.44760751724243164,0.518598198890686,-0.12100797891616821,-0.6427798271179199,-0.10966227203607559,0.06470950692892075,-0.10966227203607559,0.8256895542144775,-0.10966227203607559,0.8976755142211914,-0.10966227203607559,116.5
104,-0.10961251705884933,0.04842201992869377,-0.10961634665727615,0.8161985874176025,-0.10964319109916687,0.8875440359115601,-0.10965277999639511,0.7250000238418579,-9.040387940001068e-16,0.1362229734659195,-7.930164816114238e-18,0.12753954529762268,-8.168069471084451e-16,0.1342781037092209,0.0,-0.0,0.3511228859424591,-0.10533586889505386,-0.07155641913414001,0.3096223473548889,-0.9505171775817871,0.025516990572214127,-0.9483268857002258,-0.3106437921524048,-0.06462612003087997,-0.4194200038909912,0.7039493322372437,-0.46453240513801575,0.4717402160167694,-0.4417306184768677,0.5439337491989136,-0.12102895975112915,-0.6412188410758972,-0.10966227203607559,0.06954050064086914,-0.10966227203607559,0.8303508162498474,-0.10966227203607559,0.9038620591163635,-0.10966227203607559,116.5
105,-0.10961251705884933,0.05389449745416641,-0.10961634665727615,0.8212875723838806,-0.10964319109916687,0.8930280208587646,-0.10965277999639511,0.7250000238418579,-9.040387940001068e-16,0.13690778613090515,-7.930164816114238e-18,0.12770390510559082,-8.168069471084451e-16,0.13657908141613007,0.0,-0.0,0.35262125730514526,-0.10591993480920792,-0.07063663750886917,0.3072799742221832,-0.9512507915496826,0.026475146412849426,-0.9488732218742371,-0.3083866834640503,-0.06735922396183014,-0.41629302501678467,0.6984922885894775,-0.46445849537849426,0.4988544285297394,-0.4497092664241791,0.5313271284103394,-0.11862379312515259,-0.6416250467300415,-0.10966227203607559,0.07484926283359528,-0.10966227203607559,0.8362532258033752,-0.10966227203607559,0.9089678525924683,-0.10966227203607559,116.5
106,-0.10961251705884933,0.05936313793063164,-0.10961634665727615,0.826248049736023,-0.10964319109916687,0.8985503315925598,-0.10965277999639511,0.7260000109672546,-9.040387940001068e-16,0.136743426322937,-7.930164816114238e-18,0.12540292739868164,-8.168069471084451e-16,0.13767477869987488,0.0,-0.0,0.3521079123020172,-0.10584721714258194,-0.07088452577590942,0.3091977834701538,-0.9506589770317078,0.02538081258535385,-0.9482481479644775,-0.31022199988365173,-0.06773291528224945,-0.41750961542129517,0.6815717220306396,-0.4668455719947815,0.4935069978237152,-0.4525392949581146,0.5343623161315918,-0.11691871285438538,-0.6380540132522583,-0.10966227203607559,0.07981029152870178,-0.10966227203607559,0.8410532474517822,-0.10966227203607559,0.9145811796188354,-0.10966227203607559,116.5
107,-0.10961251705884933,0.0648643746972084,-0.10961634665727615,0.8315556645393372,-0.10964319109916687,0.9040611386299133,-0.10965277999639511,0.7250000238418579,-9.040387940001068e-16,0.13709953427314758,-7.930164816114238e-18,0.12885437905788422,-8.168069471084451e-16,0.1379213035106659,0.0,-0.0,0.3509294390678406,-0.10537548363208771,-0.07162456959486008,0.3103024661540985,-0.9503176212310791,0.024672741070389748,-0.9479923248291016,-0.311269611120224,-0.06649661809206009,-0.42232030630111694,0.6700873374938965,-0.4713769257068634,0.4803517162799835,-0.44793158769607544,0.5460954904556274,-0.11689776182174683,-0.6386324167251587,-0.10966227203607559,0.0849669948220253,-0.10966227203607559,0.8459662199020386,-0.10966227203607559,0.9204440116882324,-0.10966227203607559,116.5
108,-0.10961251705884933,0.07089292258024216,-0.10961634665727615,0.8373886346817017,-0.10964319109916687,0.9102047681808472,-0.10965277999639511,0.7260000109672546,-9.040387940001068e-16,0.1350450962781906,-7.930164816114238e-18,0.13131971657276154,-8.168069471084451e-16,0.13688039779663086,0.0,-0.0,0.3521682322025299,-0.10582999140024185,-0.07087486237287521,0.3095760643482208,-0.9505393505096436,0.02525147795677185,-0.948219358921051,-0.3105859160423279,-0.06645602732896805,-0.4225609302520752,0.6651253700256348,-0.47068163752555847,0.4984133541584015,-0.4556131362915039,0.5312063097953796,-0.11545774340629578,-0.6405383348464966,-0.10966227203607559,0.09084668010473251,-0.10966227203607559,0.8523410558700562,-0.10966227203607559,0.9261409640312195,-0.10966227203607559,116.5
109,-0.10961251705884933,0.07609695196151733,-0.10961634665727615,0.8421036601066589,-0.10964319109916687,0.9154567122459412,-0.10965277999639511,0.7250000238418579,-9.040387940001068e-16,0.1314018964767456,-7.930164816114238e-18,0.12211582809686661,-8.168069471084451e-16,0.13353849947452545,0.0,-0.0,0.3532628118991852,-0.10616125911474228,-0.07024487853050232,0.30969318747520447,-0.9504767060279846,0.026156678795814514,-0.9481281042098999,-0.3107690215110779,-0.06690087914466858,-0.4188486337661743,0.6453142166137695,-0.4664752185344696,0.49999770522117615,-0.4659084677696228,0.5097376108169556,-0.11123107373714447,-0.6309038996696472,-0.10966227203607559,0.09545637667179108,-0.10966227203607559,0.8571035861968994,-0.10966227203607559,0.9307488203048706,-0.10966227203607559,116.5
110,-0.10961251705884933,0.08160778135061264,-0.10961634665727615,0.8475244045257568,-0.10964319109916687,0.9210193157196045,-0.10965277999639511,0.7260000109672546,-9.040387940001068e-16,0.13419592380523682,-7.930164816114238e-18,0.12789565324783325,-8.168069471084451e-16,0.13570252060890198,0.0,-0.0,0.35247519612312317,-0.10593123733997345,-0.07070524245500565,0.3084942400455475,-0.9508881568908691,0.02535848505795002,-0.94855135679245,-0.30951523780822754,-0.0667126402258873,-0.42338311672210693,0.6408935785293579,-0.47180065512657166,0.49983134865760803,-0.46284401416778564,0.5212756395339966,-0.11176538467407227,-0.6350786685943604,-0.10966227203607559,0.10083458572626114,-0.10966227203607559,0.8625193238258362,-0.10966227203607559,0.9366576075553894,-0.10966227203607559,116.5
111,-0.10961251705884933,0.08707641810178757,-0.10961634665727615,0.8527456521987915,-0.10964319109916687,0.9263249635696411,-0.10965277999639511,0.7250000238418579,-9.040387940001068e-16,0.13751041889190674,-7.930164816114238e-18,0.13386721909046173,-8.168069471084451e-16,0.1356751173734665,0.0,-0.0,0.3516146242618561,-0.10565125197172165,-0.07126252353191376,0.3098551630973816,-0.950467586517334,0.024519022554159164,-0.9481675624847412,-0.3108115494251251,-0.06613921374082565,-0.4282779097557068,0.6363153457641602,-0.47726312279701233,0.4981413185596466,-0.4590561091899872,0.530136227607727,-0.11145035922527313,-0.6377758979797363,-0.10966227203607559,0.10616587847471237,-0.10966227203607559,0.8676899075508118,-0.10966227203607559,0.9422290325164795,-0.10966227203607559,116.5
112,-0.10961251705884933,0.0925488993525505,-0.10961634665727615,0.8579554557800293,-0.10964319109916687,0.9318588376045227,-0.1096508651971817,0.7260000109672546,-9.040387940001068e-16,0.1367708295583725,-7.930164816114238e-18,0.12986791133880615,-8.168069471084451e-16,0.1356751173734665,2.739251431194134e-05,-0.0,0.3529541492462158,-0.10608265548944473,-0.07044203579425812,0.30990543961524963,-0.9504209160804749,0.02566361613571644,-0.9480949640274048,-0.31094416975975037,-0.06655589491128922,-0.42458677291870117,0.6252793073654175,-0.47483113408088684,0.51364666223526,-0.46706917881965637,0.5133981704711914,-0.10906179249286652,-0.6341644525527954,-0.10966227203607559,0.11130727827548981,-0.10966227203607559,0.8733648657798767,-0.10966227203607559,0.9472607970237732,-0.10966227203607559,116.5
113,-0.10961251705884933,0.09799452871084213,-0.10961634665727615,0.8632764220237732,-0.10964319109916687,0.9373504519462585,-0.1096508651971817,0.7250000238418579,-9.040387940001068e-16,0.13663385808467865,-7.930164816114238e-18,0.13189496099948883,-8.168069471084451e-16,0.13794870674610138,2.739251431194134e-05,-0.0,0.35343822836875916,-0.10624082386493683,-0.07016376405954361,0.31021127104759216,-0.950319766998291,0.02571607194840908,-0.9479523301124573,-0.3112550675868988,-0.06713148951530457,-0.4245540499687195,0.6185290813446045,-0.47647079825401306,0.5239207744598389,-0.46870848536491394,0.5124453902244568,-0.10762378573417664,-0.6355001926422119,-0.10966227203607559,0.11655040085315704,-0.10966227203607559,0.8789940476417542,-0.10966227203607559,0.9527238011360168,-0.10966227203607559,116.5
114,-0.10961251705884933,0.10342098772525787,-0.10961634665727615,0.8686952590942383,-0.10964319109916687,0.9427174925804138,-0.10964895039796829,0.7250000238418579,-9.040387940001068e-16,0.13597643375396729,-7.930164816114238e-18,0.13446985185146332,-8.168069471084451e-16,0.13518205285072327,2.739251431194134e-05,-0.0,0.3526328206062317,-0.10595381259918213,-0.07064872980117798,0.3100976347923279,-0.9503504037857056,0.025953296571969986,-0.9480394124984741,-0.3111557364463806,-0.06635759770870209,-0.43023204803466797,0.6099110841751099,-0.4793759882450104,0.5105223059654236,-0.467681884765625,0.5150597095489502,-0.10728603601455688,-0.6358609795570374,-0.10966227203607559,0.12171831727027893,-0.10966227203607559,0.884010910987854,-0.10966227203607559,0.9581692814826965,-0.10966227203607559,116.5
115,-0.10961251705884933,0.10885511338710785,-0.10961634665727615,0.8742654919624329,-0.10964319109916687,0.9481074810028076,-0.10964895039796829,0.7250000238418579,-9.040387940001068e-16,0.13586686551570892,-7.930164816114238e-18,0.13751041889190674,-8.168069471084451e-16,0.13430549204349518,2.739251431194134e-05,-0.0,0.35279491543769836,-0.10604209452867508,-0.07052832096815109,0.30819788575172424,-0.9509783387184143,0.025578465312719345,-0.948635995388031,-0.30923566222190857,-0.06680601090192795,-0.4333369731903076,0.6058336496353149,-0.4811238944530487,0.5125498175621033,-0.4695272147655487,0.5122385025024414,-0.10655014216899872,-0.6379454135894775,-0.10966227203607559,0.1270301192998886,-0.10966227203607559,0.8896420001983643,-0.10966227203607559,0.9634746313095093,-0.10966227203607559,116.5
116,-0.10961251705884933,0.11498336493968964,-0.10961634665727615,0.8802269101142883,-0.10964319109916687,0.9542223215103149,-0.10964702814817429,0.7260000109672546,-9.040387940001068e-16,0.13600383698940277,-7.930164816114238e-18,0.13488073647022247,-8.168069471084451e-16,0.13551077246665955,2.739251431194134e-05,-0.0,0.35433852672576904,-0.10651511698961258,-0.06964194029569626,0.30808025598526,-0.9509844183921814,0.026741744950413704,-0.9486204385757446,-0.3092033863067627,-0.06717536598443985,-0.429279088973999,0.5963865518569946,-0.47893431782722473,0.5328904390335083,-0.4763215184211731,0.49625176191329956,-0.10428057610988617,-0.63585364818573,-0.10966227203607559,0.1328749656677246,-0.10966227203607559,0.8962136507034302,-0.10966227203607559,0.9691098928451538,-0.10966227203607559,116.5
117,-0.10961251705884933,0.12045776098966599,-0.10961634665727615,0.885649561882019,-0.10964319109916687,0.9595778584480286,-0.10964702814817429,0.7250000238418579,-9.040387940001068e-16,0.13655167818069458,-7.930164816114238e-18,0.13400417566299438,-8.168069471084451e-16,0.1347711682319641,0.0,-0.0,0.354030579328537,-0.1064705029129982,-0.0698356032371521,0.3094870150089264,-0.9505333304405212,0.026535915210843086,-0.9482209086418152,-0.31058838963508606,-0.06642255187034607,-0.43181657791137695,0.5855211019515991,-0.4808379113674164,0.5260061025619507,-0.47761738300323486,0.4969521164894104,-0.10235986113548279,-0.6333584785461426,-0.10966227203607559,0.13802339136600494,-0.10966227203607559,0.9014297723770142,-0.10966227203607559,0.9744864106178284,-0.10966227203607559,116.5
118,-0.10961251705884933,0.12590722739696503,-0.10961634665727615,0.8911872506141663,-0.10964319109916687,0.964749276638031,-0.10964511334896088,0.7260000109672546,-9.040387940001068e-16,0.13630515336990356,-7.930164816114238e-18,0.13767477869987488,-8.168069471084451e-16,0.13123753666877747,2.739251431194134e-05,-0.0,0.3532884418964386,-0.10624386370182037,-0.07056242227554321,0.30618083477020264,-0.9516472220420837,0.02491575852036476,-0.9492518901824951,-0.3071785569190979,-0.06754415482282639,-0.4390329122543335,0.5795400142669678,-0.4844077527523041,0.5133292078971863,-0.4774072766304016,0.49924343824386597,-0.10195708274841309,-0.635331928730011,-0.10966227203607559,0.14329342544078827,-0.10966227203607559,0.9065871238708496,-0.10966227203607559,0.9797265529632568,-0.10966227203607559,116.5
119,-0.10961251705884933,0.13133560121059418,-0.10961634665727615,0.8966980576515198,-0.10964319109916687,0.9699801802635193,-0.10964511334896088,0.7260000109672546,-9.040387940001068e-16,0.13586686551570892,-7.930164816114238e-18,0.1381678432226181,-8.168069471084451e-16,0.13008704781532288,2.739251431194134e-05,-0.0,0.35246166586875916,-0.10601536184549332,-0.07138814777135849,0.3044728636741638,-0.9522290229797363,0.023582013323903084,-0.9499040842056274,-0.30537721514701843,-0.06653539836406708,-0.44465166330337524,0.568729043006897,-0.4877942204475403,0.496985524892807,-0.477474182844162,0.506737470626831,-0.10027097165584564,-0.634422779083252,-0.10966227203607559,0.14839747548103333,-0.10966227203607559,0.9116076231002808,-0.10966227203607559,0.9851822853088379,-0.10966227203607559,116.5
120,-0.10961251705884933,0.1367831528186798,-0.10961634665727615,0.9020324945449829,-0.10964319109916687,0.9752474427223206,-0.10964511334896088,0.7250000238418579,-9.040387940001068e-16,0.13603122532367706,-7.930164816114238e-18,0.13518205285072327,-8.168069471084451e-16,0.13129231333732605,0.0,-0.0,0.3525751829147339,-0.10618092119693756,-0.07257990539073944,0.3032389283180237,-0.9526359438896179,0.023040737956762314,-0.9503895044326782,-0.3041060268878937,-0.06541664153337479,-0.4467051029205322,0.5535767674446106,-0.49011537432670593,0.49385300278663635,-0.4819751977920532,0.511192798614502,-0.09572534263134003,-0.6304526329040527,-0.10966227203607559,0.15339045226573944,-0.10966227203607559,0.9168480634689331,-0.10966227203607559,0.9905832409858704,-0.10966227203607559,116.5
121,-0.10961251705884933,0.14222495257854462,-0.10961634665727615,0.9072135090827942,-0.10964319109916687,0.9805895686149597,-0.10964319109916687,0.7250000238418579,-9.040387940001068e-16,0.13627775013446808,-7.930164816114238e-18,0.13090883195400238,-8.168069471084451e-16,0.13274411857128143,2.739251431194134e-05,-0.0,0.35545387864112854,-0.10667712241411209,-0.07192117720842361,0.2988545298576355,-0.9540162682533264,0.02321372553706169,-0.9516942501068115,-0.29974666237831116,-0.0665583461523056,-0.4372783303260803,0.5436577796936035,-0.48439821600914,0.5305747389793396,-0.4875253140926361,0.4860018491744995,-0.09307551383972168,-0.6278536915779114,-0.10966227203607559,0.1585346907377243,-0.10966227203607559,0.9231307506561279,-0.10966227203607559,0.9951696395874023,-0.10966227203607559,116.5
122,-0.10961251705884933,0.14773385226726532,-0.10961634665727615,0.9124597311019897,-0.10964319109916687,0.9859450459480286,-0.10964319109916687,0.7260000109672546,-9.040387940001068e-16,0.13712692260742188,-7.930164816114238e-18,0.1300048679113388,-8.168069471084451e-16,0.13383983075618744,2.739251431194134e-05,-0.0,0.3581620454788208,-0.10709960758686066,-0.07156019657850266,0.29911330342292786,-0.95391845703125,0.023891467601060867,-0.9516022205352783,-0.3000524342060089,-0.0664963647723198,-0.4289761781692505,0.5359301567077637,-0.4803478717803955,0.5689471960067749,-0.4909150302410126,0.46263933181762695,-0.09089674055576324,-0.6273192167282104,-0.10966227203607559,0.16381175816059113,-0.10966227203607559,0.9295281171798706,-0.10966227203607559,0.9998242259025574,-0.10966227203607559,116.5
123,-0.10961251705884933,0.15317948162555695,-0.10961634665727615,0.9180223345756531,-0.10964319109916687,0.9909573197364807,-0.10964319109916687,0.7250000238418579,-9.040387940001068e-16,0.13693517446517944,-7.930164816114238e-18,0.1356203407049179,-8.168069471084451e-16,0.128909170627594,0.0,-0.0,0.35985270142555237,-0.10746654123067856,-0.07166469097137451,0.3005973994731903,-0.9534404277801514,0.02434239350259304,-0.9511611461639404,-0.3015631139278412,-0.06597098708152771,-0.4301110506057739,0.5349117517471313,-0.4796947240829468,0.5892372131347656,-0.4931478500366211,0.44012385606765747,-0.08929970860481262,-0.629717230796814,-0.10966227203607559,0.16922684013843536,-0.10966227203607559,0.935699462890625,-0.10966227203607559,1.00416100025177,-0.10966227203607559,116.5
124,-0.10961251705884933,0.1586327850818634,-0.10961634665727615,0.9235772490501404,-0.10964319109916687,0.9957184195518494,-0.10964319109916687,0.7250000238418579,-9.040387940001068e-16,0.13605861365795135,-7.930164816114238e-18,0.13937310874462128,-8.168069471084451e-16,0.12132144719362259,0.0,-0.0,0.36213141679763794,-0.10844452679157257,-0.07139112055301666,0.30399617552757263,-0.952369213104248,0.024065500125288963,-0.9500607252120972,-0.3049352765083313,-0.0663256123661995,-0.4327167272567749,0.5336428880691528,-0.4769500494003296,0.6117500066757202,-0.5031797885894775,0.40249204635620117,-0.08525353670120239,-0.6291508078575134,-0.10966227203607559,0.17464207112789154,-0.10966227203607559,0.9419297575950623,-0.10966227203607559,1.0077931880950928,-0.10966227203607559,116.5
125,-0.10961251705884933,0.16409184038639069,-0.10961634665727615,0.9290823340415955,-0.10964319109916687,1.0002493858337402,-0.10964319109916687,0.7260000109672546,-9.040387940001068e-16,0.1362503618001938,-7.930164816114238e-18,0.13825002312660217,-8.168069471084451e-16,0.11554162204265594,0.0,-0.0,0.3675514757633209,-0.11286696791648865,-0.07012360543012619,0.3281615972518921,-0.9442148208618164,0.027718421071767807,-0.9418976306915283,-0.32930120825767517,-0.06625337153673172,-0.43746060132980347,0.53289794921875,-0.47104716300964355,0.6726212501525879,-0.5496237277984619,0.32627665996551514,-0.06442339718341827,-0.6172000169754028,-0.10966227203607559,0.18007877469062805,-0.10966227203607559,0.949260950088501,-0.10966227203607559,1.0100376605987549,-0.10966227203607559,116.5
126,-0.10961251705884933,0.16954131424427032,-0.10961634665727615,0.9345950484275818,-0.10964319109916687,1.0042474269866943,-0.10964319109916687,0.7250000238418579,-9.040387940001068e-16,0.135949045419693,-7.930164816114238e-18,0.1376199871301651,-8.168069471084451e-16,0.10515986382961273,0.0,-0.0,0.367688924074173,-0.11477295309305191,-0.0710669755935669,0.3445638418197632,-0.938358724117279,0.02754451148211956,-0.9360575675964355,-0.3456488847732544,-0.06574999541044235,-0.45627766847610474,0.5226099491119385,-0.47343119978904724,0.6570813655853271,-0.5734703540802002,0.30069029331207275,-0.05287967994809151,-0.6068593859672546,-0.10966227203607559,0.18521961569786072,-0.10966227203607559,0.954307496547699,-0.10966227203607559,1.0132681131362915,-0.10966227203607559,116.5
127,-0.10961251705884933,0.17568106949329376,-0.10961634665727615,0.9408096075057983,-0.10964319109916687,1.007819652557373,-0.10964319109916687,0.7260000109672546,-9.040387940001068e-16,0.1362229734659195,-7.930164816114238e-18,0.13841436803340912,-8.168069471084451e-16,0.08557421714067459,0.0,-0.0,0.3687796890735626,-0.11639779806137085,-0.07141002267599106,0.3621028959751129,-0.9317184090614319,0.027968870475888252,-0.929577648639679,-0.3631681203842163,-0.0632004663348198,-0.47650420665740967,0.5130918622016907,-0.47093212604522705,0.6401504874229431,-0.5935633182525635,0.2365981489419937,-0.041079144924879074,-0.5923535227775574,-0.10966227203607559,0.19107381999492645,-0.10966227203607559,0.9600141048431396,-0.10966227203607559,1.0149176120758057,-0.10966227203607559,116.5
128,-0.10961251705884933,0.181172713637352,-0.10961634665727615,0.9463645219802856,-0.10964319109916687,1.0108108520507812,-0.10964127629995346,0.7250000238418579,-9.040387940001068e-16,0.13696257770061493,-7.930164816114238e-18,0.13841436803340912,-8.168069471084451e-16,0.07609640061855316,2.739251431194134e-05,-0.0,0.371505469083786,-0.11810533702373505,-0.07071146368980408,0.3754079043865204,-0.9264373779296875,0.027977028861641884,-0.9241478443145752,-0.37644630670547485,-0.0651068389415741,-0.48414647579193115,0.5059766173362732,-0.46712198853492737,0.6535291075706482,-0.6096972227096558,0.17700929939746857,-0.02799820527434349,-0.5806367993354797,-0.10966227203607559,0.196352019906044,-0.10966227203607559,0.9659703969955444,-0.10966227203607559,1.0161211490631104,-0.10966227203607559,116.5
129,-0.10961251705884933,0.18611405789852142,-0.10961634665727615,0.9514707326889038,-0.10964319109916687,1.012860655784607,-0.10964127629995346,0.7250000238418579,-9.040387940001068e-16,0.13942790031433105,-7.930164816114238e-18,0.1423862874507904,-8.168069471084451e-16,0.06637205928564072,2.739251431194134e-05,-0.0,0.3753274083137512,-0.12010914087295532,-0.07016068696975708,0.3972313404083252,-0.9172535538673401,0.029209498316049576,-0.9151217341423035,-0.39829930663108826,-0.06252839416265488,-0.48954302072525024,0.5047047734260559,-0.46401843428611755,0.6837344765663147,-0.6262845993041992,0.1074690893292427,-0.013142760843038559,-0.5694093108177185,-0.10966227203607559,0.201255202293396,-0.10966227203607559,0.9719827771186829,-0.10966227203607559,1.0160846710205078,-0.10966227203607559,116.5
130,-0.10961251705884933,0.1922384649515152,-0.10961634665727615,0.95787513256073,-0.10964319109916687,1.0147570371627808,-0.10964127629995346,0.7250000238418579,-9.040387940001068e-16,0.1381404548883438,-7.930164816114238e-18,0.143783301115036,-8.168069471084451e-16,0.04736165702342987,0.0,-0.0,0.37456759810447693,-0.11979719996452332,-0.0714726373553276,0.4001108407974243,-0.9160227179527283,0.02852487564086914,-0.9139642119407654,-0.4011235237121582,-0.06139453500509262,-0.5111703276634216,0.49250924587249756,-0.4635414183139801,0.6374562382698059,-0.6269736886024475,0.07614744454622269,-0.01136743649840355,-0.5624577403068542,-0.10966227203607559,0.20701374113559723,-0.10966227203607559,0.9769988059997559,-0.10966227203607559,1.0170414447784424,-0.10966227203607559,116.5
131,-0.10961251705884933,0.19710694253444672,-0.10961634665727615,0.9630293250083923,-0.10964319109916687,1.015535593032837,-0.10964127629995346,0.7250000238418579,-9.040387940001068e-16,0.1274847537279129,-7.930164816114238e-18,0.13411374390125275,-8.168069471084451e-16,0.027995148673653603,0.0,-0.0,0.379098117351532,-0.12157002091407776,-0.06935863196849823,0.4007209241390228,-0.9156787395477295,0.03090648353099823,-0.9135820269584656,-0.40189677476882935,-0.06202263385057449,-0.5225520133972168,0.4716986119747162,-0.4442821145057678,0.6283271908760071,-0.6548753976821899,-0.039119474589824677,0.007453102618455887,-0.5409519672393799,-0.10966227203607559,0.2112579047679901,-0.10966227203607559,0.9818791151046753,-0.10966227203607559,1.0143619775772095,-0.10941768437623978,116.5
132,-0.10961251705884933,0.20225919783115387,-0.10961634665727615,0.9686417579650879,-0.10964319109916687,1.0161625146865845,-0.10963936150074005,0.7250000238418579,-9.040387940001068e-16,0.12543031573295593,-7.930164816114238e-18,0.13466159999370575,-8.168069471084451e-16,0.01657247170805931,2.739251431194134e-05,-0.0,0.3787837028503418,-0.1214340403676033,-0.07048868387937546,0.39939236640930176,-0.9162735939025879,0.030469108372926712,-0.9142109751701355,-0.40053948760032654,-0.06153402477502823,-0.5391556620597839,0.4616619348526001,-0.44467228651046753,0.5926684737205505,-0.6555309295654297,-0.04931538552045822,0.008411187678575516,-0.5395557284355164,-0.10966227203607559,0.21610905230045319,-0.10966227203607559,0.9864218235015869,-0.10966227203607559,1.0146830081939697,-0.10938702523708344,116.5
133,-0.10961251705884933,0.20696276426315308,-0.10961634665727615,0.9740874171257019,-0.10964319109916687,1.0155797004699707,-0.10962209850549698,0.7250000238418579,-9.040387940001068e-16,0.1226910725235939,-7.930164816114238e-18,0.13860611617565155,-8.168069471084451e-16,-0.002136616036295891,0.0002739251358434558,-0.0,0.3799387812614441,-0.12227393686771393,-0.07074607163667679,0.40169864892959595,-0.9152888059616089,0.02974126674234867,-0.913213849067688,-0.40279099345207214,-0.061642687767744064,-0.5617845058441162,0.46305781602859497,-0.44403767585754395,0.5700600743293762,-0.6693415641784668,-0.09611641615629196,0.015117082744836807,-0.5382975935935974,-0.10966227203607559,0.2208544909954071,-0.10966227203607559,0.9911892414093018,-0.10966227203607559,1.0126962661743164,-0.10916858911514282,116.5
134,-0.10961251705884933,0.21175454556941986,-0.10961634665727615,0.9796404242515564,-0.10964319109916687,1.0150734186172485,-0.1095569059252739,0.7250000238418579,-9.040387940001068e-16,0.11797955632209778,-7.930164816114238e-18,0.13756521046161652,-8.168069471084451e-16,-0.015011097304522991,0.0011504855938255787,-0.0,0.38097676634788513,-0.12530870735645294,-0.07176922261714935,0.39944952726364136,-0.9162976145744324,0.0289600882679224,-0.9143711924552917,-0.40048864483833313,-0.059448860585689545,-0.5990737080574036,0.45747384428977966,-0.4490664601325989,0.5434696674346924,-0.7086665630340576,-0.11932014673948288,0.03473980352282524,-0.5332605838775635,-0.10966227203607559,0.22547876834869385,-0.10966227203607559,0.9959444999694824,-0.10966227203607559,1.0114938020706177,-0.1085147112607956,116.5
135,-0.10961251705884933,0.21665944159030914,-0.10961634665727615,0.9850898385047913,-0.10964319109916687,1.0139267444610596,-0.10934023559093475,0.7250000238418579,-9.040387940001068e-16,0.12148579955101013,-7.930164816114238e-18,0.13745564222335815,-8.168069471084451e-16,-0.02172226458787918,0.003917129710316658,-0.0,0.38154932856559753,-0.12789686024188995,-0.072124183177948,0.39516177773475647,-0.9181594848632812,0.02881559357047081,-0.9162263870239258,-0.3962008059024811,-0.05961647629737854,-0.6289870142936707,0.4596998393535614,-0.45896115899086,0.5320369005203247,-0.7368586659431458,-0.11912935227155685,0.050756845623254776,-0.5306781530380249,-0.10966227203607559,0.23045043647289276,-0.10966227203607559,1.0010509490966797,-0.10966227203607559,1.0103528499603271,-0.10781753063201904,116.5
136,-0.10961251705884933,0.22121921181678772,-0.10961634665727615,0.9906448125839233,-0.10964127629995346,1.01265549659729,-0.10892030596733093,0.7250000238418579,-9.040387940001068e-16,0.11617165058851242,-7.930164816114238e-18,0.13770216703414917,2.739251431194134e-05,-0.031117895618081093,0.008382108993828297,-0.0,0.3799575865268707,-0.13216811418533325,-0.07341328263282776,0.39586538076400757,-0.9178329110145569,0.029551783576607704,-0.9160020351409912,-0.396945983171463,-0.058087047189474106,-0.685531497001648,0.4542600214481354,-0.4762904942035675,0.47196534276008606,-0.7853930592536926,-0.1062687560915947,0.07633176445960999,-0.5270436406135559,-0.10966227203607559,0.23484700918197632,-0.10966227203607559,1.0048037767410278,-0.10966227203607559,1.0094674825668335,-0.1066303551197052,116.5
137,-0.10961251705884933,0.22614328563213348,-0.10961634665727615,0.996086597442627,-0.10964127629995346,1.0114398002624512,-0.10832013934850693,0.7260000109672546,-9.040387940001068e-16,0.12047227472066879,-7.930164816114238e-18,0.13740085065364838,2.739251431194134e-05,-0.031063111498951912,0.01334015466272831,-0.0,0.3801039457321167,-0.13779732584953308,-0.07328137010335922,0.39982739090919495,-0.9160815477371216,0.030539844185113907,-0.9142187237739563,-0.4009667634963989,-0.058564379811286926,-0.7327226400375366,0.4589119255542755,-0.499491810798645,0.46688881516456604,-0.838446855545044,-0.08526640385389328,0.10658431053161621,-0.521104633808136,-0.10966227203607559,0.23991064727306366,-0.10966227203607559,1.0100932121276855,-0.10966227203607559,1.0088818073272705,-0.10512261092662811,116.5
138,-0.10961251705884933,0.23079316318035126,-0.10961634665727615,1.000853419303894,-0.10964127629995346,1.0103813409805298,-0.10741317272186279,0.7250000238418579,-9.040387940001068e-16,0.11965049803256989,-7.930164816114238e-18,0.12595078349113464,-8.168069471084451e-16,-0.028049934655427933,0.01964043267071247,-0.0,0.38300999999046326,-0.1420702040195465,-0.07172892242670059,0.3933430016040802,-0.9189313650131226,0.029092805460095406,-0.916949987411499,-0.39440658688545227,-0.06038330867886543,-0.7533479332923889,0.4439724385738373,-0.504814624786377,0.4864928126335144,-0.8796091079711914,-0.09168343991041183,0.13222412765026093,-0.5104586482048035,-0.10966227203607559,0.24411234259605408,-0.10966227203607559,1.0154482126235962,-0.10966227203607559,1.0076308250427246,-0.10344645380973816,116.5
139,-0.10961251705884933,0.2355964332818985,-0.10961634665727615,1.0058215856552124,-0.10963936150074005,1.0095607042312622,-0.10619556903839111,0.7250000238418579,-9.040387940001068e-16,0.11841783672571182,-7.930164816114238e-18,0.12134883552789688,2.739251431194134e-05,-0.022845357656478882,0.027474692091345787,-0.0,0.38379526138305664,-0.1464894860982895,-0.07173605263233185,0.3614831566810608,-0.9319406151771545,0.028576865792274475,-0.9299992918968201,-0.3625795245170593,-0.060310907661914825,-0.7890105843544006,0.4362963140010834,-0.5235210061073303,0.48084011673927307,-0.9175109267234802,-0.06480061262845993,0.15689341723918915,-0.508317232131958,-0.10966227203607559,0.2486853301525116,-0.10966227203607559,1.0202467441558838,-0.10966227203607559,1.007616639137268,-0.10148876905441284,116.5
140,-0.10961251705884933,0.2401638627052307,-0.10961634665727615,1.0109355449676514,-0.10963936150074005,1.0086115598678589,-0.10469802469015121,0.7250000238418579,-9.040387940001068e-16,0.11696603149175644,-7.930164816114238e-18,0.12674516439437866,2.739251431194134e-05,-0.022215329110622406,0.03476110100746155,-0.0,0.38834628462791443,-0.14776164293289185,-0.06982425600290298,0.32949063181877136,-0.9436824321746826,0.02998989261686802,-0.9416406154632568,-0.33076438307762146,-0.06251326948404312,-0.7884992361068726,0.4559777081012726,-0.5247951149940491,0.5301318764686584,-0.9286670684814453,-0.09178631752729416,0.1619516909122467,-0.5194162726402283,-0.10966227203607559,0.25384318828582764,-0.10966227203607559,1.0268394947052002,-0.10966227203607559,1.0058579444885254,-0.0998394712805748,116.5
141,-0.10961251705884933,0.24454721808433533,-0.10961634665727615,1.0161164999008179,-0.10963936150074005,1.0079787969589233,-0.10297229886054993,0.7250000238418579,-9.040387940001068e-16,0.11321326345205307,-7.930164816114238e-18,0.12910091876983643,-8.168069471084451e-16,-0.019229544326663017,0.04100659489631653,-0.0,0.3867044150829315,-0.14572352170944214,-0.0719376653432846,0.28646329045295715,-0.9578086733818054,0.023267313838005066,-0.9557909965515137,-0.28737303614616394,-0.0622914619743824,-0.7959720492362976,0.44680607318878174,-0.5275673270225525,0.47390180826187134,-0.9089326858520508,-0.04320590943098068,0.1545882523059845,-0.5319058299064636,-0.10966227203607559,0.25795140862464905,-0.10966227203607559,1.0303335189819336,-0.10966227203607559,1.0066826343536377,-0.0983346551656723,116.5
142,-0.10961251705884933,0.24957484006881714,-0.10961634665727615,1.021636962890625,-0.10963743925094604,1.007014274597168,-0.10133477300405502,0.7250000238418579,-9.040387940001068e-16,0.12025313824415207,-7.930164816114238e-18,0.13444246351718903,2.739251431194134e-05,-0.020352637395262718,0.04204750806093216,-0.0,0.38887912034988403,-0.14475584030151367,-0.0718066543340683,0.2501862049102783,-0.9679876565933228,0.020167212933301926,-0.9660034775733948,-0.2509666085243225,-0.06207302212715149,-0.7912575006484985,0.4636904001235962,-0.5276373028755188,0.493147611618042,-0.8965886831283569,-0.040489666163921356,0.14908941090106964,-0.5431410074234009,-0.10966227203607559,0.26348555088043213,-0.10966227203607559,1.0364314317703247,-0.10966227203607559,1.0057995319366455,-0.09686209261417389,116.5
143,-0.10961251705884933,0.2539274990558624,-0.10961634665727615,1.0265130996704102,-0.10963743925094604,1.006715178489685,-0.09974902123212814,0.7250000238418579,-9.040387940001068e-16,0.11504855751991272,-7.930164816114238e-18,0.12910091876983643,2.739251431194134e-05,-0.014819350093603134,0.04002046212553978,-0.0,0.39131858944892883,-0.14320234954357147,-0.07151629775762558,0.21603775024414062,-0.9762347340583801,0.017128562554717064,-0.9742670059204102,-0.2166908085346222,-0.06203968822956085,-0.7759860754013062,0.45112329721450806,-0.5168852210044861,0.4891045391559601,-0.8795742988586426,-0.03277742117643356,0.1422320157289505,-0.5476948618888855,-0.10966227203607559,0.26746121048927307,-0.10966227203607559,1.0411862134933472,-0.10966227203607559,1.0057318210601807,-0.09548205882310867,116.5
144,-0.10961251705884933,0.2588132321834564,-0.10961634665727615,1.031759262084961,-0.10963743925094604,1.0062741041183472,-0.09820544719696045,0.7260000109672546,-9.040387940001068e-16,0.11545944958925247,-7.930164816114238e-18,0.12627948820590973,-8.168069471084451e-16,-0.00882038939744234,0.03906172513961792,-0.0,0.3894445598125458,-0.1367795318365097,-0.07392875850200653,0.17369388043880463,-0.9846621155738831,0.016461217775940895,-0.9828781485557556,-0.17437443137168884,-0.05953199043869972,-0.7425074577331543,0.4309562146663666,-0.5042154788970947,0.4323042035102844,-0.8151098489761353,0.03713882714509964,0.11072887480258942,-0.5620809197425842,-0.10966227203607559,0.27174192667007446,-0.10966227203607559,1.044728398323059,-0.10966227203607559,1.0073882341384888,-0.09488358348608017,116.5
145,-0.10961251705884933,0.2633998394012451,-0.10961634665727615,1.03680419921875,-0.10963552445173264,1.006028652191162,-0.0967884361743927,0.7260000109672546,-9.040387940001068e-16,0.11836305260658264,-7.930164816114238e-18,0.1286078542470932,2.739251431194134e-05,-0.008464287035167217,0.03667857497930527,-0.0,0.38934972882270813,-0.12991340458393097,-0.07473081350326538,0.13853229582309723,-0.9901621341705322,0.019690675660967827,-0.9885772466659546,-0.1394476294517517,-0.05717811733484268,-0.6973140835762024,0.4266248047351837,-0.49002811312675476,0.4080542027950287,-0.739956259727478,0.07019961625337601,0.07367554306983948,-0.5802276134490967,-0.10966227203607559,0.2761985957622528,-0.10966227203607559,1.0490458011627197,-0.10966227203607559,1.0081346035003662,-0.09457816928625107,116.5
146,-0.10961251705884933,0.267700731754303,-0.10961634665727615,1.0411951541900635,-0.10963552445173264,1.0064524412155151,-0.09581627696752548,0.7260000109672546,-9.040387940001068e-16,0.10767997056245804,-7.930164816114238e-18,0.11660993099212646,2.739251431194134e-05,0.003862344427034259,0.02873474732041359,-0.0,0.38994911313056946,-0.12212919443845749,-0.07514110207557678,0.11267140507698059,-0.9934936165809631,0.01659920997917652,-0.9919169545173645,-0.11344239115715027,-0.05684710294008255,-0.6302505135536194,0.38688480854034424,-0.4672805666923523,0.37147000432014465,-0.6499766111373901,0.11766577512025833,0.03255678340792656,-0.5890766382217407,-0.10966227203607559,0.2793072760105133,-0.10966227203607559,1.0523391962051392,-0.10966227203607559,1.0099824666976929,-0.09483957290649414,116.5
147,-0.10961251705884933,0.27216845750808716,-0.10961634665727615,1.0452852249145508,-0.10963552445173264,1.0073057413101196,-0.0952218547463417,0.7250000238418579,-9.040387940001068e-16,0.10984398424625397,-7.930164816114238e-18,0.10472158342599869,-8.168069471084451e-16,0.017996881157159805,0.01843516156077385,-0.0,0.39520344138145447,-0.1154136136174202,-0.07245691120624542,0.1004006415605545,-0.9947637319564819,0.019100254401564598,-0.993131160736084,-0.10135825723409653,-0.05845537409186363,-0.546829104423523,0.36023324728012085,-0.4405440092086792,0.4225519597530365,-0.5546943545341492,0.10607529431581497,-0.0071957968175411224,-0.5902699828147888,-0.10966227203607559,0.2829754650592804,-0.10966227203607559,1.0579618215560913,-0.10966227203607559,1.0104880332946777,-0.09543772786855698,116.5
148,-0.10961251705884933,0.2760264277458191,-0.10961634665727615,1.0492044687271118,-0.10963552445173264,1.0086115598678589,-0.09502627700567245,0.7250000238418579,-9.040387940001068e-16,0.10307803004980087,-7.930164816114238e-18,0.09959918260574341,-8.168069471084451e-16,0.028186896815896034,0.008738212287425995,-0.0,0.3913562297821045,-0.10372688621282578,-0.07596168667078018,0.07529766857624054,-0.9970411062240601,0.015466799959540367,-0.9956101179122925,-0.07603627443313599,-0.054579559713602066,-0.46604788303375244,0.3262692391872406,-0.43511107563972473,0.34672367572784424,-0.40698859095573425,0.22423924505710602,-0.06481260061264038,-0.6119481921195984,-0.10966227203607559,0.285814493894577,-0.10966227203607559,1.0596061944961548,-0.10966227203607559,1.0153387784957886,-0.09697065502405167,116.5
149,-0.10961251705884933,0.2796696126461029,-0.10961634665727615,1.0537182092666626,-0.10963552445173264,1.00980806350708,-0.09511064738035202,0.7250000238418579,-9.040387940001068e-16,0.09225798398256302,-7.930164816114238e-18,0.10644730925559998,-8.168069471084451e-16,0.031419213861227036,0.00043828022899106145,-0.0,0.3871360421180725,-0.0854191705584526,-0.07868226617574692,0.05984795093536377,-0.9981572031974792,0.010021020658314228,-0.9968960285186768,-0.06028074771165848,-0.05064109340310097,-0.3427690267562866,0.3101520836353302,-0.4128587245941162,0.23674020171165466,-0.15079769492149353,0.33875036239624023,-0.13582909107208252,-0.6424717307090759,-0.10966227203607559,0.28897416591644287,-0.10966227203607559,1.060820460319519,-0.10966227203607559,1.0199705362319946,-0.0991855189204216,116.5
150,-0.10961251705884933,0.282829612493515,-0.10961634665727615,1.0569798946380615,-0.10963360965251923,1.0127015113830566,-0.09606746584177017,0.7250000238418579,-9.040387940001068e-16,0.08436894416809082,-7.930164816114238e-18,0.09529855847358704,2.739251431194134e-05,0.05442892387509346,-0.01487413514405489,-0.0,0.389320969581604,-0.07717366516590118,-0.07749731838703156,0.052807822823524475,-0.9985247254371643,0.01263772789388895,-0.9972532987594604,-0.05339030548930168,-0.05133545398712158,-0.26280903816223145,0.2829999029636383,-0.38502004742622375,0.23612728714942932,-0.031862080097198486,0.38288772106170654,-0.16321757435798645,-0.6503264307975769,-0.10966227203607559,0.2913196086883545,-0.10966227203607559,1.0640636682510376,-0.10966227203607559,1.0241881608963013,-0.10096399486064911,116.5
151,-0.10961251705884933,0.2860490679740906,-0.10961634665727615,1.0591542720794678,-0.10963360965251923,1.0165690183639526,-0.09765321761369705,0.7250000238418579,-9.040387940001068e-16,0.07910957932472229,-7.930164816114238e-18,0.06401630491018295,-8.168069471084451e-16,0.08834085613489151,-0.03382975608110428,-0.0,0.39372774958610535,-0.0707365944981575,-0.07478109002113342,0.03300008922815323,-0.9994110465049744,0.009407338686287403,-0.9978251457214355,-0.03348218649625778,-0.0567798875272274,-0.18316738307476044,0.2295956164598465,-0.3496057093143463,0.2729587256908417,0.043586671352386475,0.4121478796005249,-0.17750284075737,-0.6480609178543091,-0.10966227203607559,0.29293695092201233,-0.10966227203607559,1.06734299659729,-0.1083260104060173,1.0289334058761597,-0.10297830402851105,116.5
152,-0.10961251705884933,0.2888485789299011,-0.10961634665727615,1.0616681575775146,-0.10960676521062851,1.020710825920105,-0.09944989532232285,0.7250000238418579,-9.040387940001068e-16,0.07472677528858185,-7.930164816114238e-18,0.05859258770942688,0.0003834952076431364,0.10137969255447388,-0.04314320906996727,-0.0,0.3938940167427063,-0.0654517188668251,-0.0737314522266388,0.04605746641755104,-0.9989113807678223,0.007398024667054415,-0.997258186340332,-0.04640812799334526,-0.05763997137546539,-0.1366448998451233,0.2121233344078064,-0.32514166831970215,0.26169952750205994,0.11874300241470337,0.43858081102371216,-0.18850825726985931,-0.6544870734214783,-0.10966227203607559,0.2952122688293457,-0.10966227203607559,1.0695191621780396,-0.1060444787144661,1.0338681936264038,-0.10510514676570892,116.5
153,-0.10961251705884933,0.2909693121910095,-0.10961634665727615,1.0646977424621582,-0.1089816614985466,1.0251458883285522,-0.1013769581913948,0.7250000238418579,-9.040387940001068e-16,0.05960610881447792,-7.930164816114238e-18,0.07097400724887848,0.00931345485150814,0.10795389860868454,-0.04706034064292908,-0.0,0.3945314586162567,-0.05881388857960701,-0.0732279121875763,0.05868282914161682,-0.9981825351715088,0.013707302510738373,-0.9966205954551697,-0.05937054380774498,-0.056767456233501434,-0.07870791852474213,0.2090887725353241,-0.2837046682834625,0.236029714345932,0.24639245867729187,0.4523766040802002,-0.21182134747505188,-0.6782999038696289,-0.10966227203607559,0.2972419857978821,-0.10966227203607559,1.071778655052185,-0.10158988833427429,1.0387171506881714,-0.10773159563541412,116.5
154,-0.10961251705884933,0.29312264919281006,-0.10961634665727615,1.0673784017562866,-0.10744001716375351,1.0298322439193726,-0.10337496548891068,0.7250000238418579,-9.040387940001068e-16,0.052867550402879715,-7.930164816114238e-18,0.07108357548713684,0.029611308127641678,0.11469245702028275,-0.04933391883969307,-0.0,0.3957173824310303,-0.04534965381026268,-0.07290135324001312,0.0373978428542614,-0.9992928504943848,0.0038986823055893183,-0.9976110458374023,-0.03756109997630119,-0.05797690898180008,0.05336830019950867,0.18954430520534515,-0.17148607969284058,0.1760604977607727,0.5100443363189697,0.4919617772102356,-0.24342608451843262,-0.7050343751907349,-0.10801146924495697,0.2988089919090271,-0.10966227203607559,1.072660207748413,-0.09213868528604507,1.0445910692214966,-0.10966227203607559,116.5
155,-0.10961059480905533,0.2955309748649597,-0.10961634665727615,1.0698806047439575,-0.10387734323740005,1.0352510213851929,-0.10595972090959549,0.7250000238418579,2.739251431194134e-05,0.053881075233221054,-7.930164816114238e-18,0.05875694379210472,0.0661255270242691,0.11945875734090805,-0.054894596338272095,-0.0,0.39713576436042786,-0.04067486524581909,-0.07187504321336746,0.04436854273080826,-0.998999297618866,0.005643882323056459,-0.9973019957542419,-0.04462246224284172,-0.05828814208507538,0.11436329782009125,0.1555112898349762,-0.12186220288276672,0.18004921078681946,0.6378462314605713,0.5021973252296448,-0.26111331582069397,-0.7090309262275696,-0.10617969185113907,0.3001963198184967,-0.10966227203607559,1.075282096862793,-0.08474195748567581,1.0503169298171997,-0.10966227203607559,116.5
156,-0.10910246521234512,0.2972624599933624,-0.10961634665727615,1.071498990058899,-0.09794275462627411,1.0403189659118652,-0.10786569118499756,0.7250000238418579,0.007286408916115761,0.04747122526168823,-7.930164816114238e-18,0.04648509621620178,0.12173233181238174,0.12441679835319519,-0.05210056155920029,-0.0,0.39979618787765503,-0.035911086946725845,-0.07047227770090103,0.03996216133236885,-0.9991878271102905,0.005170674994587898,-0.9975337386131287,-0.04019377380609512,-0.05754028633236885,0.18738920986652374,0.10571843385696411,-0.0603925883769989,0.1977410912513733,0.7729334831237793,0.5041873455047607,-0.28034839034080505,-0.7145994901657104,-0.10348078608512878,0.30043402314186096,-0.10966227203607559,1.0774312019348145,-0.0747547522187233,1.055444598197937,-0.10966227203607559,116.5
157,-0.10771037638187408,0.2988232970237732,-0.10962018370628357,1.0734107494354248,-0.09259875118732452,1.0456725358963013,-0.10882826894521713,0.7250000238418579,0.02668030932545662,0.04037656635046005,-5.478502862388268e-05,0.04412934184074402,0.14244107902050018,0.13129231333732605,-0.033473651856184006,-0.0,0.3973129093647003,-0.030785731971263885,-0.0716286450624466,0.036737751215696335,-0.9993249177932739,-2.7557736757444218e-05,-0.9977220892906189,-0.03667726740241051,-0.056615885347127914,0.22754381597042084,0.08429251611232758,-0.02385854907333851,0.1594938039779663,0.8397996425628662,0.5459924936294556,-0.28074201941490173,-0.714565634727478,-0.10088406503200531,0.3013520836830139,-0.10966227203607559,1.078195571899414,-0.06740476191043854,1.0620523691177368,-0.10966227203607559,116.5
158,-0.10559540241956711,0.2997417747974396,-0.10962018370628357,1.075466275215149,-0.08713778108358383,1.0509819984436035,-0.1092577800154686,0.7250000238418579,0.04618377983570099,0.02963870018720627,-2.739251431194134e-05,0.05029265582561493,0.13411374390125275,0.1334015429019928,-0.0154767706990242,-0.0,0.39932793378829956,-0.028535883873701096,-0.0697471871972084,0.043531838804483414,-0.9990403056144714,0.004835780244320631,-0.9974711537361145,-0.04373463988304138,-0.05602234974503517,0.23937301337718964,0.07587714493274689,-0.02666729874908924,0.17898988723754883,0.802895724773407,0.50538170337677,-0.28635331988334656,-0.7195810675621033,-0.09841421246528625,0.30201807618141174,-0.10966227203607559,1.0808359384536743,-0.06305091083049774,1.0661433935165405,-0.10966227203607559,116.5
159,-0.10315445810556412,0.3004799783229828,-0.10962018370628357,1.0770922899246216,-0.08168447762727737,1.056510090827942,-0.10946870595216751,0.7250000238418579,0.058154307305812836,0.01958564668893814,-7.930164816114238e-18,0.04522503912448883,0.13682560622692108,0.13581208884716034,-0.007122053764760494,-0.0,0.3985133767127991,-0.0190520528703928,-0.07079079002141953,0.030425379052758217,-0.9995213747024536,0.005591887049376965,-0.9979805946350098,-0.030689610168337822,-0.05561346188187599,0.3166508078575134,0.04725135862827301,0.06283628940582275,0.11672914028167725,0.9158440828323364,0.5280673503875732,-0.29375573992729187,-0.7332159876823425,-0.09365493059158325,0.3018975257873535,-0.10773509740829468,1.0805941820144653,-0.054209157824516296,1.0723520517349243,-0.10966227203607559,116.5
160,-0.10052559524774551,0.3013140857219696,-0.10962018370628357,1.0788869857788086,-0.07625226676464081,1.0618042945861816,-0.10956074297428131,0.7250000238418579,0.06398891657590866,0.019832180812954903,-7.930164816114238e-18,0.04256796836853027,0.13605861365795135,0.13499030470848083,-0.003369279205799103,-0.0,0.3996035158634186,-0.015382679179310799,-0.07037901878356934,0.026748279109597206,-0.999614953994751,0.007380622439086437,-0.998006284236908,-0.027126003056764603,-0.056988149881362915,0.3369160294532776,0.037674859166145325,0.07657188177108765,0.11961743235588074,0.9257673025131226,0.509210467338562,-0.2975555956363678,-0.7376793622970581,-0.09041811525821686,0.30244433879852295,-0.10732302814722061,1.0824755430221558,-0.04847925156354904,1.0770806074142456,-0.10966227203607559,116.5
161,-0.09708947688341141,0.3015729486942291,-0.10902001708745956,1.079987645149231,-0.07074335962533951,1.0673322677612305,-0.1096029281616211,0.7250000238418579,0.07757560163736343,0.012600556015968323,0.008573857136070728,0.03508980944752693,0.13709953427314758,0.13545598089694977,-0.00147919578012079,-0.0,0.39781975746154785,-0.008652115240693092,-0.07262091338634491,0.010340392589569092,-0.9999082684516907,0.008748595602810383,-0.9985794425010681,-0.010783195495605469,-0.05218013375997543,0.38331782817840576,0.018235139548778534,0.12702065706253052,0.06874433159828186,0.9690086841583252,0.5366750955581665,-0.2992824614048004,-0.7408679127693176,-0.0855899453163147,0.30212000012397766,-0.10520940274000168,1.0820499658584595,-0.04167310148477554,1.0834325551986694,-0.10966227203607559,116.5
162,-0.09347119927406311,0.3020005524158478,-0.10813414305448532,1.0811803340911865,-0.06530539691448212,1.072670578956604,-0.1096278578042984,0.7250000238418579,0.08935438096523285,0.008108183741569519,0.020352637395262718,0.028022542595863342,0.13682560622692108,0.13575729727745056,-0.0007669904152862728,-0.0,0.40364351868629456,-0.004660157021135092,-0.07082420587539673,-0.030582275241613388,-0.999523937702179,0.004068715497851372,-0.9978406429290771,0.0302935391664505,-0.05827856436371803,0.4333416819572449,-0.007604643702507019,0.15281209349632263,0.1157219409942627,0.9575527906417847,0.477492094039917,-0.3093665540218353,-0.7478294372558594,-0.08047094941139221,0.30177241563796997,-0.1035497784614563,1.0846519470214844,-0.03657881170511246,1.0869953632354736,-0.10966227203607559,116.5
163,-0.08935821801424026,0.3021155893802643,-0.10668644309043884,1.0818265676498413,-0.05982524901628494,1.0781621932983398,-0.10964319109916687,0.7260000109672546,0.09790084511041641,0.0066289883106946945,0.030515260994434357,0.022050973027944565,0.13635993003845215,0.13556554913520813,-0.00046567272511310875,-0.0,0.4082081913948059,-0.0011416932102292776,-0.06885556131601334,-0.05973843112587929,-0.9982109665870667,0.0024776305072009563,-0.9963189959526062,0.059471964836120605,-0.06173763424158096,0.4674786329269409,-0.02585655450820923,0.1629745066165924,0.15811067819595337,0.9350497722625732,0.41685426235198975,-0.31723445653915405,-0.750521183013916,-0.0753338560461998,0.30133989453315735,-0.1017972081899643,1.086569905281067,-0.031773753464221954,1.0906678438186646,-0.10966227203607559,116.5
164,-0.08468916267156601,0.3021155893802643,-0.10507768392562866,1.083222508430481,-0.054404545575380325,1.0829232931137085,-0.10965277999639511,0.7250000238418579,0.11124099791049957,0.0006848128396086395,0.03895215317606926,0.02654334530234337,0.13614079356193542,0.12682734429836273,-0.0002739251358434558,-0.0,0.4073678255081177,0.002146119484677911,-0.06990676373243332,-0.068082794547081,-0.9976796507835388,7.19988311175257e-05,-0.9959178566932678,0.0679582804441452,-0.05940724164247513,0.4784887433052063,-0.022212982177734375,0.16503632068634033,0.13527247309684753,0.9235433340072632,0.39662396907806396,-0.32409223914146423,-0.7520243525505066,-0.07033450156450272,0.3014492094516754,-0.10012659430503845,1.0872806310653687,-0.026698244735598564,1.0948220491409302,-0.10966227203607559,116.5
165,-0.07969413697719574,0.3020101487636566,-0.1032886803150177,1.0850497484207153,-0.04897233843803406,1.0871187448501587,-0.10965661704540253,0.7250000238418579,0.12195147573947906,-0.0015065883053466678,0.04303364083170891,0.04204750806093216,0.13540120422840118,0.10998094081878662,-0.0001369625679217279,-0.0,0.4083511531352997,0.004214201122522354,-0.06977585703134537,-0.07715455442667007,-0.9970188736915588,-0.0007235876400955021,-0.9952125549316406,0.07705839723348618,-0.06011627987027168,0.4760255813598633,-0.004732303321361542,0.15052363276481628,0.13330766558647156,0.9011534452438354,0.3232784867286682,-0.33714160323143005,-0.7565904855728149,-0.06541337072849274,0.30186817049980164,-0.09877297282218933,1.089048981666565,-0.021937737241387367,1.096817135810852,-0.10966227203607559,116.5
166,-0.07469527423381805,0.3018605709075928,-0.10164348781108856,1.0863652229309082,-0.04353245720267296,1.091178059577942,-0.10965853184461594,0.7250000238418579,0.12512899935245514,-0.0036432044580578804,0.042704928666353226,0.038596052676439285,0.13600383698940277,0.1024480015039444,-8.217753929784521e-05,-0.0,0.40880951285362244,0.006201740819960833,-0.06985097378492355,-0.08333941549062729,-0.996515691280365,-0.0033171798568218946,-0.994678795337677,0.08338719606399536,-0.06050313636660576,0.46763092279434204,-0.00667533278465271,0.1344536989927292,0.1251882016658783,0.874372661113739,0.2794179320335388,-0.34393927454948425,-0.7557083368301392,-0.060666345059871674,0.30166029930114746,-0.09760987758636475,1.0901209115982056,-0.017301274463534355,1.0995606184005737,-0.10966227203607559,116.5
167,-0.06976161152124405,0.30185866355895996,-0.10014593601226807,1.0877035856246948,-0.03806573152542114,1.09425950050354,-0.10966045409440994,0.7250000238418579,0.1241154819726944,-0.0015339808305725455,0.038760408759117126,0.032460130751132965,0.13633254170417786,0.08729994297027588,-5.478502862388268e-05,-0.0,0.4085792899131775,0.008229549042880535,-0.07029988616704941,-0.08639078587293625,-0.9962535500526428,-0.003939528483897448,-0.9944229125976562,0.08647080510854721,-0.0603807158768177,0.4493066668510437,-0.009349167346954346,0.11675229668617249,0.10303246974945068,0.8531256318092346,0.2245776504278183,-0.3503493666648865,-0.7533150911331177,-0.0562824085354805,0.30157819390296936,-0.09664336591959,1.090794563293457,-0.012471964582800865,1.1009968519210815,-0.10966227203607559,116.5
168,-0.06434282660484314,0.30181071162223816,-0.0986330434679985,1.0891531705856323,-0.03188570961356163,1.0973925590515137,-0.10966045409440994,0.7250000238418579,0.12143101543188095,-0.0006848128396086395,0.03487066924571991,0.03300797939300537,0.1373186707496643,0.07113835960626602,-2.739251431194134e-05,-0.0,0.4086932837963104,0.011617220938205719,-0.07038270682096481,-0.08849214762449265,-0.9960721135139465,-0.003085274947807193,-0.9943462610244751,0.08852048218250275,-0.05864857882261276,0.4378492832183838,-0.006667524576187134,0.11060121655464172,0.078978031873703,0.8552035093307495,0.16445423662662506,-0.35946574807167053,-0.7602436542510986,-0.051207348704338074,0.30161067843437195,-0.09531500935554504,1.091522455215454,-0.006229603663086891,1.1023261547088623,-0.10966227203607559,116.5
169,-0.05994221568107605,0.30178964138031006,-0.09751132130622864,1.0900275707244873,-0.02675645984709263,1.0993579626083374,-0.10966045409440994,0.7250000238418579,0.11411721259355545,-0.0009587379754520953,0.030159158632159233,0.026050280779600143,0.13194973766803741,0.05733253061771393,0.0,-0.0,0.4085925221443176,0.013048838824033737,-0.07055005431175232,-0.08752860873937607,-0.9961617588996887,-0.0006444341270253062,-0.9944829344749451,0.08741860836744308,-0.05798006430268288,0.4104044437408447,-0.010682553052902222,0.09301380813121796,0.056721389293670654,0.8234057426452637,0.10457862168550491,-0.36242619156837463,-0.7601017951965332,-0.047630079090595245,0.30146917700767517,-0.09472090750932693,1.0917291641235352,-0.0020542889833450317,1.1024953126907349,-0.10966227203607559,116.5
170,-0.055420808494091034,0.3017282783985138,-0.09642986953258514,1.0908175706863403,-0.021216871216893196,1.1009111404418945,-0.10966045409440994,0.7250000238418579,0.11124099791049957,-0.0010683080181479454,0.027282943949103355,0.020160891115665436,0.13386721909046173,0.04240361228585243,0.0,-0.0,0.4091673791408539,0.014191399328410625,-0.07030467689037323,-0.08949434012174606,-0.995987057685852,-0.000699433614499867,-0.9943277835845947,0.08938572555780411,-0.05764096975326538,0.387323260307312,-0.016459614038467407,0.07459098100662231,0.043123871088027954,0.7947190403938293,0.03590477257966995,-0.36937275528907776,-0.7571961283683777,-0.043801113963127136,0.30123448371887207,-0.09419213980436325,1.0921112298965454,0.002624697983264923,1.1019883155822754,-0.10966227203607559,116.5
171,-0.051210030913352966,0.3016304671764374,-0.09550181031227112,1.091302752494812,-0.01583068259060383,1.101764440536499,-0.10966045409440994,0.7250000238418579,0.10874827951192856,-0.0021640085615217686,0.02473543956875801,0.01539459265768528,0.1367708295583725,0.028351252898573875,0.0,-0.0,0.4094492793083191,0.015230728313326836,-0.07029649615287781,-0.09305877238512039,-0.9956581592559814,-0.002210365142673254,-0.994053304195404,0.09303440898656845,-0.05659208446741104,0.3640401363372803,-0.02141222357749939,0.05789154767990112,0.028622237965464592,0.7700960040092468,-0.02055477164685726,-0.3762294352054596,-0.7556108236312866,-0.04028882831335068,0.300988107919693,-0.09376506507396698,1.0921614170074463,0.007272198796272278,1.1011477708816528,-0.10966227203607559,116.5
172,-0.047254279255867004,0.30148857831954956,-0.09482302516698837,1.091668963432312,-0.01033711340278387,1.1019254922866821,-0.10966045409440994,0.7250000238418579,0.10135230422019958,-0.0030131766106933355,0.01950347051024437,0.010053052566945553,0.1358942687511444,0.010573510080575943,0.0,-0.0,0.41054677963256836,0.01541934348642826,-0.06957122683525085,-0.09355238825082779,-0.9956143498420715,-0.000232082384172827,-0.9939833879470825,0.09341247379779816,-0.05719316750764847,0.3285757899284363,-0.02641358971595764,0.034627944231033325,0.022618083283305168,0.7287142276763916,-0.10580628365278244,-0.38396742939949036,-0.7539684176445007,-0.037397004663944244,0.30069616436958313,-0.09378418326377869,1.092347502708435,0.011524311266839504,1.0987513065338135,-0.10966227203607559,116.5
173,-0.04358998313546181,0.3012450635433197,-0.09432831406593323,1.0919201374053955,-0.0048684715293347836,1.1016302108764648,-0.10966045409440994,0.7250000238418579,0.0942850336432457,-0.0051771849393844604,0.013997574336826801,0.007478156127035618,0.13715431094169617,-0.0031775315292179585,0.0,-0.0,0.4105994701385498,0.01731547899544239,-0.06959154456853867,-0.0953688696026802,-0.9954417943954468,0.0006152726127766073,-0.9938477277755737,0.09518114477396011,-0.05663200840353966,0.30795419216156006,-0.02754513919353485,0.029110370203852654,0.0028420966118574142,0.7250049114227295,-0.14867986738681793,-0.3913786709308624,-0.7627477645874023,-0.03435135632753372,0.3004187047481537,-0.0934550017118454,1.0920053720474243,0.016881674528121948,1.0971697568893433,-0.10966227203607559,116.5
174,-0.04026507958769798,0.30100730061531067,-0.09398700296878815,1.0920965671539307,0.0005733253201469779,1.1002553701400757,-0.10966045409440994,0.7260000109672546,0.08664251863956451,-0.006081138271838427,0.009998267516493797,0.005067615304142237,0.13611340522766113,-0.02380409464240074,0.0,-0.0,0.4104368984699249,0.0180111825466156,-0.0695967823266983,-0.09211452305316925,-0.9957454800605774,0.0024081366136670113,-0.9941863417625427,0.09183434396982193,-0.05621299147605896,0.27403318881988525,-0.02502542734146118,0.014846397563815117,-0.01661759801208973,0.6982593536376953,-0.20898519456386566,-0.3995476961135864,-0.766981303691864,-0.03204408288002014,0.30025655031204224,-0.09354160726070404,1.0915980339050293,0.021521104499697685,1.0939857959747314,-0.10966227203607559,116.5
175,-0.037116583436727524,0.30072543025016785,-0.09375882148742676,1.0921157598495483,0.006015121936798096,1.0985277891159058,-0.10966045409440994,0.7250000238418579,0.08031485229730606,-0.006601595785468817,0.006765950936824083,0.002109223511070013,0.13608601689338684,-0.040458742529153824,0.0,-0.0,0.4096372127532959,0.01899845525622368,-0.07009924948215485,-0.0914803147315979,-0.9958024024963379,0.0029833309818059206,-0.9942741394042969,0.09117294102907181,-0.05573555454611778,0.2448938935995102,-0.022488802671432495,0.004979131743311882,-0.04171609878540039,0.6802442669868469,-0.24130521714687347,-0.40405428409576416,-0.7703237533569336,-0.029769765213131905,0.3000507652759552,-0.09360944479703903,1.0908643007278442,0.026422446593642235,1.091288685798645,-0.10966227203607559,116.5
176,-0.034081216901540756,0.30049532651901245,-0.093632273375988,1.0920524597167969,0.012060923501849174,1.0958374738693237,-0.10966045409440994,0.7250000238418579,0.07102879136800766,-0.005889390595257282,0.0036158119328320026,-0.0008765604579821229,0.13493552803993225,-0.05437413975596428,0.0,-0.0,0.40996041893959045,0.019227121025323868,-0.06985780596733093,-0.09165553003549576,-0.9957858920097351,0.003115409519523382,-0.9942573308944702,0.09134038537740707,-0.055760663002729416,0.2111683338880539,-0.017328083515167236,-0.013037474825978279,-0.047328174114227295,0.6463171243667603,-0.27797508239746094,-0.40548938512802124,-0.7714462876319885,-0.0277461688965559,0.2999754846096039,-0.09402339905500412,1.0906325578689575,0.031450435519218445,1.0874981880187988,-0.10966227203607559,116.5
177,-0.03179558739066124,0.30028247833251953,-0.09360350668430328,1.0916229486465454,0.0172534491866827,1.093291163444519,-0.10966045409440994,0.7250000238418579,0.06092095002532005,-0.005067615304142237,0.0014518032548949122,-0.007039876189082861,0.13181278109550476,-0.06283842772245407,0.0,-0.0,0.40984758734703064,0.019463978707790375,-0.06992355734109879,-0.0931638553738594,-0.9956424236297607,0.0040733725763857365,-0.9941425323486328,0.09279684722423553,-0.055401649326086044,0.18239013850688934,-0.01780383288860321,-0.02642071433365345,-0.054243236780166626,0.6155916452407837,-0.2952076494693756,-0.40164610743522644,-0.7697543501853943,-0.02632388286292553,0.29974836111068726,-0.09439612925052643,1.0899956226348877,0.035721197724342346,1.084434986114502,-0.10966227203607559,116.5
178,-0.02972087822854519,0.3001405894756317,-0.09364377707242966,1.0911415815353394,0.022781532257795334,1.0902308225631714,-0.10966045409440994,0.7250000238418579,0.05371671915054321,-0.004328017123043537,-0.0003561026824172586,-0.011888351291418076,0.1345246434211731,-0.07127532362937927,0.0,-0.0,0.40931156277656555,0.0197113286703825,-0.07027267664670944,-0.09228995442390442,-0.9957241415977478,0.003991594538092613,-0.9942486882209778,0.0919329822063446,-0.054934486746788025,0.157639279961586,-0.01821315288543701,-0.03913015127182007,-0.065178781747818,0.5965197086334229,-0.3021319806575775,-0.3990198075771332,-0.7678191065788269,-0.024991698563098907,0.2995941936969757,-0.09481768310070038,1.089186191558838,0.04067712277173996,1.0811668634414673,-0.10966227203607559,116.5
179,-0.027901193127036095,0.29996228218078613,-0.09384319186210632,1.0905836820602417,0.028255926445126534,1.0871033668518066,-0.10966045409440994,0.7250000238418579,0.04801907762885094,-0.003944522235542536,-0.0034240642562508583,-0.013093621470034122,0.13772955536842346,-0.07787691801786423,0.0,-0.0,0.4093981683254242,0.019668174907565117,-0.07022080570459366,-0.09172835946083069,-0.9957766532897949,0.0038396145682781935,-0.9943059086799622,0.0913814976811409,-0.05481984466314316,0.13522836565971375,-0.015574216842651367,-0.053995341062545776,-0.06655320525169373,0.5767968893051147,-0.3126344680786133,-0.39680132269859314,-0.7672304511070251,-0.023844342678785324,0.29949504137039185,-0.09546305239200592,1.0885870456695557,0.0455598309636116,1.0777243375778198,-0.10966227203607559,116.5
180,-0.02632119320333004,0.2997762858867645,-0.09429188072681427,1.0898798704147339,0.033705394715070724,1.0839051008224487,-0.10966045409440994,0.7250000238418579,0.041773583739995956,-0.00465672742575407,-0.00868342723697424,-0.01638072356581688,0.13638733327388763,-0.07938350737094879,0.0,-0.0,0.4105750024318695,0.01905515044927597,-0.06945008039474487,-0.09127357602119446,-0.9958157539367676,0.004483060911297798,-0.9943070411682129,0.09088490158319473,-0.055618930608034134,0.11041989922523499,-0.017484962940216064,-0.07372123003005981,-0.053530335426330566,0.540830671787262,-0.33000919222831726,-0.39208415150642395,-0.7630530595779419,-0.023008596152067184,0.2992517352104187,-0.09650351852178574,1.0882740020751953,0.04993031173944473,1.0740047693252563,-0.10966227203607559,116.5
181,-0.025003887712955475,0.29963821172714233,-0.09491506218910217,1.0891761779785156,0.03912993147969246,1.0805399417877197,-0.10966045409440994,0.7250000238418579,0.035473305732011795,-0.003944522235542536,-0.01397018227726221,-0.017969489097595215,0.13575729727745056,-0.08236929029226303,0.0,-0.0,0.410314679145813,0.019192690029740334,-0.06962665170431137,-0.09227011352777481,-0.9957250356674194,0.004222007934004068,-0.9942453503608704,0.091899573802948,-0.05505078658461571,0.08904838562011719,-0.015967831015586853,-0.08533009886741638,-0.06086885929107666,0.522138237953186,-0.32829922437667847,-0.3847633898258209,-0.7620285749435425,-0.022332435473799706,0.2991591691970825,-0.09747496247291565,1.0873501300811768,0.054794080555438995,1.0706909894943237,-0.10966227203607559,116.5
182,-0.02382272109389305,0.2994464635848999,-0.09580477327108383,1.0885952711105347,0.04525434970855713,1.0766186714172363,-0.10966045409440994,0.7250000238418579,0.028269074857234955,-0.003944522235542536,-0.01846255362033844,-0.014490639790892601,0.13597643375396729,-0.0863959863781929,0.0,-0.0,0.4108809530735016,0.018925581127405167,-0.0692872628569603,-0.09189193695783615,-0.9957601428031921,0.004198011010885239,-0.9942784905433655,0.09152299910783768,-0.05507951229810715,0.06881590187549591,-0.00659140944480896,-0.09825432300567627,-0.057649165391922,0.5014963150024414,-0.33609041571617126,-0.37833741307258606,-0.765389084815979,-0.021758241578936577,0.29924872517585754,-0.09875240176916122,1.086865782737732,0.06029924005270004,1.0665359497070312,-0.10966227203607559,116.5
183,-0.023019298911094666,0.2992892265319824,-0.09673474729061127,1.0879414081573486,0.05064821243286133,1.0731767416000366,-0.10966045409440994,0.7250000238418579,0.022297507151961327,-0.004108876921236515,-0.021996188908815384,-0.0149837052449584,0.13526423275470734,-0.08656034618616104,0.0,-0.0,0.4106091856956482,0.019083622843027115,-0.06946171820163727,-0.09118541330099106,-0.9958223700523376,0.004793043714016676,-0.9943575859069824,0.09078718721866608,-0.054869599640369415,0.0550418496131897,-0.003824591636657715,-0.10496464371681213,-0.06535211205482483,0.48778438568115234,-0.32582926750183105,-0.3691597878932953,-0.7659051418304443,-0.02136804349720478,0.2991744875907898,-0.09988368302583694,1.0859808921813965,0.06528174132108688,1.0634018182754517,-0.10966227203607559,116.5
184,-0.022373110055923462,0.2992432117462158,-0.09777402132749557,1.0873603820800781,0.05583690106868744,1.0696371793746948,-0.10966045409440994,0.7250000238418579,0.0175859946757555,-0.0022735786624252796,-0.024981973692774773,-0.0154767706990242,0.13192234933376312,-0.08743690699338913,0.0,-0.0,0.41023287177085876,0.019220564514398575,-0.0696808248758316,-0.09210998564958572,-0.9957399368286133,0.00420445017516613,-0.9942654967308044,0.09174156934022903,-0.054950714111328125,0.04100242257118225,0.00014293193817138672,-0.11122232675552368,-0.07385796308517456,0.46864721179008484,-0.31498169898986816,-0.35832181572914124,-0.7642917633056641,-0.02114303782582283,0.29924750328063965,-0.10111068934202194,1.0851446390151978,0.06989631801843643,1.0601876974105835,-0.10966227203607559,116.5
185,-0.021836215630173683,0.29920679330825806,-0.09887465089559555,1.0866835117340088,0.060830008238554,1.066239356994629,-0.10966045409440994,0.7250000238418579,0.01446324773132801,-0.0008765604579821229,-0.026954233646392822,-0.016024621203541756,0.1266355961561203,-0.08647816628217697,0.0,-0.0,0.41043341159820557,0.019133558496832848,-0.06957755982875824,-0.0921935960650444,-0.9957318305969238,0.0042971172370016575,-0.9942713379859924,0.09182226657867432,-0.05470962077379227,0.029594048857688904,0.002212345600128174,-0.11818686127662659,-0.07378223538398743,0.44250720739364624,-0.3084894120693207,-0.34710100293159485,-0.7608435153961182,-0.020948393270373344,0.29927316308021545,-0.10242025554180145,1.0844700336456299,0.07410522550344467,1.0569846630096436,-0.10966227203607559,116.5
186,-0.021481484174728394,0.2991971969604492,-0.10004622489213943,1.085891604423523,0.06565821170806885,1.0630046129226685,-0.10966045409440994,0.7250000238418579,0.010683080181479454,-0.0005478502716869116,-0.02862517721951008,-0.018763871863484383,0.12233496457338333,-0.08247885853052139,0.0,-0.0,0.41041576862335205,0.019114749506115913,-0.06956714391708374,-0.09301009774208069,-0.9956597685813904,0.0032752237748354673,-0.9941884279251099,0.09269256144762039,-0.05474841967225075,0.021516039967536926,0.0005218386650085449,-0.122963547706604,-0.07544657588005066,0.42085379362106323,-0.29206588864326477,-0.3347286880016327,-0.7573627233505249,-0.02083600126206875,0.29921284317970276,-0.10373513400554657,1.0836281776428223,0.07828382402658463,1.0542426109313965,-0.10966227203607559,116.5
187,-0.02122454158961773,0.2991971969604492,-0.10130217671394348,1.0851227045059204,0.07013360410928726,1.0597851276397705,-0.10966045409440994,0.7250000238418579,0.007286408916115761,-8.217753929784521e-05,-0.030542653053998947,-0.01950347051024437,0.11540466547012329,-0.08053398877382278,0.0,-0.0,0.4108298718929291,0.018881825730204582,-0.06931033730506897,-0.09253190457820892,-0.9957005381584167,0.004272622521966696,-0.9942190051078796,0.09215781092643738,-0.055094923824071884,0.012307003140449524,0.0009809136390686035,-0.12777969241142273,-0.07224768400192261,0.3939744830131531,-0.28782567381858826,-0.32357922196388245,-0.7546685934066772,-0.020855329930782318,0.2992266118526459,-0.10513556748628616,1.082955241203308,0.08195284008979797,1.0511503219604492,-0.10966227203607559,116.5
188,-0.021038547158241272,0.2991895377635956,-0.10260797291994095,1.0843709707260132,0.0744076520204544,1.0567669868469238,-0.10966045409440994,0.7250000238418579,0.005341540090739727,-0.00010957005724776536,-0.032213594764471054,-0.018900834023952484,0.10858392715454102,-0.07749342173337936,0.0,-0.0,0.4113427400588989,0.018640870228409767,-0.06900053471326828,-0.09203755855560303,-0.995744526386261,0.004678142257034779,-0.994274914264679,0.09164358675479889,-0.05494396761059761,0.005765452980995178,0.0026385486125946045,-0.13223281502723694,-0.06779313087463379,0.3686181902885437,-0.28198131918907166,-0.3128659427165985,-0.7526902556419373,-0.020865583792328835,0.2992686927318573,-0.10657495260238647,1.0823371410369873,0.08546619862318039,1.0483075380325317,-0.10966227203607559,116.5
189,-0.02093883790075779,0.2991876006126404,-0.10392528027296066,1.0836098194122314,0.07839983701705933,1.0537604093551636,-0.10966045409440994,0.7250000238418579,0.0033144941553473473,-8.217753929784521e-05,-0.03281623125076294,-0.018928227946162224,0.10280410200357437,-0.07521984726190567,0.0,-0.0,0.4104471802711487,0.019094841554760933,-0.06958944350481033,-0.09133656322956085,-0.9958139657974243,0.003479262348264456,-0.9943235516548157,0.0910072773694992,-0.0551208071410656,0.004076823592185974,0.004799962043762207,-0.12878936529159546,-0.08206087350845337,0.3548150658607483,-0.2566590905189514,-0.3007332682609558,-0.7526544332504272,-0.020816532894968987,0.2993316054344177,-0.10778896510601044,1.0811480283737183,0.08904428780078888,1.0460606813430786,-0.10966227203607559,116.5
190,-0.020885149016976357,0.2991876006126404,-0.10528093576431274,1.0829271078109741,0.08215425908565521,1.0508707761764526,-0.10966045409440994,0.7250000238418579,0.0017531209159642458,-3.695456518104743e-15,-0.03352843597531319,-0.017805134877562523,0.09601075947284698,-0.0734393298625946,0.0,-0.0,0.41079118847846985,0.018900815397500992,-0.06932664662599564,-0.09195549786090851,-0.9957549571990967,0.004030690994113684,-0.994283139705658,0.09159746021032333,-0.054871924221515656,-2.4005770683288574e-05,0.008098408579826355,-0.1297580897808075,-0.08047637343406677,0.33247697353363037,-0.250776469707489,-0.291049987077713,-0.7519480586051941,-0.02088586986064911,0.2994305491447449,-0.10917367786169052,1.0805127620697021,0.09212856739759445,1.0433474779129028,-0.10966227203607559,116.5
191,-0.020864056423306465,0.2991876006126404,-0.10662317276000977,1.082008719444275,0.0857706218957901,1.0482438802719116,-0.10966045409440994,0.7250000238418579,0.0008491679327562451,-3.695456518104743e-15,-0.03374757617712021,-0.02040742337703705,0.09154578298330307,-0.0683991089463234,0.0,-0.0,0.41105419397354126,0.018765531480312347,-0.06916997581720352,-0.090149886906147,-0.9959131479263306,0.00547788804396987,-0.9944440126419067,0.08971400558948517,-0.05506828799843788,-0.0006228983402252197,0.004274427890777588,-0.1310451328754425,-0.07573661208152771,0.31302469968795776,-0.23635078966617584,-0.28101369738578796,-0.7484075427055359,-0.02088274247944355,0.29931584000587463,-0.10966227203607559,1.079736590385437,0.09516136348247528,1.0411533117294312,-0.10966227203607559,116.5
192,-0.0208602212369442,0.2991876006126404,-0.10794622451066971,1.0811879634857178,0.08917797356843948,1.0456438064575195,-0.10966045409440994,0.7250000238418579,0.0002465326397214085,-3.695456518104743e-15,-0.03322711959481239,-0.021831832826137543,0.08740951120853424,-0.06502982974052429,0.0,-0.0,0.41057077050209045,0.019022688269615173,-0.06947444379329681,-0.09138709306716919,-0.9958062171936035,0.0042785052210092545,-0.9943471550941467,0.09101827442646027,-0.05467546358704567,0.0013660937547683716,0.00400899350643158,-0.12729835510253906,-0.08238574862480164,0.29922688007354736,-0.21292732656002045,-0.2708194851875305,-0.7472068667411804,-0.02081923745572567,0.2993078827857971,-0.10966227203607559,1.0787163972854614,0.09815478324890137,1.039255976676941,-0.10966227203607559,116.5
193,-0.02085830457508564,0.2991876006126404,-0.1088666170835495,1.0804460048675537,0.0923859104514122,1.0432392358779907,-0.10966045409440994,0.7260000109672546,5.478502862388268e-05,-3.695456518104743e-15,-0.027200765907764435,-0.018818657845258713,0.08204057812690735,-0.062181007117033005,0.0,-0.0,0.4114786684513092,0.018567509949207306,-0.06890527904033661,-0.09140458703041077,-0.9957996606826782,0.005306508857756853,-0.9943220615386963,0.09097479283809662,-0.05520143732428551,0.0053364187479019165,0.009235680103302002,-0.127606600522995,-0.06705877184867859,0.2753620147705078,-0.21009065210819244,-0.2616696059703827,-0.7471196055412292,-0.02069821208715439,0.2994646728038788,-0.10966227203607559,1.0784342288970947,0.10064677149057388,1.0369365215301514,-0.10966227203607559,116.5
194,-0.02085830457508564,0.2991876006126404,-0.10927695780992508,1.0795773267745972,0.09540018439292908,1.0410743951797485,-0.10966045409440994,0.7250000238418579,2.739251431194134e-05,-3.695456518104743e-15,-0.015175452455878258,-0.019996535032987595,0.07727428525686264,-0.05645596981048584,0.0,-0.0,0.4112870693206787,0.018655583262443542,-0.06901467591524124,-0.09197866171598434,-0.9957488179206848,0.004914250690490007,-0.9942554831504822,0.09156720340251923,-0.055420685559511185,0.018852606415748596,0.010892033576965332,-0.1196119487285614,-0.061812371015548706,0.25319647789001465,-0.17972899973392487,-0.2477301061153412,-0.7451136708259583,-0.020292727276682854,0.2995143532752991,-0.10966227203607559,1.0777229070663452,0.10299608111381531,1.0356825590133667,-0.10966227203607559,116.5
195,-0.020795026794075966,0.29919910430908203,-0.10944952815771103,1.0788660049438477,0.09846622496843338,1.0386929512023926,-0.10966045409440994,0.7250000238418579,0.0009039529832080007,0.00016435507859569043,-0.005505895242094994,-0.018051667138934135,0.07028919458389282,-0.05308669060468674,0.0,-0.0,0.4106740355491638,0.01900242641568184,-0.06944245100021362,-0.09085780382156372,-0.9958565831184387,0.0038121684920042753,-0.9943715929985046,0.0905115082859993,-0.05507120117545128,0.028422072529792786,0.018053799867630005,-0.11306872963905334,-0.06484630703926086,0.2300424575805664,-0.14910279214382172,-0.2346133291721344,-0.7455934286117554,-0.01994236372411251,0.299740731716156,-0.10966227203607559,1.0769206285476685,0.1053674966096878,1.0342198610305786,-0.10966227203607559,116.5
196,-0.020570682361721992,0.2992355525493622,-0.10952430963516235,1.0782370567321777,0.10102414339780807,1.0369595289230347,-0.10966045409440994,0.7250000238418579,0.004026699345558882,0.0006848128396086395,-0.002465326339006424,-0.0149837052449584,0.06546811014413834,-0.04719730094075203,0.0,-0.0,0.411274254322052,0.018672890961170197,-0.06903223693370819,-0.09135762602090836,-0.995807409286499,0.004620081279426813,-0.9943353533744812,0.09096752107143402,-0.054973818361759186,0.029077231884002686,0.022713378071784973,-0.12091708183288574,-0.051192641258239746,0.20657140016555786,-0.13473640382289886,-0.22661840915679932,-0.7438673973083496,-0.019698362797498703,0.29991695284843445,-0.10966227203607559,1.076701283454895,0.10722128301858902,1.0329173803329468,-0.10966227203607559,116.5
197,-0.020252380520105362,0.2993985414505005,-0.1095588281750679,1.0775562524795532,0.10330593585968018,1.035479187965393,-0.10966045409440994,0.7250000238418579,0.007122053764760494,0.0027940364088863134,-0.001232663169503212,-0.0165998637676239,0.05979785695672035,-0.03936304152011871,0.0,-0.0,0.41140666604042053,0.01857922226190567,-0.06894902884960175,-0.09049674868583679,-0.9958838224411011,0.005072596948593855,-0.994423508644104,0.09008476138114929,-0.05483214184641838,0.027621880173683167,0.02194485068321228,-0.1300172209739685,-0.04059097170829773,0.18174296617507935,-0.10909318178892136,-0.21732157468795776,-0.7387321591377258,-0.019423725083470345,0.3000568747520447,-0.10966227203607559,1.076338529586792,0.10875822603702545,1.032206416130066,-0.10966227203607559,116.5
198,-0.01995900832116604,0.2995806932449341,-0.10957416146993637,1.0770941972732544,0.10536914318799973,1.0341600179672241,-0.10966045409440994,0.7260000109672546,0.007669903803616762,0.004464979749172926,-0.0005478502716869116,-0.0138606121763587,0.05366193503141403,-0.034404996782541275,0.0,-0.0,0.4115423262119293,0.01852538250386715,-0.06888952106237411,-0.09016330540180206,-0.9959152936935425,0.004822764545679092,-0.9944167733192444,0.08975894749164581,-0.05548543110489845,0.024396970868110657,0.02778024971485138,-0.13807645440101624,-0.031454622745513916,0.16199374198913574,-0.09107428044080734,-0.20944517850875854,-0.7393437623977661,-0.019227098673582077,0.300414115190506,-0.10966227203607559,1.0761505365371704,0.11022895574569702,1.0314277410507202,-0.10966227203607559,116.5
199,-0.019667550921440125,0.29980695247650146,-0.1095818355679512,1.0766665935516357,0.10736523568630219,1.033005714416504,-0.10966045409440994,0.7250000238418579,0.006711165886372328,0.00490326015278697,-0.00021914011449553072,-0.009916090406477451,0.04659466817975044,-0.028049934655427933,0.0,-0.0,0.41136664152145386,0.018620911985635757,-0.06898816674947739,-0.09123358130455017,-0.9958174824714661,0.004888440016657114,-0.9943522810935974,0.09082985669374466,-0.054895225912332535,0.022615239024162292,0.036237359046936035,-0.14371225237846375,-0.02639457769691944,0.144110769033432,-0.062134258449077606,-0.19986706972122192,-0.7434240579605103,-0.018989095464348793,0.3008940815925598,-0.10966227203607559,1.0758748054504395,0.11168856173753738,1.0311416387557983,-0.10966227203607559,116.5
200,-0.019435536116361618,0.30010801553726196,-0.10959142446517944,1.076350212097168,0.10892989486455917,1.0321447849273682,-0.10966045409440994,0.7260000109672546,0.005998960696160793,0.006574203260242939,-0.0001917476038215682,-0.008519072085618973,0.04089702293276787,-0.022817963734269142,0.0,-0.0,0.4112933874130249,0.01865966245532036,-0.06902901083230972,-0.09152799844741821,-0.9957924485206604,0.004477149806916714,-0.99431973695755,0.09114552289247513,-0.05496138706803322,0.01937328279018402,0.041081562638282776,-0.15048927068710327,-0.018930228427052498,0.12772244215011597,-0.04034655541181564,-0.19256722927093506,-0.7448800802230835,-0.018854336813092232,0.3013404607772827,-0.10966227203607559,1.075782299041748,0.11276157200336456,1.0309343338012695,-0.10966227203607559,116.5
201,-0.019220778718590736,0.3004569709300995,-0.10959525406360626,1.0761258602142334,0.11038525402545929,1.031596302986145,-0.10966045409440994,0.7250000238418579,0.005533287767320871,0.00829993188381195,-0.00016435507859569043,-0.006492025684565306,0.0374181754887104,-0.016873788088560104,0.0,-0.0,0.41080179810523987,0.01889921724796295,-0.069351926445961,-0.09055309742689133,-0.995883584022522,0.0039996071718633175,-0.9944288730621338,0.09020177274942398,-0.05454212427139282,0.01931975781917572,0.046555906534194946,-0.155838280916214,-0.014421524479985237,0.11862188577651978,-0.0073427464812994,-0.18542760610580444,-0.7472140789031982,-0.018641185015439987,0.30185365676879883,-0.10966227203607559,1.0756932497024536,0.113943912088871,1.0313760042190552,-0.10966227203607559,116.5
202,-0.019019443541765213,0.30089032649993896,-0.10959525406360626,1.0759648084640503,0.11166037619113922,1.0312530994415283,-0.10965853184461594,0.7250000238418579,0.005149792414158583,0.009970875456929207,-2.739251431194134e-05,-0.0046293349005281925,0.03366539999842644,-0.010409154929220676,2.739251431194134e-05,-0.0,0.4119517505168915,0.01829838752746582,-0.06860270351171494,-0.0910167247056961,-0.9958360195159912,0.005148493684828281,-0.9943501353263855,0.09059491008520126,-0.05532035231590271,0.014803364872932434,0.04822079837322235,-0.16720396280288696,0.009722856804728508,0.10148140788078308,-0.003199806436896324,-0.17972715198993683,-0.7465601563453674,-0.018575340509414673,0.3023369610309601,-0.10966227203607559,1.076256513595581,0.11470481753349304,1.03115713596344,-0.10966227203607559,116.5
203,-0.018844954669475555,0.30135053396224976,-0.10959717631340027,1.0758440494537354,0.112854965031147,1.0312166213989258,-0.10965853184461594,0.7250000238418579,0.0046293349005281925,0.01131310872733593,-2.739251431194134e-05,-0.0034240642562508583,0.030515260994434357,-0.003944522235542536,2.739251431194134e-05,-0.0,0.4113745093345642,0.018610822036862373,-0.0689682886004448,-0.09163622558116913,-0.9957814812660217,0.004689942114055157,-0.9943109750747681,0.09124205261468887,-0.05495923012495041,0.015769287943840027,0.052707359194755554,-0.17177367210388184,0.014627663418650627,0.09310784935951233,0.031120846047997475,-0.17352497577667236,-0.7494577765464783,-0.018371878191828728,0.3029317557811737,-0.10966227203607559,1.0762828588485718,0.11564820259809494,1.0321502685546875,-0.10966227203607559,116.5
204,-0.018722236156463623,0.30182796716690063,-0.10959717631340027,1.0758440494537354,0.11385972052812576,1.031205177307129,-0.10965661704540253,0.7260000109672546,0.0036158119328320026,0.0117513881996274,-7.930164816114238e-18,-0.0012052706442773342,0.027063803747296333,-0.00030131766106933355,2.739251431194134e-05,-0.0,0.41199401021003723,0.01829759031534195,-0.06859097629785538,-0.09128463268280029,-0.9958114624023438,0.005154503509402275,-0.9943467378616333,0.09086600691080093,-0.054935272783041,0.011996224522590637,0.05478006601333618,-0.17855152487754822,0.029014883562922478,0.08038109540939331,0.03304518014192581,-0.16939789056777954,-0.7511321902275085,-0.018362348899245262,0.3034713566303253,-0.10966227203607559,1.0767145156860352,0.11627115309238434,1.0321965217590332,-0.10966227203607559,116.5
205,-0.018582260236144066,0.30233994126319885,-0.10959909111261368,1.0759245157241821,0.11479736864566803,1.031450629234314,-0.10965661704540253,0.7260000109672546,0.0032871016301214695,0.01243620179593563,-2.739251431194134e-05,0.0011504855938255787,0.023968450725078583,0.003369279205799103,2.739251431194134e-05,-0.0,0.4117105305194855,0.01843758299946785,-0.06879637390375137,-0.09119972586631775,-0.9958203434944153,0.0049371966160833836,-0.9943767189979553,0.09079728275537491,-0.05450465902686119,0.011317238211631775,0.05879887938499451,-0.18229642510414124,0.033584803342819214,0.07256704568862915,0.05142290145158768,-0.16509293019771576,-0.7542372941970825,-0.018242742866277695,0.30410391092300415,-0.10966227203607559,1.0769320726394653,0.116974376142025,1.0329933166503906,-0.10966227203607559,116.5
206,-0.01847679913043976,0.3029324412345886,-0.10959909111261368,1.0762102603912354,0.11559504270553589,1.031790018081665,-0.10965470224618912,0.7250000238418579,0.0030131766106933355,0.014024967327713966,-2.739251431194134e-05,0.0051771849393844604,0.021311376243829727,0.00821775384247303,2.739251431194134e-05,-0.0,0.4108642041683197,0.018854940310120583,-0.06933590769767761,-0.09096384793519974,-0.995847225189209,0.0037192492745816708,-0.9943757057189941,0.09062473475933075,-0.054809968918561935,0.013492956757545471,0.06745697557926178,-0.18550977110862732,0.03425601124763489,0.07052671909332275,0.08644265681505203,-0.16045153141021729,-0.7594054937362671,-0.018072010949254036,0.3049561381340027,-0.10966227203607559,1.0772379636764526,0.11771084368228912,1.0343832969665527,-0.10966227203607559,116.5
207,-0.018369419500231743,0.30354219675064087,-0.10959909111261368,1.0765610933303833,0.11632751673460007,1.0324093103408813,-0.10965470224618912,0.7260000109672546,0.002629681257531047,0.015148060396313667,-7.930164816114238e-18,0.008327323943376541,0.018846049904823303,0.012518378905951977,0.0,-0.0,0.4108157455921173,0.01886606216430664,-0.06935514509677887,-0.09041353315114975,-0.9958966970443726,0.003887524362653494,-0.9944237470626831,0.09006566554307938,-0.054859522730112076,0.012376055121421814,0.07281357795000076,-0.1911938190460205,0.04325413703918457,0.06393355131149292,0.10212583094835281,-0.15716660022735596,-0.762540876865387,-0.017998136579990387,0.3057266175746918,-0.10966227203607559,1.0778586864471436,0.11824552714824677,1.035473108291626,-0.10966227203607559,116.5
208,-0.018250536173582077,0.30427658557891846,-0.10959909111261368,1.0768966674804688,0.11704273521900177,1.0334141254425049,-0.10965277999639511,0.7250000238418579,0.002821428934112191,0.017010752111673355,-7.930164816114238e-18,0.008546464145183563,0.017996881157159805,0.021366160362958908,2.739251431194134e-05,-0.0,0.4112389385700226,0.018611282110214233,-0.06905048340559006,-0.09224021434783936,-0.9957283139228821,0.004104292951524258,-0.9942648410797119,0.09187904745340347,-0.054732199758291245,0.012382149696350098,0.07370153069496155,-0.1999460756778717,0.06312528252601624,0.05487218499183655,0.12523747980594635,-0.15252098441123962,-0.7624589204788208,-0.017879072576761246,0.3064876198768616,-0.10966227203607559,1.0787904262542725,0.11868889629840851,1.0371712446212769,-0.10966227203607559,116.5
209,-0.018114395439624786,0.3051701486110687,-0.10959909111261368,1.077427864074707,0.11775603890419006,1.0347026586532593,-0.10965277999639511,0.7260000109672546,0.0030405691359192133,0.01953086256980896,-7.930164816114238e-18,0.010573510080575943,0.01657247170805931,0.02777600847184658,0.0,-0.0,0.41219016909599304,0.01813693903386593,-0.06846053153276443,-0.0912168100476265,-0.9958153963088989,0.005586141254752874,-0.9943424463272095,0.09077241271734238,-0.055167924612760544,0.008797362446784973,0.07440783083438873,-0.21099260449409485,0.08870753645896912,0.043827176094055176,0.12875111401081085,-0.14907653629779816,-0.7619192004203796,-0.017850473523139954,0.3074023723602295,-0.10966227203607559,1.0800890922546387,0.1190708577632904,1.0385651588439941,-0.10966227203607559,116.5
210,-0.017993595451116562,0.3058987855911255,-0.10959909111261368,1.0781813859939575,0.11825074255466461,1.0360966920852661,-0.10965277999639511,0.7260000109672546,0.00295839156024158,0.018900834023952484,-7.930164816114238e-18,0.016243761405348778,0.013696257025003433,0.032487522810697556,0.0,-0.0,0.4091170132160187,0.018224913626909256,-0.06997469067573547,-0.07652697712182999,-0.9970629215240479,0.0030225871596485376,-0.9955680966377258,0.07624535262584686,-0.05505272373557091,0.0031132251024246216,0.0890289917588234,-0.2177419364452362,0.07046088576316833,0.035804927349090576,0.1872674971818924,-0.1437087059020996,-0.769271731376648,-0.017900196835398674,0.30856963992118835,-0.10966227203607559,1.080295205116272,0.11932489275932312,1.0417146682739258,-0.10966227203607559,116.5
211,-0.01792840100824833,0.30666384100914,-0.10959909111261368,1.0791478157043457,0.1186629980802536,1.0374983549118042,-0.1096508651971817,0.7250000238418579,0.002218793611973524,0.01865430176258087,-7.930164816114238e-18,0.022133151069283485,0.011066575534641743,0.03511720150709152,2.739251431194134e-05,-0.0,0.4111776053905487,0.01726713590323925,-0.06869034469127655,-0.07725805789232254,-0.9969978332519531,0.005142475012689829,-0.9954672455787659,0.07685045897960663,-0.05602680519223213,-0.0027948319911956787,0.09208836406469345,-0.22646310925483704,0.09706166386604309,0.02433684654533863,0.15977443754673004,-0.142221137881279,-0.7716214656829834,-0.01801224611699581,0.309426486492157,-0.10966227203607559,1.082059621810913,0.11939310282468796,1.0422916412353516,-0.10966227203607559,116.5
212,-0.017907308414578438,0.3075593113899231,-0.10959909111261368,1.0798534154891968,0.11899472773075104,1.0396075248718262,-0.1096508651971817,0.7250000238418579,0.0009313454502262175,0.021064843982458115,-7.930164816114238e-18,0.02054438553750515,0.009066922590136528,0.04538939520716667,2.739251431194134e-05,-0.0,0.41023343801498413,0.01784033700823784,-0.0691552385687828,-0.07369975745677948,-0.99726802110672,0.00498349592089653,-0.9957138299942017,0.07330307364463806,-0.056397270411252975,0.0017237812280654907,0.09512437880039215,-0.22977283596992493,0.10414072871208191,0.02158263511955738,0.20511139929294586,-0.1373375654220581,-0.7743628025054932,-0.01785559579730034,0.31041303277015686,-0.10966227203607559,1.0829776525497437,0.11964220553636551,1.0457608699798584,-0.10966227203607559,116.5
213,-0.017907308414578438,0.3085698187351227,-0.10959909111261368,1.0808563232421875,0.1191692128777504,1.0412143468856812,-0.1096508651971817,0.7250000238418579,0.00016435507859569043,0.024160197004675865,-7.930164816114238e-18,0.02155790850520134,0.005944175645709038,0.04601942375302315,0.0,-0.0,0.40572234988212585,0.021383721381425858,-0.07154585421085358,-0.06391174346208572,-0.9979525804519653,0.00243311352096498,-0.996558666229248,0.06369313597679138,-0.05304710566997528,0.024330303072929382,0.10833190381526947,-0.20795798301696777,0.05339786410331726,0.05606678128242493,0.28063881397247314,-0.13742001354694366,-0.7834360599517822,-0.0171774011105299,0.31181976199150085,-0.10966227203607559,1.082458257675171,0.12085121870040894,1.049633502960205,-0.10966227203607559,116.5
214,-0.017890051007270813,0.3097490668296814,-0.10959909111261368,1.082236886024475,0.11949135363101959,1.0442842245101929,-0.1096508651971817,0.7250000238418579,0.0002465326397214085,0.024187589064240456,-7.930164816114238e-18,0.027584262192249298,0.005725035443902016,0.05522330850362778,0.0,-0.0,0.4048622250556946,0.02523808181285858,-0.07071394473314285,-0.05141648277640343,-0.9986533522605896,0.006912961136549711,-0.9972802400588989,0.05097731575369835,-0.05322965979576111,0.06472848355770111,0.11836878955364227,-0.18237155675888062,0.04460000991821289,0.10552790760993958,0.31468212604522705,-0.14312802255153656,-0.7963587641716003,-0.01594819687306881,0.31330013275146484,-0.10966227203607559,1.083574891090393,0.12265718728303909,1.0537246465682983,-0.10966227203607559,116.5
215,-0.01758708991110325,0.31086695194244385,-0.10959909111261368,1.0824650526046753,0.12020464986562729,1.0472103357315063,-0.1096508651971817,0.7250000238418579,0.004547157324850559,0.026077672839164734,-7.930164816114238e-18,0.014654994942247868,0.013257976621389389,0.06974133849143982,0.0,-0.0,0.4012702405452728,0.02763228677213192,-0.07210763543844223,-0.04066024720668793,-0.9991612434387207,0.004848178941756487,-0.9977717995643616,0.040345869958400726,-0.053137265145778656,0.08440829068422318,0.10591451823711395,-0.1712152361869812,0.02159997634589672,0.128036767244339,0.3946881890296936,-0.1414623260498047,-0.7869555354118347,-0.015054840594530106,0.31404438614845276,-0.10966227203607559,1.0831130743026733,0.12404575198888779,1.0590510368347168,-0.10966227203607559,116.5
216,-0.01680859364569187,0.31215357780456543,-0.10960101336240768,1.082902193069458,0.12142416834831238,1.0507614612579346,-0.1096508651971817,0.7260000109672546,0.01487413514405489,0.030597439035773277,-2.739251431194134e-05,0.007724688854068518,0.0256120003759861,0.08253364264965057,0.0,-0.0,0.39921802282333374,0.026663023978471756,-0.07157634943723679,-0.012807050719857216,-0.9998935461044312,0.00699071167036891,-0.9983693957328796,0.012397954240441322,-0.05572141334414482,0.07346948981285095,0.09292137622833252,-0.19599425792694092,0.03585311770439148,0.118947833776474,0.4317159354686737,-0.1400856226682663,-0.7673647999763489,-0.014604508876800537,0.3149412274360657,-0.10966227203607559,1.0839778184890747,0.12499260157346725,1.0637129545211792,-0.10966227203607559,116.5
217,-0.015878617763519287,0.3131142556667328,-0.10960101336240768,1.0831303596496582,0.12279899418354034,1.0551525354385376,-0.10964895039796829,0.7250000238418579,0.022133151069283485,0.027502084150910378,-2.739251431194134e-05,0.008491679094731808,0.0331997275352478,0.10148926824331284,2.739251431194134e-05,-0.0,0.3943997621536255,0.024309072643518448,-0.07184569537639618,0.030419426038861275,-0.999488890171051,0.009827875532209873,-0.9979455471038818,-0.030924178659915924,-0.0561099611222744,0.04512833058834076,0.09405548125505447,-0.22695767879486084,0.02417573146522045,0.08402985334396362,0.5036160945892334,-0.1301654577255249,-0.7532907128334045,-0.01452476717531681,0.3159359097480774,-0.10966227203607559,1.0838556289672852,0.12531989812850952,1.070261001586914,-0.10966227203607559,116.5
218,-0.01517874002456665,0.3140844702720642,-0.10960101336240768,1.083488941192627,0.12395139783620834,1.0598887205123901,-0.10964895039796829,0.7250000238418579,0.019969142973423004,0.02377670258283615,-7.930164816114238e-18,0.00717683881521225,0.031227465718984604,0.11548683792352676,0.0,-0.0,0.37996289134025574,0.01959342323243618,-0.07546858489513397,0.0729982778429985,-0.9972368478775024,0.013778435066342354,-0.9956768751144409,-0.07366578280925751,-0.056576382368803024,-0.03622448444366455,0.11858692765235901,-0.26440590620040894,-0.11184456944465637,-0.0033777933567762375,0.6500240564346313,-0.10219283401966095,-0.7287000417709351,-0.016265474259853363,0.31764206290245056,-0.10966227203607559,1.0801335573196411,0.12385006248950958,1.0793894529342651,-0.10966227203607559,116.5
219,-0.014831677079200745,0.31517359614372253,-0.10960101336240768,1.083598256111145,0.12461676448583603,1.0661108493804932,-0.10964895039796829,0.7250000238418579,0.010765258222818375,0.024379337206482887,-7.930164816114238e-18,0.00490326015278697,0.01933911442756653,0.1319771260023117,0.0,-0.0,0.3692390024662018,0.010408740490674973,-0.07689794898033142,0.11497113853693008,-0.9932103753089905,0.017740631476044655,-0.9914591908454895,-0.1158386617898941,-0.05991755798459053,-0.1525977998971939,0.1342862844467163,-0.3315173089504242,-0.17702427506446838,-0.18144434690475464,0.7469322681427002,-0.05581631883978844,-0.7135167121887207,-0.019409609958529472,0.319202184677124,-0.10966227203607559,1.0782874822616577,0.11917343735694885,1.0885188579559326,-0.10966227203607559,116.5
220,-0.0152707789093256,0.31649091839790344,-0.10960101336240768,1.0820106267929077,0.12431763857603073,1.0715891122817993,-0.10964895039796829,0.7250000238418579,-0.0037801668513566256,0.029364775866270065,-7.930164816114238e-18,-0.02259882353246212,0.0008217754075303674,0.1384417712688446,0.0,-0.0,0.35725918412208557,-0.0012490948429331183,-0.07853946089744568,0.17822159826755524,-0.9837273359298706,0.022750504314899445,-0.9819932579994202,-0.17928464710712433,-0.0595499686896801,-0.2864188551902771,0.11189839243888855,-0.38833919167518616,-0.259603887796402,-0.43556129932403564,0.8290910720825195,0.01796441152691841,-0.6849290132522583,-0.02386334352195263,0.31984788179397583,-0.10966227203607559,1.0742225646972656,0.11125080287456512,1.0964618921279907,-0.1091100201010704,116.5
221,-0.01717674918472767,0.3179788887500763,-0.10960101336240768,1.0799262523651123,0.12171754240989685,1.0771191120147705,-0.10964127629995346,0.7250000238418579,-0.033501043915748596,0.03580201417207718,-7.930164816114238e-18,-0.048923030495643616,-0.041417479515075684,0.13781173527240753,0.00010957005724776536,-0.0,0.36088088154792786,-0.018134020268917084,-0.07158435136079788,0.22954387962818146,-0.9728792905807495,0.028557224199175835,-0.9709537029266357,-0.23092767596244812,-0.06262018531560898,-0.4260510206222534,0.08166662603616714,-0.42833858728408813,-0.1229914128780365,-0.7453690767288208,0.7264350652694702,0.10432156920433044,-0.7120859026908875,-0.02995827980339527,0.32042887806892395,-0.10966227203607559,1.0762364864349365,0.09935647249221802,1.0989121198654175,-0.10651163011789322,116.5
222,-0.02052849717438221,0.3189050257205963,-0.10960101336240768,1.077260971069336,0.11648858338594437,1.0826069116592407,-0.10930188000202179,0.7260000109672546,-0.0700700506567955,0.029173027724027634,-7.930164816114238e-18,-0.06061963364481926,-0.10537900030612946,0.13764739036560059,0.004958045203238726,-0.0,0.35157835483551025,-0.029007092118263245,-0.07308222353458405,0.24026554822921753,-0.9703804850578308,0.02518298290669918,-0.9685043692588806,-0.24138638377189636,-0.06108919903635979,-0.5583155751228333,0.079149030148983,-0.44969412684440613,-0.2038862109184265,-0.9699655771255493,0.7506730556488037,0.20218804478645325,-0.7237206697463989,-0.03727796673774719,0.32127949595451355,-0.10966227203607559,1.0711443424224854,0.08738961815834045,1.1051270961761475,-0.10323624312877655,116.5
223,-0.025393133983016014,0.31981196999549866,-0.10960101336240768,1.0762083530426025,0.11092981696128845,1.0881446599960327,-0.10777749121189117,0.7250000238418579,-0.10707733780145645,0.022160543128848076,-7.930164816114238e-18,-0.04385541379451752,-0.13778434693813324,0.13783912360668182,0.026406383141875267,-0.0,0.3481830060482025,-0.03581886366009712,-0.07284153252840042,0.247785747051239,-0.9684962034225464,0.02484634518623352,-0.9664025902748108,-0.24889613687992096,-0.06416160613298416,-0.6478053331375122,0.09789537638425827,-0.483286052942276,-0.16928750276565552,-1.0250332355499268,0.7238280773162842,0.2454792857170105,-0.7477309703826904,-0.04482729360461235,0.3227488398551941,-0.10966227203607559,1.0711296796798706,0.08092981576919556,1.1098594665527344,-0.10041311383247375,116.5
224,-0.03179750591516495,0.32052144408226013,-0.10960101336240768,1.07375967502594,0.1048111543059349,1.0942785739898682,-0.10506809502840042,0.7250000238418579,-0.13685299456119537,0.01846255362033844,-7.930164816114238e-18,-0.042650144547224045,-0.1370721459388733,0.13685299456119537,0.05382629111409187,-0.0,0.3401770293712616,-0.04216335341334343,-0.07511268556118011,0.2646775245666504,-0.9640703201293945,0.02267666533589363,-0.961990475654602,-0.26559993624687195,-0.06349018961191177,-0.707040011882782,0.08417978882789612,-0.511710524559021,-0.17857816815376282,-1.0591020584106445,0.7310180068016052,0.29551130533218384,-0.7289393544197083,-0.053008705377578735,0.32304683327674866,-0.10966227203607559,1.0684022903442383,0.07481115311384201,1.1162091493606567,-0.09620276093482971,116.5
225,-0.03721629083156586,0.3218502700328827,-0.10960101336240768,1.0720665454864502,0.0993482694029808,1.099818229675293,-0.10231076925992966,0.7250000238418579,-0.13912658393383026,0.025447646155953407,-7.930164816114238e-18,-0.04903259873390198,-0.13600383698940277,0.13756521046161652,0.06628988683223724,-0.0,0.33843767642974854,-0.05106022581458092,-0.07377835363149643,0.2780601978302002,-0.9602447152137756,0.024751150980591774,-0.9580536484718323,-0.2791031002998352,-0.06507433205842972,-0.7443860769271851,0.060227930545806885,-0.5329224467277527,-0.13324345648288727,-1.1106547117233276,0.7089298963546753,0.3263726532459259,-0.711408257484436,-0.059547871351242065,0.3236570954322815,-0.10966227203607559,1.0680692195892334,0.06934826821088791,1.1210861206054688,-0.09251958876848221,116.5
226,-0.042660005390644073,0.322523295879364,-0.10960101336240768,1.07028329372406,0.09393906593322754,1.1052964925765991,-0.0990472212433815,0.7260000109672546,-0.13551077246665955,0.0246258694678545,-7.930164816114238e-18,-0.0430610328912735,-0.13600383698940277,0.13751041889190674,0.0765620768070221,-0.0,0.3264540731906891,-0.06755836308002472,-0.0763353705406189,0.3073674142360687,-0.9513057470321655,0.023294731974601746,-0.9490736126899719,-0.3082418739795685,-0.06516307592391968,-0.866266131401062,0.024758994579315186,-0.6414658427238464,-0.19359679520130157,-1.2140703201293945,0.7850794792175293,0.39565056562423706,-0.6828010082244873,-0.06864798814058304,0.32326605916023254,-0.10966227203607559,1.064475417137146,0.06393906474113464,1.128848910331726,-0.08717770129442215,116.5
227,-0.04810755327343941,0.3230736255645752,-0.10960101336240768,1.0689411163330078,0.08853945136070251,1.1108072996139526,-0.09544236958026886,0.7250000238418579,-0.13630515336990356,0.01397018227726221,-7.930164816114238e-18,-0.0382673405110836,-0.13501770794391632,0.13729128241539001,0.08716297894716263,-0.0,0.32652533054351807,-0.07526611536741257,-0.07486327737569809,0.30750367045402527,-0.9512841701507568,0.022359119728207588,-0.949078381061554,-0.30831271409988403,-0.06475700438022614,-0.9060851335525513,0.0013344883918762207,-0.6737123131752014,-0.15454399585723877,-1.233481526374817,0.7592729926109314,0.4142034947872162,-0.6816412806510925,-0.07529010623693466,0.32311365008354187,-0.10966227203607559,1.0643048286437988,0.05853945016860962,1.1335854530334473,-0.08301626145839691,116.5
228,-0.0542377270758152,0.3232595920562744,-0.10960101336240768,1.0665020942687988,0.0823805183172226,1.1169681549072266,-0.09052212536334991,0.7250000238418579,-0.1362503618001938,0.007834259420633316,-7.930164816114238e-18,-0.04664945229887962,-0.13644210994243622,0.1373186707496643,0.10283149778842926,-0.0,0.323937326669693,-0.08067173510789871,-0.0754215344786644,0.3083023726940155,-0.9510200023651123,0.022597333416342735,-0.9488149881362915,-0.3091258704662323,-0.06473987549543381,-0.927281379699707,-0.04093140363693237,-0.6938768625259399,-0.14919301867485046,-1.2573341131210327,0.7414104342460632,0.44338586926460266,-0.6641132831573486,-0.08205616474151611,0.3220316469669342,-0.10966227203607559,1.0620262622833252,0.0523805171251297,1.1392104625701904,-0.07722055166959763,116.5
229,-0.05938039720058441,0.3232826292514801,-0.10960101336240768,1.0651847124099731,0.0771937444806099,1.1222143173217773,-0.0863477811217308,0.7250000238418579,-0.13181278109550476,0.0011778781190514565,-7.930164816114238e-18,-0.0430610328912735,-0.13274411857128143,0.13353849947452545,0.1075156182050705,-0.0,0.3233334720134735,-0.0875130295753479,-0.07485456019639969,0.3163723051548004,-0.9482733607292175,0.026193935424089432,-0.9460633397102356,-0.3174261450767517,-0.06484460085630417,-0.9583818316459656,-0.06387373805046082,-0.7218345999717712,-0.12625302374362946,-1.2707232236862183,0.7175316214561462,0.45824339985847473,-0.6591148972511292,-0.0881318524479866,0.32136642932891846,-0.10966227203607559,1.0613970756530762,0.047193743288517,1.1437402963638306,-0.07260048389434814,116.5
230,-0.06557192653417587,0.3229374587535858,-0.10960101336240768,1.0634533166885376,0.0709255188703537,1.1284959316253662,-0.08086571842432022,0.7250000238418579,-0.1339493989944458,-0.004711512476205826,-7.930164816114238e-18,-0.03522677347064018,-0.13570252060890198,0.13657908141613007,0.11600729823112488,-0.0,0.3210258185863495,-0.09304506331682205,-0.07567751407623291,0.32391229271888733,-0.9457737803459167,0.024346064776182175,-0.9436530470848083,-0.32481667399406433,-0.06334812194108963,-0.9906080961227417,-0.07797473669052124,-0.7563022375106812,-0.11054536700248718,-1.2777128219604492,0.7169901132583618,0.4731079638004303,-0.6550240516662598,-0.0952901691198349,0.32059821486473083,-0.10966227203607559,1.0601369142532349,0.0409255176782608,1.150005578994751,-0.06667248159646988,116.5
231,-0.07109042257070541,0.3223852515220642,-0.10960101336240768,1.0622222423553467,0.06554508209228516,1.1339761018753052,-0.07602217048406601,0.7250000238418579,-0.13833220303058624,-0.01243620179593563,-7.930164816114238e-18,-0.0346241369843483,-0.1370173543691635,0.13860611617565155,0.12211582809686661,-0.0,0.3199917674064636,-0.1007489338517189,-0.07633087784051895,0.3088773190975189,-0.9508446455001831,0.022117435932159424,-0.9487542510032654,-0.3096644878387451,-0.06303400546312332,-1.0521419048309326,-0.10097041726112366,-0.8115985989570618,-0.09346561133861542,-1.2908995151519775,0.7114264369010925,0.49615585803985596,-0.6483061909675598,-0.10109042376279831,0.31935614347457886,-0.10966227203607559,1.0594183206558228,0.03554508090019226,1.1553188562393188,-0.061137497425079346,116.5
232,-0.07649961858987808,0.32148978114128113,-0.10960101336240768,1.0612021684646606,0.06009944900870323,1.1394697427749634,-0.07093702256679535,0.7250000238418579,-0.1361955851316452,-0.018928227946162224,-7.930164816114238e-18,-0.027145981788635254,-0.13512727618217468,0.13712692260742188,0.12444419413805008,-0.0,0.3209344744682312,-0.10471753776073456,-0.07577294856309891,0.29589980840682983,-0.9549857974052429,0.02110535092651844,-0.9527918696403503,-0.2966499626636505,-0.06470286101102829,-1.0624182224273682,-0.10099563002586365,-0.8155838251113892,-0.06282839179039001,-1.2827426195144653,0.677785336971283,0.49169763922691345,-0.6498860716819763,-0.10649961978197098,0.3184598982334137,-0.10966227203607559,1.0593173503875732,0.030099449679255486,1.1598032712936401,-0.056186094880104065,116.5
233,-0.08191457390785217,0.3204255700111389,-0.10960101336240768,1.0603163242340088,0.05467682704329491,1.144974708557129,-0.06567355245351791,0.7250000238418579,-0.13515466451644897,-0.025201112031936646,-7.930164816114238e-18,-0.023420600220561028,-0.13600383698940277,0.13751041889190674,0.12997747957706451,-0.0,0.319336861371994,-0.10752508789300919,-0.07681411504745483,0.2865000367164612,-0.9578832983970642,0.019424565136432648,-0.9557706713676453,-0.2871575653553009,-0.06358399987220764,-1.0738431215286255,-0.10822761058807373,-0.82790607213974,-0.06259755790233612,-1.2824817895889282,0.670336127281189,0.4955734312534332,-0.6473914384841919,-0.10966227203607559,0.31717872619628906,-0.10966227203607559,1.0584384202957153,0.02467682771384716,1.1650848388671875,-0.050806351006031036,116.5
234,-0.08741006255149841,0.3194361627101898,-0.10960101336240768,1.059754490852356,0.04919668287038803,1.1504970788955688,-0.06054430454969406,0.7250000238418579,-0.1367982178926468,-0.02558460831642151,-7.930164816114238e-18,-0.01742163859307766,-0.13630515336990356,0.13778434693813324,0.12992268800735474,-0.0,0.321829229593277,-0.111056849360466,-0.07567764073610306,0.2786848545074463,-0.9601745009422302,0.01999065652489662,-0.9580637216567993,-0.2793973386287689,-0.06364716589450836,-1.0702886581420898,-0.0949065089225769,-0.8137250542640686,-0.016175614669919014,-1.2672616243362427,0.6250225305557251,0.4830526113510132,-0.6481022238731384,-0.10966227203607559,0.31658896803855896,-0.10966227203607559,1.0592691898345947,0.019196683540940285,1.1692477464675903,-0.0460527241230011,116.5
235,-0.09283268451690674,0.3182990849018097,-0.10960101336240768,1.059177279472351,0.04372803866863251,1.1559867858886719,-0.055328767746686935,0.7260000109672546,-0.1365242898464203,-0.0268720556050539,-7.930164816114238e-18,-0.013942789286375046,-0.1370721459388733,0.13756521046161652,0.1294296234846115,-0.0,0.32493630051612854,-0.11564809828996658,-0.07490409910678864,0.24798473715782166,-0.9686181545257568,0.01680588908493519,-0.9664212465286255,-0.2485535442829132,-0.06520023941993713,-1.0802305936813354,-0.08659800887107849,-0.8090295195579529,0.032587334513664246,-1.255617380142212,0.5730010867118835,0.4726339876651764,-0.6469162702560425,-0.10966227203607559,0.3157011568546295,-0.10966227203607559,1.060154914855957,0.013728039339184761,1.1731767654418945,-0.04114975035190582,116.5
236,-0.0982879027724266,0.31743431091308594,-0.10960101336240768,1.0590890645980835,0.03829774633049965,1.1615053415298462,-0.050320323556661606,0.7250000238418579,-0.13597643375396729,-0.02468065544962883,-7.930164816114238e-18,-0.00745076360180974,-0.13605861365795135,0.13772955536842346,0.1275121569633484,-0.0,0.32936733961105347,-0.11949559301137924,-0.07276361435651779,0.238022118806839,-0.9710568785667419,0.019848180934786797,-0.9688670635223389,-0.23881970345973969,-0.06528188288211823,-1.0659658908843994,-0.06610405445098877,-0.7817319631576538,0.09710907936096191,-1.2334200143814087,0.5017325282096863,0.44901618361473083,-0.6487320065498352,-0.10966227203607559,0.3154512047767639,-0.10966227203607559,1.0620023012161255,0.008297747001051903,1.1765573024749756,-0.03684983402490616,116.5
237,-0.10362806916236877,0.3166002035140991,-0.10960101336240768,1.05939781665802,0.03283485770225525,1.1669893264770508,-0.04537706822156906,0.7250000238418579,-0.1348259598016739,-0.020790917798876762,-7.930164816114238e-18,0.0039719147607684135,-0.13627775013446808,0.1375925987958908,0.12392373383045197,-0.0,0.3272399306297302,-0.12198853492736816,-0.07435375452041626,0.233564555644989,-0.9721848368644714,0.017443379387259483,-0.9701260328292847,-0.2342052012681961,-0.06327230483293533,-1.072343349456787,-0.047005653381347656,-0.79099440574646,0.10025335848331451,-1.226282000541687,0.5158228278160095,0.4421307146549225,-0.6499872207641602,-0.10966227203607559,0.31519004702568054,-0.10966227203607559,1.0624054670333862,0.0028348583728075027,1.1824640035629272,-0.032113149762153625,116.5
238,-0.10740549862384796,0.3159751296043396,-0.1096029281616211,1.0607209205627441,0.026806313544511795,1.172816514968872,-0.040196049958467484,0.7250000238418579,-0.1007496640086174,-0.01632593758404255,-2.739251431194134e-05,0.022982319816946983,-0.13490812480449677,0.13211409747600555,0.1179247722029686,-0.0,0.3255837559700012,-0.12431569397449493,-0.07603608071804047,0.22357335686683655,-0.974574863910675,0.014790749177336693,-0.9723566770553589,-0.22406186163425446,-0.06571768969297409,-1.0519626140594482,-0.036770299077034,-0.7856694459915161,0.08932560682296753,-1.2327635288238525,0.5156731605529785,0.4216814339160919,-0.646766185760498,-0.10966227203607559,0.31487202644348145,-0.10966227203607559,1.0634007453918457,-0.0031936857849359512,1.1882866621017456,-0.027545606717467308,116.5
239,-0.10868829488754272,0.315466970205307,-0.1096029281616211,1.0616508722305298,0.021608036011457443,1.1780320405960083,-0.03582420200109482,0.7250000238418579,-0.050758328288793564,-0.012819696217775345,-2.739251431194134e-05,0.02689944952726364,-0.13153885304927826,0.129703551530838,0.11135056614875793,-0.0,0.3289623260498047,-0.12797585129737854,-0.0747191533446312,0.21181710064411163,-0.9771978855133057,0.01475759781897068,-0.9750573635101318,-0.2123294323682785,-0.06464734673500061,-1.0043437480926514,-0.05162009596824646,-0.7515402436256409,0.10627993941307068,-1.2437621355056763,0.4478541612625122,0.395148903131485,-0.623558521270752,-0.10966227203607559,0.3139183521270752,-0.10966227203607559,1.064839243888855,-0.008391963317990303,1.1914676427841187,-0.0239697378128767,116.5
240,-0.10917916148900986,0.31515443325042725,-0.1096029281616211,1.0624581575393677,0.016041604802012444,1.183420181274414,-0.031437017023563385,0.7250000238418579,-0.0187090877443552,-0.009861305356025696,-7.930164816114238e-18,0.021037450060248375,-0.13518205285072327,0.13301804661750793,0.10935091972351074,-0.0,0.33731576800346375,-0.13459846377372742,-0.07176981121301651,0.18513134121894836,-0.982581615447998,0.016114477068185806,-0.9803488850593567,-0.18579792976379395,-0.06629569083452225,-0.9820395708084106,-0.07040898501873016,-0.7261804938316345,0.1841357797384262,-1.2514541149139404,0.320969820022583,0.3791789710521698,-0.5961664915084839,-0.10966227203607559,0.31304216384887695,-0.10966227203607559,1.0679821968078613,-0.013958394527435303,1.1930493116378784,-0.02006164751946926,116.5
241,-0.10944952815771103,0.31457728147506714,-0.1096029281616211,1.0636833906173706,0.010580632835626602,1.1877076625823975,-0.027379639446735382,0.7250000238418579,-0.008656034246087074,-0.011395285837352276,-7.930164816114238e-18,0.026077672839164734,-0.13783912360668182,0.11885611712932587,0.10463940352201462,-0.0,0.3371824622154236,-0.13462671637535095,-0.07369421422481537,0.15957608819007874,-0.987106204032898,0.012521781027317047,-0.9849576950073242,-0.16005484759807587,-0.0651211142539978,-0.9812641739845276,-0.07336582243442535,-0.7161577343940735,0.1567249298095703,-1.2478421926498413,0.26767677068710327,0.37162473797798157,-0.595633327960968,-0.10966227203607559,0.31237632036209106,-0.10966227203607559,1.068385124206543,-0.019419366493821144,1.1957379579544067,-0.01623089797794819,116.5
242,-0.10953773558139801,0.31379878520965576,-0.1096029281616211,1.0658098459243774,0.00512924836948514,1.1906931400299072,-0.023431556299328804,0.7250000238418579,-0.0038897369522601366,-0.017750348895788193,-7.930164816114238e-18,0.04426630213856697,-0.13635993003845215,0.0869712308049202,0.09946221858263016,-0.0,0.3427237570285797,-0.135699063539505,-0.07268510013818741,0.12561343610286713,-0.9920191764831543,0.010918970219790936,-0.9899212121963501,-0.12605814635753632,-0.06453889608383179,-0.9825229048728943,-0.056342631578445435,-0.684025764465332,0.17124220728874207,-1.219558596611023,0.08006972819566727,0.34015345573425293,-0.6142693161964417,-0.10966227203607559,0.31210851669311523,-0.10966227203607559,1.0709471702575684,-0.024870751425623894,1.1930952072143555,-0.013226952403783798,116.5
243,-0.10957033187150955,0.31294551491737366,-0.1096029281616211,1.0673898458480835,-0.000276116537861526,1.1930956840515137,-0.0196042750030756,0.7250000238418579,-0.0012052706442773342,-0.02059916965663433,-7.930164816114238e-18,0.04612899199128151,-0.13559293746948242,0.06513939797878265,0.09718863666057587,-0.0,0.3471336364746094,-0.1368379145860672,-0.07259049266576767,0.10104705393314362,-0.9948364496231079,0.009482831694185734,-0.9927350878715515,-0.10145024955272675,-0.06469035893678665,-0.9770963191986084,-0.05699129402637482,-0.6575475335121155,0.18661221861839294,-1.2070847749710083,-0.04248517006635666,0.3237084448337555,-0.6223002076148987,-0.10966227203607559,0.31123578548431396,-0.10966227203607559,1.0729882717132568,-0.030276115983724594,1.1918210983276367,-0.0098930224776268,116.5
244,-0.1096259355545044,0.3125351667404175,-0.1096029281616211,1.0691136121749878,-0.005758180283010006,1.1933354139328003,-0.016124054789543152,0.7250000238418579,-0.0011504855938255787,-0.014956312254071236,-7.930164816114238e-18,0.040595706552267075,-0.13641472160816193,0.028132112696766853,0.09045007824897766,-0.0,0.35456618666648865,-0.1418277472257614,-0.07318563759326935,0.06643164157867432,-0.9977000951766968,0.013468028046190739,-0.9956662654876709,-0.06716453284025192,-0.06432373821735382,-0.9906889200210571,-0.07087785005569458,-0.6438435316085815,0.25978830456733704,-1.2127336263656616,-0.1887972205877304,0.31374478340148926,-0.6342217326164246,-0.10966227203607559,0.3104088306427002,-0.10966227203607559,1.0769072771072388,-0.03575817868113518,1.1876715421676636,-0.00671171210706234,116.5
245,-0.10964511334896088,0.31190621852874756,-0.1096029281616211,1.0712229013442993,-0.011173132807016373,1.1925607919692993,-0.012762719765305519,0.7260000109672546,-0.0008765604579821229,-0.012792304158210754,-7.930164816114238e-18,0.04914217069745064,-0.13616818189620972,-0.010628295131027699,0.08477982878684998,-0.0,0.35456618666648865,-0.1418277472257614,-0.07318563759326935,0.06643164157867432,-0.9977000951766968,0.013468028046190739,-0.9956662654876709,-0.06716453284025192,-0.06432373821735382,-0.9989193081855774,-0.06184345483779907,-0.6324235200881958,0.23771461844444275,-1.2037785053253174,-0.2747257947921753,0.291260689496994,-0.6614790558815002,-0.10966227203607559,0.310050904750824,-0.10966227203607559,1.0783543586730957,-0.04117313027381897,1.184319019317627,-0.0040248967707157135,116.5
246,-0.10964702814817429,0.3112312853336334,-0.1096029281616211,1.0740857124328613,-0.016680123284459114,1.1901044845581055,-0.009512598626315594,0.7250000238418579,-0.0001917476038215682,-0.016955966129899025,-7.930164816114238e-18,0.06407108902931213,-0.13666124641895294,-0.044841546565294266,0.08234189450740814,-0.0,0.35456618666648865,-0.1418277472257614,-0.07318563759326935,0.06643164157867432,-0.9977000951766968,0.013468028046190739,-0.9956662654876709,-0.06716453284025192,-0.06432373821735382,-1.0141961574554443,-0.046273618936538696,-0.6306902766227722,0.20366281270980835,-1.1931456327438354,-0.3424127697944641,0.2688722014427185,-0.6910945773124695,-0.10966227203607559,0.3098430633544922,-0.10966227203607559,1.0801955461502075,-0.04668012261390686,1.179832100868225,-0.0014464305713772774,116.5
247,-0.10964702814817429,0.310487300157547,-0.1096029281616211,1.076674222946167,-0.02275276929140091,1.1865839958190918,-0.006210704799741507,0.7250000238418579,-1.0071308563730725e-15,-0.01649029366672039,-7.930164816114238e-18,0.06316713988780975,-0.1359216570854187,-0.07417892664670944,0.07601422816514969,-0.0,0.35456618666648865,-0.1418277472257614,-0.07318563759326935,0.06643164157867432,-0.9977000951766968,0.013468028046190739,-0.9956662654876709,-0.06716453284025192,-0.06432373821735382,-1.0171911716461182,-0.045017391443252563,-0.6197987198829651,0.15995070338249207,-1.1859196424484253,-0.39679551124572754,0.25403156876564026,-0.7052090764045715,-0.10966227203607559,0.3091367781162262,-0.10966227203607559,1.0814727544784546,-0.052752770483493805,1.1746801137924194,0.001410242635756731,116.5
248,-0.10964702814817429,0.3101709187030792,-0.1096029281616211,1.078505516052246,-0.02790694497525692,1.1829349994659424,-0.003585680155083537,0.7250000238418579,-1.0071308563730725e-15,-0.011450070887804031,-7.930164816114238e-18,0.0495256669819355,-0.13101840019226074,-0.08653295040130615,0.06823474913835526,-0.0,0.35456618666648865,-0.1418277472257614,-0.07318563759326935,0.06643164157867432,-0.9977000951766968,0.013468028046190739,-0.9956662654876709,-0.06716453284025192,-0.06432373821735382,-1.0065466165542603,-0.05404484272003174,-0.6034685373306274,0.11873146891593933,-1.179029941558838,-0.4153069257736206,0.2505098581314087,-0.6998230218887329,-0.10966227203607559,0.30854958295822144,-0.10966227203607559,1.0820674896240234,-0.057906944304704666,1.1704758405685425,0.0039296140894293785,116.5
249,-0.10964702814817429,0.30968964099884033,-0.1096029281616211,1.080029845237732,-0.03338900953531265,1.1785554885864258,-0.0009510680683888495,0.7260000109672546,-1.0071308563730725e-15,-0.009943482466042042,-7.930164816114238e-18,0.04095180705189705,-0.1334015429019928,-0.10231103748083115,0.06555028259754181,-0.0,0.35456618666648865,-0.1418277472257614,-0.07318563759326935,0.06643164157867432,-0.9977000951766968,0.013468028046190739,-0.9956662654876709,-0.06716453284025192,-0.06432373821735382,-1.0045900344848633,-0.06231692433357239,-0.5944467186927795,0.08102306723594666,-1.1779251098632812,-0.4423753023147583,0.2466963827610016,-0.7011898756027222,-0.10966227203607559,0.3078201413154602,-0.10966227203607559,1.0824605226516724,-0.06338901072740555,1.165284276008606,0.006449822802096605,116.5
250,-0.10964702814817429,0.30902233719825745,-0.1096029281616211,1.0811151266098022,-0.038826972246170044,1.1741472482681274,0.0016720390412956476,0.7250000238418579,-1.0071308563730725e-15,-0.015038490295410156,-7.930164816114238e-18,0.031446605920791626,-0.13657908141613007,-0.11044661700725555,0.0655776783823967,-0.0,0.35456618666648865,-0.1418277472257614,-0.07318563759326935,0.06643164157867432,-0.9977000951766968,0.013468028046190739,-0.9956662654876709,-0.06716453284025192,-0.06432373821735382,-1.0048736333847046,-0.07834699749946594,-0.5905126333236694,0.03717562556266785,-1.1775864362716675,-0.45884236693382263,0.2491452395915985,-0.7002078294754028,-0.10966227203607559,0.3066719174385071,-0.10966227203607559,1.0822304487228394,-0.06882697343826294,1.1603820323944092,0.009146396070718765,116.5
251,-0.10964702814817429,0.3083934187889099,-0.1096029281616211,1.0817747116088867,-0.04435122013092041,1.1693880558013916,0.004252961836755276,0.7250000238418579,-1.0071308563730725e-15,-0.01629854552447796,-7.930164816114238e-18,0.02048960141837597,-0.13718171417713165,-0.11534987390041351,0.06508461385965347,-0.0,0.35456618666648865,-0.1418277472257614,-0.07318563759326935,0.06643164157867432,-0.9977000951766968,0.013468028046190739,-0.9956662654876709,-0.06716453284025192,-0.06432373821735382,-1.0004736185073853,-0.09096607565879822,-0.5833024978637695,0.0006866436451673508,-1.1752067804336548,-0.46606171131134033,0.2520800530910492,-0.6942968368530273,-0.10966227203607559,0.30566442012786865,-0.10966227203607559,1.081795334815979,-0.0743512213230133,1.1554062366485596,0.011815362609922886,116.5
252,-0.10964702814817429,0.30752095580101013,-0.1096029281616211,1.082033634185791,-0.04980068653821945,1.1645349264144897,0.006879903841763735,0.7250000238418579,-1.0071308563730725e-15,-0.019174760207533836,-7.930164816114238e-18,0.01021740771830082,-0.1370721459388733,-0.12069141864776611,0.06492026150226593,-0.0,0.35456618666648865,-0.1418277472257614,-0.07318563759326935,0.06643164157867432,-0.9977000951766968,0.013468028046190739,-0.9956662654876709,-0.06716453284025192,-0.06432373821735382,-0.996790885925293,-0.1038048267364502,-0.5775160193443298,-0.033637940883636475,-1.1719681024551392,-0.47489142417907715,0.25469088554382324,-0.6891077756881714,-0.10966227203607559,0.3044068217277527,-0.10966227203607559,1.0810245275497437,-0.07980068773031235,1.1502882242202759,0.01452062837779522,116.5
253,-0.10964702814817429,0.30653345584869385,-0.1096029281616211,1.082043170928955,-0.055292338132858276,1.1596051454544067,0.009516432881355286,0.7250000238418579,-1.0071308563730725e-15,-0.023831486701965332,-7.930164816114238e-18,0.0025201113894581795,-0.13682560622692108,-0.12238975614309311,0.06607074290513992,-0.0,0.35456618666648865,-0.1418277472257614,-0.07318563759326935,0.06643164157867432,-0.9977000951766968,0.013468028046190739,-0.9956662654876709,-0.06716453284025192,-0.06432373821735382,-0.994925856590271,-0.11360055208206177,-0.5736753940582275,-0.06580573320388794,-1.1678591966629028,-0.4764741361141205,0.25808829069137573,-0.6839133501052856,-0.10966227203607559,0.30312544107437134,-0.10966227203607559,1.0800689458847046,-0.08529233932495117,1.145310878753662,0.017259081825613976,116.5
254,-0.10964702814817429,0.3054155707359314,-0.1096029281616211,1.0817766189575195,-0.06068236380815506,1.154571771621704,0.012189394794404507,0.7250000238418579,-1.0071308563730725e-15,-0.0265981312841177,-7.930164816114238e-18,-0.0037801668513566256,-0.1359216570854187,-0.12485507875680923,0.06626249104738235,-0.0,0.35456618666648865,-0.1418277472257614,-0.07318563759326935,0.06643164157867432,-0.9977000951766968,0.013468028046190739,-0.9956662654876709,-0.06716453284025192,-0.06432373821735382,-0.9926267862319946,-0.11928045749664307,-0.5693443417549133,-0.09235119819641113,-1.1626466512680054,-0.4776780307292938,0.25974228978157043,-0.6788457632064819,-0.10966227203607559,0.30183714628219604,-0.10966227203607559,1.0790060758590698,-0.09068236500024796,1.1402413845062256,0.019981659948825836,116.5
255,-0.10964702814817429,0.3041749596595764,-0.1096029281616211,1.0810154676437378,-0.0661318302154541,1.1495766639709473,0.014933302998542786,0.7250000238418579,-1.0071308563730725e-15,-0.02994001843035221,-7.930164816114238e-18,-0.014490639790892601,-0.13551077246665955,-0.12545771896839142,0.06798821687698364,-0.0,0.35456618666648865,-0.1418277472257614,-0.07318563759326935,0.06643164157867432,-0.9977000951766968,0.013468028046190739,-0.9956662654876709,-0.06716453284025192,-0.06432373821735382,-0.988293468952179,-0.13252946734428406,-0.5647485852241516,-0.11838877201080322,-1.1601526737213135,-0.4776995778083801,0.2655238211154938,-0.6700885891914368,-0.10966227203607559,0.30019906163215637,-0.10966227203607559,1.0774637460708618,-0.096131831407547,1.135245680809021,0.022899014875292778,116.5
256,-0.10964702814817429,0.30289793014526367,-0.1096029281616211,1.0799800157546997,-0.07155445218086243,1.1445356607437134,0.017658036202192307,0.7260000109672546,-1.0071308563730725e-15,-0.031556177884340286,-7.930164816114238e-18,-0.0235027763992548,-0.13600383698940277,-0.12556728720664978,0.06823474913835526,-0.0,0.35456618666648865,-0.1418277472257614,-0.07318563759326935,0.06643164157867432,-0.9977000951766968,0.013468028046190739,-0.9956662654876709,-0.06716453284025192,-0.06432373821735382,-0.9842744469642639,-0.1414637565612793,-0.5599441528320312,-0.13922646641731262,-1.1577903032302856,-0.47494399547576904,0.26989153027534485,-0.661317765712738,-0.10966227203607559,0.2986540198326111,-0.10966227203607559,1.075803279876709,-0.10155445337295532,1.1302872896194458,0.025754781439900398,116.5
257,-0.10964702814817429,0.3012412190437317,-0.1096029281616211,1.078541874885559,-0.0777018815279007,1.1389020681381226,0.020798861980438232,0.7250000238418579,-1.0071308563730725e-15,-0.03519938141107559,-7.930164816114238e-18,-0.030049588531255722,-0.13603122532367706,-0.1255398988723755,0.0692208856344223,-0.0,0.39231473207473755,-0.18901830911636353,-0.07471749931573868,-0.4216748774051666,-0.8573064804077148,-0.29532337188720703,0.3705616295337677,-0.46018654108047485,0.8067914247512817,-1.1115708351135254,-0.1488880217075348,-0.5223950743675232,0.11356693506240845,-1.265527606010437,-0.38593047857284546,0.37413254380226135,-0.46339213848114014,-0.10966227203607559,0.29677456617355347,-0.10966227203607559,1.0819488763809204,-0.10770188271999359,1.127324104309082,0.032022833824157715,116.5
258,-0.10964702814817429,0.29984915256500244,-0.1096029281616211,1.0773894786834717,-0.08288673311471939,1.134317398071289,0.023650148883461952,0.7250000238418579,-1.0071308563730725e-15,-0.03591158613562584,-7.930164816114238e-18,-0.030487868934869766,-0.13277152180671692,-0.11880133301019669,0.0706452950835228,-0.0,0.38922572135925293,-0.19020743668079376,-0.07555565983057022,0.07125034183263779,-0.997358500957489,0.014121036976575851,-0.9955103993415833,-0.07198841869831085,-0.061455193907022476,-1.091280460357666,-0.16485372185707092,-0.8044613003730774,0.4556700587272644,-1.325769066810608,-0.5238149166107178,0.2965778410434723,-0.6266945004463196,-0.10966227203607559,0.29490354657173157,-0.10966227203607559,1.0910595655441284,-0.10966227203607559,1.118602991104126,0.0325474813580513,116.5
259,-0.10964702814817429,0.29846855998039246,-0.1096029281616211,1.079249382019043,-0.08838988840579987,1.1302850246429443,0.027834082022309303,0.7250000238418579,-1.0071308563730725e-15,-0.034514568746089935,-7.930164816114238e-18,0.015011097304522991,-0.13383983075618744,-0.10609120875597,0.09072400629520416,-0.0,0.39110997319221497,-0.19113020598888397,-0.07475020736455917,0.06409455835819244,-0.9978904128074646,0.010325646959245205,-0.9959730505943298,-0.06461449712514877,-0.062149811536073685,-1.1265528202056885,-0.07976631820201874,-0.8190717101097107,0.5000966787338257,-1.325456976890564,-0.48804771900177,0.28317388892173767,-0.6417553424835205,-0.10966227203607559,0.29607558250427246,-0.10966227203607559,1.0942522287368774,-0.10966227203607559,1.1156436204910278,0.036329299211502075,116.5
260,-0.10964702814817429,0.296526163816452,-0.1096029281616211,1.0859357118606567,-0.09446637332439423,1.1234914064407349,0.030788911506533623,0.7250000238418579,-1.0071308563730725e-15,-0.04026699438691139,-7.930164816114238e-18,0.11841783672571182,-0.1365242898464203,-0.13386721909046173,0.08050660043954849,-0.0,0.3905036449432373,-0.19128753244876862,-0.07537927478551865,0.06311683356761932,-0.9979660511016846,0.008941835723817348,-0.9960399866104126,-0.06355208903551102,-0.06217291206121445,-1.22486412525177,0.12153837084770203,-0.8932847380638123,0.49819251894950867,-1.3154534101486206,-0.5312255620956421,0.2378780096769333,-0.706620454788208,-0.10966227203607559,0.3001723289489746,-0.10966227203607559,1.1008814573287964,-0.10966227203607559,1.1075546741485596,0.037925250828266144,116.5
261,-0.10964702814817429,0.29577451944351196,-0.1096029281616211,1.0909594297409058,-0.09956877678632736,1.1188337802886963,0.03368430212140083,0.7250000238418579,-1.0071308563730725e-15,-0.029611308127641678,-7.930164816114238e-18,0.140687957406044,-0.13038836419582367,-0.1334015429019928,0.06733079999685287,-0.0,0.3910735547542572,-0.19173870980739594,-0.07515235990285873,0.06416787952184677,-0.997895359992981,0.009342621080577374,-0.9960021376609802,-0.06462354212999344,-0.061673153191804886,-1.24364173412323,0.2087685465812683,-0.9037497639656067,0.4772738218307495,-1.3070803880691528,-0.518520712852478,0.23246897757053375,-0.7155314087867737,-0.10966227203607559,0.3020375669002533,-0.10966227203607559,1.10527765750885,-0.10966227203607559,1.1032781600952148,0.0406583696603775,116.5
262,-0.10964702814817429,0.29759034514427185,-0.1096029281616211,1.0958528518676758,-0.10475555062294006,1.1131235361099243,0.03599102422595024,0.7250000238418579,-1.0071308563730725e-15,0.01972261071205139,-7.930164816114238e-18,0.12137623131275177,-0.12874481081962585,-0.13005965948104858,0.06437240540981293,-0.0,0.39206451177597046,-0.19229759275913239,-0.07459670305252075,0.06506657600402832,-0.9978287220001221,0.010206690058112144,-0.9958704710006714,-0.06558103859424591,-0.06277851015329361,-1.2174263000488281,0.25200796127319336,-0.8760143518447876,0.498373806476593,-1.3203693628311157,-0.48656588792800903,0.24550844728946686,-0.68450927734375,-0.10966227203607559,0.3051505982875824,-0.10966227203607559,1.1108040809631348,-0.10966227203607559,1.0985265970230103,0.0433562770485878,116.5
263,-0.10964702814817429,0.2997705340385437,-0.1096029281616211,1.1009284257888794,-0.10750328749418259,1.1077680587768555,0.03850291669368744,0.7260000109672546,-1.0071308563730725e-15,0.053990643471479416,-7.930164816114238e-18,0.12540292739868164,-0.09444938600063324,-0.13885265588760376,0.0599348209798336,-0.0,0.3930990993976593,-0.19259989261627197,-0.07400670647621155,0.06543346494436264,-0.9977917075157166,0.01140708290040493,-0.9957969784736633,-0.06602828204631805,-0.0634712502360344,-1.1978602409362793,0.33904126286506653,-0.8570476174354553,0.5175619721412659,-1.310354471206665,-0.4825640320777893,0.23891445994377136,-0.6819116473197937,-0.10966227203607559,0.30994176864624023,-0.10966227203607559,1.116455316543579,-0.10966227203607559,1.093291163444519,0.04567035287618637,116.5
264,-0.10964702814817429,0.30247801542282104,-0.1096029281616211,1.1061745882034302,-0.10871321707963943,1.1027289628982544,0.041120272129774094,0.7250000238418579,-1.0071308563730725e-15,0.06155097857117653,-7.930164816114238e-18,0.12926527857780457,-0.043718453496694565,-0.12869003415107727,0.06475590169429779,-0.0,0.39260029792785645,-0.1924556940793991,-0.07436081767082214,0.06545620411634445,-0.9977904558181763,0.011388585902750492,-0.9957605004310608,-0.06605368852615356,-0.06401525437831879,-1.183115005493164,0.37932541966438293,-0.8341304063796997,0.4543434977531433,-1.258095622062683,-0.42003488540649414,0.23575106263160706,-0.6834196448326111,-0.10966227203607559,0.313857764005661,-0.10966227203607559,1.119804859161377,-0.10966227203607559,1.090127944946289,0.04819280654191971,116.5
265,-0.10964702814817429,0.3063398003578186,-0.1096029281616211,1.1114975214004517,-0.1092366874217987,1.0977338552474976,0.0435650534927845,0.7260000109672546,-1.0071308563730725e-15,0.0852728933095932,-7.930164816114238e-18,0.13214148581027985,-0.019119974225759506,-0.12504681944847107,0.06278364360332489,-0.0,0.3919107913970947,-0.19223056733608246,-0.07476870715618134,0.06574767827987671,-0.9977685809135437,0.011624835431575775,-0.9958043098449707,-0.06635244190692902,-0.06301697343587875,-1.1732263565063477,0.4226056635379791,-0.8204386830329895,0.4269942045211792,-1.2303173542022705,-0.3715493083000183,0.23666790127754211,-0.67645263671875,-0.10966227203607559,0.3190179765224457,-0.10966227203607559,1.12430739402771,-0.10966227203607559,1.0865874290466309,0.05066508799791336,116.5
266,-0.10964702814817429,0.31080368161201477,-0.1096029281616211,1.1165270805358887,-0.10947062075138092,1.0931050777435303,0.04636073485016823,0.7250000238418579,-1.0071308563730725e-15,0.09938003867864609,-7.930164816114238e-18,0.11978746205568314,-0.007286408916115761,-0.11052879691123962,0.06174272671341896,-0.0,0.3924751877784729,-0.1924079805612564,-0.07442712038755417,0.06478676944971085,-0.9978333711624146,0.0114529337733984,-0.9957759380340576,-0.06539294123649597,-0.06445176154375076,-1.1596702337265015,0.4137416183948517,-0.8029265999794006,0.40128853917121887,-1.210408091545105,-0.3108089566230774,0.24681930243968964,-0.6554592251777649,-0.10966227203607559,0.32321593165397644,-0.10966227203607559,1.128565788269043,-0.10966227203607559,1.0837807655334473,0.05376531183719635,116.5
267,-0.10964702814817429,0.31515443325042725,-0.1096029281616211,1.1206055879592896,-0.10955307632684708,1.0895999670028687,0.04871156066656113,0.7250000238418579,-1.0071308563730725e-15,0.10488593578338623,-7.930164816114238e-18,0.104392871260643,-0.0029857840854674578,-0.09275105595588684,0.05996221303939819,-0.0,0.3913632929325104,-0.19204801321029663,-0.07509671151638031,0.06586356461048126,-0.9977563619613647,0.012010712176561356,-0.9957964420318604,-0.0664924904704094,-0.06299391388893127,-1.1539385318756104,0.37034374475479126,-0.7876713275909424,0.34191083908081055,-1.185860276222229,-0.23325739800930023,0.260790079832077,-0.6320915222167969,-0.10966227203607559,0.32626473903656006,-0.10966227203607559,1.1308629512786865,-0.10966227203607559,1.0826022624969482,0.0565352663397789,116.5
268,-0.10964702814817429,0.31937479972839355,-0.1096029281616211,1.124756932258606,-0.10959333926439285,1.08651864528656,0.05141136795282364,0.7250000238418579,-1.0071308563730725e-15,0.10702255368232727,-7.930164816114238e-18,0.10261236131191254,-0.001369625679217279,-0.08083531260490417,0.06374237686395645,-0.0,0.39147794246673584,-0.19210270047187805,-0.07503227889537811,0.0669771358370781,-0.9976732134819031,0.012737193144857883,-0.9956908226013184,-0.06765379011631012,-0.06342468410730362,-1.1544735431671143,0.3576110899448395,-0.7848615050315857,0.3194071650505066,-1.1735531091690063,-0.18492721021175385,0.26903828978538513,-0.6236173510551453,-0.10966227203607559,0.3301031291484833,-0.10966227203607559,1.1343390941619873,-0.10966227203607559,1.0809708833694458,0.05948251485824585,116.5
269,-0.10964702814817429,0.3230697810649872,-0.10960101336240768,1.1280933618545532,-0.10961826890707016,1.0843614339828491,0.05420704558491707,0.7250000238418579,-1.0071308563730725e-15,0.09762691706418991,2.739251431194134e-05,0.09214841574430466,-0.000739597890060395,-0.06335888803005219,0.06916610151529312,-0.0,0.392836332321167,-0.19248062372207642,-0.07419171184301376,0.06698374450206757,-0.9976633191108704,0.013456783257424831,-0.9956188797950745,-0.06771618872880936,-0.06447894126176834,-1.1478278636932373,0.31862837076187134,-0.7777684330940247,0.30039602518081665,-1.1638797521591187,-0.1424901932477951,0.27814415097236633,-0.6114848256111145,-0.10966227203607559,0.33262863755226135,-0.10966227203607559,1.1371052265167236,-0.10966227203607559,1.0800867080688477,0.06255137175321579,116.5
270,-0.10964702814817429,0.3267877697944641,-0.10960101336240768,1.1313376426696777,-0.10963743925094604,1.082568645477295,0.05702190101146698,0.7250000238418579,-1.0071308563730725e-15,0.09236755967140198,2.739251431194134e-05,0.08102705329656601,-0.0005204577464610338,-0.04760818928480148,0.070343978703022,-0.0,0.39234012365341187,-0.19214041531085968,-0.07451876252889633,0.06693374365568161,-0.9976412653923035,0.015223503112792969,-0.9956179857254028,-0.06778108328580856,-0.06442458927631378,-1.144590139389038,0.2753477692604065,-0.7723888158798218,0.2581901550292969,-1.1480873823165894,-0.08557038754224777,0.287868857383728,-0.5981695055961609,-0.10966227203607559,0.33504819869995117,-0.10966227203607559,1.1390833854675293,-0.10966227203607559,1.0800015926361084,0.06565796583890915,116.5
271,-0.10964702814817429,0.32993432879447937,-0.10959142446517944,1.1343193054199219,-0.10964511334896088,1.0812455415725708,0.06002083420753479,0.7260000109672546,-1.0071308563730725e-15,0.0846976563334465,0.0001369625679217279,0.07735645771026611,-0.00030131766106933355,-0.03777427598834038,0.07300104945898056,-0.0,0.3909359574317932,-0.18691906332969666,-0.0756664052605629,0.043054889887571335,-0.9990122318267822,0.01099306344985962,-0.9970660209655762,-0.04366284981369972,-0.06287170201539993,-1.1238526105880737,0.25369536876678467,-0.7415259480476379,0.18981119990348816,-1.112223744392395,-0.035788170993328094,0.28081923723220825,-0.599862277507782,-0.10966227203607559,0.3375451862812042,-0.10966227203607559,1.1400136947631836,-0.10966227203607559,1.0801719427108765,0.06844540685415268,116.5
272,-0.10964702814817429,0.3326399028301239,-0.10957992076873779,1.1368427276611328,-0.10964895039796829,1.080562949180603,0.06299100071191788,0.7260000109672546,-1.0071308563730725e-15,0.07168620824813843,0.00030131766106933355,0.0678238645195961,-0.00010957005724776536,-0.023311030119657516,0.07469938695430756,-0.0,0.3907693326473236,-0.18501974642276764,-0.07559670507907867,0.03524141386151314,-0.9993453025817871,0.008186549879610538,-0.9973893761634827,-0.03568669408559799,-0.06277602910995483,-1.1116259098052979,0.2175161987543106,-0.7302084565162659,0.14875927567481995,-1.0945876836776733,0.007899770513176918,0.2831190526485443,-0.5950049161911011,-0.10966227203607559,0.3391653895378113,-0.10966227203607559,1.1413054466247559,-0.10966227203607559,1.08079993724823,0.07148457318544388,116.5
273,-0.10964702814817429,0.3352246582508087,-0.10957992076873779,1.1385358572006226,-0.1096508651971817,1.080327033996582,0.06598418205976486,0.7250000238418579,-1.0071308563730725e-15,0.06549549847841263,0.00010957005724776536,0.05040222406387329,-5.478502862388268e-05,-0.009916090406477451,0.0745898187160492,-0.0,0.3914061486721039,-0.18421439826488495,-0.07459425926208496,0.03513696789741516,-0.9993477463722229,0.00833449512720108,-0.9973322749137878,-0.03559758514165878,-0.0637272298336029,-1.092110514640808,0.17662158608436584,-0.7147791385650635,0.13358840346336365,-1.0864008665084839,0.03417808562517166,0.2891336977481842,-0.5792727470397949,-0.10966227203607559,0.34052330255508423,-0.10966227203607559,1.1425435543060303,-0.10966227203607559,1.0813523530960083,0.07465819269418716,116.5
274,-0.10964702814817429,0.3374374210834503,-0.10957799851894379,1.1399049758911133,-0.1096508651971817,1.0804057121276855,0.06894093006849289,0.7250000238418579,-1.0071308563730725e-15,0.05935957655310631,2.739251431194134e-05,0.03676075488328934,-2.739251431194134e-05,-0.0009039529832080007,0.0742884948849678,-0.0,0.3882417678833008,-0.18295042216777802,-0.0756084993481636,0.03936794400215149,-0.9992063641548157,0.006064250133931637,-0.9972211718559265,-0.03967241942882538,-0.06305576115846634,-1.0900592803955078,0.13010552525520325,-0.7173569798469543,0.07758739590644836,-1.0750497579574585,0.0901796892285347,0.2986701428890228,-0.5711361765861511,-0.10966227203607559,0.341340571641922,-0.10966227203607559,1.1422325372695923,-0.10966227203607559,1.083111047744751,0.07790103554725647,116.5
275,-0.10964702814817429,0.33922258019447327,-0.10957799851894379,1.1414235830307007,-0.1096508651971817,1.0809061527252197,0.07241348177194595,0.7250000238418579,-1.0071308563730725e-15,0.04437587410211563,2.739251431194134e-05,0.03391193225979805,-6.264829849042584e-16,0.008272538892924786,0.07617858052253723,-0.0,0.3893267512321472,-0.183336079120636,-0.07379838824272156,0.04565364494919777,-0.9988839030265808,0.012112685479223728,-0.9967414736747742,-0.0463561974465847,-0.06601165235042572,-1.0861989259719849,0.1106363832950592,-0.7192596793174744,0.07331517338752747,-1.073107123374939,0.09388900548219681,0.30118873715400696,-0.5726531744003296,-0.10966227203607559,0.3425416648387909,-0.10966227203607559,1.1436229944229126,-0.10966227203607559,1.0837228298187256,0.08144914358854294,116.5
276,-0.10964702814817429,0.3403136432170868,-0.10957799851894379,1.1420141458511353,-0.1096508651971817,1.0819416046142578,0.07540282607078552,0.7250000238418579,-1.0071308563730725e-15,0.031556177884340286,-7.930164816114238e-18,0.02262621745467186,-6.264829849042584e-16,0.020215675234794617,0.07554855197668076,-0.0,0.3893267512321472,-0.183336079120636,-0.07379838824272156,0.04565364494919777,-0.9988839030265808,0.012112685479223728,-0.9967414736747742,-0.0463561974465847,-0.06601165235042572,-1.0812616348266602,0.07436418533325195,-0.7220826745033264,0.05517527461051941,-1.069542646408081,0.12169910222291946,0.3089299499988556,-0.56522136926651,-0.10966227203607559,0.3425445556640625,-0.10966227203607559,1.1436693668365479,-0.10966227203607559,1.0855926275253296,0.08467072248458862,116.5
277,-0.10964511334896088,0.3414871394634247,-0.10957799851894379,1.1427063941955566,-0.1096508651971817,1.0829463005065918,0.07865678519010544,0.7260000109672546,2.739251431194134e-05,0.028132112696766853,-7.930164816114238e-18,0.015175452455878258,-6.264829849042584e-16,0.025995496660470963,0.07867129892110825,-0.0,0.3893267512321472,-0.183336079120636,-0.07379838824272156,0.04565364494919777,-0.9988839030265808,0.012112685479223728,-0.9967414736747742,-0.0463561974465847,-0.06601165235042572,-1.0756611824035645,0.054825544357299805,-0.719679057598114,0.050501614809036255,-1.0694763660430908,0.1337517648935318,0.3135005235671997,-0.5591811537742615,-0.10966227203607559,0.3431318998336792,-0.10966227203607559,1.1442214250564575,-0.10966227203607559,1.086958885192871,0.08806180208921432,116.5
278,-0.10964127629995346,0.3421314060688019,-0.10957799851894379,1.143237590789795,-0.1096508651971817,1.0843192338943481,0.081920325756073,0.7260000109672546,8.217753929784521e-05,0.021804440766572952,-7.930164816114238e-18,0.015421985648572445,-6.264829849042584e-16,0.030296120792627335,0.0816296935081482,-0.0,0.3893267512321472,-0.183336079120636,-0.07379838824272156,0.04565364494919777,-0.9988839030265808,0.012112685479223728,-0.9967414736747742,-0.0463561974465847,-0.06601165235042572,-1.0765703916549683,0.04666389524936676,-0.7234634757041931,0.04783010482788086,-1.068651795387268,0.14227081835269928,0.3148384392261505,-0.5616277456283569,-0.10966227203607559,0.3435313105583191,-0.10966227203607559,1.1446725130081177,-0.10966227203607559,1.0885874032974243,0.09136547893285751,116.5
279,-0.10963936150074005,0.3427066504955292,-0.10957799851894379,1.143782138824463,-0.1096508651971817,1.0859146118164062,0.08565173298120499,0.7250000238418579,5.478502862388268e-05,0.013175799511373043,-7.930164816114238e-18,0.0122444536536932,-6.264829849042584e-16,0.035528089851140976,0.0824514701962471,-0.0,0.3893267512321472,-0.183336079120636,-0.07379838824272156,0.04565364494919777,-0.9988839030265808,0.012112685479223728,-0.9967414736747742,-0.0463561974465847,-0.06601165235042572,-1.076324224472046,0.03039848804473877,-0.727424144744873,0.038849472999572754,-1.0672482252120972,0.1511995941400528,0.3182128965854645,-0.5618146657943726,-0.10966227203607559,0.34361860156059265,-0.10966227203607559,1.1449476480484009,-0.10966227203607559,1.090450644493103,0.0951981171965599,116.5
280,-0.10963360965251923,0.3431457579135895,-0.10957799851894379,1.144251823425293,-0.10965277999639511,1.0874313116073608,0.08893637359142303,0.7250000238418579,8.217753929784521e-05,0.011696603149175644,-7.930164816114238e-18,0.01183356624096632,-2.739251431194134e-05,0.03692510724067688,0.08261582255363464,-0.0,0.3893267512321472,-0.183336079120636,-0.07379838824272156,0.04565364494919777,-0.9988839030265808,0.012112685479223728,-0.9967414736747742,-0.0463561974465847,-0.06601165235042572,-1.0754352807998657,0.02731834352016449,-0.727492094039917,0.039154887199401855,-1.0665711164474487,0.15094955265522003,0.3183217942714691,-0.5623465776443481,-0.10966227203607559,0.3439653217792511,-0.10966227203607559,1.1454265117645264,-0.10966227203607559,1.091959834098816,0.09848602861166,116.5
281,-0.10963168740272522,0.343396931886673,-0.10957799851894379,1.144608497619629,-0.10965277999639511,1.0890477895736694,0.09230346232652664,0.7250000238418579,8.217753929784521e-05,0.008162968792021275,-7.930164816114238e-18,0.010162622667849064,-6.264829849042584e-16,0.039472613483667374,0.0833006352186203,-0.0,0.3893267512321472,-0.183336079120636,-0.07379838824272156,0.04565364494919777,-0.9988839030265808,0.012112685479223728,-0.9967414736747742,-0.0463561974465847,-0.06601165235042572,-1.0744686126708984,0.020502299070358276,-0.7282090783119202,0.03649437427520752,-1.0659137964248657,0.15247561037540436,0.3193584382534027,-0.5624126195907593,-0.10966227203607559,0.34401199221611023,-0.10966227203607559,1.1457033157348633,-0.10966227203607559,1.093622088432312,0.10188421607017517,116.5
282,-0.10962977260351181,0.34366729855537415,-0.10957799851894379,1.1449939012527466,-0.10965277999639511,1.0906411409378052,0.09562260657548904,0.7260000109672546,2.739251431194134e-05,0.006355063058435917,-7.930164816114238e-18,0.009176491759717464,-6.264829849042584e-16,0.04015742614865303,0.08349238336086273,-0.0,0.3893267512321472,-0.183336079120636,-0.07379838824272156,0.04565364494919777,-0.9988839030265808,0.012112685479223728,-0.9967414736747742,-0.0463561974465847,-0.06601165235042572,-1.0733811855316162,0.017016887664794922,-0.7272364497184753,0.035418301820755005,-1.0654124021530151,0.1483900099992752,0.31909385323524475,-0.562964141368866,-0.10966227203607559,0.34417781233787537,-0.10966227203607559,1.1460564136505127,-0.10966227203607559,1.0950928926467896,0.10519541800022125,116.5
283,-0.1096278578042984,0.3438245356082916,-0.10957799851894379,1.1453332901000977,-0.10965277999639511,1.0922249555587769,0.09896285086870193,0.7250000238418579,2.739251431194134e-05,0.005149792414158583,-7.930164816114238e-18,0.009039529599249363,-6.264829849042584e-16,0.039691753685474396,0.08349238336086273,-0.0,0.3893267512321472,-0.183336079120636,-0.07379838824272156,0.04565364494919777,-0.9988839030265808,0.012112685479223728,-0.9967414736747742,-0.0463561974465847,-0.06601165235042572,-1.0730161666870117,0.01444774866104126,-0.726866602897644,0.0346967875957489,-1.0650442838668823,0.141237273812294,0.31906062364578247,-0.5640445947647095,-0.10966227203607559,0.3442579507827759,-0.10966227203607559,1.146374225616455,-0.10966227203607559,1.0964621305465698,0.10853466391563416,116.5
284,-0.1096259355545044,0.3439779281616211,-0.10957799851894379,1.1457072496414185,-0.10965277999639511,1.0937283039093018,0.10232610255479813,0.7250000238418579,5.478502862388268e-05,0.00372538180090487,-7.930164816114238e-18,0.008957352489233017,-6.264829849042584e-16,0.038404304534196854,0.0836019515991211,-0.0,0.3893267512321472,-0.183336079120636,-0.07379838824272156,0.04565364494919777,-0.9988839030265808,0.012112685479223728,-0.9967414736747742,-0.0463561974465847,-0.06601165235042572,-1.0727423429489136,0.01214800775051117,-0.7258850932121277,0.033038973808288574,-1.0648497343063354,0.13130731880664825,0.31846949458122253,-0.5657309293746948,-0.10966227203607559,0.3443423807621002,-0.10966227203607559,1.1466984748840332,-0.10966227203607559,1.0976675748825073,0.11188019067049026,116.5
285,-0.1096259355545044,0.3441006541252136,-0.10957799851894379,1.1460447311401367,-0.10965277999639511,1.095197081565857,0.10566443204879761,0.7260000109672546,2.739251431194134e-05,0.0034240642562508583,-7.930164816114238e-18,0.008875174447894096,-6.264829849042584e-16,0.03697989508509636,0.08404023200273514,-0.0,0.3893267512321472,-0.183336079120636,-0.07379838824272156,0.04565364494919777,-0.9988839030265808,0.012112685479223728,-0.9967414736747742,-0.0463561974465847,-0.06601165235042572,-1.0719609260559082,0.0117817223072052,-0.7238420844078064,0.03312698006629944,-1.064836859703064,0.12122363597154617,0.31724539399147034,-0.5671728253364563,-0.10966227203607559,0.3444541096687317,-0.10966227203607559,1.1470385789871216,-0.10966227203607559,1.0988337993621826,0.11518179625272751,116.5
286,-0.10962402075529099,0.3442137837409973,-0.10957799851894379,1.1463706493377686,-0.10965277999639511,1.0965259075164795,0.10902384668588638,0.7250000238418579,2.739251431194134e-05,0.0028762139845639467,-7.930164816114238e-18,0.00821775384247303,-6.264829849042584e-16,0.03467892110347748,0.08371151983737946,-0.0,0.3893267512321472,-0.183336079120636,-0.07379838824272156,0.04565364494919777,-0.9988839030265808,0.012112685479223728,-0.9967414736747742,-0.0463561974465847,-0.06601165235042572,-1.0712993144989014,0.008764505386352539,-0.722300112247467,0.03121146373450756,-1.0648850202560425,0.10873044282197952,0.31707239151000977,-0.5682622790336609,-0.10966227203607559,0.34447672963142395,-0.10966227203607559,1.14730703830719,-0.10966227203607559,1.0997878313064575,0.11853601783514023,116.5
287,-0.10962402075529099,0.34433650970458984,-0.10957799851894379,1.1467695236206055,-0.10965277999639511,1.0978699922561646,0.1127610132098198,0.7250000238418579,-1.0071308563730725e-15,0.002739251358434558,-7.930164816114238e-18,0.008601249195635319,-6.264829849042584e-16,0.03084397129714489,0.08319106698036194,-0.0,0.3893267512321472,-0.183336079120636,-0.07379838824272156,0.04565364494919777,-0.9988839030265808,0.012112685479223728,-0.9967414736747742,-0.0463561974465847,-0.06601165235042572,-1.0711461305618286,0.008430719375610352,-0.720214307308197,0.029887614771723747,-1.0649516582489014,0.09185291081666946,0.3154996931552887,-0.5710195302963257,-0.10966227203607559,0.3445894420146942,-0.10966227203607559,1.147666096687317,-0.10966227203607559,1.1006256341934204,0.12222599983215332,116.5
288,-0.10962402075529099,0.3443940281867981,-0.10957799851894379,1.1470839977264404,-0.10965277999639511,1.0989457368850708,0.11611467599868774,0.7260000109672546,-1.0071308563730725e-15,0.0019448684761300683,-7.930164816114238e-18,0.008354716934263706,-6.264829849042584e-16,0.027995148673653603,0.08349238336086273,-0.0,0.3893267512321472,-0.183336079120636,-0.07379838824272156,0.04565364494919777,-0.9988839030265808,0.012112685479223728,-0.9967414736747742,-0.0463561974465847,-0.06601165235042572,-1.070753574371338,0.007151991128921509,-0.7182069420814514,0.02787288837134838,-1.0652633905410767,0.07840246707201004,0.3141595125198364,-0.5733686089515686,-0.10966227203607559,0.3446085751056671,-0.10966227203607559,1.1479201316833496,-0.10966227203607559,1.1012978553771973,0.12553946673870087,116.5
289,-0.10962209850549698,0.344470739364624,-0.10957799851894379,1.1473830938339233,-0.10965277999639511,1.0998239517211914,0.11938589066267014,0.7250000238418579,2.739251431194134e-05,0.0016709433402866125,-7.930164816114238e-18,0.007615118753165007,-6.264829849042584e-16,0.023941056802868843,0.082725390791893,-0.0,0.3893267512321472,-0.183336079120636,-0.07379838824272156,0.04565364494919777,-0.9988839030265808,0.012112685479223728,-0.9967414736747742,-0.0463561974465847,-0.06601165235042572,-1.0702415704727173,0.004165515303611755,-0.7163287401199341,0.024895427748560905,-1.065670371055603,0.06218034774065018,0.3135906755924225,-0.575302004814148,-0.10966227203607559,0.34459570050239563,-0.10966227203607559,1.148129940032959,-0.10966227203607559,1.101689338684082,0.1287936121225357,116.5
290,-0.10962209850549698,0.34451866149902344,-0.10957799851894379,1.147647738456726,-0.10965277999639511,1.1005852222442627,0.12270312011241913,0.7250000238418579,2.739251431194134e-05,0.0015613733557984233,-7.930164816114238e-18,0.006985091138631105,-6.264829849042584e-16,0.020078713074326515,0.08225972205400467,-0.0,0.3893267512321472,-0.183336079120636,-0.07379838824272156,0.04565364494919777,-0.9988839030265808,0.012112685479223728,-0.9967414736747742,-0.0463561974465847,-0.06601165235042572,-1.0696570873260498,0.002332717180252075,-0.7142265439033508,0.022637782618403435,-1.0661331415176392,0.04709852486848831,0.3125138580799103,-0.5774775147438049,-0.10966227203607559,0.34458863735198975,-0.10966227203607559,1.1483268737792969,-0.10966227203607559,1.101998209953308,0.13207852840423584,116.5
291,-0.10962209850549698,0.3445359170436859,-0.10957799851894379,1.1479027271270752,-0.10965277999639511,1.1011853218078613,0.12593598663806915,0.7250000238418579,-1.0071308563730725e-15,0.0006848128396086395,-7.930164816114238e-18,0.00643724063411355,-6.264829849042584e-16,0.016627255827188492,0.08179404586553574,-0.0,0.3893267512321472,-0.183336079120636,-0.07379838824272156,0.04565364494919777,-0.9988839030265808,0.012112685479223728,-0.9967414736747742,-0.0463561974465847,-0.06601165235042572,-1.0695624351501465,9.407103061676025e-05,-0.7129863500595093,0.0194490235298872,-1.0664418935775757,0.03383661061525345,0.31155940890312195,-0.5800671577453613,-0.10966227203607559,0.34453874826431274,-0.10966227203607559,1.1484861373901367,-0.10966227203607559,1.1022003889083862,0.13528276979923248,116.5
292,-0.10962209850549698,0.34454166889190674,-0.10957799851894379,1.148109793663025,-0.10965277999639511,1.1015995740890503,0.12925514578819275,0.7250000238418579,-1.0071308563730725e-15,0.0002465326397214085,-7.930164816114238e-18,0.005697642918676138,-6.264829849042584e-16,0.012134883552789688,0.08201318979263306,-0.0,0.3893267512321472,-0.183336079120636,-0.07379838824272156,0.04565364494919777,-0.9988839030265808,0.012112685479223728,-0.9967414736747742,-0.0463561974465847,-0.06601165235042572,-1.0692352056503296,-0.002411454916000366,-0.7110458612442017,0.0165040772408247,-1.0673521757125854,0.017766842618584633,0.3105091154575348,-0.5829029083251953,-0.10966227203607559,0.3444693088531494,-0.10966227203607559,1.1486048698425293,-0.10966227203607559,1.1021325588226318,0.1385704129934311,116.5
293,-0.10962018370628357,0.34454551339149475,-0.10957799851894379,1.1482900381088257,-0.10965277999639511,1.1018891334533691,0.1324918419122696,0.7260000109672546,2.739251431194134e-05,0.00010957005724776536,-7.930164816114238e-18,0.004738905001431704,-6.264829849042584e-16,0.008382108993828297,0.08179404586553574,-0.0,0.3893267512321472,-0.183336079120636,-0.07379838824272156,0.04565364494919777,-0.9988839030265808,0.012112685479223728,-0.9967414736747742,-0.0463561974465847,-0.06601165235042572,-1.0685079097747803,-0.004026472568511963,-0.7089070677757263,0.014101950451731682,-1.068026065826416,0.004708180204033852,0.30919143557548523,-0.585189700126648,-0.10966227203607559,0.3444247245788574,-0.10966227203607559,1.1487131118774414,-0.10966227203607559,1.1020303964614868,0.14176759123802185,116.5
294,-0.10962018370628357,0.34454742074012756,-0.10957799851894379,1.1484434604644775,-0.10965277999639511,1.1020079851150513,0.13577455282211304,0.7250000238418579,2.739251431194134e-05,5.478502862388268e-05,-7.930164816114238e-18,0.004108876921236515,-6.264829849042584e-16,0.00465672742575407,0.08165708184242249,-0.0,0.3893267512321472,-0.183336079120636,-0.07379838824272156,0.04565364494919777,-0.9988839030265808,0.012112685479223728,-0.9967414736747742,-0.0463561974465847,-0.06601165235042572,-1.0683884620666504,-0.0062306225299835205,-0.7079871296882629,0.011806158348917961,-1.0687017440795898,-0.007257213816046715,0.3087039887905121,-0.5875037908554077,-0.10966227203607559,0.34436050057411194,-0.10966227203607559,1.148797631263733,-0.10966227203607559,1.1017903089523315,0.14503566920757294,116.5
295,-0.10962018370628357,0.34454742074012756,-0.10957799851894379,1.1485795974731445,-0.10965277999639511,1.1020501852035522,0.1390170156955719,0.7250000238418579,-1.0071308563730725e-15,2.739251431194134e-05,-7.930164816114238e-18,0.003561026882380247,-6.264829849042584e-16,0.001725728390738368,0.08127358555793762,-0.0,0.3893267512321472,-0.183336079120636,-0.07379838824272156,0.04565364494919777,-0.9988839030265808,0.012112685479223728,-0.9967414736747742,-0.0463561974465847,-0.06601165235042572,-1.0682117938995361,-0.007364600896835327,-0.7071267366409302,0.009979216381907463,-1.0690618753433228,-0.016345074400305748,0.30790969729423523,-0.5895788669586182,-0.10966227203607559,0.3443264961242676,-0.10966227203607559,1.1488789319992065,-0.10966227203607559,1.1015598773956299,0.14825430512428284,116.5
296,-0.10962018370628357,0.34454742074012756,-0.10957799851894379,1.148667812347412,-0.10965277999639511,1.1020501852035522,0.1422652155160904,0.7250000238418579,-1.0071308563730725e-15,-3.695456518104743e-15,-7.930164816114238e-18,0.0026844663079828024,-6.264829849042584e-16,0.0003834952076431364,0.08130098134279251,-0.0,0.3893267512321472,-0.183336079120636,-0.07379838824272156,0.04565364494919777,-0.9988839030265808,0.012112685479223728,-0.9967414736747742,-0.0463561974465847,-0.06601165235042572,-1.0677409172058105,-0.008991599082946777,-0.7065887451171875,0.008595822378993034,-1.0692516565322876,-0.020618071779608727,0.3078305125236511,-0.5903953313827515,-0.10966227203607559,0.34427767992019653,-0.10966227203607559,1.1489256620407104,-0.10966227203607559,1.1014316082000732,0.1515001356601715,116.5
297,-0.10962018370628357,0.34454742074012756,-0.10957799851894379,1.1487406492233276,-0.10965277999639511,1.101969599723816,0.14550766348838806,0.7250000238418579,-1.0071308563730725e-15,-3.695456518104743e-15,-7.930164816114238e-18,0.0019448684761300683,-6.264829849042584e-16,-0.0011504855938255787,0.08110923320055008,-0.0,0.3893267512321472,-0.183336079120636,-0.07379838824272156,0.04565364494919777,-0.9988839030265808,0.012112685479223728,-0.9967414736747742,-0.0463561974465847,-0.06601165235042572,-1.067384958267212,-0.01036563515663147,-0.7061532735824585,0.007234571501612663,-1.0693981647491455,-0.02511405013501644,0.3076394200325012,-0.5913926959037781,-0.10966227203607559,0.34423646330833435,-0.10966227203607559,1.1489577293395996,-0.10966227203607559,1.101216197013855,0.15473684668540955,116.5
298,-0.10962018370628357,0.34454742074012756,-0.10957799851894379,1.1488155126571655,-0.10965277999639511,1.1017318964004517,0.14915278553962708,0.7250000238418579,-1.0071308563730725e-15,-3.695456518104743e-15,-7.930164816114238e-18,0.0016709433402866125,-6.264829849042584e-16,-0.004382802173495293,0.08099966496229172,-0.0,0.3893267512321472,-0.183336079120636,-0.07379838824272156,0.04565364494919777,-0.9988839030265808,0.012112685479223728,-0.9967414736747742,-0.0463561974465847,-0.06601165235042572,-1.0674464702606201,-0.01124158501625061,-0.7055841088294983,0.005706010386347771,-1.0699001550674438,-0.034115903079509735,0.30678024888038635,-0.5939054489135742,-0.10966227203607559,0.3442101776599884,-0.10966227203607559,1.1489866971969604,-0.10966227203607559,1.1007083654403687,0.1583561897277832,116.5
299,-0.10962018370628357,0.3445359170436859,-0.10957799851894379,1.1488826274871826,-0.10965277999639511,1.101482629776001,0.1523415446281433,0.7250000238418579,-1.0071308563730725e-15,-0.00016435507859569043,-7.930164816114238e-18,0.001725728390738368,-6.264829849042584e-16,-0.005944175645709038,0.08026006817817688,-0.0,0.3893267512321472,-0.183336079120636,-0.07379838824272156,0.04565364494919777,-0.9988839030265808,0.012112685479223728,-0.9967414736747742,-0.0463561974465847,-0.06601165235042572,-1.0677998065948486,-0.011223465204238892,-0.7059871554374695,0.004428176209330559,-1.069731593132019,-0.037625424563884735,0.3062432110309601,-0.5956255197525024,-0.10966227203607559,0.34419921040534973,-0.10966227203607559,1.1490154266357422,-0.10966227203607559,1.1003538370132446,0.1615288406610489,116.5
300,-0.10962018370628357,0.34449756145477295,-0.10957799851894379,1.1489094495773315,-0.10965277999639511,1.1011124849319458,0.15558016300201416,0.7250000238418579,-1.0071308563730725e-15,-0.0007122053648345172,-7.930164816114238e-18,0.0010683080181479454,-6.264829849042584e-16,-0.007998614571988583,0.08056138455867767,-0.0,0.3893267512321472,-0.183336079120636,-0.07379838824272156,0.04565364494919777,-0.9988839030265808,0.012112685479223728,-0.9967414736747742,-0.0463561974465847,-0.06601165235042572,-1.067903757095337,-0.013184726238250732,-0.7059059143066406,0.0021428149193525314,-1.0701329708099365,-0.043165139853954315,0.3060762286186218,-0.5973342061042786,-0.10966227203607559,0.34410202503204346,-0.10966227203607559,1.1489737033843994,-0.10966227203607559,1.0998175144195557,0.1647624522447586,116.5
301,-0.10962018370628357,0.3444361984729767,-0.10957992076873779,1.1489497423171997,-0.10965277999639511,1.1006696224212646,0.15918119251728058,0.7250000238418579,-1.0071308563730725e-15,-0.0012600556947290897,-2.739251431194134e-05,0.0007669904152862728,-6.264829849042584e-16,-0.00980652030557394,0.08009570837020874,-0.0,0.3893267512321472,-0.183336079120636,-0.07379838824272156,0.04565364494919777,-0.9988839030265808,0.012112685479223728,-0.9967414736747742,-0.0463561974465847,-0.06601165235042572,-1.0683655738830566,-0.01412130892276764,-0.7064440250396729,-0.00023049302399158478,-1.0701013803482056,-0.04725366085767746,0.3057304322719574,-0.5992480516433716,-0.10966227203607559,0.3440125584602356,-0.10966227203607559,1.1489428281784058,-0.10966227203607559,1.0992519855499268,0.1683531105518341,116.5
302,-0.10962018370628357,0.3443499207496643,-0.1095818355679512,1.148972749710083,-0.10965277999639511,1.100199818611145,0.16218970715999603,0.7250000238418579,-1.0071308563730725e-15,-0.001835298491641879,-5.478502862388268e-05,0.0007669904152862728,-6.264829849042584e-16,-0.010984398424625397,0.07749342173337936,-0.0,0.3893267512321472,-0.183336079120636,-0.07379838824272156,0.04565364494919777,-0.9988839030265808,0.012112685479223728,-0.9967414736747742,-0.0463561974465847,-0.06601165235042572,-1.069064974784851,-0.013835504651069641,-0.7077293992042542,-0.0028313715010881424,-1.0691856145858765,-0.04872202128171921,0.3051719665527344,-0.6007975935935974,-0.10966227203607559,0.3439348638057709,-0.10966227203607559,1.1488877534866333,-0.10966227203607559,1.098738193511963,0.17134486138820648,116.5
303,-0.10962018370628357,0.34421953558921814,-0.1095818355679512,1.1489861011505127,-0.10965277999639511,1.0996801853179932,0.16548776626586914,0.7260000109672546,-1.0071308563730725e-15,-0.002821428934112191,-2.739251431194134e-05,0.0004108877037651837,-6.264829849042584e-16,-0.012545771896839142,0.07902739942073822,-0.0,0.3893267512321472,-0.183336079120636,-0.07379838824272156,0.04565364494919777,-0.9988839030265808,0.012112685479223728,-0.9967414736747742,-0.0463561974465847,-0.06601165235042572,-1.0695875883102417,-0.014931023120880127,-0.7078118324279785,-0.005353482440114021,-1.0697890520095825,-0.05259328335523605,0.3048156797885895,-0.602940022945404,-0.10966227203607559,0.3437716066837311,-0.10966227203607559,1.1488255262374878,-0.10966227203607559,1.098102331161499,0.1746322363615036,116.5
304,-0.10962018370628357,0.34410256147384644,-0.10958375036716461,1.1489861011505127,-0.10965277999639511,1.0991700887680054,0.16866885125637054,0.7250000238418579,-1.0071308563730725e-15,-0.003095354186370969,-2.739251431194134e-05,0.0001369625679217279,-6.264829849042584e-16,-0.012901874259114265,0.08116401731967926,-0.0,0.3893267512321472,-0.183336079120636,-0.07379838824272156,0.04565364494919777,-0.9988839030265808,0.012112685479223728,-0.9967414736747742,-0.0463561974465847,-0.06601165235042572,-1.0702180862426758,-0.016409069299697876,-0.7087002992630005,-0.006834806874394417,-1.0703579187393188,-0.052547864615917206,0.3057890236377716,-0.603676974773407,-0.10966227203607559,0.3436102867126465,-0.10966227203607559,1.1487810611724854,-0.10966227203607559,1.0975936651229858,0.17784252762794495,116.5
305,-0.10962018370628357,0.3439836800098419,-0.10958375036716461,1.1489861011505127,-0.10965277999639511,1.0986101627349854,0.17191322147846222,0.7250000238418579,-1.0071308563730725e-15,-0.0029309990350157022,-7.930164816114238e-18,6.344131720542492e-16,-6.264829849042584e-16,-0.013477116823196411,0.08028745651245117,-0.0,0.3893267512321472,-0.183336079120636,-0.07379838824272156,0.04565364494919777,-0.9988839030265808,0.012112685479223728,-0.9967414736747742,-0.0463561974465847,-0.06601165235042572,-1.0706263780593872,-0.015768736600875854,-0.7094924449920654,-0.008314969018101692,-1.069966435432434,-0.05205821245908737,0.3057350814342499,-0.6043988466262817,-0.10966227203607559,0.34351062774658203,-0.10966227203607559,1.148736596107483,-0.10966227203607559,1.0970484018325806,0.1810852736234665,116.5
306,-0.10962018370628357,0.34382838010787964,-0.10958567261695862,1.1489861011505127,-0.10965277999639511,1.0980809926986694,0.17511732876300812,0.7250000238418579,-1.0071308563730725e-15,-0.0035062418319284916,-2.739251431194134e-05,6.344131720542492e-16,-6.264829849042584e-16,-0.0138606121763587,0.08053398877382278,-0.0,0.3893267512321472,-0.183336079120636,-0.07379838824272156,0.04565364494919777,-0.9988839030265808,0.012112685479223728,-0.9967414736747742,-0.0463561974465847,-0.06601165235042572,-1.0714647769927979,-0.01580403745174408,-0.710686981678009,-0.01035371609032154,-1.0698063373565674,-0.051583580672740936,0.3058517575263977,-0.6056307554244995,-0.10966227203607559,0.3433542549610138,-0.10966227203607559,1.1486754417419434,-0.10966227203607559,1.0965335369110107,0.18429288268089294,116.5
307,-0.10962018370628357,0.3436788022518158,-0.10958567261695862,1.1489841938018799,-0.10965277999639511,1.097540259361267,0.1783386915922165,0.7250000238418579,-1.0071308563730725e-15,-0.003834951901808381,-7.930164816114238e-18,-2.739251431194134e-05,-6.264829849042584e-16,-0.013312761671841145,0.08034224063158035,-0.0,0.3893267512321472,-0.183336079120636,-0.07379838824272156,0.04565364494919777,-0.9988839030265808,0.012112685479223728,-0.9967414736747742,-0.0463561974465847,-0.06601165235042572,-1.0721516609191895,-0.01541931927204132,-0.7120810747146606,-0.012052299454808235,-1.069300651550293,-0.047993771731853485,0.30625513195991516,-0.6060281991958618,-0.10966227203607559,0.343216210603714,-0.10966227203607559,1.1486226320266724,-0.10966227203607559,1.0961004495620728,0.18752634525299072,116.5
308,-0.10962018370628357,0.3435445725917816,-0.10958758741617203,1.1489324569702148,-0.10965277999639511,1.097032070159912,0.1815427839756012,0.7250000238418579,-1.0071308563730725e-15,-0.0035062418319284916,-2.739251431194134e-05,-0.0007669904152862728,-6.264829849042584e-16,-0.013038836419582367,0.08034224063158035,-0.0,0.3893267512321472,-0.183336079120636,-0.07379838824272156,0.04565364494919777,-0.9988839030265808,0.012112685479223728,-0.9967414736747742,-0.0463561974465847,-0.06601165235042572,-1.0720577239990234,-0.015798404812812805,-0.7125152349472046,-0.013173731043934822,-1.0690900087356567,-0.04564111679792404,0.30681273341178894,-0.6056162118911743,-0.10966227203607559,0.3430706262588501,-0.10966227203607559,1.148537278175354,-0.10966227203607559,1.0956628322601318,0.19074717164039612,116.5
309,-0.10962018370628357,0.3433988690376282,-0.10958758741617203,1.1488326787948608,-0.10965277999639511,1.0965163707733154,0.18517832458019257,0.7250000238418579,-1.0071308563730725e-15,-0.0032597091048955917,-7.930164816114238e-18,-0.0019996536429971457,-6.264829849042584e-16,-0.011614426039159298,0.08034224063158035,-0.0,0.3893267512321472,-0.183336079120636,-0.07379838824272156,0.04565364494919777,-0.9988839030265808,0.012112685479223728,-0.9967414736747742,-0.0463561974465847,-0.06601165235042572,-1.0715570449829102,-0.017094537615776062,-0.7130616307258606,-0.014317812398076057,-1.0686579942703247,-0.04006146639585495,0.3080073595046997,-0.6040863394737244,-0.10966227203607559,0.3428860306739807,-0.10966227203607559,1.1484031677246094,-0.10966227203607559,1.0953145027160645,0.1944185495376587,116.5
310,-0.10962018370628357,0.3432377874851227,-0.10958950221538544,1.1487023830413818,-0.10965277999639511,1.0960791110992432,0.18834024667739868,0.7250000238418579,-1.0071308563730725e-15,-0.003670596983283758,-2.739251431194134e-05,-0.002848821459338069,-6.264829849042584e-16,-0.011093968525528908,0.08001353591680527,-0.0,0.3893267512321472,-0.183336079120636,-0.07379838824272156,0.04565364494919777,-0.9988839030265808,0.012112685479223728,-0.9967414736747742,-0.0463561974465847,-0.06601165235042572,-1.0714850425720215,-0.018529608845710754,-0.7138450145721436,-0.015862317755818367,-1.0682729482650757,-0.037626199424266815,0.30867114663124084,-0.6037393808364868,-0.10966227203607559,0.342681884765625,-0.10966227203607559,1.1482264995574951,-0.10966227203607559,1.0949503183364868,0.1976003795862198,116.5
311,-0.10962018370628357,0.34309399127960205,-0.10958950221538544,1.1485968828201294,-0.10965277999639511,1.0956822633743286,0.1916152983903885,0.7250000238418579,-1.0071308563730725e-15,-0.0038075593765825033,-7.930164816114238e-18,-0.00295839156024158,-6.264829849042584e-16,-0.010107837617397308,0.08045181632041931,-0.0,0.3893267512321472,-0.183336079120636,-0.07379838824272156,0.04565364494919777,-0.9988839030265808,0.012112685479223728,-0.9967414736747742,-0.0463561974465847,-0.06601165235042572,-1.0717318058013916,-0.018547922372817993,-0.7149020433425903,-0.01616615243256092,-1.0679516792297363,-0.03342907875776291,0.30926740169525146,-0.6035943627357483,-0.10966227203607559,0.3425375521183014,-0.10966227203607559,1.1481119394302368,-0.10966227203607559,1.094679355621338,0.2008933275938034,116.5
312,-0.10962018370628357,0.34290990233421326,-0.10959142446517944,1.1484185457229614,-0.10965277999639511,1.0952565670013428,0.19522398710250854,0.7250000238418579,-1.0071308563730725e-15,-0.0038897369522601366,-2.739251431194134e-05,-0.003451456781476736,-6.264829849042584e-16,-0.009614772163331509,0.08086270093917847,-0.0,0.3893267512321472,-0.183336079120636,-0.07379838824272156,0.04565364494919777,-0.9988839030265808,0.012112685479223728,-0.9967414736747742,-0.0463561974465847,-0.06601165235042572,-1.0717092752456665,-0.019245177507400513,-0.7156099677085876,-0.01656082458794117,-1.067789077758789,-0.03100966475903988,0.3098331689834595,-0.6034374833106995,-0.10966227203607559,0.34233254194259644,-0.10966227203607559,1.1479216814041138,-0.10966227203607559,1.0943262577056885,0.20451898872852325,116.5
313,-0.10962018370628357,0.3427354097366333,-0.10959142446517944,1.1482670307159424,-0.10965277999639511,1.0949420928955078,0.19853737950325012,0.7250000238418579,-1.0071308563730725e-15,-0.004300624597817659,-2.739251431194134e-05,-0.0039719147607684135,-6.264829849042584e-16,-0.008436894044280052,0.0818762257695198,-0.0,0.3893267512321472,-0.183336079120636,-0.07379838824272156,0.04565364494919777,-0.9988839030265808,0.012112685479223728,-0.9967414736747742,-0.0463561974465847,-0.06601165235042572,-1.0717138051986694,-0.020393624901771545,-0.7164731025695801,-0.017033012583851814,-1.0676732063293457,-0.027042796835303307,0.3107011616230011,-0.6030188202857971,-0.10966227203607559,0.3421235978603363,-0.10966227203607559,1.1477560997009277,-0.10966227203607559,1.0941307544708252,0.20785841345787048,116.5
314,-0.10962018370628357,0.3425532579421997,-0.10959142446517944,1.1481021642684937,-0.10965277999639511,1.0945988893508911,0.20198307931423187,0.7250000238418579,-1.0071308563730725e-15,-0.004492372274398804,-7.930164816114238e-18,-0.0039719147607684135,-6.264829849042584e-16,-0.008245146833360195,0.08464286476373672,-0.0,0.3893267512321472,-0.183336079120636,-0.07379838824272156,0.04565364494919777,-0.9988839030265808,0.012112685479223728,-0.9967414736747742,-0.0463561974465847,-0.06601165235042572,-1.0719836950302124,-0.0210103839635849,-0.716892421245575,-0.016568096354603767,-1.0683515071868896,-0.026144376024603844,0.3112826943397522,-0.6036097407341003,-0.10966227203607559,0.34192293882369995,-0.10966227203607559,1.1476051807403564,-0.10966227203607559,1.0938146114349365,0.21132156252861023,116.5
315,-0.10962018370628357,0.3423691689968109,-0.10959142446517944,1.1479544639587402,-0.10965277999639511,1.0943399667739868,0.20518718659877777,0.7250000238418579,-1.0071308563730725e-15,-0.004574549850076437,-7.930164816114238e-18,-0.0038897369522601366,-6.264829849042584e-16,-0.007231623865664005,0.08291713893413544,-0.0,0.3893267512321472,-0.183336079120636,-0.07379838824272156,0.04565364494919777,-0.9988839030265808,0.012112685479223728,-0.9967414736747742,-0.0463561974465847,-0.06601165235042572,-1.072211503982544,-0.02001398801803589,-0.7183232307434082,-0.01670733280479908,-1.0672824382781982,-0.02169530652463436,0.31135955452919006,-0.6034895181655884,-0.10966227203607559,0.341768741607666,-0.10966227203607559,1.1474531888961792,-0.10966227203607559,1.0936890840530396,0.21452797949314117,116.5
316,-0.10962018370628357,0.3421544134616852,-0.10959333926439285,1.1477627754211426,-0.10965277999639511,1.0940274000167847,0.20886681973934174,0.7250000238418579,-1.0071308563730725e-15,-0.004684119950979948,-2.739251431194134e-05,-0.004026699345558882,-6.264829849042584e-16,-0.00668377336114645,0.08094488084316254,-0.0,0.3893267512321472,-0.183336079120636,-0.07379838824272156,0.04565364494919777,-0.9988839030265808,0.012112685479223728,-0.9967414736747742,-0.0463561974465847,-0.06601165235042572,-1.0723283290863037,-0.019424736499786377,-0.7196301221847534,-0.017113061621785164,-1.0662387609481812,-0.018678179010748863,0.3113496005535126,-0.6035434007644653,-0.10966227203607559,0.3415716588497162,-0.10966227203607559,1.1472493410110474,-0.10966227203607559,1.0934669971466064,0.21820731461048126,116.5
317,-0.10962018370628357,0.34196457266807556,-0.10959333926439285,1.1476150751113892,-0.10965277999639511,1.093835711479187,0.21195396780967712,0.7250000238418579,-1.0071308563730725e-15,-0.004766297526657581,-2.739251431194134e-05,-0.003999307285994291,-6.264829849042584e-16,-0.005725035443902016,0.079082190990448,-0.0,0.3893267512321472,-0.183336079120636,-0.07379838824272156,0.04565364494919777,-0.9988839030265808,0.012112685479223728,-0.9967414736747742,-0.0463561974465847,-0.06601165235042572,-1.072471022605896,-0.018471211194992065,-0.7209689617156982,-0.017230482771992683,-1.0651575326919556,-0.014604559168219566,0.3113625943660736,-0.6034141182899475,-0.10966227203607559,0.34141042828559875,-0.10966227203607559,1.147098183631897,-0.10966227203607559,1.093397617340088,0.2212948501110077,116.5
318,-0.10962018370628357,0.34177666902542114,-0.10959333926439285,1.1474463939666748,-0.10965277999639511,1.0936592817306519,0.2152692824602127,0.7250000238418579,-1.0071308563730725e-15,-0.004738905001431704,-7.930164816114238e-18,-0.003944522235542536,-6.264829849042584e-16,-0.004355409648269415,0.08034224063158035,-0.0,0.3893267512321472,-0.183336079120636,-0.07379838824272156,0.04565364494919777,-0.9988839030265808,0.012112685479223728,-0.9967414736747742,-0.0463561974465847,-0.06601165235042572,-1.0725436210632324,-0.018159106373786926,-0.7218283414840698,-0.016207369044423103,-1.0650577545166016,-0.010005524381995201,0.3119388520717621,-0.603142261505127,-0.10966227203607559,0.3412318825721741,-0.10966227203607559,1.1469601392745972,-0.10966227203607559,1.093359112739563,0.22462745010852814,116.5
319,-0.10962018370628357,0.3415638208389282,-0.10959333926439285,1.1472488641738892,-0.10965277999639511,1.0935039520263672,0.21893548965454102,0.7250000238418579,-1.0071308563730725e-15,-0.004711512476205826,-7.930164816114238e-18,-0.004382802173495293,-6.264829849042584e-16,-0.003752774326130748,0.08250625431537628,-0.0,0.3893267512321472,-0.183336079120636,-0.07379838824272156,0.04565364494919777,-0.9988839030265808,0.012112685479223728,-0.9967414736747742,-0.0463561974465847,-0.06601165235042572,-1.0723049640655518,-0.019013360142707825,-0.7219951748847961,-0.015443475916981697,-1.0655070543289185,-0.008472731336951256,0.3125867247581482,-0.6030345559120178,-0.10966227203607559,0.3409934341907501,-0.10966227203607559,1.1467856168746948,-0.10966227203607559,1.093249797821045,0.22831308841705322,116.5
320,-0.10962018370628357,0.3413759171962738,-0.10959525406360626,1.147103190422058,-0.10965277999639511,1.0934503078460693,0.2222527265548706,0.7250000238418579,-1.0071308563730725e-15,-0.004738905001431704,-2.739251431194134e-05,-0.003944522235542536,-6.264829849042584e-16,-0.002136616036295891,0.0819036141037941,-0.0,0.3893267512321472,-0.183336079120636,-0.07379838824272156,0.04565364494919777,-0.9988839030265808,0.012112685479223728,-0.9967414736747742,-0.0463561974465847,-0.06601165235042572,-1.0726039409637451,-0.01750054955482483,-0.7235081791877747,-0.014387460425496101,-1.064613699913025,-0.0027556922286748886,0.31269118189811707,-0.6029620170593262,-0.10966227203607559,0.3408508896827698,-0.10966227203607559,1.1466715335845947,-0.10966227203607559,1.093367576599121,0.23163346946239471,116.5
321,-0.10962018370628357,0.3411880135536194,-0.10959525406360626,1.1469440460205078,-0.10965277999639511,1.0933735370635986,0.2255220264196396,0.7250000238418579,-1.0071308563730725e-15,-0.004711512476205826,-2.739251431194134e-05,-0.0037801668513566256,-6.264829849042584e-16,-0.001616158289834857,0.08242407441139221,-0.0,0.3893267512321472,-0.183336079120636,-0.07379838824272156,0.04565364494919777,-0.9988839030265808,0.012112685479223728,-0.9967414736747742,-0.0463561974465847,-0.06601165235042572,-1.0727084875106812,-0.016912758350372314,-0.7242027521133423,-0.013483645394444466,-1.064440131187439,-0.0009274985641241074,0.31277215480804443,-0.6033028960227966,-0.10966227203607559,0.34068062901496887,-0.10966227203607559,1.146539568901062,-0.10966227203607559,1.0933457612991333,0.2349051982164383,116.5
322,-0.10962018370628357,0.34099626541137695,-0.10959525406360626,1.1468020677566528,-0.10965277999639511,1.0933371782302856,0.22904634475708008,0.7250000238418579,-1.0071308563730725e-15,-0.004793690051883459,-7.930164816114238e-18,-0.00372538180090487,-6.264829849042584e-16,-0.001369625679217279,0.08535507321357727,-0.0,0.3893267512321472,-0.183336079120636,-0.07379838824272156,0.04565364494919777,-0.9988839030265808,0.012112685479223728,-0.9967414736747742,-0.0463561974465847,-0.06601165235042572,-1.0727900266647339,-0.017231866717338562,-0.7243534922599792,-0.012361707165837288,-1.0651551485061646,-0.0007643010467290878,0.3131590187549591,-0.6039505004882812,-0.10966227203607559,0.34047931432724,-0.10966227203607559,1.1464312076568604,-0.10966227203607559,1.093314290046692,0.2384411096572876,116.5
323,-0.10962018370628357,0.34081026911735535,-0.10959525406360626,1.1466717720031738,-0.10965277999639511,1.093317985534668,0.23244218528270721,0.7260000109672546,-1.0071308563730725e-15,-0.004711512476205826,-7.930164816114238e-18,-0.003369279205799103,-6.264829849042584e-16,-0.0006300278473645449,0.08645077794790268,-0.0,0.3893267512321472,-0.183336079120636,-0.07379838824272156,0.04565364494919777,-0.9988839030265808,0.012112685479223728,-0.9967414736747742,-0.0463561974465847,-0.06601165235042572,-1.0728507041931152,-0.015633702278137207,-0.724682092666626,-0.01092684455215931,-1.0650608539581299,0.0015686247497797012,0.3127939701080322,-0.6045098900794983,-0.10966227203607559,0.3403412699699402,-0.10966227203607559,1.1463439464569092,-0.10966227203607559,1.0933650732040405,0.24182599782943726,116.5
324,-0.10962018370628357,0.34065112471580505,-0.10959525406360626,1.1465470790863037,-0.10965277999639511,1.0933102369308472,0.23569615185260773,0.7250000238418579,-1.0071308563730725e-15,-0.004273232072591782,-7.930164816114238e-18,-0.0031775315292179585,-6.264829849042584e-16,-0.00030131766106933355,0.08286235481500626,-0.0,0.3893267512321472,-0.183336079120636,-0.07379838824272156,0.04565364494919777,-0.9988839030265808,0.012112685479223728,-0.9967414736747742,-0.0463561974465847,-0.06601165235042572,-1.0728867053985596,-0.01421220600605011,-0.7262073159217834,-0.010587247088551521,-1.0635424852371216,0.003923008218407631,0.31259962916374207,-0.6044867634773254,-0.10966227203607559,0.3402247726917267,-0.10966227203607559,1.1462295055389404,-0.10966227203607559,1.0934278964996338,0.24507413804531097,116.5
325,-0.10962018370628357,0.3404957950115204,-0.10959525406360626,1.1464512348175049,-0.10965277999639511,1.0933064222335815,0.23900571465492249,0.7260000109672546,-1.0071308563730725e-15,-0.0038897369522601366,-7.930164816114238e-18,-0.00271185883320868,-6.264829849042584e-16,-0.0001369625679217279,0.0819036141037941,-0.0,0.3893267512321472,-0.183336079120636,-0.07379838824272156,0.04565364494919777,-0.9988839030265808,0.012112685479223728,-0.9967414736747742,-0.0463561974465847,-0.06601165235042572,-1.0728912353515625,-0.011712402105331421,-0.7265803217887878,-0.00936564989387989,-1.0628741979599,0.005119333043694496,0.3117036521434784,-0.6052234768867493,-0.10966227203607559,0.34014442563056946,-0.10966227203607559,1.1461702585220337,-0.10966227203607559,1.093459963798523,0.24835681915283203,116.5
326,-0.10962018370628357,0.3403347432613373,-0.10959525406360626,1.1463438272476196,-0.10965277999639511,1.0933064222335815,0.24270452558994293,0.7250000238418579,-1.0071308563730725e-15,-0.003670596983283758,-7.930164816114238e-18,-0.002355756238102913,-6.264829849042584e-16,-2.739251431194134e-05,0.0824514701962471,-0.0,0.3893267512321472,-0.183336079120636,-0.07379838824272156,0.04565364494919777,-0.9988839030265808,0.012112685479223728,-0.9967414736747742,-0.0463561974465847,-0.06601165235042572,-1.0731885433197021,-0.011263206601142883,-0.7275896072387695,-0.00833931751549244,-1.0627418756484985,0.005781421437859535,0.3119780719280243,-0.6058733463287354,-0.10966227203607559,0.3399968445301056,-0.10966227203607559,1.1460936069488525,-0.10966227203607559,1.093479871749878,0.2520638704299927,116.5
327,-0.10962018370628357,0.3402426838874817,-0.10959525406360626,1.146255612373352,-0.10965277999639511,1.0933064222335815,0.24593929946422577,0.7250000238418579,-1.0071308563730725e-15,-0.0027940364088863134,-7.930164816114238e-18,-0.0022735786624252796,-6.264829849042584e-16,-6.34413185289139e-17,0.08149272948503494,-0.0,0.3893267512321472,-0.183336079120636,-0.07379838824272156,0.04565364494919777,-0.9988839030265808,0.012112685479223728,-0.9967414736747742,-0.0463561974465847,-0.06601165235042572,-1.0728349685668945,-0.009790122509002686,-0.7277822494506836,-0.006874682381749153,-1.0622204542160034,0.006573745980858803,0.31166425347328186,-0.6059184074401855,-0.10966227203607559,0.33994898200035095,-0.10966227203607559,1.1460493803024292,-0.10966227203607559,1.0935035943984985,0.255289226770401,116.5
328,-0.10962018370628357,0.3401468098163605,-0.10959525406360626,1.1461827754974365,-0.10965277999639511,1.0933064222335815,0.24923735857009888,0.7250000238418579,-1.0071308563730725e-15,-0.0023009711876511574,-7.930164816114238e-18,-0.0019448684761300683,-6.264829849042584e-16,-6.34413185289139e-17,0.08171186596155167,-0.0,0.3893267512321472,-0.183336079120636,-0.07379838824272156,0.04565364494919777,-0.9988839030265808,0.012112685479223728,-0.9967414736747742,-0.0463561974465847,-0.06601165235042572,-1.0728263854980469,-0.00856444239616394,-0.7281429171562195,-0.005489589646458626,-1.0620287656784058,0.007011899724602699,0.3114323318004608,-0.6064814329147339,-0.10966227203607559,0.33988988399505615,-0.10966227203607559,1.1460180282592773,-0.10966227203607559,1.0935168266296387,0.2585803270339966,116.5
329,-0.10962018370628357,0.3400643765926361,-0.10959525406360626,1.1461310386657715,-0.10965277999639511,1.0933122634887695,0.25248363614082336,0.7250000238418579,-1.0071308563730725e-15,-0.002218793611973524,-7.930164816114238e-18,-0.0015339808305725455,-6.264829849042584e-16,8.217753929784521e-05,0.08165708184242249,-0.0,0.3893267512321472,-0.183336079120636,-0.07379838824272156,0.04565364494919777,-0.9988839030265808,0.012112685479223728,-0.9967414736747742,-0.0463561974465847,-0.06601165235042572,-1.0730208158493042,-0.007592901587486267,-0.7288473844528198,-0.004620404914021492,-1.0616697072982788,0.007690081372857094,0.3111850917339325,-0.6072858572006226,-0.10966227203607559,0.33983659744262695,-0.10966227203607559,1.145992398262024,-0.10966227203607559,1.0935429334640503,0.26181918382644653,116.5
330,-0.10962018370628357,0.339997261762619,-0.10959525406360626,1.1460715532302856,-0.10965277999639511,1.0933332443237305,0.25575295090675354,0.7250000238418579,-1.0071308563730725e-15,-0.0018079059664160013,-7.930164816114238e-18,-0.0013970182044431567,-6.264829849042584e-16,0.0003834952076431364,0.08168447762727737,-0.0,0.3893267512321472,-0.183336079120636,-0.07379838824272156,0.04565364494919777,-0.9988839030265808,0.012112685479223728,-0.9967414736747742,-0.0463561974465847,-0.06601165235042572,-1.0728691816329956,-0.0067910850048065186,-0.729241669178009,-0.003391774371266365,-1.0613573789596558,0.008957872167229652,0.3111032545566559,-0.6075440645217896,-0.10966227203607559,0.33979353308677673,-0.10966227203607559,1.1459697484970093,-0.10966227203607559,1.093601942062378,0.2650860548019409,116.5
331,-0.10962018370628357,0.33993974328041077,-0.10959525406360626,1.1460390090942383,-0.10965277999639511,1.09340238571167,0.2590356767177582,0.7250000238418579,-1.0071308563730725e-15,-0.0015065883053466678,-7.930164816114238e-18,-0.0011504855938255787,-6.264829849042584e-16,0.001232663169503212,0.08171186596155167,-0.0,0.3833429217338562,-0.18094205856323242,-0.07654883712530136,0.056570570915937424,-0.9982677698135376,0.016161445528268814,-0.9966683983802795,-0.05741771310567856,-0.05792490765452385,-1.085646152496338,-0.02176085114479065,-0.7444276213645935,-0.06573346257209778,-1.0475913286209106,0.07892430573701859,0.3184400200843811,-0.6123807430267334,-0.10966227203607559,0.3392869234085083,-0.10966227203607559,1.1440670490264893,-0.10966227203607559,1.0957701206207275,0.2685888707637787,116.5
332,-0.10962018370628357,0.33986493945121765,-0.10959525406360626,1.1459660530090332,-0.10965277999639511,1.0935653448104858,0.26228195428848267,0.7260000109672546,-1.0071308563730725e-15,-0.0016709433402866125,-7.930164816114238e-18,-0.0013422331539914012,-6.264829849042584e-16,0.0031227467115968466,0.08176665753126144,-0.0,0.38426244258880615,-0.17920762300491333,-0.07597789168357849,0.07539572566747665,-0.9970765113830566,0.012405388057231903,-0.9954328536987305,-0.07599036395549774,-0.0577833354473114,-1.064433217048645,-0.015261441469192505,-0.7242332696914673,-0.0601748526096344,-1.0408340692520142,0.06844336539506912,0.31213074922561646,-0.6102644801139832,-0.10966227203607559,0.3394070863723755,-0.10966227203607559,1.1441608667373657,-0.10966227203607559,1.0956186056137085,0.2716458737850189,116.5
333,-0.10962018370628357,0.33956199884414673,-0.10959525406360626,1.1451128721237183,-0.10965277999639511,1.0945700407028198,0.26568737626075745,0.7250000238418579,-1.0071308563730725e-15,-0.0051771849393844604,-7.930164816114238e-18,-0.013175799511373043,-6.264829849042584e-16,0.01635333150625229,0.08335541933774948,-0.0,0.383939653635025,-0.17887207865715027,-0.07605421543121338,0.0784468874335289,-0.9968631267547607,0.010487746447324753,-0.9951886534690857,-0.07892588526010513,-0.05805344879627228,-1.0544981956481934,-0.03848499059677124,-0.7228767275810242,-0.06623971462249756,-1.040716290473938,0.10302639752626419,0.3208025395870209,-0.5957193970680237,-0.10966227203607559,0.3384074568748474,-0.10966227203607559,1.1431256532669067,-0.10966227203607559,1.097660779953003,0.2753114402294159,116.5
334,-0.10962018370628357,0.3394622802734375,-0.10959717631340027,1.1445010900497437,-0.10965277999639511,1.0952565670013428,0.2689528465270996,0.7250000238418579,-1.0071308563730725e-15,-0.004958045203238726,-2.739251431194134e-05,-0.018818657845258713,-6.264829849042584e-16,0.021420946344733238,0.0833006352186203,-0.0,0.38332968950271606,-0.1794070601463318,-0.07612460851669312,0.09296873211860657,-0.9955726265907288,0.013853579759597778,-0.9938339591026306,-0.0936327651143074,-0.059388142079114914,-1.0521044731140137,-0.052283480763435364,-0.7267336249351501,-0.06827232241630554,-1.0433565378189087,0.11757797747850418,0.327524334192276,-0.5875899791717529,-0.10966227203607559,0.3378937840461731,-0.10966227203607559,1.1424529552459717,-0.10966227203607559,1.0987838506698608,0.2787785828113556,116.5
335,-0.10962018370628357,0.3389599025249481,-0.10959717631340027,1.1438319683074951,-0.10965277999639511,1.096453070640564,0.27237170934677124,0.7250000238418579,-1.0071308563730725e-15,-0.007971221581101418,-2.739251431194134e-05,-0.015586340799927711,-6.264829849042584e-16,0.024023234844207764,0.08373891562223434,-0.0,0.3816990256309509,-0.18086020648479462,-0.07612434029579163,0.1320176124572754,-0.991080105304718,0.018208209425210953,-0.989421546459198,-0.13286659121513367,-0.058235712349414825,-1.0626025199890137,-0.06068448722362518,-0.7456363439559937,-0.07462045550346375,-1.0483149290084839,0.13325180113315582,0.33483412861824036,-0.5890471935272217,-0.10966227203607559,0.337139368057251,-0.10966227203607559,1.141593337059021,-0.10966227203607559,1.1004506349563599,0.2824167311191559,116.5
336,-0.10962018370628357,0.33837890625,-0.10959717631340027,1.143126368522644,-0.10965277999639511,1.0976802110671997,0.27582699060440063,0.7250000238418579,-1.0071308563730725e-15,-0.014408462680876255,-7.930164816114238e-18,-0.01744903065264225,-6.264829849042584e-16,0.03098093345761299,0.08614945411682129,-0.0,0.3736357092857361,-0.17910033464431763,-0.0807674303650856,0.14657028019428253,-0.9891756176948547,0.006976419594138861,-0.987873911857605,-0.14673520624637604,-0.05073319375514984,-1.0886244773864746,-0.08743894100189209,-0.7896388173103333,-0.13352438807487488,-1.048424482345581,0.26716017723083496,0.3506145179271698,-0.6001083850860596,-0.10966227203607559,0.33575573563575745,-0.10966227203607559,1.1391205787658691,-0.10966227203607559,1.1056950092315674,0.2863454222679138,116.5
337,-0.10962018370628357,0.33756399154663086,-0.10959717631340027,1.1420966386795044,-0.10965277999639511,1.0996206998825073,0.2802276015281677,0.7250000238418579,-1.0071308563730725e-15,-0.015695910900831223,-7.930164816114238e-18,-0.019886964932084084,-6.264829849042584e-16,0.036596398800611496,0.08743690699338913,-0.0,0.37454935908317566,-0.1785179078578949,-0.07970152050256729,0.15431474149227142,-0.987947404384613,0.01212102547287941,-0.9865564703941345,-0.15474216639995575,-0.05254656821489334,-1.0739829540252686,-0.08690863847732544,-0.7767214179039001,-0.12547555565834045,-1.045028805732727,0.25482165813446045,0.3473028242588043,-0.5944077372550964,-0.10966227203607559,0.33495673537254333,-0.10966227203607559,1.1383323669433594,-0.10966227203607559,1.1072653532028198,0.29064667224884033,116.5
338,-0.10962018370628357,0.33659565448760986,-0.10959717631340027,1.140647053718567,-0.10965277999639511,1.1026253700256348,0.28357359766960144,0.7250000238418579,-1.0071308563730725e-15,-0.021201806142926216,-7.930164816114238e-18,-0.0298304483294487,-6.264829849042584e-16,0.06067441776394844,0.08568378537893295,-0.0,0.37288472056388855,-0.17762963473796844,-0.08007418364286423,0.1536048948764801,-0.9880862832069397,0.00953955203294754,-0.9867410063743591,-0.1538936048746109,-0.051564544439315796,-1.0650901794433594,-0.09763813018798828,-0.7884779572486877,-0.12786820530891418,-1.0460610389709473,0.3522185683250427,0.35153695940971375,-0.5856974124908447,-0.10966227203607559,0.33366650342941284,-0.10966227203607559,1.1368110179901123,-0.10966227203607559,1.1131919622421265,0.2941197156906128,116.5
339,-0.10962018370628357,0.33575963973999023,-0.10959717631340027,1.1392971277236938,-0.10965277999639511,1.1052772998809814,0.2873222827911377,0.7250000238418579,-1.0071308563730725e-15,-0.02265360951423645,-7.930164816114238e-18,-0.035555481910705566,-6.264829849042584e-16,0.0714670717716217,0.0894913449883461,-0.0,0.3703705370426178,-0.17364850640296936,-0.08053897321224213,0.13910117745399475,-0.9902403354644775,0.008655106648802757,-0.9888918399810791,-0.13936345279216766,-0.051679082214832306,-1.0428645610809326,-0.09348081052303314,-0.7755430936813354,-0.1377851963043213,-1.0369033813476562,0.4119241237640381,0.343831866979599,-0.5870583653450012,-0.10966227203607559,0.3329552114009857,-0.10966227203607559,1.1351635456085205,-0.10966227203607559,1.1176350116729736,0.2976372539997101,116.5
340,-0.10962018370628357,0.33463791012763977,-0.10959717631340027,1.1379894018173218,-0.10965277999639511,1.1093250513076782,0.29101917147636414,0.7260000109672546,-1.0071308563730725e-15,-0.02479022555053234,-7.930164816114238e-18,-0.03281623125076294,-6.264829849042584e-16,0.08593031764030457,0.09313454478979111,-0.0,0.3757432699203491,-0.17350205779075623,-0.0764726847410202,0.12110648304224014,-0.9925479292869568,0.01348430011421442,-0.9908932447433472,-0.12168769538402557,-0.05764298141002655,-1.0146700143814087,-0.06789728999137878,-0.740192174911499,-0.08771571516990662,-1.0267912149429321,0.35380834341049194,0.32568156719207764,-0.5801373720169067,-0.10966227203607559,0.33260098099708557,-0.10966227203607559,1.1353579759597778,-0.10966227203607559,1.1199393272399902,0.30078962445259094,116.5
341,-0.10962018370628357,0.3336753249168396,-0.10959717631340027,1.136610746383667,-0.10965277999639511,1.1136298179626465,0.2945588231086731,0.7250000238418579,-1.0071308563730725e-15,-0.026242028921842575,-7.930164816114238e-18,-0.03372018411755562,-6.264829849042584e-16,0.10658427327871323,0.09031312167644501,-0.0,0.36460641026496887,-0.1686762124300003,-0.08269840478897095,0.09586665034294128,-0.9953725337982178,-0.006565258838236332,-0.9942652583122253,-0.09544181078672409,-0.04824305325746536,-1.0294935703277588,-0.06174951791763306,-0.7935112118721008,-0.13033057749271393,-1.026647686958313,0.6087660789489746,0.32592517137527466,-0.6024699807167053,-0.10966227203607559,0.33182284235954285,-0.10966227203607559,1.132700800895691,-0.10966227203607559,1.1318928003311157,0.3043365776538849,116.5
342,-0.10962018370628357,0.3331000804901123,-0.10959717631340027,1.1357747316360474,-0.10965277999639511,1.117313265800476,0.29796427488327026,0.7250000238418579,-1.0071308563730725e-15,-0.018106451258063316,-7.930164816114238e-18,-0.02670770138502121,-6.264829849042584e-16,0.09858565777540207,0.08634120225906372,-0.0,0.36460641026496887,-0.1686762124300003,-0.08269840478897095,0.09586665034294128,-0.9953725337982178,-0.006565258838236332,-0.9942652583122253,-0.09544181078672409,-0.04824305325746536,-1.0293636322021484,-0.04699626564979553,-0.7825912833213806,-0.11542961001396179,-1.0192359685897827,0.5621010661125183,0.31821006536483765,-0.6049631834030151,-0.10966227203607559,0.3316901922225952,-0.10966227203607559,1.1323118209838867,-0.10966227203607559,1.134176254272461,0.3075105845928192,116.5
343,-0.10962018370628357,0.3323350250720978,-0.10959717631340027,1.1343692541122437,-0.10965277999639511,1.1233283281326294,0.3013888895511627,0.7250000238418579,-1.0071308563730725e-15,-0.016709433868527412,-7.930164816114238e-18,-0.028351252898573875,-6.264829849042584e-16,0.125265970826149,0.08513593673706055,-0.0,0.36460641026496887,-0.1686762124300003,-0.08269840478897095,0.09586665034294128,-0.9953725337982178,-0.006565258838236332,-0.9942652583122253,-0.09544181078672409,-0.04824305325746536,-1.0159322023391724,-0.03451967239379883,-0.7884028553962708,-0.08465409278869629,-1.0182355642318726,0.6357389092445374,0.31128761172294617,-0.5993992686271667,-0.10966227203607559,0.33129942417144775,-0.10966227203607559,1.1318296194076538,-0.10966227203607559,1.1424005031585693,0.3107275068759918,116.5
344,-0.10962018370628357,0.3320589065551758,-0.10959717631340027,1.1331746578216553,-0.10965277999639511,1.128639817237854,0.30468884110450745,0.7250000238418579,-1.0071308563730725e-15,-0.012463593855500221,-7.930164816114238e-18,-0.03309015557169914,-6.264829849042584e-16,0.14287935197353363,0.08382109552621841,-0.0,0.36460641026496887,-0.1686762124300003,-0.08269840478897095,0.09586665034294128,-0.9953725337982178,-0.006565258838236332,-0.9942652583122253,-0.09544181078672409,-0.04824305325746536,-1.001796841621399,-0.03021588921546936,-0.7864866852760315,-0.060893669724464417,-1.0178911685943604,0.6739619374275208,0.3082694113254547,-0.5904902219772339,-0.10966227203607559,0.33115243911743164,-0.10966227203607559,1.131347894668579,-0.10966227203607559,1.148858666419983,0.31393691897392273,116.5
345,-0.10962018370628357,0.3316888213157654,-0.10959717631340027,1.1324152946472168,-0.10965277999639511,1.1340930461883545,0.3079255521297455,0.7250000238418579,-1.0071308563730725e-15,-0.007478156127035618,-7.930164816114238e-18,-0.023091889917850494,-6.264829849042584e-16,0.13373024761676788,0.08149272948503494,-0.0,0.36460641026496887,-0.1686762124300003,-0.08269840478897095,0.09586665034294128,-0.9953725337982178,-0.006565258838236332,-0.9942652583122253,-0.09544181078672409,-0.04824305325746536,-1.0040630102157593,-0.015615284442901611,-0.7754907608032227,-0.042464479804039,-1.0111109018325806,0.6166835427284241,0.299742192029953,-0.5960607528686523,-0.10966227203607559,0.3312203586101532,-0.10966227203607559,1.1311413049697876,-0.10966227203607559,1.1525934934616089,0.3169178068637848,116.5
346,-0.10962018370628357,0.3313724398612976,-0.10959717631340027,1.131880283355713,-0.10965277999639511,1.1395368576049805,0.3111584186553955,0.7250000238418579,-1.0071308563730725e-15,-0.008902567438781261,-7.930164816114238e-18,-0.015148060396313667,-6.264829849042584e-16,0.1365242898464203,0.08069834858179092,-0.0,0.36460641026496887,-0.1686762124300003,-0.08269840478897095,0.09586665034294128,-0.9953725337982178,-0.006565258838236332,-0.9942652583122253,-0.09544181078672409,-0.04824305325746536,-1.0051517486572266,-0.003612428903579712,-0.774666428565979,-0.025606276467442513,-1.0062912702560425,0.6042172908782959,0.2917989492416382,-0.602569043636322,-0.10966227203607559,0.33126407861709595,-0.10966227203607559,1.1311120986938477,-0.10966227203607559,1.157663345336914,0.3199123740196228,116.5
347,-0.10962018370628357,0.3313034176826477,-0.10959717631340027,1.1314986944198608,-0.10965277999639511,1.144980549812317,0.31423404812812805,0.7250000238418579,-1.0071308563730725e-15,-0.003999307285994291,-7.930164816114238e-18,-0.011176145635545254,-6.264829849042584e-16,0.13600383698940277,0.07856173068284988,-0.0,0.36460641026496887,-0.1686762124300003,-0.08269840478897095,0.09586665034294128,-0.9953725337982178,-0.006565258838236332,-0.9942652583122253,-0.09544181078672409,-0.04824305325746536,-1.0013765096664429,0.006438151001930237,-0.7667698860168457,-0.008056433871388435,-1.0022268295288086,0.5790770053863525,0.2857871651649475,-0.6027090549468994,-0.10966227203607559,0.33149656653404236,-0.10966227203607559,1.1312570571899414,-0.10966227203607559,1.1623528003692627,0.3228076696395874,116.5
348,-0.10962018370628357,0.3312593102455139,-0.10959717631340027,1.1313108205795288,-0.10965277999639511,1.1510895490646362,0.3176855146884918,0.7250000238418579,-1.0071308563730725e-15,-0.0010409154929220676,-7.930164816114238e-18,-0.0057524279691278934,-6.264829849042584e-16,0.13581208884716034,0.07664425671100616,-0.0,0.36460641026496887,-0.1686762124300003,-0.08269840478897095,0.09586665034294128,-0.9953725337982178,-0.006565258838236332,-0.9942652583122253,-0.09544181078672409,-0.04824305325746536,-0.9990654587745667,0.017296969890594482,-0.7604202032089233,0.008858172222971916,-0.9976739287376404,0.5531954765319824,0.2789211571216583,-0.6049478054046631,-0.10966227203607559,0.33177822828292847,-0.10966227203607559,1.1315765380859375,-0.10966227203607559,1.1676853895187378,0.3260531425476074,116.5
349,-0.10962018370628357,0.3312593102455139,-0.10959717631340027,1.131266713142395,-0.10965277999639511,1.1562649011611938,0.3204639256000519,0.7250000238418579,-1.0071308563730725e-15,-0.0003834952076431364,-7.930164816114238e-18,-0.0020818309858441353,-6.264829849042584e-16,0.13194973766803741,0.07226145267486572,-0.0,0.36460641026496887,-0.1686762124300003,-0.08269840478897095,0.09586665034294128,-0.9953725337982178,-0.006565258838236332,-0.9942652583122253,-0.09544181078672409,-0.04824305325746536,-0.9987359046936035,0.020933955907821655,-0.754275918006897,0.014366356655955315,-0.9929512739181519,0.5167795419692993,0.27468761801719666,-0.6058405637741089,-0.10966227203607559,0.3318873345851898,-0.10966227203607559,1.131697654724121,-0.10966227203607559,1.171768307685852,0.3287045657634735,116.5
350,-0.10962018370628357,0.3312593102455139,-0.10959717631340027,1.131266713142395,-0.10965277999639511,1.1617833375930786,0.32345902919769287,0.7250000238418579,-1.0071308563730725e-15,-3.695456518104743e-15,-7.930164816114238e-18,-0.0004108877037651837,-6.264829849042584e-16,0.13408635556697845,0.07248058915138245,-0.0,0.36460641026496887,-0.1686762124300003,-0.08269840478897095,0.09586665034294128,-0.9953725337982178,-0.006565258838236332,-0.9942652583122253,-0.09544181078672409,-0.04824305325746536,-0.9953581690788269,0.024511724710464478,-0.749366044998169,0.025073586031794548,-0.9910919070243835,0.5003075003623962,0.27126994729042053,-0.605643093585968,-0.10966227203607559,0.3319946527481079,-0.10966227203607559,1.1320189237594604,-0.10966227203607559,1.1767926216125488,0.33159711956977844,116.5
351,-0.10962018370628357,0.3313436806201935,-0.10959717631340027,1.1313108205795288,-0.10965277999639511,1.1671024560928345,0.3262988030910492,0.7250000238418579,-1.0071308563730725e-15,0.0012052706442773342,-7.930164816114238e-18,0.0006300278473645449,-6.264829849042584e-16,0.13556554913520813,0.0726175531744957,-0.0,0.36460641026496887,-0.1686762124300003,-0.08269840478897095,0.09586665034294128,-0.9953725337982178,-0.006565258838236332,-0.9942652583122253,-0.09544181078672409,-0.04824305325746536,-0.9913909435272217,0.027398765087127686,-0.7436217069625854,0.035566508769989014,-0.9895027875900269,0.4822741746902466,0.2684011459350586,-0.6045695543289185,-0.10966227203607559,0.3321656584739685,-0.10966227203607559,1.1323778629302979,-0.10966227203607559,1.1815706491470337,0.3343508243560791,116.5
352,-0.10962018370628357,0.33152201771736145,-0.10959717631340027,1.1315581798553467,-0.10965277999639511,1.1722297668457031,0.32915008068084717,0.7250000238418579,-1.0071308563730725e-15,0.003588419407606125,-7.930164816114238e-18,0.004163661971688271,-6.264829849042584e-16,0.1300048679113388,0.07113835960626602,-0.0,0.36460641026496887,-0.1686762124300003,-0.08269840478897095,0.09586665034294128,-0.9953725337982178,-0.006565258838236332,-0.9942652583122253,-0.09544181078672409,-0.04824305325746536,-0.990491509437561,0.031219840049743652,-0.7357572913169861,0.04126653075218201,-0.9860811829566956,0.43985962867736816,0.2652321755886078,-0.6046743392944336,-0.10966227203607559,0.33245861530303955,-0.10966227203607559,1.1327961683273315,-0.10966227203607559,1.1854255199432373,0.3371070325374603,116.5
353,-0.10962018370628357,0.33177128434181213,-0.10959717631340027,1.1319129467010498,-0.10965277999639511,1.1771557331085205,0.3319706916809082,0.7250000238418579,-1.0071308563730725e-15,0.005560680292546749,-7.930164816114238e-18,0.008026006631553173,-6.264829849042584e-16,0.12512899935245514,0.07072747498750687,-0.0,0.36460641026496887,-0.1686762124300003,-0.08269840478897095,0.09586665034294128,-0.9953725337982178,-0.006565258838236332,-0.9942652583122253,-0.09544181078672409,-0.04824305325746536,-0.9898369908332825,0.03552941977977753,-0.7290138602256775,0.04730573296546936,-0.9831064343452454,0.40141749382019043,0.26207032799720764,-0.6055487990379333,-0.10966227203607559,0.33283716440200806,-0.10966227203607559,1.1333321332931519,-0.10966227203607559,1.1891982555389404,0.3398328125476837,116.5
354,-0.10962018370628357,0.3320608139038086,-0.10959717631340027,1.1323097944259644,-0.10965277999639511,1.1815506219863892,0.3347433805465698,0.7250000238418579,-1.0071308563730725e-15,0.006902913562953472,-7.930164816114238e-18,0.009532595053315163,-6.264829849042584e-16,0.11526770144701004,0.06982351839542389,-0.0,0.36460641026496887,-0.1686762124300003,-0.08269840478897095,0.09586665034294128,-0.9953725337982178,-0.006565258838236332,-0.9942652583122253,-0.09544181078672409,-0.04824305325746536,-0.9899429082870483,0.03174017369747162,-0.719859778881073,0.04287242889404297,-0.9806521534919739,0.34440863132476807,0.2621864974498749,-0.6039278507232666,-0.10966227203607559,0.33301302790641785,-0.10966227203607559,1.1335959434509277,-0.10966227203607559,1.191882848739624,0.3426089882850647,116.5
355,-0.10962018370628357,0.3324059545993805,-0.10959717631340027,1.132812261581421,-0.1096508651971817,1.1855964660644531,0.3374815285205841,0.7250000238418579,-1.0071308563730725e-15,0.008080791682004929,-7.930164816114238e-18,0.011504855938255787,2.739251431194134e-05,0.10428330302238464,0.06872782111167908,-0.0,0.36460641026496887,-0.1686762124300003,-0.08269840478897095,0.09586665034294128,-0.9953725337982178,-0.006565258838236332,-0.9942652583122253,-0.09544181078672409,-0.04824305325746536,-0.9907516837120056,0.028069496154785156,-0.7114356160163879,0.03701546788215637,-0.9779751300811768,0.2859867811203003,0.26204991340637207,-0.6036393046379089,-0.10966227203607559,0.3332480490207672,-0.10966227203607559,1.1339226961135864,-0.10966227203607559,1.1941760778427124,0.3453430235385895,116.5
356,-0.10962018370628357,0.33271852135658264,-0.10959717631340027,1.133270502090454,-0.1096508651971817,1.1893049478530884,0.3405514061450958,0.7250000238418579,-1.0071308563730725e-15,0.007560333702713251,-7.930164816114238e-18,0.011176145635545254,2.739251431194134e-05,0.0886421725153923,0.06823474913835526,-0.0,0.36460641026496887,-0.1686762124300003,-0.08269840478897095,0.09586665034294128,-0.9953725337982178,-0.006565258838236332,-0.9942652583122253,-0.09544181078672409,-0.04824305325746536,-0.9921375513076782,0.015775635838508606,-0.7013115882873535,0.02187257818877697,-0.9763733744621277,0.2102126032114029,0.26447492837905884,-0.6031821966171265,-0.10966227203607559,0.33319178223609924,-0.10966227203607559,1.1339266300201416,-0.10966227203607559,1.1956113576889038,0.34848564863204956,116.5
357,-0.10962018370628357,0.3329639434814453,-0.10959717631340027,1.1336252689361572,-0.10964895039796829,1.1919913291931152,0.3433375060558319,0.7250000238418579,-1.0071308563730725e-15,0.006355063058435917,-7.930164816114238e-18,0.00920388475060463,2.739251431194134e-05,0.07256276905536652,0.0692208856344223,-0.0,0.36460641026496887,-0.1686762124300003,-0.08269840478897095,0.09586665034294128,-0.9953725337982178,-0.006565258838236332,-0.9942652583122253,-0.09544181078672409,-0.04824305325746536,-0.9930318593978882,0.00036548078060150146,-0.69190514087677,0.005357561632990837,-0.9764645099639893,0.13846154510974884,0.26751378178596497,-0.6042425036430359,-0.10966227203607559,0.332974910736084,-0.10966227203607559,1.1337859630584717,-0.10966227203607559,1.1961451768875122,0.3513629138469696,116.5
358,-0.10962018370628357,0.33308666944503784,-0.10959717631340027,1.1337939500808716,-0.10964895039796829,1.193881869316101,0.3460718095302582,0.7250000238418579,-1.0071308563730725e-15,0.004300624597817659,-7.930164816114238e-18,0.006135923322290182,2.739251431194134e-05,0.055058952420949936,0.0689469575881958,-0.0,0.36460641026496887,-0.1686762124300003,-0.08269840478897095,0.09586665034294128,-0.9953725337982178,-0.006565258838236332,-0.9942652583122253,-0.09544181078672409,-0.04824305325746536,-0.9937441349029541,-0.01739901304244995,-0.6834863424301147,-0.01229107566177845,-0.9769439101219177,0.06759864836931229,0.26996609568595886,-0.6080071330070496,-0.10966227203607559,0.33256471157073975,-0.10966227203607559,1.133425235748291,-0.10966227203607559,1.195909857749939,0.3541707992553711,116.5
359,-0.10962018370628357,0.33309242129325867,-0.10959717631340027,1.1338245868682861,-0.10964702814817429,1.1950842142105103,0.348940372467041,0.7250000238418579,-1.0071308563730725e-15,0.0012600556947290897,-7.930164816114238e-18,0.0019996536429971457,2.739251431194134e-05,0.036569006741046906,0.07045354694128036,-0.0,0.36460641026496887,-0.1686762124300003,-0.08269840478897095,0.09586665034294128,-0.9953725337982178,-0.006565258838236332,-0.9942652583122253,-0.09544181078672409,-0.04824305325746536,-0.9941505193710327,-0.03736788034439087,-0.675919771194458,-0.02931511588394642,-0.9790427088737488,-0.0012267734855413437,0.2719615697860718,-0.6149771213531494,-0.10966227203607559,0.3319713771343231,-0.10966227203607559,1.13294517993927,-0.10966227203607559,1.195047378540039,0.3570992052555084,116.5
360,-0.10962018370628357,0.33306556940078735,-0.10959717631340027,1.1338015794754028,-0.10964702814817429,1.195599913597107,0.35207927227020264,0.7250000238418579,-1.0071308563730725e-15,-0.0003834952076431364,-7.930164816114238e-18,-0.0001369625679217279,2.739251431194134e-05,0.017147714272141457,0.07042615115642548,-0.0,0.36460641026496887,-0.1686762124300003,-0.08269840478897095,0.09586665034294128,-0.9953725337982178,-0.006565258838236332,-0.9942652583122253,-0.09544181078672409,-0.04824305325746536,-0.995128870010376,-0.05124104022979736,-0.6703211665153503,-0.04038342833518982,-0.9805206656455994,-0.06388943642377853,0.270618200302124,-0.6261358857154846,-0.10966227203607559,0.33152833580970764,-0.10966227203607559,1.1325900554656982,-0.10966227203607559,1.1936832666397095,0.3601978123188019,116.5
361,-0.10962018370628357,0.3327779471874237,-0.10959717631340027,1.1335121393203735,-0.10964702814817429,1.195505976676941,0.35485193133354187,0.7250000238418579,-1.0071308563730725e-15,-0.004492372274398804,-7.930164816114238e-18,-0.004464979749172926,-6.264829849042584e-16,0.0024105412885546684,0.06965916603803635,-0.0,0.36460641026496887,-0.1686762124300003,-0.08269840478897095,0.09586665034294128,-0.9953725337982178,-0.006565258838236332,-0.9942652583122253,-0.09544181078672409,-0.04824305325746536,-0.9955605268478394,-0.06777268648147583,-0.667335033416748,-0.05275282263755798,-0.9822406768798828,-0.11028503626585007,0.2703607678413391,-0.635703444480896,-0.10966227203607559,0.33074477314949036,-0.10966227203607559,1.1319295167922974,-0.10966227203607559,1.1921974420547485,0.3629627525806427,116.5
362,-0.10962018370628357,0.33228132128715515,-0.10959717631340027,1.1330634355545044,-0.10964511334896088,1.1946948766708374,0.3577224016189575,0.7250000238418579,-1.0071308563730725e-15,-0.010628295131027699,-7.930164816114238e-18,-0.009861305356025696,2.739251431194134e-05,-0.012984051369130611,0.07045354694128036,-0.0,0.36460641026496887,-0.1686762124300003,-0.08269840478897095,0.09586665034294128,-0.9953725337982178,-0.006565258838236332,-0.9942652583122253,-0.09544181078672409,-0.04824305325746536,-0.9966815710067749,-0.08718287944793701,-0.6658222675323486,-0.06717333197593689,-0.9847374558448792,-0.15649543702602386,0.2703720033168793,-0.6471042037010193,-0.10966227203607559,0.3296658396720886,-0.10966227203607559,1.1310482025146484,-0.10966227203607559,1.190000057220459,0.3658335506916046,116.5
363,-0.10962018370628357,0.33159294724464417,-0.10959717631340027,1.1324728727340698,-0.10964511334896088,1.1933910846710205,0.3605545163154602,0.7250000238418579,-1.0071308563730725e-15,-0.015312415547668934,-7.930164816114238e-18,-0.013394939713180065,-6.264829849042584e-16,-0.028159504756331444,0.07141228765249252,-0.0,0.36460641026496887,-0.1686762124300003,-0.08269840478897095,0.09586665034294128,-0.9953725337982178,-0.006565258838236332,-0.9942652583122253,-0.09544181078672409,-0.04824305325746536,-0.9986568689346313,-0.10060626268386841,-0.6655198335647583,-0.07710844278335571,-0.9869378209114075,-0.19758932292461395,0.2685948312282562,-0.6593130826950073,-0.10966227203607559,0.3285747468471527,-0.10966227203607559,1.130159616470337,-0.10966227203607559,1.187463402748108,0.3686123490333557,116.5
364,-0.10962018370628357,0.33066490292549133,-0.10959717631340027,1.1317557096481323,-0.10964511334896088,1.1916346549987793,0.3633904755115509,0.7250000238418579,-1.0071308563730725e-15,-0.020873095840215683,-7.930164816114238e-18,-0.016682041808962822,-6.264829849042584e-16,-0.039554789662361145,0.07067268341779709,-0.0,0.24755869805812836,-0.12838469445705414,-0.08304507285356522,-0.10638211667537689,-0.994316041469574,-0.004295405466109514,-0.9925965070724487,0.10645079612731934,-0.05848369002342224,-1.1663693189620972,0.06304846704006195,-1.0071134567260742,-0.7151198387145996,-0.7299098372459412,0.9620274901390076,0.21473443508148193,-0.9186071753501892,-0.10966227203607559,0.3325563669204712,-0.10966227203607559,1.1103020906448364,-0.10966227203607559,1.2204954624176025,0.36983251571655273,116.5
365,-0.10962018370628357,0.3296236991882324,-0.10959717631340027,1.130492091178894,-0.10964319109916687,1.189931869506836,0.3664699196815491,0.7250000238418579,-1.0071308563730725e-15,-0.02347538433969021,-7.930164816114238e-18,-0.02459847740828991,2.739251431194134e-05,-0.040568314492702484,0.06933045387268066,-0.0,0.24755869805812836,-0.12838469445705414,-0.08304507285356522,-0.10638211667537689,-0.994316041469574,-0.004295405466109514,-0.9925965070724487,0.10645079612731934,-0.05848369002342224,-1.1638269424438477,0.05261227488517761,-1.0069104433059692,-0.7262372970581055,-0.7333691716194153,0.9604486227035522,0.21807309985160828,-0.9201875925064087,-0.10966227203607559,0.33120205998420715,-0.10966227203607559,1.108704924583435,-0.10966227203607559,1.2187453508377075,0.37301212549209595,116.5
366,-0.10962018370628357,0.32990556955337524,-0.10959717631340027,1.124551773071289,-0.10964319109916687,1.196729302406311,0.36835479736328125,0.7250000238418579,-1.0071308563730725e-15,-0.005368932615965605,-7.930164816114238e-18,-0.09883219003677368,-6.264829849042584e-16,0.0838758796453476,0.055716373026371,-0.0,0.2435135841369629,-0.12551073729991913,-0.08297234773635864,-0.1071535050868988,-0.9942371845245361,-0.003248191438615322,-0.9924939274787903,0.10715815424919128,-0.0589316189289093,-1.055375337600708,-0.028424382209777832,-0.9705379605293274,-0.8404259085655212,-0.6992929577827454,1.290946125984192,0.1945851892232895,-0.8432728052139282,-0.10966227203607559,0.3290528357028961,-0.10966227203607559,1.0993390083312988,-0.10966227203607559,1.2267292737960815,0.37419235706329346,116.5
367,-0.10962018370628357,0.33094483613967896,-0.10959717631340027,1.1180150508880615,-0.10964127629995346,1.2023801803588867,0.371012419462204,0.7250000238418579,-1.0071308563730725e-15,0.018955620005726814,-7.930164816114238e-18,-0.1533432900905609,2.739251431194134e-05,0.1514258235692978,0.05423717945814133,-0.0,0.2435135841369629,-0.12551073729991913,-0.08297234773635864,-0.1071535050868988,-0.9942371845245361,-0.003248191438615322,-0.9924939274787903,0.10715815424919128,-0.0589316189289093,-0.9818586111068726,-0.08487123250961304,-0.9334676861763,-0.8792341351509094,-0.7189078330993652,1.510470986366272,0.20892426371574402,-0.7863401174545288,-0.10966227203607559,0.3283987045288086,-0.10966227203607559,1.0916379690170288,-0.10966227203607559,1.2323801517486572,0.3772801458835602,116.5
368,-0.10962018370628357,0.33011841773986816,-0.10959717631340027,1.1133267879486084,-0.10964127629995346,1.2075822353363037,0.3728436231613159,0.7250000238418579,-1.0071308563730725e-15,-0.0015613733557984233,-7.930164816114238e-18,-0.12627948820590973,2.739251431194134e-05,0.12359502166509628,0.051908813416957855,-0.0,0.23909124732017517,-0.12332635372877121,-0.08417411148548126,-0.10505946725606918,-0.9944379329681396,-0.0074584693647921085,-0.9927718639373779,0.10531513392925262,-0.0575566403567791,-1.0062968730926514,-0.08876216411590576,-0.9487478137016296,-0.8492386341094971,-0.6932428479194641,1.4055882692337036,0.19574004411697388,-0.8218143582344055,-0.10966227203607559,0.3274555504322052,-0.10966227203607559,1.0878496170043945,-0.10966227203607559,1.2375822067260742,0.3787158131599426,116.5
369,-0.10962018370628357,0.3293840289115906,-0.10959717631340027,1.107601284980774,-0.10964127629995346,1.2130969762802124,0.37513116002082825,0.7250000238418579,-1.0071308563730725e-15,-0.022078366950154305,-7.930164816114238e-18,-0.1317032128572464,-6.264829849042584e-16,0.13526423275470734,0.051881421357393265,-0.0,0.2384822964668274,-0.12237661331892014,-0.08422539383172989,-0.10195919126272202,-0.9947762489318848,-0.0049552517011761665,-0.9931756854057312,0.10207615047693253,-0.0564134381711483,-0.9941837787628174,-0.12655219435691833,-0.9468520283699036,-0.8442568182945251,-0.7019954323768616,1.416448712348938,0.2000207006931305,-0.8282684087753296,-0.10966227203607559,0.3255874514579773,-0.10966227203607559,1.0822736024856567,-0.10966227203607559,1.243096947669983,0.38113176822662354,116.5
370,-0.10962018370628357,0.3286745548248291,-0.10959717631340027,1.1020750999450684,-0.10964127629995346,1.218565583229065,0.37707164883613586,0.7260000109672546,-1.0071308563730725e-15,-0.016791611909866333,-7.930164816114238e-18,-0.14200279116630554,-6.264829849042584e-16,0.13748303055763245,0.05245666578412056,-0.0,0.23914524912834167,-0.12256277352571487,-0.08387401700019836,-0.10490979999303818,-0.9944531321525574,-0.0075387367978692055,-0.9927605986595154,0.10517101734876633,-0.05801200866699219,-0.9778135418891907,-0.15142425894737244,-0.9328505992889404,-0.8174551129341125,-0.7279946208000183,1.3835581541061401,0.21430151164531708,-0.8136557936668396,-0.10966227203607559,0.3241318166255951,-0.10966227203607559,1.0775514841079712,-0.10966227203607559,1.2485655546188354,0.38350069522857666,116.5
371,-0.10962018370628357,0.32700058817863464,-0.10959717631340027,1.0967713594436646,-0.10964127629995346,1.2239959239959717,0.379274845123291,0.7250000238418579,-1.0071308563730725e-15,-0.032432734966278076,-7.930164816114238e-18,-0.13359329104423523,-6.264829849042584e-16,0.13586686551570892,0.05210056155920029,-0.0,0.23798780143260956,-0.12222154438495636,-0.08447461575269699,-0.10415276139974594,-0.9945445656776428,-0.0057706465013325214,-0.992911159992218,0.10431230813264847,-0.05697643756866455,-0.9846861362457275,-0.17000499367713928,-0.9415493607521057,-0.7981290221214294,-0.7353019118309021,1.3466376066207886,0.2168055772781372,-0.8216711282730103,-0.10966227203607559,0.3219004273414612,-0.10966227203607559,1.0728274583816528,-0.10966227203607559,1.2539958953857422,0.3857790231704712,116.5
372,-0.10962018370628357,0.32550114393234253,-0.10959717631340027,1.0912489891052246,-0.10963936150074005,1.2294491529464722,0.38149911165237427,0.7250000238418579,-1.0071308563730725e-15,-0.04015742614865303,-7.930164816114238e-18,-0.13586686551570892,2.739251431194134e-05,0.1362503618001938,0.05566158890724182,-0.0,0.23798780143260956,-0.12222154438495636,-0.08447461575269699,-0.10415276139974594,-0.9945445656776428,-0.0057706465013325214,-0.992911159992218,0.10431230813264847,-0.05697643756866455,-0.9796245098114014,-0.1951390504837036,-0.9388517141342163,-0.7775534987449646,-0.7554956078529358,1.3081638813018799,0.22789373993873596,-0.8193759918212891,-0.10966227203607559,0.3196469843387604,-0.10966227203607559,1.0679223537445068,-0.10966227203607559,1.2594491243362427,0.3883359134197235,116.5
373,-0.10962018370628357,0.32365652918815613,-0.10959717631340027,1.0857995748519897,-0.10963936150074005,1.2349120378494263,0.3838346004486084,0.7250000238418579,-1.0071308563730725e-15,-0.04196533188223839,-7.930164816114238e-18,-0.13729128241539001,2.739251431194134e-05,0.1365242898464203,0.057140786200761795,-0.0,0.23798780143260956,-0.12222154438495636,-0.08447461575269699,-0.10415276139974594,-0.9945445656776428,-0.0057706465013325214,-0.992911159992218,0.10431230813264847,-0.05697643756866455,-0.9730603098869324,-0.21155470609664917,-0.9328197836875916,-0.7562212347984314,-0.7709242105484009,1.2714452743530273,0.236310675740242,-0.8118885159492493,-0.10966227203607559,0.3173098862171173,-0.10966227203607559,1.0631129741668701,-0.10966227203607559,1.2649120092391968,0.3909239172935486,116.5
374,-0.10962018370628357,0.32148978114128113,-0.10959717631340027,1.0803768634796143,-0.10963936150074005,1.2403404712677002,0.3862774670124054,0.7250000238418579,-1.0071308563730725e-15,-0.05136096477508545,-7.930164816114238e-18,-0.13542859256267548,-6.264829849042584e-16,0.135949045419693,0.060126569122076035,-0.0,0.23798780143260956,-0.12222154438495636,-0.08447461575269699,-0.10415276139974594,-0.9945445656776428,-0.0057706465013325214,-0.992911159992218,0.10431230813264847,-0.05697643756866455,-0.972133219242096,-0.22953581809997559,-0.9319117069244385,-0.7369021773338318,-0.7872180342674255,1.2304238080978394,0.24427534639835358,-0.8107333779335022,-0.10966227203607559,0.314603716135025,-0.10966227203607559,1.058269739151001,-0.10966227203607559,1.2703404426574707,0.3936057388782501,116.5
375,-0.10962018370628357,0.3192482590675354,-0.10959717631340027,1.0748968124389648,-0.10963936150074005,1.245774507522583,0.3887721002101898,0.7260000109672546,-1.0071308563730725e-15,-0.0554424487054348,-7.930164816114238e-18,-0.13682560622692108,-6.264829849042584e-16,0.13586686551570892,0.06177011877298355,-0.0,0.23798780143260956,-0.12222154438495636,-0.08447461575269699,-0.10415276139974594,-0.9945445656776428,-0.0057706465013325214,-0.992911159992218,0.10431230813264847,-0.05697643756866455,-0.9666075706481934,-0.24495497345924377,-0.925774097442627,-0.7191785573959351,-0.8018816709518433,1.1942416429519653,0.2522520422935486,-0.8047399520874023,-0.10966227203607559,0.3118996024131775,-0.10966227203607559,1.0533214807510376,-0.10966227203607559,1.2757744789123535,0.39633965492248535,116.5
376,-0.10962018370628357,0.3165541887283325,-0.10959717631340027,1.0688202381134033,-0.10963936150074005,1.251881718635559,0.3917000889778137,0.7250000238418579,-1.0071308563730725e-15,-0.05867476388812065,-7.930164816114238e-18,-0.13572990894317627,-6.264829849042584e-16,0.1356751173734665,0.06429023295640945,-0.0,0.23798780143260956,-0.12222154438495636,-0.08447461575269699,-0.10415276139974594,-0.9945445656776428,-0.0057706465013325214,-0.992911159992218,0.10431230813264847,-0.05697643756866455,-0.9618614912033081,-0.25819072127342224,-0.9195313453674316,-0.6980624794960022,-0.8156624436378479,1.1535632610321045,0.2598963677883148,-0.7972862720489502,-0.10966227203607559,0.30880847573280334,-0.10966227203607559,1.047878384590149,-0.10966227203607559,1.2818816900253296,0.39949697256088257,116.5
377,-0.10962018370628357,0.3140653073787689,-0.10959717631340027,1.0636258125305176,-0.10963936150074005,1.2570607662200928,0.39423882961273193,0.7250000238418579,-1.0071308563730725e-15,-0.06141401827335358,-7.930164816114238e-18,-0.13208670914173126,-6.264829849042584e-16,0.13186755776405334,0.06401630491018295,-0.0,0.23798780143260956,-0.12222154438495636,-0.08447461575269699,-0.10415276139974594,-0.9945445656776428,-0.0057706465013325214,-0.992911159992218,0.10431230813264847,-0.05697643756866455,-0.9607052803039551,-0.26448047161102295,-0.9136921763420105,-0.6772523522377014,-0.8257859945297241,1.1097536087036133,0.2648085355758667,-0.7926199436187744,-0.10966227203607559,0.30613088607788086,-0.10966227203607559,1.0433082580566406,-0.10966227203607559,1.2870607376098633,0.40218308568000793,116.5
378,-0.10962018370628357,0.3112984001636505,-0.10959717631340027,1.0581456422805786,-0.10963936150074005,1.2625850439071655,0.39703449606895447,0.7250000238418579,-1.0071308563730725e-15,-0.0664268434047699,-7.930164816114238e-18,-0.1337028592824936,-6.264829849042584e-16,0.13405896723270416,0.06722123175859451,-0.0,0.23798780143260956,-0.12222154438495636,-0.08447461575269699,-0.10415276139974594,-0.9945445656776428,-0.0057706465013325214,-0.992911159992218,0.10431230813264847,-0.05697643756866455,-0.9547650218009949,-0.27823394536972046,-0.9074758291244507,-0.6640244722366333,-0.8379433155059814,1.0816320180892944,0.2717393636703491,-0.7858701348304749,-0.10966227203607559,0.3029513955116272,-0.10966227203607559,1.0382249355316162,-0.10966227203607559,1.292585015296936,0.4051866829395294,116.5
379,-0.10962018370628357,0.3085525631904602,-0.10959717631340027,1.0526924133300781,-0.10963936150074005,1.268017292022705,0.3998320996761322,0.7250000238418579,-1.0071308563730725e-15,-0.06913870573043823,-7.930164816114238e-18,-0.1370447427034378,-6.264829849042584e-16,0.13726389408111572,0.0700700506567955,-0.0,0.23798780143260956,-0.12222154438495636,-0.08447461575269699,-0.10415276139974594,-0.9945445656776428,-0.0057706465013325214,-0.992911159992218,0.10431230813264847,-0.05697643756866455,-0.9463936686515808,-0.2914329171180725,-0.8993085026741028,-0.6520722508430481,-0.8488292694091797,1.0571684837341309,0.27866271138191223,-0.7763723134994507,-0.10966227203607559,0.2998095750808716,-0.10966227203607559,1.0331302881240845,-0.10966227203607559,1.2980172634124756,0.408191978931427,116.5
380,-0.10962018370628357,0.30559197068214417,-0.10959717631340027,1.0472352504730225,-0.10963936150074005,1.2734590768814087,0.40267953276634216,0.7250000238418579,-1.0071308563730725e-15,-0.07179577648639679,-7.930164816114238e-18,-0.13600383698940277,-6.264829849042584e-16,0.13578468561172485,0.07072747498750687,-0.0,0.23798780143260956,-0.12222154438495636,-0.08447461575269699,-0.10415276139974594,-0.9945445656776428,-0.0057706465013325214,-0.992911159992218,0.10431230813264847,-0.05697643756866455,-0.9423434138298035,-0.2982938885688782,-0.8913919925689697,-0.6350084543228149,-0.8577044010162354,1.0197219848632812,0.28355327248573303,-0.7693570256233215,-0.10966227203607559,0.2966431677341461,-0.10966227203607559,1.0281850099563599,-0.10966227203607559,1.3034590482711792,0.4111861288547516,116.5
381,-0.10962018370628357,0.3024377226829529,-0.10959717631340027,1.0417799949645996,-0.10963936150074005,1.2789181470870972,0.40567272901535034,0.7250000238418579,-1.0071308563730725e-15,-0.07708253711462021,-7.930164816114238e-18,-0.1362503618001938,-6.264829849042584e-16,0.13630515336990356,0.07332976162433624,-0.0,0.23798780143260956,-0.12222154438495636,-0.08447461575269699,-0.10415276139974594,-0.9945445656776428,-0.0057706465013325214,-0.992911159992218,0.10431230813264847,-0.05697643756866455,-0.9378420114517212,-0.30810821056365967,-0.8848353028297424,-0.6215538382530212,-0.8672324419021606,0.9870327711105347,0.2886982262134552,-0.7633564472198486,-0.10966227203607559,0.2931944727897644,-0.10966227203607559,1.023133397102356,-0.10966227203607559,1.3085291385650635,0.41433367133140564,116.5
382,-0.10962018370628357,0.2989191710948944,-0.10959717631340027,1.0356632471084595,-0.10963936150074005,1.285038709640503,0.4089861214160919,0.7250000238418579,-1.0071308563730725e-15,-0.07867129892110825,-7.930164816114238e-18,-0.13614079356193542,-6.264829849042584e-16,0.1362229734659195,0.07415153831243515,-0.0,0.23798780143260956,-0.12222154438495636,-0.08447461575269699,-0.10415276139974594,-0.9945445656776428,-0.0057706465013325214,-0.992911159992218,0.10431230813264847,-0.05697643756866455,-0.9313945770263672,-0.31400439143180847,-0.874444305896759,-0.6035435199737549,-0.8749954700469971,0.9488486647605896,0.29318270087242126,-0.7527894973754883,-0.10966227203607559,0.28949904441833496,-0.10966227203607559,1.01755690574646,-0.10966227203607559,1.3135042190551758,0.4177815914154053,116.5
383,-0.10962018370628357,0.29585695266723633,-0.10959717631340027,1.030482292175293,-0.10963936150074005,1.290219783782959,0.4119294583797455,0.7250000238418579,-1.0071308563730725e-15,-0.07702775299549103,-7.930164816114238e-18,-0.13222366571426392,-6.264829849042584e-16,0.1322510540485382,0.07368586212396622,-0.0,0.23798780143260956,-0.12222154438495636,-0.08447461575269699,-0.10415276139974594,-0.9945445656776428,-0.0057706465013325214,-0.992911159992218,0.10431230813264847,-0.05697643756866455,-0.92851322889328,-0.3111531734466553,-0.8638405203819275,-0.5806447863578796,-0.8791713118553162,0.9055011868476868,0.2954287528991699,-0.7433301210403442,-0.10966227203607559,0.28652235865592957,-0.10966227203607559,1.0130629539489746,-0.10966227203607559,1.3173848390579224,0.4207923114299774,116.5
384,-0.10962018370628357,0.2924841046333313,-0.10959717631340027,1.0249656438827515,-0.10963936150074005,1.295736312866211,0.4150472581386566,0.7250000238418579,-1.0071308563730725e-15,-0.0810544490814209,-7.930164816114238e-18,-0.1342781037092209,-6.264829849042584e-16,0.13416853547096252,0.07595944404602051,-0.0,0.23798780143260956,-0.12222154438495636,-0.08447461575269699,-0.10415276139974594,-0.9945445656776428,-0.0057706465013325214,-0.992911159992218,0.10431230813264847,-0.05697643756866455,-0.9213262796401978,-0.3201649785041809,-0.8554931282997131,-0.5687258243560791,-0.8862414360046387,0.8746119737625122,0.2995637059211731,-0.7345311641693115,-0.10966227203607559,0.28287914395332336,-0.10966227203607559,1.007903814315796,-0.10966227203607559,1.3219746351242065,0.4240341782569885,116.5
385,-0.10962018370628357,0.2892550826072693,-0.10959717631340027,1.0195449590682983,-0.10963936150074005,1.3011666536331177,0.4181823432445526,0.7250000238418579,-1.0071308563730725e-15,-0.08264321833848953,-7.930164816114238e-18,-0.1370447427034378,-6.264829849042584e-16,0.1370447427034378,0.078534334897995,-0.0,0.32548031210899353,-0.12020514905452728,-0.07466013729572296,-0.07371462881565094,-0.9972741603851318,0.003215244272723794,-0.9955361485481262,0.07339484989643097,-0.05933764576911926,-0.5212741494178772,-0.30789631605148315,-0.357125848531723,0.11697492003440857,-0.8324910998344421,-0.16911379992961884,0.22254660725593567,-0.504980206489563,-0.10966227203607559,0.2800181806087494,-0.10966227203607559,1.0230542421340942,-0.10966227203607559,1.296093225479126,0.4248587489128113,116.5
386,-0.10962018370628357,0.28597235679626465,-0.10959717631340027,1.0147627592086792,-0.10963936150074005,1.3057762384414673,0.4212196171283722,0.7250000238418579,-1.0071308563730725e-15,-0.0813283771276474,-7.930164816114238e-18,-0.1263616681098938,-6.264829849042584e-16,0.12386894971132278,0.07678121328353882,-0.0,0.3366315960884094,-0.11678741127252579,-0.07409238070249557,-0.08057879656553268,-0.9967418909072876,0.0035631428472697735,-0.9950839281082153,0.0802372395992279,-0.05805150419473648,-0.43069320917129517,-0.29642099142074585,-0.2764059901237488,0.297361820936203,-0.8117234706878662,-0.28065037727355957,0.17387798428535461,-0.5434957146644592,-0.10966227203607559,0.2770797312259674,-0.10966227203607559,1.0236836671829224,-0.10966227203607559,1.2973567247390747,0.4264359474182129,116.5
387,-0.10962018370628357,0.2828449606895447,-0.10959717631340027,1.0181432962417603,-0.10963936150074005,1.3015328645706177,0.4234553873538971,0.7250000238418579,-1.0071308563730725e-15,-0.07379543036222458,-7.930164816114238e-18,0.009395631961524487,-6.264829849042584e-16,-0.023941056802868843,0.05870215594768524,-0.0,0.3542703092098236,-0.10207311064004898,-0.07656355947256088,-0.10017985105514526,-0.9949644207954407,0.003124510869383812,-0.9934544563293457,0.09985361248254776,-0.055474694818258286,-0.35075855255126953,-0.14556732773780823,-0.17554369568824768,0.5856727957725525,-0.6744754910469055,-0.5484086275100708,-0.0313304103910923,-0.7609819769859314,-0.10966227203607559,0.2784779369831085,-0.10966227203607559,1.0357134342193604,-0.10966227203607559,1.2850805521011353,0.42251548171043396,116.5
388,-0.10962018370628357,0.2791691720485687,-0.10959717631340027,1.0220319032669067,-0.10963936150074005,1.2986527681350708,0.4248628318309784,0.7250000238418579,-1.0071308563730725e-15,-0.0824514701962471,-7.930164816114238e-18,0.10058531165122986,-6.264829849042584e-16,-0.0920114517211914,0.03991089388728142,-0.0,0.35630789399147034,-0.08936791867017746,-0.08229278773069382,-0.11819182336330414,-0.9929863810539246,0.002952774055302143,-0.9918267726898193,0.11790881305932999,-0.048756033182144165,-0.30979639291763306,-0.050410717725753784,-0.12476035952568054,0.5924890637397766,-0.4970735013484955,-0.6570098400115967,-0.1446687877178192,-0.850064218044281,-0.10966227203607559,0.2776568531990051,-0.10966227203607559,1.039806604385376,-0.10966227203607559,1.2789424657821655,0.4205227792263031,116.5
389,-0.10962018370628357,0.27861884236335754,-0.10959717631340027,1.0276750326156616,-0.10963936150074005,1.2924363613128662,0.4238964021205902,0.7250000238418579,-1.0071308563730725e-15,-0.046676844358444214,-7.930164816114238e-18,0.12132144719362259,-6.264829849042584e-16,-0.1187739446759224,8.217753929784521e-05,-0.0,0.36569279432296753,-0.07865439355373383,-0.08289489150047302,-0.14802433550357819,-0.9889741539955139,-0.004341098479926586,-0.9877747893333435,0.1480589359998703,-0.04878037050366402,-0.20538131892681122,0.007416978478431702,-0.07911047339439392,0.704936683177948,-0.3367343544960022,-0.7018874287605286,-0.2277631163597107,-0.8803889751434326,-0.10966227203607559,0.2788413465023041,-0.10966227203607559,1.0488231182098389,-0.10966227203607559,1.2713797092437744,0.41706350445747375,116.5
390,-0.10962018370628357,0.2782142460346222,-0.10959717631340027,1.0325589179992676,-0.10963936150074005,1.2877691984176636,0.42228764295578003,0.7250000238418579,-1.0071308563730725e-15,-0.01032697781920433,-7.930164816114238e-18,0.14175626635551453,-6.264829849042584e-16,-0.14682386815547943,-0.03678814694285393,-0.0,0.3776649236679077,-0.07092109322547913,-0.08042876422405243,-0.17093253135681152,-0.9852709174156189,-0.004818519111722708,-0.9839614629745483,0.17095445096492767,-0.05093464255332947,-0.10932375490665436,0.0835152268409729,-0.04678717255592346,0.8737355470657349,-0.2044450044631958,-0.7713250517845154,-0.2908434569835663,-0.8993539810180664,-0.10966227203607559,0.28071969747543335,-0.10966227203607559,1.058771014213562,-0.10966227203607559,1.2646294832229614,0.4135623276233673,116.5
391,-0.10962018370628357,0.27822577953338623,-0.10959717631340027,1.038301706314087,-0.10963936150074005,1.281997561454773,0.41950538754463196,0.7250000238418579,-1.0071308563730725e-15,-0.005533287767320871,-7.930164816114238e-18,0.14131797850131989,-6.264829849042584e-16,-0.13868829607963562,-0.05990742892026901,-0.0,0.3863804340362549,-0.0635722279548645,-0.07875826209783554,-0.18255962431430817,-0.9831642508506775,-0.007745511829853058,-0.9818529486656189,0.1827162504196167,-0.05078954994678497,-0.01713256537914276,0.09722962975502014,-0.005847247317433357,0.9093428254127502,-0.06300832331180573,-0.7786585092544556,-0.339590460062027,-0.9131979942321777,-0.10966227203607559,0.2811426818370819,-0.10966227203607559,1.065582036972046,-0.10966227203607559,1.25863778591156,0.40931767225265503,116.5
392,-0.10962018370628357,0.2791595757007599,-0.10959717631340027,1.0436131954193115,-0.10963936150074005,1.2766401767730713,0.41625910997390747,0.7250000238418579,-1.0071308563730725e-15,0.014600209891796112,-7.930164816114238e-18,0.13698996603488922,-6.264829849042584e-16,-0.13882526755332947,-0.07727428525686264,-0.0,0.3863804340362549,-0.0635722279548645,-0.07875826209783554,-0.18255962431430817,-0.9831642508506775,-0.007745511829853058,-0.9818529486656189,0.1827162504196167,-0.05078954994678497,-0.02158232033252716,0.13615846633911133,-0.027065934613347054,0.8786072134971619,-0.03449481725692749,-0.7582607865333557,-0.3548460602760315,-0.9040230512619019,-0.10966227203607559,0.2832443416118622,-0.10966227203607559,1.0699714422225952,-0.10966227203607559,1.2538923025131226,0.4056137204170227,116.5
393,-0.10962018370628357,0.28025829792022705,-0.10959717631340027,1.0497088432312012,-0.10963936150074005,1.2705329656600952,0.4120636582374573,0.7250000238418579,-1.0071308563730725e-15,0.025009365752339363,-7.930164816114238e-18,0.1347711682319641,-6.264829849042584e-16,-0.13457942008972168,-0.08938177675008774,-0.0,0.3863804340362549,-0.0635722279548645,-0.07875826209783554,-0.18255962431430817,-0.9831642508506775,-0.007745511829853058,-0.9818529486656189,0.1827162504196167,-0.05078954994678497,-0.026922807097434998,0.16968810558319092,-0.042980045080184937,0.8224286437034607,-0.0019006263464689255,-0.7312585115432739,-0.3686300218105316,-0.8991241455078125,-0.10966227203607559,0.28534895181655884,-0.10966227203607559,1.074381709098816,-0.10966227203607559,1.2485952377319336,0.40100476145744324,116.5
394,-0.10962018370628357,0.2816446125507355,-0.10959717631340027,1.054970383644104,-0.10963936150074005,1.2653462886810303,0.408539354801178,0.7260000109672546,-1.0071308563730725e-15,0.030378298833966255,-7.930164816114238e-18,0.13359329104423523,-6.264829849042584e-16,-0.13233323395252228,-0.09105271846055984,-0.0,0.3863804340362549,-0.0635722279548645,-0.07875826209783554,-0.18255962431430817,-0.9831642508506775,-0.007745511829853058,-0.9818529486656189,0.1827162504196167,-0.05078954994678497,-0.03296805918216705,0.19231504201889038,-0.05318441987037659,0.7710052132606506,0.02006790228188038,-0.7122352123260498,-0.37652936577796936,-0.8960884213447571,-0.10966227203607559,0.2874140739440918,-0.10966227203607559,1.078100562095642,-0.10903732478618622,1.2439792156219482,0.397243469953537,116.5
395,-0.10962018370628357,0.2835659384727478,-0.10959717631340027,1.0604045391082764,-0.10963552445173264,1.2598201036453247,0.40454715490341187,0.7250000238418579,-1.0071308563730725e-15,0.04292406886816025,-7.930164816114238e-18,0.13383983075618744,5.478502862388268e-05,-0.1342233121395111,-0.09475070983171463,-0.0,0.3863804340362549,-0.0635722279548645,-0.07875826209783554,-0.18255962431430817,-0.9831642508506775,-0.007745511829853058,-0.9818529486656189,0.1827162504196167,-0.05078954994678497,-0.037699952721595764,0.22198547422885895,-0.06612095236778259,0.7293927669525146,0.044934287667274475,-0.6961230039596558,-0.38371357321739197,-0.8888908624649048,-0.10966227203607559,0.2902255058288574,-0.10966227203607559,1.0822863578796387,-0.1082874983549118,1.238936424255371,0.39303573966026306,116.5
396,-0.10962018370628357,0.2856425642967224,-0.10959717631340027,1.065907597541809,-0.10943993926048279,1.2543878555297852,0.4005511403083801,0.7250000238418579,-1.0071308563730725e-15,0.05073093622922897,-7.930164816114238e-18,0.1373460590839386,0.002848821459338069,-0.1373460590839386,-0.10003746300935745,-0.0,0.3863804340362549,-0.0635722279548645,-0.07875826209783554,-0.18255962431430817,-0.9831642508506775,-0.007745511829853058,-0.9818529486656189,0.1827162504196167,-0.05078954994678497,-0.041506215929985046,0.2521888017654419,-0.07701495289802551,0.680982768535614,0.07799118757247925,-0.6820894479751587,-0.3944484293460846,-0.8856023550033569,-0.10966227203607559,0.2932082414627075,-0.10966227203607559,1.0863370895385742,-0.10710020363330841,1.233925223350525,0.3887176811695099,116.5
397,-0.10962018370628357,0.2879934012889862,-0.10959717631340027,1.0713168382644653,-0.10886853188276291,1.2489268779754639,0.3965187072753906,0.7250000238418579,-1.0071308563730725e-15,0.055935513228178024,-7.930164816114238e-18,0.13586686551570892,0.010792650282382965,-0.13600383698940277,-0.1004757434129715,-0.0,0.3863804340362549,-0.0635722279548645,-0.07875826209783554,-0.18255962431430817,-0.9831642508506775,-0.007745511829853058,-0.9818529486656189,0.1827162504196167,-0.05078954994678497,-0.04297174513339996,0.2665848731994629,-0.08898550271987915,0.6266985535621643,0.11670942604541779,-0.6595568656921387,-0.4053734838962555,-0.8809607625007629,-0.10966227203607559,0.2959909439086914,-0.10966227203607559,1.0901178121566772,-0.1053672507405281,1.2291401624679565,0.3843575119972229,116.5
398,-0.10962018370628357,0.2906912863254547,-0.10959717631340027,1.0767279863357544,-0.10797307640314102,1.243446707725525,0.3923155963420868,0.7250000238418579,-1.0071308563730725e-15,0.06409848481416702,-7.930164816114238e-18,0.1350998729467392,0.01933911442756653,-0.13698996603488922,-0.10351631045341492,-0.0,0.3863804340362549,-0.0635722279548645,-0.07875826209783554,-0.18255962431430817,-0.9831642508506775,-0.007745511829853058,-0.9818529486656189,0.1827162504196167,-0.05078954994678497,-0.04412047564983368,0.28420397639274597,-0.1023724377155304,0.5778566002845764,0.15560272336006165,-0.6382577419281006,-0.41597118973731995,-0.8749815821647644,-0.10966227203607559,0.2992174029350281,-0.10966227203607559,1.094063639640808,-0.10330499708652496,1.2242989540100098,0.37983646988868713,116.5
399,-0.10962018370628357,0.2934754490852356,-0.10959717631340027,1.0821812152862549,-0.10664042830467224,1.238006830215454,0.38799360394477844,0.7250000238418579,-1.0071308563730725e-15,0.06908392161130905,-7.930164816114238e-18,0.13575729727745056,0.029008671641349792,-0.13641472160816193,-0.10691298544406891,-0.0,0.429384708404541,-0.001517233089543879,-0.07167622447013855,-0.2995670735836029,-0.9539244174957275,-0.016962386667728424,-0.9524055123329163,0.3000469207763672,-0.05381041392683983,0.7760698795318604,0.1497195065021515,0.7239120006561279,0.7048653960227966,1.1201893091201782,-0.6801527738571167,-0.5400805473327637,-0.9822404384613037,-0.0863380879163742,0.2979670464992523,-0.08787981420755386,1.1033271551132202,-0.07664042711257935,1.217602252960205,0.37179118394851685,116.5
400,-0.10931914299726486,0.29632672667503357,-0.10912355780601501,1.087649941444397,-0.10443533211946487,1.2325420379638672,0.3834434151649475,0.7250000238418579,0.004300624597817659,0.07053572684526443,0.006765950936824083,0.13660646975040436,0.04626595601439476,-0.13635993003845215,-0.111432746052742,-0.0,0.43114593625068665,0.0023141324054449797,-0.0712057426571846,-0.3174111545085907,-0.9480854272842407,-0.019599881023168564,-0.9465018510818481,0.31801360845565796,-0.05478662997484207,0.8229894042015076,0.14912237226963043,0.7812677025794983,0.6440122723579407,1.2031813859939575,-0.6416102647781372,-0.5469521880149841,-0.99701988697052,-0.08462946116924286,0.3008003830909729,-0.08568552881479263,1.1069703102111816,-0.07443533092737198,1.2132937908172607,0.3670348525047302,116.5
401,-0.10355137288570404,0.29763635993003845,-0.1030106469988823,1.0929383039474487,-0.09783153980970383,1.2271538972854614,0.3775912821292877,0.7250000238418579,0.08669731020927429,0.04911477863788605,0.09409328550100327,0.13416853547096252,0.12003399431705475,-0.13551077246665955,-0.1327989101409912,-0.0,0.43300580978393555,0.00674836803227663,-0.06934314221143723,-0.32244938611984253,-0.9463666081428528,-0.020410016179084778,-0.9445809721946716,0.3230942189693451,-0.05811109393835068,0.9296360611915588,0.14152249693870544,0.7357884049415588,0.6090568900108337,1.2360172271728516,-0.5785486698150635,-0.605797529220581,-0.9618953466415405,-0.0756622925400734,0.3018820285797119,-0.08093699812889099,1.1112099885940552,-0.06783153861761093,1.2097973823547363,0.3594173491001129,116.5
402,-0.09720069169998169,0.29907065629959106,-0.09677501022815704,1.0987156629562378,-0.09251246601343155,1.221643090248108,0.3721725046634674,0.7250000238418579,0.15915051102638245,0.03267927095293999,0.16049273312091827,0.13942790031433105,0.15052185952663422,-0.13641472160816193,-0.14093448221683502,-0.0,0.4324250817298889,0.0090261809527874,-0.06927356868982315,-0.3219130039215088,-0.946602463722229,-0.017771827057003975,-0.9449135661125183,0.32240012288093567,-0.05653795972466469,0.9353635311126709,0.1550658941268921,0.6083366870880127,0.5619592070579529,1.176413655281067,-0.547772228717804,-0.6334357261657715,-0.921383261680603,-0.06913978606462479,0.303722620010376,-0.07852490991353989,1.1155744791030884,-0.06251246482133865,1.2052099704742432,0.35316944122314453,116.5
403,-0.09205226600170135,0.30061614513397217,-0.09155181050300598,1.1038775444030762,-0.08697479218244553,1.2162511348724365,0.3666425049304962,0.7250000238418579,0.14140015840530396,0.0379934161901474,0.14096187055110931,0.13605861365795135,0.13430549204349518,-0.13627775013446808,-0.1362229734659195,-0.0,0.431282639503479,0.011663224548101425,-0.0695362463593483,-0.32052457332611084,-0.9471222758293152,-0.01494676060974598,-0.9454132914543152,0.3208461105823517,-0.05702116712927818,0.8750753998756409,0.17779169976711273,0.5600926876068115,0.48982566595077515,1.1491445302963257,-0.5417293310165405,-0.6219272613525391,-0.9421257972717285,-0.0658000037074089,0.3059498965740204,-0.07474903017282486,1.1185723543167114,-0.05697479099035263,1.199999213218689,0.3479846715927124,116.5
404,-0.08720681071281433,0.3022383153438568,-0.08660855889320374,1.1093748807907104,-0.08154450356960297,1.2107806205749512,0.3611336052417755,0.7260000109672546,0.12112969905138016,0.03980132192373276,0.12400591373443604,0.1328262984752655,0.1373186707496643,-0.13583947718143463,-0.13800348341464996,-0.0,0.430536150932312,0.01428847573697567,-0.06968669593334198,-0.3225734531879425,-0.9464397430419922,-0.01407733466476202,-0.9447633624076843,0.3228428065776825,-0.056521568447351456,0.8282016515731812,0.1991199404001236,0.5291786193847656,0.40631577372550964,1.1627780199050903,-0.5202859044075012,-0.6174269318580627,-0.9678189754486084,-0.06236076354980469,0.30821192264556885,-0.0707331970334053,1.1215643882751465,-0.05154450237751007,1.1951720714569092,0.34261080622673035,116.5
405,-0.08121661096811295,0.30415964126586914,-0.08062603324651718,1.1143795251846313,-0.07600874453783035,1.2053139209747314,0.35560742020606995,0.7250000238418579,0.13920876383781433,0.04497850686311722,0.13970182836055756,0.1311279684305191,0.13726389408111572,-0.1370447427034378,-0.1379213035106659,-0.0,0.43043893575668335,0.01592700183391571,-0.06918111443519592,-0.3260831832885742,-0.9452300667762756,-0.014485764317214489,-0.9434990882873535,0.32636570930480957,-0.05740128085017204,0.7937297224998474,0.22039580345153809,0.44336092472076416,0.3798533082008362,1.0938198566436768,-0.5121245384216309,-0.616193413734436,-0.9567497372627258,-0.05740471929311752,0.31077152490615845,-0.06732520461082458,1.1257750988006592,-0.04600874334573746,1.1899502277374268,0.3371216058731079,116.5
406,-0.07581700384616852,0.30633214116096497,-0.07532420754432678,1.1182202100753784,-0.07043080776929855,1.1999354362487793,0.3500640094280243,0.7250000238418579,0.1423862874507904,0.051990993320941925,0.14057838916778564,0.10732387006282806,0.13918136060237885,-0.13540120422840118,-0.1384691596031189,-0.0,0.42682012915611267,0.0192719753831625,-0.06995508074760437,-0.3010692000389099,-0.9534782767295837,-0.015378767624497414,-0.9516898989677429,0.30144721269607544,-0.05844581872224808,0.7612764835357666,0.1989959478378296,0.3863127529621124,0.296837717294693,1.0784810781478882,-0.47318828105926514,-0.6141887307167053,-0.9450371265411377,-0.05297870934009552,0.31230202317237854,-0.06373482942581177,1.1271253824234009,-0.04043080657720566,1.1857397556304932,0.3316383361816406,116.5
407,-0.07073377072811127,0.3086465299129486,-0.0712706670165062,1.1220072507858276,-0.06496024876832962,1.1947083473205566,0.3445550799369812,0.7250000238418579,0.12910091876983643,0.05662032589316368,0.11299411952495575,0.09379196912050247,0.13783912360668182,-0.1320045292377472,-0.13811305165290833,-0.0,0.42682012915611267,0.0192719753831625,-0.06995508074760437,-0.3010692000389099,-0.9534782767295837,-0.015378767624497414,-0.9516898989677429,0.30144721269607544,-0.05844581872224808,0.688156008720398,0.20360223948955536,0.31029418110847473,0.2658359706401825,1.032175064086914,-0.47184455394744873,-0.612534761428833,-0.9497084617614746,-0.050089091062545776,0.3147546052932739,-0.06196184456348419,1.129982352256775,-0.034960247576236725,1.1805529594421387,0.32617902755737305,116.5
408,-0.06459209322929382,0.3109072148799896,-0.06689498573541641,1.1252535581588745,-0.05874379351735115,1.189318299293518,0.33838656544685364,0.7250000238418579,0.13348372280597687,0.052785374224185944,0.09779127687215805,0.08067095279693604,0.13748303055763245,-0.12334848940372467,-0.1373186707496643,-0.0,0.42682012915611267,0.0192719753831625,-0.06995508074760437,-0.3010692000389099,-0.9534782767295837,-0.015378767624497414,-0.9516898989677429,0.30144721269607544,-0.05844581872224808,0.62321937084198,0.1923503875732422,0.2245839238166809,0.2362356185913086,0.968006432056427,-0.4646660089492798,-0.6127535700798035,-0.937284529209137,-0.04589550942182541,0.3166777193546295,-0.060157470405101776,1.132340669631958,-0.02970360405743122,1.1753783226013184,0.3200039565563202,116.5
409,-0.059320952743291855,0.31299152970314026,-0.06402643769979477,1.1276522874832153,-0.05356469005346298,1.1846511363983154,0.3331691324710846,0.7250000238418579,0.13444246351718903,0.05103225260972977,0.08264321833848953,0.06300278007984161,0.1331276148557663,-0.11704821139574051,-0.133100226521492,-0.0,0.42682012915611267,0.0192719753831625,-0.06995508074760437,-0.3010692000389099,-0.9534782767295837,-0.015378767624497414,-0.9516898989677429,0.30144721269607544,-0.05844581872224808,0.565757691860199,0.1733584702014923,0.16139668226242065,0.21205154061317444,0.9065666198730469,-0.4618304669857025,-0.6092419028282166,-0.9204063415527344,-0.0423482209444046,0.3181922733783722,-0.05918453633785248,1.1340138912200928,-0.02636769227683544,1.170796275138855,0.31489187479019165,116.5
410,-0.05397694930434227,0.3148399591445923,-0.06201692670583725,1.1301066875457764,-0.0479905903339386,1.1797538995742798,0.3275662660598755,0.7250000238418579,0.1322784572839737,0.04862171411514282,0.057962559163570404,0.06061963364481926,0.1347985565662384,-0.12000660598278046,-0.13578468561172485,-0.0,0.42682012915611267,0.0192719753831625,-0.06995508074760437,-0.3010692000389099,-0.9534782767295837,-0.015378767624497414,-0.9516898989677429,0.30144721269607544,-0.05844581872224808,0.4992120862007141,0.18518120050430298,0.10614655911922455,0.18426939845085144,0.8647500872612,-0.47166967391967773,-0.6106482148170471,-0.9204205274581909,-0.03900058567523956,0.3203953802585602,-0.058832526206970215,1.1356347799301147,-0.022048087790608406,1.165603756904602,0.30924680829048157,116.5
411,-0.047902386635541916,0.31685906648635864,-0.060323793441057205,1.1323903799057007,-0.04187959432601929,1.1744022369384766,0.3214130699634552,0.7250000238418579,0.13441506028175354,0.04497850686311722,0.04100659489631653,0.0545932799577713,0.1375925987958908,-0.12058185040950775,-0.13833220303058624,-0.0,0.42682012915611267,0.0192719753831625,-0.06995508074760437,-0.3010692000389099,-0.9534782767295837,-0.015378767624497414,-0.9516898989677429,0.30144721269607544,-0.05844581872224808,0.4391186237335205,0.18649354577064514,0.053574323654174805,0.15579122304916382,0.8175439834594727,-0.4729248285293579,-0.6103315949440002,-0.9103171229362488,-0.034728825092315674,0.32245388627052307,-0.05871656537055969,1.1370640993118286,-0.017353275790810585,1.1602145433425903,0.30310311913490295,116.5
412,-0.04316430166363716,0.3187113404273987,-0.0594935268163681,1.1341257095336914,-0.036625709384679794,1.1696949005126953,0.3161860406398773,0.7250000238418579,0.12573164701461792,0.045855067670345306,0.027474692091345787,0.045800283551216125,0.1328536868095398,-0.11811652034521103,-0.13296326994895935,-0.0,0.42682012915611267,0.0192719753831625,-0.06995508074760437,-0.3010692000389099,-0.9534782767295837,-0.015378767624497414,-0.9516898989677429,0.30144721269607544,-0.05844581872224808,0.38132357597351074,0.18062850832939148,0.011291412636637688,0.13690456748008728,0.7700826525688171,-0.468452513217926,-0.5985532999038696,-0.900558590888977,-0.03172459453344345,0.32413020730018616,-0.05915478616952896,1.1382328271865845,-0.013523230329155922,1.1556413173675537,0.298229455947876,116.5
413,-0.0388864129781723,0.3205866515636444,-0.059171389788389206,1.1356136798858643,-0.030999833717942238,1.164711356163025,0.3105620741844177,0.7250000238418579,0.1108848974108696,0.046567272394895554,0.012518378905951977,0.039636969566345215,0.1367708295583725,-0.12167754769325256,-0.13638733327388763,-0.0,0.42682012915611267,0.0192719753831625,-0.06995508074760437,-0.3010692000389099,-0.9534782767295837,-0.015378767624497414,-0.9516898989677429,0.30144721269607544,-0.05844581872224808,0.3255414366722107,0.18580104410648346,-0.02477184124290943,0.11798575520515442,0.7495336532592773,-0.4670279324054718,-0.5951611399650574,-0.9027332663536072,-0.02912016771733761,0.3261606693267822,-0.059914544224739075,1.139153242111206,-0.00851382315158844,1.150700569152832,0.292707234621048,116.5
414,-0.03503036871552467,0.32253289222717285,-0.059058260172605515,1.1369788646697998,-0.025542696937918663,1.159873604774475,0.3051202893257141,0.7250000238418579,0.10066749155521393,0.04804646968841553,0.004684119950979948,0.03528155758976936,0.13860611617565155,-0.12285542488098145,-0.1384691596031189,-0.0,0.42682012915611267,0.0192719753831625,-0.06995508074760437,-0.3010692000389099,-0.9534782767295837,-0.015378767624497414,-0.9516898989677429,0.30144721269607544,-0.05844581872224808,0.2824997305870056,0.18752163648605347,-0.05495469272136688,0.10409122705459595,0.7250367403030396,-0.4598654508590698,-0.5877565145492554,-0.9001632928848267,-0.02655537612736225,0.32815855741500854,-0.06070690229535103,1.1401015520095825,-0.0037915967404842377,1.1460776329040527,0.28748759627342224,116.5
415,-0.03190871700644493,0.32448869943618774,-0.059251926839351654,1.138148546218872,-0.020020367577672005,1.1549954414367676,0.29959794878959656,0.7250000238418579,0.08521810919046402,0.048923030495643616,-0.0017531209159642458,0.031200073659420013,0.13737346231937408,-0.12151319533586502,-0.13720910251140594,-0.0,0.42682012915611267,0.0192719753831625,-0.06995508074760437,-0.3010692000389099,-0.9534782767295837,-0.015378767624497414,-0.9516898989677429,0.30144721269607544,-0.05844581872224808,0.24162660539150238,0.18612389266490936,-0.08026516437530518,0.09177073836326599,0.7029345035552979,-0.44846197962760925,-0.5753331184387207,-0.9006866216659546,-0.02465991862118244,0.33007240295410156,-0.061659879982471466,1.1409016847610474,0.0010676681995391846,1.141541600227356,0.2823379635810852,116.5
416,-0.029178231954574585,0.3263985216617584,-0.05989811569452286,1.1391226053237915,-0.014568982645869255,1.1502842903137207,0.29411014914512634,0.7250000238418579,0.0714670717716217,0.04815603792667389,-0.011997921392321587,0.026242028921842575,0.1370721459388733,-0.11981485784053802,-0.13772955536842346,-0.0,0.42682012915611267,0.0192719753831625,-0.06995508074760437,-0.3010692000389099,-0.9534782767295837,-0.015378767624497414,-0.9516898989677429,0.30144721269607544,-0.05844581872224808,0.20165029168128967,0.18195119500160217,-0.1033361405134201,0.0770898163318634,0.6861642599105835,-0.4386182129383087,-0.5654439926147461,-0.9005846381187439,-0.023128723725676537,0.3318570554256439,-0.0629981979727745,1.1414352655410767,0.006015945225954056,1.1371257305145264,0.2771468162536621,116.5
417,-0.02669701725244522,0.3283275067806244,-0.060676608234643936,1.140044927597046,-0.00899871438741684,1.1456401348114014,0.2885839641094208,0.7250000238418579,0.06450936943292618,0.047991685569286346,-0.018216021358966827,0.023420600220561028,0.13794870674610138,-0.11666471511125565,-0.13764739036560059,-0.0,0.42682012915611267,0.0192719753831625,-0.06995508074760437,-0.3010692000389099,-0.9534782767295837,-0.015378767624497414,-0.9516898989677429,0.30144721269607544,-0.05844581872224808,0.17271289229393005,0.1770690530538559,-0.12322303652763367,0.06570896506309509,0.6678505539894104,-0.4240694046020508,-0.554409384727478,-0.8965141773223877,-0.021515628322958946,0.33363959193229675,-0.06437329947948456,1.1420161724090576,0.011036800220608711,1.1329180002212524,0.27195167541503906,116.5
418,-0.024814056232571602,0.33018937706947327,-0.06189996004104614,1.1408157348632812,-0.0034993935842067003,1.1411148309707642,0.28306740522384644,0.7250000238418579,0.05305929854512215,0.0472794808447361,-0.026105066761374474,0.020763525739312172,0.13841436803340912,-0.11417199671268463,-0.1378665268421173,-0.0,0.42682012915611267,0.0192719753831625,-0.06995508074760437,-0.3010692000389099,-0.9534782767295837,-0.015378767624497414,-0.9516898989677429,0.30144721269607544,-0.05844581872224808,0.14383400976657867,0.17311908304691315,-0.13905073702335358,0.05421784520149231,0.6568892002105713,-0.4108240604400635,-0.5436313152313232,-0.8972954750061035,-0.020499035716056824,0.33538293838500977,-0.06607148051261902,1.142442226409912,0.01620728150010109,1.1287901401519775,0.2667584717273712,116.5
419,-0.02320912852883339,0.33201864361763,-0.06330163776874542,1.1414178609848022,0.00202293717302382,1.13677179813385,0.2775546610355377,0.7250000238418579,0.04223925620317459,0.04596463963389397,-0.03372018411755562,0.016709433868527412,0.1375925987958908,-0.11041922122240067,-0.13756521046161652,-0.0,0.42682012915611267,0.0192719753831625,-0.06995508074760437,-0.3010692000389099,-0.9534782767295837,-0.015378767624497414,-0.9516898989677429,0.30144721269607544,-0.05844581872224808,0.11791367828845978,0.16464203596115112,-0.15221121907234192,0.04336187243461609,0.6445921063423157,-0.3967726230621338,-0.5318552255630493,-0.8958996534347534,-0.019671717658638954,0.3369579017162323,-0.06786797195672989,1.1427186727523804,0.021360697224736214,1.124868631362915,0.26159900426864624,116.5
420,-0.02177293971180916,0.3337922990322113,-0.06471481174230576,1.1419528722763062,0.0075337630696594715,1.1324843168258667,0.272041916847229,0.7250000238418579,0.037609923630952835,0.04492372274398804,-0.03525416553020477,0.01397018227726221,0.13794870674610138,-0.10770736634731293,-0.1376199871301651,-0.0,0.42682012915611267,0.0192719753831625,-0.06995508074760437,-0.3010692000389099,-0.9534782767295837,-0.015378767624497414,-0.9516898989677429,0.30144721269607544,-0.05844581872224808,0.10418432950973511,0.15635563433170319,-0.1596260666847229,0.03543397784233093,0.6301398277282715,-0.3821275234222412,-0.5209439396858215,-0.8913751244544983,-0.018647408112883568,0.33848297595977783,-0.06950359046459198,1.1430158615112305,0.02643795870244503,1.1210204362869263,0.25641360878944397,116.5
421,-0.020440293475985527,0.3357289433479309,-0.06649806350469589,1.142414927482605,0.01370228361338377,1.1279245615005493,0.2658388614654541,0.7250000238418579,0.03166574612259865,0.04336234927177429,-0.03807559609413147,0.011176145635545254,0.13712692260742188,-0.10318759828805923,-0.13764739036560059,-0.0,0.42682012915611267,0.0192719753831625,-0.06995508074760437,-0.3010692000389099,-0.9534782767295837,-0.015378767624497414,-0.9516898989677429,0.30144721269607544,-0.05844581872224808,0.08952105045318604,0.14607450366020203,-0.16679775714874268,0.02736714296042919,0.6146831512451172,-0.3640768229961395,-0.5074470639228821,-0.8868221640586853,-0.01775466278195381,0.3401111662387848,-0.07150200009346008,1.1432359218597412,0.03214277699589729,1.117002248764038,0.2506154477596283,116.5
422,-0.01949114352464676,0.33733388781547546,-0.06824296712875366,1.14272940158844,0.01920543983578682,1.124009132385254,0.2603779137134552,0.7260000109672546,0.02566678635776043,0.04133530333638191,-0.04237622022628784,0.00868342723697424,0.13753780722618103,-0.09891436994075775,-0.1370721459388733,-0.0,0.42682012915611267,0.0192719753831625,-0.06995508074760437,-0.3010692000389099,-0.9534782767295837,-0.015378767624497414,-0.9516898989677429,0.30144721269607544,-0.05844581872224808,0.07609318196773529,0.13712987303733826,-0.17300304770469666,0.02037605457007885,0.604266345500946,-0.34809616208076477,-0.49643734097480774,-0.8844448328018188,-0.017208347097039223,0.34144777059555054,-0.073433056473732,1.1433407068252563,0.03733342885971069,1.113566279411316,0.24548479914665222,116.5
423,-0.018620608374476433,0.3387489914894104,-0.06998595595359802,1.1429710388183594,0.024731604382395744,1.1202892065048218,0.2550703287124634,0.7250000238418579,0.022407077252864838,0.03719903528690338,-0.043636273592710495,0.006738558411598206,0.1379213035106659,-0.0951341986656189,-0.13433289527893066,-0.0,0.42682012915611267,0.0192719753831625,-0.06995508074760437,-0.3010692000389099,-0.9534782767295837,-0.015378767624497414,-0.9516898989677429,0.30144721269607544,-0.05844581872224808,0.0692373514175415,0.12651589512825012,-0.17386600375175476,0.012118009850382805,0.5922635793685913,-0.3332452178001404,-0.4855864346027374,-0.8817417025566101,-0.016543488949537277,0.34254446625709534,-0.07520193606615067,1.1433346271514893,0.04249951243400574,1.110291838645935,0.24050273001194,116.5
424,-0.01787087693810463,0.3400892913341522,-0.07177688181400299,1.1431454420089722,0.030286533758044243,1.116716980934143,0.2498662918806076,0.7250000238418579,0.020051321014761925,0.03410368040204048,-0.04426630213856697,0.004958045203238726,0.1387156844139099,-0.09055965393781662,-0.13123753666877747,-0.0,0.42682012915611267,0.0192719753831625,-0.06995508074760437,-0.3010692000389099,-0.9534782767295837,-0.015378767624497414,-0.9516898989677429,0.30144721269607544,-0.05844581872224808,0.06426966190338135,0.11656121164560318,-0.17528218030929565,0.006674734875559807,0.5796270370483398,-0.31602513790130615,-0.4741617739200592,-0.8781891465187073,-0.015942787751555443,0.34358611702919006,-0.0770353451371193,1.1433457136154175,0.047675345093011856,1.1072362661361694,0.23564143478870392,116.5
425,-0.01723235659301281,0.3414027690887451,-0.07360998541116714,1.1432260274887085,0.03573791682720184,1.1133326292037964,0.24483291804790497,0.7250000238418579,0.016983358189463615,0.03309015557169914,-0.04544417932629585,0.0028762139845639467,0.13737346231937408,-0.08642338216304779,-0.12770390510559082,-0.0,0.42682012915611267,0.0192719753831625,-0.06995508074760437,-0.3010692000389099,-0.9534782767295837,-0.015378767624497414,-0.9516898989677429,0.30144721269607544,-0.05844581872224808,0.05727234482765198,0.10684072971343994,-0.17820081114768982,0.00405832938849926,0.5629421472549438,-0.2999494969844818,-0.4609648883342743,-0.8734343647956848,-0.015514187514781952,0.34460797905921936,-0.0789560079574585,1.1433477401733398,0.05262617766857147,1.1043341159820557,0.23100396990776062,116.5
426,-0.016584249213337898,0.34260502457618713,-0.07544117420911789,1.1432682275772095,0.04126408323645592,1.1100633144378662,0.23989541828632355,0.7250000238418579,0.015969835221767426,0.031227465718984604,-0.04590985178947449,0.0013422331539914012,0.13726389408111572,-0.08288975059986115,-0.12419766187667847,-0.0,0.42682012915611267,0.0192719753831625,-0.06995508074760437,-0.3010692000389099,-0.9534782767295837,-0.015378767624497414,-0.9516898989677429,0.30144721269607544,-0.05844581872224808,0.05271217226982117,0.09775000810623169,-0.1800186038017273,0.0011696498841047287,0.5465457439422607,-0.28515541553497314,-0.4493170976638794,-0.8687195777893066,-0.015002883970737457,0.3455375134944916,-0.08084173500537872,1.1433032751083374,0.05766045302152634,1.101508617401123,0.22641590237617493,116.5
427,-0.015980245545506477,0.34366345405578613,-0.07725894451141357,1.1433045864105225,0.046740394085645676,1.1069896221160889,0.23510940372943878,0.7250000238418579,0.015695910900831223,0.02783079445362091,-0.04547157511115074,0.0009587379754520953,0.13751041889190674,-0.07878086715936661,-0.12107491493225098,-0.0,0.42682012915611267,0.0192719753831625,-0.06995508074760437,-0.3010692000389099,-0.9534782767295837,-0.015378767624497414,-0.9516898989677429,0.30144721269607544,-0.05844581872224808,0.05104346573352814,0.09025596082210541,-0.1799767017364502,-0.002488287165760994,0.5314797759056091,-0.2692893147468567,-0.4385138750076294,-0.8655443787574768,-0.014448940753936768,0.3463711440563202,-0.08265824615955353,1.1432299613952637,0.0626847892999649,1.098910927772522,0.22195398807525635,116.5
428,-0.015500876121222973,0.3446490466594696,-0.07915341109037399,1.1433161497116089,0.05227423086762428,1.1040596961975098,0.23042692244052887,0.7250000238418579,0.013175799511373043,0.025255898013710976,-0.04662206023931503,0.000493065279442817,0.13748303055763245,-0.0745624229311943,-0.11800695210695267,-0.0,0.42682012915611267,0.0192719753831625,-0.06995508074760437,-0.3010692000389099,-0.9534782767295837,-0.015378767624497414,-0.9516898989677429,0.30144721269607544,-0.05844581872224808,0.046873852610588074,0.08409607410430908,-0.18112987279891968,-0.005234094336628914,0.517868161201477,-0.252771258354187,-0.42725086212158203,-0.8638623952865601,-0.014094662852585316,0.34717193245887756,-0.08458730578422546,1.1431591510772705,0.06781027466058731,1.0964765548706055,0.21760939061641693,116.5
429,-0.015023424290120602,0.34555602073669434,-0.08106513321399689,1.1433180570602417,0.057802312076091766,1.1013368368148804,0.22584415972232819,0.7250000238418579,0.011806173250079155,0.023447992280125618,-0.047745153307914734,0.0001369625679217279,0.13835959136486053,-0.07012483477592468,-0.11554162204265594,-0.0,0.42682012915611267,0.0192719753831625,-0.06995508074760437,-0.3010692000389099,-0.9534782767295837,-0.015378767624497414,-0.9516898989677429,0.30144721269607544,-0.05844581872224808,0.04374846816062927,0.07894809544086456,-0.18293151259422302,-0.006620617583394051,0.5051259994506836,-0.23502300679683685,-0.4166911244392395,-0.8615175485610962,-0.013710969127714634,0.34792447090148926,-0.08655308187007904,1.14311945438385,0.07295609265565872,1.0942862033843994,0.21334342658519745,116.5
430,-0.014536385424435139,0.34640738368034363,-0.08292700350284576,1.1433180570602417,0.06321534514427185,1.0987213850021362,0.2213975340127945,0.7250000238418579,0.012189668603241444,0.021777048707008362,-0.04703294485807419,6.344131720542492e-16,0.13638733327388763,-0.06637205928564072,-0.11244627088308334,-0.0,0.42682012915611267,0.0192719753831625,-0.06995508074760437,-0.3010692000389099,-0.9534782767295837,-0.015378767624497414,-0.9516898989677429,0.30144721269607544,-0.05844581872224808,0.041999176144599915,0.07400669157505035,-0.18361443281173706,-0.007985265925526619,0.48496097326278687,-0.21989093720912933,-0.40499940514564514,-0.857386589050293,-0.013276408426463604,0.34862759709358215,-0.08843543380498886,1.1430784463882446,0.07776417583227158,1.0921247005462646,0.20924755930900574,116.5
431,-0.014085778966546059,0.3472261428833008,-0.08483297377824783,1.1433180570602417,0.06847690045833588,1.0963610410690308,0.21704868972301483,0.7250000238418579,0.011669211089611053,0.020763525739312172,-0.04719730094075203,6.344131720542492e-16,0.13318240642547607,-0.06168794259428978,-0.10921395570039749,-0.0,0.42682012915611267,0.0192719753831625,-0.06995508074760437,-0.3010692000389099,-0.9534782767295837,-0.015378767624497414,-0.9516898989677429,0.30144721269607544,-0.05844581872224808,0.0390198677778244,0.06996853649616241,-0.1854225993156433,-0.0081119854003191,0.46406567096710205,-0.20279930531978607,-0.39241132140159607,-0.8536847829818726,-0.01291518472135067,0.3493252098560333,-0.09039565175771713,1.1430747509002686,0.08239886909723282,1.090277075767517,0.20527635514736176,116.5
432,-0.013592987321317196,0.34809282422065735,-0.08697095513343811,1.1433180570602417,0.07399923354387283,1.0938644409179688,0.21234512329101562,0.7250000238418579,0.010957005433738232,0.01966782473027706,-0.04760818928480148,6.344131720542492e-16,0.12559467554092407,-0.05634640157222748,-0.1058172807097435,-0.0,0.42682012915611267,0.0192719753831625,-0.06995508074760437,-0.3010692000389099,-0.9534782767295837,-0.015378767624497414,-0.9516898989677429,0.30144721269607544,-0.05844581872224808,0.034508079290390015,0.06620661914348602,-0.18704316020011902,-0.009259136393666267,0.4347650110721588,-0.18505559861660004,-0.37711837887763977,-0.8492239713668823,-0.012557744048535824,0.3500790297985077,-0.09258224815130234,1.1430402994155884,0.0870421826839447,1.0883127450942993,0.20103156566619873,116.5
433,-0.013242089189589024,0.34874287247657776,-0.08880215138196945,1.143298864364624,0.07856282591819763,1.0919163227081299,0.20849867165088654,0.7250000238418579,0.00969695020467043,0.01739424653351307,-0.04651248827576637,-0.0002739251358434558,0.11737692356109619,-0.05147053301334381,-0.09976353496313095,-0.0,0.42682012915611267,0.0192719753831625,-0.06995508074760437,-0.3010692000389099,-0.9534782767295837,-0.015378767624497414,-0.9516898989677429,0.30144721269607544,-0.05844581872224808,0.032475993037223816,0.06224244832992554,-0.18589302897453308,-0.010636361315846443,0.4058883488178253,-0.17023639380931854,-0.3626587688922882,-0.8467919826507568,-0.01226781029254198,0.3506101369857788,-0.09437894076108932,1.1429797410964966,0.09073947370052338,1.0868092775344849,0.19761890172958374,116.5
434,-0.012900778092443943,0.34938329458236694,-0.09076564013957977,1.143237590789795,0.08309190720319748,1.090056300163269,0.20451223850250244,0.7250000238418579,0.008491679094731808,0.015997229143977165,-0.047635581344366074,-0.0011504855938255787,0.11324065178632736,-0.04708773270249367,-0.09798302501440048,-0.0,0.42682012915611267,0.0192719753831625,-0.06995508074760437,-0.3010692000389099,-0.9534782767295837,-0.015378767624497414,-0.9516898989677429,0.30144721269607544,-0.05844581872224808,0.03031916916370392,0.05885562300682068,-0.18552079796791077,-0.011704238131642342,0.3871033787727356,-0.1550329476594925,-0.35219016671180725,-0.8447234034538269,-0.011991201899945736,0.35114896297454834,-0.09633126109838486,1.1428865194320679,0.0947050079703331,1.0854053497314453,0.19394654035568237,116.5
435,-0.012595899403095245,0.3499796390533447,-0.09270612895488739,1.1431435346603394,0.08725857734680176,1.0883057117462158,0.2007693201303482,0.7250000238418579,0.008053398691117764,0.01539459265768528,-0.048840854316949844,-0.0020544384606182575,0.107789546251297,-0.044868938624858856,-0.0962299033999443,-0.0,0.42682012915611267,0.0192719753831625,-0.06995508074760437,-0.3010692000389099,-0.9534782767295837,-0.015378767624497414,-0.9516898989677429,0.30144721269607544,-0.05844581872224808,0.027259662747383118,0.055592283606529236,-0.18474271893501282,-0.013647111132740974,0.36642205715179443,-0.1466466337442398,-0.34257733821868896,-0.8420253396034241,-0.011778108775615692,0.35164740681648254,-0.09824840724468231,1.142734169960022,0.09825123846530914,1.0839062929153442,0.19049200415611267,116.5
436,-0.012319782748818398,0.35054337978363037,-0.09462360292673111,1.1430630683898926,0.09129678457975388,1.086733341217041,0.1970820128917694,0.7250000238418579,0.00717683881521225,0.014408462680876255,-0.04818343371152878,-0.0021914010867476463,0.10203711688518524,-0.04106137901544571,-0.09247712790966034,-0.0,0.42682012915611267,0.0192719753831625,-0.06995508074760437,-0.3010692000389099,-0.9534782767295837,-0.015378767624497414,-0.9516898989677429,0.30144721269607544,-0.05844581872224808,0.027096793055534363,0.05364041030406952,-0.1829221546649933,-0.01347312517464161,0.3451000452041626,-0.1330723911523819,-0.3314363360404968,-0.8408466577529907,-0.011506879702210426,0.35215258598327637,-0.10011126846075058,1.1426588296890259,0.10164978355169296,1.082741141319275,0.18713891506195068,116.5
437,-0.012045583687722683,0.3510745167732239,-0.09651999175548553,1.142942190170288,0.09504544734954834,1.0852607488632202,0.1935308575630188,0.7250000238418579,0.006875521037727594,0.013586686924099922,-0.04758079722523689,-0.002602288732305169,0.09661339968442917,-0.037664707750082016,-0.09012137353420258,-0.0,0.42682012915611267,0.0192719753831625,-0.06995508074760437,-0.3010692000389099,-0.9534782767295837,-0.015378767624497414,-0.9516898989677429,0.30144721269607544,-0.05844581872224808,0.027695640921592712,0.05162821710109711,-0.18049058318138123,-0.013548167422413826,0.32542192935943604,-0.12080701440572739,-0.3216274082660675,-0.8393813967704773,-0.01121471356600523,0.3526233732700348,-0.10193470865488052,1.14253568649292,0.10480810701847076,1.0816365480422974,0.18388204276561737,116.5
438,-0.011790559627115726,0.35162100195884705,-0.09839528053998947,1.1428157091140747,0.09854868054389954,1.083945393562317,0.19010239839553833,0.7250000238418579,0.006574203260242939,0.013504509814083576,-0.04706034064292908,-0.0031775315292179585,0.089765265583992,-0.034404996782541275,-0.08702601492404938,-0.0,0.42682012915611267,0.0192719753831625,-0.06995508074760437,-0.3010692000389099,-0.9534782767295837,-0.015378767624497414,-0.9516898989677429,0.30144721269607544,-0.05844581872224808,0.027531713247299194,0.04969401657581329,-0.17855042219161987,-0.012900980189442635,0.3035767078399658,-0.10950838774442673,-0.31126150488853455,-0.8376717567443848,-0.010964606888592243,0.3531118333339691,-0.10375179350376129,1.1424286365509033,0.10765597969293594,1.080660104751587,0.1807645559310913,116.5
439,-0.011493351310491562,0.35217514634132385,-0.10051217675209045,1.142671823501587,0.10229350626468658,1.0825647115707397,0.18631155788898468,0.7250000238418579,0.006464633159339428,0.012737519107758999,-0.04706034064292908,-0.0031775315292179585,0.08467026054859161,-0.031337037682533264,-0.08428676426410675,-0.0,0.42682012915611267,0.0192719753831625,-0.06995508074760437,-0.3010692000389099,-0.9534782767295837,-0.015378767624497414,-0.9516898989677429,0.30144721269607544,-0.05844581872224808,0.028221800923347473,0.04803250730037689,-0.17590245604515076,-0.01276073046028614,0.2850436568260193,-0.0982440635561943,-0.30201494693756104,-0.8370395302772522,-0.010646695271134377,0.3536161184310913,-0.10578925162553787,1.1422890424728394,0.11084482073783875,1.0796173810958862,0.17725111544132233,116.5
440,-0.011232574470341206,0.3526679277420044,-0.10229925811290741,1.142577886581421,0.10522916167974472,1.081531286239624,0.1832953691482544,0.7250000238418579,0.006574203260242939,0.012217061594128609,-0.045635927468538284,-0.002739251358434558,0.07719210535287857,-0.0277212243527174,-0.07902739942073822,-0.0,0.42682012915611267,0.0192719753831625,-0.06995508074760437,-0.3010692000389099,-0.9534782767295837,-0.015378767624497414,-0.9516898989677429,0.30144721269607544,-0.05844581872224808,0.029665037989616394,0.047664910554885864,-0.17327085137367249,-0.011437209323048592,0.2627055048942566,-0.08634977787733078,-0.2915817201137543,-0.8369720578193665,-0.010342624969780445,0.3540978729724884,-0.10749737918376923,1.1422348022460938,0.11311032623052597,1.078940749168396,0.17454791069030762,116.5
441,-0.010929613374173641,0.3531818091869354,-0.1040940210223198,1.142472505569458,0.10817249119281769,1.0805072784423828,0.18007592856884003,0.7250000238418579,0.007122053764760494,0.012655341066420078,-0.044649798423051834,-0.002465326339006424,0.07319279760122299,-0.025502430275082588,-0.07820563018321991,-0.0,0.42682012915611267,0.0192719753831625,-0.06995508074760437,-0.3010692000389099,-0.9534782767295837,-0.015378767624497414,-0.9516898989677429,0.30144721269607544,-0.05844581872224808,0.031497880816459656,0.04733550548553467,-0.17087674140930176,-0.009898873046040535,0.24849608540534973,-0.07681577652692795,-0.284494549036026,-0.835951566696167,-0.009984678588807583,0.3546018600463867,-0.10922032594680786,1.142175555229187,0.11562737077474594,1.0782028436660767,0.17154109477996826,116.5
442,-0.010626652278006077,0.3536803722381592,-0.105892613530159,1.1423516273498535,0.11084161698818207,1.0796693563461304,0.17708657681941986,0.7250000238418579,0.007642511278390884,0.012682734057307243,-0.04495111480355263,-0.0028762139845639467,0.06960438191890717,-0.022872749716043472,-0.07721949368715286,-0.0,0.42682012915611267,0.0192719753831625,-0.06995508074760437,-0.3010692000389099,-0.9534782767295837,-0.015378767624497414,-0.9516898989677429,0.30144721269607544,-0.05844581872224808,0.0327271968126297,0.04551324248313904,-0.16878923773765564,-0.008716197684407234,0.2358640432357788,-0.06762372702360153,-0.27827563881874084,-0.8348957300186157,-0.009644835256040096,0.35504576563835144,-0.10966227203607559,1.142090082168579,0.11791753768920898,1.0776406526565552,0.16873830556869507,116.5
443,-0.010319855995476246,0.3541693091392517,-0.10760875046253204,1.1422653198242188,0.11343979835510254,1.0789004564285278,0.17411640286445618,0.7250000238418579,0.007587726227939129,0.01232663169503212,-0.04382802173495293,-0.0025475039146840572,0.06549549847841263,-0.019777394831180573,-0.07442545890808105,-0.0,0.42682012915611267,0.0192719753831625,-0.06995508074760437,-0.3010692000389099,-0.9534782767295837,-0.015378767624497414,-0.9516898989677429,0.30144721269607544,-0.05844581872224808,0.03513720631599426,0.04508283734321594,-0.16607409715652466,-0.006507249549031258,0.22156256437301636,-0.05647628754377365,-0.2708260118961334,-0.8352686166763306,-0.009265740402042866,0.3555217981338501,-0.10966227203607559,1.1420700550079346,0.1200866773724556,1.0772061347961426,0.1659916192293167,116.5
444,-0.010011142119765282,0.354608416557312,-0.10875540226697922,1.1421905755996704,0.1158960834145546,1.078235149383545,0.17120568454265594,0.7260000109672546,0.007724688854068518,0.011477462947368622,-0.034541960805654526,-0.0019448684761300683,0.06283842772245407,-0.017668170854449272,-0.07338454574346542,-0.0,0.42682012915611267,0.0192719753831625,-0.06995508074760437,-0.3010692000389099,-0.9534782767295837,-0.015378767624497414,-0.9516898989677429,0.30144721269607544,-0.05844581872224808,0.04579991102218628,0.04664070904254913,-0.1580287516117096,-0.001568945124745369,0.2058624029159546,-0.045342497527599335,-0.26298874616622925,-0.8357894420623779,-0.008637141436338425,0.3560076355934143,-0.10966227203607559,1.1421434879302979,0.12207195907831192,1.076874852180481,0.1633160263299942,116.5
445,-0.00966024398803711,0.3550724387168884,-0.10924819111824036,1.1421350240707397,0.11820472776889801,1.0777134895324707,0.16838890314102173,0.7260000109672546,0.00829993188381195,0.011258323676884174,-0.01854473166167736,-0.0015887657646089792,0.059113044291734695,-0.014435854740440845,-0.07135749608278275,-0.0,0.42682012915611267,0.0192719753831625,-0.06995508074760437,-0.3010692000389099,-0.9534782767295837,-0.015378767624497414,-0.9516898989677429,0.30144721269607544,-0.05844581872224808,0.06238202750682831,0.049374938011169434,-0.14738351106643677,0.007687477394938469,0.18361300230026245,-0.027717044577002525,-0.25188422203063965,-0.8355053663253784,-0.007788782939314842,0.35655367374420166,-0.10966227203607559,1.1423656940460205,0.12371312081813812,1.076882004737854,0.16083237528800964,116.5
446,-0.009150194935500622,0.3555556535720825,-0.10942459851503372,1.1421042680740356,0.12028326839208603,1.077309012413025,0.1656373292207718,0.7250000238418579,0.011148753575980663,0.011888351291418076,-0.007122053764760494,-0.0010409154929220676,0.05415499955415726,-0.01123093068599701,-0.06946741789579391,-0.0,0.42682012915611267,0.0192719753831625,-0.06995508074760437,-0.3010692000389099,-0.9534782767295837,-0.015378767624497414,-0.9516898989677429,0.30144721269607544,-0.05844581872224808,0.07227806746959686,0.05120871961116791,-0.14294219017028809,0.015534905716776848,0.15970012545585632,-0.012434771284461021,-0.24226364493370056,-0.8333743810653687,-0.006981854327023029,0.35709190368652344,-0.10966227203607559,1.1425702571868896,0.12507426738739014,1.0769360065460205,0.15836942195892334,116.5
447,-0.00846182182431221,0.3560388684272766,-0.10950513929128647,1.1421042680740356,0.12211445719003677,1.0771057605743408,0.16304297745227814,0.7250000238418579,0.0154767706990242,0.012107491493225098,-0.0027940364088863134,-0.0002739251358434558,0.0481286458671093,-0.007067268714308739,-0.06628988683223724,-0.0,0.42682012915611267,0.0192719753831625,-0.06995508074760437,-0.3010692000389099,-0.9534782767295837,-0.015378767624497414,-0.9516898989677429,0.30144721269607544,-0.05844581872224808,0.0730833113193512,0.05198970437049866,-0.14652714133262634,0.02170279435813427,0.1347332000732422,0.0007432792335748672,-0.23488488793373108,-0.8311368823051453,-0.006269322708249092,0.35759857296943665,-0.10966227203607559,1.142755389213562,0.12615644931793213,1.0771280527114868,0.1559964269399643,116.5
448,-0.007685243617743254,0.3565700054168701,-0.10954731702804565,1.1421310901641846,0.12369637936353683,1.0770232677459717,0.1605004072189331,0.7250000238418579,0.018681693822145462,0.012792304158210754,-0.0013970182044431567,0.0003834952076431364,0.04199272394180298,-0.0031227467115968466,-0.06407108902931213,-0.0,0.42682012915611267,0.0192719753831625,-0.06995508074760437,-0.3010692000389099,-0.9534782767295837,-0.015378767624497414,-0.9516898989677429,0.30144721269607544,-0.05844581872224808,0.06947168707847595,0.05256485939025879,-0.15294453501701355,0.027488676831126213,0.11246153712272644,0.012286195531487465,-0.2286781370639801,-0.8294435739517212,-0.005601090844720602,0.3581469655036926,-0.10966227203607559,1.1429557800292969,0.12707023322582245,1.0773918628692627,0.15364006161689758,116.5
449,-0.006941263098269701,0.3570972979068756,-0.10956265777349472,1.1423017978668213,0.1250271052122116,1.0770213603973389,0.15811507403850555,0.7250000238418579,0.018983012065291405,0.013285369612276554,-0.0006026353221386671,0.002821428934112191,0.035637661814689636,-0.0007943828823044896,-0.06103052198886871,-0.0,0.42682012915611267,0.0192719753831625,-0.06995508074760437,-0.3010692000389099,-0.9534782767295837,-0.015378767624497414,-0.9516898989677429,0.30144721269607544,-0.05844581872224808,0.06328447163105011,0.05613042414188385,-0.15931949019432068,0.0320182740688324,0.09366410970687866,0.019470641389489174,-0.22267749905586243,-0.8312270641326904,-0.005042726639658213,0.35878121852874756,-0.10966227203607559,1.1432623863220215,0.12783703207969666,1.0776054859161377,0.1514347493648529,116.5
450,-0.0062701464630663395,0.3576284348964691,-0.10957992076873779,1.142575979232788,0.12610089778900146,1.0770481824874878,0.15567220747470856,0.7250000238418579,0.01750381663441658,0.013230584561824799,-0.0004108877037651837,0.005944175645709038,0.029309989884495735,0.0003834952076431364,-0.06040049344301224,-0.0,0.42682012915611267,0.0192719753831625,-0.06995508074760437,-0.3010692000389099,-0.9534782767295837,-0.015378767624497414,-0.9516898989677429,0.30144721269607544,-0.05844581872224808,0.0563260018825531,0.061241745948791504,-0.16439411044120789,0.03394004702568054,0.07899335026741028,0.023417839780449867,-0.21796438097953796,-0.8347890377044678,-0.004580364096909761,0.35946568846702576,-0.10966227203607559,1.1435941457748413,0.12847070395946503,1.0777506828308105,0.14913327991962433,116.5
451,-0.005650801584124565,0.35821136832237244,-0.10959717631340027,1.1428790092468262,0.12700018286705017,1.0772188901901245,0.15342876315116882,0.7250000238418579,0.015942443162202835,0.014024967327713966,-0.00043828022899106145,0.007395979017019272,0.024078018963336945,0.002821428934112191,-0.058181699365377426,-0.0,0.42682012915611267,0.0192719753831625,-0.06995508074760437,-0.3010692000389099,-0.9534782767295837,-0.015378767624497414,-0.9516898989677429,0.30144721269607544,-0.05844581872224808,0.04971010982990265,0.06424960494041443,-0.17029708623886108,0.03838101029396057,0.06544044613838196,0.03140265494585037,-0.21286901831626892,-0.8370254039764404,-0.004159495234489441,0.360138863325119,-0.10966227203607559,1.1440304517745972,0.1289633959531784,1.0781610012054443,0.14704269170761108,116.5
452,-0.00510048633441329,0.35885563492774963,-0.1096048429608345,1.1432279348373413,0.12775567173957825,1.077454686164856,0.15113353729248047,0.7250000238418579,0.014490639790892601,0.015531555749475956,-0.00030131766106933355,0.008245146833360195,0.020243067294359207,0.005368932615965605,-0.0565655417740345,-0.0,0.42682012915611267,0.0192719753831625,-0.06995508074760437,-0.3010692000389099,-0.9534782767295837,-0.015378767624497414,-0.9516898989677429,0.30144721269607544,-0.05844581872224808,0.04401561617851257,0.0663413256406784,-0.17616698145866394,0.04404756426811218,0.054964810609817505,0.04055435210466385,-0.20837143063545227,-0.8382373452186584,-0.0037800180725753307,0.3608458638191223,-0.10966227203607559,1.1445493698120117,0.12940461933612823,1.0786713361740112,0.14488239586353302,116.5
453,-0.00455592293292284,0.3596111238002777,-0.10960676521062851,1.143665075302124,0.12846705317497253,1.0778496265411377,0.14865808188915253,0.7250000238418579,0.012627949006855488,0.0165998637676239,-5.478502862388268e-05,0.009477810002863407,0.016764217987656593,0.007806866429746151,-0.055908121168613434,-0.0,0.42682012915611267,0.0192719753831625,-0.06995508074760437,-0.3010692000389099,-0.9534782767295837,-0.015378767624497414,-0.9516898989677429,0.30144721269607544,-0.05844581872224808,0.038739025592803955,0.06850245594978333,-0.18147465586662292,0.049591511487960815,0.04590296745300293,0.04914326220750809,-0.20428147912025452,-0.840144693851471,-0.003393753431737423,0.361666202545166,-0.10966227203607559,1.1451528072357178,0.12984414398670197,1.0793238878250122,0.14252963662147522,116.5
454,-0.004147500731050968,0.360322505235672,-0.10960676521062851,1.144131064414978,0.1289675235748291,1.0783079862594604,0.14651434123516083,0.7250000238418579,0.01084743533283472,0.01739424653351307,3.9650823253390577e-17,0.010902220383286476,0.013668864965438843,0.010491332970559597,-0.053935859352350235,-0.0,0.42682012915611267,0.0192719753831625,-0.06995508074760437,-0.3010692000389099,-0.9534782767295837,-0.015378767624497414,-0.9516898989677429,0.30144721269607544,-0.05844581872224808,0.034308061003685,0.0708131343126297,-0.18631240725517273,0.05508032441139221,0.038114458322525024,0.0582737997174263,-0.20037364959716797,-0.8425310850143433,-0.0031182589009404182,0.3624469041824341,-0.10966227203607559,1.1457834243774414,0.1301109492778778,1.0800561904907227,0.1405031383037567,116.5
455,-0.0037774275988340378,0.36100319027900696,-0.10960676521062851,1.1446411609649658,0.12941811978816986,1.0788352489471436,0.14438210427761078,0.7260000109672546,0.009587380103766918,0.01736685447394848,3.9650823253390577e-17,0.01235402375459671,0.011723996140062809,0.012518378905951977,-0.05349757894873619,-0.0,0.42682012915611267,0.0192719753831625,-0.06995508074760437,-0.3010692000389099,-0.9534782767295837,-0.015378767624497414,-0.9516898989677429,0.30144721269607544,-0.05844581872224808,0.03071679174900055,0.072773776948452,-0.19019651412963867,0.05902543663978577,0.032535284757614136,0.0642477348446846,-0.19820134341716766,-0.8447743654251099,-0.002855924889445305,0.36318641901016235,-0.10966227203607559,1.1464118957519531,0.13039417564868927,1.0807626247406006,0.13843606412410736,116.5
456,-0.003438034327700734,0.3617261052131653,-0.10960676521062851,1.14521062374115,0.12977860867977142,1.079458475112915,0.14228247106075287,0.7250000238418579,0.00879299733787775,0.0175859946757555,3.9650823253390577e-17,0.013696257025003433,0.009916090406477451,0.014654994942247868,-0.052785374224185944,-0.0,0.42682012915611267,0.0192719753831625,-0.06995508074760437,-0.3010692000389099,-0.9534782767295837,-0.015378767624497414,-0.9516898989677429,0.30144721269607544,-0.05844581872224808,0.028140679001808167,0.07406727969646454,-0.19330930709838867,0.0624176561832428,0.02800789661705494,0.07147229462862015,-0.19576171040534973,-0.8465472459793091,-0.002593814628198743,0.36394813656806946,-0.10966227203607559,1.1470831632614136,0.1306188404560089,1.081602692604065,0.13640962541103363,116.5
457,-0.003140825778245926,0.36247965693473816,-0.10960676521062851,1.145810842514038,0.13006815314292908,1.0801564455032349,0.14021927118301392,0.7260000109672546,0.007861651480197906,0.01854473166167736,3.9650823253390577e-17,0.014737172983586788,0.007916436530649662,0.016764217987656593,-0.051936205476522446,-0.0,0.42682012915611267,0.0192719753831625,-0.06995508074760437,-0.3010692000389099,-0.9534782767295837,-0.015378767624497414,-0.9516898989677429,0.30144721269607544,-0.05844581872224808,0.024532660841941833,0.07565823197364807,-0.19760319590568542,0.06744340062141418,0.02277025766670704,0.0777442529797554,-0.19355161488056183,-0.8478859663009644,-0.0024048462510108948,0.36474940180778503,-0.10966227203607559,1.1478341817855835,0.13075126707553864,1.082488775253296,0.1344127207994461,116.5
458,-0.0028800489380955696,0.3632332384586334,-0.10960676521062851,1.1464799642562866,0.1303270012140274,1.080904245376587,0.1381886601448059,0.7250000238418579,0.006848128512501717,0.018873441964387894,3.9650823253390577e-17,0.016024621203541756,0.006711165886372328,0.018243415281176567,-0.05105964466929436,-0.0,0.42682012915611267,0.0192719753831625,-0.06995508074760437,-0.3010692000389099,-0.9534782767295837,-0.015378767624497414,-0.9516898989677429,0.30144721269607544,-0.05844581872224808,0.02207036316394806,0.07673485577106476,-0.20018795132637024,0.07027214765548706,0.020050527527928352,0.08278454095125198,-0.19162577390670776,-0.8495981097221375,-0.0022179363295435905,0.36553528904914856,-0.10966227203607559,1.1485881805419922,0.13092851638793945,1.0833877325057983,0.13243988156318665,116.5
459,-0.0026537866797298193,0.3639887273311615,-0.10960676521062851,1.1472066640853882,0.13054177165031433,1.0817267894744873,0.13612928986549377,0.7250000238418579,0.006026353221386671,0.018873441964387894,3.9650823253390577e-17,0.017668170854449272,0.005807213019579649,0.019832180812954903,-0.05111443251371384,-0.0,0.42682012915611267,0.0192719753831625,-0.06995508074760437,-0.3010692000389099,-0.9534782767295837,-0.015378767624497414,-0.9516898989677429,0.30144721269607544,-0.05844581872224808,0.020039156079292297,0.07853256911039352,-0.20271429419517517,0.0729740560054779,0.01813999004662037,0.0876469686627388,-0.19046884775161743,-0.8515712022781372,-0.002052610507234931,0.366344690322876,-0.10966227203607559,1.1493959426879883,0.13108596205711365,1.0843561887741089,0.13041523098945618,116.5
460,-0.002433276968076825,0.364753782749176,-0.10960676521062851,1.1479238271713257,0.13073734939098358,1.0826222896575928,0.1341562122106552,0.7250000238418579,0.005533287767320871,0.018983012065291405,3.9650823253390577e-17,0.018051667138934135,0.005040222778916359,0.02172226458787918,-0.05029265582561493,-0.0,0.42682012915611267,0.0192719753831625,-0.06995508074760437,-0.3010692000389099,-0.9534782767295837,-0.015378767624497414,-0.9516898989677429,0.30144721269607544,-0.05844581872224808,0.018135935068130493,0.0784769058227539,-0.2050744593143463,0.07603707909584045,0.015078218653798103,0.09266329556703568,-0.18910440802574158,-0.8525596857070923,-0.0018892001826316118,0.3671080768108368,-0.10966227203607559,1.1502048969268799,0.13118968904018402,1.0854021310806274,0.12848308682441711,116.5
461,-0.00222235475666821,0.36575087904930115,-0.10960676521062851,1.1488615274429321,0.13092142343521118,1.0837574005126953,0.13169224560260773,0.7250000238418579,0.004547157324850559,0.019750002771615982,3.9650823253390577e-17,0.01857212372124195,0.0039719147607684135,0.02268100157380104,-0.04916956275701523,-0.0,0.42682012915611267,0.0192719753831625,-0.06995508074760437,-0.3010692000389099,-0.9534782767295837,-0.015378767624497414,-0.9516898989677429,0.30144721269607544,-0.05844581872224808,0.014833524823188782,0.07821492850780487,-0.2078152596950531,0.07913979887962341,0.012163342908024788,0.09452462941408157,-0.18759368360042572,-0.8534870147705078,-0.0017773483414202929,0.36809733510017395,-0.10966227203607559,1.1512356996536255,0.13128632307052612,1.0865931510925293,0.12606443464756012,116.5
462,-0.0020516992080956697,0.3664948642253876,-0.10960676521062851,1.1495709419250488,0.13105373084545135,1.0846567153930664,0.1298859864473343,0.7250000238418579,0.004191054496914148,0.019256938248872757,3.9650823253390577e-17,0.018243415281176567,0.003369279205799103,0.02257143147289753,-0.04695076867938042,-0.0,0.42682012915611267,0.0192719753831625,-0.06995508074760437,-0.3010692000389099,-0.9534782767295837,-0.015378767624497414,-0.9516898989677429,0.30144721269607544,-0.05844581872224808,0.012419596314430237,0.07588738203048706,-0.20850777626037598,0.07940509915351868,0.008856983855366707,0.0914309099316597,-0.18676185607910156,-0.8540358543395996,-0.0016791124362498522,0.368771493434906,-0.10966227203607559,1.151953101158142,0.13131943345069885,1.0873996019363403,0.12428313493728638,116.5
463,-0.001898301183246076,0.3673347234725952,-0.10960676521062851,1.1503974199295044,0.13113810122013092,1.0856518745422363,0.12789373099803925,0.7250000238418579,0.004026699345558882,0.019914356991648674,3.9650823253390577e-17,0.019366508349776268,0.002602288732305169,0.023886272683739662,-0.04760818928480148,-0.0,0.42682012915611267,0.0192719753831625,-0.06995508074760437,-0.3010692000389099,-0.9534782767295837,-0.015378767624497414,-0.9516898989677429,0.30144721269607544,-0.05844581872224808,0.010750547051429749,0.07685092091560364,-0.21082794666290283,0.08212488889694214,0.007666708901524544,0.095135398209095,-0.18609602749347687,-0.8548429608345032,-0.0015757860383018851,0.3696402609348297,-0.10966227203607559,1.1528611183166504,0.13136810064315796,1.0885059833526611,0.12231084704399109,116.5
464,-0.001790922600775957,0.3681323826313019,-0.10960676521062851,1.1511720418930054,0.13121096789836884,1.0865684747695923,0.12595324218273163,0.7250000238418579,0.0031227467115968466,0.02048960141837597,3.9650823253390577e-17,0.020051321014761925,0.0018900834256783128,0.023831486701965332,-0.04922434687614441,-0.0,0.42682012915611267,0.0192719753831625,-0.06995508074760437,-0.3010692000389099,-0.9534782767295837,-0.015378767624497414,-0.9516898989677429,0.30144721269607544,-0.05844581872224808,0.008586898446083069,0.07705859839916229,-0.21203503012657166,0.08303731679916382,0.0075415391474962234,0.09424508363008499,-0.1858903169631958,-0.8555041551589966,-0.0015333169139921665,0.3704441487789154,-0.10966227203607559,1.153663158416748,0.13143721222877502,1.0893958806991577,0.12037653475999832,116.5
465,-0.0017008011927828193,0.36893004179000854,-0.10960676521062851,1.1520253419876099,0.13128191232681274,1.0875885486602783,0.12396866083145142,0.7250000238418579,0.002355756238102913,0.019886964932084084,3.9650823253390577e-17,0.020380031317472458,0.0018079059664160013,0.024324553087353706,-0.04922434687614441,-0.0,0.42682012915611267,0.0192719753831625,-0.06995508074760437,-0.3010692000389099,-0.9534782767295837,-0.015378767624497414,-0.9516898989677429,0.30144721269607544,-0.05844581872224808,0.007315024733543396,0.07638189196586609,-0.2123810052871704,0.08322122693061829,0.007064314559102058,0.09409517794847488,-0.18570420145988464,-0.8566920757293701,-0.0014813499292358756,0.37122151255607605,-0.10966227203607559,1.1545219421386719,0.13149383664131165,1.0904114246368408,0.1183975338935852,116.5
466,-0.00162218464538455,0.3697008788585663,-0.10960676521062851,1.1528939008712769,0.13135285675525665,1.0885683298110962,0.122074194252491,0.7250000238418579,0.002109223511070013,0.01955825462937355,3.9650823253390577e-17,0.02172226458787918,0.0017531209159642458,0.025009365752339363,-0.04834778606891632,-0.0,0.42682012915611267,0.0192719753831625,-0.06995508074760437,-0.3010692000389099,-0.9534782767295837,-0.015378767624497414,-0.9516898989677429,0.30144721269607544,-0.05844581872224808,0.006161972880363464,0.07714824378490448,-0.21353945136070251,0.08417078852653503,0.006806107237935066,0.09523428231477737,-0.18542182445526123,-0.85820472240448,-0.0014373264275491238,0.3720153272151947,-0.10966227203607559,1.1554189920425415,0.13155704736709595,1.0914252996444702,0.11651153862476349,116.5
467,-0.0015550730749964714,0.37047743797302246,-0.10960676521062851,1.1537625789642334,0.13141612708568573,1.0895596742630005,0.12010877579450607,0.7250000238418579,0.0017805134411901236,0.01933911442756653,3.9650823253390577e-17,0.02169487066566944,0.0016709433402866125,0.02459847740828991,-0.04829300194978714,-0.0,0.32162144780158997,-0.1583416759967804,-0.07949605584144592,0.1284850686788559,-0.9916504621505737,0.010997646488249302,-0.9899228811264038,-0.12891118228435516,-0.058605339378118515,-1.6915888786315918,-0.16618919372558594,-1.6909384727478027,-0.28809475898742676,-1.4571322202682495,1.0912078619003296,0.43491819500923157,-0.7761259078979492,-0.03155507147312164,0.36549174785614014,-0.10966227203607559,1.1451197862625122,0.10141612589359283,1.119559645652771,0.13315631449222565,116.5
468,-0.0017698303563520312,0.37110447883605957,-0.10960676521062851,1.1543415784835815,0.13092142343521118,1.0911320447921753,0.11896596103906631,0.7260000109672546,-0.002355756238102913,0.017257284373044968,3.9650823253390577e-17,0.01755860075354576,-0.006382455583661795,0.03309015557169914,-0.037500351667404175,-0.0,0.32388240098953247,-0.16003574430942535,-0.07891841232776642,0.12590941786766052,-0.991978645324707,0.011186545714735985,-0.9902644157409668,-0.126350536942482,-0.05841108411550522,-1.6954759359359741,-0.17324668169021606,-1.6967909336090088,-0.2774505615234375,-1.459424614906311,1.0866576433181763,0.43376341462135315,-0.7686569094657898,-0.031769830733537674,0.36590707302093506,-0.10966227203607559,1.1460180282592773,0.10092142224311829,1.1211320161819458,0.1319788694381714,116.5
469,-0.007359272800385952,0.3693538010120392,-0.10945528000593185,1.1509151458740234,0.12463018298149109,1.0974290370941162,0.12482768297195435,0.7250000238418579,-0.08310888707637787,-0.018846049904823303,0.0021640085615217686,-0.043800629675388336,-0.09713385254144669,0.10888524353504181,0.07442545890808105,-0.0,0.3261008560657501,-0.1610526293516159,-0.07866260409355164,0.11884725838899612,-0.9928503036499023,0.01111720409244299,-0.9910566210746765,-0.1193019300699234,-0.05978098884224892,-1.7840181589126587,-0.22599384188652039,-1.7821292877197266,-0.3383907973766327,-1.5518347024917603,1.144903540611267,0.49955251812934875,-0.7068079710006714,-0.037359271198511124,0.3625739812850952,-0.10966227203607559,1.1407634019851685,0.0946301817893982,1.1274290084838867,0.13981425762176514,116.5
470,-0.013174977153539658,0.3677891492843628,-0.1096968799829483,1.147973656654358,0.11931877583265305,1.1027500629425049,0.1291285902261734,0.7250000238418579,-0.15022054314613342,-0.044814154505729675,-0.0012874481035396457,-0.08404023200273514,-0.14909745752811432,0.14789217710494995,0.13041575253009796,-0.0,0.3290307819843292,-0.16122189164161682,-0.07847294211387634,0.10487183183431625,-0.994438886642456,0.00965417455881834,-0.9926618933677673,-0.10526222735643387,-0.05951600894331932,-1.8320279121398926,-0.25518783926963806,-1.8018062114715576,-0.36237767338752747,-1.5961793661117554,1.133133053779602,0.5340535640716553,-0.6919461488723755,-0.043174974620342255,0.3601335287094116,-0.10966227203607559,1.1371023654937744,0.08931877464056015,1.1327500343322754,0.14515019953250885,116.5
471,-0.01862252689898014,0.3651334345340729,-0.10985027998685837,1.1443419456481934,0.1138213723897934,1.108274221420288,0.13471418619155884,0.7250000238418579,-0.13972921669483185,-0.05360715091228485,-0.005725035443902016,-0.08113662898540497,-0.13375765085220337,0.1342233121395111,0.12408808618783951,-0.0,0.3388814330101013,-0.15943628549575806,-0.07751064747571945,0.05047117918729782,-0.9986873269081116,0.008729632943868637,-0.9968312382698059,-0.05091162025928497,-0.06111828610301018,-1.7741568088531494,-0.25171998143196106,-1.6866739988327026,-0.2636096179485321,-1.5463453531265259,1.0011653900146484,0.5076238512992859,-0.7093649506568909,-0.04862252622842789,0.35758182406425476,-0.10966227203607559,1.1364336013793945,0.0838213711977005,1.1382741928100586,0.14994290471076965,116.5
472,-0.02372109517455101,0.36240488290786743,-0.10967770963907242,1.1406776905059814,0.10827986896038055,1.113787055015564,0.14020776748657227,0.7260000109672546,-0.1300048679113388,-0.06908392161130905,0.0017805134411901236,-0.0925866961479187,-0.1384965479373932,0.1384417712688446,0.1401127129793167,-0.0,0.34481436014175415,-0.15895502269268036,-0.07706314325332642,0.02329615131020546,-0.999686062335968,0.009223266504704952,-0.9979087710380554,-0.0238091628998518,-0.060093048959970474,-1.7131472826004028,-0.27329474687576294,-1.6009349822998047,-0.23019281029701233,-1.5310041904449463,0.9255069494247437,0.5102953910827637,-0.704878032207489,-0.05372109264135361,0.35420602560043335,-0.10966227203607559,1.1337718963623047,0.07827986776828766,1.141552209854126,0.1555166244506836,116.5
473,-0.029398741200566292,0.35996776819229126,-0.10966045409440994,1.1381371021270752,0.10281122475862503,1.1193151473999023,0.14550383388996124,0.7250000238418579,-0.13630515336990356,-0.06357802450656891,0.0019448684761300683,-0.07519245147705078,-0.13737346231937408,0.13797609508037567,0.13433289527893066,-0.0,0.35153523087501526,-0.15971507132053375,-0.07642198354005814,-0.0043754237703979015,-0.9999664425849915,0.006925743073225021,-0.9981446862220764,0.003946637734770775,-0.06075889617204666,-1.68374502658844,-0.23498615622520447,-1.5132166147232056,-0.12511596083641052,-1.4762898683547974,0.8346010446548462,0.4927443563938141,-0.717314600944519,-0.05939874053001404,0.35291817784309387,-0.10966227203607559,1.1343836784362793,0.07281122356653214,1.1443531513214111,0.16028615832328796,116.5
474,-0.03486546501517296,0.3569803535938263,-0.10967003554105759,1.136023998260498,0.09726780652999878,1.124818205833435,0.15084208548069,0.7250000238418579,-0.13964703679084778,-0.06861824542284012,-0.00010957005724776536,-0.055990297347307205,-0.13764739036560059,0.13778434693813324,0.13288109004497528,-0.0,0.3564777374267578,-0.1608181893825531,-0.07667627185583115,-0.03327381983399391,-0.9994352459907532,0.004696490243077278,-0.9976023435592651,0.03292675316333771,-0.06087206304073334,-1.6705788373947144,-0.20003297924995422,-1.4604660272598267,-0.052213430404663086,-1.433883786201477,0.7577870488166809,0.4705186188220978,-0.7324154376983643,-0.06486546248197556,0.35097935795783997,-0.10966227203607559,1.1344575881958008,0.06726780533790588,1.1475517749786377,0.16495764255523682,116.5
475,-0.04008867219090462,0.3547234833240509,-0.10963552445173264,1.1351438760757446,0.09183751046657562,1.130313754081726,0.15592339634895325,0.7250000238418579,-0.13241541385650635,-0.06486546993255615,0.00046567272511310875,-0.03484327718615532,-0.13696257770061493,0.13742823898792267,0.1297309398651123,-0.0,0.3608352243900299,-0.1627834141254425,-0.07717576622962952,-0.05430695414543152,-0.9985231757164001,0.0014826314290985465,-0.9967552423477173,0.05412233993411064,-0.059579234570264816,-1.645466685295105,-0.1620771884918213,-1.4070900678634644,0.01681104116141796,-1.3941789865493774,0.7000714540481567,0.44836029410362244,-0.7450916767120361,-0.07008866965770721,0.34986117482185364,-0.10966227203607559,1.135648250579834,0.06183750927448273,1.1513159275054932,0.16937421262264252,116.5
476,-0.04558415710926056,0.3527810573577881,-0.10959909111261368,1.1347277164459229,0.0863228514790535,1.135862946510315,0.16078035533428192,0.7250000238418579,-0.1344972401857376,-0.05053918808698654,0.0009313454502262175,-0.01388800423592329,-0.13671603798866272,0.13803087174892426,0.12348545342683792,-0.0,0.36990755796432495,-0.16741572320461273,-0.07642750442028046,-0.07670098543167114,-0.9970525503158569,-0.001777798868715763,-0.9952901601791382,0.07667118310928345,-0.05932104215025902,-1.6166865825653076,-0.10379204154014587,-1.3357831239700317,0.1462005376815796,-1.3420366048812866,0.5857078433036804,0.4151603877544403,-0.7564737796783447,-0.07558415830135345,0.3496673107147217,-0.10966227203607559,1.1391137838363647,0.0563228502869606,1.153434157371521,0.17323516309261322,116.5
477,-0.05174309015274048,0.3509690463542938,-0.10959909111261368,1.1350805759429932,0.08008913695812225,1.1419930458068848,0.16593262553215027,0.7250000238418579,-0.13740085065364838,-0.04328017309308052,0.0001917476038215682,0.0022735786624252796,-0.1384965479373932,0.13712692260742188,0.11685646325349808,-0.0,0.3729807734489441,-0.16918399930000305,-0.07587071508169174,-0.07522416114807129,-0.9971657395362854,-0.0013298162957653403,-0.995434582233429,0.07517199963331223,-0.058814968913793564,-1.5998188257217407,-0.06041842699050903,-1.2931797504425049,0.19779273867607117,-1.3110839128494263,0.5206067562103271,0.3981536328792572,-0.7646387815475464,-0.08174309134483337,0.3491564989089966,-0.10966227203607559,1.1410143375396729,0.05008913576602936,1.1576112508773804,0.17787723243236542,116.5
478,-0.056901101022958755,0.35028836131095886,-0.10959909111261368,1.1369233131408691,0.07483525574207306,1.147208571434021,0.16996507346630096,0.7250000238418579,-0.13216887414455414,-0.025940710678696632,3.9650823253390577e-17,0.031337037682533264,-0.13405896723270416,0.13266193866729736,0.10652948915958405,-0.0,0.3734370172023773,-0.16980403661727905,-0.07645812630653381,-0.07833066582679749,-0.9969255328178406,-0.00195313710719347,-0.9951398968696594,0.07830733060836792,-0.059703730046749115,-1.5844460725784302,0.000363767147064209,-1.2605993747711182,0.2400171160697937,-1.281227707862854,0.510864794254303,0.38055863976478577,-0.7821110486984253,-0.08690109848976135,0.35029926896095276,-0.10966227203607559,1.1441237926483154,0.044835254549980164,1.162534475326538,0.18138183653354645,116.5
479,-0.06235631927847862,0.34973418712615967,-0.10959909111261368,1.1390881538391113,0.0692208856344223,1.1527425050735474,0.17418159544467926,0.7250000238418579,-0.1328262984752655,-0.014216714538633823,3.9650823253390577e-17,0.05245666578412056,-0.13641472160816193,0.13466159999370575,0.10310542583465576,-0.0,0.3751991391181946,-0.17047157883644104,-0.0760195404291153,-0.07693058997392654,-0.997035801410675,-0.0011369967833161354,-0.9952492713928223,0.07686088979244232,-0.05975985527038574,-1.5681946277618408,0.05592474341392517,-1.227469563484192,0.2864713668823242,-1.2579022645950317,0.4889705777168274,0.36706697940826416,-0.7929075360298157,-0.09235631674528122,0.35141193866729736,-0.10966227203607559,1.1476823091506958,0.03922088444232941,1.1674115657806396,0.18519359827041626,116.5
480,-0.0677923634648323,0.34972652792930603,-0.10959909111261368,1.141709327697754,0.06378675252199173,1.1580500602722168,0.17809133231639862,0.7250000238418579,-0.136743426322937,-0.00591678312048316,3.9650823253390577e-17,0.06067441776394844,-0.13808566331863403,0.13531902432441711,0.10107837617397308,-0.0,0.37683939933776855,-0.1713145226240158,-0.07557916641235352,-0.07809265702962875,-0.9969451427459717,-0.0013728609774261713,-0.9951938390731812,0.07803693413734436,-0.0591556616127491,-1.552558183670044,0.09064176678657532,-1.1959834098815918,0.31416603922843933,-1.2407701015472412,0.45513197779655457,0.3608833849430084,-0.7941213250160217,-0.0977923646569252,0.3524457812309265,-0.10966227203607559,1.1511342525482178,0.033786751329898834,1.1717040538787842,0.1889178305864334,116.5
481,-0.07312870025634766,0.3502250611782074,-0.10959909111261368,1.1448520421981812,0.05825100466609001,1.163077712059021,0.18191862106323242,0.7250000238418579,-0.13444246351718903,0.00745076360180974,3.9650823253390577e-17,0.07354889810085297,-0.13712692260742188,0.12816956639289856,0.09617511928081512,-0.0,0.3770199418067932,-0.17111146450042725,-0.07579270005226135,-0.08425538241863251,-0.9964372515678406,-0.0037113360594958067,-0.994645893573761,0.08432640880346298,-0.05973720923066139,-1.5321948528289795,0.12769213318824768,-1.1618210077285767,0.3274044394493103,-1.2240058183670044,0.42386704683303833,0.3539283275604248,-0.7978696227073669,-0.10312870144844055,0.35405582189559937,-0.10966227203607559,1.1546741724014282,0.028251005336642265,1.1757937669754028,0.19253647327423096,116.5
482,-0.07851297408342361,0.3511301279067993,-0.10959909111261368,1.1482325792312622,0.052772775292396545,1.1677390336990356,0.18570370972156525,0.7250000238418579,-0.1339493989944458,0.019119974225759506,3.9650823253390577e-17,0.08267060667276382,-0.13764739036560059,0.11997921019792557,0.09491506218910217,-0.0,0.3775579631328583,-0.17070117592811584,-0.07581492513418198,-0.08895674347877502,-0.9960261583328247,-0.004311340861022472,-0.9942176938056946,0.08905495703220367,-0.06000291183590889,-1.5099908113479614,0.15872901678085327,-1.1253271102905273,0.3379147946834564,-1.2095246315002441,0.3801165223121643,0.34839776158332825,-0.798780083656311,-0.10851297527551651,0.35589200258255005,-0.10966227203607559,1.158370018005371,0.0227727759629488,1.1791424751281738,0.1961556375026703,116.5
483,-0.08462204784154892,0.35270437598228455,-0.10959909111261368,1.1520099639892578,0.04653139039874077,1.1725883483886719,0.1897956132888794,0.7250000238418579,-0.13570252060890198,0.031172681599855423,3.9650823253390577e-17,0.08420459181070328,-0.13794870674610138,0.11028226464986801,0.09228537976741791,-0.0,0.37837478518486023,-0.17066624760627747,-0.07553258538246155,-0.09096723049879074,-0.9958509206771851,-0.002436226001009345,-0.9939681887626648,0.09094518423080444,-0.06128823384642601,-1.4841945171356201,0.18025213479995728,-1.0840914249420166,0.34517571330070496,-1.1953928470611572,0.3190590739250183,0.34501948952674866,-0.7925939559936523,-0.10966227203607559,0.3581119477748871,-0.10966227203607559,1.162365198135376,0.016531391069293022,1.1821601390838623,0.20014619827270508,116.5
484,-0.08972062170505524,0.3543495535850525,-0.10959909111261368,1.1554230451583862,0.041335031390190125,1.176141381263733,0.19324706494808197,0.7250000238418579,-0.13068968057632446,0.03917129337787628,3.9650823253390577e-17,0.0846976563334465,-0.13359329104423523,0.09633947163820267,0.08825868368148804,-0.0,0.3787456750869751,-0.17080681025981903,-0.0753159448504448,-0.09129270911216736,-0.9958202242851257,-0.0027765713166445494,-0.9939092993736267,0.09128963947296143,-0.06172920763492584,-1.4578700065612793,0.18777897953987122,-1.048050880432129,0.33634230494499207,-1.1839689016342163,0.2528669238090515,0.34126046299934387,-0.7845258712768555,-0.10966227203607559,0.3599829077720642,-0.10966227203607559,1.165513277053833,0.011335032060742378,1.1837273836135864,0.20348487794399261,116.5
485,-0.0951758399605751,0.3562842905521393,-0.10959909111261368,1.1590336561203003,0.0357283316552639,1.179307222366333,0.19694779813289642,0.7250000238418579,-0.13205930590629578,0.04547157511115074,3.9650823253390577e-17,0.08834085613489151,-0.13542859256267548,0.08250625431537628,0.0894913449883461,-0.0,0.378706157207489,-0.17095959186553955,-0.07522107660770416,-0.09154050052165985,-0.9957981109619141,-0.0025387753266841173,-0.993910014629364,0.09152340143918991,-0.06137046217918396,-1.4427915811538696,0.20009073615074158,-1.0209327936172485,0.3280850350856781,-1.1743756532669067,0.19554324448108673,0.3375571668148041,-0.7849948406219482,-0.10966227203607559,0.3622870147228241,-0.10966227203607559,1.1688761711120605,0.0057283323258161545,1.185173511505127,0.20707450807094574,116.5
486,-0.10057928413152695,0.35825738310813904,-0.10959909111261368,1.162502408027649,0.03027694672346115,1.1816867589950562,0.20047403872013092,0.7260000109672546,-0.13611340522766113,0.04922434687614441,3.9650823253390577e-17,0.08842303603887558,-0.13852393627166748,0.06744036823511124,0.09039529412984848,-0.0,0.3787301480770111,-0.17107543349266052,-0.07519850879907608,-0.09090504795312881,-0.9958572387695312,-0.0021606776863336563,-0.9939578771591187,0.09086526185274124,-0.061572544276714325,-1.430806279182434,0.20578107237815857,-0.9954944849014282,0.31353574991226196,-1.1650933027267456,0.13407136499881744,0.33416473865509033,-0.7871416211128235,-0.10966227203607559,0.36443081498146057,-0.10966227203607559,1.1719084978103638,0.00027694739401340485,1.1857088804244995,0.21049897372722626,116.5
487,-0.10531545430421829,0.36035892367362976,-0.10959909111261368,1.1658521890640259,0.024768037721514702,1.1835333108901978,0.204042449593544,0.7260000109672546,-0.12551249563694,0.05114182457327843,3.9650823253390577e-17,0.0846976563334465,-0.13682560622692108,0.050922684371471405,0.08858738839626312,-0.0,0.3791460692882538,-0.17112953960895538,-0.07497945427894592,-0.09114577621221542,-0.9958354234695435,-0.0020468130242079496,-0.9939075112342834,0.09109684079885483,-0.06204170733690262,-1.4000110626220703,0.1954168677330017,-0.9587196111679077,0.2917267382144928,-1.1618388891220093,0.064692921936512,0.3292822241783142,-0.7806219458580017,-0.10966227203607559,0.36622142791748047,-0.10966227203607559,1.1746039390563965,-0.005231961607933044,1.185474157333374,0.21392092108726501,116.5
488,-0.10793472081422806,0.36250075697898865,-0.1096259355545044,1.1690045595169067,0.019186263903975487,1.18470299243927,0.20752842724323273,0.7260000109672546,-0.08719037473201752,0.05333322659134865,-0.0003834952076431364,0.08080791682004929,-0.1390444040298462,0.03591158613562584,0.08792997151613235,-0.0,0.37916210293769836,-0.17099878191947937,-0.0750093162059784,-0.09126445651054382,-0.9958256483078003,-0.0014425537083297968,-0.9938982129096985,0.09117773175239563,-0.062072232365608215,-1.3455815315246582,0.16343620419502258,-0.9136916995048523,0.26053106784820557,-1.1825729608535767,0.010288367047905922,0.32615748047828674,-0.7605373859405518,-0.10966227203607559,0.3674038350582123,-0.10966227203607559,1.1768205165863037,-0.01081373542547226,1.185011625289917,0.21731315553188324,116.5
489,-0.10892222076654434,0.36443355679512024,-0.1096278578042984,1.1719459295272827,0.013698448427021503,1.1851420402526855,0.21097412705421448,0.7250000238418579,-0.039527397602796555,0.05042961984872818,-0.0004108877037651837,0.07549376785755157,-0.1382226198911667,0.018024275079369545,0.08653295040130615,-0.0,0.37831753492355347,-0.17072224617004395,-0.07555094361305237,-0.0893530622124672,-0.9959984421730042,-0.0017696141730993986,-0.9941082000732422,0.08929266035556793,-0.0614469014108181,-1.284589171409607,0.10979366302490234,-0.8718861937522888,0.2039724886417389,-1.2098129987716675,-0.03697030991315842,0.3258102238178253,-0.7399306297302246,-0.10966227203607559,0.3677273690700531,-0.10966227203607559,1.1780650615692139,-0.016301549971103668,1.184032917022705,0.2207484394311905,116.5
490,-0.10926736891269684,0.3659694790840149,-0.1096029281616211,1.1745364665985107,0.008151190355420113,1.185163140296936,0.21434888243675232,0.7250000238418579,-0.01388800423592329,0.04232143238186836,0.0003561026824172586,0.06831692904233932,-0.1379213035106659,0.004245839547365904,0.08513593673706055,-0.0,0.3790976107120514,-0.17108595371246338,-0.07505135238170624,-0.0907142385840416,-0.9958757162094116,-0.0015814814250916243,-0.9939128160476685,0.09063490480184555,-0.06263057887554169,-1.2449910640716553,0.06976649165153503,-0.8434194326400757,0.17040970921516418,-1.2253296375274658,-0.08820050209760666,0.3230020999908447,-0.7321386933326721,-0.10966227203607559,0.36806246638298035,-0.10966227203607559,1.179648756980896,-0.021848808974027634,1.182517170906067,0.22403894364833832,116.5
491,-0.10947637259960175,0.3669818937778473,-0.1096029281616211,1.176444411277771,0.0026863839011639357,1.1847182512283325,0.21779267489910126,0.7250000238418579,-0.006327670533210039,0.030487868934869766,0.0002465326397214085,0.05451110377907753,-0.13751041889190674,-0.006355063058435917,0.08519072085618973,-0.0,0.37837767601013184,-0.17108012735843658,-0.07540187984704971,-0.09091361612081528,-0.9958581924438477,-0.0010990169830620289,-0.9939173460006714,0.09080520272254944,-0.06231127679347992,-1.2305704355239868,0.024417996406555176,-0.830179750919342,0.11058065295219421,-1.228752851486206,-0.11879222840070724,0.32480135560035706,-0.7332354784011841,-0.10966227203607559,0.36771443486213684,-0.10966227203607559,1.1797618865966797,-0.02731361612677574,1.181154489517212,0.22753670811653137,116.5
492,-0.10953965038061142,0.3676280975341797,-0.10959909111261368,1.1780396699905396,-0.0028206072747707367,1.1836215257644653,0.22113867104053497,0.7250000238418579,-0.0030131766106933355,0.01947607658803463,5.478502862388268e-05,0.04237622022628784,-0.1370173543691635,-0.021393554285168648,0.0847250446677208,-0.0,0.37853774428367615,-0.17114415764808655,-0.07527771592140198,-0.09009700268507004,-0.9959326982498169,-0.0007482788641937077,-0.9940029382705688,0.08996912837028503,-0.062158484011888504,-1.2182260751724243,-0.010862916707992554,-0.8166416883468628,0.06831681728363037,-1.2305490970611572,-0.16765569150447845,0.32243719696998596,-0.7391483187675476,-0.10966227203607559,0.36730220913887024,-0.10966227203607559,1.1800891160964966,-0.032820604741573334,1.1785918474197388,0.23081178963184357,116.5
493,-0.10956649482250214,0.3677622973918915,-0.10959909111261368,1.1790252923965454,-0.008308423683047295,1.182248592376709,0.22456711530685425,0.7250000238418579,-0.0008765604579821229,0.008354716934263706,5.478502862388268e-05,0.031035717576742172,-0.13751041889190674,-0.03193967044353485,0.08505375683307648,-0.0,0.3777942359447479,-0.17077206075191498,-0.07582369446754456,-0.09109721332788467,-0.9958415031433105,-0.0009619829943403602,-0.9938680529594421,0.09097739309072495,-0.06284414231777191,-1.2109371423721313,-0.04434877634048462,-0.8081657290458679,0.017364678904414177,-1.2304991483688354,-0.1950981467962265,0.3235352337360382,-0.7436097860336304,-0.10966227203607559,0.3664318323135376,-0.10966227203607559,1.1795462369918823,-0.03830842301249504,1.1763956546783447,0.23427316546440125,116.5
494,-0.10963552445173264,0.3677622973918915,-0.10959909111261368,1.1795181035995483,-0.013848011381924152,1.1803061962127686,0.2279648780822754,0.7250000238418579,-0.0012600556947290897,0.0009039529832080007,3.9650823253390577e-17,0.016682041808962822,-0.13778434693813324,-0.042814500629901886,0.08508114516735077,-0.0,0.37764450907707214,-0.1705314666032791,-0.07597605884075165,-0.09104805439710617,-0.9958462119102478,-0.0007516221376135945,-0.9938897490501404,0.09091642498970032,-0.06258866935968399,-1.2009811401367188,-0.07404541969299316,-0.7960991859436035,-0.0183353740721941,-1.2307461500167847,-0.22777049243450165,0.32450100779533386,-0.7442189455032349,-0.10966227203607559,0.36554092168807983,-0.10966227203607559,1.178968071937561,-0.04384801164269447,1.1734731197357178,0.23769991099834442,116.5
495,-0.10967003554105759,0.3674421012401581,-0.10959909111261368,1.1795852184295654,-0.019379930570721626,1.178196907043457,0.23136073350906372,0.7250000238418579,-0.001232663169503212,-0.004574549850076437,3.9650823253390577e-17,0.0057524279691278934,-0.13855133950710297,-0.05147053301334381,0.08516332507133484,-0.0,0.37818291783332825,-0.17063285410404205,-0.07558318972587585,-0.09008541703224182,-0.9959339499473572,0.0003867630730383098,-0.9939099550247192,0.08987757563591003,-0.06375781446695328,-1.1901910305023193,-0.09331148862838745,-0.7850367426872253,-0.0355972945690155,-1.2314921617507935,-0.2582249641418457,0.32309678196907043,-0.7438151836395264,-0.10966227203607559,0.36464276909828186,-0.10966227203607559,1.1785173416137695,-0.04937992990016937,1.170450210571289,0.24105364084243774,116.5
496,-0.10967579483985901,0.36656197905540466,-0.10959909111261368,1.1795008182525635,-0.025481337681412697,1.1753686666488647,0.23520910739898682,0.7260000109672546,-0.00032871015719138086,-0.016216367483139038,3.9650823253390577e-17,-0.0010683080181479454,-0.13635993003845215,-0.05949654057621956,0.08524550497531891,-0.0,0.3781276345252991,-0.17075537145137787,-0.07557227462530136,-0.09113475680351257,-0.9958381652832031,0.0009176540770567954,-0.9937422871589661,0.09088311344385147,-0.06493429839611053,-1.1862632036209106,-0.11149314045906067,-0.7819181084632874,-0.0670907199382782,-1.2273005247116089,-0.27954667806625366,0.3211410343647003,-0.7476235628128052,-0.10966227203607559,0.36321717500686646,-0.10966227203607559,1.177488088607788,-0.05548133701086044,1.1669822931289673,0.24484333395957947,116.5
497,-0.10967579483985901,0.36556103825569153,-0.10959909111261368,1.1791326999664307,-0.03073713928461075,1.1726784706115723,0.2384112924337387,0.7250000238418579,-2.739251431194134e-05,-0.02355756238102913,3.9650823253390577e-17,-0.006464633159339428,-0.13315501809120178,-0.06598856300115585,0.08212275803089142,-0.0,0.3783298432826996,-0.17094114422798157,-0.0753922387957573,-0.09052055329084396,-0.9958916902542114,0.0024001875426620245,-0.9938068985939026,0.09017456322908401,-0.06493393331766129,-1.181786060333252,-0.12231004238128662,-0.7788428068161011,-0.08689269423484802,-1.2220818996429443,-0.2962496280670166,0.3188386857509613,-0.7486381530761719,-0.10966227203607559,0.3618917465209961,-0.10966227203607559,1.1765259504318237,-0.060737140476703644,1.1637909412384033,0.24797645211219788,116.5
498,-0.10967579483985901,0.3645351827144623,-0.10959909111261368,1.1784385442733765,-0.035599857568740845,1.1700170040130615,0.24141789972782135,0.7250000238418579,-9.833403478626593e-16,-0.027200765907764435,3.9650823253390577e-17,-0.014764565043151379,-0.1350724846124649,-0.07168620824813843,0.08286235481500626,-0.0,0.377780020236969,-0.17081668972969055,-0.07572678476572037,-0.09013854712247849,-0.9959272742271423,0.0019572933670133352,-0.9938919544219971,0.08982834219932556,-0.064106784760952,-1.1792010068893433,-0.136964350938797,-0.7759531736373901,-0.11117953062057495,-1.222570776939392,-0.3072677254676819,0.32159921526908875,-0.7457953691482544,-0.10966227203607559,0.36042624711990356,-0.10966227203607559,1.1751031875610352,-0.06559985876083374,1.1607990264892578,0.2510658800601959,116.5
499,-0.10967579483985901,0.36300888657569885,-0.10959909111261368,1.177312970161438,-0.042144205421209335,1.1662778854370117,0.24534489214420319,0.7260000109672546,-9.833403478626593e-16,-0.032542306929826736,3.9650823253390577e-17,-0.02353017032146454,-0.14348198473453522,-0.08097226917743683,0.08710819482803345,-0.0,0.37814950942993164,-0.17079158127307892,-0.07554780691862106,-0.09204404801130295,-0.9957546591758728,-0.0006889387150295079,-0.9937127828598022,0.09189955145120621,-0.06394762545824051,-1.1752893924713135,-0.15090110898017883,-0.770835280418396,-0.126726895570755,-1.2286075353622437,-0.3349190354347229,0.3210715055465698,-0.745428204536438,-0.10966227203607559,0.35848185420036316,-0.10966227203607559,1.1735111474990845,-0.07214420288801193,1.1562303304672241,0.2549770474433899,116.5
500,-0.10967579483985901,0.36162254214286804,-0.10959909111261368,1.1761432886123657,-0.047275371849536896,1.1632272005081177,0.24851064383983612,0.7250000238418579,-9.833403478626593e-16,-0.03459674492478371,3.9650823253390577e-17,-0.02769383229315281,-0.13570252060890198,-0.0793561115860939,0.08225972205400467,-0.0,0.37846866250038147,-0.17089791595935822,-0.07538697868585587,-0.09378746896982193,-0.9955891370773315,-0.0024884012527763844,-0.9935709834098816,0.09375595301389694,-0.06345511227846146,-1.1685130596160889,-0.1514856219291687,-0.7643061876296997,-0.13705438375473022,-1.218209147453308,-0.3277747631072998,0.3202172517776489,-0.7390814423561096,-0.10966227203607559,0.3570779860019684,-0.10966227203607559,1.1720316410064697,-0.07727537304162979,1.1533939838409424,0.2581171691417694,116.5
501,-0.10967579483985901,0.36010006070137024,-0.10959909111261368,1.1747627258300781,-0.05295109748840332,1.1595667600631714,0.25190457701683044,0.7250000238418579,-9.833403478626593e-16,-0.036569006741046906,3.9650823253390577e-17,-0.032405342906713486,-0.1353464126586914,-0.0849989727139473,0.08225972205400467,-0.0,0.37814515829086304,-0.1708541065454483,-0.075542151927948,-0.0947646051645279,-0.9954937696456909,-0.0034399030264467,-0.9934695363044739,0.09479135274887085,-0.06350437551736832,-1.1662147045135498,-0.15697574615478516,-0.7610411643981934,-0.152424156665802,-1.2150282859802246,-0.33585840463638306,0.31996962428092957,-0.7366772294044495,-0.10966227203607559,0.3553907871246338,-0.10966227203607559,1.1701899766921997,-0.08295109868049622,1.1494909524917603,0.261503666639328,116.5
502,-0.10967579483985901,0.35848939418792725,-0.10959909111261368,1.1733629703521729,-0.05840248242020607,1.156163215637207,0.2552774250507355,0.7250000238418579,-9.833403478626593e-16,-0.039527397602796555,3.9650823253390577e-17,-0.03503502532839775,-0.13926354050636292,-0.08825868368148804,0.08483461290597916,-0.0,0.37814515829086304,-0.1708541065454483,-0.075542151927948,-0.0947646051645279,-0.9954937696456909,-0.0034399030264467,-0.9934695363044739,0.09479135274887085,-0.06350437551736832,-1.1657826900482178,-0.16071298718452454,-0.7593416571617126,-0.16329777240753174,-1.215579867362976,-0.3418493866920471,0.3200593888759613,-0.7354470491409302,-0.10966227203607559,0.3536680042743683,-0.10966227203607559,1.1684640645980835,-0.08840247988700867,1.1459077596664429,0.2648791968822479,116.5
503,-0.10967579483985901,0.3568671941757202,-0.10959909111261368,1.1716755628585815,-0.06388071179389954,1.1525928974151611,0.2586425840854645,0.7250000238418579,-9.833403478626593e-16,-0.040540922433137894,3.9650823253390577e-17,-0.03917129337787628,-0.1362503618001938,-0.08732733130455017,0.08390326797962189,-0.0,0.37814515829086304,-0.1708541065454483,-0.075542151927948,-0.0947646051645279,-0.9954937696456909,-0.0034399030264467,-0.9934695363044739,0.09479135274887085,-0.06350437551736832,-1.1606098413467407,-0.16273918747901917,-0.7536247968673706,-0.173486590385437,-1.209521770477295,-0.3353491425514221,0.3208642899990082,-0.72904372215271,-0.10966227203607559,0.35198500752449036,-0.10966227203607559,1.166471004486084,-0.09388071298599243,1.142532467842102,0.26826852560043335,116.5
504,-0.10967579483985901,0.35517024993896484,-0.10959909111261368,1.1699249744415283,-0.06943180412054062,1.148982286453247,0.261994332075119,0.7250000238418579,-9.833403478626593e-16,-0.041609227657318115,3.9650823253390577e-17,-0.04341713339090347,-0.1382226198911667,-0.08990222960710526,0.08420459181070328,-0.0,0.37814515829086304,-0.1708541065454483,-0.075542151927948,-0.0947646051645279,-0.9954937696456909,-0.0034399030264467,-0.9934695363044739,0.09479135274887085,-0.06350437551736832,-1.157453179359436,-0.16649803519248962,-0.7497304081916809,-0.18263119459152222,-1.2083439826965332,-0.33895671367645264,0.32124122977256775,-0.7246997356414795,-0.10966227203607559,0.35017532110214233,-0.10966227203607559,1.1644459962844849,-0.09943180531263351,1.1388136148452759,0.2716315686702728,116.5
505,-0.10967579483985901,0.3532642722129822,-0.10959909111261368,1.1678848266601562,-0.0755830705165863,1.1450687646865845,0.2657909393310547,0.7250000238418579,-9.833403478626593e-16,-0.042485788464546204,3.9650823253390577e-17,-0.044759366661310196,-0.13742823898792267,-0.08823128789663315,0.08401284366846085,-0.0,0.37814515829086304,-0.1708541065454483,-0.075542151927948,-0.0947646051645279,-0.9954937696456909,-0.0034399030264467,-0.9934695363044739,0.09479135274887085,-0.06350437551736832,-1.154461145401001,-0.16488438844680786,-0.7451428174972534,-0.1906537115573883,-1.2027937173843384,-0.329282283782959,0.3213878870010376,-0.719516932964325,-0.10966227203607559,0.3483177423477173,-0.10966227203607559,1.1621651649475098,-0.1055830717086792,1.1351902484893799,0.2754325866699219,116.5
506,-0.10967579483985901,0.35162290930747986,-0.10959909111261368,1.1660497188568115,-0.08086954802274704,1.1416614055633545,0.2689912021160126,0.7250000238418579,-9.833403478626593e-16,-0.04147226735949516,3.9650823253390577e-17,-0.045855067670345306,-0.13414114713668823,-0.08579335361719131,0.08193100988864899,-0.0,0.37814515829086304,-0.1708541065454483,-0.075542151927948,-0.0947646051645279,-0.9954937696456909,-0.0034399030264467,-0.9934695363044739,0.09479135274887085,-0.06350437551736832,-1.1499454975128174,-0.16087022423744202,-0.739316463470459,-0.19586631655693054,-1.1949795484542847,-0.3166326880455017,0.3208996653556824,-0.7134024500846863,-0.10966227203607559,0.34679681062698364,-0.10966227203607559,1.160173773765564,-0.10966227203607559,1.1321624517440796,0.278618186712265,116.5
507,-0.10967579483985901,0.3499336242675781,-0.10959909111261368,1.1640325784683228,-0.08642639219760895,1.13820219039917,0.2724292278289795,0.7250000238418579,-9.833403478626593e-16,-0.041746191680431366,3.9650823253390577e-17,-0.04853953421115875,-0.13586686551570892,-0.0858207494020462,0.08338281512260437,-0.0,0.37814515829086304,-0.1708541065454483,-0.075542151927948,-0.0947646051645279,-0.9954937696456909,-0.0034399030264467,-0.9934695363044739,0.09479135274887085,-0.06350437551736832,-1.1467251777648926,-0.1626204550266266,-0.7348721623420715,-0.20163914561271667,-1.1930019855499268,-0.31358593702316284,0.3218133747577667,-0.7081234455108643,-0.10966227203607559,0.3450550138950348,-0.10966227203607559,1.157983422279358,-0.10966227203607559,1.1287946701049805,0.2820836305618286,116.5
508,-0.10967579483985901,0.3483651280403137,-0.10959909111261368,1.1619904041290283,-0.0919237956404686,1.1349079608917236,0.2757541537284851,0.7250000238418579,-9.833403478626593e-16,-0.040540922433137894,3.9650823253390577e-17,-0.05105964466929436,-0.13827741146087646,-0.08409501612186432,0.08453329652547836,-0.0,0.37814515829086304,-0.1708541065454483,-0.075542151927948,-0.0947646051645279,-0.9954937696456909,-0.0034399030264467,-0.9934695363044739,0.09479135274887085,-0.06350437551736832,-1.1430866718292236,-0.1635160744190216,-0.7297379374504089,-0.2057078778743744,-1.191561222076416,-0.3059224486351013,0.32352715730667114,-0.7011145949363708,-0.10966227203607559,0.3434596359729767,-0.10966227203607559,1.1558191776275635,-0.10966227203607559,1.125730276107788,0.285459965467453,116.5
509,-0.10967579483985901,0.34671416878700256,-0.10959909111261368,1.1598926782608032,-0.09738285094499588,1.1316406726837158,0.2791614830493927,0.7250000238418579,-9.833403478626593e-16,-0.04018481820821762,3.9650823253390577e-17,-0.051744457334280014,-0.1367708295583725,-0.08179404586553574,0.08406762778759003,-0.0,0.37814515829086304,-0.1708541065454483,-0.075542151927948,-0.0947646051645279,-0.9954937696456909,-0.0034399030264467,-0.9934695363044739,0.09479135274887085,-0.06350437551736832,-1.1389565467834473,-0.16098260879516602,-0.7245579361915588,-0.20919635891914368,-1.1850967407226562,-0.2948116064071655,0.32338425517082214,-0.6953403949737549,-0.10966227203607559,0.34188470244407654,-0.10966227203607559,1.1536167860031128,-0.10966227203607559,1.1227962970733643,0.28886300325393677,116.5
510,-0.10967579483985901,0.3449424207210541,-0.10959909111261368,1.1577528715133667,-0.10277671366930008,1.1284384727478027,0.28252092003822327,0.7250000238418579,-9.833403478626593e-16,-0.04328017309308052,3.9650823253390577e-17,-0.05305929854512215,-0.13548336923122406,-0.08083531260490417,0.08475244045257568,-0.0,0.37814515829086304,-0.1708541065454483,-0.075542151927948,-0.0947646051645279,-0.9954937696456909,-0.0034399030264467,-0.9934695363044739,0.09479135274887085,-0.06350437551736832,-1.135939598083496,-0.16232213377952576,-0.7215726375579834,-0.21569298207759857,-1.1792088747024536,-0.28923434019088745,0.32333818078041077,-0.6916187405586243,-0.10966227203607559,0.34007275104522705,-0.10966227203607559,1.1512820720672607,-0.10966227203607559,1.1197614669799805,0.2922210693359375,116.5
511,-0.10967579483985901,0.3432838022708893,-0.10959909111261368,1.155542016029358,-0.10651003569364548,1.1254127025604248,0.285964697599411,0.7250000238418579,-9.833403478626593e-16,-0.042704928666353226,3.9650823253390577e-17,-0.05464806407690048,-0.11080271750688553,-0.07730167359113693,0.08497157692909241,-0.0,0.37814515829086304,-0.1708541065454483,-0.075542151927948,-0.0947646051645279,-0.9954937696456909,-0.0034399030264467,-0.9934695363044739,0.09479135274887085,-0.06350437551736832,-1.119786262512207,-0.1544564962387085,-0.7080863118171692,-0.21509943902492523,-1.1501327753067017,-0.27085793018341064,0.318466454744339,-0.6842582821846008,-0.10966227203607559,0.338650107383728,-0.10966227203607559,1.149088978767395,-0.10966227203607559,1.1172869205474854,0.295518696308136,116.5
512,-0.10967579483985901,0.3416481912136078,-0.10959909111261368,1.1533100605010986,-0.10827795416116714,1.1224061250686646,0.2893260419368744,0.7250000238418579,-9.833403478626593e-16,-0.04092441499233246,3.9650823253390577e-17,-0.05560680478811264,-0.0630301758646965,-0.07530201971530914,0.0849989727139473,-0.0,0.37814515829086304,-0.1708541065454483,-0.075542151927948,-0.0947646051645279,-0.9954937696456909,-0.0034399030264467,-0.9934695363044739,0.09479135274887085,-0.06350437551736832,-1.0911530256271362,-0.13607341051101685,-0.6875946521759033,-0.2089080512523651,-1.095001220703125,-0.25026917457580566,0.3042747676372528,-0.6786059141159058,-0.10966227203607559,0.33756598830223083,-0.10966227203607559,1.1470428705215454,-0.10966227203607559,1.1148980855941772,0.29845428466796875,116.5
513,-0.10966428369283676,0.34004712104797363,-0.10959909111261368,1.1510627269744873,-0.10904493927955627,1.1196602582931519,0.29267778992652893,0.7250000238418579,0.00016435507859569043,-0.040458742529153824,3.9650823253390577e-17,-0.056017693132162094,-0.02791297249495983,-0.07124792784452438,0.08401284366846085,-0.0,0.37814515829086304,-0.1708541065454483,-0.075542151927948,-0.0947646051645279,-0.9954937696456909,-0.0034399030264467,-0.9934695363044739,0.09479135274887085,-0.06350437551736832,-1.0699182748794556,-0.1216343343257904,-0.6762298345565796,-0.20453351736068726,-1.0515477657318115,-0.22685442864894867,0.29310423135757446,-0.6735557317733765,-0.10966227203607559,0.33639809489250183,-0.10966227203607559,1.14492666721344,-0.10966227203607559,1.1128545999526978,0.30147090554237366,116.5
514,-0.10965853184461594,0.3387182950973511,-0.10959909111261368,1.148930549621582,-0.10935940593481064,1.1170965433120728,0.2958320379257202,0.7250000238418579,0.00021914011449553072,-0.03604855015873909,3.9650823253390577e-17,-0.05462067201733589,-0.011806173250079155,-0.06582421064376831,0.08067095279693604,-0.0,0.37814515829086304,-0.1708541065454483,-0.075542151927948,-0.0947646051645279,-0.9954937696456909,-0.0034399030264467,-0.9934695363044739,0.09479135274887085,-0.06350437551736832,-1.0589412450790405,-0.10851877927780151,-0.6713710427284241,-0.19718679785728455,-1.0292603969573975,-0.20066021382808685,0.2877219617366791,-0.6668297052383423,-0.10966227203607559,0.3354627192020416,-0.10966227203607559,1.143014907836914,-0.10966227203607559,1.1110767126083374,0.3044636845588684,116.5
515,-0.10965277999639511,0.33737990260124207,-0.10959909111261368,1.146570086479187,-0.10950896888971329,1.1145693063735962,0.2992604672908783,0.7250000238418579,0.0001369625679217279,-0.030515260994434357,3.9650823253390577e-17,-0.05253884196281433,-0.004464979749172926,-0.05864737182855606,0.07708253711462021,-0.0,0.3705540597438812,-0.16734011471271515,-0.07999707013368607,-0.09495175629854202,-0.995461642742157,-0.006347993388772011,-0.9939478039741516,0.09515738487243652,-0.0548895038664341,-1.072690725326538,-0.10807931423187256,-0.6883881688117981,-0.2521190941333771,-1.0024150609970093,-0.08720158785581589,0.3033599555492401,-0.6585302352905273,-0.10966227203607559,0.33413752913475037,-0.10966227203607559,1.139006495475769,-0.10966227203607559,1.1119532585144043,0.3083612620830536,116.5
516,-0.10964895039796829,0.3362831175327301,-0.10959909111261368,1.1443822383880615,-0.10956265777349472,1.1127938032150269,0.3023552894592285,0.7250000238418579,8.217753929784521e-05,-0.028296466916799545,3.9650823253390577e-17,-0.0537441112101078,-0.0020270459353923798,-0.04900520667433739,0.07669904083013535,-0.0,0.37807175517082214,-0.16988706588745117,-0.07529152929782867,-0.09588027745485306,-0.9953633546829224,-0.007662102580070496,-0.9936479330062866,0.09616494923830032,-0.05844760313630104,-1.0428110361099243,-0.09410518407821655,-0.6623932719230652,-0.18514379858970642,-1.009894609451294,-0.13947324454784393,0.28773924708366394,-0.6468809843063354,-0.10966227203607559,0.3334599733352661,-0.10966227203607559,1.138827919960022,-0.10966227203607559,1.1086095571517944,0.3109874725341797,116.5
517,-0.10964702814817429,0.3350655138492584,-0.10959909111261368,1.1415846347808838,-0.10958950221538544,1.1119768619537354,0.30573770403862,0.7250000238418579,5.478502862388268e-05,-0.029118241742253304,3.9650823253390577e-17,-0.06390673667192459,-0.0009039529832080007,-0.02966609224677086,0.08173926174640656,-0.0,0.3777467608451843,-0.1698247641324997,-0.07551436126232147,-0.09563904255628586,-0.9953792691230774,-0.008560998365283012,-0.9936619997024536,0.09597732871770859,-0.05851610004901886,-1.034142017364502,-0.11403384804725647,-0.662327229976654,-0.18473175168037415,-1.0124009847640991,-0.08684598654508591,0.30283042788505554,-0.6213377118110657,-0.10966227203607559,0.3316445052623749,-0.10966227203607559,1.1360427141189575,-0.10966227203607559,1.1093714237213135,0.31482261419296265,116.5
518,-0.10964319109916687,0.3341566324234009,-0.10959909111261368,1.1398570537567139,-0.1096029281616211,1.110243558883667,0.3087577223777771,0.7250000238418579,8.217753929784521e-05,-0.026050280779600143,3.9650823253390577e-17,-0.05473024398088455,-0.00043828022899106145,-0.033418867737054825,0.07941089570522308,-0.0,0.3771054744720459,-0.16973605751991272,-0.07589217275381088,-0.09578108787536621,-0.9953652024269104,-0.008607388474047184,-0.9936863780021667,0.09611992537975311,-0.05786510929465294,-1.0403581857681274,-0.10002326965332031,-0.6679645776748657,-0.1777130663394928,-1.0086311101913452,-0.081650011241436,0.2983664572238922,-0.6289105415344238,-0.10966227203607559,0.331155925989151,-0.10966227203607559,1.1345256567001343,-0.10966227203607559,1.1077940464019775,0.31770870089530945,116.5
519,-0.10963360965251923,0.33274152874946594,-0.10959909111261368,1.1379683017730713,-0.10961059480905533,1.1095877885818481,0.3119905889034271,0.7250000238418579,0.0001917476038215682,-0.02980305440723896,3.9650823253390577e-17,-0.04426630213856697,-0.0002465326397214085,-0.028488215059041977,0.07831519842147827,-0.0,0.3783741593360901,-0.17008771002292633,-0.0750766396522522,-0.09587837755680084,-0.9953654408454895,-0.0074117169715464115,-0.99364173412323,0.0961485356092453,-0.058579105883836746,-1.0409464836120605,-0.08336484432220459,-0.6718383431434631,-0.1581789255142212,-1.0064244270324707,-0.07703965157270432,0.2914595603942871,-0.6358374953269958,-0.10966227203607559,0.3302405774593353,-0.10966227203607559,1.1332229375839233,-0.10966227203607559,1.1072765588760376,0.3207343816757202,116.5
520,-0.10963168740272522,0.33181729912757874,-0.10959909111261368,1.136160135269165,-0.10961443185806274,1.1086961030960083,0.31506046652793884,0.7250000238418579,0.0001369625679217279,-0.02895388752222061,3.9650823253390577e-17,-0.04659466817975044,-0.0001369625679217279,-0.01862690970301628,0.07858912646770477,-0.0,0.37746307253837585,-0.16979283094406128,-0.07568000257015228,-0.0962851420044899,-0.9953203201293945,-0.008161340840160847,-0.9936200380325317,0.09659793972969055,-0.05820642039179802,-1.0403063297271729,-0.0881289541721344,-0.6764189600944519,-0.15984469652175903,-1.005605936050415,-0.03604196757078171,0.29824987053871155,-0.6254451274871826,-0.10966227203607559,0.3291734457015991,-0.10966227203607559,1.1313648223876953,-0.10966227203607559,1.1076148748397827,0.32400795817375183,116.5
521,-0.10963168740272522,0.33101963996887207,-0.10959909111261368,1.134570598602295,-0.10961634665727615,1.108007788658142,0.3181380331516266,0.7250000238418579,2.739251431194134e-05,-0.02046220749616623,3.9650823253390577e-17,-0.04188315570354462,-8.217753929784521e-05,-0.01972261071205139,0.07691817730665207,-0.0,0.3771226108074188,-0.1696614772081375,-0.07589389383792877,-0.09574516862630844,-0.9953710436820984,-0.008326265029609203,-0.9936813116073608,0.0960681140422821,-0.05803766846656799,-1.0391967296600342,-0.07405957579612732,-0.6747968792915344,-0.14667931199073792,-1.0034064054489136,-0.029984822496771812,0.294701486825943,-0.6245900392532349,-0.10966227203607559,0.328797847032547,-0.10966227203607559,1.130170226097107,-0.10966227203607559,1.107108235359192,0.3269790709018707,116.5
522,-0.10963168740272522,0.33002063632011414,-0.10959909111261368,1.1329330205917358,-0.10961826890707016,1.1077239513397217,0.321278840303421,0.7250000238418579,-9.833403478626593e-16,-0.022982319816946983,3.9650823253390577e-17,-0.04004785418510437,-5.478502862388268e-05,-0.011148753575980663,0.0776851698756218,-0.0,0.3774840831756592,-0.1697762906551361,-0.07567547261714935,-0.09702601283788681,-0.9952457547187805,-0.008471595123410225,-0.9935596585273743,0.09735512733459473,-0.05797605216503143,-1.0380011796951294,-0.07183852791786194,-0.6782312393188477,-0.13699766993522644,-1.0032144784927368,-0.008168449625372887,0.2957251965999603,-0.6212213039398193,-0.10966227203607559,0.32786548137664795,-0.10966227203607559,1.1288230419158936,-0.10966227203607559,1.1074788570404053,0.3301506042480469,116.5
523,-0.10963168740272522,0.3293686807155609,-0.10959909111261368,1.1314336061477661,-0.10962018370628357,1.1074612140655518,0.3243679106235504,0.7250000238418579,-9.833403478626593e-16,-0.020160891115665436,3.9650823253390577e-17,-0.03917129337787628,-2.739251431194134e-05,-0.006409848108887672,0.07806866616010666,-0.0,0.3776709735393524,-0.16989971697330475,-0.07551263272762299,-0.09558787941932678,-0.9953972697257996,-0.0068731061182916164,-0.9937022924423218,0.09582613408565521,-0.05807805806398392,-1.034468173980713,-0.06821197271347046,-0.6775345802307129,-0.12429919838905334,-1.0034483671188354,0.0039368364959955215,0.29596689343452454,-0.6162620186805725,-0.10966227203607559,0.3273223340511322,-0.10966227203607559,1.1277046203613281,-0.10966227203607559,1.1075793504714966,0.3332469165325165,116.5
524,-0.1096278578042984,0.3286477029323578,-0.10959909111261368,1.1300663948059082,-0.10962209850549698,1.107407569885254,0.3274972140789032,0.7250000238418579,5.478502862388268e-05,-0.016819003969430923,3.9650823253390577e-17,-0.035308949649333954,-5.478502862388268e-05,-0.003561026882380247,0.07760298997163773,-0.0,0.3776884078979492,-0.16989751160144806,-0.07551277428865433,-0.09556571394205093,-0.9953895807266235,-0.008174031972885132,-0.9936861991882324,0.09588063508272171,-0.058263204991817474,-1.0334248542785645,-0.05873417854309082,-0.6783828139305115,-0.11158537864685059,-1.0024278163909912,0.01442844606935978,0.2938602566719055,-0.6154609322547913,-0.10966227203607559,0.3268856704235077,-0.10966227203607559,1.1267188787460327,-0.10966227203607559,1.1078404188156128,0.33631300926208496,116.5
525,-0.1096278578042984,0.3278385400772095,-0.10959909111261368,1.1287202835083008,-0.10962209850549698,1.107407569885254,0.33098703622817993,0.7250000238418579,2.739251431194134e-05,-0.01838037744164467,3.9650823253390577e-17,-0.031254857778549194,-2.739251431194134e-05,-0.00021914011449553072,0.07806866616010666,-0.0,0.3784569501876831,-0.17006467282772064,-0.07505384832620621,-0.09564975649118423,-0.9953913688659668,-0.006862499285489321,-0.9936597943305969,0.09588805586099625,-0.058699674904346466,-1.031530737876892,-0.05179858207702637,-0.6787259578704834,-0.0969066321849823,-1.0016955137252808,0.014454791322350502,0.29083094000816345,-0.6170151829719543,-0.10966227203607559,0.32628458738327026,-0.10966227203607559,1.1258131265640259,-0.10966227203607559,1.1078412532806396,0.3397119641304016,116.5
526,-0.1096278578042984,0.3273342549800873,-0.10959909111261368,1.1276484727859497,-0.10962209850549698,1.1074497699737549,0.3339073359966278,0.7250000238418579,-9.833403478626593e-16,-0.014682387933135033,3.9650823253390577e-17,-0.027995148673653603,-5.709718336730006e-16,0.0006026353221386671,0.07480895519256592,-0.0,0.3774324655532837,-0.1697627604007721,-0.0756952241063118,-0.09519053250551224,-0.9954301714897156,-0.007584765087813139,-0.9937493801116943,0.09547065943479538,-0.057857342064380646,-1.0339398384094238,-0.04515211284160614,-0.6830853819847107,-0.09525194764137268,-0.9984697103500366,0.032143183052539825,0.28995397686958313,-0.6174002885818481,-0.10966227203607559,0.32597967982292175,-0.10966227203607559,1.124790906906128,-0.10966227203607559,1.1084140539169312,0.34260594844818115,116.5
527,-0.1096278578042984,0.3268011808395386,-0.10959909111261368,1.1266244649887085,-0.10962402075529099,1.1076050996780396,0.33701175451278687,0.7250000238418579,-9.833403478626593e-16,-0.012819696217775345,3.9650823253390577e-17,-0.025995496660470963,-2.739251431194134e-05,0.002821428934112191,0.0754389837384224,-0.0,0.37787479162216187,-0.16989122331142426,-0.0754041001200676,-0.09554612636566162,-0.9953997731208801,-0.007088088430464268,-0.9937021136283875,0.0957971066236496,-0.05812917649745941,-1.0313233137130737,-0.03912058472633362,-0.6817108392715454,-0.08216023445129395,-0.9985625147819519,0.03278154879808426,0.2880839407444,-0.6163128614425659,-0.10966227203607559,0.32562756538391113,-0.10966227203607559,1.1241596937179565,-0.10966227203607559,1.1085885763168335,0.34565427899360657,116.5
528,-0.1096278578042984,0.32633715867996216,-0.10959909111261368,1.1256734132766724,-0.10962402075529099,1.1079444885253906,0.3399953246116638,0.7250000238418579,-9.833403478626593e-16,-0.012381416745483875,3.9650823253390577e-17,-0.02457108534872532,-2.739251431194134e-05,0.0066289883106946945,0.07604161649942398,-0.0,0.37807032465934753,-0.16999875009059906,-0.0752682238817215,-0.09594696015119553,-0.9953607320785522,-0.007151277270168066,-0.9936261177062988,0.09620188921689987,-0.058755964040756226,-1.0299137830734253,-0.03578630089759827,-0.6826589107513428,-0.07205042243003845,-0.9986248016357422,0.04060203582048416,0.2875904440879822,-0.6149345636367798,-0.10966227203607559,0.3252635598182678,-0.10966227203607559,1.1235119104385376,-0.10966227203607559,1.1091625690460205,0.34862303733825684,116.5
529,-0.1096278578042984,0.32596325874328613,-0.10959909111261368,1.1247913837432861,-0.10962402075529099,1.1083260774612427,0.34344103932380676,0.7250000238418579,-9.833403478626593e-16,-0.009286061860620975,3.9650823253390577e-17,-0.020927879959344864,-5.709718336730006e-16,0.00868342723697424,0.07579508423805237,-0.0,0.37721922993659973,-0.1697489470243454,-0.07579492777585983,-0.09571944922208786,-0.9953762292861938,-0.00799716729670763,-0.9936840534210205,0.09602323919534683,-0.058065153658390045,-1.0318996906280518,-0.028726980090141296,-0.6867853403091431,-0.06764727830886841,-0.9965142011642456,0.05910230427980423,0.2866959273815155,-0.6158496141433716,-0.10966227203607559,0.32510143518447876,-0.10966227203607559,1.1227619647979736,-0.10966227203607559,1.110099196434021,0.35204192996025085,116.5
530,-0.1096278578042984,0.3255874216556549,-0.10959909111261368,1.1241068840026855,-0.10962402075529099,1.1088054180145264,0.34643998742103577,0.7250000238418579,-9.833403478626593e-16,-0.00882038939744234,3.9650823253390577e-17,-0.017832526937127113,-5.709718336730006e-16,0.010518725030124187,0.07565812021493912,-0.0,0.37733399868011475,-0.16972561180591583,-0.07576014846563339,-0.09563872218132019,-0.995383620262146,-0.008041489869356155,-0.9936822056770325,0.09594562649726868,-0.058224789798259735,-1.0313435792922974,-0.022621527314186096,-0.6878002882003784,-0.05902522802352905,-0.9952476024627686,0.06273043900728226,0.2845205068588257,-0.6173191070556641,-0.10966227203607559,0.3249087631702423,-0.10966227203607559,1.1223361492156982,-0.10966227203607559,1.1106873750686646,0.3549756109714508,116.5
531,-0.1096278578042984,0.32531896233558655,-0.10959909111261368,1.1233993768692017,-0.10962402075529099,1.109505295753479,0.3496114909648895,0.7250000238418579,-9.833403478626593e-16,-0.007834259420633316,3.9650823253390577e-17,-0.01739424653351307,-5.709718336730006e-16,0.01539459265768528,0.07776734977960587,-0.0,0.3771575689315796,-0.16963842511177063,-0.07586471736431122,-0.09610936790704727,-0.995335042476654,-0.008435787633061409,-0.9936582446098328,0.0964374989271164,-0.05781988427042961,-1.0294917821884155,-0.02074795961380005,-0.6886351704597473,-0.051433414220809937,-0.995253324508667,0.07826978713274002,0.2849494516849518,-0.615071713924408,-0.10966227203607559,0.32469651103019714,-0.10966227203607559,1.1218563318252563,-0.10966227203607559,1.1118533611297607,0.35815995931625366,116.5
532,-0.1096278578042984,0.32513490319252014,-0.10959909111261368,1.1228221654891968,-0.10962402075529099,1.1101553440093994,0.3525260388851166,0.7250000238418579,-9.833403478626593e-16,-0.0053963251411914825,3.9650823253390577e-17,-0.015860265120863914,-5.709718336730006e-16,0.016928574070334435,0.07549376785755157,-0.0,0.3775055706501007,-0.16979986429214478,-0.0756433829665184,-0.09538619220256805,-0.9954149723052979,-0.007105103228241205,-0.9937160611152649,0.0956384688615799,-0.05815177410840988,-1.0268328189849854,-0.015065431594848633,-0.6875287890434265,-0.03948923945426941,-0.9943113327026367,0.0773349478840828,0.2827862799167633,-0.6139950156211853,-0.10966227203607559,0.32468295097351074,-0.10966227203607559,1.1216374635696411,-0.10966227203607559,1.1124753952026367,0.3610096275806427,116.5
533,-0.1096278578042984,0.3248990476131439,-0.10959909111261368,1.12235426902771,-0.10962402075529099,1.1110143661499023,0.35553839802742004,0.7250000238418579,-9.833403478626593e-16,-0.005314147565513849,3.9650823253390577e-17,-0.012682734057307243,-5.709718336730006e-16,0.019229544326663017,0.07420632243156433,-0.0,0.37783390283584595,-0.16988833248615265,-0.07543004304170609,-0.0941038504242897,-0.9955387115478516,-0.006862318608909845,-0.9938338994979858,0.09434423595666885,-0.05825261399149895,-1.0256608724594116,-0.008347839117050171,-0.6883225440979004,-0.028853030875325203,-0.9928361773490906,0.07854676991701126,0.28009098768234253,-0.6155235767364502,-0.10966227203607559,0.3246486186981201,-0.10966227203607559,1.1214886903762817,-0.10966227203607559,1.1133707761764526,0.36394113302230835,116.5
534,-0.1096278578042984,0.32476866245269775,-0.10959909111261368,1.1219745874404907,-0.10962402075529099,1.1118139028549194,0.35851815342903137,0.7260000109672546,-9.833403478626593e-16,-0.004464979749172926,3.9650823253390577e-17,-0.01032697781920433,-5.709718336730006e-16,0.020818309858441353,0.07469938695430756,-0.0,0.3779180645942688,-0.16990557312965393,-0.07538635283708572,-0.09617114812135696,-0.9953359961509705,-0.007572606671601534,-0.9935921430587769,0.09645093977451324,-0.0589219331741333,-1.0252403020858765,-0.002506241202354431,-0.6887047290802002,-0.020343156531453133,-0.9921666383743286,0.08084846287965775,0.2778167128562927,-0.6169770956039429,-0.10966227203607559,0.3246934711933136,-0.10966227203607559,1.1213642358779907,-0.10966227203607559,1.1142393350601196,0.36685267090797424,116.5
535,-0.1096278578042984,0.32471880316734314,-0.10959909111261368,1.1217100620269775,-0.10962402075529099,1.1127324104309082,0.3617778718471527,0.7250000238418579,-9.833403478626593e-16,-0.0016435508150607347,3.9650823253390577e-17,-0.007067268714308739,-5.709718336730006e-16,0.020188283175230026,0.07324758172035217,-0.0,0.3773477375507355,-0.16973301768302917,-0.07572729140520096,-0.09629550576210022,-0.9953203201293945,-0.008040174841880798,-0.9936038255691528,0.09660180658102036,-0.05847607180476189,-1.0268807411193848,0.0035156160593032837,-0.6912830471992493,-0.01718449778854847,-0.9899436235427856,0.08597505837678909,0.27615565061569214,-0.6192636489868164,-0.10966227203607559,0.3248242735862732,-0.10966227203607559,1.1211944818496704,-0.10966227203607559,1.115311622619629,0.37006253004074097,116.5
536,-0.1096278578042984,0.32469579577445984,-0.10959909111261368,1.1215490102767944,-0.10962402075529099,1.113533854484558,0.3645428717136383,0.7250000238418579,-9.833403478626593e-16,-0.000739597890060395,3.9650823253390577e-17,-0.004574549850076437,-5.709718336730006e-16,0.020243067294359207,0.07026179879903793,-0.0,0.3770682215690613,-0.16963668167591095,-0.07592479139566422,-0.09609296917915344,-0.9953407645225525,-0.007926350459456444,-0.9936373829841614,0.09639240056276321,-0.05825190246105194,-1.0277338027954102,0.008022338151931763,-0.6933949589729309,-0.014665992930531502,-0.9873920679092407,0.08927095681428909,0.2741328179836273,-0.6214075088500977,-0.10966227203607559,0.3249364495277405,-0.10966227203607559,1.1211090087890625,-0.10966227203607559,1.116212010383606,0.3727668523788452,116.5
537,-0.1096278578042984,0.324693888425827,-0.10959909111261368,1.1213840246200562,-0.10962402075529099,1.1144715547561646,0.36750727891921997,0.7250000238418579,-9.833403478626593e-16,-0.00021914011449553072,3.9650823253390577e-17,-0.0040540918707847595,-5.709718336730006e-16,0.022023580968379974,0.07196013629436493,-0.0,0.3767780661582947,-0.16958753764629364,-0.07611437141895294,-0.0957476869225502,-0.995361328125,-0.009393364191055298,-0.9936956763267517,0.09613184630870819,-0.05768530070781708,-1.0278406143188477,0.008419930934906006,-0.6946262717247009,-0.011977644637227058,-0.9874981045722961,0.09599877148866653,0.27441099286079407,-0.6213932037353516,-0.10966227203607559,0.32494649291038513,-0.10966227203607559,1.12102472782135,-0.10966227203607559,1.1173515319824219,0.37573960423469543,116.5
538,-0.1096278578042984,0.324693888425827,-0.10959909111261368,1.1212345361709595,-0.10962402075529099,1.1154168844223022,0.37034323811531067,0.7250000238418579,-9.833403478626593e-16,-3.695456518104743e-15,3.9650823253390577e-17,-0.003944522235542536,-5.709718336730006e-16,0.02363974042236805,0.07250798493623734,-0.0,0.37750518321990967,-0.16981366276741028,-0.07562724500894547,-0.09551931917667389,-0.9954032897949219,-0.00695542199537158,-0.9936976432800293,0.09576275944709778,-0.058261942118406296,-1.0239391326904297,0.010465934872627258,-0.6913988590240479,-0.0006955582648515701,-0.9879636168479919,0.08738470822572708,0.27303546667099,-0.6203383207321167,-0.10966227203607559,0.3250078558921814,-0.10966227203607559,1.121213674545288,-0.10966227203607559,1.1180384159088135,0.37853431701660156,116.5
539,-0.1096278578042984,0.324693888425827,-0.10959909111261368,1.121144413948059,-0.10962402075529099,1.1164255142211914,0.37324821949005127,0.7250000238418579,-9.833403478626593e-16,-3.695456518104743e-15,3.9650823253390577e-17,-0.002848821459338069,-5.709718336730006e-16,0.02451629936695099,0.07165881991386414,-0.0,0.3779645264148712,-0.1699257493019104,-0.07533912360668182,-0.09629031270742416,-0.9953271746635437,-0.00721172709017992,-0.9935693740844727,0.09654881060123444,-0.059145309031009674,-1.0219271183013916,0.013662740588188171,-0.6901285648345947,0.0077421944588422775,-0.9874190092086792,0.08113259822130203,0.27116069197654724,-0.6210465431213379,-0.10966227203607559,0.325103759765625,-0.10966227203607559,1.121376633644104,-0.10966227203607559,1.1188595294952393,0.3813830316066742,116.5
540,-0.1096278578042984,0.324693888425827,-0.10959909111261368,1.1211271286010742,-0.10962402075529099,1.117271065711975,0.3760668933391571,0.7250000238418579,-9.833403478626593e-16,-3.695456518104743e-15,3.9650823253390577e-17,-0.001123093068599701,-5.709718336730006e-16,0.022872749716043472,0.07154924422502518,-0.0,0.37729719281196594,-0.16970236599445343,-0.07577629387378693,-0.09651786834001541,-0.9952965378761292,-0.008311893790960312,-0.9935738444328308,0.09684012085199356,-0.058591194450855255,-1.0246037244796753,0.014087706804275513,-0.6926514506340027,0.003227798268198967,-0.9858019948005676,0.08244896680116653,0.2705540955066681,-0.6240869760513306,-0.10966227203607559,0.32511651515960693,-0.10966227203607559,1.1212239265441895,-0.10966227203607559,1.1197445392608643,0.38418352603912354,116.5
541,-0.1096278578042984,0.3247264623641968,-0.10959909111261368,1.1211271286010742,-0.10962402075529099,1.118078351020813,0.37893927097320557,0.7250000238418579,-9.833403478626593e-16,0.00046567272511310875,3.9650823253390577e-17,-0.00010957005724776536,-5.709718336730006e-16,0.02040742337703705,0.07094661146402359,-0.0,0.3774820864200592,-0.16976460814476013,-0.075679711997509,-0.09599096328020096,-0.9953501224517822,-0.007992529310286045,-0.993647575378418,0.09629443287849426,-0.05824016407132149,-1.0240130424499512,0.015404358506202698,-0.6911486387252808,0.006455687806010246,-0.9854406118392944,0.0694822147488594,0.26910439133644104,-0.6257315874099731,-0.10966227203607559,0.3251885771751404,-0.10966227203607559,1.1213208436965942,-0.10966227203607559,1.120162844657898,0.38701239228248596,116.5
542,-0.1096278578042984,0.32479166984558105,-0.10959909111261368,1.1211271286010742,-0.10962402075529099,1.118935465812683,0.3817560374736786,0.7250000238418579,-9.833403478626593e-16,0.0013970182044431567,3.9650823253390577e-17,6.344131720542492e-16,-5.709718336730006e-16,0.020927879959344864,0.07122053951025009,-0.0,0.3778361678123474,-0.16983091831207275,-0.07545408606529236,-0.09402952343225479,-0.9955483675003052,-0.0064751822501420975,-0.993848979473114,0.0942472517490387,-0.058152321726083755,-1.020784854888916,0.017090171575546265,-0.6884863376617432,0.013633517548441887,-0.9854122996330261,0.06352979689836502,0.26801517605781555,-0.6251318454742432,-0.10966227203607559,0.32530438899993896,-0.10966227203607559,1.121536135673523,-0.10966227203607559,1.120841383934021,0.38979649543762207,116.5
543,-0.1096278578042984,0.3248913884162903,-0.10959909111261368,1.1211271286010742,-0.10962402075529099,1.1195988655090332,0.3846150040626526,0.7260000109672546,-9.833403478626593e-16,0.0021914010867476463,3.9650823253390577e-17,6.344131720542492e-16,-5.709718336730006e-16,0.0187090877443552,0.07078225910663605,-0.0,0.3771267831325531,-0.16965650022029877,-0.07588043063879013,-0.09601322561502457,-0.9953463673591614,-0.008189580403268337,-0.993643045425415,0.09632828086614609,-0.05826098844408989,-1.0230708122253418,0.015509754419326782,-0.689961850643158,0.007899252697825432,-0.9844866991043091,0.06346125155687332,0.26791492104530334,-0.6268237829208374,-0.10966227203607559,0.32535669207572937,-0.10966227203607559,1.1213641166687012,-0.10966227203607559,1.1215027570724487,0.3926524519920349,116.5
544,-0.1096278578042984,0.3250370919704437,-0.10959909111261368,1.1211904287338257,-0.10962402075529099,1.1202373504638672,0.3873838484287262,0.7250000238418579,-9.833403478626593e-16,0.0031775315292179585,3.9650823253390577e-17,0.0009039529832080007,-5.709718336730006e-16,0.015997229143977165,0.0703713670372963,-0.0,0.3770800530910492,-0.1696767359972,-0.07591346651315689,-0.09607821702957153,-0.995345950126648,-0.0074449628591537476,-0.9936593770980835,0.0963488519191742,-0.057947706431150436,-1.0234472751617432,0.015645191073417664,-0.6896515488624573,0.009094057604670525,-0.9841391444206238,0.05400253087282181,0.267400324344635,-0.6283822059631348,-0.10966227203607559,0.32550644874572754,-0.10966227203607559,1.1214632987976074,-0.10966227203607559,1.1218574047088623,0.3954058587551117,116.5
545,-0.1096278578042984,0.32515791058540344,-0.10959909111261368,1.121249794960022,-0.10962402075529099,1.1208970546722412,0.390244722366333,0.7250000238418579,-9.833403478626593e-16,0.003341886680573225,3.9650823253390577e-17,0.001725728390738368,-5.709718336730006e-16,0.01629854552447796,0.0703713670372963,-0.0,0.37729981541633606,-0.16971415281295776,-0.07577686756849289,-0.096408411860466,-0.9953098893165588,-0.007976413704454899,-0.9936150312423706,0.09670990705490112,-0.058106280863285065,-1.0223205089569092,0.017545223236083984,-0.6890113353729248,0.01400810293853283,-0.983792245388031,0.05073238164186478,0.2662918269634247,-0.6292521953582764,-0.10966227203607559,0.3256842792034149,-0.10966227203607559,1.1216700077056885,-0.10966227203607559,1.122418999671936,0.39823347330093384,116.5
546,-0.1096278578042984,0.3252902030944824,-0.10959909111261368,1.1213054656982422,-0.10962402075529099,1.1214243173599243,0.39303848147392273,0.7250000238418579,-9.833403478626593e-16,0.0031227467115968466,3.9650823253390577e-17,0.001369625679217279,-5.709718336730006e-16,0.014572817832231522,0.07070007920265198,-0.0,0.3773004412651062,-0.1697017103433609,-0.07573957741260529,-0.09612593799829483,-0.9953412413597107,-0.007458210457116365,-0.9936329126358032,0.09639793634414673,-0.058318037539720535,-1.0216529369354248,0.015406310558319092,-0.6878858208656311,0.013883082196116447,-0.9837899804115295,0.04253412038087845,0.2660982608795166,-0.630204439163208,-0.10966227203607559,0.3257524073123932,-0.10966227203607559,1.1217219829559326,-0.10966227203607559,1.1227003335952759,0.40102142095565796,116.5
547,-0.1096278578042984,0.32547619938850403,-0.10959909111261368,1.1214492321014404,-0.10962402075529099,1.1220053434371948,0.3961869776248932,0.7250000238418579,-9.833403478626593e-16,0.003917129710316658,3.9650823253390577e-17,0.0025748962070792913,-5.709718336730006e-16,0.012901874259114265,0.06990569829940796,-0.0,0.37707722187042236,-0.16964851319789886,-0.07591348141431808,-0.09606107324361801,-0.9953423738479614,-0.008114393800497055,-0.993620753288269,0.09637238830327988,-0.058567602187395096,-1.0225988626480103,0.01656341552734375,-0.6888321042060852,0.013759491965174675,-0.9828121662139893,0.039556510746479034,0.26524460315704346,-0.6322407722473145,-0.10966227203607559,0.3259730935096741,-0.10966227203607559,1.1218620538711548,-0.10966227203607559,1.1231920719146729,0.4041443169116974,116.5
548,-0.1096278578042984,0.32559317350387573,-0.10959909111261368,1.1215604543685913,-0.10962402075529099,1.122385025024414,0.39896154403686523,0.7250000238418579,-9.833403478626593e-16,0.003451456781476736,3.9650823253390577e-17,0.003067961661145091,-5.709718336730006e-16,0.01084743533283472,0.06960438191890717,-0.0,0.3770749270915985,-0.16965177655220032,-0.07595229893922806,-0.09618229418992996,-0.9953341484069824,-0.007671838626265526,-0.9936161041259766,0.09646710753440857,-0.058490604162216187,-1.0230642557144165,0.015670612454414368,-0.6888453960418701,0.013111976906657219,-0.9823851585388184,0.032131798565387726,0.264648973941803,-0.6342353820800781,-0.10966227203607559,0.3260633051395416,-0.10966227203607559,1.1219538450241089,-0.10966227203607559,1.1233489513397217,0.4069010019302368,116.5
549,-0.1096278578042984,0.3257408142089844,-0.10959909111261368,1.1216812133789062,-0.10962402075529099,1.122768521308899,0.40173423290252686,0.7250000238418579,-9.833403478626593e-16,0.0033144941553473473,3.9650823253390577e-17,0.0028762139845639467,-5.709718336730006e-16,0.009450417011976242,0.06935784220695496,-0.0,0.37657177448272705,-0.16951927542686462,-0.07619956135749817,-0.09553692489862442,-0.9953973889350891,-0.007534088101238012,-0.993744432926178,0.09581255167722702,-0.057375531643629074,-1.0244550704956055,0.012923181056976318,-0.6900894641876221,0.0074196141213178635,-0.9813570976257324,0.03255773335695267,0.2651333212852478,-0.6354411840438843,-0.10966227203607559,0.3261285126209259,-0.10966227203607559,1.1219037771224976,-0.10966227203607559,1.1237452030181885,0.40968823432922363,116.5
550,-0.1096278578042984,0.3258865475654602,-0.10959909111261368,1.1217905282974243,-0.10962402075529099,1.1230484247207642,0.4045318365097046,0.7250000238418579,-9.833403478626593e-16,0.003697989508509636,3.9650823253390577e-17,0.0028762139845639467,-5.709718336730006e-16,0.008080791682004929,0.06957698613405228,-0.0,0.37685009837150574,-0.16958120465278625,-0.07606184482574463,-0.09606271982192993,-0.9953389763832092,-0.008503330871462822,-0.9936439990997314,0.09639577567577362,-0.05813298001885414,-1.0233047008514404,0.013135120272636414,-0.6886716485023499,0.010840682312846184,-0.9817715287208557,0.02435077168047428,0.2644179165363312,-0.636324942111969,-0.10966227203607559,0.3262805938720703,-0.10966227203607559,1.1221157312393188,-0.10966227203607559,1.1237789392471313,0.4124643802642822,116.5
551,-0.1096278578042984,0.32598432898521423,-0.10959909111261368,1.121861457824707,-0.10962402075529099,1.123364806175232,0.40728724002838135,0.7250000238418579,-9.833403478626593e-16,0.0029036065097898245,3.9650823253390577e-17,0.0021640085615217686,-5.709718336730006e-16,0.00742337154224515,0.06941263377666473,-0.0,0.3772357702255249,-0.16967859864234924,-0.07582271844148636,-0.09611840546131134,-0.9953406453132629,-0.007631208747625351,-0.9936180710792542,0.09640107303857803,-0.05856599286198616,-1.0214611291885376,0.011495202779769897,-0.6869559288024902,0.013864098116755486,-0.9820746183395386,0.01589817740023136,0.26395106315612793,-0.6367543935775757,-0.10966227203607559,0.32632917165756226,-0.10966227203607559,1.1222773790359497,-0.10966227203607559,1.1238417625427246,0.41520577669143677,116.5
552,-0.1096278578042984,0.32610130310058594,-0.10959909111261368,1.1219536066055298,-0.10962402075529099,1.123568058013916,0.41010016202926636,0.7250000238418579,-9.833403478626593e-16,0.0026570737827569246,3.9650823253390577e-17,0.0020270459353923798,-5.709718336730006e-16,0.006327670533210039,0.06941263377666473,-0.0,0.3768121600151062,-0.16956660151481628,-0.07610975205898285,-0.09595837444067001,-0.9953498840332031,-0.008399596437811852,-0.9936539530754089,0.09628555178642273,-0.05814546346664429,-1.0230023860931396,0.008894294500350952,-0.6885451078414917,0.008922962471842766,-0.9813183546066284,0.017225096002221107,0.2645726203918457,-0.6379324793815613,-0.10966227203607559,0.326368123292923,-0.10966227203607559,1.1222213506698608,-0.10966227203607559,1.1240848302841187,0.4180373549461365,116.5
553,-0.1096278578042984,0.3262048363685608,-0.10959909111261368,1.1220992803573608,-0.10962402075529099,1.123694658279419,0.41298022866249084,0.7250000238418579,-9.833403478626593e-16,0.0027666438836604357,3.9650823253390577e-17,0.0031227467115968466,-5.709718336730006e-16,0.003834951901808381,0.07165881991386414,-0.0,0.37709271907806396,-0.16966736316680908,-0.07590813934803009,-0.09520996361970901,-0.995423436164856,-0.008196198381483555,-0.99375319480896,0.09552531689405441,-0.05770154297351837,-1.0228456258773804,0.010243579745292664,-0.6873078942298889,0.012232361361384392,-0.9823660850524902,0.00582481361925602,0.26358354091644287,-0.640387773513794,-0.10966227203607559,0.3265121579170227,-0.10966227203607559,1.1224662065505981,-0.10966227203607559,1.1238694190979004,0.4208877384662628,116.5
554,-0.1096278578042984,0.32626238465309143,-0.10959909111261368,1.12218177318573,-0.10962402075529099,1.123872995376587,0.4157298803329468,0.7250000238418579,-9.833403478626593e-16,0.0019174759509041905,3.9650823253390577e-17,0.0027940364088863134,-5.709718336730006e-16,0.003834951901808381,0.06990569829940796,-0.0,0.37689679861068726,-0.16959695518016815,-0.07602584362030029,-0.09600203484296799,-0.9953528046607971,-0.0075090192258358,-0.9936422109603882,0.09627731889486313,-0.05835941061377525,-1.0234397649765015,0.008402064442634583,-0.6887743473052979,0.008949724957346916,-0.9808676838874817,0.007705459371209145,0.26358744502067566,-0.6413174867630005,-0.10966227203607559,0.32651445269584656,-0.10966227203607559,1.1224502325057983,-0.10966227203607559,1.1241041421890259,0.4236375093460083,116.5
555,-0.1096278578042984,0.3263505697250366,-0.10959909111261368,1.1222949028015137,-0.10962402075529099,1.1239304542541504,0.41851022839546204,0.7250000238418579,-9.833403478626593e-16,0.001835298491641879,3.9650823253390577e-17,0.0023831487633287907,-5.709718336730006e-16,0.0027666438836604357,0.0692482739686966,-0.0,0.37681975960731506,-0.16958165168762207,-0.07608950138092041,-0.09618458151817322,-0.9953282475471497,-0.008374720811843872,-0.9936314225196838,0.09650995582342148,-0.05815871059894562,-1.0237815380096436,0.006923079490661621,-0.6891815662384033,0.007068334147334099,-0.9804489016532898,0.005641112104058266,0.2636603116989136,-0.642116904258728,-0.10966227203607559,0.32655826210975647,-0.10966227203607559,1.1225069761276245,-0.10966227203607559,1.1240997314453125,0.42642003297805786,116.5
556,-0.1096278578042984,0.32642728090286255,-0.10959909111261368,1.1223620176315308,-0.10962402075529099,1.1239745616912842,0.4212905764579773,0.7250000238418579,-9.833403478626593e-16,0.0020818309858441353,3.9650823253390577e-17,0.002246186137199402,-5.709718336730006e-16,0.0010957005433738232,0.06941263377666473,-0.0,0.376939982175827,-0.16959714889526367,-0.07599447667598724,-0.09565797448158264,-0.9953842759132385,-0.007721887435764074,-0.9936761856079102,0.0959462970495224,-0.058326367288827896,-1.0229361057281494,0.006476536393165588,-0.6881169080734253,0.008090583607554436,-0.980518102645874,-0.0012259986251592636,0.26313361525535583,-0.6431738138198853,-0.10966227203607559,0.3266215920448303,-0.10966227203607559,1.1226047277450562,-0.10966227203607559,1.123937726020813,0.42918458580970764,116.5
557,-0.1096278578042984,0.32647138833999634,-0.10959909111261368,1.1224061250686646,-0.10962402075529099,1.1240262985229492,0.4240517318248749,0.7250000238418579,-9.833403478626593e-16,0.0013970182044431567,3.9650823253390577e-17,0.001232663169503212,-5.709718336730006e-16,0.001232663169503212,0.06935784220695496,-0.0,0.37674546241760254,-0.16955038905143738,-0.07613098621368408,-0.09575840085744858,-0.9953638911247253,-0.009001938626170158,-0.9936953783035278,0.09611980617046356,-0.05771015211939812,-1.0234686136245728,0.003237500786781311,-0.689094603061676,0.004619268700480461,-0.9801563024520874,0.0012306664139032364,0.2640925347805023,-0.643139660358429,-0.10966227203607559,0.32656851410865784,-0.10966227203607559,1.1225446462631226,-0.10966227203607559,1.12406325340271,0.43197450041770935,116.5
558,-0.1096278578042984,0.3265058994293213,-0.10959909111261368,1.122463583946228,-0.10962402075529099,1.1240359544754028,0.4268052279949188,0.7250000238418579,-9.833403478626593e-16,0.0009313454502262175,3.9650823253390577e-17,0.0012874481035396457,-5.709718336730006e-16,0.0006848128396086395,0.06878260523080826,-0.0,0.3771955668926239,-0.1696367859840393,-0.07581790536642075,-0.09485138952732086,-0.9954648017883301,-0.007282839622348547,-0.9937620162963867,0.09511511772871017,-0.05822529271245003,-1.0213963985443115,0.0039936453104019165,-0.6875326037406921,0.008829860016703606,-0.9800202250480652,-0.006109287962317467,0.2629152536392212,-0.6440721750259399,-0.10966227203607559,0.3266257047653198,-0.10966227203607559,1.1227284669876099,-0.10966227203607559,1.1238527297973633,0.4346926808357239,116.5
559,-0.1096278578042984,0.3265250623226166,-0.10959909111261368,1.1224981546401978,-0.10962402075529099,1.1240378618240356,0.4295893907546997,0.7250000238418579,-9.833403478626593e-16,0.0006300278473645449,3.9650823253390577e-17,0.001123093068599701,-5.709718336730006e-16,8.217753929784521e-05,0.06933045387268066,-0.0,0.37751221656799316,-0.16978241503238678,-0.075630784034729,-0.09570951014757156,-0.9953817129135132,-0.007407366763800383,-0.9936327338218689,0.0959804430603981,-0.059005770832300186,-1.0209431648254395,0.0038574188947677612,-0.6871833801269531,0.012059776112437248,-0.9808363914489746,-0.011668791994452477,0.2626086175441742,-0.6449221968650818,-0.10966227203607559,0.326640784740448,-0.10966227203607559,1.1228599548339844,-0.10966227203607559,1.123687744140625,0.43746766448020935,116.5
560,-0.1096278578042984,0.32656726241111755,-0.10959909111261368,1.122572898864746,-0.10962402075529099,1.1240378618240356,0.4323371350765228,0.7250000238418579,-9.833403478626593e-16,0.0007943828823044896,3.9650823253390577e-17,0.0013970182044431567,-5.709718336730006e-16,2.739251431194134e-05,0.06911130994558334,-0.0,0.3767935633659363,-0.16955800354480743,-0.07608959823846817,-0.0968734547495842,-0.9952549338340759,-0.009117013774812222,-0.9935648441314697,0.09724096953868866,-0.05807826295495033,-1.02382230758667,0.0025538504123687744,-0.6903815865516663,0.004415450617671013,-0.9790604114532471,-0.00215320847928524,0.263467013835907,-0.645940899848938,-0.10966227203607559,0.3266438841819763,-0.10966227203607559,1.122705340385437,-0.10966227203607559,1.1239732503890991,0.44024115800857544,116.5
561,-0.1096278578042984,0.3265998363494873,-0.10959909111261368,1.122693657875061,-0.10962402075529099,1.124009132385254,0.4354012608528137,0.7250000238418579,-9.833403478626593e-16,0.0008491679327562451,3.9650823253390577e-17,0.0025201113894581795,-5.709718336730006e-16,-0.0004108877037651837,0.06817996501922607,-0.0,0.3769458830356598,-0.16959291696548462,-0.07604032754898071,-0.09614622592926025,-0.9953306913375854,-0.008527470752596855,-0.9936386346817017,0.09648041427135468,-0.058084577322006226,-1.023789882659912,0.004940390586853027,-0.6910173892974854,0.0064538996666669846,-0.9781786203384399,-0.0037681367248296738,0.26236042380332947,-0.6475731730461121,-0.10966227203607559,0.3267480432987213,-0.10966227203607559,1.1228872537612915,-0.10966227203607559,1.1238961219787598,0.44327208399772644,116.5
562,-0.1096278578042984,0.32661327719688416,-0.10959909111261368,1.1227493286132812,-0.10962402075529099,1.123991847038269,0.4380320608615875,0.7250000238418579,-9.833403478626593e-16,0.00046567272511310875,3.9650823253390577e-17,0.0019448684761300683,-5.709718336730006e-16,-0.0006026353221386671,0.06691991537809372,-0.0,0.37695804238319397,-0.16961511969566345,-0.07600745558738708,-0.09556401520967484,-0.9953880310058594,-0.00837790872901678,-0.9936865568161011,0.09589085727930069,-0.05824051797389984,-1.0235801935195923,0.003668665885925293,-0.6914981603622437,0.005443422123789787,-0.977576732635498,-0.00449310801923275,0.26238900423049927,-0.6478927135467529,-0.10966227203607559,0.3267233371734619,-0.10966227203607559,1.1229126453399658,-0.10966227203607559,1.123857021331787,0.4459037184715271,116.5
563,-0.1096278578042984,0.32664012908935547,-0.10959909111261368,1.1227953433990479,-0.10962402075529099,1.1239650249481201,0.44082197546958923,0.7250000238418579,-9.833403478626593e-16,0.0005204577464610338,3.9650823253390577e-17,0.0011778781190514565,-5.709718336730006e-16,-0.0005478502716869116,0.06785126030445099,-0.0,0.37658706307411194,-0.16951720416545868,-0.07621421664953232,-0.09575707465410233,-0.9953662753105164,-0.008749918080866337,-0.9937031865119934,0.09610344469547272,-0.05760296434164047,-1.0245280265808105,0.0011806786060333252,-0.6926595568656921,0.0011336784809827805,-0.9771764278411865,3.9050355553627014e-05,0.2634720802307129,-0.6478959321975708,-0.10966227203607559,0.32667553424835205,-0.10966227203607559,1.1228293180465698,-0.10966227203607559,1.1239662170410156,0.4487261474132538,116.5
564,-0.1096278578042984,0.32665738463401794,-0.10959909111261368,1.122847080230713,-0.10962402075529099,1.1239361763000488,0.4435984790325165,0.7250000238418579,-9.833403478626593e-16,0.0005478502716869116,3.9650823253390577e-17,0.0012600556947290897,-5.709718336730006e-16,-0.0007122053648345172,0.06993308663368225,-0.0,0.37672775983810425,-0.16956232488155365,-0.07611958682537079,-0.09602119773626328,-0.9953397512435913,-0.008871614001691341,-0.99366295337677,0.0963749960064888,-0.0578422024846077,-1.0242096185684204,0.0013756155967712402,-0.6923208832740784,0.003147868439555168,-0.9779123067855835,-0.0021431948989629745,0.26347172260284424,-0.6486116647720337,-0.10966227203607559,0.3266986608505249,-0.10966227203607559,1.122941493988037,-0.10966227203607559,1.123871922492981,0.45150262117385864,116.5
565,-0.1096278578042984,0.3266669511795044,-0.10959909111261368,1.1228797435760498,-0.10962402075529099,1.1239285469055176,0.4463423788547516,0.7260000109672546,-9.833403478626593e-16,0.00030131766106933355,3.9650823253390577e-17,0.0010135229676961899,-5.709718336730006e-16,-0.0003834952076431364,0.0686730295419693,-0.0,0.37680456042289734,-0.16956086456775665,-0.07610982656478882,-0.09653476625680923,-0.9952900409698486,-0.008877375163137913,-0.9935834407806396,0.09688965976238251,-0.05834679678082466,-1.0235812664031982,0.0018268227577209473,-0.6923708319664001,0.003746090456843376,-0.9770602583885193,-0.0015467312186956406,0.26269587874412537,-0.6490544676780701,-0.10966227203607559,0.32672175765037537,-0.10966227203607559,1.1229921579360962,-0.10966227203607559,1.1238821744918823,0.45422324538230896,116.5
566,-0.1096278578042984,0.3266707956790924,-0.10959909111261368,1.1228930950164795,-0.10962402075529099,1.123924732208252,0.44912272691726685,0.7250000238418579,-9.833403478626593e-16,0.0001369625679217279,3.9650823253390577e-17,0.000493065279442817,-5.709718336730006e-16,-0.00010957005724776536,0.06927566975355148,-0.0,0.3768426477909088,-0.16960400342941284,-0.07605080306529999,-0.09584586322307587,-0.9953681230545044,-0.007469923701137304,-0.9936742186546326,0.09611858427524567,-0.05807523429393768,-1.0232269763946533,2.816319465637207e-05,-0.6927443146705627,0.0040006618946790695,-0.9771419763565063,-0.0014841463416814804,0.26350918412208557,-0.6488564014434814,-0.10966227203607559,0.32667163014411926,-0.10966227203607559,1.1230131387710571,-0.10966227203607559,1.12388014793396,0.45702800154685974,116.5
567,-0.1096278578042984,0.3266746401786804,-0.10959909111261368,1.1229199171066284,-0.10962402075529099,1.123924732208252,0.45186471939086914,0.7250000238418579,-9.833403478626593e-16,0.00010957005724776536,3.9650823253390577e-17,0.0005204577464610338,-5.709718336730006e-16,-2.739251431194134e-05,0.06870042532682419,-0.0,0.3772350251674652,-0.1696888953447342,-0.0757974162697792,-0.09575549513101578,-0.9953736066818237,-0.007893173955380917,-0.9936857223510742,0.09605295211076736,-0.05798721686005592,-1.0216424465179443,0.0014175474643707275,-0.6917259097099304,0.008284537121653557,-0.9771049618721008,-0.0053453948348760605,0.26261410117149353,-0.6491948366165161,-0.10966227203607559,0.32671716809272766,-0.10966227203607559,1.1231684684753418,-0.10966227203607559,1.1237643957138062,0.4597431421279907,116.5
568,-0.1096278578042984,0.32667654752731323,-0.10959909111261368,1.1229448318481445,-0.10962402075529099,1.1239209175109863,0.4546412229537964,0.7250000238418579,-9.833403478626593e-16,5.478502862388268e-05,3.9650823253390577e-17,0.0006574203143827617,-5.709718336730006e-16,-5.478502862388268e-05,0.06916610151529312,-0.0,0.37704020738601685,-0.16963070631027222,-0.0759519413113594,-0.0969354659318924,-0.9952561259269714,-0.008291203528642654,-0.9935377836227417,0.09725557267665863,-0.058515094220638275,-1.0226523876190186,0.000941157341003418,-0.6931213736534119,0.006558297201991081,-0.9765750169754028,-0.0026337411254644394,0.2628386914730072,-0.6501069068908691,-0.10966227203607559,0.3267047703266144,-0.10966227203607559,1.1231415271759033,-0.10966227203607559,1.1238418817520142,0.4625263810157776,116.5
569,-0.1096278578042984,0.32667654752731323,-0.10959909111261368,1.1230138540267944,-0.10962402075529099,1.1238939762115479,0.45740237832069397,0.7250000238418579,-9.833403478626593e-16,2.739251431194134e-05,3.9650823253390577e-17,0.001232663169503212,-5.709718336730006e-16,-0.00043828022899106145,0.06908392161130905,-0.0,0.3766677677631378,-0.16952992975711823,-0.07618477195501328,-0.09586499631404877,-0.9953587055206299,-0.00841890275478363,-0.9936627149581909,0.09619347751140594,-0.0581478476524353,-1.0242353677749634,0.0006908178329467773,-0.6952044367790222,0.002746371552348137,-0.9754396080970764,0.0012967083603143692,0.2630431652069092,-0.6514454483985901,-0.10966227203607559,0.3266972601413727,-0.10966227203607559,1.123096227645874,-0.10966227203607559,1.1239328384399414,0.46529367566108704,116.5
570,-0.1096278578042984,0.32667845487594604,-0.10959909111261368,1.123065710067749,-0.10962402075529099,1.1238633394241333,0.4601482152938843,0.7250000238418579,-9.833403478626593e-16,2.739251431194134e-05,3.9650823253390577e-17,0.0015339808305725455,-5.709718336730006e-16,-0.0007669904152862728,0.06878260523080826,-0.0,0.3768928050994873,-0.16960091888904572,-0.07606743276119232,-0.09683746099472046,-0.995262086391449,-0.008707977831363678,-0.9935474991798401,0.09718222916126251,-0.05847225338220596,-1.0239646434783936,0.0019132494926452637,-0.6952523589134216,0.005207745358347893,-0.9753296971321106,-0.0014541056007146835,0.26235848665237427,-0.6523916721343994,-0.10966227203607559,0.32673585414886475,-0.10966227203607559,1.12322199344635,-0.10966227203607559,1.1238197088241577,0.4680189788341522,116.5
571,-0.1096278578042984,0.32667845487594604,-0.10959909111261368,1.1230829954147339,-0.10962402075529099,1.1238595247268677,0.46291130781173706,0.7250000238418579,-9.833403478626593e-16,-3.695456518104743e-15,3.9650823253390577e-17,0.0007669904152862728,-5.709718336730006e-16,-0.0003561026824172586,0.06889217346906662,-0.0,0.3773099184036255,-0.1696946769952774,-0.07578523457050323,-0.09592145681381226,-0.9953593611717224,-0.007671246770769358,-0.9936413764953613,0.09620668739080429,-0.058489829301834106,-1.0214765071868896,0.001876339316368103,-0.6934201717376709,0.009480474516749382,-0.975692629814148,-0.005506029352545738,0.2619631588459015,-0.6518452763557434,-0.10966227203607559,0.3267347514629364,-0.10966227203607559,1.123367428779602,-0.10966227203607559,1.1236943006515503,0.4707702100276947,116.5
572,-0.1096278578042984,0.32667845487594604,-0.10959909111261368,1.1231136322021484,-0.10962402075529099,1.1238538026809692,0.4656379520893097,0.7250000238418579,-9.833403478626593e-16,-3.695456518104743e-15,3.9650823253390577e-17,0.0006026353221386671,-5.709718336730006e-16,-8.217753929784521e-05,0.06856346130371094,-0.0,0.3771454989910126,-0.1696826070547104,-0.07587570697069168,-0.09603816270828247,-0.9953441619873047,-0.008163164369761944,-0.9936412572860718,0.09635160863399506,-0.05825262516736984,-1.0222296714782715,0.0012333989143371582,-0.6947845220565796,0.007842479273676872,-0.9750995635986328,-0.0022494103759527206,0.2623072862625122,-0.6521499752998352,-0.10966227203607559,0.32671546936035156,-0.10966227203607559,1.1233489513397217,-0.10966227203607559,1.1237863302230835,0.4735071659088135,116.5
573,-0.1096278578042984,0.32667845487594604,-0.10959909111261368,1.123201847076416,-0.10962402075529099,1.123813509941101,0.46876153349876404,0.7250000238418579,-9.833403478626593e-16,-3.695456518104743e-15,3.9650823253390577e-17,0.0015887657646089792,-5.709718336730006e-16,-0.0006300278473645449,0.06908392161130905,-0.0,0.3776510953903198,-0.16980259120464325,-0.07556399703025818,-0.09595603495836258,-0.9953644871711731,-0.006481311284005642,-0.9936256408691406,0.09617137163877487,-0.05881393328309059,-1.0207607746124268,0.004365667700767517,-0.6936314702033997,0.013884274289011955,-0.9753074645996094,-0.00916384719312191,0.2607711851596832,-0.6537474989891052,-0.10966227203607559,0.32680943608283997,-0.10966227203607559,1.1236183643341064,-0.10966227203607559,1.123538613319397,0.47658467292785645,116.5
574,-0.1096278578042984,0.32668039202690125,-0.10959909111261368,1.1232651472091675,-0.10962402075529099,1.1237694025039673,0.4713808000087738,0.7250000238418579,-9.833403478626593e-16,2.739251431194134e-05,3.9650823253390577e-17,0.0017805134411901236,-5.709718336730006e-16,-0.0010957005433738232,0.06708426773548126,-0.0,0.3769821226596832,-0.16962884366512299,-0.07596512883901596,-0.0959744080901146,-0.9953591227531433,-0.007009247783571482,-0.9936743974685669,0.09621971845626831,-0.05790409445762634,-1.023465871810913,0.0030362755060195923,-0.6969504356384277,0.006044624373316765,-0.9730038642883301,-0.001444270834326744,0.26125216484069824,-0.654879093170166,-0.10966227203607559,0.32677146792411804,-0.10966227203607559,1.1234464645385742,-0.10966227203607559,1.1237261295318604,0.47921836376190186,116.5
575,-0.1096278578042984,0.3266880512237549,-0.10959909111261368,1.1234184503555298,-0.10962402075529099,1.1236850023269653,0.4743701219558716,0.7250000238418579,-9.833403478626593e-16,0.0001369625679217279,3.9650823253390577e-17,0.0028762139845639467,-5.709718336730006e-16,-0.0016983358655124903,0.07097400724887848,-0.0,0.3773403465747833,-0.1697198748588562,-0.0757407620549202,-0.09671841561794281,-0.9952864050865173,-0.0071101002395153046,-0.9935899376869202,0.0969686433672905,-0.05810438096523285,-1.0231988430023193,0.0057363808155059814,-0.6960766315460205,0.010679392144083977,-0.9744360446929932,-0.006866266950964928,0.2605590522289276,-0.6567585468292236,-0.10966227203607559,0.32686012983322144,-0.10966227203607559,1.1237388849258423,-0.10966227203607559,1.1234790086746216,0.482186883687973,116.5
576,-0.1096278578042984,0.3266918957233429,-0.10959909111261368,1.123489499092102,-0.10962402075529099,1.1236543655395508,0.4769779145717621,0.7250000238418579,-9.833403478626593e-16,0.00016435507859569043,3.9650823253390577e-17,0.002739251358434558,-5.709718336730006e-16,-0.0013970182044431567,0.06933045387268066,-0.0,0.37691450119018555,-0.16962137818336487,-0.07601556181907654,-0.09612330794334412,-0.9953344464302063,-0.00834301020950079,-0.9936401844024658,0.09644679725170135,-0.058113809674978256,-1.0247875452041626,0.004641860723495483,-0.6986894011497498,0.005808083340525627,-0.9728647470474243,7.332302629947662e-05,0.26109233498573303,-0.657192587852478,-0.10966227203607559,0.3268311619758606,-0.10966227203607559,1.1236637830734253,-0.10966227203607559,1.1236565113067627,0.4848106801509857,116.5
577,-0.1096278578042984,0.32673215866088867,-0.10959909111261368,1.1235815286636353,-0.10962402075529099,1.1236045360565186,0.4797965884208679,0.7260000109672546,-9.833403478626593e-16,0.0006300278473645449,3.9650823253390577e-17,0.0019448684761300683,-5.709718336730006e-16,-0.000986130558885634,0.06796082854270935,-0.0,0.3772064447402954,-0.16964091360569,-0.0758250504732132,-0.0971556231379509,-0.9952385425567627,-0.007812845520675182,-0.9935398697853088,0.09744637459516525,-0.05816057696938515,-1.0225580930709839,0.00597575306892395,-0.6969738006591797,0.008610544726252556,-0.9721900224685669,-0.0013096239417791367,0.2599256634712219,-0.6567689180374146,-0.10966227203607559,0.32691141963005066,-0.10966227203607559,1.1238398551940918,-0.10966227203607559,1.1235651969909668,0.4875943660736084,116.5
578,-0.1096278578042984,0.3267666697502136,-0.10959909111261368,1.1236562728881836,-0.10962402075529099,1.1235910654067993,0.48247915506362915,0.7250000238418579,-9.833403478626593e-16,0.000986130558885634,3.9650823253390577e-17,0.002136616036295891,-5.709718336730006e-16,-0.0007943828823044896,0.06872782111167908,-0.0,0.3772904574871063,-0.169716015458107,-0.07578539848327637,-0.09640609472990036,-0.9953174591064453,-0.007000345271080732,-0.9936147332191467,0.09665057808160782,-0.058210402727127075,-1.0225446224212646,0.005976080894470215,-0.6976659297943115,0.010363547131419182,-0.9724353551864624,-0.001103391870856285,0.26041552424430847,-0.65693598985672,-0.10966227203607559,0.326945960521698,-0.10966227203607559,1.123967170715332,-0.10966227203607559,1.1235579252243042,0.49029162526130676,116.5
579,-0.1096278578042984,0.3268299400806427,-0.10959909111261368,1.12373685836792,-0.10962402075529099,1.1235853433609009,0.48524031043052673,0.7250000238418579,-9.833403478626593e-16,0.001232663169503212,3.9650823253390577e-17,0.0018900834256783128,-5.709718336730006e-16,-0.0001917476038215682,0.06807039678096771,-0.0,0.3771316111087799,-0.16967017948627472,-0.07588568329811096,-0.09665214270353317,-0.9952869415283203,-0.007886726409196854,-0.9935941696166992,0.09694787859916687,-0.05806688964366913,-1.0228683948516846,0.005585625767707825,-0.6988185048103333,0.00900527648627758,-0.9715555310249329,0.003525087609887123,0.26066556572914124,-0.6569464206695557,-0.10966227203607559,0.3269975185394287,-0.10966227203607559,1.124006986618042,-0.10966227203607559,1.1236910820007324,0.49306029081344604,116.5
580,-0.1096278578042984,0.32688939571380615,-0.10959909111261368,1.1238384246826172,-0.10962402075529099,1.1235853433609009,0.48796695470809937,0.7250000238418579,-9.833403478626593e-16,0.0015887657646089792,3.9650823253390577e-17,0.002355756238102913,-5.709718336730006e-16,-5.478502862388268e-05,0.0686730295419693,-0.0,0.37728002667427063,-0.16968826949596405,-0.07578473538160324,-0.09707491099834442,-0.9952458739280701,-0.00787765346467495,-0.9935480952262878,0.09736957401037216,-0.05814887210726738,-1.022328495979309,0.007276639342308044,-0.6986497044563293,0.011525480076670647,-0.9714041948318481,0.0029752347618341446,0.26009273529052734,-0.6576519012451172,-0.10966227203607559,0.327107697725296,-0.10966227203607559,1.1241841316223145,-0.10966227203607559,1.1236746311187744,0.495769739151001,116.5
581,-0.1096278578042984,0.32691431045532227,-0.10959909111261368,1.1239304542541504,-0.10962402075529099,1.1235853433609009,0.4907108545303345,0.7250000238418579,-9.833403478626593e-16,0.0009587379754520953,3.9650823253390577e-17,0.002437933813780546,-5.709718336730006e-16,-6.34413185289139e-17,0.06842649728059769,-0.0,0.3773502707481384,-0.1697138547897339,-0.07572530955076218,-0.09667696058750153,-0.9952839016914368,-0.007966899313032627,-0.993584394454956,0.09697762131690979,-0.0581844337284565,-1.022367238998413,0.007032051682472229,-0.6993035674095154,0.011534897610545158,-0.9709650278091431,0.0024965498596429825,0.2599019706249237,-0.6585580110549927,-0.10966227203607559,0.32712528109550476,-0.10966227203607559,1.1242765188217163,-0.10966227203607559,1.1236602067947388,0.49850791692733765,116.5
582,-0.1096278578042984,0.32697758078575134,-0.10959909111261368,1.1240321397781372,-0.10962402075529099,1.1235853433609009,0.4934413433074951,0.7250000238418579,-9.833403478626593e-16,0.0011778781190514565,3.9650823253390577e-17,0.0024105412885546684,-5.709718336730006e-16,-6.34413185289139e-17,0.0683717131614685,-0.0,0.3769487142562866,-0.16958056390285492,-0.07601518929004669,-0.09741818159818649,-0.9952095150947571,-0.008227700367569923,-0.9935098886489868,0.09773290902376175,-0.058192476630210876,-1.0236896276474,0.005984514951705933,-0.7011221051216125,0.007418898865580559,-0.9697588682174683,0.008238384500145912,0.26034414768218994,-0.6592808961868286,-0.10966227203607559,0.3271571099758148,-0.10966227203607559,1.1242547035217285,-0.10966227203607559,1.1238324642181396,0.5012516379356384,116.5
583,-0.1096278578042984,0.3270561993122101,-0.10959909111261368,1.1241509914398193,-0.10962402075529099,1.1235853433609009,0.49646905064582825,0.7250000238418579,-9.833403478626593e-16,0.0017531209159642458,3.9650823253390577e-17,0.002629681257531047,-5.709718336730006e-16,-6.34413185289139e-17,0.06768690049648285,-0.0,0.3775637745857239,-0.1697368621826172,-0.0756143108010292,-0.09703775495290756,-0.9952400922775269,-0.008987356908619404,-0.9935140609741211,0.09739934653043747,-0.05867817997932434,-1.0212483406066895,0.008990705013275146,-0.6993551850318909,0.01475447230041027,-0.9701333045959473,0.0018314216285943985,0.25900793075561523,-0.6594848036766052,-0.10966227203607559,0.3273259103298187,-0.10966227203607559,1.1245936155319214,-0.10966227203607559,1.1236402988433838,0.5042392611503601,116.5
584,-0.1096278578042984,0.32709455490112305,-0.10959909111261368,1.1242142915725708,-0.10962402075529099,1.1236026287078857,0.49925705790519714,0.7250000238418579,-9.833403478626593e-16,0.0012600556947290897,3.9650823253390577e-17,0.0020270459353923798,-5.709718336730006e-16,0.0002465326397214085,0.06848128885030746,-0.0,0.3775585889816284,-0.16975992918014526,-0.07567264139652252,-0.09691021591424942,-0.9952667951583862,-0.007235939148813486,-0.9935341477394104,0.09716842323541641,-0.05872074514627457,-1.0210707187652588,0.006917983293533325,-0.6996639370918274,0.01411685161292553,-0.9701124429702759,0.0024078581482172012,0.2595495879650116,-0.6595960855484009,-0.10966227203607559,0.32730209827423096,-0.10966227203607559,1.1246378421783447,-0.10966227203607559,1.1236748695373535,0.5070435404777527,116.5
585,-0.1096278578042984,0.32716742157936096,-0.10959909111261368,1.1243715286254883,-0.10962402075529099,1.1236159801483154,0.502075731754303,0.7250000238418579,-9.833403478626593e-16,0.0014244107296690345,3.9650823253390577e-17,0.0029036065097898245,-5.709718336730006e-16,0.0004108877037651837,0.07028919458389282,-0.0,0.3768809139728546,-0.16958867013454437,-0.0760187953710556,-0.09638530761003494,-0.9953168034553528,-0.00737364124506712,-0.9936502575874329,0.09665065258741379,-0.05760064348578453,-1.0239334106445312,0.006523311138153076,-0.7027203440666199,0.007945237681269646,-0.9689596891403198,0.011624345555901527,0.2603258192539215,-0.6611705422401428,-0.10966227203607559,0.32736313343048096,-0.10966227203607559,1.1246098279953003,-0.10966227203607559,1.1239646673202515,0.5098854899406433,116.5
586,-0.1096278578042984,0.32720768451690674,-0.10959909111261368,1.1245076656341553,-0.10962402075529099,1.1236467361450195,0.5049519538879395,0.7250000238418579,-9.833403478626593e-16,0.0013970182044431567,3.9650823253390577e-17,0.003697989508509636,-5.709718336730006e-16,0.0005752427969127893,0.07113835960626602,-0.0,0.37732625007629395,-0.16968032717704773,-0.07578768581151962,-0.09639567881822586,-0.9953163266181946,-0.00730214873328805,-0.9936417937278748,0.09665708243846893,-0.05773580074310303,-1.022653341293335,0.009209215641021729,-0.7018347382545471,0.01324555091559887,-0.9692150950431824,0.007680544629693031,0.2592602074146271,-0.6621613502502441,-0.10966227203607559,0.3274839520454407,-0.10966227203607559,1.124904990196228,-0.10966227203607559,1.1238771677017212,0.5127297639846802,116.5
587,-0.1096278578042984,0.3272498846054077,-0.10959909111261368,1.124578595161438,-0.10962402075529099,1.1237770318984985,0.5076096057891846,0.7250000238418579,-9.833403478626593e-16,0.000986130558885634,3.9650823253390577e-17,0.0024105412885546684,-5.709718336730006e-16,0.002218793611973524,0.06886477768421173,-0.0,0.37695080041885376,-0.16960492730140686,-0.07601949572563171,-0.09675309807062149,-0.9952757358551025,-0.008063450455665588,-0.9935778379440308,0.09705924242734909,-0.05816004425287247,-1.0233874320983887,0.00621834397315979,-0.7042248845100403,0.008589593693614006,-0.9675679206848145,0.017292210832238197,0.2602364718914032,-0.6613503694534302,-0.10966227203607559,0.3274364471435547,-0.10966227203607559,1.1248363256454468,-0.10966227203607559,1.1242958307266235,0.51541668176651,116.5
588,-0.1096278578042984,0.3273419141769409,-0.10959909111261368,1.124687910079956,-0.10962402075529099,1.1238614320755005,0.5103784203529358,0.7250000238418579,-9.833403478626593e-16,0.0017805134411901236,3.9650823253390577e-17,0.002246186137199402,-5.709718336730006e-16,0.002739251358434558,0.06779646873474121,-0.0,0.3776814639568329,-0.16978199779987335,-0.07558958977460861,-0.09649889916181564,-0.995305597782135,-0.007393742445856333,-0.993584930896759,0.09676682949066162,-0.05852480232715607,-1.0198817253112793,0.00916820764541626,-0.7015819549560547,0.01739772967994213,-0.967886745929718,0.01084274984896183,0.25885650515556335,-0.6606252193450928,-0.10966227203607559,0.32761695981025696,-0.10966227203607559,1.1252098083496094,-0.10966227203607559,1.1241867542266846,0.5181441307067871,116.5
589,-0.1096278578042984,0.3274032771587372,-0.10959909111261368,1.124781847000122,-0.10962402075529099,1.1240665912628174,0.5134041905403137,0.7250000238418579,-9.833403478626593e-16,0.0017805134411901236,3.9650823253390577e-17,0.0023831487633287907,-5.709718336730006e-16,0.0036432044580578804,0.06820736080408096,-0.0,0.37655025720596313,-0.16950316727161407,-0.07621493190526962,-0.0955643504858017,-0.995388388633728,-0.008326614275574684,-0.9937185049057007,0.09588669240474701,-0.05769934132695198,-1.0237555503845215,0.006239458918571472,-0.7064638137817383,0.006716905161738396,-0.9657182693481445,0.027130017057061195,0.26047754287719727,-0.6616436243057251,-0.10966227203607559,0.3275904655456543,-0.10966227203607559,1.124983310699463,-0.10966227203607559,1.1248804330825806,0.5212185382843018,116.5
590,-0.1096278578042984,0.32748955488204956,-0.10959909111261368,1.124969720840454,-0.10962402075529099,1.1241739988327026,0.5161691904067993,0.7250000238418579,-9.833403478626593e-16,0.0017531209159642458,3.9650823253390577e-17,0.003588419407606125,-5.709718336730006e-16,0.003561026882380247,0.06823474913835526,-0.0,0.3766458332538605,-0.16950839757919312,-0.07617604732513428,-0.0973787009716034,-0.9952074885368347,-0.008910704404115677,-0.9934927821159363,0.09773453325033188,-0.05848115682601929,-1.0243659019470215,0.008828684687614441,-0.7074616551399231,0.008449224755167961,-0.9650130271911621,0.02693445421755314,0.2594444155693054,-0.663562536239624,-0.10966227203607559,0.327754408121109,-0.10966227203607559,1.125223159790039,-0.10966227203607559,1.1249819993972778,0.5239525437355042,116.5
591,-0.1096278578042984,0.32752981781959534,-0.10959909111261368,1.1250195503234863,-0.10962402075529099,1.1244865655899048,0.5188804864883423,0.7250000238418579,-9.833403478626593e-16,0.0015339808305725455,3.9650823253390577e-17,0.002821428934112191,-5.709718336730006e-16,0.005588072817772627,0.06853607296943665,-0.0,0.37757086753845215,-0.16975092887878418,-0.07563561946153641,-0.09656502306461334,-0.9952961206436157,-0.007801342289894819,-0.9935767650604248,0.09685686230659485,-0.058514613658189774,-1.0198712348937988,0.010314196348190308,-0.7041003108024597,0.01907181553542614,-0.9661405682563782,0.020823249593377113,0.25862178206443787,-0.66184401512146,-0.10966227203607559,0.3278392553329468,-0.10966227203607559,1.12559175491333,-0.10966227203607559,1.1251112222671509,0.5266391634941101,116.5
592,-0.1096278578042984,0.3276218771934509,-0.10959909111261368,1.125080943107605,-0.10962402075529099,1.1247358322143555,0.5216167569160461,0.7250000238418579,-9.833403478626593e-16,0.0016983358655124903,3.9650823253390577e-17,0.0012052706442773342,-5.709718336730006e-16,0.0070946612395346165,0.0681251809000969,-0.0,0.37686607241630554,-0.16956797242164612,-0.07609261572360992,-0.09514930844306946,-0.9954432845115662,-0.006269002798944712,-0.9937760233879089,0.0953526571393013,-0.05759430676698685,-1.0205042362213135,0.005568206310272217,-0.706075131893158,0.012039003893733025,-0.9646031856536865,0.03326500207185745,0.26038166880607605,-0.6604921817779541,-0.10966227203607559,0.32778891921043396,-0.10966227203607559,1.1254421472549438,-0.10966227203607559,1.125733733177185,0.5294281840324402,116.5
593,-0.1096278578042984,0.3277273178100586,-0.10959909111261368,1.1252784729003906,-0.10962402075529099,1.1249313354492188,0.5243280529975891,0.7260000109672546,-9.833403478626593e-16,0.002602288732305169,3.9650823253390577e-17,0.003588419407606125,-5.709718336730006e-16,0.005314147565513849,0.06804300844669342,-0.0,0.37758731842041016,-0.16976144909858704,-0.07557624578475952,-0.09650062024593353,-0.995303213596344,-0.007690172176808119,-0.9935863018035889,0.09678592532873154,-0.05847031623125076,-1.0192492008209229,0.013361424207687378,-0.7041324377059937,0.021856633946299553,-0.9650549292564392,0.01990104652941227,0.2570986747741699,-0.6633439660072327,-0.10966227203607559,0.3281281590461731,-0.10966227203607559,1.12593412399292,-0.10966227203607559,1.125528335571289,0.5320410132408142,116.5
594,-0.1096278578042984,0.3277771770954132,-0.10959909111261368,1.1254088878631592,-0.10962402075529099,1.125301480293274,0.5270432233810425,0.7250000238418579,-9.833403478626593e-16,0.001835298491641879,3.9650823253390577e-17,0.004136269446462393,-5.709718336730006e-16,0.007395979017019272,0.06787864863872528,-0.0,0.3771006762981415,-0.16962580382823944,-0.0758904293179512,-0.0961500033736229,-0.9953386187553406,-0.007496266160160303,-0.993619978427887,0.09642452746629715,-0.05849490314722061,-1.0211290121078491,0.01206234097480774,-0.7078230977058411,0.01776665262877941,-0.9632035493850708,0.03208101540803909,0.25795793533325195,-0.6640961170196533,-0.10966227203607559,0.3281390368938446,-0.10966227203607559,1.1259418725967407,-0.10966227203607559,1.1262638568878174,0.5347819328308105,116.5
595,-0.1096278578042984,0.3279344141483307,-0.10959909111261368,1.1256293058395386,-0.10962402075529099,1.125504732131958,0.5297296047210693,0.7250000238418579,-9.833403478626593e-16,0.002739251358434558,3.9650823253390577e-17,0.00441019469872117,-5.709718336730006e-16,0.007067268714308739,0.06733079999685287,-0.0,0.37670981884002686,-0.16949930787086487,-0.07617674767971039,-0.09660697728395462,-0.9952932596206665,-0.007643889170140028,-0.9935807585716248,0.09688921272754669,-0.05839265510439873,-1.022172451019287,0.012220710515975952,-0.7093330025672913,0.01469227485358715,-0.9618164300918579,0.03699255734682083,0.25789564847946167,-0.6649835705757141,-0.10966227203607559,0.3283010423183441,-0.10966227203607559,1.1260700225830078,-0.10966227203607559,1.1266144514083862,0.5374664664268494,116.5
596,-0.1096278578042984,0.32804179191589355,-0.10959909111261368,1.1257904767990112,-0.10962402075529099,1.1258958578109741,0.5324293971061707,0.7250000238418579,-9.833403478626593e-16,0.003341886680573225,3.9650823253390577e-17,0.004848475102335215,-5.709718336730006e-16,0.007587726227939129,0.06746776401996613,-0.0,0.3768436014652252,-0.16956067085266113,-0.07601410895586014,-0.09664341062307358,-0.9952841997146606,-0.008329483680427074,-0.9935805797576904,0.09696563333272934,-0.05826926976442337,-1.0215553045272827,0.014319539070129395,-0.7092200517654419,0.01799502782523632,-0.9616808891296387,0.03648222237825394,0.2572444677352905,-0.6653652191162109,-0.10966227203607559,0.3284713625907898,-0.10966227203607559,1.1263303756713867,-0.10966227203607559,1.1269903182983398,0.5401467084884644,116.5
597,-0.1096278578042984,0.32815682888031006,-0.10959909111261368,1.1259150505065918,-0.10962402075529099,1.1262831687927246,0.5351195931434631,0.7250000238418579,-9.833403478626593e-16,0.0026844663079828024,3.9650823253390577e-17,0.0033966717310249805,-5.709718336730006e-16,0.009970875456929207,0.06713905185461044,-0.0,0.3772250711917877,-0.1696586012840271,-0.07582386583089828,-0.09679533541202545,-0.9952729344367981,-0.007900083437561989,-0.9935364723205566,0.09709323197603226,-0.05880570039153099,-1.0189480781555176,0.012666121125221252,-0.7080845236778259,0.021958617493510246,-0.9618023037910461,0.03789002448320389,0.25749078392982483,-0.6637172698974609,-0.10966227203607559,0.3285368084907532,-0.10966227203607559,1.1265738010406494,-0.10966227203607559,1.1274198293685913,0.542844295501709,116.5
598,-0.1096278578042984,0.3283044993877411,-0.10959909111261368,1.1261125802993774,-0.10962402075529099,1.126660943031311,0.5378385782241821,0.7250000238418579,-9.833403478626593e-16,0.003369279205799103,3.9650823253390577e-17,0.004136269446462393,-5.709718336730006e-16,0.009505202062427998,0.06787864863872528,-0.0,0.3773568868637085,-0.16969530284404755,-0.07572399824857712,-0.0966075211763382,-0.995290994644165,-0.007926766760647297,-0.9935962557792664,0.09690576046705246,-0.05810106545686722,-1.0184012651443481,0.014697849750518799,-0.7074856758117676,0.024945644661784172,-0.9617717266082764,0.03467155247926712,0.2567232549190521,-0.6646296977996826,-0.10966227203607559,0.32874542474746704,-0.10966227203607559,1.1268609762191772,-0.10966227203607559,1.1277010440826416,0.5455402731895447,116.5
599,-0.1096278578042984,0.3284176290035248,-0.10959909111261368,1.126336932182312,-0.10962402075529099,1.1270579099655151,0.5405173301696777,0.7250000238418579,-9.833403478626593e-16,0.003232316579669714,3.9650823253390577e-17,0.005451110191643238,-5.709718336730006e-16,0.00969695020467043,0.06716644763946533,-0.0,0.37718576192855835,-0.16965121030807495,-0.07583174109458923,-0.09554022550582886,-0.9953954219818115,-0.007745334878563881,-0.9937000274658203,0.09582967311143875,-0.0581112802028656,-1.019364833831787,0.016421228647232056,-0.7093241810798645,0.024340001866221428,-0.9603251814842224,0.03741372376680374,0.25595253705978394,-0.6664358377456665,-0.10966227203607559,0.3289102613925934,-0.10966227203607559,1.1270670890808105,-0.10966227203607559,1.1281802654266357,0.5481958985328674,116.5
600,-0.1096278578042984,0.3285595178604126,-0.10959909111261368,1.1265881061553955,-0.10962402075529099,1.1274011135101318,0.5432554483413696,0.7250000238418579,-9.833403478626593e-16,0.003232316579669714,3.9650823253390577e-17,0.005998960696160793,-5.709718336730006e-16,0.009176491759717464,0.06798821687698364,-0.0,0.37739649415016174,-0.16970613598823547,-0.07574213296175003,-0.09604808688163757,-0.995344340801239,-0.008024289272725582,-0.993626594543457,0.0963539332151413,-0.058498185127973557,-1.0190168619155884,0.01761747896671295,-0.7089741826057434,0.02684294991195202,-0.9604754447937012,0.033033616840839386,0.2552986145019531,-0.6677162647247314,-0.10966227203607559,0.329088032245636,-0.10966227203607559,1.127393364906311,-0.10966227203607559,1.1283921003341675,0.5509144067764282,116.5
601,-0.1096278578042984,0.32873401045799255,-0.10959909111261368,1.1268411874771118,-0.10962402075529099,1.127774953842163,0.5459054112434387,0.7250000238418579,-9.833403478626593e-16,0.004081484396010637,3.9650823253390577e-17,0.006355063058435917,-5.709718336730006e-16,0.008984744548797607,0.06700208783149719,-0.0,0.37735405564308167,-0.16968557238578796,-0.07574567943811417,-0.09602618217468262,-0.99535071849823,-0.007473919074982405,-0.9936518669128418,0.09629898518323898,-0.05815916880965233,-1.0186347961425781,0.01911012828350067,-0.7090755105018616,0.027516303583979607,-0.9594075679779053,0.03320712596178055,0.2545546293258667,-0.6683290004730225,-0.10966227203607559,0.32930731773376465,-0.10966227203607559,1.127666711807251,-0.10966227203607559,1.128771185874939,0.5535420775413513,116.5
602,-0.1096278578042984,0.3289104104042053,-0.10959909111261368,1.1271307468414307,-0.10962402075529099,1.1280760765075684,0.5486071109771729,0.7250000238418579,-9.833403478626593e-16,0.004437587223947048,3.9650823253390577e-17,0.006875521037727594,-5.709718336730006e-16,0.008327323943376541,0.06702948361635208,-0.0,0.37727805972099304,-0.1696689873933792,-0.0757979154586792,-0.0961679071187973,-0.9953301548957825,-0.008344035595655441,-0.993614137172699,0.09649237245321274,-0.05848204717040062,-1.0191881656646729,0.01992437243461609,-0.709805428981781,0.027064351364970207,-0.9588664770126343,0.03237754851579666,0.2541241943836212,-0.6697103977203369,-0.10966227203607559,0.3295081555843353,-0.10966227203607559,1.127942681312561,-0.10966227203607559,1.1290473937988281,0.5562308430671692,116.5
603,-0.1096278578042984,0.3290849030017853,-0.10959909111261368,1.1274183988571167,-0.10962402075529099,1.1284077167510986,0.5512474775314331,0.7250000238418579,-9.833403478626593e-16,0.004437587223947048,3.9650823253390577e-17,0.007231623865664005,-5.709718336730006e-16,0.007889044471085072,0.06653641909360886,-0.0,0.3766964375972748,-0.1695048213005066,-0.07617037743330002,-0.09677707403898239,-0.9952666759490967,-0.008853768929839134,-0.993565559387207,0.09712985903024673,-0.058251604437828064,-1.0214903354644775,0.018733322620391846,-0.7124763131141663,0.020780829712748528,-0.9570953845977783,0.03858942538499832,0.2542994022369385,-0.6714327335357666,-0.10966227203607559,0.32964688539505005,-0.10966227203607559,1.1280418634414673,-0.10966227203607559,1.1295653581619263,0.5588764548301697,116.5
604,-0.1096278578042984,0.3292689621448517,-0.10959909111261368,1.127681016921997,-0.10962402075529099,1.1287413835525513,0.5539185404777527,0.7250000238418579,-9.833403478626593e-16,0.004492372274398804,3.9650823253390577e-17,0.006820735987275839,-5.709718336730006e-16,0.008354716934263706,0.06648163497447968,-0.0,0.376952588558197,-0.16959047317504883,-0.07599012553691864,-0.09683085232973099,-0.9952675104141235,-0.008142605423927307,-0.9935575127601624,0.09714201092720032,-0.05836834758520126,-1.0201120376586914,0.01884309947490692,-0.711627185344696,0.023474929854273796,-0.9571043252944946,0.03629107028245926,0.25398749113082886,-0.671334981918335,-0.10966227203607559,0.3298342525959015,-0.10966227203607559,1.128385305404663,-0.10966227203607559,1.1298301219940186,0.5615381598472595,116.5
605,-0.1096278578042984,0.3294626474380493,-0.10959909111261368,1.1278939247131348,-0.10962402075529099,1.129211187362671,0.5569078922271729,0.7250000238418579,-9.833403478626593e-16,0.00441019469872117,3.9650823253390577e-17,0.005368932615965605,-5.709718336730006e-16,0.00972434226423502,0.06653641909360886,-0.0,0.376912921667099,-0.16957756876945496,-0.07602287828922272,-0.09572485834360123,-0.9953711032867432,-0.008549889549612999,-0.9936867356300354,0.09606070816516876,-0.0579572357237339,-1.0187273025512695,0.01606886088848114,-0.7112742066383362,0.02309962920844555,-0.9568572640419006,0.039646513760089874,0.2547237277030945,-0.6701352000236511,-0.10966227203607559,0.3299447000026703,-0.10966227203607559,1.1285868883132935,-0.10966227203607559,1.130400538444519,0.5645496249198914,116.5
606,-0.1096278578042984,0.32965630292892456,-0.10959909111261368,1.1281278133392334,-0.10962402075529099,1.1295448541641235,0.5593929290771484,0.7250000238418579,-9.833403478626593e-16,0.004547157324850559,3.9650823253390577e-17,0.005259362515062094,-5.709718336730006e-16,0.00931345485150814,0.06396152079105377,-0.0,0.37770015001296997,-0.16980041563510895,-0.07551652938127518,-0.09574848413467407,-0.995381772518158,-0.006880761124193668,-0.993668794631958,0.09598730504512787,-0.05838403105735779,-1.0154449939727783,0.018364474177360535,-0.7086265683174133,0.030993906781077385,-0.9567571878433228,0.0284163448959589,0.25303682684898376,-0.670049250125885,-0.10966227203607559,0.3302072286605835,-0.10966227203607559,1.1290576457977295,-0.10966227203607559,1.1303973197937012,0.5669840574264526,116.5
607,-0.1096278578042984,0.3298077881336212,-0.10959909111261368,1.128361701965332,-0.10962402075529099,1.129947543144226,0.5621330142021179,0.7250000238418579,-9.833403478626593e-16,0.004245839547365904,3.9650823253390577e-17,0.00591678312048316,-5.709718336730006e-16,0.009258669801056385,0.06568724662065506,-0.0,0.37706056237220764,-0.16960544884204865,-0.0759248435497284,-0.09729970246553421,-0.9952204823493958,-0.008304504677653313,-0.9934930205345154,0.09762036055326462,-0.05866694077849388,-1.0183048248291016,0.017023861408233643,-0.7115625739097595,0.02496298961341381,-0.955643892288208,0.03572387248277664,0.2535094618797302,-0.6721985936164856,-0.10966227203607559,0.33031851053237915,-0.10966227203607559,1.12911057472229,-0.10966227203607559,1.1310192346572876,0.5697383284568787,116.5
608,-0.1096278578042984,0.3299688696861267,-0.10959909111261368,1.1286858320236206,-0.10962402075529099,1.1302082538604736,0.5647043585777283,0.7250000238418579,-9.833403478626593e-16,0.003862344427034259,3.9650823253390577e-17,0.007149446289986372,-5.709718336730006e-16,0.008053398691117764,0.06628988683223724,-0.0,0.37738656997680664,-0.169686421751976,-0.07574733346700668,-0.09631863236427307,-0.9953242540359497,-0.007233134936541319,-0.9936407208442688,0.09657639265060425,-0.057888228446245193,-1.0178755521774292,0.019136682152748108,-0.710881769657135,0.027736036106944084,-0.9555670022964478,0.028231093659996986,0.2523375153541565,-0.6742369532585144,-0.10966227203607559,0.33054298162460327,-0.10966227203607559,1.129517912864685,-0.10966227203607559,1.131055235862732,0.5722745060920715,116.5
609,-0.1096278578042984,0.3301107585430145,-0.10959909111261368,1.1289159059524536,-0.10962402075529099,1.1305803060531616,0.5674367547035217,0.7250000238418579,-9.833403478626593e-16,0.0037801668513566256,3.9650823253390577e-17,0.006820735987275839,-5.709718336730006e-16,0.007998614571988583,0.06626249104738235,-0.0,0.37744995951652527,-0.1697297990322113,-0.07566244900226593,-0.09638746082782745,-0.9953145980834961,-0.007632462307810783,-0.9936090111732483,0.09666917473077774,-0.058276403695344925,-1.017516851425171,0.01864813268184662,-0.7108975648880005,0.028222618624567986,-0.955459713935852,0.026327261701226234,0.25221776962280273,-0.6747332215309143,-0.10966227203607559,0.33067020773887634,-0.10966227203607559,1.1297625303268433,-0.10966227203607559,1.1313700675964355,0.5750032663345337,116.5
610,-0.1096278578042984,0.3303159177303314,-0.10959909111261368,1.129193902015686,-0.10962402075529099,1.1308257579803467,0.5700522065162659,0.7250000238418579,-9.833403478626593e-16,0.004382802173495293,3.9650823253390577e-17,0.006327670533210039,-5.709718336730006e-16,0.007587726227939129,0.06689251959323883,-0.0,0.37779709696769714,-0.1698170006275177,-0.07545840740203857,-0.09558594226837158,-0.9953982830047607,-0.006747480481863022,-0.9936792254447937,0.09581732749938965,-0.05848594754934311,-1.0153911113739014,0.01897360384464264,-0.7089126706123352,0.03197246789932251,-0.9560572504997253,0.020471641793847084,0.2518656551837921,-0.6745592355728149,-0.10966227203607559,0.330885112285614,-0.10966227203607559,1.1301530599594116,-0.10966227203607559,1.1314399242401123,0.5776081681251526,116.5
611,-0.1096278578042984,0.330501914024353,-0.10959909111261368,1.129498839378357,-0.10962402075529099,1.1311267614364624,0.5730721950531006,0.7250000238418579,-9.833403478626593e-16,0.0046293349005281925,3.9650823253390577e-17,0.00693030608817935,-5.709718336730006e-16,0.006327670533210039,0.06618031114339828,-0.0,0.377149760723114,-0.1696050465106964,-0.07587777823209763,-0.09625086188316345,-0.9953252077102661,-0.00796766858547926,-0.993653416633606,0.09655118733644485,-0.05771215632557869,-1.017982006072998,0.018080249428749084,-0.7115544676780701,0.024665115401148796,-0.9539027810096741,0.025393137708306313,0.25178536772727966,-0.6767902374267578,-0.10966227203607559,0.3310443162918091,-0.10966227203607559,1.1302387714385986,-0.10966227203607559,1.131888508796692,0.5806257724761963,116.5
612,-0.1096278578042984,0.33066490292549133,-0.10959909111261368,1.1298036575317383,-0.10962402075529099,1.131293535232544,0.5755457282066345,0.7250000238418579,-9.833403478626593e-16,0.003999307285994291,3.9650823253390577e-17,0.007231623865664005,-5.709718336730006e-16,0.005259362515062094,0.06431762129068375,-0.0,0.3776344954967499,-0.169777512550354,-0.07559051364660263,-0.09593802690505981,-0.9953562021255493,-0.007867343723773956,-0.9936175346374512,0.09623556584119797,-0.05884639546275139,-1.0170902013778687,0.019188493490219116,-0.7111451029777527,0.028029916808009148,-0.9538025856018066,0.01648450829088688,0.25065746903419495,-0.6782016158103943,-0.10966227203607559,0.33124056458473206,-0.10966227203607559,1.1306445598602295,-0.10966227203607559,1.1317880153656006,0.5830654501914978,116.5