step,next_obs_0,next_obs_1,next_obs_2,next_obs_3,next_obs_4,next_obs_5,next_obs_6,next_obs_7,next_obs_8,next_obs_9,next_obs_10,next_obs_11,next_obs_12,next_obs_13,next_obs_14,next_obs_15,next_obs_16,next_obs_17,next_obs_18,next_obs_19,next_obs_20,next_obs_21,next_obs_22,next_obs_23,next_obs_24,next_obs_25,next_obs_26,next_obs_27,next_obs_28,next_obs_29,next_obs_30,next_obs_31,next_obs_32,next_obs_33,next_obs_34,next_obs_35,next_obs_36,next_obs_37,next_obs_38,next_obs_39,next_obs_40,next_obs_41,next_obs_42,next_obs_43,next_obs_44,next_obs_45,next_obs_46,next_obs_47,next_obs_48,next_obs_49,next_obs_50,next_obs_51,next_obs_52,next_obs_53,next_obs_54,next_obs_55,next_obs_56,next_obs_57,next_obs_58,next_obs_59,next_obs_60,next_obs_61,next_obs_62,next_obs_63,next_obs_64
0,-0.04300893098115921,-0.32657450437545776,0.31795403361320496,0.5882493853569031,-0.4143344461917877,0.96922367811203,-0.2174922078847885,0.7313544750213623,0.26216912269592285,0.43861624598503113,0.4827820360660553,0.4701330065727234,-0.4062621593475342,-0.4447663426399231,0.35636451840400696,-0.4460519552230835,0.023386644199490547,-0.2233068197965622,-0.21302703022956848,0.8573686480522156,0.2997138202190399,1.0237605571746826,-0.3685356080532074,0.7306174039840698,0.5910665392875671,0.4490211308002472,0.4845725893974304,-0.5531073212623596,0.3965989053249359,0.4476560652256012,0.34982001781463623,0.46309998631477356,0.36174625158309937,0.29291772842407227,0.061663106083869934,0.6462576389312744,-0.6685504913330078,0.3679555058479309,0.08348506689071655,-0.41733992099761963,-0.9049075245857239,0.4363331198692322,-0.31947851181030273,0.11644625663757324,0.04966038465499878,-0.9601473808288574,-0.2750471234321594,0.12340055406093597,0.279175341129303,-0.9522781372070312,0.3259754478931427,-0.015689849853515625,-0.03100001811981201,-0.7993401288986206,-0.6008788347244263,-4.1751724211280816e-07,0.6008788347244263,-0.7993401288986206,5.888460350433888e-07,0.48108384013175964,-0.041459403932094574,-0.030999906361103058,0.17086705565452576,0.010079704225063324,-0.031000129878520966
1,-0.017176395282149315,-0.33618617057800293,0.3466690182685852,0.6150225400924683,-0.4419066905975342,0.9399080872535706,-0.18788447976112366,0.7316792011260986,0.5706784129142761,-0.3356131315231323,0.4866082966327667,0.5440373420715332,-0.37514597177505493,-0.44809916615486145,0.41443711519241333,-0.09340035170316696,0.05092663690447807,-0.20571798086166382,-0.18265491724014282,0.8262856006622314,0.3282434642314911,1.0538411140441895,-0.3434534966945648,0.7307112216949463,0.5886802673339844,0.2883284091949463,0.4941376745700836,-0.507540225982666,0.3963370621204376,0.4428938925266266,0.3503146767616272,0.31193867325782776,0.3901548683643341,0.31666994094848633,0.07981723546981812,0.6548985838890076,-0.6284268498420715,0.4197469651699066,0.17438215017318726,-0.41477489471435547,-0.8930580019950867,0.409731388092041,-0.2821989059448242,0.09621782600879669,0.05480515956878662,-0.9488321542739868,-0.3109886348247528,0.039075467735528946,0.3132562041282654,-0.9488644599914551,0.3259753882884979,-0.015689849853515625,-0.031000014394521713,-0.7993401288986206,-0.6008787751197815,-1.135189222623012e-06,0.6008787751197815,-0.7993401288986206,5.051333005212655e-07,0.4810837507247925,-0.04145941138267517,-0.030999835580587387,0.17086702585220337,0.010079711675643921,-0.03100019320845604
2,0.012033074162900448,-0.3650384545326233,0.37614014744758606,0.6452801823616028,-0.42958855628967285,0.9099281430244446,-0.15814028680324554,0.73146653175354,0.5823611617088318,-0.5372141003608704,0.48508915305137634,0.5417643189430237,0.19014771282672882,-0.4481348395347595,0.4163012206554413,-0.570859432220459,0.06273052841424942,-0.18773199617862701,-0.1504555344581604,0.796396791934967,0.3523077070713043,1.0838972330093384,-0.3156633973121643,0.7308053970336914,0.22593677043914795,0.34255099296569824,0.46639662981033325,-0.5172126889228821,0.3284786641597748,0.44162535667419434,0.3887108862400055,0.19018326699733734,0.4153156280517578,0.35355520248413086,0.10436628758907318,0.6414452195167542,-0.6159428358078003,0.45734286308288574,0.2690810561180115,-0.37763655185699463,-0.885994553565979,0.38083571195602417,-0.25443124771118164,0.0781596302986145,0.04195910692214966,-0.9402051568031311,-0.3380141854286194,-0.0430874228477478,0.33629465103149414,-0.9407705664634705,0.3259754776954651,-0.015689849853515625,-0.031000062823295593,-0.7993401288986206,-0.6008790731430054,-8.489293463753711e-07,0.6008790731430054,-0.7993401288986206,-1.711103436718986e-07,0.4810838997364044,-0.04145938158035278,-0.030999992042779922,0.17086705565452576,0.010079681873321533,-0.031000133603811264
3,0.04190082848072052,-0.3950081467628479,0.4056788980960846,0.676324725151062,-0.410171777009964,0.8798143863677979,-0.12838619947433472,0.7313659191131592,0.5787243843078613,-0.5243862867355347,0.48746049404144287,0.5388323068618774,0.28646841645240784,-0.4482998251914978,0.41606950759887695,-0.44702252745628357,0.06514235585927963,-0.16180001199245453,-0.11993395537137985,0.7669451236724854,0.37065833806991577,1.1137017011642456,-0.2866781949996948,0.730891227722168,0.14299337565898895,0.4901975989341736,0.4571475386619568,-0.5295397043228149,0.24932216107845306,0.44113075733184814,0.40544408559799194,0.15898574888706207,0.4352916181087494,0.39476442337036133,0.13121208548545837,0.6253529787063599,-0.6110041737556458,0.4853942394256592,0.35834577679634094,-0.32770776748657227,-0.8741831183433533,0.3489837348461151,-0.2344522476196289,0.059212103486061096,0.01470959186553955,-0.9346872568130493,-0.35516658425331116,-0.13001736998558044,0.35040128231048584,-0.927531361579895,0.3259755074977875,-0.015689849853515625,-0.031000062823295593,-0.7993403673171997,-0.6008787751197815,-6.127658025434357e-07,0.6008787751197815,-0.7993403673171997,2.0665558508881077e-07,0.4810839295387268,-0.04145943745970726,-0.03099997341632843,0.17086708545684814,0.01007973775267601,-0.031000152230262756
4,0.07192590832710266,-0.42434948682785034,0.43534767627716064,0.707271158695221,-0.38944220542907715,0.8497249484062195,-0.09862852096557617,0.7313015460968018,0.5795556902885437,-0.5198006629943848,0.4927639067173004,0.5398239493370056,0.30338841676712036,-0.44867023825645447,0.41590771079063416,-0.36965805292129517,0.0777209997177124,-0.13493719696998596,-0.09112600982189178,0.7367761135101318,0.3857380151748657,1.1433848142623901,-0.2577376067638397,0.7309868931770325,0.42079415917396545,0.46751734614372253,0.4700125455856323,-0.5227440595626831,0.2106771320104599,0.44169244170188904,0.40485820174217224,-0.013183053582906723,0.449672132730484,0.4383125305175781,0.15966717898845673,0.6104878187179565,-0.6094074845314026,0.5058924555778503,0.4406246244907379,-0.26944220066070557,-0.8563007712364197,0.31368720531463623,-0.21445178985595703,0.04228481650352478,-0.005476713180541992,-0.9312840700149536,-0.3642529249191284,-0.22135239839553833,0.35635119676589966,-0.9077538847923279,0.3259755074977875,-0.015689849853515625,-0.031000062823295593,-0.7993401288986206,-0.6008788347244263,-6.103164196247235e-07,0.6008788347244263,-0.7993401288986206,2.0406577050380292e-07,0.4810838997364044,-0.041459403932094574,-0.03099997341632843,0.17086711525917053,0.010079704225063324,-0.031000152230262756
5,0.10179898887872696,-0.4525400698184967,0.4652501046657562,0.7382126450538635,-0.3805868327617645,0.819624125957489,-0.06886329501867294,0.7313123941421509,0.5692006945610046,-0.504217267036438,0.4956824481487274,0.5398808717727661,0.13615682721138,-0.4486459195613861,0.415756493806839,-0.38516172766685486,0.10224519670009613,-0.10993274301290512,-0.06173214316368103,0.7066019177436829,0.3970666527748108,1.1730715036392212,-0.23034532368183136,0.7310259342193604,0.6064050793647766,0.4328463673591614,0.47802990674972534,-0.5208479166030884,0.15876665711402893,0.4419179856777191,0.3832617402076721,0.006644972134381533,0.45979034900665283,0.4816622734069824,0.19070962071418762,0.5987850427627563,-0.6018334031105042,0.5284439325332642,0.5197246670722961,-0.21003758907318115,-0.8281124830245972,0.2752092480659485,-0.19455623626708984,0.028572402894496918,-0.0105971097946167,-0.9307972192764282,-0.3653824031352997,-0.31466737389564514,0.34994322061538696,-0.8823401927947998,0.3259755074977875,-0.015689849853515625,-0.031000062823295593,-0.7993401288986206,-0.6008787751197815,-6.100017344579101e-07,0.6008787751197815,-0.7993401288986206,2.0135840372859093e-07,0.48108386993408203,-0.04145941138267517,-0.03099997341632843,0.17086714506149292,0.010079711675643921,-0.031000152230262756
6,0.12948070466518402,-0.4766830801963806,0.49532637000083923,0.769263505935669,-0.37904974818229675,0.7894629240036011,-0.039121054112911224,0.7312748432159424,0.5231278538703918,-0.4283915162086487,0.49446097016334534,0.5284592509269714,0.0329681858420372,-0.4472081959247589,0.4152730703353882,-0.34723132848739624,0.13043498992919922,-0.08910346776247025,-0.03128272667527199,0.6763628721237183,0.3883357048034668,1.202830195426941,-0.21735329926013947,0.7312152981758118,0.6016197204589844,0.3581674098968506,0.47623926401138306,-0.5154275894165039,-0.122858427464962,0.4410213828086853,0.1828734576702118,-0.3005060851573944,0.46513938903808594,0.5243492126464844,0.22213000059127808,0.589287519454956,-0.5924549698829651,0.5493062138557434,0.5902454257011414,-0.1485598087310791,-0.7934359312057495,0.23419895768165588,-0.18307828903198242,0.017132148146629333,0.01732999086380005,-0.9350396394729614,-0.35411936044692993,-0.4069112241268158,0.31691986322402954,-0.8567293286323547,0.3259755074977875,-0.015689849853515625,-0.031000062823295593,-0.7993403673171997,-0.6008787751197815,-6.095078219914285e-07,0.6008787751197815,-0.7993403673171997,1.9888354074737435e-07,0.4810839295387268,-0.04145943745970726,-0.03099997341632843,0.17086708545684814,0.01007973775267601,-0.031000152230262756
7,0.15141265094280243,-0.4865978956222534,0.5258256196975708,0.8000032305717468,-0.3854544460773468,0.7591062188148499,-0.009479330852627754,0.7311713695526123,0.40200626850128174,-0.15665636956691742,0.4883064925670624,0.47789815068244934,-0.08048342168331146,-0.4415864050388336,0.4138321876525879,-0.21756239235401154,0.15712116658687592,-0.07216372340917587,-0.001014030771329999,0.6467815041542053,0.3889370560646057,1.2323572635650635,-0.20151779055595398,0.7311890721321106,0.588316798210144,0.2896721065044403,0.47254160046577454,-0.49197494983673096,0.011824848130345345,0.4352547526359558,0.22271305322647095,-0.2706177532672882,0.4666941463947296,0.5643706321716309,0.24826890230178833,0.5854575634002686,-0.5814693570137024,0.5649183988571167,0.6441255211830139,-0.08949923515319824,-0.759665846824646,0.19464290142059326,-0.17310619354248047,0.010259643197059631,0.037237703800201416,-0.937370777130127,-0.34633713960647583,-0.48843520879745483,0.28528499603271484,-0.8246475458145142,0.3259755074977875,-0.015689849853515625,-0.031000062823295593,-0.7993401288986206,-0.6008788347244263,-6.132918883849925e-07,0.6008788347244263,-0.7993401288986206,1.9890711655534687e-07,0.4810838997364044,-0.041459403932094574,-0.03099997341632843,0.17086711525917053,0.010079704225063324,-0.031000152230262756
8,0.16490477323532104,-0.47554412484169006,0.5565751194953918,0.8288007974624634,-0.3921813666820526,0.7286790609359741,0.019959932193160057,0.7309951186180115,0.24507053196430206,0.20826014876365662,0.47979235649108887,0.40470778942108154,-0.08812215179204941,-0.4342155456542969,0.41134560108184814,-0.0073763709515333176,0.18445289134979248,-0.061132270842790604,0.029047636315226555,0.6205195784568787,0.4019869565963745,1.261203646659851,-0.17779868841171265,0.731164813041687,0.6151217818260193,0.17711113393306732,0.47218409180641174,-0.41804683208465576,0.18857784569263458,0.42146581411361694,0.33282601833343506,-0.24229995906352997,0.4656488299369812,0.6006555557250977,0.2632614076137543,0.5908863544464111,-0.5737330317497253,0.5671716332435608,0.67413729429245,-0.035044193267822266,-0.737774133682251,0.15866461396217346,-0.1622629165649414,0.008348114788532257,0.045585036277770996,-0.9391200542449951,-0.34055188298225403,-0.5562639832496643,0.25929975509643555,-0.7895151376724243,0.3259755074977875,-0.015689849853515625,-0.031000062823295593,-0.7993401288986206,-0.6008787751197815,-6.19279376223858e-07,0.6008787751197815,-0.7993401288986206,1.9888238966814242e-07,0.48108386993408203,-0.04145941138267517,-0.03099997341632843,0.17086714506149292,0.010079711675643921,-0.031000152230262756
9,0.17843960225582123,-0.45271918177604675,0.5858175754547119,0.8543200492858887,-0.39085862040519714,0.6987382173538208,0.049317315220832825,0.7308374643325806,0.28083863854408264,0.35211431980133057,0.4787753224372864,0.3717209994792938,0.022868631407618523,-0.431430459022522,0.4105967581272125,0.17980170249938965,0.21219566464424133,-0.06392598897218704,0.05930967256426811,0.6017761826515198,0.42122647166252136,1.2898998260498047,-0.15292927622795105,0.7311826348304749,0.6024717688560486,-0.08357451111078262,0.47029587626457214,-0.25796541571617126,0.27857843041419983,0.41127392649650574,0.34904909133911133,-0.2677695155143738,0.46061092615127563,0.6364684104919434,0.2696446180343628,0.6062418818473816,-0.5706445574760437,0.5539273619651794,0.6850996613502502,0.02102208137512207,-0.7281458973884583,0.13001176714897156,-0.15080833435058594,0.011922493577003479,0.0568159818649292,-0.9396476745605469,-0.33739325404167175,-0.6040435433387756,0.2367178201675415,-0.7609837055206299,0.3259755074977875,-0.015689849853515625,-0.031000062823295593,-0.7993403673171997,-0.6008787751197815,-6.251047466321324e-07,0.6008787751197815,-0.7993403673171997,1.9899979974979942e-07,0.4810839295387268,-0.04145943745970726,-0.03099997341632843,0.17086708545684814,0.01007973775267601,-0.031000152230262756
10,0.19532938301563263,-0.4282098114490509,0.614585280418396,0.8775005340576172,-0.3889085352420807,0.6690444946289062,0.0788058191537857,0.7307844161987305,0.34736692905426025,0.3495911657810211,0.47901788353919983,0.3515004813671112,0.029604094102978706,-0.4301287531852722,0.41271811723709106,0.23853044211864471,0.24013039469718933,-0.061754260212183,0.08916480094194412,0.582301139831543,0.44476059079170227,1.317417025566101,-0.12710849940776825,0.7311817407608032,0.6220820546150208,0.09409590810537338,0.4694916009902954,-0.3530054986476898,0.333636999130249,0.40632399916648865,0.362427294254303,-0.26387834548950195,0.45166224241256714,0.6729521751403809,0.27380508184432983,0.6268620491027832,-0.5652807950973511,0.5361917018890381,0.6883237361907959,0.07936513423919678,-0.7210489511489868,0.09991025924682617,-0.14097213745117188,0.01556771993637085,0.06284046173095703,-0.9411462545394897,-0.3321066200733185,-0.6523759961128235,0.21309399604797363,-0.7273213267326355,0.3259755074977875,-0.015689849853515625,-0.031000062823295593,-0.7993401288986206,-0.6008788347244263,-6.148522402327217e-07,0.6008788347244263,-0.7993401288986206,1.9633561976206693e-07,0.4810838997364044,-0.041459403932094574,-0.03099997341632843,0.17086711525917053,0.010079704225063324,-0.031000152230262756
11,0.21648912131786346,-0.40563488006591797,0.6431578993797302,0.8985763192176819,-0.38618895411491394,0.6395342350006104,0.10831966251134872,0.7307432889938354,0.4246296286582947,0.31236082315444946,0.4840500056743622,0.32341769337654114,0.03808026388287544,-0.42789217829704285,0.4137314558029175,0.33129796385765076,0.2508786916732788,-0.05471209064126015,0.11617151647806168,0.5739419460296631,0.45513325929641724,1.3261754512786865,-0.10961820930242538,0.7308961749076843,-0.23929060995578766,-0.009519091807305813,0.29175639152526855,0.01585349440574646,0.16021960973739624,0.13434012234210968,0.293855220079422,0.0015452839434146881,0.4381837248802185,0.7103629112243652,0.27774545550346375,0.6511408686637878,-0.5566373467445374,0.5159170627593994,0.6859789490699768,0.1407942771911621,-0.7138696908950806,0.08402091264724731,-0.13680505752563477,0.01592382788658142,0.07140612602233887,-0.9437119960784912,-0.32296890020370483,-0.676624059677124,0.19207417964935303,-0.7108357548713684,0.3259755074977875,-0.015689849853515625,-0.031000062823295593,-0.7993401288986206,-0.6008787751197815,-6.068254947422247e-07,0.6008787751197815,-0.7993401288986206,1.9361689851393749e-07,0.48108386993408203,-0.04145941138267517,-0.03099997341632843,0.17086714506149292,0.010079711675643921,-0.031000152230262756
12,0.23779907822608948,-0.3820781409740448,0.6723771691322327,0.9089483022689819,-0.39722296595573425,0.6106036901473999,0.13789917528629303,0.7307462096214294,0.39130789041519165,0.38386642932891846,0.48709020018577576,0.10340294241905212,-0.1564950942993164,-0.4047713279724121,0.4144047200679779,0.32350072264671326,0.22810328006744385,-0.05138785392045975,0.1353931576013565,0.5749446153640747,0.45776909589767456,1.328571081161499,-0.09306170791387558,0.7309276461601257,-0.3659563362598419,0.05402837693691254,0.26758885383605957,-0.01354956440627575,-0.08956854045391083,-0.1714620143175125,0.04208412766456604,0.9488742351531982,0.4221728444099426,0.7430171966552734,0.2758420407772064,0.6776443719863892,-0.5359168648719788,0.5035783648490906,0.6786249279975891,0.19190120697021484,-0.7089725732803345,0.08370167016983032,-0.13659000396728516,0.016129083931446075,0.05288928747177124,-0.9483085870742798,-0.3129112720489502,-0.6791152954101562,0.19557565450668335,-0.7074974179267883,0.3259755074977875,-0.015689849853515625,-0.031000062823295593,-0.7993403673171997,-0.6008787751197815,-6.188743668644747e-07,0.6008787751197815,-0.7993403673171997,1.9637488435364503e-07,0.4810839295387268,-0.04145943745970726,-0.03099997341632843,0.17086708545684814,0.01007973775267601,-0.031000152230262756
13,0.2595500648021698,-0.3561995327472687,0.7006970047950745,0.9176492094993591,-0.40725165605545044,0.5822829008102417,0.16739749908447266,0.730705738067627,0.420499324798584,0.3814474642276764,0.472993940114975,0.1259959489107132,-0.14349637925624847,-0.40569981932640076,0.41402649879455566,0.32939398288726807,0.20105309784412384,-0.04586552456021309,0.15359675884246826,0.5754872560501099,0.4619406759738922,1.331373929977417,-0.07627662271261215,0.7308896780014038,-0.4121047854423523,0.08567911386489868,0.2510005533695221,-0.007061024196445942,-0.005441188812255859,-0.0636439323425293,0.13849981129169464,0.5634312033653259,0.4035566449165344,0.7742409706115723,0.2716505825519562,0.7060997486114502,-0.514159619808197,0.4868912100791931,0.6639904379844666,0.2418346405029297,-0.7075539231300354,0.08350157737731934,-0.13647222518920898,0.016264840960502625,0.027105629444122314,-0.9526090025901794,-0.302987277507782,-0.6826188564300537,0.20378684997558594,-0.7017850279808044,0.3259755074977875,-0.015689849853515625,-0.031000062823295593,-0.7993401288986206,-0.6008788347244263,-6.085867880756268e-07,0.6008788347244263,-0.7993401288986206,1.9371437076642906e-07,0.4810838997364044,-0.041459403932094574,-0.03099997341632843,0.17086711525917053,0.010079704225063324,-0.031000152230262756
14,0.28537899255752563,-0.3282696604728699,0.7273037433624268,0.9366254806518555,-0.3999379277229309,0.5533628463745117,0.1968628317117691,0.7305952906608582,0.5064377784729004,0.3801012933254242,0.4478313624858856,0.320117712020874,0.1017051711678505,-0.4248913824558258,0.4134238660335541,0.4646587371826172,0.17332062125205994,-0.041045088320970535,0.17138735949993134,0.5744140148162842,0.46931979060173035,1.3361523151397705,-0.058677393943071365,0.7308513522148132,-0.41812750697135925,0.07296618074178696,0.2414698302745819,0.001044573960825801,0.11556024104356766,0.054999515414237976,0.2705584168434143,-0.19809359312057495,0.380131334066391,0.8099002838134766,0.27192938327789307,0.7382581830024719,-0.5005515217781067,0.4521317183971405,0.6389870047569275,0.3043096661567688,-0.7064639925956726,0.082275390625,-0.13564252853393555,0.017038658261299133,-0.0032782554626464844,-0.9558780193328857,-0.29374590516090393,-0.6876460909843445,0.21542799472808838,-0.6933495402336121,0.3259755074977875,-0.015689849853515625,-0.031000062823295593,-0.7993401288986206,-0.6008787751197815,-6.005715817991586e-07,0.6008787751197815,-0.7993401288986206,1.909276790001968e-07,0.48108386993408203,-0.04145941138267517,-0.03099997714161873,0.17086714506149292,0.010079711675643921,-0.031000148504972458
15,0.3147810697555542,-0.2994856834411621,0.7506572604179382,0.9602537155151367,-0.37751641869544983,0.5240887403488159,0.2263106107711792,0.730507493019104,0.5358145833015442,0.4089464843273163,0.39078110456466675,0.3626917600631714,0.30779901146888733,-0.423361212015152,0.4150453805923462,0.5822111368179321,0.15171107649803162,-0.037814173847436905,0.1895045042037964,0.5694027543067932,0.4840039908885956,1.3497148752212524,-0.0361277274787426,0.7310305237770081,-0.04416390880942345,0.13797879219055176,0.30345600843429565,-0.3963858187198639,0.430023729801178,0.5419292449951172,0.42546290159225464,-0.04594634473323822,0.35251539945602417,0.8464102745056152,0.2747251093387604,0.7726878523826599,-0.49265342950820923,0.40030744671821594,0.6028483510017395,0.3719974160194397,-0.705826997756958,0.07557207345962524,-0.1327223777770996,0.020112082362174988,-0.03789043426513672,-0.9581619501113892,-0.28370770812034607,-0.7011424899101257,0.22778582572937012,-0.6756572127342224,0.3259755074977875,-0.015689849853515625,-0.031000062823295593,-0.7993403673171997,-0.6008787751197815,-6.267704861784296e-07,0.6008787751197815,-0.7993403673171997,1.9625066727257945e-07,0.4810839295387268,-0.04145943745970726,-0.03099997341632843,0.17086708545684814,0.01007973775267601,-0.031000152230262756
16,0.3444809913635254,-0.2700146734714508,0.7714545726776123,0.9865517020225525,-0.3497588038444519,0.49466589093208313,0.2555699050426483,0.7304696440696716,0.5366922616958618,0.4112561047077179,0.34583917260169983,0.4073185622692108,0.38470298051834106,-0.4260355532169342,0.4114660322666168,0.6231468915939331,0.168361097574234,-0.03479694947600365,0.21503178775310516,0.5420494675636292,0.5027029514312744,1.3780485391616821,-0.00834323838353157,0.731309175491333,0.6392730474472046,0.06980793923139572,0.44504424929618835,-0.44949954748153687,0.26871731877326965,0.4196828305721283,0.3895978033542633,-0.3601783514022827,0.32318422198295593,0.881258487701416,0.27985498309135437,0.8058174252510071,-0.4853323996067047,0.33927977085113525,0.5600776672363281,0.43861472606658936,-0.7028016448020935,0.044337451457977295,-0.13058948516845703,0.025151439011096954,-0.04078555107116699,-0.9641991853713989,-0.26202380657196045,-0.7472442388534546,0.20352381467819214,-0.6326168775558472,0.3259755074977875,-0.015689849853515625,-0.031000062823295593,-0.7993401288986206,-0.6008788347244263,-6.024482672728482e-07,0.6008788347244263,-0.7993401288986206,1.908699971409078e-07,0.4810838997364044,-0.041459403932094574,-0.03099997714161873,0.17086711525917053,0.010079704225063324,-0.031000148504972458
17,0.37204912304878235,-0.24425815045833588,0.7902117371559143,1.0136224031448364,-0.3223855197429657,0.46557891368865967,0.28410646319389343,0.7304937839508057,0.49883517622947693,0.3425423502922058,0.3057948350906372,0.42552614212036133,0.37605318427085876,-0.4208114445209503,0.4027508795261383,0.605297863483429,0.19931355118751526,-0.05069538205862045,0.2409360408782959,0.5317638516426086,0.5149357914924622,1.4065208435058594,0.01947578229010105,0.7313684225082397,0.5947197675704956,-0.3281823992729187,0.3954501152038574,-0.07385402917861938,0.1815265417098999,0.3975026607513428,0.39042413234710693,-0.05508502945303917,0.29416224360466003,0.912804126739502,0.28856444358825684,0.8341407179832458,-0.4767889976501465,0.2772752046585083,0.5170707702636719,0.5010336637496948,-0.6939762830734253,0.02329087257385254,-0.127777099609375,0.03292689472436905,-0.012809991836547852,-0.9693887829780579,-0.24519656598567963,-0.7719421982765198,0.1654510498046875,-0.6137843728065491,0.3259755074977875,-0.015689849853515625,-0.031000062823295593,-0.7993401288986206,-0.6008787751197815,-6.145948532321199e-07,0.6008787751197815,-0.7993401288986206,1.934995879082635e-07,0.48108386993408203,-0.04145941138267517,-0.03099997341632843,0.17086714506149292,0.010079711675643921,-0.031000152230262756
18,0.39154502749443054,-0.22708648443222046,0.8029438257217407,1.0398601293563843,-0.29882732033729553,0.4370604157447815,0.3095344305038452,0.7306659817695618,0.29297927021980286,0.20477613806724548,0.16971661150455475,0.42539122700691223,0.32800573110580444,-0.4119509756565094,0.35795122385025024,0.384164422750473,0.2278500199317932,-0.07197681069374084,0.2637358009815216,0.5513542294502258,0.5315914750099182,1.4341787099838257,0.04679349437355995,0.7313053607940674,0.5358637571334839,-0.39730629324913025,0.344631165266037,0.3909000754356384,0.24877528846263885,0.37791746854782104,0.3826621472835541,-0.023831896483898163,0.27212074398994446,0.937863826751709,0.302574098110199,0.8525693416595459,-0.4730600416660309,0.22212554514408112,0.48415473103523254,0.5549066662788391,-0.6765151619911194,0.018355965614318848,-0.11761331558227539,0.04346372187137604,0.015729904174804688,-0.9696630239486694,-0.24393896758556366,-0.7740423679351807,0.14262741804122925,-0.6168597340583801,0.3259755074977875,-0.015689849853515625,-0.031000062823295593,-0.7993403673171997,-0.6008787751197815,-6.267779895097192e-07,0.6008787751197815,-0.7993403673171997,1.9610948243098392e-07,0.4810839295387268,-0.04145943745970726,-0.03099997341632843,0.17086708545684814,0.01007973775267601,-0.031000152230262756
19,0.4040570855140686,-0.21196764707565308,0.8103408813476562,1.0619618892669678,-0.2759239375591278,0.41054567694664,0.3275783658027649,0.7307192087173462,0.1804521232843399,0.2159147560596466,0.10099883377552032,0.3266906142234802,0.3184739053249359,-0.37574511766433716,0.2541019022464752,0.3273150324821472,0.25328174233436584,-0.0934545025229454,0.27832120656967163,0.577418863773346,0.5460145473480225,1.4582258462905884,0.07369870692491531,0.7312204837799072,0.42667829990386963,-0.3570435643196106,0.21698731184005737,0.418158620595932,0.2116273045539856,0.33475446701049805,0.37785959243774414,-0.05114172026515007,0.2570480704307556,0.9565844535827637,0.3157063126564026,0.8648189306259155,-0.4716821014881134,0.1720588654279709,0.45695725083351135,0.5974401831626892,-0.6589804291725159,0.018456459045410156,-0.10660696029663086,0.05403432250022888,0.037612318992614746,-0.9686475992202759,-0.24557510018348694,-0.7684178352355957,0.12907052040100098,-0.6267972588539124,0.3259755074977875,-0.015689849853515625,-0.031000062823295593,-0.7993401288986206,-0.6008788347244263,-6.22817196926917e-07,0.6008788347244263,-0.7993401288986206,1.959879512014595e-07,0.4810838997364044,-0.041459403932094574,-0.03099997341632843,0.17086711525917053,0.010079704225063324,-0.031000152230262756
20,0.4059033691883087,-0.19957831501960754,0.815929651260376,1.0773322582244873,-0.253545343875885,0.3852042555809021,0.3316936492919922,0.7308337092399597,-0.02074924297630787,0.17973685264587402,0.055585771799087524,0.22510883212089539,0.31247225403785706,-0.3565949499607086,0.05884676054120064,0.18231996893882751,0.27545595169067383,-0.1120842918753624,0.2880913019180298,0.605408787727356,0.5562108159065247,1.4771740436553955,0.09995563328266144,0.7311932444572449,0.38449379801750183,-0.31535616517066956,0.1501983106136322,0.4481964707374573,0.15213556587696075,0.26234570145606995,0.3682345151901245,-0.042527616024017334,0.2498125433921814,0.9691667556762695,0.3261799216270447,0.8722577691078186,-0.4702511429786682,0.13427673280239105,0.4377272129058838,0.6282790899276733,-0.643164336681366,0.020914912223815918,-0.09626960754394531,0.06365454196929932,0.05559647083282471,-0.9674738645553589,-0.24678604304790497,-0.758894681930542,0.11967402696609497,-0.6401225924491882,0.3259755074977875,-0.015689849853515625,-0.031000062823295593,-0.7993401288986206,-0.6008787751197815,-6.147051294647099e-07,0.6008787751197815,-0.7993401288986206,1.9332262013449508e-07,0.48108386993408203,-0.04145941138267517,-0.03099997341632843,0.17086714506149292,0.010079711675643921,-0.031000152230262756
21,0.40481311082839966,-0.19133518636226654,0.8159587383270264,1.090567946434021,-0.22788797318935394,0.3594886064529419,0.3270195424556732,0.7308650612831116,-0.04173554480075836,0.09204348176717758,-0.02180526778101921,0.22487305104732513,0.3603147864341736,-0.3686256408691406,-0.06437354534864426,0.16008472442626953,0.2937459349632263,-0.12955807149410248,0.2961028218269348,0.6333281993865967,0.5612746477127075,1.4979944229125977,0.12512266635894775,0.7311919927597046,0.32155969738960266,-0.297615110874176,0.12403187900781631,0.43812671303749084,0.07872038334608078,0.2909257113933563,0.35300135612487793,-0.041476018726825714,0.24785882234573364,0.9785704612731934,0.33829569816589355,0.8761057257652283,-0.4712327718734741,0.10187456756830215,0.4250800609588623,0.6553127765655518,-0.6243974566459656,0.023038625717163086,-0.08806467056274414,0.07350938022136688,0.0731460452079773,-0.9665194153785706,-0.2459469586610794,-0.7499143481254578,0.1092727780342102,-0.6524476408958435,0.3259755074977875,-0.015689849853515625,-0.031000062823295593,-0.7993403673171997,-0.6008787751197815,-6.268595598157845e-07,0.6008787751197815,-0.7993403673171997,1.9594698130731558e-07,0.4810839295387268,-0.04145943745970726,-0.03099997341632843,0.17086708545684814,0.01007973775267601,-0.031000152230262756
22,0.4032936692237854,-0.18134938180446625,0.8098950982093811,1.1038843393325806,-0.2027994841337204,0.3332921266555786,0.31780725717544556,0.7309432625770569,-0.10934381932020187,0.14962022006511688,-0.12443257123231888,0.20549458265304565,0.35323724150657654,-0.3705822229385376,-0.12794740498065948,0.05865142121911049,0.30833756923675537,-0.1447901725769043,0.3044615685939789,0.6607558727264404,0.5731343030929565,1.5195213556289673,0.14930926263332367,0.7311251759529114,0.28235453367233276,-0.2614755630493164,0.13182967901229858,0.43179649114608765,0.1754911243915558,0.30128785967826843,0.33854323625564575,-0.011041567660868168,0.2507370114326477,0.9859457015991211,0.35080403089523315,0.8773906230926514,-0.47438445687294006,0.07172904908657074,0.41662952303886414,0.6792083382606506,-0.6042316555976868,0.02382272481918335,-0.07810068130493164,0.08447368443012238,0.08257901668548584,-0.9649131894111633,-0.24924559891223907,-0.7437179088592529,0.1068105697631836,-0.6599055528640747,0.3259755074977875,-0.015689849853515625,-0.031000062823295593,-0.7993401288986206,-0.6008788347244263,-6.22955212747911e-07,0.6008788347244263,-0.7993401288986206,1.9581418087000202e-07,0.4810838997364044,-0.041459403932094574,-0.03099997341632843,0.17086711525917053,0.010079704225063324,-0.031000152230262756
23,0.3989843428134918,-0.1732194870710373,0.8023221492767334,1.1171751022338867,-0.17795667052268982,0.3067795932292938,0.3143606185913086,0.7309362888336182,-0.10338038951158524,0.09276041388511658,-0.13310208916664124,0.22647397220134735,0.35109999775886536,-0.380315363407135,-0.04759988561272621,0.08012885600328445,0.32143768668174744,-0.15930494666099548,0.31484660506248474,0.6864334940910339,0.5894023776054382,1.5425158739089966,0.1724822074174881,0.7311119437217712,0.28458404541015625,-0.2514698803424835,0.16707880795001984,0.4009174406528473,0.23849375545978546,0.32417505979537964,0.32471540570259094,-0.03175440430641174,0.2568981945514679,0.9916200637817383,0.36483001708984375,0.8742892742156982,-0.483877032995224,0.038488004356622696,0.41355016827583313,0.7010060548782349,-0.5810049772262573,0.02200484275817871,-0.06765270233154297,0.09628050029277802,0.09009653329849243,-0.9627748727798462,-0.25484734773635864,-0.740960955619812,0.10618394613265991,-0.6631001830101013,0.3259755074977875,-0.015689849853515625,-0.031000062823295593,-0.7993401288986206,-0.6008787751197815,-6.147402586975659e-07,0.6008787751197815,-0.7993401288986206,1.9312793142489681e-07,0.48108386993408203,-0.04145941138267517,-0.03099997341632843,0.17086714506149292,0.010079711675643921,-0.031000152230262756
24,0.3941620886325836,-0.16926944255828857,0.7952771186828613,1.1322258710861206,-0.15302474796772003,0.2796016335487366,0.31505388021469116,0.7309464812278748,-0.10001040250062943,0.016973044723272324,-0.12555570900440216,0.2654469907283783,0.3535505533218384,-0.3929799795150757,0.01022912934422493,0.06846176832914352,0.3346928060054779,-0.17270037531852722,0.3278377652168274,0.7103164792060852,0.6096426844596863,1.5668578147888184,0.19485072791576385,0.7311145663261414,0.30257001519203186,-0.23157387971878052,0.2093556821346283,0.37093088030815125,0.2952381670475006,0.3446124792098999,0.3141152262687683,-0.028822127729654312,0.2631833851337433,0.996920108795166,0.38269850611686707,0.8692861795425415,-0.49429020285606384,0.004319414496421814,0.4143335521221161,0.7238488793373108,-0.551697850227356,0.01698368787765503,-0.05701732635498047,0.10870859026908875,0.09820425510406494,-0.9600400328636169,-0.26206690073013306,-0.7421649694442749,0.1047852635383606,-0.6619751453399658,0.3259755074977875,-0.015689849853515625,-0.031000062823295593,-0.7993403673171997,-0.6008787751197815,-6.269362415878277e-07,0.6008787751197815,-0.7993403673171997,1.957215260972589e-07,0.4810839295387268,-0.04145943745970726,-0.03099997341632843,0.17086708545684814,0.01007973775267601,-0.031000152230262756
25,0.39020588994026184,-0.17569513618946075,0.7908760905265808,1.1468441486358643,-0.1279546320438385,0.25325700640678406,0.32658419013023376,0.7308925986289978,-0.011033148504793644,-0.17004641890525818,-0.06751713901758194,0.2784903049468994,0.3555853068828583,-0.38604140281677246,0.16150593757629395,0.15842178463935852,0.3478613495826721,-0.18755589425563812,0.3401537239551544,0.7315785884857178,0.6327012181282043,1.592040777206421,0.21572937071323395,0.731082022190094,0.27309471368789673,-0.2606596052646637,0.19199523329734802,0.3357681930065155,0.33327001333236694,0.35612934827804565,0.2927134931087494,-0.027241157367825508,0.2663114070892334,1.0016319751739502,0.40535712242126465,0.8623636364936829,-0.5052624940872192,-0.03222954645752907,0.4188327491283417,0.7477161884307861,-0.5152665972709656,0.010030508041381836,-0.04674720764160156,0.12171125411987305,0.10536766052246094,-0.9567159414291382,-0.27127915620803833,-0.7454004883766174,0.10458540916442871,-0.6583616137504578,0.3259755074977875,-0.015689849853515625,-0.031000062823295593,-0.7993401288986206,-0.6008788347244263,-6.229920472833328e-07,0.6008788347244263,-0.7993401288986206,1.9563080400075705e-07,0.4810838997364044,-0.041459403932094574,-0.03099997341632843,0.17086711525917053,0.010079704225063324,-0.031000152230262756
26,0.39381542801856995,-0.18946579098701477,0.786686360836029,1.158094882965088,-0.10236961394548416,0.22939537465572357,0.34327030181884766,0.7308567762374878,0.11605414003133774,-0.25814658403396606,-0.05020098388195038,0.20746350288391113,0.3606249988079071,-0.34623196721076965,0.2334834486246109,0.19613075256347656,0.35845163464546204,-0.20095600187778473,0.34761038422584534,0.7494387626647949,0.6552286148071289,1.6161868572235107,0.23443207144737244,0.7310081124305725,0.17466995120048523,-0.22033193707466125,0.10745872557163239,0.2749243378639221,0.3216083347797394,0.33980777859687805,0.2621617019176483,-0.001662231283262372,0.2632887363433838,1.0061702728271484,0.4288380742073059,0.8573356866836548,-0.5101375579833984,-0.06881262362003326,0.42069682478904724,0.7714204788208008,-0.4774145185947418,0.003365039825439453,-0.03798723220825195,0.13413681089878082,0.10683369636535645,-0.9538450241088867,-0.280653178691864,-0.7503350973129272,0.10785889625549316,-0.6521990299224854,0.3259755074977875,-0.015689849853515625,-0.031000062823295593,-0.7993401288986206,-0.6008787751197815,-6.148387683424517e-07,0.6008787751197815,-0.7993401288986206,1.9294007813641656e-07,0.48108386993408203,-0.04145941138267517,-0.03099997341632843,0.17086714506149292,0.010079711675643921,-0.031000152230262756
27,0.4011388123035431,-0.20697815716266632,0.7816758751869202,1.1641459465026855,-0.07706333696842194,0.20991426706314087,0.36276865005493164,0.7308991551399231,0.13104288280010223,-0.29581207036972046,-0.07048289477825165,0.11826374381780624,0.3563452959060669,-0.2806793749332428,0.27300378680229187,0.12971124053001404,0.3651431202888489,-0.20942196249961853,0.35003766417503357,0.7642940282821655,0.678290843963623,1.636802315711975,0.25113725662231445,0.73099285364151,0.0957721620798111,-0.13213814795017242,0.03091612085700035,0.2255297750234604,0.32666370272636414,0.28873538970947266,0.2336437851190567,-0.0010929368436336517,0.25781264901161194,1.0090267658233643,0.4493318796157837,0.852167546749115,-0.5127025842666626,-0.1046256497502327,0.4212832450866699,0.7908211946487427,-0.4439845383167267,-0.0018376708030700684,-0.029816627502441406,0.1454147845506668,0.0988764762878418,-0.9517296552658081,-0.29057577252388,-0.7572896480560303,0.11746597290039062,-0.6424283981323242,0.3259755074977875,-0.015689849853515625,-0.031000062823295593,-0.7993403673171997,-0.6008787751197815,-6.129007488198113e-07,0.6008787751197815,-0.7993403673171997,1.9285886310171918e-07,0.4810839295387268,-0.04145943745970726,-0.03099997341632843,0.17086708545684814,0.01007973775267601,-0.031000152230262756
28,0.4082238972187042,-0.22622673213481903,0.775170087814331,1.1645385026931763,-0.05234323814511299,0.1960923671722412,0.38484224677085876,0.7309701442718506,0.10683945566415787,-0.3061961531639099,-0.09522369503974915,0.023410094901919365,0.34775587916374207,-0.1975444108247757,0.30906885862350464,0.04531969875097275,0.3677825927734375,-0.2114478200674057,0.3480609655380249,0.7750831246376038,0.702664315700531,1.6517939567565918,0.2661473751068115,0.7308388948440552,0.00902889296412468,-0.019864995032548904,-0.03828809782862663,0.1559370458126068,0.34150195121765137,0.2085079699754715,0.20878927409648895,0.2019461691379547,0.2535105347633362,1.0092287063598633,0.4649900197982788,0.8439788818359375,-0.5177129507064819,-0.1402604579925537,0.4234274923801422,0.8035926222801208,-0.4182679355144501,-0.0052034854888916016,-0.021724224090576172,0.15492293238639832,0.07974940538406372,-0.9504504203796387,-0.3004729449748993,-0.7662183046340942,0.1343621015548706,-0.6283758282661438,0.3259755074977875,-0.015689849853515625,-0.031000062823295593,-0.7993401288986206,-0.6008788347244263,-6.230857252376154e-07,0.6008788347244263,-0.7993401288986206,1.9535767137313087e-07,0.4810838997364044,-0.041459403932094574,-0.03099997341632843,0.17086711525917053,0.010079704225063324,-0.031000152230262756
29,0.4105190634727478,-0.24612954258918762,0.7694419622421265,1.1606018543243408,-0.030133256688714027,0.18917295336723328,0.40601712465286255,0.7310217618942261,0.019650405272841454,-0.30407431721687317,-0.0904131755232811,-0.04761810600757599,0.31289270520210266,-0.09837096184492111,0.29647207260131836,-0.008177882060408592,0.3688218295574188,-0.21123984456062317,0.3412422239780426,0.7821877598762512,0.7271147966384888,1.6627590656280518,0.2807528078556061,0.730785071849823,-0.017305564135313034,0.0015855614328756928,-0.10820488631725311,0.10803346335887909,0.3411312401294708,0.15223631262779236,0.20208115875720978,0.28689059615135193,0.2522321343421936,1.0067558288574219,0.47540706396102905,0.8326697945594788,-0.5267345309257507,-0.1709146350622177,0.4293149709701538,0.808968722820282,-0.40156978368759155,-0.006731748580932617,-0.013936996459960938,0.16327250003814697,0.052600204944610596,-0.9494704604148865,-0.3094172477722168,-0.7747840285301208,0.15668243169784546,-0.6125033497810364,0.3259755074977875,-0.015689849853515625,-0.031000062823295593,-0.7993401288986206,-0.6008787751197815,-6.008959303471784e-07,0.6008787751197815,-0.7993401288986206,1.8989952366155194e-07,0.48108386993408203,-0.04145941138267517,-0.03099997714161873,0.17086714506149292,0.010079711675643921,-0.031000148504972458
30,0.4102002680301666,-0.26143738627433777,0.7683946490287781,1.1550259590148926,-0.01376502588391304,0.187941312789917,0.4209851324558258,0.7309993505477905,0.02291036769747734,-0.2165410816669464,0.002362977946177125,-0.08989441394805908,0.22719860076904297,-0.01440232340246439,0.20937933027744293,0.005519036669284105,0.36812493205070496,-0.20722109079360962,0.33068180084228516,0.7863937616348267,0.7479380369186401,1.6726664304733276,0.29656782746315,0.7307611703872681,-0.06494548171758652,0.07570777833461761,-0.16570119559764862,0.0529276579618454,0.2867051959037781,0.137383833527565,0.2186538428068161,0.30998218059539795,0.25068825483322144,1.004474401473999,0.47970056533813477,0.823895275592804,-0.5335503220558167,-0.19110380113124847,0.4330885410308838,0.8102210760116577,-0.39493808150291443,-0.006930053234100342,-0.007953643798828125,0.1701718270778656,0.0200730562210083,-0.9496232271194458,-0.31275036931037903,-0.7840266227722168,0.17915832996368408,-0.5943101048469543,0.3259755074977875,-0.015689849853515625,-0.031000062823295593,-0.7993403673171997,-0.6008787751197815,-6.129848202363064e-07,0.6008787751197815,-0.7993403673171997,1.926072314972771e-07,0.4810839295387268,-0.04145943745970726,-0.03099997341632843,0.17086708545684814,0.01007973775267601,-0.031000152230262756
31,0.40642067790031433,-0.2804151177406311,0.7716076374053955,1.1448496580123901,0.000890244438778609,0.18935807049274445,0.4292762577533722,0.7310149073600769,-0.02282792329788208,-0.29781651496887207,0.05780065432190895,-0.14054347574710846,0.2044820338487625,0.019356675446033478,0.11592870205640793,0.0008875014027580619,0.36797523498535156,-0.2030125856399536,0.319043904542923,0.7894956469535828,0.7653577327728271,1.68378746509552,0.31414076685905457,0.7308060526847839,-0.019278790801763535,0.05934781953692436,-0.16998639702796936,0.047017455101013184,0.24255813658237457,0.1562991738319397,0.24403540790081024,0.2436397522687912,0.24840036034584045,1.001394510269165,0.48094290494918823,0.8176523447036743,-0.5399893522262573,-0.19964024424552917,0.4381258487701416,0.8085974454879761,-0.39270341396331787,-0.007112562656402588,-0.0035600662231445312,0.17659035325050354,-0.01149141788482666,-0.9502610564231873,-0.3112426698207855,-0.7930607199668884,0.1982436180114746,-0.5759811401367188,0.3259755074977875,-0.015689849853515625,-0.031000062823295593,-0.7993401288986206,-0.6008788347244263,-6.231084057617409e-07,0.6008788347244263,-0.7993401288986206,1.9516384952567023e-07,0.4810838997364044,-0.041459403932094574,-0.03099997341632843,0.17086711525917053,0.010079704225063324,-0.031000152230262756
32,0.4030398428440094,-0.30172115564346313,0.7761948704719543,1.136498212814331,0.015399474650621414,0.19161155819892883,0.43047046661376953,0.7309988737106323,-0.005089663900434971,-0.345354288816452,0.07771728932857513,-0.09402916580438614,0.2031746655702591,0.02624877355992794,0.01654846780002117,0.01201588660478592,0.3672829270362854,-0.19777151942253113,0.3069256842136383,0.7920448780059814,0.7772806286811829,1.6969385147094727,0.33009111881256104,0.730827808380127,-0.05659584701061249,0.08611369132995605,-0.18475094437599182,0.03101758472621441,0.16384033858776093,0.18353380262851715,0.22230316698551178,0.21449200809001923,0.24436676502227783,0.9987668991088867,0.4839826226234436,0.8155823945999146,-0.5428953170776367,-0.2002250701189041,0.44276174902915955,0.8082911968231201,-0.3881073594093323,-0.007190227508544922,-0.0014300346374511719,0.18219038844108582,-0.038844943046569824,-0.9512642621994019,-0.3059205710887909,-0.8022468090057373,0.21220988035202026,-0.5580027103424072,0.3259755074977875,-0.015689849853515625,-0.031000062823295593,-0.7993401288986206,-0.6008787751197815,-6.00866258082533e-07,0.6008787751197815,-0.7993401288986206,1.8969731740980933e-07,0.48108386993408203,-0.04145941138267517,-0.03099997714161873,0.17086714506149292,0.010079711675643921,-0.031000148504972458
33,0.4000813961029053,-0.3262656033039093,0.7806369662284851,1.1321096420288086,0.02931526117026806,0.19272767007350922,0.4238111972808838,0.7309792637825012,-0.00029208086198195815,-0.4095487594604492,0.06815560907125473,-0.017710627987980843,0.19629274308681488,0.005407596472650766,-0.09336698055267334,0.03286370635032654,0.3665790855884552,-0.19219985604286194,0.29507410526275635,0.7980119585990906,0.7830188274383545,1.7107267379760742,0.3437899649143219,0.7308827042579651,-0.04087086766958237,0.07472813129425049,-0.17759497463703156,0.0954950600862503,0.07992251962423325,0.19175662100315094,0.1910305768251419,0.1464974284172058,0.23899918794631958,0.9965405464172363,0.4916403293609619,0.8182600140571594,-0.5417633652687073,-0.19220583140850067,0.4483143091201782,0.8107028007507324,-0.37653064727783203,-0.006082475185394287,-0.0005869865417480469,0.1873280107975006,-0.0589451789855957,-0.9521576762199402,-0.2998690605163574,-0.809130072593689,0.22150522470474243,-0.5442831516265869,0.3259755074977875,-0.015689849853515625,-0.031000062823295593,-0.7993403673171997,-0.6008787751197815,-6.130152883088158e-07,0.6008787751197815,-0.7993403673171997,1.9240339099724224e-07,0.4810839295387268,-0.04145943745970726,-0.03099997341632843,0.17086708545684814,0.01007973775267601,-0.031000152230262756
34,0.3959246873855591,-0.3534470796585083,0.7858771085739136,1.1294887065887451,0.0432983934879303,0.19334079325199127,0.4142117500305176,0.7309871912002563,-0.019047165289521217,-0.438666969537735,0.08313434571027756,-0.0033690661657601595,0.19657331705093384,0.0007269242196343839,-0.13446088135242462,0.01805741712450981,0.3670508563518524,-0.18767832219600677,0.2815423309803009,0.8048492670059204,0.7855849862098694,1.7262651920318604,0.35663414001464844,0.7309001088142395,-0.035504139959812164,0.061496853828430176,-0.20423145592212677,0.10223259776830673,0.034715622663497925,0.21686914563179016,0.17926561832427979,0.12547536194324493,0.23297327756881714,0.9942731857299805,0.5015972852706909,0.8224959969520569,-0.5395110249519348,-0.18007828295230865,0.4549028277397156,0.8140407800674438,-0.3611108362674713,-0.004730582237243652,-0.0008478164672851562,0.19254863262176514,-0.0755462646484375,-0.9530826210975647,-0.293131947517395,-0.8153301477432251,0.2282794713973999,-0.532095193862915,0.3259755074977875,-0.015689849853515625,-0.031000062823295593,-0.7993401288986206,-0.6008788347244263,-6.23174912561808e-07,0.6008788347244263,-0.7993401288986206,1.9493617742227798e-07,0.4810838997364044,-0.041459403932094574,-0.03099997341632843,0.17086711525917053,0.010079704225063324,-0.031000152230262756
35,0.39035677909851074,-0.38157856464385986,0.7913673520088196,1.1293359994888306,0.05742119625210762,0.19303396344184875,0.40376171469688416,0.7309908270835876,-0.044399309903383255,-0.4570315480232239,0.07972487062215805,0.04126477986574173,0.19978433847427368,-0.01461513340473175,-0.146343395113945,0.012409164570271969,0.36820918321609497,-0.18536345660686493,0.26554590463638306,0.8127653002738953,0.7850175499916077,1.7435777187347412,0.3688707947731018,0.7309063673019409,-0.035735517740249634,0.018615206703543663,-0.2428683042526245,0.12478327751159668,-0.008702605962753296,0.24140405654907227,0.17085114121437073,0.12275807559490204,0.22687876224517822,0.992009162902832,0.5137069225311279,0.8269340991973877,-0.5369658470153809,-0.16687612235546112,0.4622596204280853,0.8181574940681458,-0.34195664525032043,-0.0026477575302124023,-0.00214385986328125,0.19806110858917236,-0.08971607685089111,-0.9539135694503784,-0.28635600209236145,-0.8200643062591553,0.23391205072402954,-0.5222830772399902,0.3259755074977875,-0.015689849853515625,-0.031000062823295593,-0.7993401288986206,-0.6008787751197815,-6.009895514580421e-07,0.6008787751197815,-0.7993401288986206,1.8950103708448296e-07,0.48108386993408203,-0.04145941138267517,-0.03099997714161873,0.17086714506149292,0.010079711675643921,-0.031000148504972458
36,0.38194796442985535,-0.4101640582084656,0.7975053787231445,1.1307729482650757,0.07045874744653702,0.19335024058818817,0.3928006589412689,0.7310103178024292,-0.09166000038385391,-0.45472100377082825,0.08766214549541473,0.05551500618457794,0.18431095778942108,-0.003964406903833151,-0.15347649157047272,-0.011233377270400524,0.3683050274848938,-0.1845969408750534,0.24730823934078217,0.8183578252792358,0.7832635045051575,1.762575387954712,0.380962997674942,0.7308897972106934,-0.0653916448354721,0.007740728557109833,-0.2773588001728058,0.0791906863451004,-0.02762649953365326,0.26568299531936646,0.16873042285442352,0.1447664499282837,0.22157615423202515,0.9893431663513184,0.5264136791229248,0.8305758833885193,-0.5359264612197876,-0.15141534805297852,0.47126030921936035,0.8212406635284424,-0.3216792047023773,-0.00045484304428100586,-0.004622459411621094,0.20352348685264587,-0.10565495491027832,-0.9547586441040039,-0.2779802680015564,-0.8249303102493286,0.240251362323761,-0.5116340517997742,0.3259755074977875,-0.015689849853515625,-0.031000062823295593,-0.7993403673171997,-0.6008787751197815,-6.130847509666637e-07,0.6008787751197815,-0.7993403673171997,1.9224563629904878e-07,0.4810839295387268,-0.04145943745970726,-0.03099997341632843,0.17086708545684814,0.01007973775267601,-0.031000152230262756
37,0.3708754777908325,-0.4386802017688751,0.8040892481803894,1.13267982006073,0.08239603042602539,0.19330136477947235,0.38055258989334106,0.7310221195220947,-0.1319250464439392,-0.45102620124816895,0.09288980066776276,0.06032392010092735,0.1689966320991516,-0.008809451013803482,-0.17150722444057465,-0.024118194356560707,0.36601099371910095,-0.18334077298641205,0.22927890717983246,0.8212499022483826,0.7840836048126221,1.782623529434204,0.3911033868789673,0.7308663129806519,-0.0912468284368515,0.021743645891547203,-0.2715590000152588,0.037148162722587585,0.00865993369370699,0.2808728516101837,0.14111444354057312,0.17491355538368225,0.21727585792541504,0.9863080978393555,0.539047122001648,0.8333579301834106,-0.5364457964897156,-0.1331932544708252,0.48175695538520813,0.8230753540992737,-0.30076104402542114,0.0012701749801635742,-0.007113933563232422,0.20920848846435547,-0.12448000907897949,-0.9546517133712769,-0.27045297622680664,-0.8311879634857178,0.24918794631958008,-0.4970230460166931,0.3259755074977875,-0.015689849853515625,-0.031000062823295593,-0.7993401288986206,-0.6008788347244263,-6.232303917386162e-07,0.6008788347244263,-0.7993401288986206,1.9478397916827817e-07,0.4810838997364044,-0.041459403932094574,-0.03099997341632843,0.17086711525917053,0.010079704225063324,-0.031000152230262756
38,0.3577629625797272,-0.4673343300819397,0.8113442659378052,1.133981466293335,0.09340506792068481,0.19333124160766602,0.3662019670009613,0.7310317158699036,-0.15919636189937592,-0.44905635714530945,0.10694219917058945,0.045435428619384766,0.15536023676395416,-0.006220965180546045,-0.20098362863063812,-0.034769993275403976,0.3629256784915924,-0.1808032989501953,0.21171821653842926,0.8226079344749451,0.786146342754364,1.8035444021224976,0.4001748561859131,0.7308610677719116,-0.09838609397411346,0.04339256137609482,-0.2634054124355316,0.014018747955560684,0.025890354067087173,0.2932881712913513,0.1260487586259842,0.18171273171901703,0.2136017084121704,0.9829931259155273,0.5507024526596069,0.8353800773620605,-0.5383173227310181,-0.11115153878927231,0.4932697117328644,0.8233984112739563,-0.2805353105068207,0.0023517608642578125,-0.009727954864501953,0.2149549424648285,-0.14390349388122559,-0.9541059136390686,-0.26262861490249634,-0.8387400507926941,0.2584354877471924,-0.4792976975440979,0.3259755074977875,-0.015689849853515625,-0.031000062823295593,-0.7993401288986206,-0.6008787751197815,-6.010527613398153e-07,0.6008787751197815,-0.7993401288986206,1.8936077594844392e-07,0.48108386993408203,-0.04145941138267517,-0.03099997714161873,0.17086714506149292,0.010079711675643921,-0.031000148504972458
39,0.3440072536468506,-0.49582961201667786,0.8204152584075928,1.1352429389953613,0.10425789654254913,0.19354850053787231,0.34937331080436707,0.7310211658477783,-0.15562286972999573,-0.4504730999469757,0.1441698521375656,0.04581717401742935,0.15196582674980164,-0.0035516023635864258,-0.23572282493114471,-0.022220399230718613,0.35903823375701904,-0.17870400846004486,0.19486211240291595,0.8237626552581787,0.7902931571006775,1.8257683515548706,0.40874606370925903,0.7308494448661804,-0.10757828503847122,0.026497822254896164,-0.2539561688899994,0.018560338765382767,0.05643250420689583,0.31178170442581177,0.11897411942481995,0.19550515711307526,0.20893767476081848,0.980189323425293,0.5612695217132568,0.8376926779747009,-0.5394189953804016,-0.08542905747890472,0.5036264061927795,0.8234800100326538,-0.2612300515174866,0.0030916333198547363,-0.011957168579101562,0.22149625420570374,-0.16356825828552246,-0.9527050256729126,-0.25612229108810425,-0.8464522361755371,0.26888030767440796,-0.459588885307312,0.3259755074977875,-0.015689849853515625,-0.031000062823295593,-0.7993403673171997,-0.6008787751197815,-6.13158135820413e-07,0.6008787751197815,-0.7993403673171997,1.9208930268632685e-07,0.4810839295387268,-0.04145943745970726,-0.03099997341632843,0.17086708545684814,0.01007973775267601,-0.031000152230262756
40,0.33249974250793457,-0.5240787267684937,0.8322198987007141,1.1375685930252075,0.11669183522462845,0.19108888506889343,0.3296230137348175,0.7309693694114685,-0.10165485739707947,-0.46028634905815125,0.19909830391407013,0.07086892426013947,0.17287562787532806,-0.04323963820934296,-0.2767172157764435,0.038776036351919174,0.35572484135627747,-0.17847339808940887,0.1806725710630417,0.827003002166748,0.7976778149604797,1.8489699363708496,0.41702598333358765,0.7308775782585144,-0.06359311193227768,-0.013972044922411442,-0.20700855553150177,0.05865414813160896,0.10513341426849365,0.3267339766025543,0.11486905813217163,0.1582588404417038,0.20044127106666565,0.9791226387023926,0.5721704959869385,0.8426129817962646,-0.5354695320129395,-0.05723398178815842,0.5090572834014893,0.8266743421554565,-0.2397293746471405,0.003264307975769043,-0.012985706329345703,0.229474276304245,-0.18026626110076904,-0.9503909945487976,-0.25349727272987366,-0.853475034236908,0.2792453169822693,-0.44000256061553955,0.3259755074977875,-0.015689849853515625,-0.031000062823295593,-0.7993401288986206,-0.6008788347244263,-6.232820624063606e-07,0.6008788347244263,-0.7993401288986206,1.9458767042124236e-07,0.4810838997364044,-0.041459403932094574,-0.03099997341632843,0.17086711525917053,0.010079704225063324,-0.031000152230262756
41,0.32612574100494385,-0.5523717999458313,0.8485574722290039,1.1414375305175781,0.1311047524213791,0.18873080611228943,0.30742311477661133,0.7308781147003174,0.0005309952539391816,-0.47351062297821045,0.2931143045425415,0.09382776916027069,0.19714316725730896,-0.04111833870410919,-0.31112614274024963,0.14622101187705994,0.3561890125274658,-0.18175645172595978,0.16862541437149048,0.8339416980743408,0.8073626756668091,1.8731706142425537,0.4248730540275574,0.7309248447418213,0.013929331675171852,-0.08206504583358765,-0.17121808230876923,0.12317848950624466,0.14042425155639648,0.3418361246585846,0.10906191170215607,0.09533830732107162,0.18514207005500793,0.9806742668151855,0.5821296572685242,0.8516879081726074,-0.5233973264694214,-0.026132363826036453,0.5060094594955444,0.8343176245689392,-0.21878895163536072,0.0025241971015930176,-0.01290750503540039,0.23914918303489685,-0.18997836112976074,-0.9477291703224182,-0.2563547194004059,-0.8594551682472229,0.28675878047943115,-0.42320960760116577,0.3259755074977875,-0.015689849853515625,-0.031000062823295593,-0.7993401288986206,-0.6008787751197815,-6.011093773850007e-07,0.6008787751197815,-0.7993401288986206,1.8912244570401526e-07,0.48108386993408203,-0.04145941138267517,-0.03099997714161873,0.17086714506149292,0.010079711675643921,-0.031000148504972458
42,0.32529282569885254,-0.5810611248016357,0.8692321181297302,1.145891547203064,0.14705462753772736,0.18440932035446167,0.28337207436561584,0.7308105826377869,0.08818773180246353,-0.48620477318763733,0.3652700185775757,0.10375244170427322,0.21788138151168823,-0.06879521906375885,-0.3370507061481476,0.005198153667151928,0.3603375554084778,-0.18663425743579865,0.16128583252429962,0.8412991166114807,0.8234955668449402,1.8979918956756592,0.4314146041870117,0.7309944033622742,0.11393193155527115,-0.09378045797348022,-0.08950816094875336,0.11899138987064362,0.23227711021900177,0.3529093861579895,0.09080985933542252,0.0067177871242165565,0.16285690665245056,0.9845485687255859,0.5911606550216675,0.8644391298294067,-0.5026739835739136,0.007994664832949638,0.494168758392334,0.8466744422912598,-0.19733133912086487,-0.0008539557456970215,-0.0111083984375,0.25048720836639404,-0.19381403923034668,-0.9446263909339905,-0.26479658484458923,-0.8671097159385681,0.291196346282959,-0.4041356146335602,0.3259755074977875,-0.015689849853515625,-0.031000062823295593,-0.7993403673171997,-0.6008787751197815,-6.132231078481709e-07,0.6008787751197815,-0.7993403673171997,1.9185560518053535e-07,0.4810839295387268,-0.04145943745970726,-0.03099997341632843,0.17086708545684814,0.01007973775267601,-0.031000152230262756
43,0.32582733035087585,-0.61045902967453,0.8927072882652283,1.1531977653503418,0.16586636006832123,0.18365241587162018,0.2584461271762848,0.7308032512664795,0.09803755581378937,-0.4954140782356262,0.39618390798568726,0.14545951783657074,0.2580595016479492,-0.018755106255412102,-0.34914422035217285,0.22032128274440765,0.36590051651000977,-0.19075095653533936,0.15346001088619232,0.8473985195159912,0.8430927991867065,1.9243048429489136,0.4314626455307007,0.7309316396713257,0.06989426910877228,-0.07246110588312149,-0.11558446288108826,0.09635801613330841,0.27769583463668823,0.37140393257141113,-5.468085873872042e-06,0.08563480526208878,0.13693851232528687,0.9890666007995605,0.5990232825279236,0.8770652413368225,-0.47846734523773193,0.042725905776023865,0.47791576385498047,0.860142171382904,-0.17819073796272278,-0.005199790000915527,-0.009032249450683594,0.2628130614757538,-0.1954132318496704,-0.9399124979972839,-0.2799612879753113,-0.8762527108192444,0.2955363988876343,-0.3805779218673706,0.3259755074977875,-0.015689849853515625,-0.031000062823295593,-0.7993401288986206,-0.6008788347244263,-6.093252409300476e-07,0.6008788347244263,-0.7993401288986206,1.9165352682648518e-07,0.4810838997364044,-0.041459403932094574,-0.03099997341632843,0.17086711525917053,0.010079704225063324,-0.031000152230262756
44,0.3236144185066223,-0.6411262154579163,0.9185795187950134,1.1586700677871704,0.1875772625207901,0.1900961548089981,0.23299862444400787,0.7308574318885803,0.03747756406664848,-0.4901893138885498,0.4361151158809662,0.08396539092063904,0.29651111364364624,0.09095010906457901,-0.3563656210899353,0.14791356027126312,0.3708162307739258,-0.19205018877983093,0.1408868283033371,0.8492621779441833,0.8657573461532593,1.9517320394515991,0.4267846941947937,0.7308549284934998,0.03427745774388313,-0.01188329141587019,-0.1890650987625122,0.022147566080093384,0.31711673736572266,0.38626208901405334,-0.06691336631774902,0.18286749720573425,0.1121557354927063,0.9929666519165039,0.601418137550354,0.886065661907196,-0.4569188952445984,0.07818455249071121,0.46347135305404663,0.8699109554290771,-0.16866911947727203,-0.008996367454528809,-0.007167339324951172,0.2755732536315918,-0.2031562328338623,-0.9327177405357361,-0.29793500900268555,-0.8862138390541077,0.3045427203178406,-0.3491116464138031,0.3259755074977875,-0.015689849853515625,-0.031000062823295593,-0.7993401288986206,-0.6008787751197815,-6.012845688019297e-07,0.6008787751197815,-0.7993401288986206,1.8893260289587488e-07,0.48108386993408203,-0.04145941138267517,-0.03099997714161873,0.17086714506149292,0.010079711675643921,-0.031000148504972458
45,0.31786006689071655,-0.6719887256622314,0.9449390172958374,1.159523606300354,0.2106483280658722,0.19789260625839233,0.208632692694664,0.7309149503707886,-0.030847137793898582,-0.48117557168006897,0.4351044297218323,0.007286263629794121,0.315975546836853,0.11220423132181168,-0.3410778045654297,0.08246903121471405,0.3754424452781677,-0.19010384380817413,0.1281163990497589,0.8448067903518677,0.8906049132347107,1.9795382022857666,0.4204246401786804,0.730861485004425,0.07146266102790833,0.04789084196090698,-0.17700232565402985,-0.08112746477127075,0.346393883228302,0.3934425115585327,-0.09089198708534241,0.17281103134155273,0.09124624729156494,0.9960675239562988,0.5989593267440796,0.890925943851471,-0.44001176953315735,0.1124306172132492,0.45342907309532166,0.8757558465003967,-0.16569192707538605,-0.013790905475616455,-0.005864143371582031,0.2878744602203369,-0.21471107006072998,-0.9250515699386597,-0.31333473324775696,-0.8978495597839355,0.31321609020233154,-0.30945417284965515,0.3259755074977875,-0.015689849853515625,-0.031000062823295593,-0.7993403673171997,-0.6008787751197815,-6.196835897753772e-07,0.6008787751197815,-0.7993403673171997,1.9423487174208276e-07,0.4810839295387268,-0.04145943745970726,-0.03099997341632843,0.17086708545684814,0.01007973775267601,-0.031000152230262756
46,0.30688410997390747,-0.7033158540725708,0.9708799123764038,1.1533317565917969,0.2346951961517334,0.20587283372879028,0.1855762004852295,0.7310042977333069,-0.13318489491939545,-0.46527284383773804,0.4251863658428192,-0.12119436264038086,0.329546719789505,0.12117629498243332,-0.3227757513523102,-0.006493013352155685,0.3802008628845215,-0.18076114356517792,0.11653731763362885,0.8320131301879883,0.9173063039779663,2.0076358318328857,0.4145136773586273,0.7308358550071716,0.06774359941482544,0.1938779652118683,-0.15868379175662994,-0.22481466829776764,0.3677113354206085,0.3958875238895416,-0.08497772365808487,0.20729148387908936,0.07700687646865845,0.998075008392334,0.59116131067276,0.8907161951065063,-0.4307264983654022,0.14525629580020905,0.45130500197410583,0.8761433362960815,-0.16940081119537354,-0.020130276679992676,-0.0052928924560546875,0.29897525906562805,-0.23137891292572021,-0.9187008142471313,-0.3200823664665222,-0.9119700193405151,0.3193933963775635,-0.2574850916862488,0.3259755074977875,-0.015689849853515625,-0.031000062823295593,-0.7993401288986206,-0.6008788347244263,-6.15714611740259e-07,0.6008788347244263,-0.7993401288986206,1.941665743743215e-07,0.4810838997364044,-0.041459403932094574,-0.03099997341632843,0.17086711525917053,0.010079704225063324,-0.031000152230262756
47,0.2890152037143707,-0.7343987226486206,0.9967649579048157,1.1405528783798218,0.25943949818611145,0.2091967761516571,0.16206200420856476,0.7310818433761597,-0.25081971287727356,-0.4495258033275604,0.41748496890068054,-0.2258627712726593,0.3401256501674652,0.057897262275218964,-0.32936108112335205,-0.022282078862190247,0.38532155752182007,-0.16201983392238617,0.1081482395529747,0.8113040924072266,0.9450761675834656,2.0361573696136475,0.4087396264076233,0.7308490872383118,0.10464335978031158,0.3505252003669739,-0.10250749439001083,-0.3524400293827057,0.38065263628959656,0.40178781747817993,-0.08330485224723816,0.19507905840873718,0.07030057907104492,0.9993705749511719,0.5799978971481323,0.8855672478675842,-0.4290570616722107,0.1779906302690506,0.4575687348842621,0.8717508316040039,-0.17516101896762848,-0.028105080127716064,-0.005463123321533203,0.3087736666202545,-0.2511981725692749,-0.914825439453125,-0.3162182867527008,-0.9273327589035034,0.3210843801498413,-0.19224686920642853,0.3259755074977875,-0.015689849853515625,-0.031000062823295593,-0.7993401288986206,-0.6008787751197815,-6.138635626484756e-07,0.6008787751197815,-0.7993401288986206,1.9402229156639805e-07,0.48108386993408203,-0.04145941138267517,-0.03099997341632843,0.17086714506149292,0.010079711675643921,-0.031000152230262756
48,0.26539868116378784,-0.76516193151474,1.021835446357727,1.1224793195724487,0.2837108075618744,0.20961235463619232,0.13711397349834442,0.7311520576477051,-0.3485202193260193,-0.4352690577507019,0.4013485610485077,-0.31265556812286377,0.33371874690055847,0.01972450129687786,-0.34952521324157715,-0.023293567821383476,0.393388956785202,-0.13715854287147522,0.1024971455335617,0.7864365577697754,0.9730732440948486,2.0646615028381348,0.404599666595459,0.7308791279792786,0.16804946959018707,0.4288583993911743,-0.05954410880804062,-0.40601542592048645,0.3849658966064453,0.4017273783683777,-0.06014268100261688,0.16264718770980835,0.0708320140838623,0.9997763633728027,0.566216230392456,0.8754948377609253,-0.4341244399547577,0.21223746240139008,0.4719689190387726,0.8624619245529175,-0.18276965618133545,-0.03720510005950928,-0.006078243255615234,0.31808701157569885,-0.26997172832489014,-0.9137700796127319,-0.3035450577735901,-0.9407302141189575,0.31752681732177734,-0.11917802691459656,0.3259755074977875,-0.015689849853515625,-0.031000062823295593,-0.7993403673171997,-0.6008787751197815,-6.260229952204099e-07,0.6008787751197815,-0.7993403673171997,1.9662677175347198e-07,0.4810839295387268,-0.04145943745970726,-0.03099997341632843,0.17086708545684814,0.01007973775267601,-0.031000152230262756
49,0.23830574750900269,-0.7951530814170837,1.0454325675964355,1.1009416580200195,0.304469496011734,0.2142201066017151,0.11087892204523087,0.7312095165252686,-0.4086267948150635,-0.4177852272987366,0.38034528493881226,-0.3730432689189911,0.28325873613357544,0.08175039291381836,-0.3674316108226776,-0.008873017504811287,0.4052548110485077,-0.10948774218559265,0.09341879934072495,0.7588358521461487,1.001099944114685,2.0934433937072754,0.4010648727416992,0.7308270931243896,0.18110541999340057,0.46408042311668396,-0.12038138508796692,-0.4416281580924988,0.3850953280925751,0.4039214253425598,-0.051053281873464584,0.2186770737171173,0.07781368494033813,0.9987878799438477,0.5488476157188416,0.8604249954223633,-0.44395193457603455,0.2501508295536041,0.4941242039203644,0.8468589186668396,-0.19664999842643738,-0.04536336660385132,-0.006968021392822266,0.3277679979801178,-0.29023420810699463,-0.9132687449455261,-0.28583937883377075,-0.9484137892723083,0.31433218717575073,-0.04130860045552254,0.3259755074977875,-0.015689849853515625,-0.031000062823295593,-0.7993401288986206,-0.6008788347244263,-6.15746444054821e-07,0.6008788347244263,-0.7993401288986206,1.9397310779822874e-07,0.4810838997364044,-0.041459403932094574,-0.03099997341632843,0.17086711525917053,0.010079704225063324,-0.031000152230262756
50,0.2092217057943344,-0.8230952024459839,1.0693316459655762,1.0801957845687866,0.31409701704978943,0.22014181315898895,0.08299142867326736,0.7312173843383789,-0.4265654683113098,-0.39782848954200745,0.3903807997703552,-0.3475798964500427,0.12788687646389008,0.09738614410161972,-0.39105096459388733,-0.022730272263288498,0.4188075661659241,-0.08056099712848663,0.07841319590806961,0.7301871180534363,1.0288928747177124,2.1226065158843994,0.3987240791320801,0.7307590246200562,0.17663362622261047,0.4764804542064667,-0.2112850844860077,-0.45124781131744385,0.3808296322822571,0.4084824025630951,-0.035917822271585464,0.31440383195877075,0.08752685785293579,0.9973301887512207,0.5305123329162598,0.8405596017837524,-0.4518623948097229,0.2987974286079407,0.5200722217559814,0.827480137348175,-0.21166375279426575,-0.05069780349731445,-0.007761955261230469,0.33800825476646423,-0.3147294521331787,-0.9116959571838379,-0.26411348581314087,-0.9479422569274902,0.31611883640289307,0.038396380841732025,0.3259755074977875,-0.015689849853515625,-0.031000062823295593,-0.7993401288986206,-0.6008787751197815,-6.13934048487863e-07,0.6008787751197815,-0.7993401288986206,1.9382319749183807e-07,0.48108386993408203,-0.04145941138267517,-0.03099997341632843,0.17086714506149292,0.010079711675643921,-0.031000152230262756
51,0.1792237013578415,-0.8490134477615356,1.094779133796692,1.0624876022338867,0.3026459217071533,0.2171361744403839,0.05398096144199371,0.7312197089195251,-0.42821237444877625,-0.3796774744987488,0.41489893198013306,-0.28521594405174255,-0.1673278510570526,-0.032540660351514816,-0.40678703784942627,-0.025632411241531372,0.43546146154403687,-0.050964344292879105,0.0627952590584755,0.701708197593689,1.0561286211013794,2.1517183780670166,0.3963034749031067,0.7308239340782166,0.29477518796920776,0.4822888970375061,-0.20297612249851227,-0.4483121633529663,0.37388086318969727,0.4090152084827423,-0.03699386119842529,0.22956019639968872,0.09633058309555054,0.996849536895752,0.51553875207901,0.8135712742805481,-0.4513009786605835,0.3666459619998932,0.5463889837265015,0.8090485334396362,-0.2165631502866745,-0.05508899688720703,-0.008556842803955078,0.34836259484291077,-0.3363192081451416,-0.9106512665748596,-0.24000737071037292,-0.9412537217140198,0.3167870044708252,0.11699310690164566,0.3259755074977875,-0.015689849853515625,-0.031000062823295593,-0.7993403673171997,-0.6008787751197815,-6.260898430809902e-07,0.6008787751197815,-0.7993403673171997,1.9642249071694096e-07,0.4810839295387268,-0.04145943745970726,-0.03099997341632843,0.17086708545684814,0.01007973775267601,-0.031000152230262756
52,0.15027734637260437,-0.8714818358421326,1.1196829080581665,1.043478012084961,0.27644020318984985,0.20902064442634583,0.02462785691022873,0.7312478423118591,-0.4413318634033203,-0.309242308139801,0.3992668390274048,-0.33148959279060364,-0.37363412976264954,-0.09796153008937836,-0.41151630878448486,-0.32874807715415955,0.45176175236701965,-0.022374683991074562,0.060652993619441986,0.6766596436500549,1.082879662513733,2.180481195449829,0.3917888402938843,0.7310008406639099,0.3895935118198395,0.4516439139842987,0.00568400090560317,-0.3893561363220215,0.3707719147205353,0.40600675344467163,-0.06488947570323944,0.00523720495402813,0.10633975267410278,0.9962482452392578,0.5008158683776855,0.7791647911071777,-0.44279202818870544,0.4436637759208679,0.573184072971344,0.7897875905036926,-0.2183932662010193,-0.06149858236312866,-0.009621620178222656,0.358781099319458,-0.3445894718170166,-0.9128822088241577,-0.21887004375457764,-0.9327027797698975,0.30650442838668823,0.19005422294139862,0.3259755074977875,-0.015689849853515625,-0.031000062823295593,-0.7993401288986206,-0.6008788347244263,-6.15781175383745e-07,0.6008788347244263,-0.7993401288986206,1.9379444893274922e-07,0.4810838997364044,-0.041459403932094574,-0.03099997341632843,0.17086711525917053,0.010079704225063324,-0.031000152230262756
53,0.12099868059158325,-0.8878793716430664,1.1428667306900024,1.024857997894287,0.24713650345802307,0.19079957902431488,-0.004948116838932037,0.7311940789222717,-0.4514564871788025,-0.21690669655799866,0.35228046774864197,-0.3111753761768341,-0.4138001799583435,-0.2442849576473236,-0.414455384016037,-0.2555009126663208,0.47055837512016296,0.0030879154801368713,0.07536017894744873,0.6594268679618835,1.1089991331100464,2.2086081504821777,0.39116141200065613,0.731225848197937,0.507652997970581,0.3845066428184509,0.25757890939712524,-0.2625589370727539,0.3675609230995178,0.3986722230911255,-0.006954616867005825,-0.28423044085502625,0.11755838990211487,0.9961543083190918,0.4889158010482788,0.7416287660598755,-0.4290878474712372,0.5156263113021851,0.5964815020561218,0.7735069990158081,-0.2142353057861328,-0.07151764631271362,-0.011359691619873047,0.3696359694004059,-0.3322674036026001,-0.9215613007545471,-0.20080602169036865,-0.9263139367103577,0.27875423431396484,0.2534533441066742,0.3259755074977875,-0.015689849853515625,-0.031000062823295593,-0.7993401288986206,-0.6008787751197815,-6.139613901723351e-07,0.6008787751197815,-0.7993401288986206,1.9370641268778854e-07,0.48108386993408203,-0.04145941138267517,-0.03099997341632843,0.17086714506149292,0.010079711675643921,-0.031000152230262756
54,0.09118769317865372,-0.9054040312767029,1.1651794910430908,1.0046179294586182,0.21771284937858582,0.1732858568429947,-0.0345996618270874,0.7311434149742126,-0.45573896169662476,-0.2468615025281906,0.36367329955101013,-0.3496280610561371,-0.4195708632469177,-0.22922924160957336,-0.4155166447162628,-0.1852780133485794,0.49606797099113464,0.022049464285373688,0.09515001624822617,0.6500775814056396,1.1317616701126099,2.2366456985473633,0.3927910327911377,0.7313389778137207,0.5606997013092041,0.26848915219306946,0.319812536239624,-0.13761374354362488,0.3210696280002594,0.3983347415924072,0.02438921108841896,-0.0392756313085556,0.13034102320671082,0.9949617385864258,0.4761931300163269,0.6992084980010986,-0.4113507866859436,0.5847204327583313,0.620618999004364,0.7552379369735718,-0.21082621812820435,-0.08377128839492798,-0.014752388000488281,0.3808857202529907,-0.30317842960357666,-0.9337878227233887,-0.19006073474884033,-0.922325849533081,0.23740124702453613,0.3048864006996155,0.3259755074977875,-0.015689849853515625,-0.031000062823295593,-0.7993403673171997,-0.6008787751197815,-6.260960390136461e-07,0.6008787751197815,-0.7993403673171997,1.9629517566954746e-07,0.4810839295387268,-0.04145943745970726,-0.03099997341632843,0.17086708545684814,0.01007973775267601,-0.031000152230262756
55,0.06167810410261154,-0.925663948059082,1.1791579723358154,0.9849348068237305,0.18856287002563477,0.1519903689622879,-0.06419902294874191,0.7312204241752625,-0.46198055148124695,-0.27645400166511536,0.18884284794330597,-0.3147099018096924,-0.40755581855773926,-0.29091665148735046,-0.41422322392463684,-0.27663227915763855,0.5228597521781921,0.04142497479915619,0.11936870217323303,0.6568742990493774,1.1567274332046509,2.2652480602264404,0.3915340006351471,0.7314141392707825,0.565203070640564,0.2746208906173706,0.37947598099708557,0.11439231038093567,0.3589705228805542,0.40427204966545105,-0.014845794066786766,-0.05502811446785927,0.14508271217346191,0.9919800758361816,0.46934056282043457,0.6504203081130981,-0.3956400752067566,0.648399829864502,0.6458814740180969,0.737314760684967,-0.1980000138282776,-0.09418416023254395,-0.017151355743408203,0.39352044463157654,-0.2685434818267822,-0.9432075619697571,-0.1955605149269104,-0.918400228023529,0.18946486711502075,0.34733861684799194,0.3259755074977875,-0.015689849853515625,-0.031000062823295593,-0.7993401288986206,-0.6008788347244263,-6.15815054061386e-07,0.6008788347244263,-0.7993401288986206,1.936245723754837e-07,0.4810838997364044,-0.041459403932094574,-0.03099997341632843,0.17086711525917053,0.010079704225063324,-0.031000152230262756
56,0.03270721435546875,-0.9476830363273621,1.1736150979995728,0.9690976142883301,0.15965230762958527,0.12804213166236877,-0.09377259016036987,0.7313840389251709,-0.47621574997901917,-0.27841877937316895,-0.16655993461608887,-0.2369179129600525,-0.39315780997276306,-0.3356744349002838,-0.41294705867767334,-0.4743896424770355,0.5506889820098877,0.06304533779621124,0.1442958265542984,0.6734276413917542,1.182220220565796,2.293787956237793,0.3848496675491333,0.7314344048500061,0.5681402087211609,0.31619498133659363,0.38799265027046204,0.24434714019298553,0.36562177538871765,0.40192466974258423,-0.08966384828090668,-0.06037318706512451,0.16435644030570984,0.9851927757263184,0.4753704071044922,0.5938509702682495,-0.39238715171813965,0.7024053335189819,0.6746929883956909,0.7184771299362183,-0.16905608773231506,-0.10289156436920166,-0.019074440002441406,0.4065466523170471,-0.23385119438171387,-0.9486951231956482,-0.2128175050020218,-0.9123831391334534,0.13849008083343506,0.3851981461048126,0.3259755074977875,-0.015689849853515625,-0.031000062823295593,-0.7993401288986206,-0.6008787751197815,-6.139954393802327e-07,0.6008787751197815,-0.7993401288986206,1.9345907276147045e-07,0.48108386993408203,-0.04145941138267517,-0.03099997341632843,0.17086714506149292,0.010079711675643921,-0.031000152230262756
57,0.003116134088486433,-0.9678930044174194,1.154875636100769,0.9566516876220703,0.13200877606868744,0.10369836539030075,-0.12325350195169449,0.7314153909683228,-0.4858435392379761,-0.24882011115550995,-0.3478012979030609,-0.19534870982170105,-0.3763449490070343,-0.3386076092720032,-0.41129061579704285,-0.5043262243270874,0.5780730843544006,0.07383521646261215,0.17149174213409424,0.6956419944763184,1.2084897756576538,2.3220157623291016,0.3781062662601471,0.7315353751182556,0.5835344195365906,0.09939202666282654,0.4279996156692505,0.34740734100341797,0.37920811772346497,0.4040025472640991,-0.09188633412122726,-0.035616740584373474,0.18680742383003235,0.9751310348510742,0.4895769953727722,0.5333924889564514,-0.39776164293289185,0.7465106844902039,0.704629123210907,0.6971930265426636,-0.13198374211788177,-0.11230075359344482,-0.021909236907958984,0.4207720160484314,-0.1963106393814087,-0.9499931931495667,-0.24284769594669342,-0.9075512290000916,0.08227050304412842,0.41180357336997986,0.3259755074977875,-0.015689849853515625,-0.031000062823295593,-0.7993403673171997,-0.6008787751197815,-6.261613521019171e-07,0.6008787751197815,-0.7993403673171997,1.9606000023486558e-07,0.4810839295387268,-0.04145943745970726,-0.03099997341632843,0.17086708545684814,0.01007973775267601,-0.031000152230262756
58,-0.026233874261379242,-0.9812353253364563,1.1312644481658936,0.9441791772842407,0.10919833183288574,0.07961533963680267,-0.15278957784175873,0.7313834428787231,-0.4972419738769531,-0.1351345330476761,-0.41186490654945374,-0.21817736327648163,-0.31108325719833374,-0.32893186807632446,-0.41179293394088745,-0.461868554353714,0.6061995625495911,0.06702153384685516,0.19982688128948212,0.7199735641479492,1.2339993715286255,2.3506627082824707,0.3814687430858612,0.7316541075706482,0.6055519580841064,-0.19114728271961212,0.4487077295780182,0.38664939999580383,0.36820513010025024,0.4145488142967224,0.049416422843933105,-0.045592792332172394,0.21126198768615723,0.9625630378723145,0.5048847794532776,0.47734779119491577,-0.4060007333755493,0.7792961597442627,0.7327104806900024,0.6734540462493896,-0.097953662276268,-0.12428152561187744,-0.027651309967041016,0.4364147186279297,-0.14871490001678467,-0.9490657448768616,-0.27777332067489624,-0.9055541157722473,0.017842411994934082,0.42385542392730713,0.3259755074977875,-0.015689849853515625,-0.031000062823295593,-0.7993401288986206,-0.6008788347244263,-6.019074021423876e-07,0.6008788347244263,-0.7993401288986206,1.9067354628532485e-07,0.4810838997364044,-0.041459403932094574,-0.03099997714161873,0.17086711525917053,0.010079704225063324,-0.031000148504972458
59,-0.05614468455314636,-0.9883031845092773,1.1129801273345947,0.9291523098945618,0.10531602054834366,0.0551709309220314,-0.18221546709537506,0.7312192320823669,-0.5004158616065979,-0.05304054543375969,-0.2971065044403076,-0.27112215757369995,-0.0514877587556839,-0.329205721616745,-0.4106045365333557,-0.24901604652404785,0.6350644826889038,0.0486065112054348,0.22875218093395233,0.7459239363670349,1.2606604099273682,2.379629135131836,0.3904566168785095,0.7317172288894653,0.6207516193389893,-0.35739561915397644,0.4565027356147766,0.40986719727516174,0.3871980309486389,0.4186026155948639,0.13264474272727966,-0.08579226583242416,0.23617422580718994,0.9491887092590332,0.5154608488082886,0.4361181855201721,-0.41751807928085327,0.7971698045730591,0.7570054531097412,0.6491897106170654,-0.07413152605295181,-0.13808810710906982,-0.0359044075012207,0.45311683416366577,-0.09488868713378906,-0.9436365365982056,-0.3170901834964752,-0.9033418893814087,-0.05222141742706299,0.42573046684265137,0.3259755074977875,-0.015689849853515625,-0.031000062823295593,-0.7993401288986206,-0.6008787751197815,-6.141231096989941e-07,0.6008787751197815,-0.7993401288986206,1.9329435474446655e-07,0.48108386993408203,-0.04145941138267517,-0.03099997341632843,0.17086714506149292,0.010079711675643921,-0.031000152230262756
60,-0.08779354393482208,-0.9890317916870117,1.1244139671325684,0.9209296703338623,0.11836356669664383,0.03174334391951561,-0.21158969402313232,0.7310216426849365,-0.44665881991386414,-0.024631479755043983,0.2718889117240906,-0.1480194479227066,0.1669912338256836,-0.3180292546749115,-0.4108501970767975,-0.026128506287932396,0.6645427346229553,0.0268129650503397,0.25783827900886536,0.7716112732887268,1.2878857851028442,2.408729076385498,0.40482568740844727,0.7317360043525696,0.6368297934532166,-0.3873360753059387,0.45689359307289124,0.3966754972934723,0.3907533884048462,0.4194299876689911,0.20357681810855865,-0.037174347788095474,0.25112926959991455,0.945955753326416,0.5126927495002747,0.41507774591445923,-0.41226404905319214,0.8110171556472778,0.7674773931503296,0.6373738050460815,-0.06879819184541702,-0.15265554189682007,-0.046407222747802734,0.4698249101638794,-0.03672826290130615,-0.9347107410430908,-0.353506863117218,-0.8971412181854248,-0.12498843669891357,0.4236929416656494,0.3259755074977875,-0.015689849853515625,-0.031000062823295593,-0.7993403673171997,-0.6008787751197815,-6.263604745981866e-07,0.6008787751197815,-0.7993403673171997,1.9592336286677892e-07,0.4810839295387268,-0.04145943745970726,-0.03099997341632843,0.17086708545684814,0.01007973775267601,-0.031000152230262756
61,-0.11192698776721954,-0.9875009059906006,1.1499037742614746,0.9217736124992371,0.139407217502594,0.012885067611932755,-0.24078567326068878,0.7309497594833374,-0.31961876153945923,0.0037929946556687355,0.41899436712265015,0.019648859277367592,0.2871827483177185,-0.2642378509044647,-0.4084470272064209,0.04256058484315872,0.6951239705085754,0.012196891009807587,0.28641703724861145,0.7946434617042542,1.3157798051834106,2.43829345703125,0.4265647530555725,0.7316756248474121,0.6473039984703064,-0.23860251903533936,0.4461978077888489,0.3376694321632385,0.3968704640865326,0.4214361310005188,0.30694714188575745,-0.03949720039963722,0.2547949254512787,0.9509382247924805,0.505408763885498,0.40698903799057007,-0.3963549733161926,0.8229597210884094,0.7657286524772644,0.6392542719841003,-0.0708073079586029,-0.16608524322509766,-0.058069705963134766,0.4857832193374634,0.023129403591156006,-0.9257544875144958,-0.3774169385433197,-0.8823145031929016,-0.19641780853271484,0.42771613597869873,0.3259755074977875,-0.015689849853515625,-0.031000062823295593,-0.7993401288986206,-0.6008788347244263,-6.020678142704128e-07,0.6008788347244263,-0.7993401288986206,1.9047904231683788e-07,0.4810838997364044,-0.041459403932094574,-0.03099997714161873,0.17086711525917053,0.010079704225063324,-0.031000148504972458
62,-0.12463322281837463,-0.9838674664497375,1.1780920028686523,0.9288000464439392,0.1615564227104187,0.0027070019859820604,-0.26968643069267273,0.7308728694915771,-0.13561779260635376,0.024838531389832497,0.45429155230522156,0.11965825408697128,0.3029382824897766,-0.14555689692497253,-0.4048246443271637,0.1313527226448059,0.7260758280754089,-0.0003056042769458145,0.3134384751319885,0.8167847394943237,1.343532681465149,2.4679956436157227,0.4508189558982849,0.7316700220108032,0.6434680223464966,-0.23368936777114868,0.4218273460865021,0.33784162998199463,0.39879822731018066,0.4244556128978729,0.3469083309173584,-0.08524033427238464,0.25014734268188477,0.9601030349731445,0.49670010805130005,0.4075750708580017,-0.3737768232822418,0.8331707715988159,0.7561613321304321,0.6496658325195312,-0.0784502699971199,-0.17831599712371826,-0.07095527648925781,0.501139760017395,0.08307409286499023,-0.9138636589050293,-0.3974318504333496,-0.8614792823791504,-0.26633429527282715,0.4323421120643616,0.3259755074977875,-0.015689849853515625,-0.031000062823295593,-0.7993401288986206,-0.6008787751197815,-6.142283837107243e-07,0.6008787751197815,-0.7993401288986206,1.931101536456481e-07,0.48108386993408203,-0.04145941138267517,-0.03099997341632843,0.17086714506149292,0.010079711675643921,-0.031000152230262756
63,-0.12351228296756744,-0.9764929413795471,1.2065626382827759,0.938322126865387,0.18647845089435577,-0.012380714528262615,-0.2982000410556793,0.7308160662651062,0.09473869949579239,0.06560155004262924,0.455946147441864,0.18305239081382751,0.34396734833717346,-0.22243888676166534,-0.3998655676841736,0.20122165977954865,0.7563729286193848,-0.011048255488276482,0.34082651138305664,0.8404385447502136,1.3714759349822998,2.497729778289795,0.47664275765419006,0.7316816449165344,0.641526460647583,-0.20538046956062317,0.42762795090675354,0.360534131526947,0.3994661271572113,0.4249255359172821,0.36495012044906616,-0.05191508308053017,0.23533889651298523,0.9737401008605957,0.4898436665534973,0.41638684272766113,-0.3491344749927521,0.8394803404808044,0.7337723970413208,0.6742392778396606,-0.08354329317808151,-0.18936467170715332,-0.08487796783447266,0.5161262154579163,0.14351105690002441,-0.8976789116859436,-0.4166259765625,-0.8350757956504822,-0.33575987815856934,0.4357910752296448,0.3259755074977875,-0.015689849853515625,-0.031000062823295593,-0.7993403673171997,-0.6008787751197815,-6.263994691835251e-07,0.6008787751197815,-0.7993403673171997,1.9569878872971458e-07,0.4810839295387268,-0.04145943745970726,-0.03099997341632843,0.17086708545684814,0.01007973775267601,-0.031000152230262756
64,-0.10791066288948059,-0.9584125876426697,1.235107421875,0.9542113542556763,0.21392491459846497,-0.035625159740448,-0.3242756724357605,0.7307441234588623,0.32878702878952026,0.21967701613903046,0.4425734579563141,0.30811768770217896,0.38263487815856934,-0.34578728675842285,-0.36643922328948975,0.2917315661907196,0.786072850227356,-0.023847734555602074,0.3688022494316101,0.8641939759254456,1.3993170261383057,2.5273778438568115,0.5039520263671875,0.7317110896110535,0.6428894400596619,-0.25136539340019226,0.4370560348033905,0.36643943190574646,0.39782655239105225,0.4249771535396576,0.3849976360797882,-0.03877183794975281,0.20838865637779236,0.9925808906555176,0.48698854446411133,0.4384646415710449,-0.32523414492607117,0.8378374576568604,0.6930672526359558,0.7158660888671875,-0.08481525629758835,-0.19991034269332886,-0.1005406379699707,0.5305992960929871,0.20543503761291504,-0.8762832880020142,-0.4358028173446655,-0.8038859367370605,-0.40506625175476074,0.43553274869918823,0.3259755074977875,-0.015689849853515625,-0.031000062823295593,-0.7993401288986206,-0.6008788347244263,-6.224560706868942e-07,0.6008788347244263,-0.7993401288986206,1.9556533459308412e-07,0.4810838997364044,-0.041459403932094574,-0.03099997341632843,0.17086711525917053,0.010079704225063324,-0.031000152230262756
65,-0.08401992172002792,-0.9341546893119812,1.2626084089279175,0.9774999022483826,0.24247492849826813,-0.0626949593424797,-0.3438683748245239,0.7307184934616089,0.4499797224998474,0.30522990226745605,0.41792428493499756,0.4221608340740204,0.3995150029659271,-0.4019884169101715,-0.276208758354187,0.3273106813430786,0.8158745765686035,-0.03903409093618393,0.39702296257019043,0.88942950963974,1.426277995109558,2.556817054748535,0.5320409536361694,0.7317476272583008,0.6464834213256836,-0.29200345277786255,0.4400996267795563,0.3910098075866699,0.3869320750236511,0.42188602685928345,0.3981960713863373,-0.04957489296793938,0.17231759428977966,1.013298749923706,0.48921871185302734,0.4699620008468628,-0.30534249544143677,0.8281918168067932,0.6384938955307007,0.7654464840888977,-0.08010771870613098,-0.2099946141242981,-0.11814546585083008,0.5443639159202576,0.26936501264572144,-0.8482705354690552,-0.45593810081481934,-0.7680045366287231,-0.4748591184616089,0.4297415018081665,0.3259755074977875,-0.015689849853515625,-0.031000062823295593,-0.7993401288986206,-0.6008787751197815,-6.142711299617076e-07,0.6008787751197815,-0.7993401288986206,1.92853732983167e-07,0.48108386993408203,-0.04145941138267517,-0.03099997341632843,0.17086714506149292,0.010079711675643921,-0.031000152230262756
66,-0.056540314108133316,-0.9078792333602905,1.2878992557525635,1.0051982402801514,0.2709881663322449,-0.09075287729501724,-0.3564578592777252,0.7307236790657043,0.49342891573905945,0.3363198935985565,0.3766399025917053,0.4803415536880493,0.3997354507446289,-0.41530823707580566,-0.17845135927200317,0.3251493275165558,0.8457854390144348,-0.0551067478954792,0.4248832166194916,0.9153515696525574,1.45102858543396,2.585695266723633,0.5597558617591858,0.7317602038383484,0.640981137752533,-0.3000088334083557,0.43348604440689087,0.3971298038959503,0.35619625449180603,0.4127885103225708,0.3957630395889282,-0.08519771695137024,0.13158676028251648,1.0323352813720703,0.49585115909576416,0.5069268941879272,-0.28953638672828674,0.8119075298309326,0.5763102173805237,0.8142748475074768,-0.06944748014211655,-0.21915549039840698,-0.13736963272094727,0.5568815469741821,0.3339179754257202,-0.8138492107391357,-0.4755505323410034,-0.7271648645401001,-0.5434300899505615,0.41942253708839417,0.3259755074977875,-0.015689849853515625,-0.031000062823295593,-0.7993403673171997,-0.6008787751197815,-6.264755256779608e-07,0.6008787751197815,-0.7993403673171997,1.9546742180409638e-07,0.4810839295387268,-0.04145943745970726,-0.03099997341632843,0.17086708545684814,0.01007973775267601,-0.031000152230262756
67,-0.027232548221945763,-0.8804829716682434,1.3115838766098022,1.034300446510315,0.2996370792388916,-0.11937933415174484,-0.3622332513332367,0.7307215332984924,0.516862154006958,0.35339611768722534,0.35236337780952454,0.495962530374527,0.40123456716537476,-0.42242443561553955,-0.08344017714262009,0.33680352568626404,0.8778738975524902,-0.05973436310887337,0.4503454566001892,0.9381248950958252,1.4748681783676147,2.612802505493164,0.587530791759491,0.7316291928291321,0.6269803047180176,-0.06455697119235992,0.3952171504497528,0.31928756833076477,0.3383767604827881,0.3815508782863617,0.39479079842567444,-0.07112924009561539,0.08883965015411377,1.0481133460998535,0.5053180456161499,0.5491400957107544,-0.2760230600833893,0.7888323068618774,0.5098674297332764,0.8585228323936462,-0.054531972855329514,-0.22509616613388062,-0.15468072891235352,0.5680478811264038,0.39270079135894775,-0.779807984828949,-0.48753029108047485,-0.6785727143287659,-0.6035007238388062,0.41871973872184753,0.3259755074977875,-0.015689849853515625,-0.031000062823295593,-0.7993401288986206,-0.6008788347244263,-6.225498054845957e-07,0.6008788347244263,-0.7993401288986206,1.9532126316335052e-07,0.4810838997364044,-0.041459403932094574,-0.03099997341632843,0.17086711525917053,0.010079704225063324,-0.031000152230262756
68,0.0028396889101713896,-0.8527361750602722,1.3308967351913452,1.06256103515625,0.32791680097579956,-0.1481015682220459,-0.3585357964038849,0.7307568192481995,0.5087398290634155,0.37261512875556946,0.2661774754524231,0.47718292474746704,0.39891427755355835,-0.423198938369751,0.04922008886933327,0.294895738363266,0.9076679944992065,-0.05673028156161308,0.47631123661994934,0.9587327837944031,1.5018293857574463,2.6337876319885254,0.6151714324951172,0.7315540313720703,0.5997564196586609,0.030855881050229073,0.40279555320739746,0.2971467971801758,0.38710397481918335,0.29392293095588684,0.39736804366111755,-0.6995652318000793,0.047649383544921875,1.0592596530914307,0.5179938077926636,0.5970149636268616,-0.26668667793273926,0.7566052079200745,0.44408556818962097,0.8953068256378174,-0.0348389632999897,-0.22937268018722534,-0.1683053970336914,0.5783302783966064,0.440729558467865,-0.7481541633605957,-0.49600672721862793,-0.6287679672241211,-0.6516642570495605,0.4242457449436188,0.3259755074977875,-0.015689849853515625,-0.031000062823295593,-0.7993401288986206,-0.6008787751197815,-6.144001645225217e-07,0.6008787751197815,-0.7993401288986206,1.9263613637576782e-07,0.48108386993408203,-0.04145941138267517,-0.03099997341632843,0.17086714506149292,0.010079711675643921,-0.031000152230262756
69,0.0326467789709568,-0.8258100748062134,1.3396247625350952,1.0887808799743652,0.35590898990631104,-0.17724846303462982,-0.35371360182762146,0.7308605909347534,0.47685033082962036,0.3844023048877716,0.07160447537899017,0.4466085135936737,0.4004594683647156,-0.43077537417411804,0.06551788002252579,0.1758512705564499,0.9364418387413025,-0.04730826988816261,0.503465473651886,0.9798348546028137,1.5293141603469849,2.6444497108459473,0.6425347924232483,0.7314807176589966,0.5842693448066711,0.13406072556972504,0.4202273488044739,0.30030858516693115,0.39298227429389954,0.14628371596336365,0.39177656173706055,-0.5993416905403137,0.01289987564086914,1.0646388530731201,0.5366675853729248,0.6426374316215515,-0.26380571722984314,0.7193216681480408,0.3857899010181427,0.9225650429725647,-0.006318584084510803,-0.2340409755706787,-0.17816638946533203,0.587067186832428,0.48095768690109253,-0.7192515730857849,-0.5013550519943237,-0.5818068385124207,-0.6896157264709473,0.431196928024292,0.3259755074977875,-0.015689849853515625,-0.031000062823295593,-0.7993403673171997,-0.6008787751197815,-6.124159313003474e-07,0.6008787751197815,-0.7993403673171997,1.9261243267010286e-07,0.4810839295387268,-0.04145943745970726,-0.03099997341632843,0.17086708545684814,0.01007973775267601,-0.031000152230262756
70,0.059990376234054565,-0.7977549433708191,1.3490617275238037,1.1118888854980469,0.3837706744670868,-0.20658761262893677,-0.3486670255661011,0.7308215498924255,0.44757893681526184,0.381269633769989,0.1354665607213974,0.38038313388824463,0.3898610472679138,-0.4248524010181427,0.06938929110765457,0.21843735873699188,0.9655269384384155,-0.0314798429608345,0.5295754075050354,0.9962160587310791,1.5566998720169067,2.6516904830932617,0.6702997088432312,0.7313830256462097,0.5689830183982849,0.24737966060638428,0.40214070677757263,0.2168240249156952,0.387870192527771,0.09781406074762344,0.39577576518058777,-0.4867649972438812,-0.01755666732788086,1.067213535308838,0.5542031526565552,0.687774658203125,-0.2577776610851288,0.6786137819290161,0.3323494493961334,0.9429149031639099,0.02133883722126484,-0.23754119873046875,-0.18555784225463867,0.5950527191162109,0.5160022377967834,-0.6945252418518066,-0.5013744235038757,-0.5336663722991943,-0.7184956073760986,0.44605427980422974,0.3259755074977875,-0.015689849853515625,-0.031000062823295593,-0.7993401288986206,-0.6008788347244263,-6.225467927833961e-07,0.6008788347244263,-0.7993401288986206,1.9520265936989745e-07,0.4810838997364044,-0.041459403932094574,-0.03099997341632843,0.17086711525917053,0.010079704225063324,-0.031000152230262756
71,0.08512098342180252,-0.7700111269950867,1.3637902736663818,1.1314363479614258,0.4109799563884735,-0.2359650433063507,-0.34536996483802795,0.7307908535003662,0.4145091474056244,0.3710073232650757,0.2253960371017456,0.31986552476882935,0.3787645995616913,-0.4221080541610718,0.04363929480314255,0.25847676396369934,0.9943060278892517,-0.012340550310909748,0.5537956953048706,1.0084563493728638,1.5839704275131226,2.6601884365081787,0.6986290812492371,0.7313397526741028,0.5583698749542236,0.28742629289627075,0.3726293444633484,0.16069911420345306,0.3856796622276306,0.11694846302270889,0.40261948108673096,-0.4319176971912384,-0.04647231101989746,1.0684435367584229,0.5678067207336426,0.7298994064331055,-0.2441139966249466,0.6384788155555725,0.2813074588775635,0.9585663080215454,0.04490876942873001,-0.23912346363067627,-0.19174528121948242,0.6029235124588013,0.5480603575706482,-0.6715599894523621,-0.4986352026462555,-0.48297908902168274,-0.740797758102417,0.4668511748313904,0.3259755074977875,-0.015689849853515625,-0.031000062823295593,-0.7993401288986206,-0.6008787751197815,-6.144060762380832e-07,0.6008787751197815,-0.7993401288986206,1.9247980276304588e-07,0.48108386993408203,-0.04145941138267517,-0.03099997341632843,0.17086714506149292,0.010079711675643921,-0.031000152230262756
72,0.1076401025056839,-0.7432775497436523,1.3829505443572998,1.146628975868225,0.4372890591621399,-0.26535916328430176,-0.34317851066589355,0.7307856678962708,0.36583849787712097,0.3585145175457001,0.2920002043247223,0.24350053071975708,0.36589089035987854,-0.41866958141326904,0.027724290266633034,0.2707468569278717,1.0233041048049927,0.007788666989654303,0.5755693316459656,1.0184286832809448,1.6112110614776611,2.6718034744262695,0.7273731827735901,0.731325089931488,0.5542448163032532,0.2967975437641144,0.3358714282512665,0.13113774359226227,0.3852030038833618,0.1614501029253006,0.4079991281032562,-0.4085824489593506,-0.07319378852844238,1.068570613861084,0.5774716734886169,0.7681068181991577,-0.22508123517036438,0.5994583368301392,0.2340604066848755,0.9700911045074463,0.06433459371328354,-0.2387096881866455,-0.19751644134521484,0.6109106540679932,0.5785166025161743,-0.647658109664917,-0.4958401024341583,-0.42913198471069336,-0.7586321830749512,0.49022728204727173,0.3259755074977875,-0.015689849853515625,-0.031000062823295593,-0.7993403673171997,-0.6008787751197815,-6.124071774138429e-07,0.6008787751197815,-0.7993403673171997,1.9247137572619977e-07,0.4810839295387268,-0.04145943745970726,-0.03099997341632843,0.17086708545684814,0.01007973775267601,-0.031000152230262756
73,0.127728670835495,-0.7176841497421265,1.4056652784347534,1.1559841632843018,0.4626404047012329,-0.2946610152721405,-0.33959653973579407,0.7307816743850708,0.32311052083969116,0.3415863513946533,0.35082533955574036,0.1450560986995697,0.3516828417778015,-0.413168728351593,0.04732953757047653,0.2775581479072571,1.0529663562774658,0.027051493525505066,0.5931726098060608,1.0273197889328003,1.6383613348007202,2.687324047088623,0.7563899159431458,0.7313161492347717,0.541318416595459,0.27827638387680054,0.27272167801856995,0.11987638473510742,0.38420024514198303,0.2170277237892151,0.41156360507011414,-0.3881095051765442,-0.09698641300201416,1.067856788635254,0.5827429890632629,0.803296685218811,-0.2026345133781433,0.5600479245185852,0.19188091158866882,0.9782554507255554,0.07872723042964935,-0.23622584342956543,-0.20305919647216797,0.6189776659011841,0.6071804761886597,-0.6217635273933411,-0.4947139620780945,-0.37309974431991577,-0.7728180885314941,0.5133698582649231,0.3259755074977875,-0.015689849853515625,-0.031000062823295593,-0.7993401288986206,-0.6008788347244263,-6.225653237379447e-07,0.6008788347244263,-0.7993401288986206,1.9498702386044897e-07,0.4810838997364044,-0.041459403932094574,-0.03099997341632843,0.17086711525917053,0.010079704225063324,-0.031000152230262756
74,0.1494414359331131,-0.6928504705429077,1.4306890964508057,1.1646636724472046,0.4893139898777008,-0.3237263858318329,-0.33453506231307983,0.7307333946228027,0.38322919607162476,0.31455421447753906,0.389096736907959,0.16622880101203918,0.36858147382736206,-0.4161977171897888,0.06662920862436295,0.336041659116745,1.081802248954773,0.04352906346321106,0.6067963242530823,1.0341395139694214,1.6644011735916138,2.708599090576172,0.7853261232376099,0.7313185930252075,0.5136008262634277,0.2327319085597992,0.2143370658159256,0.09151814877986908,0.3682038486003876,0.29882875084877014,0.410536527633667,-0.40378159284591675,-0.1222333312034607,1.0658833980560303,0.5870358347892761,0.8375586271286011,-0.17530915141105652,0.5174574255943298,0.14896893501281738,0.9845134019851685,0.09242108464241028,-0.23127108812332153,-0.2088298797607422,0.6268022060394287,0.6345726847648621,-0.5930166840553284,-0.4956296980381012,-0.3149639368057251,-0.7840499877929688,0.5348491668701172,0.3259755074977875,-0.015689849853515625,-0.031000062823295593,-0.7993401288986206,-0.6008787751197815,-6.003886596772645e-07,0.6008787751197815,-0.7993401288986206,1.895274408525438e-07,0.48108386993408203,-0.04145941138267517,-0.03099997714161873,0.17086714506149292,0.010079711675643921,-0.031000148504972458
75,0.17209897935390472,-0.672562301158905,1.457503318786621,1.1758997440338135,0.5166506171226501,-0.3529379069805145,-0.32425013184547424,0.7307090163230896,0.41000428795814514,0.23821891844272614,0.42106661200523376,0.20978403091430664,0.3755945861339569,-0.41933929920196533,0.14095216989517212,0.3535026013851166,1.1093248128890991,0.051381662487983704,0.6146374940872192,1.0360867977142334,1.6890959739685059,2.734344244003296,0.8139363527297974,0.7313198447227478,0.4809020161628723,0.08694713562726974,0.13191889226436615,0.029229653999209404,0.3487681746482849,0.36326903104782104,0.40558281540870667,-0.3912290930747986,-0.15087968111038208,1.0621662139892578,0.592408299446106,0.8700885772705078,-0.14359717071056366,0.4715143144130707,0.10383833199739456,0.9885541796684265,0.10944533348083496,-0.22503918409347534,-0.21564912796020508,0.6337852478027344,0.6604529619216919,-0.5622877478599548,-0.497628778219223,-0.25968408584594727,-0.7928905487060547,0.5512612462043762,0.3259755074977875,-0.015689849853515625,-0.031000062823295593,-0.7993403673171997,-0.6008787751197815,-6.124978426669259e-07,0.6008787751197815,-0.7993403673171997,1.9222767377868877e-07,0.4810839295387268,-0.04145943745970726,-0.03099997341632843,0.17086708545684814,0.01007973775267601,-0.031000152230262756
76,0.19478604197502136,-0.662795901298523,1.4847010374069214,1.189523458480835,0.5447598099708557,-0.38223719596862793,-0.30995211005210876,0.7306824922561646,0.4339020252227783,0.06485025584697723,0.4445446729660034,0.24954445660114288,0.38308945298194885,-0.42119887471199036,0.1975165605545044,0.3795260787010193,1.1355373859405518,0.04747449606657028,0.6157035827636719,1.0337978601455688,1.7111117839813232,2.762481689453125,0.8417246341705322,0.7313231229782104,0.4471209645271301,-0.10168874263763428,0.035254642367362976,-0.021426502615213394,0.311417818069458,0.39815187454223633,0.39429235458374023,-0.4043981730937958,-0.18308508396148682,1.0560245513916016,0.5990398526191711,0.8970932364463806,-0.10951382666826248,0.4280542731285095,0.05801504850387573,0.9896042943000793,0.13159650564193726,-0.21869683265686035,-0.2243361473083496,0.639559805393219,0.6851484775543213,-0.5293611288070679,-0.5003482103347778,-0.2111978828907013,-0.8017749786376953,0.5590638518333435,0.3259755074977875,-0.015689849853515625,-0.031000062823295593,-0.7993401288986206,-0.6008788347244263,-6.226196092029568e-07,0.6008788347244263,-0.7993401288986206,1.947248478018082e-07,0.4810838997364044,-0.041459403932094574,-0.03099997341632843,0.17086711525917053,0.010079704225063324,-0.031000152230262756
77,0.21558697521686554,-0.6717559099197388,1.5115163326263428,1.206559181213379,0.5734751224517822,-0.41161036491394043,-0.2936703562736511,0.7306516170501709,0.4385665953159332,-0.2363578975200653,0.46648165583610535,0.3047005236148834,0.3867487609386444,-0.42272913455963135,0.2257479876279831,0.41817528009414673,1.1604987382888794,0.033595938235521317,0.6107833981513977,1.0275616645812988,1.7271173000335693,2.7917044162750244,0.8674187064170837,0.731315016746521,0.4196069836616516,-0.24599315226078033,-0.051832105964422226,-0.07751834392547607,0.22443991899490356,0.41435179114341736,0.362006276845932,-0.032870594412088394,-0.22013598680496216,1.0468006134033203,0.6068152189254761,0.9149025082588196,-0.07564759999513626,0.3965234160423279,0.011777402833104134,0.9868682026863098,0.16109777987003326,-0.21253901720046997,-0.23495864868164062,0.6436170935630798,0.7099174857139587,-0.49411720037460327,-0.5018618702888489,-0.16986674070358276,-0.8116761445999146,0.5588624477386475,0.3259755074977875,-0.015689849853515625,-0.031000062823295593,-0.7993401288986206,-0.6008787751197815,-6.003485850669676e-07,0.6008787751197815,-0.7993401288986206,1.892826020366556e-07,0.48108386993408203,-0.04145941138267517,-0.03099997714161873,0.17086714506149292,0.010079711675643921,-0.031000148504972458
78,0.23321184515953064,-0.6927568316459656,1.5394315719604492,1.2274454832077026,0.6016879677772522,-0.4410460591316223,-0.27476200461387634,0.7306724786758423,0.3784606456756592,-0.3958454728126526,0.4727717638015747,0.35098087787628174,0.38088345527648926,-0.4224011301994324,0.262874037027359,0.38127028942108154,1.1835449934005737,0.015950366854667664,0.6022409200668335,1.017722487449646,1.7366901636123657,2.8211495876312256,0.8905417919158936,0.7312716841697693,0.37060725688934326,-0.2810661196708679,-0.1087639108300209,-0.13648377358913422,0.13336333632469177,0.41661062836647034,0.32621169090270996,-0.023784911260008812,-0.2603870630264282,1.0349414348602295,0.6144759654998779,0.9271699786186218,-0.04031606391072273,0.3724653422832489,-0.035470835864543915,0.9802801012992859,0.19440340995788574,-0.2060641050338745,-0.24584484100341797,0.6460620760917664,0.7340841293334961,-0.4587932229042053,-0.5006288886070251,-0.13373471796512604,-0.820478081703186,0.5558153986930847,0.3259755074977875,-0.015689849853515625,-0.031000062823295593,-0.7993403673171997,-0.6008787751197815,-6.124311084931833e-07,0.6008787751197815,-0.7993403673171997,1.9203152135105483e-07,0.4810839295387268,-0.04145943745970726,-0.03099997341632843,0.17086708545684814,0.01007973775267601,-0.031000152230262756
79,0.2498628795146942,-0.7171494364738464,1.56730318069458,1.2481029033660889,0.6297740936279297,-0.47038915753364563,-0.255642831325531,0.730684757232666,0.35289767384529114,-0.4334971308708191,0.4674268066883087,0.3364008963108063,0.38030487298965454,-0.4189680814743042,0.26595786213874817,0.3611045479774475,1.2045187950134277,-0.0013198873493820429,0.5924307107925415,1.0076266527175903,1.7437833547592163,2.8505797386169434,0.9114930033683777,0.7312557697296143,0.3386406898498535,-0.2713455557823181,-0.12788262963294983,-0.13752517104148865,0.09967911243438721,0.4159694314002991,0.295922189950943,-0.023607967421412468,-0.30001991987228394,1.0210533142089844,0.6202657222747803,0.9364051222801208,-0.003374305088073015,0.35090458393096924,-0.08134496957063675,0.9706302881240845,0.22640645503997803,-0.19888049364089966,-0.25585222244262695,0.6479074954986572,0.7552087306976318,-0.4244091510772705,-0.499536395072937,-0.09998154640197754,-0.8277541399002075,0.5521109700202942,0.3259755074977875,-0.015689849853515625,-0.031000062823295593,-0.7993401288986206,-0.6008788347244263,-6.225888000699342e-07,0.6008788347244263,-0.7993401288986206,1.9457390010302333e-07,0.4810838997364044,-0.041459403932094574,-0.03099997341632843,0.17086711525917053,0.010079704225063324,-0.031000152230262756
80,0.2653503715991974,-0.7423868179321289,1.5940040349960327,1.266244888305664,0.6577231287956238,-0.49954545497894287,-0.2377632111310959,0.7307170629501343,0.31853777170181274,-0.43703311681747437,0.44472867250442505,0.2879598140716553,0.38020947575569153,-0.4140295386314392,0.24880577623844147,0.3192152976989746,1.222477912902832,-0.016803964972496033,0.5816648602485657,1.0004936456680298,1.749250888824463,2.87970232963562,0.9315096735954285,0.7312310338020325,0.25806736946105957,-0.24255165457725525,-0.1500605195760727,-0.09082356840372086,0.07759535312652588,0.4121432304382324,0.2814927399158478,-0.0004077304620295763,-0.33633118867874146,1.0061047077178955,0.6236828565597534,0.9429763555526733,0.03255801275372505,0.3312636613845825,-0.12287338078022003,0.9589636325836182,0.255520761013031,-0.19088470935821533,-0.26454877853393555,0.6495254039764404,0.7729148864746094,-0.39104095101356506,-0.4996894299983978,-0.0687941312789917,-0.8345234394073486,0.5466610789299011,0.3259755074977875,-0.015689849853515625,-0.031000062823295593,-0.7993401288986206,-0.6008787751197815,-6.003192538628355e-07,0.6008787751197815,-0.7993401288986206,1.891343544002666e-07,0.48108386993408203,-0.04145941138267517,-0.03099997714161873,0.17086714506149292,0.010079711675643921,-0.031000148504972458
81,0.2784920334815979,-0.7678853869438171,1.6181880235671997,1.280468463897705,0.6853578090667725,-0.528403103351593,-0.22025762498378754,0.7307782769203186,0.259957879781723,-0.4297095835208893,0.3997340500354767,0.21759118139743805,0.37843236327171326,-0.4072735905647278,0.24402779340744019,0.24370132386684418,1.234952688217163,-0.029687706381082535,0.569547712802887,0.9954562187194824,1.7542791366577148,2.9080862998962402,0.9505867958068848,0.7311695218086243,0.13354933261871338,-0.19470244646072388,-0.17962226271629333,-0.06357603520154953,0.07211492210626602,0.40142276883125305,0.2688857614994049,-0.01391247846186161,-0.3670368194580078,0.9914097785949707,0.624912679195404,0.9477160573005676,0.06419392675161362,0.3125914931297302,-0.15702499449253082,0.9465723633766174,0.2816804349422455,-0.18209099769592285,-0.2709670066833496,0.6510265469551086,0.7857420444488525,-0.3629205524921417,-0.5008973479270935,-0.043019603937864304,-0.8398892879486084,0.5410504341125488,0.3259755074977875,-0.015689849853515625,-0.031000062823295593,-0.7993403673171997,-0.6008787751197815,-6.124035394350358e-07,0.6008787751197815,-0.7993403673171997,1.9188601640962588e-07,0.4810839295387268,-0.04145943745970726,-0.03099997341632843,0.17086708545684814,0.01007973775267601,-0.031000152230262756
82,0.28887253999710083,-0.792336106300354,1.6374926567077637,1.2889764308929443,0.712358832359314,-0.5566898584365845,-0.20305092632770538,0.7308784127235413,0.1863616406917572,-0.3934909403324127,0.3114827871322632,0.12078402191400528,0.3737715780735016,-0.39725860953330994,0.24060773849487305,0.12244905531406403,1.2407820224761963,-0.03722391277551651,0.556969404220581,0.9926216006278992,1.7614116668701172,2.934297561645508,0.9698009490966797,0.7310900688171387,0.004995754919946194,-0.10088469088077545,-0.19367992877960205,-0.036770377308130264,0.10156229138374329,0.370212197303772,0.26990169286727905,0.0045293597504496574,-0.38964664936065674,0.9784088134765625,0.624769926071167,0.9517303705215454,0.08781682699918747,0.2941044867038727,-0.18061211705207825,0.934973955154419,0.3052915036678314,-0.17281734943389893,-0.273923397064209,0.6527026891708374,0.7929036617279053,-0.34369567036628723,-0.5031670331954956,-0.023955944925546646,-0.8426918983459473,0.5378627777099609,0.3259755074977875,-0.015689849853515625,-0.031000062823295593,-0.7993401288986206,-0.6008788347244263,-6.225657216418767e-07,0.6008788347244263,-0.7993401288986206,1.9440938103798544e-07,0.4810838997364044,-0.041459403932094574,-0.03099997341632843,0.17086711525917053,0.010079704225063324,-0.031000152230262756
83,0.2968570590019226,-0.8149489760398865,1.6511905193328857,1.2920879125595093,0.7389383912086487,-0.5841796398162842,-0.1860138475894928,0.730955183506012,0.13736753165721893,-0.3560762107372284,0.22159625589847565,0.03979022428393364,0.369709849357605,-0.3856031596660614,0.23896978795528412,0.03665542230010033,1.2380456924438477,-0.039829470217227936,0.5452431440353394,0.9909568428993225,1.7754185199737549,2.9471426010131836,0.9885337352752686,0.7311742305755615,-0.11594484746456146,-0.020385319367051125,-0.23891589045524597,-0.007080491632223129,0.02769339084625244,-0.28361907601356506,-4.621535301208496,0.3437211513519287,-0.4041588306427002,0.9676146507263184,0.624366044998169,0.9559895396232605,0.10284833610057831,0.2747839093208313,-0.19360902905464172,0.9248288869857788,0.3274249732494354,-0.167314350605011,-0.27228641510009766,0.6547784209251404,0.7915791273117065,-0.34493327140808105,-0.5044040679931641,-0.023587379604578018,-0.8420811891555786,0.5388349294662476,0.3259755074977875,-0.015689849853515625,-0.031000062823295593,-0.7993401288986206,-0.6008787751197815,-6.004210035825963e-07,0.6008787751197815,-0.7993401288986206,1.8897719655797118e-07,0.48108386993408203,-0.04145941138267517,-0.03099997714161873,0.17086714506149292,0.010079711675643921,-0.031000148504972458
84,0.3044741153717041,-0.8359915614128113,1.6643271446228027,1.2927265167236328,0.7654854655265808,-0.6104071736335754,-0.16965369880199432,0.7309214472770691,0.15705524384975433,-0.3552544414997101,0.2356243133544922,0.013374751433730125,0.36508581042289734,-0.36725836992263794,0.22942422330379486,0.08903636038303375,1.2295583486557007,-0.03663046658039093,0.5325223803520203,0.9849058985710144,1.7984788417816162,2.944094657897949,1.0059717893600464,0.7312770485877991,-0.16833724081516266,0.07761648297309875,-0.3357698917388916,-0.055654577910900116,-0.13766539096832275,-0.4283731281757355,-6.660293102264404,-0.36569318175315857,-0.4159402847290039,0.9577546119689941,0.6225612163543701,0.959857165813446,0.1164054349064827,0.2551940381526947,-0.2031993269920349,0.9157481789588928,0.3465765714645386,-0.16636568307876587,-0.26494359970092773,0.6573372483253479,0.7804127335548401,-0.3724289834499359,-0.5022475719451904,-0.043906744569540024,-0.8339146375656128,0.5501441955566406,0.3259755074977875,-0.015689849853515625,-0.031000062823295593,-0.7993403673171997,-0.6008787751197815,-6.125508207333041e-07,0.6008787751197815,-0.7993403673171997,1.916710203886396e-07,0.4810839295387268,-0.04145943745970726,-0.03099997341632843,0.17086708545684814,0.01007973775267601,-0.031000152230262756
85,0.31294509768486023,-0.857653796672821,1.6781530380249023,1.2922215461730957,0.7920305728912354,-0.6363792419433594,-0.1506880521774292,0.7309107780456543,0.17065949738025665,-0.36858969926834106,0.2487369328737259,-0.003222007304430008,0.3643720746040344,-0.3633716106414795,0.2666388750076294,-0.0021722549572587013,1.2170532941818237,-0.034604351967573166,0.5182825922966003,0.976502001285553,1.8224492073059082,2.9403553009033203,1.0218591690063477,0.7313128113746643,-0.20788078010082245,0.026506012305617332,-0.35250115394592285,-0.07729485630989075,-0.12548571825027466,-0.433687686920166,-6.479900360107422,-0.3899121880531311,-0.42769789695739746,0.9476156234741211,0.6192808151245117,0.9631513357162476,0.1320631057024002,0.23430493474006653,-0.21287588775157928,0.9067522883415222,0.3639836311340332,-0.16513198614120483,-0.25666284561157227,0.6598554849624634,0.7649751305580139,-0.4059857726097107,-0.4999886155128479,-0.0694642886519432,-0.8237872123718262,0.5626274943351746,0.3259755074977875,-0.015689849853515625,-0.031000062823295593,-0.7993401288986206,-0.6008788347244263,-6.226769642125873e-07,0.6008788347244263,-0.7993401288986206,1.9419866248426843e-07,0.4810838997364044,-0.041459403932094574,-0.03099997341632843,0.17086711525917053,0.010079704225063324,-0.031000152230262756
86,0.32381361722946167,-0.879636824131012,1.6925429105758667,1.2892183065414429,0.8184426426887512,-0.6609428524971008,-0.12932826578617096,0.7308909296989441,0.20979751646518707,-0.3794555366039276,0.2640208601951599,-0.0404050312936306,0.36251190304756165,-0.34322014451026917,0.29919731616973877,0.12770558893680573,1.2016456127166748,-0.03452732041478157,0.5020412802696228,0.9671739339828491,1.8452318906784058,2.936704397201538,1.0369232892990112,0.7312918901443481,-0.29025721549987793,0.0012149512767791748,-0.3839046061038971,-0.0949956476688385,-0.11627215147018433,-0.42385929822921753,-6.11147928237915,0.5780572891235352,-0.439617395401001,0.9371485710144043,0.6137632131576538,0.9655103087425232,0.1503710150718689,0.21255221962928772,-0.2231404036283493,0.8985421061515808,0.37792912125587463,-0.16336756944656372,-0.2482438087463379,0.6621822118759155,0.7467381358146667,-0.44186830520629883,-0.4971262812614441,-0.0987776517868042,-0.8128124475479126,0.5740895867347717,0.3259755074977875,-0.015689849853515625,-0.031000062823295593,-0.7993401288986206,-0.6008787751197815,-6.004898409628368e-07,0.6008787751197815,-0.7993401288986206,1.8877551610785304e-07,0.48108386993408203,-0.04145941138267517,-0.03099997714161873,0.17086714506149292,0.010079711675643921,-0.031000148504972458
87,0.33818158507347107,-0.904166042804718,1.7087931632995605,1.2868047952651978,0.8447529673576355,-0.6819550395011902,-0.10460852831602097,0.7308001518249512,0.29361292719841003,-0.4411318302154541,0.31265416741371155,-0.017139142379164696,0.3551666736602783,-0.2937067151069641,0.34730198979377747,0.01069499459117651,1.1798064708709717,-0.03620811179280281,0.4826158285140991,0.9523531198501587,1.8645646572113037,2.933835506439209,1.0496636629104614,0.7313189506530762,-0.4393458962440491,-0.01540427003055811,-0.4476689100265503,-0.18862497806549072,-0.1329035460948944,-0.46284064650535583,-5.349764823913574,0.7292507290840149,-0.4549325704574585,0.9252276420593262,0.6054688096046448,0.9658132195472717,0.17549894750118256,0.19080078601837158,-0.2383764386177063,0.8904901742935181,0.38756147027015686,-0.16039931774139404,-0.23873567581176758,0.6637890934944153,0.723671019077301,-0.4846535921096802,-0.4913361072540283,-0.13512369990348816,-0.7976528406143188,0.5877853631973267,0.3259755074977875,-0.015689849853515625,-0.031000062823295593,-0.7993403673171997,-0.6008787751197815,-6.125971481196757e-07,0.6008787751197815,-0.7993403673171997,1.9149310048760526e-07,0.4810839295387268,-0.04145943745970726,-0.03099997341632843,0.17086708545684814,0.01007973775267601,-0.031000152230262756
88,0.3551619350910187,-0.931195855140686,1.7246001958847046,1.286458134651184,0.86960369348526,-0.6969362497329712,-0.07847008109092712,0.7307882308959961,0.31946861743927,-0.46313410997390747,0.293846070766449,0.011275485157966614,0.33777129650115967,-0.21022489666938782,0.3648971617221832,0.24772611260414124,1.152487874031067,-0.035366807132959366,0.46117502450942993,0.9352354407310486,1.8822109699249268,2.931126117706299,1.0623779296875,0.7312378287315369,-0.5249894857406616,0.03041398525238037,-0.4738500714302063,-0.23268909752368927,-0.09636607766151428,-0.4467819333076477,-5.0058722496032715,0.820186972618103,-0.4729424715042114,0.9122762680053711,0.5953981280326843,0.9635612964630127,0.20532211661338806,0.1714422106742859,-0.2579911947250366,0.8826316595077515,0.3929401636123657,-0.1556699275970459,-0.22712421417236328,0.6649395823478699,0.6950051784515381,-0.5328444242477417,-0.482746958732605,-0.1754700094461441,-0.7768068313598633,0.6047985553741455,0.3259755074977875,-0.015689849853515625,-0.031000062823295593,-0.7993401288986206,-0.6008788347244263,-6.086313533160137e-07,0.6008788347244263,-0.7993401288986206,1.9132632189666765e-07,0.4810838997364044,-0.041459403932094574,-0.03099997341632843,0.17086711525917053,0.010079704225063324,-0.031000152230262756
89,0.37197765707969666,-0.9596962332725525,1.738455057144165,1.288551688194275,0.892981767654419,-0.703016996383667,-0.0514715202152729,0.7307884097099304,0.3054293394088745,-0.47916486859321594,0.26328298449516296,0.04193446785211563,0.3179401159286499,-0.08390987664461136,0.3767133355140686,0.2436772584915161,1.121801495552063,-0.03460369631648064,0.43816107511520386,0.9165362119674683,1.8982746601104736,2.928719997406006,1.073885440826416,0.7312197685241699,-0.573637843132019,0.015261698514223099,-0.49179595708847046,-0.25328126549720764,-0.10994133353233337,-0.4400670528411865,-4.94217586517334,0.8612537384033203,-0.4912681579589844,0.9002199172973633,0.5838285088539124,0.9594948291778564,0.2361399233341217,0.15364761650562286,-0.2785835564136505,0.8765003085136414,0.39260467886924744,-0.14954543113708496,-0.2150135040283203,0.6657118797302246,0.6608240604400635,-0.582756757736206,-0.47297582030296326,-0.21752725541591644,-0.7518414258956909,0.6224279403686523,0.3259755074977875,-0.015689849853515625,-0.031000062823295593,-0.7993401288986206,-0.6008787751197815,-6.005862474012247e-07,0.6008787751197815,-0.7993401288986206,1.885254192757202e-07,0.48108386993408203,-0.04145941138267517,-0.03099997714161873,0.17086714506149292,0.010079711675643921,-0.031000148504972458
90,0.3873516023159027,-0.9891963005065918,1.7492642402648926,1.293247103691101,0.9142729640007019,-0.6985607743263245,-0.023793572559952736,0.7307989001274109,0.27438589930534363,-0.48528987169265747,0.21380196511745453,0.07751721143722534,0.2894458472728729,0.06471744179725647,0.38615936040878296,0.2288247048854828,1.0892853736877441,-0.03514225035905838,0.4140985608100891,0.8970190286636353,1.912092685699463,2.926434278488159,1.084645390510559,0.7312122583389282,-0.6016920804977417,-0.009669913910329342,-0.5035423636436462,-0.26592156291007996,-0.13260707259178162,-0.4329279661178589,-4.834183216094971,0.8634246587753296,-0.5090360641479492,0.8900551795959473,0.570990264415741,0.9541405439376831,0.2659962773323059,0.1373385488986969,-0.298862099647522,0.8728216290473938,0.38582879304885864,-0.14247280359268188,-0.20339250564575195,0.6661229729652405,0.6229008436203003,-0.6312885284423828,-0.46202749013900757,-0.2597660422325134,-0.724000096321106,0.639019250869751,0.3259755074977875,-0.015689849853515625,-0.031000062823295593,-0.7993403673171997,-0.6008787751197815,-6.126948619566974e-07,0.6008787751197815,-0.7993403673171997,1.9124443895179866e-07,0.4810839295387268,-0.04145943745970726,-0.03099997341632843,0.17086708545684814,0.01007973775267601,-0.031000152230262756
91,0.4019629657268524,-1.0187968015670776,1.758044719696045,1.3013361692428589,0.9353118538856506,-0.6903132796287537,0.003742371452972293,0.7307837009429932,0.27705997228622437,-0.484420508146286,0.18134266138076782,0.1370118111371994,0.2850092947483063,0.11518549919128418,0.3840705156326294,0.24888542294502258,1.056586742401123,-0.036065950989723206,0.3890942633152008,0.8790735602378845,1.9207860231399536,2.929062604904175,1.0978721380233765,0.7312676310539246,-0.6261187791824341,-0.031458184123039246,-0.49778643250465393,-0.24936653673648834,-0.12098561227321625,-0.3914293944835663,-3.3177881240844727,0.8222854137420654,-0.5266517400741577,0.8799686431884766,0.5588981509208679,0.9476741552352905,0.29570472240448,0.12030154466629028,-0.3191544711589813,0.8688883781433105,0.37838274240493774,-0.1332891583442688,-0.19390392303466797,0.6660222411155701,0.5881410837173462,-0.6716651320457458,-0.45050638914108276,-0.2965933382511139,-0.6973510980606079,0.6524828672409058,0.3259755074977875,-0.015689849853515625,-0.031000062823295593,-0.7993401288986206,-0.6008788347244263,-6.150931426418538e-07,0.6008788347244263,-0.7993401288986206,1.9366586911928607e-07,0.4810838997364044,-0.041459403932094574,-0.03099997341632843,0.17086711525917053,0.010079704225063324,-0.031000152230262756
92,0.4165247678756714,-1.0486115217208862,1.7641899585723877,1.3137978315353394,0.9553015828132629,-0.6793249249458313,0.030979160219430923,0.7307676076889038,0.2818116843700409,-0.4812006652355194,0.1370626538991928,0.2069707214832306,0.270067423582077,0.15192697942256927,0.37957248091697693,0.27443578839302063,1.0233654975891113,-0.0345999039709568,0.3645518124103546,0.8635478019714355,1.9288681745529175,2.9292116165161133,1.1137640476226807,0.7313382625579834,-0.6178696155548096,0.025085855275392532,-0.49831610918045044,-0.22495847940444946,-0.09842926263809204,-0.4026448130607605,-2.949040412902832,0.827051043510437,-0.5451167821884155,0.8689684867858887,0.5484325289726257,0.9395051598548889,0.3265991508960724,0.10326206684112549,-0.3410052955150604,0.8633404970169067,0.3719658851623535,-0.12376171350479126,-0.1839132308959961,0.665835440158844,0.5522295236587524,-0.7104284763336182,-0.4362727403640747,-0.33275365829467773,-0.6676362752914429,0.6659857034683228,0.3259755074977875,-0.015689849853515625,-0.031000062823295593,-0.7993401288986206,-0.6008787751197815,-6.132123644420062e-07,0.6008787751197815,-0.7993401288986206,1.9354571634266904e-07,0.48108386993408203,-0.04145941138267517,-0.03099997341632843,0.17086714506149292,0.010079711675643921,-0.031000152230262756
93,0.4303855299949646,-1.0782806873321533,1.7694356441497803,1.3294974565505981,0.9739497303962708,-0.667283296585083,0.05831534415483475,0.7307549715042114,0.26916074752807617,-0.4825827181339264,0.12815767526626587,0.2506662607192993,0.2511501908302307,0.1676042675971985,0.38074323534965515,0.2889707684516907,0.990014374256134,-0.032399579882621765,0.33995628356933594,0.8486839532852173,1.937145709991455,2.9291107654571533,1.130361795425415,0.7313383221626282,-0.6218008399009705,0.02445226162672043,-0.49669182300567627,-0.21337644755840302,-0.0803973525762558,-0.4065505862236023,-3.0820024013519287,0.8243899345397949,-0.564285159111023,0.8571991920471191,0.5386509299278259,0.9294865131378174,0.35863322019577026,0.08623825758695602,-0.3643597960472107,0.856315553188324,0.36601319909095764,-0.11342006921768188,-0.17427301406860352,0.6656004786491394,0.5139859318733215,-0.7470337748527527,-0.42161476612091064,-0.3665370047092438,-0.635643720626831,0.6794173121452332,0.3259755074977875,-0.015689849853515625,-0.031000062823295593,-0.7993403673171997,-0.6008787751197815,-6.253927153920813e-07,0.6008787751197815,-0.7993403673171997,1.961278712769854e-07,0.4810839295387268,-0.04145943745970726,-0.03099997341632843,0.17086708545684814,0.01007973775267601,-0.031000152230262756
94,0.44471475481987,-1.108054280281067,1.7728312015533447,1.3477827310562134,0.9926272034645081,-0.6574626564979553,0.08559069037437439,0.730736255645752,0.2880130112171173,-0.4765479862689972,0.0921410545706749,0.29727673530578613,0.2518307864665985,0.13318271934986115,0.37973999977111816,0.31221380829811096,0.9569008946418762,-0.029280783608555794,0.3153805732727051,0.8349090814590454,1.9468046426773071,2.9292123317718506,1.147589921951294,0.7313680052757263,-0.626333475112915,0.038390256464481354,-0.4894533157348633,-0.2025357335805893,-0.05919034779071808,-0.40310022234916687,-3.033719301223755,0.8261508345603943,-0.5838013887405396,0.843571662902832,0.5308632850646973,0.9174847602844238,0.3918142318725586,0.06858067214488983,-0.3886755704879761,0.846421480178833,0.3640081584453583,-0.10210645198822021,-0.16511201858520508,0.6654561161994934,0.4730844497680664,-0.7810410261154175,-0.40763452649116516,-0.39706850051879883,-0.6020510196685791,0.6927273273468018,0.3259755074977875,-0.015689849853515625,-0.031000062823295593,-0.7993401288986206,-0.6008788347244263,-6.151419711386552e-07,0.6008788347244263,-0.7993401288986206,1.9347704949268518e-07,0.4810838997364044,-0.041459403932094574,-0.03099997341632843,0.17086711525917053,0.010079704225063324,-0.031000152230262756
95,0.45848944783210754,-1.1375999450683594,1.7763952016830444,1.3686407804489136,1.0115948915481567,-0.6488317251205444,0.11289827525615692,0.730728030204773,0.2745964825153351,-0.48069068789482117,0.10206462442874908,0.3290133774280548,0.2556237280368805,0.11855857819318771,0.38002538681030273,0.3209838271141052,0.9236774444580078,-0.027527468279004097,0.2906617224216461,0.822570264339447,1.9537413120269775,2.930389881134033,1.1644856929779053,0.7317405939102173,-0.6341927647590637,-0.007100116461515427,-0.48713937401771545,-0.18304221332073212,-0.036614060401916504,-0.43834683299064636,0.968920111656189,0.9381277561187744,-0.603705883026123,0.8287711143493652,0.5234827399253845,0.9032355546951294,0.4262446165084839,0.049810610711574554,-0.4139353036880493,0.8347068428993225,0.3632107675075531,-0.09046852588653564,-0.15776586532592773,0.6651668548583984,0.43285155296325684,-0.8106080889701843,-0.39440351724624634,-0.4255295395851135,-0.5694324970245361,0.7033288478851318,0.3259755074977875,-0.015689849853515625,-0.031000062823295593,-0.7993401288986206,-0.6008787751197815,-6.1332843870332e-07,0.6008787751197815,-0.7993401288986206,1.9333901946083643e-07,0.48108386993408203,-0.04145941138267517,-0.03099997341632843,0.17086714506149292,0.010079711675643921,-0.031000152230262756
96,0.4746024012565613,-1.167081356048584,1.7790471315383911,1.3937667608261108,1.0318351984024048,-0.6387929320335388,0.13986647129058838,0.7306581139564514,0.34799671173095703,-0.47663819789886475,0.08420225232839584,0.41505470871925354,0.2705335319042206,0.1340181976556778,0.374994158744812,0.3994963765144348,0.8912686109542847,-0.02091096341609955,0.26610517501831055,0.8143922686576843,1.9573683738708496,2.9333667755126953,1.1842031478881836,0.7318120002746582,-0.6286789774894714,0.0892651379108429,-0.47704166173934937,-0.14679056406021118,0.07801149785518646,-0.47158485651016235,1.5409222841262817,0.8501933217048645,-0.6257020235061646,0.8110194206237793,0.5167328715324402,0.8849754333496094,0.4647296667098999,0.02906520664691925,-0.4425780773162842,0.8201090097427368,0.3626925051212311,-0.07739365100860596,-0.1509404182434082,0.6644064784049988,0.3969380855560303,-0.8357020616531372,-0.3795289695262909,-0.44920316338539124,-0.5374739170074463,0.7136795520782471,0.3259755074977875,-0.015689849853515625,-0.031000062823295593,-0.7993403673171997,-0.6008787751197815,-6.255049243009125e-07,0.6008787751197815,-0.7993403673171997,1.959393358674788e-07,0.4810839295387268,-0.04145943745970726,-0.03099997341632843,0.17086708545684814,0.01007973775267601,-0.031000152230262756
97,0.49230360984802246,-1.1964384317398071,1.7824715375900269,1.420854091644287,1.0517390966415405,-0.6287082433700562,0.16675780713558197,0.7306501865386963,0.35533425211906433,-0.4845021367073059,0.10423274338245392,0.42998453974723816,0.26672548055648804,0.1376131772994995,0.3736807405948639,0.4040447175502777,0.8591099977493286,-0.013159171678125858,0.2415202558040619,0.8080068230628967,1.96195387840271,2.9358370304107666,1.2023730278015137,0.7319369912147522,-0.6345203518867493,0.08048001676797867,-0.46292269229888916,-0.12168024480342865,0.13374459743499756,-0.504267692565918,2.1792092323303223,0.8897576928138733,-0.6490693092346191,0.7907872200012207,0.5091212391853333,0.8626810908317566,0.5056827664375305,0.008140230551362038,-0.47411972284317017,0.8030232191085815,0.36105987429618835,-0.06378448009490967,-0.14458751678466797,0.6636869311332703,0.3577260971069336,-0.8590203523635864,-0.3662186563014984,-0.47085168957710266,-0.5045914649963379,0.7236616015434265,0.3259755074977875,-0.015689849853515625,-0.031000062823295593,-0.7993401288986206,-0.6008788347244263,-6.152435503281595e-07,0.6008788347244263,-0.7993401288986206,1.9331551470713748e-07,0.4810838997364044,-0.041459403932094574,-0.03099997341632843,0.17086711525917053,0.010079704225063324,-0.031000152230262756
98,0.5075710415840149,-1.2266494035720825,1.7841087579727173,1.4494937658309937,1.069952368736267,-0.6196346879005432,0.19265665113925934,0.7306814789772034,0.2957819998264313,-0.4814443290233612,0.06287629157304764,0.4436589777469635,0.2458128184080124,0.12341204285621643,0.3599323630332947,0.36103880405426025,0.8279452919960022,-0.004304945934563875,0.21753068268299103,0.806057333946228,1.9690200090408325,2.9383115768432617,1.2201794385910034,0.7320101857185364,-0.6296178698539734,0.09218135476112366,-0.4339722990989685,-0.057476550340652466,0.18807056546211243,-0.5067532658576965,2.450678825378418,0.9013839960098267,-0.6714299917221069,0.7703280448913574,0.5020738244056702,0.8387948870658875,0.5443632006645203,-0.009585739113390446,-0.504760205745697,0.7841293811798096,0.3610515594482422,-0.04981929063796997,-0.13913249969482422,0.6633749008178711,0.3169482350349426,-0.8789224624633789,-0.3564256429672241,-0.49035370349884033,-0.47353196144104004,0.7316562533378601,0.3259755074977875,-0.015689849853515625,-0.031000062823295593,-0.7993401288986206,-0.6008787751197815,-6.134504246801953e-07,0.6008787751197815,-0.7993401288986206,1.932156976636179e-07,0.48108386993408203,-0.04145941138267517,-0.03099997341632843,0.17086714506149292,0.010079711675643921,-0.031000152230262756
99,0.5191863775253296,-1.2565555572509766,1.7859948873519897,1.4788564443588257,1.0873616933822632,-0.6153097152709961,0.21827583014965057,0.7306906580924988,0.23762957751750946,-0.4848453998565674,0.07208001613616943,0.44915902614593506,0.2347768396139145,0.05807037279009819,0.3558914363384247,0.35179704427719116,0.7980952262878418,0.006806591525673866,0.19576679170131683,0.8080199956893921,1.9780023097991943,2.9408442974090576,1.2380151748657227,0.7320733666419983,-0.6086222529411316,0.12896686792373657,-0.3750320374965668,-0.007000649347901344,0.22940582036972046,-0.512605607509613,2.6235969066619873,0.8613132238388062,-0.6918247938156128,0.7503023147583008,0.49560368061065674,0.8138532638549805,0.580471396446228,-0.026379045099020004,-0.5329678058624268,0.763796329498291,0.36408859491348267,-0.03565269708633423,-0.13430452346801758,0.6632183790206909,0.2770758271217346,-0.8953154683113098,-0.3487682640552521,-0.5066022872924805,-0.444551944732666,0.7387338280677795,0.3259755074977875,-0.015689849853515625,-0.031000062823295593,-0.7993403673171997,-0.6008787751197815,-6.256955771277717e-07,0.6008787751197815,-0.7993403673171997,1.9583018229241134e-07,0.4810839295387268,-0.04145943745970726,-0.03099997341632843,0.17086708545684814,0.01007973775267601,-0.031000152230262756
100,0.5275620818138123,-1.286238431930542,1.7903258800506592,1.5085119009017944,1.104006290435791,-0.6165180206298828,0.24390609562397003,0.7306953072547913,0.1868053674697876,-0.49169427156448364,0.11386868357658386,0.4491732716560364,0.2222856879234314,-0.017434136942029,0.35858428478240967,0.009097002446651459,0.7702633142471313,0.01958712935447693,0.17789815366268158,0.8137896656990051,1.988745093345642,2.943531036376953,1.255721092224121,0.7321404218673706,-0.5695239305496216,0.1462729573249817,-0.28613951802253723,0.04677800461649895,0.26887714862823486,-0.5124972462654114,2.819955825805664,0.6969500780105591,-0.7107183933258057,0.7306103706359863,0.4883151650428772,0.7875173091888428,0.614822268486023,-0.04254448041319847,-0.5595574378967285,0.7422451972961426,0.36873772740364075,-0.02196645736694336,-0.13029861450195312,0.6632332801818848,0.24074184894561768,-0.9077750444412231,-0.34349361062049866,-0.5193460583686829,-0.4194566011428833,0.7445372939109802,0.3259755074977875,-0.015689849853515625,-0.031000062823295593,-0.7993401288986206,-0.6008788347244263,-6.014035989210242e-07,0.6008788347244263,-0.7993401288986206,1.9045415911023156e-07,0.4810838997364044,-0.041459403932094574,-0.03099997714161873,0.17086711525917053,0.010079704225063324,-0.031000148504972458
101,0.5342629551887512,-1.3165650367736816,1.794003963470459,1.5382452011108398,1.1224111318588257,-0.623573899269104,0.26885533332824707,0.7307046055793762,0.16325785219669342,-0.4889179766178131,0.09145943075418472,0.45132771134376526,0.2504172623157501,-0.10211888700723648,0.3465149998664856,0.3390321433544159,0.7462071776390076,0.034607987850904465,0.1647128313779831,0.8209490776062012,2.000300407409668,2.946225643157959,1.2728514671325684,0.7322314977645874,-0.4981003403663635,0.1875513792037964,-0.18180817365646362,0.05664501339197159,0.29200348258018494,-0.5252917408943176,2.9901533126831055,0.6350304484367371,-0.7274607419967651,0.7107133865356445,0.48209041357040405,0.7599552869796753,0.6473281979560852,-0.05860133469104767,-0.5832504630088806,0.7189532518386841,0.37805435061454773,-0.009137392044067383,-0.1266317367553711,0.6630268692970276,0.21030986309051514,-0.917121171951294,-0.33861273527145386,-0.5269496440887451,-0.3980807065963745,0.7509034276008606,0.3259755074977875,-0.015689849853515625,-0.031000062823295593,-0.7993401288986206,-0.6008787751197815,-6.135333592283132e-07,0.6008787751197815,-0.7993401288986206,1.930338839883916e-07,0.48108386993408203,-0.04145941138267517,-0.03099997341632843,0.17086714506149292,0.010079711675643921,-0.031000152230262756
102,0.5380431413650513,-1.3469637632369995,1.7960692644119263,1.568420648574829,1.1407854557037354,-0.6350203156471252,0.2929818630218506,0.7307319045066833,0.10159837454557419,-0.48641645908355713,0.06486142426729202,0.4483741521835327,0.251288503408432,-0.16239240765571594,0.3352579176425934,0.30519625544548035,0.7269825339317322,0.051026295870542526,0.1552141010761261,0.8286535143852234,2.0126590728759766,2.9488964080810547,1.289190649986267,0.7323028445243835,-0.43452367186546326,0.20433580875396729,-0.0935000479221344,0.06242853403091431,0.3105647563934326,-0.5266492366790771,3.1059868335723877,0.6571471095085144,-0.741956353187561,0.691565990447998,0.47730135917663574,0.731895923614502,0.6774818301200867,-0.07312211394309998,-0.6037267446517944,0.6944665908813477,0.3914463222026825,0.0025800466537475586,-0.12322235107421875,0.6626100540161133,0.18591439723968506,-0.9239959716796875,-0.33416667580604553,-0.5299248099327087,-0.3806852102279663,0.757798433303833,0.3259755074977875,-0.015689849853515625,-0.031000062823295593,-0.7993403673171997,-0.6008787751197815,-6.25709333235136e-07,0.6008787751197815,-0.7993403673171997,1.9561987585348106e-07,0.4810839295387268,-0.04145943745970726,-0.03099997341632843,0.17086708545684814,0.01007973775267601,-0.031000152230262756
103,0.5385766625404358,-1.3775882720947266,1.7950445413589478,1.5986613035202026,1.1593519449234009,-0.6505285501480103,0.3164384365081787,0.7307507395744324,0.04543464258313179,-0.47967928647994995,0.011603175662457943,0.44559842348098755,0.25583288073539734,-0.22005745768547058,0.32567307353019714,0.2840070426464081,0.7120235562324524,0.06831561028957367,0.1481519192457199,0.8385119438171387,2.0258288383483887,2.951632499694824,1.3066216707229614,0.732323169708252,-0.3904251158237457,0.21336449682712555,-0.026911363005638123,0.09573811292648315,0.3154776096343994,-0.5303279161453247,2.551470994949341,0.5033038854598999,-0.7537939548492432,0.6737027168273926,0.4746607542037964,0.70403653383255,0.704974353313446,-0.08569538593292236,-0.6200786232948303,0.6690576076507568,0.409712553024292,0.013248741626739502,-0.12015914916992188,0.6621931791305542,0.16809535026550293,-0.9287465810775757,-0.330414354801178,-0.5303846001625061,-0.36774301528930664,0.7638437151908875,0.3259755074977875,-0.015689849853515625,-0.031000062823295593,-0.7993401288986206,-0.6008788347244263,-6.014691962263896e-07,0.6008788347244263,-0.7993401288986206,1.9027505970825587e-07,0.4810838997364044,-0.041459403932094574,-0.03099997714161873,0.17086711525917053,0.010079704225063324,-0.031000148504972458
104,0.5356854796409607,-1.4081940650939941,1.7902990579605103,1.6289845705032349,1.1778337955474854,-0.6694304347038269,0.3390807807445526,0.7307690978050232,-0.0167146734893322,-0.4721847474575043,-0.047300856560468674,0.4409623146057129,0.2561105787754059,-0.2675515115261078,0.3143330216407776,0.26319989562034607,0.7002347111701965,0.0855540931224823,0.1434803605079651,0.8520529270172119,2.0423364639282227,2.9544765949249268,1.3252416849136353,0.7322738766670227,-0.35135966539382935,0.20666399598121643,0.030742615461349487,0.16132143139839172,0.2873633801937103,-0.4965130388736725,1.2995059490203857,0.4067063629627228,-0.7630780935287476,0.6573038101196289,0.4743993878364563,0.6766617894172668,0.7300522923469543,-0.095668263733387,-0.632253110408783,0.6427097320556641,0.4326433539390564,0.022964835166931152,-0.11762094497680664,0.6622900366783142,0.1543986201286316,-0.9312502145767212,-0.33005207777023315,-0.5299820899963379,-0.35999369621276855,0.7678045630455017,0.3259755074977875,-0.015689849853515625,-0.031000062823295593,-0.7993401288986206,-0.6008787751197815,-6.136556294222828e-07,0.6008787751197815,-0.7993401288986206,1.9287473662643606e-07,0.48108386993408203,-0.04145941138267517,-0.03099997341632843,0.17086714506149292,0.010079711675643921,-0.031000152230262756
105,0.533169150352478,-1.4391223192214966,1.778497338294983,1.6584978103637695,1.198893666267395,-0.6923002600669861,0.3603938817977905,0.7307326793670654,0.014552698470652103,-0.4550462067127228,-0.16652803122997284,0.44330838322639465,0.29338303208351135,-0.3285418152809143,0.29553067684173584,0.31424155831336975,0.6930928230285645,0.10398170351982117,0.14031380414962769,0.8682700991630554,2.0628390312194824,2.9568769931793213,1.3451852798461914,0.7322550415992737,-0.2766205072402954,0.2372516244649887,0.07696808129549026,0.20072661340236664,0.2639530599117279,-0.48917996883392334,0.3806362450122833,0.3631105422973633,-0.7697805166244507,0.6397924423217773,0.47861480712890625,0.6479884386062622,0.7546505928039551,-0.10302245616912842,-0.6400400996208191,0.6128435134887695,0.4634343683719635,0.03202182054519653,-0.11486148834228516,0.6626697778701782,0.14417558908462524,-0.9322887063026428,-0.3317399322986603,-0.5276016592979431,-0.3560396432876587,0.7712797522544861,0.3259755074977875,-0.015689849853515625,-0.031000062823295593,-0.7993403673171997,-0.6008787751197815,-6.258292728489323e-07,0.6008787751197815,-0.7993403673171997,1.9546736496067751e-07,0.4810839295387268,-0.04145943745970726,-0.03099997341632843,0.17086708545684814,0.01007973775267601,-0.031000152230262756
106,0.5345785021781921,-1.469318151473999,1.760286569595337,1.6875616312026978,1.2227169275283813,-0.716943621635437,0.38059020042419434,0.7306766510009766,0.09900020062923431,-0.43961453437805176,-0.262202650308609,0.4505913257598877,0.3312245309352875,-0.3560992479324341,0.27947914600372314,0.38518890738487244,0.6913059949874878,0.12412330508232117,0.13485412299633026,0.8844611644744873,2.0841455459594727,2.958784580230713,1.3664683103561401,0.7322874665260315,-0.2367323637008667,0.2724057734012604,0.06172128766775131,0.19314995408058167,0.2561807334423065,-0.5021545886993408,0.49619096517562866,0.36620205640792847,-0.7752335071563721,0.6184806823730469,0.4866209030151367,0.6147839426994324,0.7811435461044312,-0.10888320207595825,-0.6455451846122742,0.5776945948600769,0.4995401203632355,0.04094088077545166,-0.11146020889282227,0.6626207232475281,0.13665318489074707,-0.9334568381309509,-0.33163854479789734,-0.5233405828475952,-0.35227513313293457,0.7758973836898804,0.3259755074977875,-0.015689849853515625,-0.031000062823295593,-0.7993401288986206,-0.6008788347244263,-6.01518024723191e-07,0.6008788347244263,-0.7993401288986206,1.9003248041826737e-07,0.4810838997364044,-0.041459403932094574,-0.03099997714161873,0.17086711525917053,0.010079704225063324,-0.031000148504972458
107,0.540687620639801,-1.4985283613204956,1.7388242483139038,1.716675043106079,1.2480871677398682,-0.74158775806427,0.39998599886894226,0.7306299805641174,0.18338356912136078,-0.4324817657470703,-0.3046903610229492,0.45901668071746826,0.35154274106025696,-0.35656213760375977,0.26792749762535095,0.43972262740135193,0.6914978623390198,0.14562486112117767,0.1251458078622818,0.8995509147644043,2.105497121810913,2.960822343826294,1.3886116743087769,0.7322673201560974,-0.260740727186203,0.2943459153175354,0.011660248041152954,0.17288446426391602,0.24835050106048584,-0.5098657608032227,0.4362668991088867,0.42044124007225037,-0.7804690599441528,0.5927014350891113,0.49582439661026,0.5755155682563782,0.8098763227462769,-0.11350029706954956,-0.6506046652793884,0.5375161170959473,0.5364606380462646,0.05069386959075928,-0.1077275276184082,0.6619212627410889,0.12741845846176147,-0.9355934262275696,-0.32928645610809326,-0.5187948346138,-0.3458235263824463,0.7818300127983093,0.3259755074977875,-0.015689849853515625,-0.031000062823295593,-0.7993401288986206,-0.6008787751197815,-6.137323680377449e-07,0.6008787751197815,-0.7993401288986206,1.9263120520918164e-07,0.48108386993408203,-0.04145941138267517,-0.03099997341632843,0.17086714506149292,0.010079711675643921,-0.031000152230262756
108,0.5532044768333435,-1.526894211769104,1.7142918109893799,1.7454159259796143,1.2740795612335205,-0.7669758796691895,0.4193553328514099,0.7305554151535034,0.31171730160713196,-0.4135054647922516,-0.3581004738807678,0.47122567892074585,0.3593326508998871,-0.3710220754146576,0.26713958382606506,0.5304597020149231,0.6914317011833191,0.16755521297454834,0.10955201089382172,0.9128636717796326,2.1277732849121094,2.962576150894165,1.4107742309570312,0.7322450280189514,-0.3098475933074951,0.30201369524002075,-0.06396079063415527,0.14276203513145447,0.2606644928455353,-0.526155412197113,0.46348845958709717,0.5060762166976929,-0.7855072021484375,0.560791015625,0.5060073137283325,0.5279540419578552,0.8413093686103821,-0.1160307377576828,-0.655508816242218,0.49054503440856934,0.57417231798172,0.061866581439971924,-0.10381746292114258,0.6606473326683044,0.11143255233764648,-0.9391728639602661,-0.3248648941516876,-0.5156071186065674,-0.3340975046157837,0.7890045642852783,0.3259755074977875,-0.015689849853515625,-0.031000062823295593,-0.7993403673171997,-0.6008787751197815,-6.258919142965169e-07,0.6008787751197815,-0.7993403673171997,1.9525236893969122e-07,0.4810839295387268,-0.04145943745970726,-0.03099997341632843,0.17086708545684814,0.01007973775267601,-0.031000152230262756
109,0.5715133547782898,-1.5532958507537842,1.6874183416366577,1.7745345830917358,1.2996717691421509,-0.7938979864120483,0.440241277217865,0.7305070161819458,0.4077465236186981,-0.3780823349952698,-0.39954468607902527,0.4822095036506653,0.3542936146259308,-0.39452555775642395,0.287985235452652,0.582973837852478,0.6912356019020081,0.1888994574546814,0.09095321595668793,0.9256075024604797,2.1522204875946045,2.9641799926757812,1.4316272735595703,0.7322506904602051,-0.28880757093429565,0.2825128138065338,-0.09345899522304535,0.13591724634170532,0.2842203676700592,-0.5286771059036255,0.4530164301395416,0.599838376045227,-0.7896907329559326,0.5225744247436523,0.5173515677452087,0.47004497051239014,0.874783456325531,-0.11752296984195709,-0.6589668393135071,0.4363862872123718,0.6126415729522705,0.0736391544342041,-0.10017061233520508,0.659233570098877,0.08982884883880615,-0.9427647590637207,-0.3211313486099243,-0.513528048992157,-0.32011234760284424,0.7961262464523315,0.3259755074977875,-0.015689849853515625,-0.031000062823295593,-0.7993401288986206,-0.6008788347244263,-6.219594865797262e-07,0.6008788347244263,-0.7993401288986206,1.95224686194706e-07,0.4810838997364044,-0.041459403932094574,-0.03099997341632843,0.17086711525917053,0.010079704225063324,-0.031000152230262756
110,0.5936805605888367,-1.5731375217437744,1.659602165222168,1.804208755493164,1.3256654739379883,-0.822096586227417,0.4592320919036865,0.7305158972740173,0.4648018181324005,-0.24326102435588837,-0.438398152589798,0.4887416958808899,0.36313608288764954,-0.4147014617919922,0.26191362738609314,0.5661094188690186,0.6898238658905029,0.20951412618160248,0.07402031123638153,0.9387766718864441,2.1767139434814453,2.9655344486236572,1.4507670402526855,0.7322529554367065,-0.2909449338912964,0.268881231546402,-0.06755943596363068,0.14087365567684174,0.28206026554107666,-0.5324671864509583,0.44131433963775635,0.49170827865600586,-0.790939211845398,0.48072052001953125,0.5315112471580505,0.4044595956802368,0.906614363193512,-0.12026140093803406,-0.6564835906028748,0.3793593645095825,0.6520090103149414,0.08505141735076904,-0.09693670272827148,0.6577779054641724,0.06739377975463867,-0.9455376267433167,-0.3184599280357361,-0.5119274258613586,-0.30673789978027344,0.8023977875709534,0.3259755074977875,-0.015689849853515625,-0.031000062823295593,-0.7993401288986206,-0.6008787751197815,-6.137570380815305e-07,0.6008787751197815,-0.7993401288986206,1.9257885242041084e-07,0.48108386993408203,-0.04145941138267517,-0.03099997341632843,0.17086714506149292,0.010079711675643921,-0.031000152230262756
111,0.6182745695114136,-1.5782430171966553,1.6321444511413574,1.8343708515167236,1.3522467613220215,-0.8508356809616089,0.4738999009132385,0.7305878400802612,0.4988573491573334,0.04486566036939621,-0.4769197702407837,0.4909636080265045,0.37519916892051697,-0.42472824454307556,0.20521290600299835,0.012822452001273632,0.6843541860580444,0.2294667363166809,0.06063642352819443,0.9521952271461487,2.2008283138275146,2.9653782844543457,1.4678875207901,0.7321043610572815,-0.35828813910484314,0.2688418924808502,-0.02458260953426361,0.15065144002437592,0.2307402789592743,-0.5252869725227356,-2.9204492568969727,0.5012257695198059,-0.7867075204849243,0.4387030601501465,0.552418053150177,0.3338473439216614,0.9336450099945068,-0.12981869280338287,-0.6422479748725891,0.3261023759841919,0.6936675906181335,0.0964360237121582,-0.09384441375732422,0.656359076499939,0.04246413707733154,-0.9477919340133667,-0.3160496950149536,-0.5109386444091797,-0.29244136810302734,0.8083439469337463,0.3259755074977875,-0.015689849853515625,-0.031000062823295593,-0.7993403673171997,-0.6008787751197815,-6.258831035665935e-07,0.6008787751197815,-0.7993403673171997,1.9520975058640033e-07,0.4810839295387268,-0.04145943745970726,-0.03099997341632843,0.17086708545684814,0.01007973775267601,-0.031000152230262756
112,0.6465299129486084,-1.5602821111679077,1.6053943634033203,1.8646272420883179,1.3797352313995361,-0.8800605535507202,0.48370620608329773,0.7306906580924988,0.5712719559669495,0.47685500979423523,-0.5227741003036499,0.49342063069343567,0.395307719707489,-0.4368380606174469,0.13558538258075714,0.34176355600357056,0.6708455681800842,0.25004515051841736,0.04826828092336655,0.9616049528121948,2.2246031761169434,2.9655954837799072,1.4778921604156494,0.7318490743637085,-0.5069392919540405,0.2994636297225952,-0.07106450200080872,0.08642999827861786,0.1750779151916504,-0.4565199911594391,-1.8553144931793213,0.54081130027771,-0.7740658521652222,0.398648738861084,0.5849314332008362,0.25751960277557373,0.9542309641838074,-0.15207578241825104,-0.6102906465530396,0.2826402187347412,0.7400404810905457,0.11003023386001587,-0.09155464172363281,0.6540974974632263,0.004250764846801758,-0.949353814125061,-0.314180463552475,-0.50876784324646,-0.2725338935852051,0.816627562046051,0.3259755074977875,-0.015689849853515625,-0.031000062823295593,-0.7993401288986206,-0.6008788347244263,-6.219582360245113e-07,0.6008788347244263,-0.7993401288986206,1.951190569116079e-07,0.4810838997364044,-0.041459403932094574,-0.03099997341632843,0.17086711525917053,0.010079704225063324,-0.031000152230262756
113,0.675020694732666,-1.5375597476959229,1.574655532836914,1.8952187299728394,1.4082542657852173,-0.9090080857276917,0.4769793748855591,0.7307159900665283,0.5498045682907104,0.4295240640640259,-0.5182945132255554,0.488988995552063,0.40359506011009216,-0.4267493784427643,-0.09549811482429504,0.29947078227996826,0.6572204828262329,0.2701944410800934,0.03528044372797012,0.9786972403526306,2.2423336505889893,2.965972423553467,1.4900139570236206,0.731829047203064,-0.40073496103286743,0.2527540326118469,-0.0699487179517746,0.2253774255514145,0.09406562149524689,-0.4034985899925232,-1.742051362991333,0.4657505452632904,-0.7555972337722778,0.3602619171142578,0.6206172108650208,0.19055533409118652,0.9681754112243652,-0.16225025057792664,-0.5675593614578247,0.24351060390472412,0.786497950553894,0.12223118543624878,-0.09043264389038086,0.6521497964859009,-0.025555133819580078,-0.9493921995162964,-0.3130519688129425,-0.5124146342277527,-0.2564460039138794,0.8195527791976929,0.3259755074977875,-0.015689849853515625,-0.031000062823295593,-0.7993401288986206,-0.6008787751197815,-6.138085382190184e-07,0.6008787751197815,-0.7993401288986206,1.9246752458457195e-07,0.48108386993408203,-0.04145941138267517,-0.03099997341632843,0.17086714506149292,0.010079711675643921,-0.031000152230262756
114,0.7045894265174866,-1.5157111883163452,1.5447176694869995,1.925295352935791,1.4372360706329346,-0.9376803040504456,0.45798543095588684,0.7307347059249878,0.5846443176269531,0.4194719195365906,-0.511078953742981,0.489802747964859,0.4086405634880066,-0.4234219789505005,-0.2669137120246887,0.28035950660705566,0.6535658240318298,0.2915908992290497,0.028017017990350723,1.0010875463485718,2.2548282146453857,2.9665493965148926,1.507331132888794,0.7319676876068115,-0.13068506121635437,0.2941122055053711,0.05297265201807022,0.28438860177993774,-0.01015704870223999,-0.411532998085022,-2.57800030708313,0.21558751165866852,-0.7338392734527588,0.32366180419921875,0.6534760594367981,0.13333135843276978,0.9775067567825317,-0.16341131925582886,-0.5204107761383057,0.2093765139579773,0.8278491497039795,0.13030952215194702,-0.08823680877685547,0.6501473784446716,-0.03082871437072754,-0.9500420689582825,-0.31059572100639343,-0.5145803093910217,-0.2513132095336914,0.8197858333587646,0.3259755074977875,-0.015689849853515625,-0.031000062823295593,-0.7993403673171997,-0.6008787751197815,-6.259842848521657e-07,0.6008787751197815,-0.7993403673171997,1.9508580351157434e-07,0.4810839295387268,-0.04145943745970726,-0.03099997341632843,0.17086708545684814,0.01007973775267601,-0.031000152230262756
115,0.7351331114768982,-1.495822548866272,1.5157907009124756,1.9554622173309326,1.4663783311843872,-0.9663926362991333,0.43137672543525696,0.7307642698287964,0.5935482382774353,0.36745572090148926,-0.4844273030757904,0.48927032947540283,0.40938088297843933,-0.4220483601093292,-0.3732534646987915,0.24263395369052887,0.6584023833274841,0.3154970407485962,0.028810853138566017,1.0241730213165283,2.2587878704071045,2.966883659362793,1.5274533033370972,0.7320530414581299,0.007559299468994141,0.345074862241745,0.17005573213100433,0.2872346341609955,-0.11281265318393707,-0.40544500946998596,-1.164263129234314,0.2185521423816681,-0.7096526622772217,0.28846263885498047,0.68282151222229,0.08303165435791016,0.9837443828582764,-0.15922586619853973,-0.4706399738788605,0.17954617738723755,0.8638641238212585,0.1346229612827301,-0.08391666412353516,0.6471178531646729,-0.011983752250671387,-0.9528675675392151,-0.30314990878105164,-0.5116442441940308,-0.2546344995498657,0.820598304271698,0.3259755074977875,-0.015689849853515625,-0.031000062823295593,-0.7993401288986206,-0.6008788347244263,-6.220867589945556e-07,0.6008788347244263,-0.7993401288986206,1.9503586656810512e-07,0.4810838997364044,-0.041459403932094574,-0.03099997341632843,0.17086711525917053,0.010079704225063324,-0.031000152230262756
116,0.765897810459137,-1.4800127744674683,1.4908262491226196,1.9853575229644775,1.4956508874893188,-0.994233250617981,0.40306323766708374,0.7307984232902527,0.5893105864524841,0.2666279375553131,-0.406139999628067,0.4838966429233551,0.40866440534591675,-0.40651196241378784,-0.39669591188430786,0.20265062153339386,0.6710360050201416,0.33864647150039673,0.031392902135849,1.0475115776062012,2.257225751876831,2.967860698699951,1.550428032875061,0.7320660352706909,0.13536977767944336,0.31471723318099976,0.18453016877174377,0.3008284866809845,-0.18339164555072784,-0.3814561665058136,-1.0802592039108276,0.11210469901561737,-0.685350775718689,0.2556920051574707,0.7062095403671265,0.03654605150222778,0.9872840046882629,-0.15470822155475616,-0.423004150390625,0.15554165840148926,0.8926781415939331,0.13568401336669922,-0.078826904296875,0.6438245177268982,0.02355116605758667,-0.9557507038116455,-0.29323336482048035,-0.507351279258728,-0.2641627788543701,0.8202515840530396,0.3259755074977875,-0.015689849853515625,-0.031000062823295593,-0.7993401288986206,-0.6008787751197815,-6.13884253652941e-07,0.6008787751197815,-0.7993401288986206,1.9239000437210052e-07,0.48108386993408203,-0.04145941138267517,-0.03099997341632843,0.17086714506149292,0.010079711675643921,-0.031000152230262756
117,0.7967907786369324,-1.4712862968444824,1.4771289825439453,2.01477313041687,1.5250318050384521,-1.0203317403793335,0.37391197681427,0.7308428883552551,0.5803534388542175,0.08019714802503586,-0.20369260013103485,0.47672611474990845,0.4060443341732025,-0.37664994597435,-0.4079707860946655,0.16154845058918,0.6833258271217346,0.3600832521915436,0.03704534471035004,1.0733082294464111,2.2472879886627197,2.9679629802703857,1.573002815246582,0.7317792773246765,0.14041081070899963,0.294227659702301,0.17916283011436462,0.34745606780052185,-0.2597217559814453,-0.2545747458934784,-0.787986159324646,-0.016717201098799706,-0.6652117967605591,0.22622966766357422,0.7194333672523499,-0.006361961364746094,0.9880281090736389,-0.15414251387119293,-0.3863976001739502,0.13974404335021973,0.9116843938827515,0.13450613617897034,-0.07386350631713867,0.6407263278961182,0.0684959888458252,-0.9570146799087524,-0.28183528780937195,-0.5054982900619507,-0.27684295177459717,0.8172082901000977,0.3259755074977875,-0.015689849853515625,-0.031000062823295593,-0.7993403673171997,-0.6008787751197815,-6.259847964429355e-07,0.6008787751197815,-0.7993403673171997,1.9500100734148873e-07,0.4810839295387268,-0.04145943745970726,-0.03099997341632843,0.17086708545684814,0.01007973775267601,-0.031000152230262756
118,0.8282327651977539,-1.464838981628418,1.4827430248260498,2.043802261352539,1.5539343357086182,-1.0437601804733276,0.3444688618183136,0.7309945225715637,0.5716448426246643,0.039944831281900406,0.08107693493366241,0.463431715965271,0.3988574147224426,-0.3350886106491089,-0.410098671913147,-0.023119185119867325,0.6918079853057861,0.3793949484825134,0.043869830667972565,1.1006138324737549,2.2311325073242188,2.9676172733306885,1.5928183794021606,0.7314358949661255,0.10496275126934052,0.27205541729927063,0.14354422688484192,0.3801088333129883,-0.29116857051849365,-0.12530863285064697,-0.33558139204978943,-0.09697634726762772,-0.6515181064605713,0.20258665084838867,0.7226926684379578,-0.04726564884185791,0.9848242998123169,-0.16699422895908356,-0.3661956191062927,0.13845741748809814,0.9201794862747192,0.13254690170288086,-0.06986808776855469,0.6378979086875916,0.11384660005569458,-0.9560038447380066,-0.27036207914352417,-0.5070416927337646,-0.2899322509765625,0.8116945028305054,0.3259755074977875,-0.015689849853515625,-0.031000062823295593,-0.7993401288986206,-0.6008788347244263,-6.220890895747289e-07,0.6008788347244263,-0.7993401288986206,1.9491275793370733e-07,0.4810838997364044,-0.041459403932094574,-0.03099997341632843,0.17086711525917053,0.010079704225063324,-0.031000152230262756
119,0.8593948483467102,-1.4583431482315063,1.5041289329528809,2.0724680423736572,1.5812641382217407,-1.067060947418213,0.3148987591266632,0.7310712933540344,0.5634945631027222,0.03492826223373413,0.3071403205394745,0.456185519695282,0.3769412636756897,-0.3323386609554291,-0.41168510913848877,-0.025465700775384903,0.6915175318717957,0.397653192281723,0.0521414615213871,1.1282320022583008,2.2114450931549072,2.967207670211792,1.6060301065444946,0.7311994433403015,-0.047663364559412,0.27018967270851135,0.12042288482189178,0.38730132579803467,-0.30038315057754517,-0.048889946192502975,-0.060498565435409546,-0.09246054291725159,-0.6423560380935669,0.1838092803955078,0.7194665670394897,-0.08572721481323242,0.977860689163208,-0.1908906102180481,-0.35827895998954773,0.14852261543273926,0.9217251539230347,0.13187775015830994,-0.06737041473388672,0.635097861289978,0.149036705493927,-0.9537265300750732,-0.2611391544342041,-0.5115334987640381,-0.30036747455596924,0.8050544261932373,0.3259755074977875,-0.015689849853515625,-0.031000062823295593,-0.7993401288986206,-0.6008787751197815,-6.139078436717682e-07,0.6008787751197815,-0.7993401288986206,1.9220317426515976e-07,0.48108386993408203,-0.04145941138267517,-0.03099997341632843,0.17086714506149292,0.010079711675643921,-0.031000152230262756
120,0.8901369571685791,-1.4485578536987305,1.5289214849472046,2.1008951663970947,1.6084977388381958,-1.0942351818084717,0.28527459502220154,0.731137752532959,0.566447377204895,0.15724019706249237,0.31959185004234314,0.4532349705696106,0.3780136704444885,-0.3906046152114868,-0.4119745194911957,-0.03531356528401375,0.6868619322776794,0.41792359948158264,0.06830087304115295,1.1559319496154785,2.194674253463745,2.9652440547943115,1.6220197677612305,0.7311282157897949,-0.0006037193816155195,0.32035547494888306,0.2495722770690918,0.38266685605049133,-0.2361222505569458,-0.033590126782655716,0.22503845393657684,-0.1641438603401184,-0.6314883232116699,0.16807079315185547,0.7166529297828674,-0.12273228168487549,0.967806339263916,-0.21974480152130127,-0.34899261593818665,0.16518932580947876,0.922451376914978,0.1321084201335907,-0.06450891494750977,0.6323323249816895,0.18458479642868042,-0.949917733669281,-0.2521604001522064,-0.5118806958198547,-0.3119422197341919,0.8004188537597656,0.3259755074977875,-0.015689849853515625,-0.031000062823295593,-0.7993403673171997,-0.6008787751197815,-6.11993016264023e-07,0.6008787751197815,-0.7993403673171997,1.921174970220818e-07,0.4810839295387268,-0.04145943745970726,-0.03099997341632843,0.17086708545684814,0.01007973775267601,-0.031000152230262756
121,0.9210943579673767,-1.4312793016433716,1.5550012588500977,2.1290206909179688,1.636181116104126,-1.1227407455444336,0.25560006499290466,0.7312148213386536,0.5660127997398376,0.2935769259929657,0.32974258065223694,0.4468851089477539,0.38431045413017273,-0.4087703824043274,-0.4116641581058502,-0.04228071868419647,0.6804057359695435,0.43969905376434326,0.08982942998409271,1.1828027963638306,2.1789982318878174,2.963703155517578,1.6398496627807617,0.7311119437217712,-0.06492478400468826,0.33982452750205994,0.31014466285705566,0.3713785409927368,-0.21976199746131897,-0.02653440460562706,0.25091353058815,-0.14030760526657104,-0.6181440353393555,0.15648841857910156,0.7168766856193542,-0.15913009643554688,0.9534603953361511,-0.256107360124588,-0.33744046092033386,0.19126147031784058,0.9217120409011841,0.13273435831069946,-0.06186199188232422,0.6293712854385376,0.22235989570617676,-0.9438952207565308,-0.24416819214820862,-0.5081651210784912,-0.32593417167663574,0.7972046732902527,0.3259755074977875,-0.015689849853515625,-0.031000062823295593,-0.7993401288986206,-0.6008788347244263,-6.221792432370421e-07,0.6008788347244263,-0.7993401288986206,1.9469131018468033e-07,0.4810838997364044,-0.041459403932094574,-0.03099997341632843,0.17086711525917053,0.010079704225063324,-0.031000152230262756
122,0.9516846537590027,-1.4121969938278198,1.5812498331069946,2.1573867797851562,1.6648707389831543,-1.1519626379013062,0.2260400652885437,0.7312428951263428,0.5637120008468628,0.2798285186290741,0.3485805094242096,0.45280107855796814,0.39734816551208496,-0.41781434416770935,-0.4104856550693512,-0.019513938575983047,0.6749327182769775,0.46271976828575134,0.11260110139846802,1.2041987180709839,2.1775832176208496,2.966217041015625,1.6522303819656372,0.7315751910209656,-0.08563808351755142,0.3649156391620636,0.38269874453544617,0.27614519000053406,-0.10395562648773193,-0.18059930205345154,-0.6599524021148682,-0.13731591403484344,-0.6041631698608398,0.14724159240722656,0.7173190712928772,-0.19417893886566162,0.9352891445159912,-0.2958529591560364,-0.3273167312145233,0.22253495454788208,0.9183366298675537,0.1356247067451477,-0.060160160064697266,0.6264277696609497,0.24614590406417847,-0.9368860721588135,-0.24830764532089233,-0.49623048305511475,-0.34188270568847656,0.7980422973632812,0.3259755074977875,-0.015689849853515625,-0.031000062823295593,-0.7993401288986206,-0.6008787751197815,-6.000287839924567e-07,0.6008787751197815,-0.7993401288986206,1.892810104209275e-07,0.48108386993408203,-0.04145941138267517,-0.03099997714161873,0.17086714506149292,0.010079711675643921,-0.031000148504972458
123,0.9823184609413147,-1.3927812576293945,1.6079909801483154,2.1856629848480225,1.6940546035766602,-1.1814191341400146,0.1968861222267151,0.731284499168396,0.5653282999992371,0.2986019253730774,0.3523416519165039,0.4518849849700928,0.4038735032081604,-0.42121773958206177,-0.40411972999572754,-0.05146428197622299,0.6712584495544434,0.4857756793498993,0.13430865108966827,1.2132723331451416,2.189901351928711,2.965942859649658,1.6587246656417847,0.7318178415298462,-0.12209077179431915,0.37464749813079834,0.4149990975856781,0.07613637298345566,-0.016443341970443726,-0.31239941716194153,-2.6402816772460938,-0.038830120116472244,-0.5903711318969727,0.1394939422607422,0.71695876121521,-0.22758734226226807,0.9132866859436035,-0.33780407905578613,-0.32075226306915283,0.2572363615036011,0.9115632772445679,0.14081993699073792,-0.05630350112915039,0.623182475566864,0.2510474920272827,-0.9336508512496948,-0.25548261404037476,-0.47493159770965576,-0.34878993034362793,0.8079515099525452,0.3259755074977875,-0.015689849853515625,-0.031000062823295593,-0.7993403673171997,-0.6008787751197815,-6.120916395957465e-07,0.6008787751197815,-0.7993403673171997,1.920196126548035e-07,0.4810839295387268,-0.04145943745970726,-0.03099997341632843,0.17086708545684814,0.01007973775267601,-0.031000152230262756
124,1.0128980875015259,-1.373791217803955,1.634181022644043,2.2138149738311768,1.723603367805481,-1.2109493017196655,0.1687876284122467,0.7313076853752136,0.5660083889961243,0.28419455885887146,0.3492821156978607,0.45085564255714417,0.409150093793869,-0.42191681265830994,-0.38994845747947693,-0.028947394341230392,0.6681580543518066,0.5071584582328796,0.15457476675510406,1.2105755805969238,2.2105813026428223,2.9662327766418457,1.6577775478363037,0.7319669723510742,-0.13309380412101746,0.3407890200614929,0.406058132648468,-0.09427794814109802,0.08195115625858307,-0.3890388011932373,-1.6200705766677856,0.06003757566213608,-0.5768208503723145,0.13269758224487305,0.7157410979270935,-0.25945746898651123,0.8875942826271057,-0.38060247898101807,-0.3178114593029022,0.29367560148239136,0.9015267491340637,0.147565096616745,-0.05203723907470703,0.6194362044334412,0.2406449317932129,-0.9334792494773865,-0.2659071087837219,-0.44643068313598633,-0.34970927238464355,0.8236523270606995,0.3259755074977875,-0.015689849853515625,-0.031000062823295593,-0.7993401288986206,-0.6008788347244263,-6.223081072675996e-07,0.6008788347244263,-0.7993401288986206,1.9460595979126083e-07,0.4810838997364044,-0.041459403932094574,-0.03099997341632843,0.17086711525917053,0.010079704225063324,-0.031000152230262756
125,1.043665885925293,-1.3524422645568848,1.657525658607483,2.2416515350341797,1.7531721591949463,-1.2405158281326294,0.14143714308738708,0.731343150138855,0.5696832537651062,0.3697270154953003,0.2906111180782318,0.4494779109954834,0.4084295630455017,-0.42339012026786804,-0.3786333203315735,-0.05748499929904938,0.6689983606338501,0.5262163281440735,0.17498846352100372,1.2043170928955078,2.2332191467285156,2.9665470123291016,1.6520326137542725,0.7320965528488159,-0.02232883870601654,0.2793217897415161,0.43372833728790283,-0.1491360068321228,0.24528935551643372,-0.41353639960289,0.6785399913787842,0.015127799473702908,-0.5621651411056519,0.12738513946533203,0.715785026550293,-0.29020655155181885,0.8580159544944763,-0.42377933859825134,-0.3156224489212036,0.33224016427993774,0.8888189196586609,0.153070867061615,-0.04744291305541992,0.6158666610717773,0.22737383842468262,-0.9332476258277893,-0.2781185209751129,-0.414980411529541,-0.351226806640625,0.839303731918335,0.3259755074977875,-0.015689849853515625,-0.031000062823295593,-0.7993401288986206,-0.6008787751197815,-6.000726102683984e-07,0.6008787751197815,-0.7993401288986206,1.8920472655281628e-07,0.48108386993408203,-0.04145941138267517,-0.03099997714161873,0.17086714506149292,0.010079711675643921,-0.031000148504972458
126,1.0746427774429321,-1.327364444732666,1.6720492839813232,2.2684884071350098,1.7826440334320068,-1.270012617111206,0.11432508379220963,0.7313458323478699,0.5715299844741821,0.4617508351802826,0.15023423731327057,0.4387710988521576,0.40521731972694397,-0.4234265983104706,-0.37421920895576477,-0.053136590868234634,0.6750287413597107,0.5414373278617859,0.19598552584648132,1.19770348072052,2.256956100463867,2.9668381214141846,1.639413595199585,0.7321587204933167,0.06738116592168808,0.20714221894741058,0.44038498401641846,-0.14632569253444672,0.3166942894458771,-0.42044690251350403,2.129211187362671,-0.004584422335028648,-0.5443441867828369,0.12388944625854492,0.719699501991272,-0.3202418088912964,0.826045572757721,-0.46378228068351746,-0.30890360474586487,0.3717532753944397,0.8754303455352783,0.15612700581550598,-0.04283475875854492,0.6132810115814209,0.21204787492752075,-0.9318943023681641,-0.29429343342781067,-0.3830009698867798,-0.35629749298095703,0.8522688746452332,0.3259755074977875,-0.015689849853515625,-0.031000062823295593,-0.7993403673171997,-0.6008787751197815,-6.121616138443642e-07,0.6008787751197815,-0.7993403673171997,1.9192565048342658e-07,0.4810839295387268,-0.04145943745970726,-0.03099997341632843,0.17086708545684814,0.01007973775267601,-0.031000152230262756
127,1.105638027191162,-1.300057291984558,1.6815872192382812,2.294663667678833,1.8120208978652954,-1.299203872680664,0.0884665995836258,0.7313560843467712,0.569160521030426,0.4737566113471985,0.09070727229118347,0.4276612102985382,0.40402036905288696,-0.4184012711048126,-0.35652679204940796,-0.059891410171985626,0.6842986941337585,0.5511441230773926,0.21467509865760803,1.1884260177612305,2.2783827781677246,2.967373847961426,1.623432993888855,0.7322174310684204,0.09295874834060669,0.11526624858379364,0.4069892168045044,-0.19003985822200775,0.3283357620239258,-0.4386330842971802,2.469003677368164,0.08756403625011444,-0.5252392292022705,0.12221622467041016,0.725143313407898,-0.3499206304550171,0.790802001953125,-0.5021830201148987,-0.3017909526824951,0.4123305082321167,0.859596312046051,0.15690767765045166,-0.03870534896850586,0.6115636825561523,0.19716483354568481,-0.9303079843521118,-0.3092783987522125,-0.3531968891620636,-0.3616917133331299,0.8628041744232178,0.3259755074977875,-0.015689849853515625,-0.031000062823295593,-0.7993401288986206,-0.6008788347244263,-6.222890647222812e-07,0.6008788347244263,-0.7993401288986206,1.944545999776892e-07,0.4810838997364044,-0.041459403932094574,-0.03099997341632843,0.17086711525917053,0.010079704225063324,-0.031000152230262756
128,1.136648416519165,-1.2723966836929321,1.6906622648239136,2.320013999938965,1.84151291847229,-1.3281245231628418,0.06581620872020721,0.73138427734375,0.5663931965827942,0.4677344262599945,0.09194142371416092,0.4141697287559509,0.4065692722797394,-0.41372600197792053,-0.31227028369903564,-0.05717670917510986,0.6961771249771118,0.5562167167663574,0.23081517219543457,1.1766456365585327,2.2999653816223145,2.9678449630737305,1.6060384511947632,0.7322211265563965,0.13960310816764832,0.04521826654672623,0.37292471528053284,-0.2251603901386261,0.3396507799625397,-0.4404136836528778,2.6937308311462402,0.145810067653656,-0.5069172382354736,0.12201690673828125,0.7294843792915344,-0.3793787956237793,0.7507221698760986,-0.5408216714859009,-0.29896068572998047,0.4537036418914795,0.839509129524231,0.15612825751304626,-0.034850120544433594,0.6106533408164978,0.18154644966125488,-0.9289778470993042,-0.3225539028644562,-0.32529473304748535,-0.3662707805633545,0.8717963695526123,0.3259755074977875,-0.015689849853515625,-0.031000062823295593,-0.7993401288986206,-0.6008787751197815,-6.001017140988552e-07,0.6008787751197815,-0.7993401288986206,1.8903159570982098e-07,0.48108386993408203,-0.04145941138267517,-0.03099997714161873,0.17086714506149292,0.010079711675643921,-0.031000148504972458
129,1.167704701423645,-1.2453254461288452,1.6994189023971558,2.3439033031463623,1.8711259365081787,-1.356162190437317,0.04955551028251648,0.7314081788063049,0.5631014704704285,0.4560956358909607,0.09082964807748795,0.3921143412590027,0.40765073895454407,-0.4007459580898285,-0.22205998003482819,-0.05997636914253235,0.7122901082038879,0.5541512370109558,0.24048876762390137,1.1619688272476196,2.3211865425109863,2.968318223953247,1.588335633277893,0.7322795391082764,0.18315692245960236,-0.08475980907678604,0.28466224670410156,-0.25763145089149475,0.32618120312690735,-0.46635702252388,2.6113712787628174,0.17101898789405823,-0.48996877670288086,0.12278270721435547,0.7322569489479065,-0.41022491455078125,0.7047136425971985,-0.5788732171058655,-0.3013377785682678,0.49434924125671387,0.815361499786377,0.15311574935913086,-0.0315709114074707,0.6110065579414368,0.16645413637161255,-0.928169846534729,-0.3328571617603302,-0.3027922213077545,-0.36937081813812256,0.8785682916641235,0.3259755074977875,-0.015689849853515625,-0.031000062823295593,-0.7993403673171997,-0.6008787751197815,-6.12192707194481e-07,0.6008787751197815,-0.7993403673171997,1.9174704846136592e-07,0.4810839295387268,-0.04145943745970726,-0.03099997341632843,0.17086708545684814,0.01007973775267601,-0.031000152230262756
130,1.198716402053833,-1.2196789979934692,1.7078969478607178,2.366105318069458,1.9008389711380005,-1.3826202154159546,0.041194770485162735,0.7314256429672241,0.5589160323143005,0.4240446388721466,0.09312994033098221,0.3665716052055359,0.41078487038612366,-0.3779800534248352,-0.11362235993146896,-0.0370800606906414,0.7321805357933044,0.544189989566803,0.24315036833286285,1.1452866792678833,2.3427956104278564,2.9683992862701416,1.568143606185913,0.7324401140213013,0.2187868356704712,-0.21896061301231384,0.20018725097179413,-0.28658512234687805,0.36180680990219116,-0.5372869372367859,3.2869975566864014,0.22637121379375458,-0.47485220432281494,0.12386369705200195,0.7332437038421631,-0.44278645515441895,0.6524028778076172,-0.615069568157196,-0.3094995319843292,0.5326075553894043,0.7877431511878967,0.14794567227363586,-0.02916097640991211,0.6130297780036926,0.14877110719680786,-0.9278378486633301,-0.342029333114624,-0.28733742237091064,-0.3715153932571411,0.8828439712524414,0.3259755074977875,-0.015689849853515625,-0.031000062823295593,-0.7993401288986206,-0.6008788347244263,-6.224212825145514e-07,0.6008788347244263,-0.7993401288986206,1.9428077280281286e-07,0.4810838997364044,-0.041459403932094574,-0.03099997341632843,0.17086711525917053,0.010079704225063324,-0.031000152230262756
131,1.2295002937316895,-1.1956453323364258,1.7160295248031616,2.3878087997436523,1.930578351020813,-1.407894492149353,0.03642735257744789,0.7314348220825195,0.5577822327613831,0.3989984095096588,0.08952178806066513,0.3611510992050171,0.41012701392173767,-0.36116552352905273,-0.06282688677310944,-0.06632489711046219,0.7526099681854248,0.5305973887443542,0.24296222627162933,1.127960443496704,2.3637964725494385,2.9684274196624756,1.5466358661651611,0.7324948310852051,0.21379414200782776,-0.26109546422958374,0.16123418509960175,-0.3029785454273224,0.37267208099365234,-0.5628551840782166,3.5816164016723633,0.26111215353012085,-0.4612811803817749,0.12466192245483398,0.7326977849006653,-0.4737732410430908,0.5959205627441406,-0.648396372795105,-0.32279765605926514,0.5675151348114014,0.7574485540390015,0.14198851585388184,-0.027560710906982422,0.6158050894737244,0.1295275092124939,-0.9275002479553223,-0.35066530108451843,-0.2756582200527191,-0.373386025428772,0.8857740163803101,0.3259755074977875,-0.015689849853515625,-0.031000062823295593,-0.7993401288986206,-0.6008787751197815,-6.00215287249739e-07,0.6008787751197815,-0.7993401288986206,1.888386691462074e-07,0.48108386993408203,-0.04145941138267517,-0.03099997714161873,0.17086714506149292,0.010079711675643921,-0.031000148504972458
132,1.260259747505188,-1.1725804805755615,1.7250136137008667,2.409271001815796,1.9603145122528076,-1.4324380159378052,0.03453996032476425,0.7314541935920715,0.557043194770813,0.3810764253139496,0.10565246641635895,0.35710564255714417,0.4100916385650635,-0.35071253776550293,-0.02184288576245308,-0.06439898908138275,0.7725216150283813,0.5164029598236084,0.24085059762001038,1.1105661392211914,2.3835442066192627,2.968099594116211,1.5256562232971191,0.7325471043586731,0.191914901137352,-0.2658608555793762,0.13912010192871094,-0.3109738826751709,0.3811817169189453,-0.5905977487564087,3.674978017807007,0.30579838156700134,-0.44922852516174316,0.12510251998901367,0.7305998802185059,-0.5022112131118774,0.534916341304779,-0.6794471740722656,-0.3414727747440338,0.5991915464401245,0.7241310477256775,0.13612249493598938,-0.02621316909790039,0.6185316443443298,0.10994517803192139,-0.927523136138916,-0.35722944140434265,-0.26606813073158264,-0.3737562894821167,0.8885458707809448,0.3259755074977875,-0.015689849853515625,-0.031000062823295593,-0.7993403673171997,-0.6008787751197815,-6.123485718489974e-07,0.6008787751197815,-0.7993403673171997,1.9152231800489972e-07,0.4810839295387268,-0.04145943745970726,-0.03099997341632843,0.17086708545684814,0.01007973775267601,-0.031000152230262756
133,1.2909659147262573,-1.1503361463546753,1.7331525087356567,2.430854320526123,1.9900599718093872,-1.4572930335998535,0.03374721482396126,0.7314658761024475,0.557830274105072,0.3749644160270691,0.09167854487895966,0.36085301637649536,0.41118523478507996,-0.355464905500412,-0.008050428703427315,-0.038489606231451035,0.7917469143867493,0.5026501417160034,0.2379884123802185,1.0942599773406982,2.402101755142212,2.9673984050750732,1.5055087804794312,0.7325279116630554,0.18615604937076569,-0.26093947887420654,0.12638646364212036,-0.29669153690338135,0.36889874935150146,-0.578282356262207,3.2789292335510254,0.27710047364234924,-0.4376523494720459,0.1252427101135254,0.7276360988616943,-0.527205228805542,0.4711822271347046,-0.7071366310119629,-0.3628964126110077,0.6276270151138306,0.6887601017951965,0.13046786189079285,-0.02500152587890625,0.621137797832489,0.09077554941177368,-0.927539587020874,-0.36253297328948975,-0.2578367292881012,-0.373512864112854,0.8910714387893677,0.3259755074977875,-0.015689849853515625,-0.031000062823295593,-0.7993401288986206,-0.6008788347244263,-6.147284921098617e-07,0.6008788347244263,-0.7993401288986206,1.9401284134801244e-07,0.4810838997364044,-0.041459403932094574,-0.03099997341632843,0.17086711525917053,0.010079704225063324,-0.031000152230262756
134,1.3218398094177246,-1.1277321577072144,1.7403581142425537,2.452040195465088,2.0197997093200684,-1.4819269180297852,0.03398522734642029,0.7314836382865906,0.5572369694709778,0.38881322741508484,0.07756084203720093,0.35528096556663513,0.41015052795410156,-0.3521774113178253,0.007085022516548634,-0.06969881057739258,0.8097866177558899,0.48923489451408386,0.23316729068756104,1.0799546241760254,2.419617176055908,2.966428756713867,1.4860416650772095,0.732478678226471,0.14971743524074554,-0.2554197609424591,0.08863724768161774,-0.26192161440849304,0.3676852881908417,-0.5661026239395142,3.4156765937805176,0.3289216160774231,-0.4265052080154419,0.1254897117614746,0.7242596745491028,-0.5484832525253296,0.40455543994903564,-0.7317793965339661,-0.38689571619033813,0.6530571579933167,0.6510208249092102,0.12532395124435425,-0.024129390716552734,0.6237326264381409,0.07061105966567993,-0.9274272918701172,-0.3672773838043213,-0.25237780809402466,-0.37282681465148926,0.892919659614563,0.3259755074977875,-0.015689849853515625,-0.031000062823295593,-0.7993401288986206,-0.6008787751197815,-6.128863105914206e-07,0.6008787751197815,-0.7993401288986206,1.9383598726108175e-07,0.48108386993408203,-0.04145941138267517,-0.03099997341632843,0.17086714506149292,0.010079711675643921,-0.031000152230262756
135,1.352858304977417,-1.1037158966064453,1.7471007108688354,2.4723925590515137,2.04951810836792,-1.5049071311950684,0.03339922055602074,0.7315065264701843,0.5550057888031006,0.4187139570713043,0.07021574676036835,0.34351861476898193,0.40987223386764526,-0.32833749055862427,-0.0050765471532940865,-0.04807553440332413,0.8244562149047852,0.47568491101264954,0.22407843172550201,1.0691057443618774,2.4331464767456055,2.9662625789642334,1.4667811393737793,0.7324453592300415,0.06549613177776337,-0.2661738991737366,0.0033920109272003174,-0.20385849475860596,0.29278039932250977,-0.5532775521278381,2.9834697246551514,0.30103057622909546,-0.4162871837615967,0.12603235244750977,0.7207872271537781,-0.5641641616821289,0.335918664932251,-0.7542396783828735,-0.4143398404121399,0.6749612092971802,0.6105324029922485,0.12119024991989136,-0.02453327178955078,0.6263887882232666,0.04872334003448486,-0.9266105890274048,-0.3728524148464203,-0.25324302911758423,-0.37255847454071045,0.8927868604660034,0.3259755074977875,-0.015689849853515625,-0.031000062823295593,-0.7993403673171997,-0.6008787751197815,-6.046739713383431e-07,0.6008787751197815,-0.7993403673171997,1.9121759464724164e-07,0.4810839295387268,-0.04145943745970726,-0.03099997714161873,0.17086708545684814,0.01007973775267601,-0.031000148504972458
136,1.3839377164840698,-1.0793206691741943,1.753505825996399,2.490790605545044,2.0791423320770264,-1.5260249376296997,0.03064136765897274,0.7315203547477722,0.5494219064712524,0.41263625025749207,0.07204391062259674,0.31177574396133423,0.40831977128982544,-0.3018854558467865,-0.034205079078674316,-0.078569196164608,0.8362913727760315,0.46295294165611267,0.21404381096363068,1.062896966934204,2.445270538330078,2.965094566345215,1.4497530460357666,0.7324304580688477,0.045865923166275024,-0.2568269968032837,-0.0012521743774414062,-0.1362360715866089,0.2693631947040558,-0.5375449657440186,2.850736618041992,0.261777400970459,-0.4072831869125366,0.1265425682067871,0.7168288826942444,-0.5723621845245361,0.2680847942829132,-0.7749402523040771,-0.4447448253631592,0.6924811601638794,0.5680422186851501,0.11787769198417664,-0.025313854217529297,0.6294130086898804,0.026909351348876953,-0.9247971773147583,-0.37950778007507324,-0.257877379655838,-0.37321746349334717,0.8911834955215454,0.3259755074977875,-0.015689849853515625,-0.031000062823295593,-0.7993401288986206,-0.6008788347244263,-6.14791645148216e-07,0.6008788347244263,-0.7993401288986206,1.9378614979359554e-07,0.4810838997364044,-0.041459403932094574,-0.03099997341632843,0.17086711525917053,0.010079704225063324,-0.031000152230262756
137,1.414957046508789,-1.055783748626709,1.7599114179611206,2.506774663925171,2.108628273010254,-1.5446720123291016,0.025233855471014977,0.7315249443054199,0.5435696244239807,0.39134734869003296,0.07675188779830933,0.275091290473938,0.4078533351421356,-0.266768217086792,-0.07269515842199326,-0.047629307955503464,0.8462119102478027,0.45128872990608215,0.20462042093276978,1.0620046854019165,2.45285964012146,2.9637868404388428,1.4373173713684082,0.7325572371482849,0.02133171260356903,-0.24653002619743347,0.004291072487831116,-0.06043214723467827,0.2895776331424713,-0.5654821395874023,5.451357364654541,0.2688554525375366,-0.3998297452926636,0.1263256072998047,0.7120686173439026,-0.572406530380249,0.20316743850708008,-0.7944015860557556,-0.4780547022819519,0.704439640045166,0.5246223211288452,0.11449241638183594,-0.026679515838623047,0.6327400207519531,0.01274174451828003,-0.9216893315315247,-0.38771936297416687,-0.26547035574913025,-0.37695372104644775,0.8873732089996338,0.3259755074977875,-0.015689849853515625,-0.031000062823295593,-0.7993401288986206,-0.6008787751197815,-6.130179031060834e-07,0.6008787751197815,-0.7993401288986206,1.9360788883204805e-07,0.48108386993408203,-0.04145941138267517,-0.03099997341632843,0.17086714506149292,0.010079711675643921,-0.031000152230262756
138,1.445692539215088,-1.0328037738800049,1.7627155780792236,2.522836685180664,2.1377007961273193,-1.5604456663131714,0.012325980700552464,0.7315064668655396,0.5441440939903259,0.40389329195022583,0.016409583389759064,0.28291574120521545,0.3977668285369873,-0.22638651728630066,-0.17589327692985535,-0.0754694789648056,0.8556205630302429,0.4400181472301483,0.19831480085849762,1.067323923110962,2.4543817043304443,2.9626569747924805,1.4273087978363037,0.7324954271316528,0.054202333092689514,-0.25589519739151,0.05475166440010071,0.037240780889987946,0.2270626574754715,-0.5136826038360596,4.923556327819824,0.1503649652004242,-0.39257287979125977,0.12538576126098633,0.7083732485771179,-0.5653246641159058,0.14513808488845825,-0.8119994401931763,-0.511536180973053,0.7105640172958374,0.48314550518989563,0.10978943109512329,-0.028864383697509766,0.6367208361625671,0.009147167205810547,-0.9165587425231934,-0.3997954726219177,-0.27490320801734924,-0.3867117166519165,0.8802739381790161,0.3259755074977875,-0.015689849853515625,-0.031000062823295593,-0.7993403673171997,-0.6008787751197815,-6.251452191463613e-07,0.6008787751197815,-0.7993403673171997,1.9625345260010363e-07,0.4810839295387268,-0.04145943745970726,-0.03099997341632843,0.17086708545684814,0.01007973775267601,-0.031000152230262756
139,1.4769576787948608,-1.0097006559371948,1.7667375802993774,2.534562110900879,2.1661932468414307,-1.5702451467514038,-7.57422239985317e-05,0.731516420841217,0.5307672023773193,0.3813529908657074,0.049584921449422836,0.2083921730518341,0.39299631118774414,-0.1406673938035965,-0.1698790341615677,-0.08324874937534332,0.8626566529273987,0.4299967885017395,0.19183696806430817,1.0769456624984741,2.4540560245513916,2.9627959728240967,1.4228651523590088,0.7324029803276062,-0.025407738983631134,-0.2167954295873642,0.014112859964370728,0.1002294048666954,0.17455941438674927,-0.4760567843914032,4.706034183502197,0.1096067726612091,-0.3878883123397827,0.12332963943481445,0.704369843006134,-0.5518695116043091,0.0888461098074913,-0.829184353351593,-0.5492719411849976,0.7094372510910034,0.44158709049224854,0.10570710897445679,-0.032009124755859375,0.6407262682914734,0.011062443256378174,-0.9103443622589111,-0.4137035310268402,-0.2866073548793793,-0.39925670623779297,0.8708904981613159,0.3259755074977875,-0.015689849853515625,-0.031000062823295593,-0.7993401288986206,-0.6008788347244263,-6.148777060843713e-07,0.6008788347244263,-0.7993401288986206,1.93658038938338e-07,0.4810838997364044,-0.041459403932094574,-0.03099997341632843,0.17086711525917053,0.010079704225063324,-0.031000152230262756
140,1.5080015659332275,-0.9894007444381714,1.7711541652679443,2.540332555770874,2.193876266479492,-1.5734782218933105,-0.011769125238060951,0.7314894795417786,0.5158782601356506,0.3167795240879059,0.06434911489486694,0.11625204980373383,0.38340216875076294,-0.04765065386891365,-0.16050684452056885,-0.07095953822135925,0.8644499182701111,0.4224221706390381,0.184444397687912,1.089492917060852,2.4531893730163574,2.9629130363464355,1.4251840114593506,0.7321100234985352,-0.11080761253833771,-0.17090214788913727,-0.015400193631649017,0.1480497270822525,0.1137021854519844,-0.3795921504497528,1.943263292312622,0.05892838537693024,-0.38591110706329346,0.1193690299987793,0.6996204853057861,-0.5321532487869263,0.03892768174409866,-0.8457527756690979,-0.5889025330543518,0.700680136680603,0.4027917683124542,0.1036597490310669,-0.03538990020751953,0.6443034410476685,0.01449573040008545,-0.9046195149421692,-0.4259735345840454,-0.3009279668331146,-0.4102135896682739,0.8609106540679932,0.3259755074977875,-0.015689849853515625,-0.031000062823295593,-0.7993401288986206,-0.6008787751197815,-6.130848078100826e-07,0.6008787751197815,-0.7993401288986206,1.9343454482623201e-07,0.48108386993408203,-0.04145941138267517,-0.03099997341632843,0.17086714506149292,0.010079711675643921,-0.031000152230262756
141,1.538589358329773,-0.9766072630882263,1.7763562202453613,2.5375187397003174,2.22037410736084,-1.5685803890228271,-0.015476291999220848,0.7314308285713196,0.49197906255722046,0.14122729003429413,0.10332551598548889,-0.023946847766637802,0.3715331256389618,0.06748879700899124,-0.048995476216077805,-0.06490691751241684,0.8580097556114197,0.4169387221336365,0.17356127500534058,1.1028144359588623,2.4581990242004395,2.9633429050445557,1.4342200756072998,0.7318810820579529,-0.3007078766822815,-0.11993785202503204,-0.1108609139919281,0.17434117197990417,0.03973807767033577,-0.31096139550209045,0.2078062891960144,0.11871767044067383,-0.3872443437576294,0.11162424087524414,0.6928939819335938,-0.5098839998245239,-0.0035945773124694824,-0.8602356314659119,-0.629437267780304,0.6831831336021423,0.37022900581359863,0.1057288646697998,-0.03924989700317383,0.6474400758743286,0.008807897567749023,-0.8997611999511719,-0.4362937808036804,-0.31904125213623047,-0.41603636741638184,0.851543664932251,0.3259755074977875,-0.015689849853515625,-0.031000062823295593,-0.7993403673171997,-0.6008787751197815,-6.251912054722197e-07,0.6008787751197815,-0.7993403673171997,1.9605668910571694e-07,0.4810839295387268,-0.04145943745970726,-0.03099997341632843,0.17086708545684814,0.01007973775267601,-0.031000152230262756
142,1.5677076578140259,-0.9720554351806641,1.780776858329773,2.530332326889038,2.245321750640869,-1.5640729665756226,-0.01684105210006237,0.731358528137207,0.47753506898880005,0.018076440319418907,0.09059373289346695,-0.08369556069374084,0.35067346692085266,0.05977162718772888,-0.016137007623910904,-0.04676082357764244,0.8454219698905945,0.41358622908592224,0.16358411312103271,1.1164216995239258,2.4656412601470947,2.9642083644866943,1.4488328695297241,0.7318158149719238,-0.32951778173446655,-0.08687030524015427,-0.08628454804420471,0.17875950038433075,0.0724545419216156,-0.28155118227005005,0.3059113025665283,0.12512625753879547,-0.38853371143341064,0.10156583786010742,0.6839615702629089,-0.48601794242858887,-0.03503963351249695,-0.8732460737228394,-0.6647183895111084,0.6635291576385498,0.3433341979980469,0.110146164894104,-0.04343843460083008,0.6501085162162781,0.001103043556213379,-0.8956133723258972,-0.44483208656311035,-0.3377433121204376,-0.4190269708633423,0.8428202271461487,0.3259755074977875,-0.015689849853515625,-0.031000062823295593,-0.7993401288986206,-0.6008788347244263,-6.149592195470177e-07,0.6008788347244263,-0.7993401288986206,1.9336125944846572e-07,0.4810838997364044,-0.041459403932094574,-0.03099997341632843,0.17086711525917053,0.010079704225063324,-0.031000152230262756
143,1.595759391784668,-0.9653229117393494,1.787898302078247,2.523230791091919,2.266123056411743,-1.5570878982543945,-0.01963750831782818,0.7313538789749146,0.4594978988170624,0.1304955929517746,0.0996512621641159,-0.06829335540533066,0.28756144642829895,0.09627176076173782,-0.03693072125315666,-0.04509209468960762,0.8332027792930603,0.40848442912101746,0.15417224168777466,1.1270601749420166,2.4729466438293457,2.9648008346557617,1.4624607563018799,0.7319429516792297,-0.3307969570159912,-0.13155807554721832,-0.04528426378965378,0.1313035935163498,0.014444947242736816,-0.3662164509296417,-2.304234266281128,0.17222371697425842,-0.38998615741729736,0.09126853942871094,0.6762142181396484,-0.46051084995269775,-0.06355098634958267,-0.8853763341903687,-0.6990610957145691,0.6406501531600952,0.3176177442073822,0.11393725872039795,-0.04775714874267578,0.6529074311256409,-0.0065233707427978516,-0.8918399810791016,-0.45230400562286377,-0.3556451201438904,-0.4206714630126953,0.8345969319343567,0.3259755074977875,-0.015689849853515625,-0.031000062823295593,-0.7993401288986206,-0.6008787751197815,-6.131198233561008e-07,0.6008787751197815,-0.7993401288986206,1.9319219290991896e-07,0.48108386993408203,-0.04145941138267517,-0.03099997341632843,0.17086714506149292,0.010079711675643921,-0.031000152230262756
144,1.6222991943359375,-0.9543588161468506,1.7990131378173828,2.5136823654174805,2.2814431190490723,-1.5438481569290161,-0.0161691103130579,0.7313459515571594,0.4149162769317627,0.17263667285442352,0.16512943804264069,-0.11567813903093338,0.21269544959068298,0.18635062873363495,0.050241488963365555,-0.023482777178287506,0.8196881413459778,0.40219205617904663,0.1406048685312271,1.1328002214431763,2.481440305709839,2.965576410293579,1.4764106273651123,0.7320634126663208,-0.4377250671386719,-0.1426548808813095,-0.11847574263811111,0.04624282941222191,-0.05602307617664337,-0.43357688188552856,-1.3385241031646729,0.2552087604999542,-0.39306211471557617,0.08106565475463867,0.670224130153656,-0.43657541275024414,-0.09466549754142761,-0.8946733474731445,-0.7334129810333252,0.6134068369865417,0.29298025369644165,0.11872097849845886,-0.05221080780029297,0.6552636027336121,-0.019322752952575684,-0.8896356821060181,-0.4562619924545288,-0.374759316444397,-0.4166320562362671,0.8282350301742554,0.3259755074977875,-0.015689849853515625,-0.031000062823295593,-0.7993403673171997,-0.6008787751197815,-6.252606681300676e-07,0.6008787751197815,-0.7993403673171997,1.9578459387048497e-07,0.4810839295387268,-0.04145943745970726,-0.03099997341632843,0.17086708545684814,0.01007973775267601,-0.031000152230262756
145,1.646475076675415,-0.9412636160850525,1.810706615447998,2.5068440437316895,2.293464422225952,-1.533321738243103,-0.015004347078502178,0.7313278913497925,0.40001222491264343,0.22183986008167267,0.16103015840053558,-0.06503000855445862,0.16418707370758057,0.14559826254844666,0.01880486309528351,-0.03845854103565216,0.8051868081092834,0.39501869678497314,0.12882165610790253,1.1344133615493774,2.4894065856933594,2.9662063121795654,1.4881534576416016,0.7321418523788452,-0.3863910436630249,-0.16720987856388092,-0.05686254799365997,-0.01805988699197769,-0.06839160621166229,-0.4689042270183563,-1.8316487073898315,0.27154016494750977,-0.39482152462005615,0.07218027114868164,0.6655221581459045,-0.41304945945739746,-0.12344354391098022,-0.9023035764694214,-0.7632297277450562,0.5874617099761963,0.2690151333808899,0.12337657809257507,-0.056629180908203125,0.6573920845985413,-0.033933043479919434,-0.8879815936088562,-0.4586254358291626,-0.3915683627128601,-0.41039061546325684,0.8235616683959961,0.3259755074977875,-0.015689849853515625,-0.031000062823295593,-0.7993401288986206,-0.6008788347244263,-6.150046374386875e-07,0.6008788347244263,-0.7993401288986206,1.931318394099435e-07,0.4810838997364044,-0.041459403932094574,-0.03099997341632843,0.17086711525917053,0.010079704225063324,-0.031000152230262756
146,1.6706973314285278,-0.9242373108863831,1.822952151298523,2.5004775524139404,2.302415370941162,-1.521885871887207,-0.01416828017681837,0.7313290238380432,0.39495956897735596,0.29602622985839844,0.16237413883209229,-0.05680928751826286,0.12045455724000931,0.15936455130577087,0.013568530790507793,-0.026625582948327065,0.7922245860099792,0.3868112862110138,0.11711792647838593,1.134218692779541,2.495379686355591,2.9666945934295654,1.4984360933303833,0.7321970462799072,-0.3955609202384949,-0.18626195192337036,-0.058109164237976074,-0.04252806678414345,-0.0920303463935852,-0.4899289608001709,-1.6913626194000244,0.31248244643211365,-0.3960627317428589,0.06405115127563477,0.6626319289207458,-0.3897303342819214,-0.153011292219162,-0.9081287980079651,-0.7913991808891296,0.559927761554718,0.24529221653938293,0.12708452343940735,-0.06097269058227539,0.65949547290802,-0.046791911125183105,-0.8866090774536133,-0.46014663577079773,-0.4075062572956085,-0.4036329984664917,0.8191576600074768,0.3259755074977875,-0.015689849853515625,-0.031000062823295593,-0.7993401288986206,-0.6008787751197815,-6.132069074737956e-07,0.6008787751197815,-0.7993401288986206,1.930427657725886e-07,0.48108386993408203,-0.04145941138267517,-0.03099997341632843,0.17086714506149292,0.010079711675643921,-0.031000152230262756
147,1.6938080787658691,-0.9049815535545349,1.834487795829773,2.4952144622802734,2.307704210281372,-1.5105196237564087,-0.014621208421885967,0.7313022613525391,0.37433144450187683,0.32528242468833923,0.14977888762950897,-0.042322877794504166,0.06870131194591522,0.1583520770072937,-0.004499753937125206,-0.02790169045329094,0.779462993144989,0.3780043125152588,0.10647399723529816,1.1329835653305054,2.500267505645752,2.9668407440185547,1.5075187683105469,0.7322290539741516,-0.381247341632843,-0.19447146356105804,-0.033258333802223206,-0.05705093592405319,-0.12085812538862228,-0.5006668567657471,-1.9987895488739014,0.3254562020301819,-0.396547794342041,0.05703258514404297,0.6618168354034424,-0.3682955503463745,-0.18053412437438965,-0.912011981010437,-0.816172182559967,0.5325496792793274,0.22417369484901428,0.13026884198188782,-0.06526803970336914,0.6616507172584534,-0.05908238887786865,-0.8852436542510986,-0.46136000752449036,-0.4225154519081116,-0.3965526819229126,0.8150011301040649,0.3259755074977875,-0.015689849853515625,-0.031000062823295593,-0.7993403673171997,-0.6008787751197815,-6.253826541069429e-07,0.6008787751197815,-0.7993403673171997,1.9561917952160002e-07,0.4810839295387268,-0.04145943745970726,-0.03099997341632843,0.17086708545684814,0.01007973775267601,-0.031000152230262756
148,1.7165884971618652,-0.883863091468811,1.845382571220398,2.4896581172943115,2.310495138168335,-1.4982175827026367,-0.01474300678819418,0.7312874794006348,0.36738765239715576,0.35804882645606995,0.13864104449748993,-0.04567086696624756,0.03279385715723038,0.17169390618801117,0.0007897805771790445,-0.04258067160844803,0.7673025727272034,0.368938684463501,0.0961088091135025,1.1306945085525513,2.5039749145507812,2.9672224521636963,1.5154919624328613,0.7322283983230591,-0.3802475929260254,-0.1966976821422577,-0.029347628355026245,-0.07429374754428864,-0.1280032843351364,-0.5063707828521729,-2.115025758743286,0.34724971652030945,-0.39679646492004395,0.05072832107543945,0.6624501943588257,-0.3481093645095825,-0.2073703408241272,-0.914230465888977,-0.8387061953544617,0.504565417766571,0.20490410923957825,0.13301512598991394,-0.06956720352172852,0.6636638641357422,-0.07072830200195312,-0.8839154839515686,-0.4622672200202942,-0.4366944134235382,-0.38921892642974854,0.8110528588294983,0.3259755074977875,-0.015689849853515625,-0.031000062823295593,-0.7993401288986206,-0.6008788347244263,-6.151022375888715e-07,0.6008788347244263,-0.7993401288986206,1.9299727682664525e-07,0.4810838997364044,-0.041459403932094574,-0.03099997341632843,0.17086711525917053,0.010079704225063324,-0.031000152230262756
149,1.7390198707580566,-0.861394464969635,1.8552395105361938,2.4837734699249268,2.3112151622772217,-1.4854871034622192,-0.014641123823821545,0.7312697768211365,0.35879650712013245,0.37936025857925415,0.12179245054721832,-0.05045368894934654,0.0035726134665310383,0.17767451703548431,0.0038544461131095886,-0.04193400591611862,0.7554820775985718,0.36019736528396606,0.08632586151361465,1.127252221107483,2.5068461894989014,2.9675939083099365,1.5226657390594482,0.7323251366615295,-0.3706064522266388,-0.19155658781528473,-0.018418118357658386,-0.0967223048210144,-0.14184054732322693,-0.5393235087394714,-1.2737867832183838,0.35173624753952026,-0.39679014682769775,0.04525136947631836,0.664314866065979,-0.3292512893676758,-0.23327255249023438,-0.9149739742279053,-0.8588500022888184,0.476664662361145,0.18752965331077576,0.1355905532836914,-0.07362890243530273,0.6654128432273865,-0.08212852478027344,-0.8829187750816345,-0.4622870683670044,-0.4495161175727844,-0.3811744451522827,0.8078621625900269,0.3259755074977875,-0.015689849853515625,-0.031000062823295593,-0.7993401288986206,-0.6008787751197815,-6.133045076239796e-07,0.6008787751197815,-0.7993401288986206,1.9290820318929036e-07,0.48108386993408203,-0.04145941138267517,-0.03099997341632843,0.17086714506149292,0.010079711675643921,-0.031000152230262756
150,1.7604222297668457,-0.8384963274002075,1.8627606630325317,2.477997303009033,2.3098652362823486,-1.4734410047531128,-0.016659898683428764,0.7312348484992981,0.33671969175338745,0.38861531019210815,0.08402173221111298,-0.05009204149246216,-0.025646239519119263,0.1679517775774002,-0.026273291558027267,-0.034402865916490555,0.7450873851776123,0.35164204239845276,0.07957068830728531,1.1232380867004395,2.5105700492858887,2.9678096771240234,1.5283030271530151,0.7323029637336731,-0.3195233941078186,-0.1931537687778473,0.03894323855638504,-0.10292483866214752,-0.13945218920707703,-0.527288556098938,-2.2233049869537354,0.3250359296798706,-0.3963378667831421,0.041255950927734375,0.667565107345581,-0.3124983310699463,-0.2554878294467926,-0.9149156808853149,-0.8755663633346558,0.4510159492492676,0.17311324179172516,0.13751420378684998,-0.07733154296875,0.6671941876411438,-0.09256839752197266,-0.881415605545044,-0.4631823003292084,-0.45938611030578613,-0.37490594387054443,0.8052391409873962,0.3259755074977875,-0.015689849853515625,-0.031000062823295593,-0.7993403673171997,-0.6008787751197815,-6.254802542571269e-07,0.6008787751197815,-0.7993403673171997,1.9548460272744705e-07,0.4810839295387268,-0.04145943745970726,-0.03099997341632843,0.17086708545684814,0.01007973775267601,-0.031000152230262756
151,1.7817257642745972,-0.8144466876983643,1.869592308998108,2.47145676612854,2.3071038722991943,-1.460649013519287,-0.016725143417716026,0.731226921081543,0.33619338274002075,0.4074265658855438,0.0751456469297409,-0.05965075269341469,-0.04565306752920151,0.17868316173553467,0.0014765829546377063,-0.0370771624147892,0.736100971698761,0.34383925795555115,0.07258345931768417,1.1182489395141602,2.513512372970581,2.9678916931152344,1.5340642929077148,0.732375979423523,-0.3295488655567169,-0.17334994673728943,0.025608792901039124,-0.12382535636425018,-0.13550809025764465,-0.5573052763938904,-1.0234588384628296,0.35962554812431335,-0.3960280418395996,0.03793907165527344,0.6715617179870605,-0.2969639301300049,-0.2785457968711853,-0.9133589267730713,-0.8907953500747681,0.4253367781639099,0.15991337597370148,0.13928315043449402,-0.08050346374511719,0.6686049103736877,-0.10178947448730469,-0.8807835578918457,-0.4624490439891815,-0.46783578395843506,-0.36786770820617676,0.8036186695098877,0.3259755074977875,-0.015689849853515625,-0.031000062823295593,-0.7993401288986206,-0.6008788347244263,-6.011778168613091e-07,0.6008788347244263,-0.7993401288986206,1.9009483764875768e-07,0.4810838997364044,-0.041459403932094574,-0.03099997714161873,0.17086711525917053,0.010079704225063324,-0.031000148504972458
152,1.8003026247024536,-0.7914636731147766,1.8728605508804321,2.467353343963623,2.3036069869995117,-1.4521249532699585,-0.021099990233778954,0.7311801314353943,0.2849205434322357,0.39328086376190186,0.017487961798906326,-0.02881370298564434,-0.05596790462732315,0.11772289872169495,-0.05943850800395012,-0.028946533799171448,0.729479968547821,0.33563438057899475,0.0710979625582695,1.1142845153808594,2.5194151401519775,2.968050718307495,1.5387868881225586,0.7323846817016602,-0.21131914854049683,-0.20052197575569153,0.1335117518901825,-0.09886704385280609,-0.0973859578371048,-0.5339010953903198,-1.9641131162643433,0.2526050806045532,-0.39485764503479004,0.0372929573059082,0.6765566468238831,-0.28458142280578613,-0.29653114080429077,-0.9116373062133789,-0.9015653729438782,0.4060426950454712,0.14936253428459167,0.13977235555648804,-0.08355426788330078,0.6705661416053772,-0.10795795917510986,-0.8785210251808167,-0.4653451442718506,-0.47280633449554443,-0.3663851022720337,0.8013840317726135,0.3259755074977875,-0.015689849853515625,-0.031000062823295593,-0.7993401288986206,-0.6008787751197815,-6.133361125648662e-07,0.6008787751197815,-0.7993401288986206,1.926850927702617e-07,0.48108386993408203,-0.04145941138267517,-0.03099997341632843,0.17086714506149292,0.010079711675643921,-0.031000152230262756
153,1.8190947771072388,-0.7673810124397278,1.8753340244293213,2.4618866443634033,2.2992711067199707,-1.4423924684524536,-0.023190006613731384,0.7311782836914062,0.29173967242240906,0.41288989782333374,0.008774247020483017,-0.04568443447351456,-0.06739015132188797,0.13566593825817108,-0.02773703634738922,-0.022279826924204826,0.7254406809806824,0.3278428912162781,0.0694461464881897,1.1104685068130493,2.524930715560913,2.968108892440796,1.544260859489441,0.7324284911155701,-0.23802554607391357,-0.17648570239543915,0.1072700023651123,-0.10539525747299194,-0.09641775488853455,-0.5556156635284424,-1.0033233165740967,0.28915634751319885,-0.3941783905029297,0.03730201721191406,0.6819724440574646,-0.27302122116088867,-0.3158565163612366,-0.9086772203445435,-0.9115812182426453,0.38674306869506836,0.1394617259502411,0.13968470692634583,-0.08611154556274414,0.6724045276641846,-0.11111342906951904,-0.8769583106040955,-0.46754464507102966,-0.47679877281188965,-0.36573612689971924,0.7993122339248657,0.3259755074977875,-0.015689849853515625,-0.031000062823295593,-0.7993403673171997,-0.6008787751197815,-6.255550601963478e-07,0.6008787751197815,-0.7993403673171997,1.9528147277014796e-07,0.4810839295387268,-0.04145943745970726,-0.03099997341632843,0.17086708545684814,0.01007973775267601,-0.031000152230262756
154,1.8356257677078247,-0.7441330552101135,1.8752472400665283,2.458383321762085,2.2945761680603027,-1.4363681077957153,-0.02813376486301422,0.731144368648529,0.24880079925060272,0.40055784583091736,-0.03289731591939926,-0.021541481837630272,-0.072509765625,0.08262141048908234,-0.06782886385917664,-0.018442673608660698,0.7230187058448792,0.31998947262763977,0.07152009755373001,1.1070021390914917,2.5330286026000977,2.968129873275757,1.5489834547042847,0.7324152588844299,-0.1418519765138626,-0.19119852781295776,0.18577909469604492,-0.09451242536306381,-0.06564854085445404,-0.5327023267745972,-1.9614660739898682,0.2320438176393509,-0.3930363655090332,0.03965139389038086,0.6878693699836731,-0.2639644145965576,-0.3319508135318756,-0.9056110978126526,-0.9185230731964111,0.3730369806289673,0.1309916377067566,0.13890856504440308,-0.08846616744995117,0.6745355725288391,-0.11287319660186768,-0.8743811249732971,-0.47192928194999695,-0.47811925411224365,-0.36856400966644287,0.7972217798233032,0.3259755074977875,-0.015689849853515625,-0.031000062823295593,-0.7993401288986206,-0.6008788347244263,-6.216092742761248e-07,0.6008788347244263,-0.7993401288986206,1.9517536031798954e-07,0.4810838997364044,-0.041459403932094574,-0.03099997341632843,0.17086711525917053,0.010079704225063324,-0.031000152230262756
155,1.8529329299926758,-0.719890832901001,1.87480628490448,2.453341007232666,2.289637327194214,-1.4290741682052612,-0.030206816270947456,0.7311519384384155,0.2653462886810303,0.4159213900566101,-0.034079767763614655,-0.04082391411066055,-0.07548870146274567,0.10132360458374023,-0.027780165895819664,-0.01615821197628975,0.722165584564209,0.31289711594581604,0.07293438911437988,1.1033331155776978,2.5409038066864014,2.968334674835205,1.5546168088912964,0.7324390411376953,-0.17859265208244324,-0.1643148958683014,0.15211991965770721,-0.10388791561126709,-0.06607861816883087,-0.5503014922142029,-1.0698678493499756,0.2650936543941498,-0.39246559143066406,0.04223489761352539,0.6936872005462646,-0.254779577255249,-0.35024493932724,-0.9013413190841675,-0.9254660606384277,0.35855621099472046,0.12227025628089905,0.13804414868354797,-0.09046745300292969,0.6763682961463928,-0.11297619342803955,-0.8725652694702148,-0.47525399923324585,-0.47869306802749634,-0.3713463544845581,0.7955846786499023,0.3259755074977875,-0.015689849853515625,-0.031000062823295593,-0.7993401288986206,-0.6008787751197815,-6.134189902695653e-07,0.6008787751197815,-0.7993401288986206,1.9243081794684258e-07,0.48108386993408203,-0.04145941138267517,-0.03099997341632843,0.17086714506149292,0.010079711675643921,-0.031000152230262756
156,1.8694024085998535,-0.6959527730941772,1.8732887506484985,2.4501891136169434,2.2839694023132324,-1.4241238832473755,-0.03524922579526901,0.7311343550682068,0.25192931294441223,0.41325247287750244,-0.054485440254211426,-0.01262708194553852,-0.08639010041952133,0.06754948943853378,-0.06934621930122375,-0.015634026378393173,0.7217397689819336,0.30617642402648926,0.07647315412759781,1.1002916097640991,2.549253463745117,2.968348264694214,1.560092806816101,0.7323980331420898,-0.11825495958328247,-0.16962830722332,0.2009049654006958,-0.08932572603225708,-0.07047674059867859,-0.5233972668647766,-2.191516637802124,0.22163178026676178,-0.39148998260498047,0.0460505485534668,0.699878454208374,-0.24669969081878662,-0.3659798502922058,-0.8973283767700195,-0.9309663772583008,0.34666723012924194,0.11455774307250977,0.13688355684280396,-0.092254638671875,0.6782681345939636,-0.11169731616973877,-0.8705615401268005,-0.4792144298553467,-0.47805964946746826,-0.3756908178329468,0.7939241528511047,0.3259755074977875,-0.015689849853515625,-0.031000062823295593,-0.7993403673171997,-0.6008787751197815,-6.256258870962483e-07,0.6008787751197815,-0.7993403673171997,1.9502466841458954e-07,0.4810839295387268,-0.04145943745970726,-0.03099997341632843,0.17086708545684814,0.01007973775267601,-0.031000152230262756
157,1.8870582580566406,-0.671751856803894,1.871909737586975,2.445301055908203,2.279026508331299,-1.4174737930297852,-0.03480830416083336,0.7311512231826782,0.2671522796154022,0.40585431456565857,-0.0425577387213707,-0.04208410158753395,-0.07499755173921585,0.09244474023580551,0.008038620464503765,-0.0279694776982069,0.7222520709037781,0.30046311020851135,0.07861310988664627,1.095026969909668,2.558176040649414,2.968430757522583,1.5657731294631958,0.7324278950691223,-0.1545083224773407,-0.13368552923202515,0.1628175973892212,-0.1336342692375183,-0.05240427702665329,-0.5526365637779236,-1.105411410331726,0.2975793182849884,-0.39116668701171875,0.04920148849487305,0.7053556442260742,-0.2377760410308838,-0.3859370946884155,-0.8913557529449463,-0.9371044635772705,0.3325693607330322,0.10598477721214294,0.13629218935966492,-0.09351301193237305,0.6795907616615295,-0.11195695400238037,-0.8696091175079346,-0.4808800220489502,-0.47586390376091003,-0.37790989875793457,0.794189989566803,0.3259755074977875,-0.015689849853515625,-0.031000062823295593,-0.7993401288986206,-0.6008788347244263,-6.216735641828564e-07,0.6008788347244263,-0.7993401288986206,1.949250645338907e-07,0.4810838997364044,-0.041459403932094574,-0.03099997341632843,0.17086711525917053,0.010079704225063324,-0.031000152230262756
158,1.9040731191635132,-0.6495089530944824,1.8704264163970947,2.442647933959961,2.2741897106170654,-1.4132150411605835,-0.035428740084171295,0.731140673160553,0.2659810483455658,0.3696422278881073,-0.04480323940515518,-0.007250798400491476,-0.07346192747354507,0.05788806825876236,-0.007134636864066124,-0.02772332914173603,0.7237162590026855,0.29543668031692505,0.08304131031036377,1.0881855487823486,2.5678584575653076,2.968468189239502,1.5706309080123901,0.732394278049469,-0.07620547711849213,-0.13305477797985077,0.21711233258247375,-0.15283700823783875,-0.04605184495449066,-0.5331909656524658,-2.0421714782714844,0.2775065004825592,-0.3902331590652466,0.052306175231933594,0.7104882001876831,-0.22941672801971436,-0.40424996614456177,-0.885409414768219,-0.9424372911453247,0.31961822509765625,0.0982656329870224,0.13560828566551208,-0.09421825408935547,0.6806201338768005,-0.11182892322540283,-0.8690622448921204,-0.48189765214920044,-0.4707125425338745,-0.3807576894760132,0.7958979606628418,0.3259755074977875,-0.015689849853515625,-0.031000062823295593,-0.7993401288986206,-0.6008787751197815,-6.134609407126845e-07,0.6008787751197815,-0.7993401288986206,1.9222578373501165e-07,0.48108386993408203,-0.04145941138267517,-0.03099997341632843,0.17086714506149292,0.010079711675643921,-0.031000152230262756
159,1.9227954149246216,-0.6280539631843567,1.8686586618423462,2.4375600814819336,2.271209478378296,-1.4092565774917603,-0.030931854620575905,0.7311599850654602,0.2822098135948181,0.35263481736183167,-0.04191506654024124,-0.048958808183670044,-0.04556608200073242,0.05417362600564957,0.06451757252216339,-0.02691297046840191,0.7263203263282776,0.29139673709869385,0.08698519319295883,1.0799274444580078,2.579833507537842,2.9685771465301514,1.576380968093872,0.7324173450469971,-0.11007575690746307,-0.1078827977180481,0.1899011880159378,-0.17761939764022827,-0.011383995413780212,-0.5542784929275513,-1.148004174232483,0.3213622570037842,-0.38952648639678955,0.054650306701660156,0.7139555811882019,-0.2190181016921997,-0.42568710446357727,-0.8779645562171936,-0.9480417966842651,0.305645227432251,0.08830548077821732,0.13544410467147827,-0.09448909759521484,0.6812852025032043,-0.11301851272583008,-0.8690242171287537,-0.48168832063674927,-0.46365636587142944,-0.3826460838317871,0.799127459526062,0.3259755074977875,-0.015689849853515625,-0.031000062823295593,-0.7993403673171997,-0.6008787751197815,-6.256503866097773e-07,0.6008787751197815,-0.7993403673171997,1.9482001789583592e-07,0.4810839295387268,-0.04145943745970726,-0.03099997341632843,0.17086708545684814,0.01007973775267601,-0.031000152230262756
160,1.9413559436798096,-0.6083232760429382,1.86548912525177,2.433321952819824,2.2692456245422363,-1.4084426164627075,-0.02886383980512619,0.7311514019966125,0.2838936448097229,0.3281101584434509,-0.06590056419372559,-0.033251259475946426,-0.031990550458431244,0.009080409072339535,0.03053896874189377,-0.02513134479522705,0.729436457157135,0.28841617703437805,0.09361851215362549,1.072373390197754,2.5941011905670166,2.968583345413208,1.5828120708465576,0.7323520183563232,-0.04394882172346115,-0.09898031502962112,0.24390855431556702,-0.16194631159305573,-0.0006467103958129883,-0.5191044211387634,-2.501154899597168,0.2690020203590393,-0.3882606029510498,0.057557106018066406,0.7166531682014465,-0.20843327045440674,-0.44417664408683777,-0.8713568449020386,-0.9525384902954102,0.2943001985549927,0.07783195376396179,0.13531100749969482,-0.09442758560180664,0.6819287538528442,-0.11335599422454834,-0.8687393665313721,-0.4821227192878723,-0.4543997049331665,-0.3861970901489258,0.8027282357215881,0.3259755074977875,-0.015689849853515625,-0.031000062823295593,-0.7993401288986206,-0.6008788347244263,-6.21697381575359e-07,0.6008788347244263,-0.7993401288986206,1.9470930112674978e-07,0.4810838997364044,-0.041459403932094574,-0.03099997341632843,0.17086711525917053,0.010079704225063324,-0.031000152230262756
161,1.961422085762024,-0.5886973142623901,1.8623696565628052,2.4265551567077637,2.268890142440796,-1.4089559316635132,-0.02041989006102085,0.7311755418777466,0.2990027964115143,0.3211018741130829,-0.057942867279052734,-0.07558082044124603,-0.0073352595791220665,-0.009134701453149319,0.11960545182228088,-0.016993355005979538,0.7329552173614502,0.2857740819454193,0.09899716079235077,1.0631461143493652,2.610595464706421,2.968599796295166,1.5901533365249634,0.7323839664459229,-0.09716413915157318,-0.08505965024232864,0.20245307683944702,-0.19206896424293518,0.03623250126838684,-0.5494979619979858,-1.4444561004638672,0.32847368717193604,-0.387210488319397,0.060146331787109375,0.717517614364624,-0.19569432735443115,-0.4670029580593109,-0.862329363822937,-0.9570519924163818,0.2827494740486145,0.0640646293759346,0.13580337166786194,-0.09418296813964844,0.6822999715805054,-0.11602556705474854,-0.8688530325889587,-0.4812822937965393,-0.44415295124053955,-0.3880232572555542,0.8075680732727051,0.3259755074977875,-0.015689849853515625,-0.031000062823295593,-0.7993401288986206,-0.6008787751197815,-6.13523639003688e-07,0.6008787751197815,-0.7993401288986206,1.919670751249214e-07,0.48108386993408203,-0.04145941138267517,-0.03099997341632843,0.17086714506149292,0.010079711675643921,-0.031000152230262756
162,1.979725956916809,-0.5709818601608276,1.8578684329986572,2.4216318130493164,2.2689290046691895,-1.4123693704605103,-0.015752170234918594,0.7311516404151917,0.27229583263397217,0.2947637140750885,-0.08385754376649857,-0.04736673831939697,-0.003171958029270172,-0.050281625241041183,0.06662567704916,-0.025388281792402267,0.7375326752662659,0.28388920426368713,0.10717297345399857,1.053857445716858,2.6288645267486572,2.968466281890869,1.5968915224075317,0.7323341965675354,0.0004490315914154053,-0.07876260578632355,0.26574623584747314,-0.19100163877010345,0.05114121735095978,-0.5181974172592163,-2.5881454944610596,0.28858739137649536,-0.3857884407043457,0.0637354850769043,0.7181426286697388,-0.1842747926712036,-0.4856024384498596,-0.854536771774292,-0.960123598575592,0.2749186158180237,0.05081741139292717,0.13609933853149414,-0.09346914291381836,0.6825799345970154,-0.11813080310821533,-0.8688056468963623,-0.4808555245399475,-0.43122318387031555,-0.3913182020187378,0.8129680156707764,0.3259755074977875,-0.015689849853515625,-0.031000062823295593,-0.7993403673171997,-0.6008787751197815,-6.116240456321975e-07,0.6008787751197815,-0.7993403673171997,1.918996730410072e-07,0.4810839295387268,-0.04145943745970726,-0.03099997341632843,0.17086708545684814,0.01007973775267601,-0.031000152230262756
163,1.999024510383606,-0.5523545742034912,1.8539769649505615,2.4154040813446045,2.2692270278930664,-1.4164245128631592,-0.00671761017292738,0.7311716079711914,0.28528469800949097,0.3125416040420532,-0.07283329963684082,-0.06657721102237701,0.00135908427182585,-0.0589296817779541,0.12782323360443115,-0.02591429091989994,0.7435375452041626,0.2824952304363251,0.11436815559864044,1.0431164503097534,2.647221565246582,2.968304395675659,1.604221224784851,0.7323744893074036,-0.038981400430202484,-0.0634564608335495,0.22776705026626587,-0.21774518489837646,0.06365053355693817,-0.5479533672332764,-1.4429130554199219,0.3396410048007965,-0.38464975357055664,0.06725120544433594,0.717826247215271,-0.17133092880249023,-0.5075302720069885,-0.8444280624389648,-0.9632221460342407,0.2663730978965759,0.035334352403879166,0.13649222254753113,-0.09228277206420898,0.6824593544006348,-0.1198652982711792,-0.8698716759681702,-0.47849321365356445,-0.41710495948791504,-0.3932434320449829,0.8193797469139099,0.3259755074977875,-0.015689849853515625,-0.031000062823295593,-0.7993401288986206,-0.6008788347244263,-6.21827666691388e-07,0.6008788347244263,-0.7993401288986206,1.944955414501237e-07,0.4810838997364044,-0.041459403932094574,-0.03099997341632843,0.17086711525917053,0.010079704225063324,-0.031000152230262756
164,2.016158103942871,-0.535088300704956,1.8482322692871094,2.4111952781677246,2.26944637298584,-1.4222900867462158,-0.0015225601382553577,0.7311396598815918,0.24794521927833557,0.29130685329437256,-0.10402553528547287,-0.03936243802309036,-0.0008189675863832235,-0.08453229814767838,0.07389352470636368,-0.012292992323637009,0.7506483793258667,0.2815510034561157,0.1239464208483696,1.0332361459732056,2.666783094406128,2.9681758880615234,1.6109424829483032,0.7323261499404907,0.04855094850063324,-0.06713997572660446,0.28051507472991943,-0.19942010939121246,0.0744335800409317,-0.5135346055030823,-2.564392566680908,0.290965735912323,-0.383428156375885,0.07212448120117188,0.7178612351417542,-0.16085731983184814,-0.5256151556968689,-0.8353763222694397,-0.9649251699447632,0.26167088747024536,0.02116069383919239,0.13645067811012268,-0.090850830078125,0.6823714971542358,-0.1203463077545166,-0.8705185651779175,-0.47719430923461914,-0.4012676775455475,-0.3970140218734741,0.8254479765892029,0.3259755074977875,-0.015689849853515625,-0.031000062823295593,-0.7993401288986206,-0.6008787751197815,-5.996943173158797e-07,0.6008787751197815,-0.7993401288986206,1.8902116494246002e-07,0.48108386993408203,-0.04145941138267517,-0.03099997714161873,0.17086714506149292,0.010079711675643921,-0.031000148504972458
165,2.0342702865600586,-0.5167553424835205,1.8426965475082397,2.405374050140381,2.269791603088379,-1.4277784824371338,0.007891635410487652,0.7311573624610901,0.26140889525413513,0.30957865715026855,-0.09738978743553162,-0.06320103257894516,0.0021972779650241137,-0.07883568853139877,0.13279974460601807,-0.012734085321426392,0.7585643529891968,0.28105729818344116,0.1323021501302719,1.0227047204971313,2.686323881149292,2.967973470687866,1.6183799505233765,0.7323634624481201,-0.0009091198444366455,-0.04991849139332771,0.2383922040462494,-0.21551251411437988,0.08255426585674286,-0.5427748560905457,-1.4549386501312256,0.342166930437088,-0.3827264904975891,0.07688283920288086,0.7171798348426819,-0.1492316722869873,-0.5466699600219727,-0.8239428997039795,-0.9666776657104492,0.25594234466552734,0.005270928144454956,0.1365727186203003,-0.08911371231079102,0.681983470916748,-0.12070035934448242,-0.8720053434371948,-0.474381685256958,-0.38509202003479004,-0.3993220329284668,0.8320131301879883,0.3259755074977875,-0.015689849853515625,-0.031000062823295593,-0.7993403673171997,-0.6008787751197815,-6.117842872299661e-07,0.6008787751197815,-0.7993403673171997,1.9176103194240568e-07,0.4810839295387268,-0.04145943745970726,-0.03099997341632843,0.17086708545684814,0.01007973775267601,-0.031000152230262756
166,2.0508370399475098,-0.49954381585121155,1.8352437019348145,2.4005582332611084,2.270392894744873,-1.4324779510498047,0.014211011119186878,0.7311322689056396,0.23328818380832672,0.2905389666557312,-0.1268424093723297,-0.05093134194612503,0.004420575685799122,-0.06741020828485489,0.08990923315286636,-0.022640975192189217,0.7660379409790039,0.28092336654663086,0.14166349172592163,1.0150476694107056,2.7064757347106934,2.967644214630127,1.6259163618087769,0.7323154211044312,0.038652464747428894,-0.05898508056998253,0.2637636065483093,-0.16234897077083588,0.08055315911769867,-0.5059496760368347,-2.7094411849975586,0.2905702292919159,-0.3824118971824646,0.0821847915649414,0.7169811129570007,-0.13946902751922607,-0.5644649267196655,-0.8135894536972046,-0.9677388072013855,0.2518017888069153,-0.008805067278444767,0.13656562566757202,-0.08758068084716797,0.6818959712982178,-0.12051928043365479,-0.8725385665893555,-0.47344642877578735,-0.36972367763519287,-0.4031590223312378,0.83711838722229,0.3259755074977875,-0.015689849853515625,-0.031000062823295593,-0.7993401288986206,-0.6008788347244263,-6.219933084139484e-07,0.6008788347244263,-0.7993401288986206,1.9427704955887748e-07,0.4810838997364044,-0.041459403932094574,-0.03099997341632843,0.17086711525917053,0.010079704225063324,-0.031000152230262756
167,2.068720579147339,-0.48104262351989746,1.8280893564224243,2.3939638137817383,2.271289587020874,-1.4371154308319092,0.024731270968914032,0.7311535477638245,0.25179579854011536,0.31383460760116577,-0.12087605148553848,-0.07623796910047531,0.010088923387229443,-0.06675390154123306,0.1482294201850891,-0.009704973548650742,0.773182213306427,0.2818067669868469,0.1495756357908249,1.0061819553375244,2.726743221282959,2.9675426483154297,1.6343905925750732,0.7323213219642639,-0.00823347270488739,-0.021422259509563446,0.22171419858932495,-0.1950714886188507,0.09191757440567017,-0.5307316184043884,-1.6170989274978638,0.34753838181495667,-0.3825731873512268,0.08730554580688477,0.7158425450325012,-0.12803852558135986,-0.5852221250534058,-0.8007004261016846,-0.9688315987586975,0.2464359998703003,-0.02519303932785988,0.13723435997962952,-0.08579206466674805,0.681240975856781,-0.12149786949157715,-0.8740381002426147,-0.4704205393791199,-0.3540060222148895,-0.40460872650146484,0.8431911468505859,0.3259755074977875,-0.015689849853515625,-0.031000062823295593,-0.7993401288986206,-0.6008787751197815,-5.99780776155967e-07,0.6008787751197815,-0.7993401288986206,1.887829483848691e-07,0.48108386993408203,-0.04145941138267517,-0.03099997714161873,0.17086714506149292,0.010079711675643921,-0.031000148504972458
168,2.0848679542541504,-0.46343356370925903,1.8188228607177734,2.3887696266174316,2.272029161453247,-1.4420181512832642,0.0318639874458313,0.7311229109764099,0.2201126366853714,0.30172601342201233,-0.1562608778476715,-0.05690476670861244,0.005912800785154104,-0.07042865455150604,0.10118745267391205,-0.020967980846762657,0.7804462909698486,0.2839624285697937,0.15931178629398346,0.9995319247245789,2.7483739852905273,2.9670839309692383,1.6430763006210327,0.7322568893432617,0.05122029036283493,-0.018478237092494965,0.2630348801612854,-0.15336573123931885,0.09376725554466248,-0.4894464910030365,-3.0078375339508057,0.2829110324382782,-0.38297367095947266,0.0935821533203125,0.7152366638183594,-0.11921417713165283,-0.6028375029563904,-0.7889074087142944,-0.9689600467681885,0.24396014213562012,-0.03999779000878334,0.13796591758728027,-0.08370542526245117,0.6806163191795349,-0.12202072143554688,-0.8751218318939209,-0.4682658314704895,-0.3373170495033264,-0.4071449041366577,0.8487934470176697,0.3259755074977875,-0.015689849853515625,-0.031000062823295593,-0.7993403673171997,-0.6008787751197815,-6.119400381976448e-07,0.6008787751197815,-0.7993403673171997,1.915146441433535e-07,0.4810839295387268,-0.04145943745970726,-0.03099997341632843,0.17086708545684814,0.01007973775267601,-0.031000152230262756
169,2.10317063331604,-0.4442231059074402,1.81212317943573,2.380805492401123,2.271521806716919,-1.4454288482666016,0.04131750762462616,0.7311552166938782,0.25606921315193176,0.3150794506072998,-0.10866747796535492,-0.09939589351415634,-0.009113495238125324,-0.048768602311611176,0.13359692692756653,-0.013530345633625984,0.7859038710594177,0.28562816977500916,0.16687512397766113,0.990558922290802,2.7687079906463623,2.966989755630493,1.6531959772109985,0.7322551608085632,-0.050514742732048035,-0.013180553913116455,0.19814956188201904,-0.19427479803562164,0.09365306794643402,-0.5099141597747803,-1.9027366638183594,0.3453413248062134,-0.38396501541137695,0.09842252731323242,0.7136560082435608,-0.10695230960845947,-0.6209150552749634,-0.7765471935272217,-0.9697076082229614,0.23765218257904053,-0.05646705627441406,0.13928669691085815,-0.08188867568969727,0.6795763373374939,-0.12344598770141602,-0.8773212432861328,-0.46375471353530884,-0.32190728187561035,-0.4066551923751831,0.8549895286560059,0.3259755074977875,-0.015689849853515625,-0.031000062823295593,-0.7993401288986206,-0.6008788347244263,-6.143017685644736e-07,0.6008788347244263,-0.7993401288986206,1.9400253847834392e-07,0.4810838997364044,-0.041459403932094574,-0.03099997341632843,0.17086711525917053,0.010079704225063324,-0.031000152230262756
170,2.119917869567871,-0.4265197217464447,1.8039894104003906,2.374377727508545,2.270781993865967,-1.4502280950546265,0.046714674681425095,0.7311244606971741,0.22685489058494568,0.29806026816368103,-0.13805755972862244,-0.07620954513549805,-0.013907836750149727,-0.06901577860116959,0.07658293098211288,-0.020009784027934074,0.7910352945327759,0.2884168326854706,0.1766107976436615,0.9823288917541504,2.7935235500335693,2.966085433959961,1.6622024774551392,0.7320810556411743,0.025726139545440674,0.001980181783437729,0.2506610155105591,-0.17620530724525452,0.0635066032409668,-0.4432717561721802,-4.988763809204102,0.3018871247768402,-0.3847808241844177,0.10413169860839844,0.7122856974601746,-0.0969090461730957,-0.6351360082626343,-0.7662968635559082,-0.9694857001304626,0.23442870378494263,-0.07169831544160843,0.1412498950958252,-0.07966899871826172,0.6785086989402771,-0.12909018993377686,-0.8786206245422363,-0.4597409963607788,-0.30422133207321167,-0.4061734676361084,0.861668586730957,0.3259755074977875,-0.015689849853515625,-0.031000062823295593,-0.7993401288986206,-0.6008787751197815,-6.124764126980153e-07,0.6008787751197815,-0.7993401288986206,1.9386077099170507e-07,0.48108386993408203,-0.04145941138267517,-0.03099997341632843,0.17086714506149292,0.010079711675643921,-0.031000152230262756
171,2.139516592025757,-0.40686464309692383,1.7990684509277344,2.364844560623169,2.2720375061035156,-1.45509672164917,0.05522996932268143,0.7311925888061523,0.27330079674720764,0.3148949146270752,-0.07634445279836655,-0.1264028549194336,0.017841750755906105,-0.06942979246377945,0.12042780220508575,-0.017257288098335266,0.7959452271461487,0.29228439927101135,0.18400147557258606,0.9700061082839966,2.8160181045532227,2.9657037258148193,1.672458529472351,0.7321553230285645,-0.04756676405668259,0.04122829809784889,0.1846635639667511,-0.2504996061325073,0.0673229992389679,-0.5046244859695435,-2.488748550415039,0.40743449330329895,-0.3859518766403198,0.10757875442504883,0.7084034085273743,-0.079384446144104,-0.6513392925262451,-0.7546225190162659,-0.9698465466499329,0.2254517674446106,-0.0925692692399025,0.14385712146759033,-0.07685184478759766,0.6762388348579407,-0.13433432579040527,-0.8825197219848633,-0.45068103075027466,-0.2856748700141907,-0.40100419521331787,0.8703939318656921,0.3259755074977875,-0.015689849853515625,-0.031000062823295593,-0.7993403673171997,-0.6008787751197815,-6.042926656846248e-07,0.6008787751197815,-0.7993403673171997,1.912111997626198e-07,0.4810839295387268,-0.04145943745970726,-0.03099997714161873,0.17086708545684814,0.01007973775267601,-0.031000148504972458
172,2.153271198272705,-0.39200782775878906,1.7893480062484741,2.3645553588867188,2.275216579437256,-1.465335726737976,0.06518746167421341,0.7311151027679443,0.19317129254341125,0.2564583122730255,-0.1695157289505005,0.019422326236963272,0.039107561111450195,-0.14703364670276642,0.14090555906295776,-0.01987536996603012,0.8040879368782043,0.29843631386756897,0.19401906430721283,0.9597287178039551,2.8390862941741943,2.9652044773101807,1.6818400621414185,0.732085108757019,0.11965867877006531,0.056630220264196396,0.25912630558013916,-0.2120487540960312,0.06863847374916077,-0.453986793756485,-3.9754602909088135,0.35212597250938416,-0.385517954826355,0.11409330368041992,0.7063831686973572,-0.07244241237640381,-0.6703413724899292,-0.738508403301239,-0.9681339859962463,0.22523564100265503,-0.1094786673784256,0.1457505226135254,-0.07296895980834961,0.6736006736755371,-0.13625693321228027,-0.886677622795105,-0.4418560862541199,-0.2639172077178955,-0.3974090814590454,0.8788707256317139,0.3259755074977875,-0.015689849853515625,-0.031000062823295593,-0.7993401288986206,-0.6008788347244263,-6.143715722828347e-07,0.6008788347244263,-0.7993401288986206,1.9385819882700162e-07,0.4810838997364044,-0.041459403932094574,-0.03099997341632843,0.17086711525917053,0.010079704225063324,-0.031000152230262756
173,2.169189929962158,-0.37554606795310974,1.7815217971801758,2.365929126739502,2.2758193016052246,-1.4709583520889282,0.07788382470607758,0.7311391830444336,0.23065805435180664,0.27757370471954346,-0.13204112648963928,0.04205244034528732,0.004481431096792221,-0.07936924695968628,0.1787765622138977,-0.011413639411330223,0.8111642599105835,0.3045637011528015,0.200639009475708,0.9485360980033875,2.8560245037078857,2.9644641876220703,1.6928640604019165,0.7319989800453186,-0.030750654637813568,0.0695420578122139,0.15807312726974487,-0.22728583216667175,-0.036434441804885864,-0.43838292360305786,-4.579057693481445,0.3902478516101837,-0.38552427291870117,0.11875534057617188,0.7060502767562866,-0.06481099128723145,-0.6917546987533569,-0.7192182540893555,-0.9681390523910522,0.21828681230545044,-0.12270942330360413,0.14764368534088135,-0.06893396377563477,0.670546293258667,-0.13437867164611816,-0.8928558230400085,-0.42982688546180725,-0.2450573444366455,-0.3903452157974243,0.8874558210372925,0.3259755074977875,-0.015689849853515625,-0.031000062823295593,-0.7993401288986206,-0.6008787751197815,-6.125773097664933e-07,0.6008787751197815,-0.7993401288986206,1.937066542723187e-07,0.48108386993408203,-0.04145941138267517,-0.03099997341632843,0.17086714506149292,0.010079711675643921,-0.031000152230262756
174,2.1827526092529297,-0.36100611090660095,1.7723145484924316,2.3721020221710205,2.2766854763031006,-1.4786313772201538,0.09178750216960907,0.7311075329780579,0.19489671289920807,0.24835728108882904,-0.1586272418498993,0.11100715398788452,0.007884577848017216,-0.10994065552949905,0.19519244134426117,-0.0033976337872445583,0.816405177116394,0.31325647234916687,0.20654140412807465,0.9356786012649536,2.8711893558502197,2.9638569355010986,1.703629732131958,0.7319365739822388,0.0222044438123703,0.12396933138370514,0.16754740476608276,-0.26084065437316895,-0.06145545840263367,-0.43027031421661377,-4.469302654266357,0.44739100337028503,-0.38482338190078735,0.12452077865600586,0.706756591796875,-0.06183278560638428,-0.714533805847168,-0.6968629956245422,-0.9676110744476318,0.21413075923919678,-0.13370433449745178,0.1506023406982422,-0.06421947479248047,0.6663008332252502,-0.13395512104034424,-0.900335431098938,-0.4140678644180298,-0.22530370950698853,-0.37922239303588867,0.897456705570221,0.3259755074977875,-0.015689849853515625,-0.031000062823295593,-0.7993403673171997,-0.6008787751197815,-6.043568419045187e-07,0.6008787751197815,-0.7993403673171997,1.9106143156477629e-07,0.4810839295387268,-0.04145943745970726,-0.03099997714161873,0.17086708545684814,0.01007973775267601,-0.031000148504972458
175,2.193629503250122,-0.34848129749298096,1.762820839881897,2.384129762649536,2.2738096714019775,-1.4831228256225586,0.10601678490638733,0.7310574650764465,0.16411426663398743,0.21787169575691223,-0.16801978647708893,0.200753852725029,-0.0474444255232811,-0.06405851989984512,0.20001237094402313,-0.015852689743041992,0.8206017017364502,0.3223735988140106,0.21048344671726227,0.9227284789085388,2.8782010078430176,2.963141441345215,1.7148293256759644,0.7318913340568542,-0.03594665601849556,0.11494264006614685,0.11946312338113785,-0.25101858377456665,-0.17666485905647278,-0.4126623868942261,-4.606596946716309,0.44059184193611145,-0.3840135931968689,0.13072538375854492,0.7110175490379333,-0.06613123416900635,-0.7373552322387695,-0.6722603440284729,-0.9680883884429932,0.21063005924224854,-0.13579320907592773,0.1531035602092743,-0.05924415588378906,0.6616508364677429,-0.12760913372039795,-0.9093749523162842,-0.39592063426971436,-0.2081104815006256,-0.36574792861938477,0.907148540019989,0.3259755074977875,-0.015689849853515625,-0.031000062823295593,-0.7993401288986206,-0.6008788347244263,-6.144528015283868e-07,0.6008788347244263,-0.7993401288986206,1.9370642689864326e-07,0.4810838997364044,-0.041459403932094574,-0.03099997341632843,0.17086711525917053,0.010079704225063324,-0.031000152230262756
176,2.201136827468872,-0.33853599429130554,1.7520115375518799,2.3999061584472656,2.2680118083953857,-1.48565673828125,0.11900875717401505,0.7310000061988831,0.10990046709775925,0.1785525232553482,-0.18764297664165497,0.24983781576156616,-0.08840537816286087,-0.03674038499593735,0.1823379099369049,-8.454779163002968e-05,0.8235117793083191,0.33240199089050293,0.21391314268112183,0.9093317985534668,2.880444288253784,2.962371349334717,1.7256492376327515,0.7318294048309326,-0.025129243731498718,0.14146873354911804,0.1157061755657196,-0.2619739770889282,-0.23692326247692108,-0.39613670110702515,-4.441174030303955,0.45640677213668823,-0.3831372857093811,0.13820838928222656,0.717851996421814,-0.07780814170837402,-0.7580717206001282,-0.6475130319595337,-0.9687084555625916,0.21102839708328247,-0.13065578043460846,0.15557250380516052,-0.05398130416870117,0.6564788818359375,-0.11854922771453857,-0.9190763235092163,-0.3758254945278168,-0.19169101119041443,-0.3501908779144287,0.9168537855148315,0.3259755074977875,-0.015689849853515625,-0.031000062823295593,-0.7993401288986206,-0.6008787751197815,-6.126418270469003e-07,0.6008787751197815,-0.7993401288986206,1.9353373659214412e-07,0.48108386993408203,-0.04145941138267517,-0.03099997341632843,0.17086714506149292,0.010079711675643921,-0.031000152230262756
177,2.204620838165283,-0.33143284916877747,1.739507794380188,2.417907476425171,2.2599387168884277,-1.4870285987854004,0.13004128634929657,0.7309471964836121,0.04963303357362747,0.1349974125623703,-0.21262691915035248,0.2791335880756378,-0.11947759240865707,-0.02058657817542553,0.1537080854177475,0.053649913519620895,0.8275612592697144,0.34350869059562683,0.21857450902462006,0.89578777551651,2.8803822994232178,2.961535930633545,1.7358688116073608,0.7317843437194824,0.0156022310256958,0.1561746895313263,0.13659346103668213,-0.2612914443016052,-0.25864648818969727,-0.38076093792915344,-4.200551986694336,0.4507461488246918,-0.38215816020965576,0.14743900299072266,0.7264952063560486,-0.09687387943267822,-0.7754539847373962,-0.6239283680915833,-0.9687262177467346,0.21734201908111572,-0.11971646547317505,0.15738922357559204,-0.048071861267089844,0.6508504748344421,-0.10566973686218262,-0.9289921522140503,-0.3546935021877289,-0.1738593727350235,-0.33393657207489014,0.9264228343963623,0.3259755074977875,-0.015689849853515625,-0.031000062823295593,-0.7993403673171997,-0.6008787751197815,-6.044539873073518e-07,0.6008787751197815,-0.7993403673171997,1.9088930969246576e-07,0.4810839295387268,-0.04145943745970726,-0.03099997714161873,0.17086708545684814,0.01007973775267601,-0.031000148504972458
178,2.204561233520508,-0.3266865909099579,1.7254061698913574,2.437255382537842,2.2496421337127686,-1.4866958856582642,0.1391807347536087,0.7308638691902161,-0.002833188744261861,0.10126964002847672,-0.23720411956310272,0.2978055775165558,-0.1512967348098755,0.0033327864948660135,0.12698258459568024,0.1521701216697693,0.8331016302108765,0.3553942143917084,0.2245829999446869,0.8826238512992859,2.8785252571105957,2.9605553150177,1.745628833770752,0.7317411303520203,0.04490753263235092,0.1687002182006836,0.15360157191753387,-0.2534002959728241,-0.2721189558506012,-0.3620206117630005,-3.9777746200561523,0.40387624502182007,-0.3810633420944214,0.15826034545898438,0.736754834651947,-0.12251198291778564,-0.7893067002296448,-0.6016526222229004,-0.9678981900215149,0.22907394170761108,-0.10343277454376221,0.15835458040237427,-0.041602134704589844,0.6449617743492126,-0.08866393566131592,-0.9386450052261353,-0.33329302072525024,-0.15487585961818695,-0.3175497055053711,0.9355081915855408,0.3259755074977875,-0.015689849853515625,-0.031000062823295593,-0.7993401288986206,-0.6008788347244263,-6.145489237496804e-07,0.6008788347244263,-0.7993401288986206,1.9356416203208937e-07,0.4810838997364044,-0.041459403932094574,-0.03099997341632843,0.17086711525917053,0.010079704225063324,-0.031000152230262756
179,2.2006068229675293,-0.32334592938423157,1.7100485563278198,2.4573557376861572,2.2373766899108887,-1.4825613498687744,0.14664089679718018,0.730804979801178,-0.06645418703556061,0.0876900777220726,-0.2584819793701172,0.3072081506252289,-0.17973053455352783,0.057455550879240036,0.10290569812059402,0.22474262118339539,0.8386345505714417,0.36700236797332764,0.23088893294334412,0.8706773519515991,2.8751842975616455,2.9594571590423584,1.7557389736175537,0.7316690683364868,0.03560619801282883,0.15994678437709808,0.14747995138168335,-0.2269337922334671,-0.28516852855682373,-0.32668113708496094,-4.037890434265137,0.3821064829826355,-0.380298912525177,0.1704726219177246,0.7488147020339966,-0.1538015604019165,-0.7997660040855408,-0.5802753567695618,-0.9661007523536682,0.24495035409927368,-0.08153919130563736,0.15877819061279297,-0.03529167175292969,0.6392807364463806,-0.06891369819641113,-0.947249710559845,-0.3130001127719879,-0.13689835369586945,-0.301798939704895,0.9434916377067566,0.3259755074977875,-0.015689849853515625,-0.031000062823295593,-0.7993401288986206,-0.6008787751197815,-6.127559686319728e-07,0.6008787751197815,-0.7993401288986206,1.934209876708337e-07,0.48108386993408203,-0.04145941138267517,-0.03099997341632843,0.17086714506149292,0.010079711675643921,-0.031000152230262756
180,2.1931183338165283,-0.32052552700042725,1.6940102577209473,2.4774703979492188,2.2232367992401123,-1.4746986627578735,0.15183553099632263,0.7307568788528442,-0.12054884433746338,0.08258713781833649,-0.26981836557388306,0.30634424090385437,-0.20617449283599854,0.11007413268089294,0.07064510881900787,0.2831715941429138,0.8427407741546631,0.37760692834854126,0.23725813627243042,0.8596643209457397,2.8712432384490967,2.958195686340332,1.7666960954666138,0.7315720915794373,0.015181459486484528,0.1465500295162201,0.13879647850990295,-0.20648051798343658,-0.27936625480651855,-0.2867618203163147,-3.8971481323242188,0.33745884895324707,-0.379835307598114,0.18404531478881836,0.762302041053772,-0.1893157958984375,-0.8063410520553589,-0.5603337287902832,-0.9628231525421143,0.2644285559654236,-0.05522080510854721,0.15909835696220398,-0.029570579528808594,0.634017288684845,-0.0482792854309082,-0.9545348882675171,-0.29416385293006897,-0.12063004076480865,-0.286779522895813,0.9503715634346008,0.3259755074977875,-0.015689849853515625,-0.031000062823295593,-0.7993403673171997,-0.6008787751197815,-6.248842510103714e-07,0.6008787751197815,-0.7993403673171997,1.9607327317316958e-07,0.4810839295387268,-0.04145943745970726,-0.03099997341632843,0.17086708545684814,0.01007973775267601,-0.031000152230262756
181,2.1824238300323486,-0.31812769174575806,1.6776447296142578,2.49731707572937,2.207449436187744,-1.4633302688598633,0.15419510006904602,0.730714738368988,-0.1680433750152588,0.07631542533636093,-0.2755325734615326,0.30184406042099,-0.22846324741840363,0.15958745777606964,0.029453380033373833,0.3462998867034912,0.8449887633323669,0.3865364193916321,0.24372726678848267,0.849776029586792,2.8666133880615234,2.9567646980285645,1.7787076234817505,0.7314965128898621,-0.008142683655023575,0.11791432648897171,0.1322784125804901,-0.18048569560050964,-0.25665903091430664,-0.2549779415130615,-3.1184611320495605,0.2878396809101105,-0.379380464553833,0.1987452507019043,0.7770075798034668,-0.22812187671661377,-0.808465838432312,-0.542534351348877,-0.957603931427002,0.286998987197876,-0.025027979165315628,0.1593042016029358,-0.024691104888916016,0.6294541358947754,-0.026841282844543457,-0.9603642225265503,-0.27745321393013,-0.10665242373943329,-0.2732177972793579,0.9560216069221497,0.3259755074977875,-0.015689849853515625,-0.031000062823295593,-0.7993401288986206,-0.6008788347244263,-6.146350415292545e-07,0.6008788347244263,-0.7993401288986206,1.9339785239935736e-07,0.4810838997364044,-0.041459403932094574,-0.03099997341632843,0.17086711525917053,0.010079704225063324,-0.031000152230262756
182,2.169109582901001,-0.3163541853427887,1.6609444618225098,2.516018867492676,2.1905996799468994,-1.448274850845337,0.15297994017601013,0.7306798696517944,-0.20704300701618195,0.06431876122951508,-0.2783816456794739,0.2830613851547241,-0.2442581057548523,0.21154899895191193,-0.019961480051279068,0.38167598843574524,0.8450044989585876,0.39176738262176514,0.25012385845184326,0.8436716198921204,2.8624444007873535,2.955203056335449,1.7914819717407227,0.7314674854278564,-0.04401583969593048,0.04336049407720566,0.12236899882555008,-0.10643599927425385,-0.23119258880615234,-0.21914130449295044,-2.563417434692383,0.18366007506847382,-0.3787550926208496,0.21404266357421875,0.7926512956619263,-0.26902735233306885,-0.8053531050682068,-0.5282335877418518,-0.9501146674156189,0.3117838501930237,0.008539454080164433,0.15917864441871643,-0.021572113037109375,0.6267987489700317,-0.006205558776855469,-0.9637423753738403,-0.26676252484321594,-0.0974554717540741,-0.26491498947143555,0.9593344926834106,0.3259755074977875,-0.015689849853515625,-0.031000062823295593,-0.7993401288986206,-0.6008787751197815,-6.127379492681939e-07,0.6008787751197815,-0.7993401288986206,1.9324247091390134e-07,0.48108386993408203,-0.04145941138267517,-0.03099997341632843,0.17086714506149292,0.010079711675643921,-0.031000152230262756
183,2.1548521518707275,-0.31418564915657043,1.6454226970672607,2.5307981967926025,2.173231840133667,-1.4282976388931274,0.15072637796401978,0.7306756377220154,-0.22840535640716553,0.0710313692688942,-0.25320616364479065,0.21977762877941132,-0.2506343126296997,0.2817964255809784,-0.034601449966430664,0.38614073395729065,0.8435545563697815,0.39433225989341736,0.25371450185775757,0.839620053768158,2.8616621494293213,2.9531679153442383,1.8077224493026733,0.7314976453781128,-0.0841735303401947,0.020882993936538696,0.0711594745516777,-0.07521861046552658,-0.17403854429721832,-0.23248416185379028,-2.165508270263672,0.16719423234462738,-0.3787088394165039,0.2285294532775879,0.8084219694137573,-0.3083770275115967,-0.7984350323677063,-0.5171124339103699,-0.9411187767982483,0.33525437116622925,0.04358932748436928,0.15979453921318054,-0.019730091094970703,0.6253481507301331,0.011490225791931152,-0.9658419489860535,-0.2588770389556885,-0.09209508448839188,-0.2588158845901489,0.9615262746810913,0.3259755074977875,-0.015689849853515625,-0.031000062823295593,-0.7993403673171997,-0.6008787751197815,-6.248608883652196e-07,0.6008787751197815,-0.7993403673171997,1.9591762168147397e-07,0.4810839295387268,-0.04145943745970726,-0.03099997341632843,0.17086708545684814,0.01007973775267601,-0.031000152230262756
184,2.139737844467163,-0.31171563267707825,1.6303058862686157,2.5416393280029297,2.156190872192383,-1.406388282775879,0.14676503837108612,0.7306696772575378,-0.2445896565914154,0.07621881365776062,-0.24577094614505768,0.16130031645298004,-0.24540548026561737,0.3084767758846283,-0.05863259732723236,0.3925609886646271,0.8410085439682007,0.3948211073875427,0.25674259662628174,0.8386284708976746,2.865432024002075,2.9515538215637207,1.824977159500122,0.7314436435699463,-0.08428174257278442,-0.026952562853693962,0.06693227589130402,-0.02633429318666458,-0.11565404385328293,-0.18132762610912323,-3.052243709564209,0.05637645721435547,-0.37890881299972534,0.24280929565429688,0.8234196901321411,-0.3463611602783203,-0.7874870896339417,-0.5098018646240234,-0.9301392436027527,0.3589373230934143,0.07749228924512863,0.1608533263206482,-0.019274234771728516,0.6251562237739563,0.0247650146484375,-0.9663937091827393,-0.25587135553359985,-0.08935824781656265,-0.25706517696380615,0.9622540473937988,0.3259755074977875,-0.015689849853515625,-0.031000062823295593,-0.7993401288986206,-0.6008788347244263,-6.14579732882703e-07,0.6008788347244263,-0.7993401288986206,1.9323306332807988e-07,0.4810838997364044,-0.041459403932094574,-0.03099997341632843,0.17086711525917053,0.010079704225063324,-0.031000152230262756
185,2.1251933574676514,-0.3078649938106537,1.6158748865127563,2.548445224761963,2.1391477584838867,-1.383284330368042,0.14018675684928894,0.7306775450706482,-0.24263249337673187,0.10351261496543884,-0.23486082255840302,0.10201314836740494,-0.2451084405183792,0.3253668248653412,-0.09526043385267258,0.38451331853866577,0.836495041847229,0.3920140862464905,0.26079028844833374,0.8422350883483887,2.8717517852783203,2.9500346183776855,1.8421177864074707,0.731422483921051,-0.11539475619792938,-0.08883290737867355,0.0740189254283905,0.05300959199666977,-0.04723896086215973,-0.1573566347360611,-2.505985975265503,-0.018694354221224785,-0.37958258390426636,0.25690174102783203,0.8373221158981323,-0.38154828548431396,-0.772953987121582,-0.5069152116775513,-0.9178588390350342,0.38168811798095703,0.10885468125343323,0.16174575686454773,-0.020551681518554688,0.6269903182983398,0.035080671310424805,-0.9650450944900513,-0.2597254812717438,-0.09046611934900284,-0.2618849277496338,0.9608497023582458,0.3259755074977875,-0.015689849853515625,-0.031000062823295593,-0.7993401288986206,-0.6008787751197815,-6.127388587628957e-07,0.6008787751197815,-0.7993401288986206,1.9312498977797077e-07,0.48108386993408203,-0.04145941138267517,-0.03099997341632843,0.17086714506149292,0.010079711675643921,-0.031000152230262756
186,2.110218048095703,-0.301550030708313,1.6034538745880127,2.550877332687378,2.1202261447906494,-1.3583520650863647,0.1297021508216858,0.7306761741638184,-0.2630496323108673,0.15184439718723297,-0.20571361482143402,0.03519418463110924,-0.2715899348258972,0.3515399396419525,-0.14999787509441376,0.3880135416984558,0.8314829468727112,0.38642069697380066,0.26557883620262146,0.8493492603302002,2.8815112113952637,2.946415901184082,1.8597897291183472,0.7314352989196777,-0.11027145385742188,-0.13403946161270142,0.09326209872961044,0.10114844143390656,0.05304046720266342,-0.16283461451530457,-1.4615825414657593,-0.03558444231748581,-0.38129425048828125,0.27146244049072266,0.850349485874176,-0.414584755897522,-0.7537450194358826,-0.5098900198936462,-0.9042711853981018,0.4040578603744507,0.13795240223407745,0.16253730654716492,-0.022352218627929688,0.6305311322212219,0.04314124584197998,-0.9627189636230469,-0.2670412063598633,-0.09366203099489212,-0.2700101137161255,0.9582911133766174,0.3259755074977875,-0.015689849853515625,-0.031000062823295593,-0.7993403673171997,-0.6008787751197815,-6.249301804928109e-07,0.6008787751197815,-0.7993403673171997,1.957065620672438e-07,0.4810839295387268,-0.04145943745970726,-0.03099997341632843,0.17086708545684814,0.01007973775267601,-0.031000152230262756
187,2.094507932662964,-0.29239577054977417,1.592468500137329,2.5501811504364014,2.099806070327759,-1.3326671123504639,0.1150120422244072,0.7306753396987915,-0.28035855293273926,0.20211641490459442,-0.18831974267959595,-0.009049641899764538,-0.29266074299812317,0.3617260456085205,-0.2089015394449234,0.38909322023391724,0.8261185884475708,0.3772549629211426,0.27279770374298096,0.859626054763794,2.893049955368042,2.9433469772338867,1.8768019676208496,0.7314980030059814,-0.09740293025970459,-0.18893755972385406,0.1255037784576416,0.16963094472885132,0.05432140827178955,-0.1939253807067871,-2.96563720703125,-0.24605625867843628,-0.38386082649230957,0.28723907470703125,0.8623952865600586,-0.4458906650543213,-0.7300563454627991,-0.5178794264793396,-0.8893440961837769,0.42678409814834595,0.1640804409980774,0.16217041015625,-0.02569103240966797,0.635930061340332,0.05136364698410034,-0.9584096670150757,-0.2807358503341675,-0.09928132593631744,-0.28461456298828125,0.9534870982170105,0.3259755074977875,-0.015689849853515625,-0.031000062823295593,-0.7993401288986206,-0.6008788347244263,-6.146620421532134e-07,0.6008788347244263,-0.7993401288986206,1.9305241494294023e-07,0.4810838997364044,-0.041459403932094574,-0.03099997341632843,0.17086711525917053,0.010079704225063324,-0.031000152230262756
188,2.0819125175476074,-0.2785489857196808,1.5837316513061523,2.545842409133911,2.077840805053711,-1.3065510988235474,0.09738144278526306,0.7307184934616089,-0.24395667016506195,0.2833426892757416,-0.15398700535297394,-0.06269390136003494,-0.31325724720954895,0.36785539984703064,-0.2496487945318222,0.33589205145835876,0.8155131936073303,0.362470805644989,0.2806336283683777,0.8720852732658386,2.9057695865631104,2.940553665161133,1.8929133415222168,0.7315130233764648,-0.24628111720085144,-0.30412372946739197,0.11258351802825928,0.19598472118377686,0.01255062222480774,-0.13467153906822205,-2.5199849605560303,-0.234810009598732,-0.38797450065612793,0.303433895111084,0.8727607131004333,-0.47132015228271484,-0.7051507830619812,-0.5297353267669678,-0.875584602355957,0.4462079405784607,0.18506769835948944,0.1618119478225708,-0.03185606002807617,0.6435690522193909,0.05448353290557861,-0.95224928855896,-0.3004210889339447,-0.11063170433044434,-0.30477237701416016,0.9459779858589172,0.3259755074977875,-0.015689849853515625,-0.031000062823295593,-0.7993401288986206,-0.6008787751197815,-6.128531140348059e-07,0.6008787751197815,-0.7993401288986206,1.929133759404067e-07,0.48108386993408203,-0.04145941138267517,-0.03099997341632843,0.17086714506149292,0.010079711675643921,-0.031000152230262756
189,2.0704493522644043,-0.2622842788696289,1.576585054397583,2.540590524673462,2.055994749069214,-1.2813466787338257,0.07785601168870926,0.7307490110397339,-0.22172978520393372,0.30718642473220825,-0.13069838285446167,-0.07308746874332428,-0.31120601296424866,0.35438984632492065,-0.2758138179779053,0.2957368493080139,0.8032640814781189,0.3453323543071747,0.289806067943573,0.8833698630332947,2.920665740966797,2.9384706020355225,1.9083467721939087,0.7316508889198303,-0.222317636013031,-0.31532248854637146,0.1582341194152832,0.1644573211669922,0.02121034264564514,-0.19761064648628235,-3.3302974700927734,-0.23282192647457123,-0.39260733127593994,0.31993818283081055,0.8817559480667114,-0.49277734756469727,-0.6796280145645142,-0.5433931946754456,-0.8625873923301697,0.46371471881866455,0.20226624608039856,0.16114872694015503,-0.03919696807861328,0.6516578793525696,0.05531573295593262,-0.9451927542686462,-0.32179322838783264,-0.12268324196338654,-0.32627856731414795,0.9372785091400146,0.3259755074977875,-0.015689849853515625,-0.031000062823295593,-0.7993403673171997,-0.6008787751197815,-6.250284059206024e-07,0.6008787751197815,-0.7993403673171997,1.954906281298463e-07,0.4810839295387268,-0.04145943745970726,-0.03099997341632843,0.17086708545684814,0.01007973775267601,-0.031000152230262756
190,2.063983917236328,-0.24418115615844727,1.5697461366653442,2.5354068279266357,2.036508798599243,-1.258482575416565,0.058961059898138046,0.7308121919631958,-0.14477673172950745,0.330174058675766,-0.12408243864774704,-0.06974343955516815,-0.27711331844329834,0.32109734416007996,-0.266167014837265,0.21083377301692963,0.7921446561813354,0.327684611082077,0.299522340297699,0.8937401175498962,2.937462568283081,2.9362592697143555,1.923370122909546,0.7318688631057739,-0.23631420731544495,-0.33441248536109924,0.17591531574726105,0.1434144824743271,0.006256669759750366,-0.27522575855255127,-3.9952292442321777,-0.1496959775686264,-0.3975585699081421,0.3353147506713867,0.8888661861419678,-0.5077117681503296,-0.6581127643585205,-0.5559824109077454,-0.8525851368904114,0.47654926776885986,0.2144748419523239,0.1600009799003601,-0.04652070999145508,0.6596266031265259,0.055976271629333496,-0.937719464302063,-0.3428540527820587,-0.13373039662837982,-0.3473399877548218,0.9281548261642456,0.3259755074977875,-0.015689849853515625,-0.031000062823295593,-0.7993401288986206,-0.6008788347244263,-6.147711815174262e-07,0.6008788347244263,-0.7993401288986206,1.9283136509784526e-07,0.4810838997364044,-0.041459403932094574,-0.03099997341632843,0.17086711525917053,0.010079704225063324,-0.031000152230262756
191,2.0619351863861084,-0.22401730716228485,1.564298152923584,2.5317604541778564,2.0177001953125,-1.2381618022918701,0.04072858393192291,0.7308576703071594,-0.08506081253290176,0.3630683422088623,-0.109202079474926,-0.044522836804389954,-0.2682958245277405,0.28523439168930054,-0.2562471032142639,0.15675830841064453,0.7821640968322754,0.3106902241706848,0.3098430633544922,0.9015666246414185,2.9542829990386963,2.933757781982422,1.937785029411316,0.7320053577423096,-0.21757732331752777,-0.31819719076156616,0.2002265453338623,0.09056468307971954,-0.02292323112487793,-0.3386981189250946,-4.3614654541015625,-0.08199059218168259,-0.40257763862609863,0.34993648529052734,0.8946377635002136,-0.5177218914031982,-0.640961229801178,-0.5666858553886414,-0.8452632427215576,0.48560434579849243,0.2229764610528946,0.15853896737098694,-0.05313682556152344,0.6668207049369812,0.057652950286865234,-0.9307237863540649,-0.36115044355392456,-0.1424321085214615,-0.36571991443634033,0.919762134552002,0.3259755074977875,-0.015689849853515625,-0.031000062823295593,-0.7993401288986206,-0.6008787751197815,-6.129478720140469e-07,0.6008787751197815,-0.7993401288986206,1.9269599249582825e-07,0.48108386993408203,-0.04145941138267517,-0.03099997341632843,0.17086714506149292,0.010079711675643921,-0.031000152230262756
192,2.0624074935913086,-0.20269674062728882,1.5586737394332886,2.529533863067627,1.9994161128997803,-1.220658779144287,0.023651637136936188,0.7308759689331055,-0.054672010242938995,0.37856531143188477,-0.11357256770133972,-0.024131570011377335,-0.2608250379562378,0.24517403542995453,-0.2398393303155899,0.13861183822155,0.7747877240180969,0.29548659920692444,0.32133838534355164,0.9070529341697693,2.9710800647735596,2.931037187576294,1.9513177871704102,0.7321253418922424,-0.1702142208814621,-0.29257529973983765,0.2324896901845932,0.04595084860920906,-0.025525540113449097,-0.39364972710609436,-3.949719190597534,-0.02392132394015789,-0.40728092193603516,0.36484718322753906,0.8992389440536499,-0.5258157253265381,-0.6265251040458679,-0.575312077999115,-0.8388144373893738,0.4941282868385315,0.228533536195755,0.15663430094718933,-0.05846452713012695,0.6729691028594971,0.061524271965026855,-0.9243977665901184,-0.3764351010322571,-0.14723213016986847,-0.38142895698547363,0.91259765625,0.3259755074977875,-0.015689849853515625,-0.031000062823295593,-0.7993403673171997,-0.6008787751197815,-6.251059971873474e-07,0.6008787751197815,-0.7993403673171997,1.9529892369973822e-07,0.4810839295387268,-0.04145943745970726,-0.03099997341632843,0.17086708545684814,0.01007973775267601,-0.031000152230262756
193,2.063844680786133,-0.1806836724281311,1.552260160446167,2.528780937194824,1.9813551902770996,-1.206284523010254,0.007464658468961716,0.73087477684021,-0.04961565136909485,0.3911387026309967,-0.12896113097667694,-0.002052231691777706,-0.25773072242736816,0.20061202347278595,-0.22733357548713684,0.14086218178272247,0.7704102396965027,0.28152337670326233,0.33428943157196045,0.9112641215324402,2.987797260284424,2.9284169673919678,1.964359998703003,0.7321961522102356,-0.11801290512084961,-0.2824164628982544,0.26357465982437134,0.024685528129339218,-0.01048414409160614,-0.4226950407028198,-3.8849449157714844,-0.004048231989145279,-0.41135287284851074,0.38083410263061523,0.9027389287948608,-0.533791184425354,-0.6132825016975403,-0.5821954011917114,-0.8319100141525269,0.5043140053749084,0.23150178790092468,0.153958261013031,-0.0628042221069336,0.6784406304359436,0.06874740123748779,-0.9181643724441528,-0.39018988609313965,-0.14866448938846588,-0.39617669582366943,0.9060590267181396,0.3259755074977875,-0.015689849853515625,-0.031000062823295593,-0.7993401288986206,-0.6008788347244263,-6.007858814882638e-07,0.6008788347244263,-0.7993401288986206,1.8987982741691667e-07,0.4810838997364044,-0.041459403932094574,-0.03099997714161873,0.17086711525917053,0.010079704225063324,-0.031000148504972458
194,2.066615581512451,-0.15780681371688843,1.5448671579360962,2.5288193225860596,1.9634358882904053,-1.1946361064910889,-0.007493804674595594,0.7308802008628845,-0.03765430301427841,0.4046795666217804,-0.14120255410671234,0.007602372206747532,-0.2549472451210022,0.16213065385818481,-0.21008436381816864,0.13441389799118042,0.7686258554458618,0.2688238322734833,0.3482779562473297,0.9144730567932129,3.0047097206115723,2.9259488582611084,1.9768317937850952,0.73223876953125,-0.08003625273704529,-0.2616230249404907,0.2822939157485962,0.00441022589802742,-0.004131928086280823,-0.44440239667892456,-3.813939332962036,0.022103233262896538,-0.4150904417037964,0.397794246673584,0.9049815535545349,-0.5412973165512085,-0.6014105677604675,-0.5876246690750122,-0.8247183561325073,0.5159074068069458,0.23168782889842987,0.15077805519104004,-0.0662994384765625,0.6832783818244934,0.07818341255187988,-0.9119972586631775,-0.40267670154571533,-0.14708301424980164,-0.4100450277328491,0.9001277089118958,0.3259755074977875,-0.015689849853515625,-0.031000062823295593,-0.7993401288986206,-0.6008787751197815,-6.128699396867887e-07,0.6008787751197815,-0.7993401288986206,1.9248108173997025e-07,0.48108386993408203,-0.04145941138267517,-0.03099997341632843,0.17086714506149292,0.010079711675643921,-0.031000152230262756
195,2.0702364444732666,-0.13434381783008575,1.5367648601531982,2.5294103622436523,1.9455989599227905,-1.1861398220062256,-0.02082599699497223,0.7308830618858337,-0.032272819429636,0.41265201568603516,-0.15049868822097778,0.014425835572183132,-0.25299200415611267,0.11742248386144638,-0.1872849464416504,0.1312679797410965,0.768102765083313,0.25689008831977844,0.3635896146297455,0.9157889485359192,3.0197372436523438,2.9293758869171143,1.9893158674240112,0.7321557402610779,-0.03906307741999626,-0.26593443751335144,0.2894894480705261,-0.016772735863924026,0.03728513419628143,-0.3959888517856598,-2.7426435947418213,0.04840650036931038,-0.41845929622650146,0.4156794548034668,0.9057605862617493,-0.5484635829925537,-0.5908269882202148,-0.5917020440101624,-0.8170083165168762,0.5292914509773254,0.2287968248128891,0.1462828516960144,-0.07101249694824219,0.6869223117828369,0.09212493896484375,-0.9039220213890076,-0.417657732963562,-0.14499028027057648,-0.4271482229232788,0.8924809098243713,0.3259755074977875,-0.015689849853515625,-0.031000062823295593,-0.7993403673171997,-0.6008787751197815,-6.250995738810161e-07,0.6008787751197815,-0.7993403673171997,1.950818386831088e-07,0.4810839295387268,-0.04145943745970726,-0.03099997341632843,0.17086708545684814,0.01007973775267601,-0.031000152230262756
196,2.07378888130188,-0.11042578518390656,1.5282351970672607,2.5310068130493164,1.9273778200149536,-1.1802834272384644,-0.03406096622347832,0.7308744788169861,-0.04292754828929901,0.42090898752212524,-0.1595768928527832,0.029718084260821342,-0.2584616541862488,0.0800236240029335,-0.18597643077373505,0.14278103411197662,0.7696414589881897,0.24520137906074524,0.3793645203113556,0.9168307185173035,3.033825159072876,2.929288148880005,2.0020546913146973,0.732289731502533,-0.005176231265068054,-0.2507270574569702,0.312744140625,-0.030769098550081253,0.05897606909275055,-0.4603869318962097,-2.2420520782470703,0.020070303231477737,-0.42121851444244385,0.4346771240234375,0.905422568321228,-0.5558736324310303,-0.5800259709358215,-0.5954616665840149,-0.808150053024292,0.5448383688926697,0.22370678186416626,0.1415543258190155,-0.0740666389465332,0.6906988024711609,0.10891997814178467,-0.8967444896697998,-0.42893558740615845,-0.14035867154598236,-0.44105350971221924,0.8864373564720154,0.3259755074977875,-0.015689849853515625,-0.031000062823295593,-0.7993401288986206,-0.6008788347244263,-6.008090167597402e-07,0.6008788347244263,-0.7993401288986206,1.896359549391491e-07,0.4810838997364044,-0.041459403932094574,-0.03099997714161873,0.17086711525917053,0.010079704225063324,-0.031000148504972458
