step,next_obs_0,next_obs_1,next_obs_2,next_obs_3,next_obs_4,next_obs_5,next_obs_6,next_obs_7,next_obs_8,next_obs_9,next_obs_10,next_obs_11,next_obs_12,next_obs_13,next_obs_14,next_obs_15,next_obs_16,next_obs_17,next_obs_18,next_obs_19,next_obs_20,next_obs_21,next_obs_22,next_obs_23,next_obs_24,next_obs_25,next_obs_26,next_obs_27,next_obs_28,next_obs_29,next_obs_30,next_obs_31,next_obs_32,next_obs_33,next_obs_34,next_obs_35,next_obs_36,next_obs_37,next_obs_38,next_obs_39,next_obs_40,next_obs_41,next_obs_42,next_obs_43,next_obs_44,next_obs_45,next_obs_46,next_obs_47,next_obs_48,next_obs_49,next_obs_50,next_obs_51,next_obs_52,next_obs_53,next_obs_54,next_obs_55,next_obs_56,next_obs_57,next_obs_58,next_obs_59,next_obs_60,next_obs_61,next_obs_62,next_obs_63,next_obs_64
0,0.12851612269878387,-0.3894772231578827,-0.15631705522537231,0.3841524124145508,0.20917145907878876,1.3620811700820923,0.30733612179756165,0.7307480573654175,-0.5284456014633179,0.43690451979637146,-0.4676077961921692,0.3813733458518982,-0.3915928900241852,-0.43973466753959656,-0.20137646794319153,0.3683798909187317,0.19024533033370972,-0.4935285151004791,0.14994531869888306,0.4175812304019928,-0.3587883412837982,1.5539088249206543,-0.14614185690879822,0.7311784625053406,0.0625576451420784,-0.4069749116897583,0.36454519629478455,0.5496834516525269,0.35032570362091064,-0.43646419048309326,0.41019153594970703,-0.03151485696434975,0.09409308433532715,0.41455695033073425,0.024403251707553864,-0.40700793266296387,-0.9131562113761902,-0.022142382338643074,-0.5391677618026733,0.25974178314208984,-0.8011444211006165,0.11807560920715332,-0.44113829731941223,0.08525824546813965,0.6016669869422913,-0.7584272623062134,0.2505694031715393,-0.407085120677948,-0.5610669851303101,-0.7207534909248352,0.33347201347351074,0.004304828587919474,-0.031000033020973206,0.5204274654388428,-0.8539059162139893,-2.1051920384707046e-07,0.8539059162139893,0.5204274654388428,2.2881852856926344e-08,0.3741801381111145,0.15617825090885162,-0.031000006943941116,0.292763888835907,-0.14756859838962555,-0.031000059098005295
1,0.09841981530189514,-0.35957783460617065,-0.18610811233520508,0.4090343415737152,0.1804429441690445,1.3320960998535156,0.3010769784450531,0.73079913854599,-0.49620169401168823,0.42929506301879883,-0.4528949558734894,0.37869322299957275,-0.41574448347091675,-0.4301302433013916,-0.08898913115262985,0.3053463101387024,0.17275699973106384,-0.4911908805370331,0.1725744605064392,0.44906821846961975,-0.3343348205089569,1.5242125988006592,-0.11769377440214157,0.7309719324111938,-0.25895729660987854,0.08292929083108902,0.30990779399871826,0.4448368549346924,0.3424503207206726,-0.420369416475296,0.3978782594203949,0.04926722124218941,0.11311984062194824,0.39879828691482544,0.01938663423061371,-0.4422423839569092,-0.8967093825340271,-0.0182742178440094,-0.5086899399757385,0.26755428314208984,-0.8183209896087646,0.13746380805969238,-0.42660969495773315,0.08411316573619843,0.5690147876739502,-0.7761757969856262,0.27161264419555664,-0.3713870942592621,-0.5372543334960938,-0.7572513222694397,0.33347201347351074,0.004304901696741581,-0.031000033020973206,0.5204273462295532,-0.853905975818634,-2.3387303826893913e-07,0.853905975818634,0.5204273462295532,1.6345583730981161e-07,0.3741801381111145,0.1561783254146576,-0.030999988317489624,0.292763888835907,-0.14756852388381958,-0.031000077724456787
2,0.06851710379123688,-0.32957980036735535,-0.215715691447258,0.43457022309303284,0.15163706243038177,1.3021912574768066,0.28632301092147827,0.7308530807495117,-0.5101910829544067,0.4300512969493866,-0.45599478483200073,0.3912973999977112,-0.4166475236415863,-0.42997145652770996,-0.2074224352836609,0.2091154009103775,0.16116051375865936,-0.4862784445285797,0.18107154965400696,0.47869613766670227,-0.30960172414779663,1.4945290088653564,-0.08862420916557312,0.7308777570724487,-0.15631996095180511,0.042188096791505814,0.11854870617389679,0.47302454710006714,0.3432784676551819,-0.4282931685447693,0.40527448058128357,0.17205695807933807,0.1311485767364502,0.38073447346687317,0.014399677515029907,-0.4700894355773926,-0.8824453353881836,-0.017501626163721085,-0.4781608283519745,0.2712891101837158,-0.8353229761123657,0.15507864952087402,-0.4118059277534485,0.08259321749210358,0.530358076095581,-0.7995837926864624,0.2817554175853729,-0.34139496088027954,-0.5056416988372803,-0.792323112487793,0.33347201347351074,0.004304814152419567,-0.03100002184510231,0.5204275250434875,-0.8539058566093445,-7.711889793426963e-07,0.8539058566093445,0.5204275250434875,6.10760935160215e-07,0.3741801083087921,0.15617823600769043,-0.030999869108200073,0.29276391863822937,-0.14756861329078674,-0.031000174582004547
3,0.0386253222823143,-0.29945188760757446,-0.24549630284309387,0.4625486731529236,0.12373381108045578,1.2723370790481567,0.261527419090271,0.7308799624443054,-0.5235313177108765,0.4275175631046295,-0.4612187445163727,0.43450927734375,-0.40372443199157715,-0.4308912754058838,-0.34780970215797424,0.1805504560470581,0.1524636298418045,-0.48418959975242615,0.18700850009918213,0.5082944631576538,-0.2876768410205841,1.4647647142410278,-0.05906986817717552,0.7308960556983948,-0.10755983740091324,-0.0022201533429324627,0.08942955732345581,0.47364214062690735,0.3045174181461334,-0.42954567074775696,0.41251814365386963,0.14724726974964142,0.14904189109802246,0.36044713854789734,0.009862244129180908,-0.4904392957687378,-0.871218740940094,-0.021152526140213013,-0.4460623860359192,0.27180755138397217,-0.852730393409729,0.17415308952331543,-0.39731380343437195,0.08287021517753601,0.4906007647514343,-0.821533739566803,0.2905052900314331,-0.3055894076824188,-0.47441840171813965,-0.8255558013916016,0.33347201347351074,0.004304932430386543,-0.03100007027387619,0.5204275846481323,-0.8539057970046997,-1.3697525957923062e-07,0.8539057970046997,0.5204275846481323,4.233139634379768e-07,0.3741801083087921,0.15617835521697998,-0.031000006943941116,0.29276391863822937,-0.1475684940814972,-0.031000133603811264
4,0.008645148947834969,-0.2694207727909088,-0.275309294462204,0.4915259778499603,0.09784112125635147,1.2423996925354004,0.23348912596702576,0.7308914065361023,-0.5382144451141357,0.42879313230514526,-0.4640808403491974,0.44397544860839844,-0.37511882185935974,-0.4309585392475128,-0.39269182085990906,0.1855684220790863,0.14011630415916443,-0.4752177298069,0.1913905292749405,0.5379332304000854,-0.2679717242717743,1.4348403215408325,-0.02936648763716221,0.730849027633667,-0.1804315149784088,0.13326191902160645,0.05542025715112686,0.4503365159034729,0.27186042070388794,-0.4287227392196655,0.41417309641838074,0.2116961032152176,0.16600584983825684,0.33830657601356506,0.005674839019775391,-0.5088350772857666,-0.860496461391449,-0.025152534246444702,-0.4132862687110901,0.269809365272522,-0.8697111010551453,0.19244599342346191,-0.38440269231796265,0.08337146043777466,0.447955846786499,-0.844273567199707,0.2941730320453644,-0.27482858300209045,-0.4431333541870117,-0.8532890677452087,0.33347201347351074,0.004304906353354454,-0.031000036746263504,0.5204273462295532,-0.853905975818634,-2.5840563466772437e-07,0.853905975818634,0.5204273462295532,9.554828750424349e-08,0.3741801381111145,0.1561783254146576,-0.03099999949336052,0.292763888835907,-0.14756852388381958,-0.03100007399916649
5,-0.021362634375691414,-0.2394552081823349,-0.3050786256790161,0.5195550918579102,0.07094322890043259,1.2124059200286865,0.20573008060455322,0.7309941053390503,-0.5547877550125122,0.4326076805591583,-0.4661043882369995,0.42276617884635925,-0.38914620876312256,-0.4299345016479492,-0.3886374235153198,0.013880264014005661,0.1376892775297165,-0.44983765482902527,0.20265427231788635,0.56446373462677,-0.23999622464179993,1.4049285650253296,0.00041192088974639773,0.730863094329834,0.03043401427567005,0.4234294891357422,0.19840817153453827,0.37048253417015076,0.40182849764823914,-0.4285537302494049,0.41561374068260193,0.16199617087841034,0.18043828010559082,0.31376442313194275,0.0014064013957977295,-0.525826096534729,-0.8502253293991089,-0.024975746870040894,-0.3828554153442383,0.26279497146606445,-0.8856412768363953,0.20626235008239746,-0.3672063946723938,0.08013179898262024,0.4197831153869629,-0.8616473078727722,0.2852122485637665,-0.25568288564682007,-0.4137789011001587,-0.8737353682518005,0.33347201347351074,0.004304947797209024,-0.031000055372714996,0.5204274654388428,-0.8539059162139893,1.6374717404232797e-07,0.8539059162139893,0.5204274654388428,3.143589708543004e-07,0.3741801381111145,0.15617837011814117,-0.031000036746263504,0.292763888835907,-0.147568479180336,-0.03100007399916649
6,-0.051438067108392715,-0.20960021018981934,-0.3348310589790344,0.5443736910820007,0.04264577850699425,1.182364583015442,0.17919683456420898,0.7310084700584412,-0.5706580281257629,0.4383352994918823,-0.4678656756877899,0.364811509847641,-0.4091516435146332,-0.42747044563293457,-0.37181800603866577,0.0534755177795887,0.15548017621040344,-0.4213310480117798,0.2217106819152832,0.5732684135437012,-0.21052971482276917,1.3748769760131836,0.03017931431531906,0.7309784293174744,0.3639816641807556,0.467949777841568,0.3382588028907776,0.07672913372516632,0.4305814802646637,-0.42125335335731506,0.416390985250473,-0.007167770992964506,0.1908724308013916,0.28748422861099243,-0.003321021795272827,-0.5419117212295532,-0.8402070999145508,-0.019590020179748535,-0.3573443591594696,0.25144994258880615,-0.8994876146316528,0.21184563636779785,-0.34720340371131897,0.07190944254398346,0.4180280566215515,-0.8664645552635193,0.27293163537979126,-0.24414151906967163,-0.39654314517974854,-0.8849565982818604,0.33347201347351074,0.004304905887693167,-0.031000036746263504,0.520427405834198,-0.8539059162139893,-1.391533288597202e-07,0.8539059162139893,0.520427405834198,4.220015910050279e-07,0.3741801381111145,0.1561783254146576,-0.03099997341632843,0.292763888835907,-0.14756852388381958,-0.031000100076198578
7,-0.08143337070941925,-0.17960399389266968,-0.36451226472854614,0.5673229694366455,0.014546975493431091,1.152371883392334,0.15321962535381317,0.7310172915458679,-0.5828601717948914,0.43956807255744934,-0.4658905267715454,0.34039443731307983,-0.4035535156726837,-0.4268271327018738,-0.36308497190475464,0.006208362057805061,0.17805443704128265,-0.3924003839492798,0.24641388654708862,0.5797770619392395,-0.18078483641147614,1.3450723886489868,0.059933532029390335,0.7310071587562561,0.41410893201828003,0.43928343057632446,0.4022769331932068,0.09106072038412094,0.42930281162261963,-0.4238697290420532,0.41649770736694336,-0.010854071006178856,0.19798493385314941,0.260166198015213,-0.008198127150535583,-0.5574462413787842,-0.830142617225647,-0.010808110237121582,-0.33580493927001953,0.23736310005187988,-0.9115337133407593,0.21501898765563965,-0.3254605829715729,0.06312642991542816,0.4246252775192261,-0.8669779300689697,0.2608499825000763,-0.2327514886856079,-0.38296449184417725,-0.8939603567123413,0.33347201347351074,0.004304902628064156,-0.031000033020973206,0.520427405834198,-0.8539059162139893,8.4472173700334e-10,0.8539059162139893,0.520427405834198,6.014441851220909e-07,0.3741801381111145,0.1561783254146576,-0.030999965965747833,0.292763888835907,-0.14756852388381958,-0.031000100076198578
8,-0.11064275354146957,-0.14933772385120392,-0.39382046461105347,0.5930579900741577,-0.010198669508099556,1.1224839687347412,0.12726716697216034,0.7309935688972473,-0.5757015347480774,0.4327493906021118,-0.4560639560222626,0.39861559867858887,-0.35658568143844604,-0.42877891659736633,-0.36334124207496643,0.02793716825544834,0.2030070275068283,-0.3660424053668976,0.274846613407135,0.5839605331420898,-0.15142177045345306,1.3151566982269287,0.08968041837215424,0.7310258746147156,0.4616621732711792,0.40438076853752136,0.45963817834854126,0.04789459705352783,0.425200879573822,-0.4225904047489166,0.4165877103805542,-0.038801342248916626,0.2045276165008545,0.23190200328826904,-0.012179158627986908,-0.5732934474945068,-0.8193486928939819,-0.0015823545400053263,-0.31371134519577026,0.22128522396087646,-0.9233732223510742,0.21604466438293457,-0.3028826415538788,0.05436381697654724,0.4355282783508301,-0.8648855090141296,0.24957644939422607,-0.22026988863945007,-0.3712191581726074,-0.902040958404541,0.33347201347351074,0.0043049585074186325,-0.03100007027387619,0.5204274654388428,-0.8539058566093445,-5.074438718111196e-07,0.8539058566093445,0.5204274654388428,5.513085170605336e-07,0.3741801381111145,0.15617838501930237,-0.03099995106458664,0.292763888835907,-0.1475684642791748,-0.03100018948316574
9,-0.13934174180030823,-0.11956287920475006,-0.4206562936306,0.6197267770767212,-0.030424008145928383,1.0925354957580566,0.09956702589988708,0.7310073375701904,-0.5605112314224243,0.4296092987060547,-0.415603905916214,0.4043475389480591,-0.2915128767490387,-0.42801767587661743,-0.38763853907585144,0.009421098977327347,0.2268839031457901,-0.34382691979408264,0.29977983236312866,0.5944559574127197,-0.12318538874387741,1.2854256629943848,0.11943367123603821,0.7309983968734741,0.41771167516708374,0.3069886863231659,0.38832879066467285,0.18471361696720123,0.40400928258895874,-0.427442342042923,0.4166596233844757,-0.037631016224622726,0.21019768714904785,0.2037048190832138,-0.015415936708450317,-0.5872688293457031,-0.8093622922897339,0.006941170431673527,-0.2917414903640747,0.20367109775543213,-0.9345614314079285,0.2191789150238037,-0.2791537940502167,0.04826849699020386,0.4409399628639221,-0.8655460476875305,0.23749113082885742,-0.20226642489433289,-0.3536238670349121,-0.9132571220397949,0.33347201347351074,0.004304951056838036,-0.03100007027387619,0.5204275846481323,-0.8539057970046997,-6.203084126354952e-07,0.8539057970046997,0.5204275846481323,3.714622209827212e-07,0.3741801083087921,0.15617837011814117,-0.030999962240457535,0.29276391863822937,-0.147568479180336,-0.031000178307294846
10,-0.1727508157491684,-0.0933571308851242,-0.41020268201828003,0.6488093137741089,-0.050361793488264084,1.0628015995025635,0.07197853922843933,0.7311433553695679,-0.30570825934410095,0.3590715825557709,0.19339631497859955,0.46550655364990234,-0.2760472893714905,-0.4311792254447937,-0.3863832354545593,0.004136382602155209,0.2529153823852539,-0.3214383125305176,0.3127550780773163,0.6077839732170105,-0.10364824533462524,1.2555603981018066,0.14918141067028046,0.7309704422950745,0.41165032982826233,0.33640360832214355,0.2028757780790329,0.20091938972473145,0.2787434458732605,-0.42495793104171753,0.41640505194664,0.004837078507989645,0.22032523155212402,0.1795327067375183,-0.01642128825187683,-0.574508547782898,-0.8182608485221863,0.019727354869246483,-0.273634135723114,0.1692942976951599,-0.9468177556991577,0.22391200065612793,-0.25760218501091003,0.04359470307826996,0.44196152687072754,-0.8679910898208618,0.22641003131866455,-0.1833639293909073,-0.3344860076904297,-0.9243899583816528,0.33347201347351074,0.004304937552660704,-0.03100007027387619,0.5204275846481323,-0.8539057970046997,-1.9401885253955697e-07,0.8539057970046997,0.5204275846481323,1.9313924326525012e-07,0.3741801083087921,0.15617835521697998,-0.03100002557039261,0.29276391863822937,-0.1475684940814972,-0.03100011497735977
11,-0.16996926069259644,-0.09071817249059677,-0.38574302196502686,0.6769049167633057,-0.050119947642087936,1.0338612794876099,0.046326979994773865,0.7311151027679443,0.4215429127216339,-0.0688774585723877,0.44047078490257263,0.5017144083976746,0.019921952858567238,-0.4285147786140442,-0.35937198996543884,-0.006398034747689962,0.2527378797531128,-0.3025387227535248,0.30088621377944946,0.619464099407196,-0.12355300784111023,1.2261499166488647,0.1788557916879654,0.7309576272964478,-0.24999630451202393,0.2696070373058319,-0.279996782541275,0.17415250837802887,-0.3004186451435089,-0.41340509057044983,0.4158785939216614,0.06481849402189255,0.24667763710021973,0.17095690965652466,-0.010852903127670288,-0.5333484411239624,-0.8457967042922974,0.012934328988194466,-0.233864426612854,0.13274270296096802,-0.9631649851799011,0.2384340763092041,-0.25615566968917847,0.04189369082450867,0.4168322682380676,-0.8773308396339417,0.237784743309021,-0.16104359924793243,-0.3287339210510254,-0.9305906891822815,0.33347201347351074,0.004304932896047831,-0.03100007027387619,0.5204275846481323,-0.8539057970046997,-1.9117440785976214e-07,0.8539057970046997,0.5204275846481323,2.2571560975848115e-07,0.3741801083087921,0.15617835521697998,-0.03100002557039261,0.29276391863822937,-0.1475684940814972,-0.03100011497735977
12,-0.14102646708488464,-0.06911805272102356,-0.3731738328933716,0.6776519417762756,-0.023341376334428787,1.0037686824798584,0.02921668440103531,0.7310746908187866,0.5890164971351624,0.5020008087158203,0.20499613881111145,-0.1752931773662567,0.3777410686016083,-0.38778457045555115,-0.23962584137916565,-0.01581621542572975,0.2560621201992035,-0.2848433554172516,0.2883181571960449,0.6373311877250671,-0.10810123383998871,1.1967096328735352,0.20864222943782806,0.7307806611061096,0.15222004055976868,0.2424263209104538,-0.13479579985141754,0.30049797892570496,0.2234889268875122,-0.4264783561229706,0.41561266779899597,0.26807358860969543,0.26091933250427246,0.18287526071071625,-0.017189428210258484,-0.5006935596466064,-0.8656227588653564,-0.0018557014409452677,-0.22297883033752441,0.13104617595672607,-0.9659748673439026,0.24935698509216309,-0.24310137331485748,0.040350958704948425,0.37610554695129395,-0.9000731706619263,0.22002935409545898,-0.1501181274652481,-0.2935187816619873,-0.944092869758606,0.33347201347351074,0.004304931033402681,-0.03100007027387619,0.5204275846481323,-0.8539057970046997,-1.8331853368636075e-07,0.8539057970046997,0.5204275846481323,2.537855721129745e-07,0.3741801083087921,0.15617835521697998,-0.03100002184510231,0.29276391863822937,-0.1475684940814972,-0.03100011870265007
13,-0.10635917633771896,-0.04476764053106308,-0.37369605898857117,0.6963406801223755,-0.004748318810015917,0.9925370216369629,0.015020242892205715,0.7310349345207214,0.5444858074188232,0.27173951268196106,0.011045996099710464,0.3809119760990143,0.26384955644607544,-0.1819024235010147,-0.19869482517242432,-0.00963917002081871,0.25050514936447144,-0.26356855034828186,0.2661846876144409,0.6585516929626465,-0.13015027344226837,1.1672214269638062,0.23826666176319122,0.7309797406196594,-0.31381118297576904,0.3155486285686493,-0.4075179100036621,0.3196737766265869,-0.3283236026763916,-0.41794076561927795,0.4145972430706024,0.04915866255760193,0.27452874183654785,0.19010591506958008,-0.019297927618026733,-0.47125041484832764,-0.881949782371521,-0.009366572834551334,-0.217887282371521,0.12670063972473145,-0.9677149653434753,0.2693192958831787,-0.24355550110340118,0.04118061065673828,0.3361893892288208,-0.9142218232154846,0.2262195348739624,-0.12541967630386353,-0.2815210819244385,-0.9513232707977295,0.33347201347351074,0.004304899368435144,-0.031000033020973206,0.520427405834198,-0.8539059162139893,9.188782712499233e-08,0.8539059162139893,0.520427405834198,8.584401030020672e-07,0.3741801381111145,0.1561783254146576,-0.030999943614006042,0.292763888835907,-0.14756852388381958,-0.03100012242794037
14,-0.07135371118783951,-0.04661574214696884,-0.3857216238975525,0.6952874064445496,0.023563334718346596,0.9721634984016418,0.028131505474448204,0.730980634689331,0.5137906670570374,-0.0498327873647213,-0.16461123526096344,-0.04542712867259979,0.4007226824760437,-0.2783413231372833,0.18338795006275177,0.03922139108181,0.2615777850151062,-0.24106813967227936,0.24447138607501984,0.665809690952301,-0.11877010017633438,1.1374962329864502,0.26794591546058655,0.7308446764945984,0.3054913580417633,0.38501617312431335,-0.24274422228336334,0.05287295579910278,0.1699163168668747,-0.4117521345615387,0.4142410159111023,0.2279183268547058,0.2879674434661865,0.20017056167125702,-0.019262045621871948,-0.48056578636169434,-0.8765474557876587,-0.026855235919356346,-0.19157256186008453,0.1348143219947815,-0.9721754789352417,0.2758009433746338,-0.2353714257478714,0.03585994243621826,0.2966262698173523,-0.9320123195648193,0.20824488997459412,-0.1249377578496933,-0.25405728816986084,-0.9590858221054077,0.33347201347351074,0.004304843954741955,-0.03100002557039261,0.5204274654388428,-0.8539059162139893,-6.888438406349451e-07,0.8539059162139893,0.5204274654388428,1.1527994558946375e-07,0.3741801381111145,0.15617826581001282,-0.030999936163425446,0.292763888835907,-0.14756858348846436,-0.03100011497735977
15,-0.04677819833159447,-0.06942485272884369,-0.3820599913597107,0.6897339820861816,0.048614926636219025,0.9802944660186768,0.030860943719744682,0.7310048341751099,0.5279196500778198,-0.41226306557655334,0.09372196346521378,-0.04811842367053032,0.35606804490089417,0.11451618373394012,0.03820721060037613,0.03926536440849304,0.253292441368103,-0.22525089979171753,0.2315226048231125,0.6764541268348694,-0.1341570019721985,1.1122801303863525,0.2973896861076355,0.7309979200363159,-0.3330438435077667,0.1832488626241684,-0.2617902159690857,0.20047080516815186,-0.22960883378982544,-0.3618090748786926,0.4127771258354187,0.00824460294097662,0.295182466506958,0.2167081981897354,-0.013583153486251831,-0.4731476306915283,-0.879440188407898,-0.0521199107170105,-0.17612603306770325,0.15239262580871582,-0.9724999666213989,0.2895205020904541,-0.23748798668384552,0.03487618267536163,0.25798600912094116,-0.9423993229866028,0.21290087699890137,-0.1079082041978836,-0.2470874786376953,-0.9629660248756409,0.33347201347351074,0.004304954782128334,-0.03100007027387619,0.5204274654388428,-0.8539058566093445,-6.234443503672082e-07,0.8539058566093445,0.5204274654388428,7.215704478369389e-09,0.3741801381111145,0.15617838501930237,-0.031000003218650818,0.292763888835907,-0.1475684642791748,-0.031000137329101562
16,-0.007863188162446022,-0.07739444822072983,-0.4066541790962219,0.6649399995803833,0.07720699161291122,0.9700635671615601,0.049689531326293945,0.7309697866439819,0.4371207058429718,0.016339950263500214,-0.37781739234924316,-0.49261048436164856,0.39503687620162964,-0.11638829112052917,0.26376351714134216,0.05408190190792084,0.23866620659828186,-0.21858897805213928,0.22935029864311218,0.6641317009925842,-0.1270340234041214,1.0869709253311157,0.32696956396102905,0.7309486269950867,-0.13600391149520874,0.16255778074264526,-0.0012072821846231818,-0.27277952432632446,0.10672804713249207,-0.33597081899642944,0.4136446416378021,0.07254683971405029,0.2928183078765869,0.23245969414710999,-0.01787915825843811,-0.49497556686401367,-0.8660407066345215,-0.07051819562911987,-0.17320120334625244,0.17786777019500732,-0.9686921238899231,0.29080748558044434,-0.23895657062530518,0.028515979647636414,0.21199387311935425,-0.9550710916519165,0.2071177065372467,-0.11087408661842346,-0.2340712547302246,-0.9658765196800232,0.33347201347351074,0.004304936621338129,-0.031000062823295593,0.520427405834198,-0.8539059162139893,5.933314923822763e-07,0.8539059162139893,0.520427405834198,3.119121174677275e-07,0.3741801381111145,0.15617835521697998,-0.03100009262561798,0.292763888835907,-0.1475684940814972,-0.031000033020973206
17,0.00960781890898943,-0.08611220121383667,-0.43111953139305115,0.6577693223953247,0.06970072537660599,0.9591905474662781,0.06645742803812027,0.7310000658035278,0.07809334248304367,-0.2236953228712082,-0.37319380044937134,0.01454349234700203,-0.1075790673494339,-0.17659230530261993,0.234879270195961,-6.466265767812729e-05,0.22593887150287628,-0.20399370789527893,0.21665045619010925,0.66037517786026,-0.13285718858242035,1.067327857017517,0.3565795421600342,0.731006383895874,-0.37403497099876404,0.21894772350788116,-0.2453208565711975,-0.0377536341547966,-0.09193006157875061,-0.27728018164634705,0.41462239623069763,-0.009750064462423325,0.29362940788269043,0.2291305959224701,-0.017798274755477905,-0.5102406740188599,-0.8573741316795349,-0.06755769997835159,-0.16320140659809113,0.17365038394927979,-0.9711903929710388,0.29491543769836426,-0.24509093165397644,0.023075416684150696,0.16508430242538452,-0.9640148878097534,0.20838068425655365,-0.11491239070892334,-0.22864055633544922,-0.9667050838470459,0.33347201347351074,0.004304957576096058,-0.03100007027387619,0.5204274654388428,-0.8539058566093445,-5.222240133662126e-07,0.8539058566093445,0.5204274654388428,3.4492617828618677e-07,0.3741801381111145,0.15617838501930237,-0.03099997341632843,0.292763888835907,-0.1475684642791748,-0.03100016713142395
18,0.021108467131853104,-0.1068304181098938,-0.45736661553382874,0.6690947413444519,0.04803023859858513,0.9380474090576172,0.0934775173664093,0.7309900522232056,0.07087739557027817,-0.40412789583206177,-0.37970733642578125,0.2826644480228424,-0.3050479292869568,-0.3225060999393463,0.3781062960624695,0.2354809194803238,0.21442505717277527,-0.18508245050907135,0.19424140453338623,0.6486167907714844,-0.12982700765132904,1.050453543663025,0.3853507339954376,0.7309841513633728,-0.26135456562042236,0.3599787950515747,-0.3429270386695862,-0.2574038505554199,0.04254235327243805,-0.21820072829723358,0.4026348292827606,0.0010999813675880432,0.3083956241607666,0.21406355500221252,-0.0090327188372612,-0.5309309959411621,-0.8450193405151367,-0.06367827206850052,-0.11984415352344513,0.1492624282836914,-0.9815081357955933,0.2921297550201416,-0.25379738211631775,0.013561174273490906,0.10759878158569336,-0.9727904796600342,0.205186128616333,-0.13828258216381073,-0.21902191638946533,-0.9658713340759277,0.33347201347351074,0.004304899834096432,-0.031000036746263504,0.520427405834198,-0.853905975818634,-2.884882235321129e-07,0.853905975818634,0.520427405834198,-1.0867787381130256e-07,0.3741801381111145,0.1561783254146576,-0.03100001811981201,0.292763888835907,-0.14756852388381958,-0.031000055372714996
19,0.03667979687452316,-0.12461237609386444,-0.4837944507598877,0.6723999977111816,0.0213222224265337,0.9231985211372375,0.12254203110933304,0.7310510873794556,0.2115374505519867,-0.2269311398267746,-0.37490373849868774,0.0065163420513272285,-0.3760588765144348,-0.19920863211154938,0.4068012535572052,-0.004838595166802406,0.20882558822631836,-0.19067783653736115,0.16590386629104614,0.6443737149238586,-0.11490003019571304,1.042268991470337,0.4133048951625824,0.7307766079902649,-0.1625657081604004,-0.22227568924427032,-0.42922887206077576,0.04383404180407524,0.20215155184268951,-0.13021805882453918,0.391009122133255,0.28721943497657776,0.31563782691955566,0.20227046310901642,-0.003194667398929596,-0.5476624965667725,-0.8348835706710815,-0.055095113813877106,-0.09435363113880157,0.12705326080322266,-0.9873980283737183,0.29439377784729004,-0.2577567994594574,0.013439416885375977,0.037598371505737305,-0.9807924628257751,0.19139647483825684,-0.14342325925827026,-0.19484543800354004,-0.970291256904602,0.33347201347351074,0.004304829053580761,-0.031000033020973206,0.5204273462295532,-0.853905975818634,-1.9328808775753714e-07,0.853905975818634,0.5204273462295532,5.208429598724251e-08,0.3741801381111145,0.15617825090885162,-0.031000006943941116,0.292763888835907,-0.14756859838962555,-0.031000059098005295
20,0.05590248480439186,-0.11910907179117203,-0.5108057856559753,0.682933509349823,-0.006995521951466799,0.9252710342407227,0.15121351182460785,0.7311747670173645,0.25912415981292725,0.1295987069606781,-0.38170909881591797,0.13873213529586792,-0.3982376158237457,0.030608367174863815,0.40136536955833435,-0.014123356901109219,0.1946382075548172,-0.19051752984523773,0.13775058090686798,0.6321477293968201,-0.09573231637477875,1.048767328262329,0.4418613612651825,0.730967104434967,-0.39154863357543945,0.11686833947896957,-0.4525579512119293,-0.3043435215950012,0.26326510310173035,0.12236014753580093,0.3993152379989624,0.23649565875530243,0.3145921230316162,0.191879004240036,-0.0025024712085723877,-0.5616838932037354,-0.8267388939857483,-0.031845126301050186,-0.10133393108844757,0.10694456100463867,-0.9890875816345215,0.2860605716705322,-0.26706093549728394,0.009256675839424133,-0.04108250141143799,-0.9819903373718262,0.18441098928451538,-0.1761404573917389,-0.17455828189849854,-0.9687641859054565,0.33347201347351074,0.004304843954741955,-0.03100002557039261,0.520427405834198,-0.853905975818634,-6.830043162153743e-07,0.853905975818634,0.520427405834198,1.1535895794168027e-07,0.3741801381111145,0.15617826581001282,-0.030999939888715744,0.292763888835907,-0.14756858348846436,-0.031000111252069473
21,0.07378371059894562,-0.10608618706464767,-0.5353811979293823,0.699687123298645,-0.03587314113974571,0.9119805097579956,0.17943209409713745,0.7311647534370422,0.22226934134960175,0.17410728335380554,-0.34605005383491516,0.29147160053253174,-0.40415263175964355,-0.20127321779727936,0.39503365755081177,-0.01650797575712204,0.18417757749557495,-0.204474538564682,0.10742427408695221,0.6221678256988525,-0.07174551486968994,1.0396567583084106,0.4711725413799286,0.7306190133094788,-0.2003585398197174,-0.3246487081050873,-0.44664818048477173,-0.04258901998400688,0.32955402135849,-0.14513379335403442,0.409675270318985,0.4905864894390106,0.3199613094329834,0.17717936635017395,-0.0014558732509613037,-0.5745116472244263,-0.8184688091278076,-0.0067248353734612465,-0.0966416448354721,0.07599014043807983,-0.992414116859436,0.2872645854949951,-0.27058398723602295,0.009752124547958374,-0.12584960460662842,-0.9784806966781616,0.16351626813411713,-0.1785563975572586,-0.13979339599609375,-0.9739483594894409,0.33347201347351074,0.004304846748709679,-0.03100002557039261,0.5204275250434875,-0.8539058566093445,-6.672925678685715e-07,0.8539058566093445,0.5204275250434875,1.4913312895714625e-07,0.3741801083087921,0.15617826581001282,-0.030999936163425446,0.29276391863822937,-0.14756858348846436,-0.03100011497735977
22,0.08647173643112183,-0.11918816715478897,-0.545977771282196,0.7196974754333496,-0.06536975502967834,0.9332363605499268,0.2081226408481598,0.7310793995857239,0.2052803933620453,-0.3023042380809784,-0.13084137439727783,0.3593004047870636,-0.4117871820926666,0.2875368595123291,0.4012817442417145,0.1628483235836029,0.18368849158287048,-0.2020600140094757,0.07721354812383652,0.60560542345047,-0.04347822815179825,1.0260307788848877,0.4919802248477936,0.7309228777885437,-0.047620613127946854,0.17590776085853577,-0.4355807602405548,-0.36381345987319946,0.39776861667633057,-0.1659410148859024,0.2911123037338257,0.16540279984474182,0.3232133388519287,0.16972334682941437,0.008169814944267273,-0.5799530744552612,-0.8145992755889893,0.00908124540001154,-0.09495683014392853,0.05652451515197754,-0.9938753247261047,0.28171467781066895,-0.2711440920829773,0.003593526780605316,-0.19190919399261475,-0.9707587957382202,0.14421524107456207,-0.1959993839263916,-0.10607588291168213,-0.9748497605323792,0.33347201347351074,0.004304845817387104,-0.03100002557039261,0.520427405834198,-0.853905975818634,-6.661367706328747e-07,0.853905975818634,0.520427405834198,1.820692148157832e-07,0.3741801381111145,0.15617826581001282,-0.030999932438135147,0.292763888835907,-0.14756858348846436,-0.03100011870265007
23,0.08146249502897263,-0.1301153153181076,-0.5365437269210815,0.7307683825492859,-0.09481428563594818,0.9428554773330688,0.23600465059280396,0.7311612963676453,-0.06185176223516464,-0.13917870819568634,0.13376127183437347,0.13969317078590393,-0.4112563133239746,0.13721758127212524,0.3900933265686035,-0.019059911370277405,0.17675955593585968,-0.22013521194458008,0.048563458025455475,0.5997216105461121,-0.015685828402638435,1.0050100088119507,0.5025796294212341,0.7304911017417908,-0.2371135801076889,-0.4443434774875641,-0.45122483372688293,0.07693886756896973,0.37584516406059265,-0.32301875948905945,0.1475757360458374,0.6483522653579712,0.3258216381072998,0.16266103088855743,0.015166103839874268,-0.5834611654281616,-0.8116829991340637,0.027270883321762085,-0.09237682819366455,0.032967209815979004,-0.9951781630516052,0.2906768321990967,-0.27006298303604126,0.006854936480522156,-0.2569868564605713,-0.9603402614593506,0.10818761587142944,-0.17440643906593323,-0.06402313709259033,-0.9825901985168457,0.33347201347351074,0.004304950125515461,-0.03100007027387619,0.5204276442527771,-0.8539057374000549,-6.543441486428492e-07,0.8539057374000549,0.5204276442527771,2.4279452759401465e-07,0.3741800785064697,0.15617837011814117,-0.03099997341632843,0.29276394844055176,-0.147568479180336,-0.03100016713142395
24,0.06902056187391281,-0.1264689415693283,-0.5268493890762329,0.7294842004776001,-0.12451513856649399,0.9649419188499451,0.264599472284317,0.7312952280044556,-0.23742501437664032,0.13824677467346191,0.10824774205684662,-0.11214976757764816,-0.41822895407676697,0.33083921670913696,0.40045371651649475,-0.03532518073916435,0.16349926590919495,-0.2219001054763794,0.019216319546103477,0.5878702402114868,0.013546193018555641,0.986565113067627,0.5049721598625183,0.7307509779930115,-0.31118667125701904,0.11805585026741028,-0.45500117540359497,-0.303815633058548,0.404382586479187,-0.22980897128582,0.033189475536346436,0.316158652305603,0.3131849765777588,0.15762542188167572,0.01322963833808899,-0.5914537906646729,-0.8040485382080078,0.06073278933763504,-0.12631957232952118,0.01800358295440674,-0.9918261766433716,0.29204630851745605,-0.27269938588142395,0.003828883171081543,-0.3184816837310791,-0.9445286989212036,0.08021870255470276,-0.17424383759498596,-0.024851560592651367,-0.9843889474868774,0.33347201347351074,0.004304933361709118,-0.03100007027387619,0.5204276442527771,-0.8539057970046997,-1.320446330055347e-07,0.8539057970046997,0.5204276442527771,4.236010511249333e-07,0.3741800785064697,0.15617835521697998,-0.031000006943941116,0.29276391863822937,-0.1475684940814972,-0.031000133603811264
25,0.05006289482116699,-0.1374742090702057,-0.5041524171829224,0.7405962347984314,-0.1544574350118637,0.9836180806159973,0.2936072051525116,0.7311040163040161,-0.2125200629234314,-0.30207589268684387,0.3504737317562103,0.3040260374546051,-0.41589638590812683,0.23209647834300995,0.4058857560157776,-0.008176024071872234,0.16775712370872498,-0.22476151585578918,-0.011607056483626366,0.5895958542823792,0.043132103979587555,0.9685402512550354,0.5034186840057373,0.7305812835693359,0.09623362123966217,-0.1426774114370346,-0.42004522681236267,0.1434895098209381,0.41167256236076355,-0.2763393223285675,-0.022308694198727608,0.523833692073822,0.3124973773956299,0.1503199338912964,0.020658724009990692,-0.5966670513153076,-0.7980871200561523,0.0839386060833931,-0.1314149647951126,-0.006012082099914551,-0.9913092851638794,0.30054163932800293,-0.2694724500179291,0.005692034959793091,-0.36177313327789307,-0.9312001466751099,0.04457296058535576,-0.15712745487689972,0.013777375221252441,-0.9874822497367859,0.33347201347351074,0.00430493475869298,-0.03100007027387619,0.5204275846481323,-0.8539057970046997,-1.2031765095343872e-07,0.8539057970046997,0.5204275846481323,4.636616779407632e-07,0.3741801083087921,0.15617835521697998,-0.031000003218650818,0.29276391863822937,-0.1475684940814972,-0.031000137329101562
26,0.03169681504368782,-0.12733754515647888,-0.48476824164390564,0.7445936799049377,-0.18422551453113556,1.0032038688659668,0.3221450746059418,0.731377124786377,-0.2784747779369354,0.3038389980792999,0.24940267205238342,-0.08288108557462692,-0.41888147592544556,0.3021235167980194,0.3997044265270233,-0.04613620415329933,0.17071640491485596,-0.22495037317276,-0.03957274183630943,0.5961747169494629,0.07277572900056839,0.9530317187309265,0.4921185374259949,0.7306769490242004,-0.05609611049294472,0.019360804930329323,-0.4271361231803894,0.08358500897884369,0.4093097448348999,-0.21535420417785645,-0.15827929973602295,0.4052571654319763,0.30238890647888184,0.14368568360805511,0.019500046968460083,-0.600806474685669,-0.7899965643882751,0.1222168505191803,-0.1642913818359375,-0.02759706974029541,-0.9860256910324097,0.3104836940765381,-0.26645928621292114,0.008652903139591217,-0.393886923789978,-0.9191216230392456,0.008272618986666203,-0.1380489021539688,0.05025756359100342,-0.9891494512557983,0.33347201347351074,0.004304932430386543,-0.03100007027387619,0.5204275846481323,-0.8539057970046997,-1.180685984536467e-07,0.8539057970046997,0.5204275846481323,4.89649323753838e-07,0.3741801083087921,0.15617835521697998,-0.031000003218650818,0.29276391863822937,-0.1475684940814972,-0.031000137329101562
27,0.016677483916282654,-0.12265462428331375,-0.45815330743789673,0.7627776861190796,-0.21424752473831177,1.028894305229187,0.35143736004829407,0.7312148809432983,-0.0947229191660881,-0.049478013068437576,0.41947272419929504,0.3911049962043762,-0.41560423374176025,0.331876665353775,0.41017982363700867,-0.014525240287184715,0.18771874904632568,-0.23562458157539368,-0.06974536180496216,0.5947139859199524,0.10225701332092285,0.9527927041053772,0.4838677644729614,0.7307158708572388,0.2903600335121155,-0.19191910326480865,-0.40540751814842224,-0.017545638605952263,0.4136253595352173,0.0005237339646555483,-0.11579868197441101,0.3556169867515564,0.30025410652160645,0.13686873018741608,0.025144100189208984,-0.5991436243057251,-0.7849887609481812,0.15754254162311554,-0.18414591252803802,-0.05638754367828369,-0.9812802672386169,0.3124539852142334,-0.2605538070201874,0.012218914926052094,-0.4159822463989258,-0.9090961217880249,-0.02243053913116455,-0.13083812594413757,0.08424150943756104,-0.9878182411193848,0.33347201347351074,0.004304827190935612,-0.031000033020973206,0.520427405834198,-0.8539059162139893,-2.4861216729732405e-07,0.8539059162139893,0.520427405834198,-7.555704684136799e-08,0.3741801381111145,0.15617825090885162,-0.031000014394521713,0.292763888835907,-0.14756859838962555,-0.031000051647424698
28,0.02526804618537426,-0.11285088956356049,-0.4324289858341217,0.7855951189994812,-0.24373218417167664,1.0544644594192505,0.3802565336227417,0.7313522696495056,0.39045989513397217,0.1846780776977539,0.43114402890205383,0.3204725980758667,-0.40858346223831177,0.35009241104125977,0.40339329838752747,-0.040653057396411896,0.20159487426280975,-0.24417713284492493,-0.09707631170749664,0.5987064242362976,0.12980036437511444,0.9621132016181946,0.47686296701431274,0.7307592630386353,0.12641604244709015,-0.13755404949188232,-0.4086001217365265,0.0748726949095726,0.38060662150382996,0.12877465784549713,-0.0981009304523468,0.29991069436073303,0.303821325302124,0.13570474088191986,0.031139656901359558,-0.5796618461608887,-0.79127037525177,0.19463711977005005,-0.20187291502952576,-0.09196555614471436,-0.9750844240188599,0.3135535717010498,-0.2552207410335541,0.01686737686395645,-0.4370642900466919,-0.8981020450592041,-0.04886392503976822,-0.12864117324352264,0.1161879301071167,-0.9848613142967224,0.3336975574493408,0.003943758085370064,-0.031000055372714996,0.5192725658416748,-0.8546087145805359,-4.3569070840021595e-07,0.8546087145805359,0.5192725658416748,3.999857369763049e-07,0.374610960483551,0.15576201677322388,-0.030999962240457535,0.2927841544151306,-0.14787450432777405,-0.031000148504972458
29,0.045635756105184555,-0.11168953776359558,-0.4064957797527313,0.8098817467689514,-0.2700325846672058,1.0607389211654663,0.4087189733982086,0.7311686873435974,0.46451032161712646,-0.08710823953151703,0.41933944821357727,0.4704511761665344,-0.36534711718559265,0.05017804726958275,0.3983529806137085,-0.033915385603904724,0.2216620296239853,-0.26173636317253113,-0.12305662035942078,0.5926285982131958,0.1531030684709549,0.9690143465995789,0.4703099727630615,0.7308567762374878,0.32100412249565125,-0.2788870334625244,-0.3498207628726959,-0.0952971875667572,0.3247565031051636,0.10303705185651779,-0.0921548381447792,0.21093526482582092,0.32018065452575684,0.13754360377788544,0.04069031774997711,-0.5560343265533447,-0.8024992942810059,0.21638065576553345,-0.18686696887016296,-0.13297021389007568,-0.9733445048332214,0.3118746280670166,-0.24853016436100006,0.02113264799118042,-0.4485832452774048,-0.8906620740890503,-0.0741242915391922,-0.12545281648635864,0.14486581087112427,-0.9814660549163818,0.3350698947906494,0.0030333600006997585,-0.03099994733929634,0.5093837976455688,-0.8605394959449768,-1.6287076505250297e-06,0.8605394959449768,0.5093837976455688,4.6938657760620117e-07,0.3777311444282532,0.1543697565793991,-0.030999716371297836,0.29240864515304565,-0.1483030468225479,-0.031000178307294846
30,0.071250319480896,-0.11862727999687195,-0.38399556279182434,0.832417905330658,-0.28248944878578186,1.0682965517044067,0.43729960918426514,0.7310868501663208,0.5345779657363892,-0.13311733305454254,0.3622604310512543,0.341891884803772,-0.1665019989013672,0.09820770472288132,0.40056782960891724,-0.01312236301600933,0.24580048024654388,-0.2591690719127655,-0.1375592052936554,0.5732690095901489,0.17941048741340637,0.9534719586372375,0.45702794194221497,0.7310144305229187,0.43722406029701233,0.16235271096229553,-0.16765522956848145,-0.3849684000015259,0.37318024039268494,-0.19696448743343353,-0.18611350655555725,0.0009433622471988201,0.3381483554840088,0.1456715166568756,0.051823318004608154,-0.5405185222625732,-0.8113455772399902,0.22261643409729004,-0.16151802241802216,-0.15960848331451416,-0.9738773107528687,0.30554699897766113,-0.23884479701519012,0.015259794890880585,-0.4458223581314087,-0.8905611038208008,-0.09024166315793991,-0.13375893235206604,0.16596323251724243,-0.9770183563232422,0.3350698947906494,0.003033447079360485,-0.031000036746263504,0.5093839168548584,-0.8605393767356873,-1.3991410696689854e-08,0.8605393767356873,0.5093839168548584,6.400404117812286e-07,0.3777311146259308,0.15436984598636627,-0.030999962240457535,0.29240867495536804,-0.14830295741558075,-0.031000111252069473
31,0.10089297592639923,-0.10304387658834457,-0.3716585040092468,0.8394414782524109,-0.2945815920829773,1.0945276021957397,0.4651261270046234,0.7314016819000244,0.5263830423355103,0.3979819118976593,0.18693681061267853,-0.05154586210846901,-0.1640048772096634,0.394648939371109,0.3897814154624939,-0.06795832514762878,0.272246390581131,-0.2723705768585205,-0.1534993052482605,0.5776375532150269,0.2026791125535965,0.9530565142631531,0.438088983297348,0.7306572198867798,0.3542432188987732,-0.3640008270740509,-0.22405920922756195,0.23600861430168152,0.3248645067214966,-0.03740917891263962,-0.26552292704582214,0.44075632095336914,0.335374116897583,0.15570729970932007,0.049811869859695435,-0.5192474126815796,-0.8164272308349609,0.25264352560043335,-0.18979090452194214,-0.1780794858932495,-0.9655397534370422,0.30998826026916504,-0.22742003202438354,0.022156693041324615,-0.43172192573547363,-0.8936814069747925,-0.12226888537406921,-0.11945661902427673,0.19100511074066162,-0.9742931127548218,0.3350698947906494,0.0030334757175296545,-0.03100007027387619,0.5093839168548584,-0.860539436340332,-5.599834480563004e-07,0.860539436340332,0.5093839168548584,1.7616204672776803e-07,0.3777311444282532,0.15436989068984985,-0.030999988317489624,0.29240864515304565,-0.14830294251441956,-0.031000152230262756
32,0.1379966288805008,-0.07357314229011536,-0.3848060369491577,0.8568900227546692,-0.29892125725746155,1.121382713317871,0.4889003336429596,0.7312750816345215,0.4922657310962677,0.43088841438293457,-0.18999476730823517,0.2764061689376831,-0.061631761491298676,0.36837947368621826,0.3335990607738495,-0.05299132317304611,0.298155277967453,-0.27665114402770996,-0.16479451954364777,0.5890860557556152,0.20904813706874847,0.9342524409294128,0.41654548048973083,0.7309837341308594,0.4255512058734894,-0.019699297845363617,-0.1318587064743042,0.15659555792808533,0.08865869045257568,-0.2641505002975464,-0.30187952518463135,0.06278672814369202,0.3313562870025635,0.1602422297000885,0.04648974537849426,-0.5117069482803345,-0.8117659091949463,0.28141123056411743,-0.22400882840156555,-0.19015562534332275,-0.9558561444282532,0.32247281074523926,-0.2195882946252823,0.028674572706222534,-0.40190184116363525,-0.9035246968269348,-0.14872118830680847,-0.08935338258743286,0.20033788681030273,-0.9756437540054321,0.3350698947906494,0.003033449873328209,-0.031000036746263504,0.5093837976455688,-0.8605394959449768,-5.9083156145334215e-08,0.8605394959449768,0.5093837976455688,5.564731964113889e-07,0.3777311444282532,0.15436984598636627,-0.030999965965747833,0.29240864515304565,-0.14830295741558075,-0.031000107526779175
33,0.16871964931488037,-0.04394630342721939,-0.40209150314331055,0.8806620836257935,-0.3076860308647156,1.1477775573730469,0.5139772891998291,0.731284499168396,0.4645862877368927,0.4518872797489166,-0.23426197469234467,0.3367577791213989,-0.12277636677026749,0.3669039011001587,0.3515006899833679,-0.03462691977620125,0.32494795322418213,-0.27831175923347473,-0.17997987568378448,0.5821915864944458,0.19234752655029297,0.9310616254806519,0.3923552334308624,0.7311473488807678,0.3688957989215851,0.030004393309354782,-0.21869222819805145,-0.18321532011032104,-0.23480825126171112,-0.025717707350850105,-0.3384464681148529,-0.021224334836006165,0.3288123607635498,0.1588313728570938,0.04594378173351288,-0.5123389959335327,-0.7998447418212891,0.31266146898269653,-0.2534811198711395,-0.20700931549072266,-0.9449309706687927,0.31877732276916504,-0.21920651197433472,0.02606780081987381,-0.35899972915649414,-0.9221620559692383,-0.14400120079517365,-0.09480680525302887,0.18951821327209473,-0.9772894382476807,0.3350698947906494,0.0030333648901432753,-0.03100002557039261,0.509384036064148,-0.8605393767356873,-4.6131447106745327e-07,0.8605393767356873,0.509384036064148,6.07816105002712e-07,0.3777311146259308,0.1543697863817215,-0.030999906361103058,0.29240867495536804,-0.1483030468225479,-0.03100014477968216
34,0.2001020759344101,-0.01540322881191969,-0.42609739303588867,0.8995682597160339,-0.29322439432144165,1.1757805347442627,0.5350387096405029,0.7311751246452332,0.4573240578174591,0.45619624853134155,-0.3342962861061096,0.22732451558113098,0.20566906034946442,0.3985717296600342,0.29473596811294556,-0.012639962136745453,0.35300204157829285,-0.2780846655368805,-0.19607822597026825,0.5763009190559387,0.18716447055339813,0.917317271232605,0.3665827512741089,0.731025755405426,0.43100297451019287,-0.013733378611505032,-0.20893976092338562,-0.055430345237255096,-0.07056158035993576,-0.19882969558238983,-0.36082735657691956,0.007179267704486847,0.32283663749694824,0.16295143961906433,0.04305142164230347,-0.5245809555053711,-0.7847914695739746,0.33002594113349915,-0.2875804901123047,-0.20151770114898682,-0.936316192150116,0.31904053688049316,-0.21583211421966553,0.024196632206439972,-0.32122063636779785,-0.9350556135177612,-0.14996077120304108,-0.09075785428285599,0.1880202293395996,-0.977962851524353,0.3350698947906494,0.0030334789771586657,-0.03100007027387619,0.509384036064148,-0.8605393767356873,-5.675555598827486e-07,0.8605393767356873,0.509384036064148,2.1533658411954093e-07,0.3777311146259308,0.15436989068984985,-0.030999984592199326,0.29240867495536804,-0.14830294251441956,-0.031000155955553055
35,0.23092018067836761,0.012712624855339527,-0.4533658027648926,0.9106865525245667,-0.2710672616958618,1.2038061618804932,0.5581273436546326,0.7311618328094482,0.44649365544319153,0.45824459195137024,-0.37942594289779663,0.10658647119998932,0.3139685094356537,0.4004570543766022,0.3234003186225891,-0.012319596484303474,0.38028204441070557,-0.2721419930458069,-0.21216724812984467,0.567779004573822,0.1730315238237381,0.9022507071495056,0.3405098617076874,0.7311239242553711,0.39739444851875305,0.14184734225273132,-0.22166749835014343,-0.1731211394071579,-0.1981167495250702,-0.20114260911941528,-0.36460569500923157,-0.004603241104632616,0.3125631809234619,0.16904328763484955,0.0380837619304657,-0.5418107509613037,-0.7655849456787109,0.34687280654907227,-0.32805943489074707,-0.18733620643615723,-0.9258953332901001,0.317213773727417,-0.21550628542900085,0.019096791744232178,-0.2784789800643921,-0.9493474960327148,-0.14556334912776947,-0.0926579013466835,0.1774073839187622,-0.9797658920288086,0.3350698947906494,0.0030333860777318478,-0.03100002557039261,0.509384036064148,-0.8605393767356873,-6.346501209009148e-07,0.8605393767356873,0.509384036064148,5.795404831587803e-07,0.3777311146259308,0.1543698012828827,-0.030999891459941864,0.29240867495536804,-0.14830303192138672,-0.031000159680843353
36,0.260806143283844,0.04036916047334671,-0.4816366732120514,0.9106875658035278,-0.24252691864967346,1.23090660572052,0.5769522190093994,0.731184184551239,0.4375547468662262,0.4718284606933594,-0.39093977212905884,-0.07802359759807587,0.4028979241847992,0.3940795063972473,0.26339495182037354,-0.02253865823149681,0.4074779748916626,-0.2714724838733673,-0.2233363837003708,0.5732378959655762,0.16858850419521332,0.8839002847671509,0.3148678243160248,0.7310093641281128,0.4358239769935608,-0.06989062577486038,-0.12817560136318207,0.17866992950439453,-0.05842297524213791,-0.2781875729560852,-0.35920676589012146,-0.013605594635009766,0.2969658374786377,0.1777116060256958,0.030684053897857666,-0.5556848049163818,-0.7471632361412048,0.3646390736103058,-0.37608641386032104,-0.16524779796600342,-0.9117304086685181,0.32480788230895996,-0.20993275940418243,0.021493539214134216,-0.23540151119232178,-0.9593027234077454,-0.15596328675746918,-0.07352346926927567,0.17759013175964355,-0.9813542366027832,0.3350698947906494,0.0030334768816828728,-0.03100007027387619,0.509384036064148,-0.8605393767356873,-5.785558414572733e-07,0.8605393767356873,0.509384036064148,1.3684133648439456e-07,0.3777311146259308,0.15436989068984985,-0.030999992042779922,0.29240867495536804,-0.14830294251441956,-0.031000148504972458
37,0.2901425361633301,0.06732522696256638,-0.5090201497077942,0.9025067687034607,-0.2132941484451294,1.2578893899917603,0.597094714641571,0.7312101125717163,0.4387231171131134,0.4546118974685669,-0.37431082129478455,-0.1889593005180359,0.4119317829608917,0.39259424805641174,0.281267911195755,0.07829390466213226,0.4355207681655884,-0.267333984375,-0.23552311956882477,0.5673942565917969,0.16470937430858612,0.8645730018615723,0.2901838719844818,0.7310750484466553,0.42864879965782166,0.14160360395908356,-0.1619892567396164,-0.17488911747932434,-0.0539524219930172,-0.25188639760017395,-0.3454754948616028,-0.011451860889792442,0.27748847007751465,0.1875668317079544,0.02274363487958908,-0.566374659538269,-0.7273727655410767,0.38749006390571594,-0.4288325607776642,-0.14140915870666504,-0.89224773645401,0.3257572650909424,-0.20529431104660034,0.01872272789478302,-0.19480550289154053,-0.9677891731262207,-0.15948350727558136,-0.06762335449457169,0.17546355724334717,-0.9821606874465942,0.3350698947906494,0.0030334489420056343,-0.031000036746263504,0.5093839168548584,-0.8605393767356873,4.1280003415522515e-08,0.8605393767356873,0.5093839168548584,8.719100037524186e-07,0.3777311146259308,0.15436984598636627,-0.030999943614006042,0.29240867495536804,-0.14830295741558075,-0.031000129878520966
38,0.3183452785015106,0.09530436992645264,-0.5329153537750244,0.8861363530158997,-0.1840575635433197,1.2862366437911987,0.621296763420105,0.7313033938407898,0.4425831437110901,0.49297723174095154,-0.3169754147529602,-0.3289276659488678,0.4124217927455902,0.4169149398803711,0.33793744444847107,0.0432128943502903,0.4623511731624603,-0.2548796236515045,-0.2529633045196533,0.5680474638938904,0.1857108622789383,0.8464295864105225,0.2623577415943146,0.7309282422065735,0.3788117468357086,0.17745396494865417,-0.24339748919010162,0.03891568258404732,0.2942739427089691,-0.2614874243736267,-0.3893337547779083,0.100614994764328,0.253340482711792,0.19883568584918976,0.014632448554039001,-0.5721836090087891,-0.7051565051078796,0.41876035928726196,-0.48827657103538513,-0.11734282970428467,-0.8647639751434326,0.327927827835083,-0.1971231997013092,0.01642771065235138,-0.17485451698303223,-0.9685200452804565,-0.17718560993671417,-0.06513188034296036,0.19094175100326538,-0.9794381260871887,0.3350698947906494,0.0030333891045302153,-0.03100002557039261,0.5093839168548584,-0.8605393767356873,-7.397623562610534e-07,0.8605393767356873,0.5093839168548584,2.798730918129877e-07,0.3777311146259308,0.1543697863817215,-0.030999913811683655,0.29240867495536804,-0.14830301702022552,-0.031000137329101562
39,0.34865620732307434,0.12468551099300385,-0.5589322447776794,0.8719587922096252,-0.15495260059833527,1.3154164552688599,0.6433266401290894,0.7312908172607422,0.44580063223838806,0.4752849042415619,-0.353180468082428,-0.253398060798645,0.41024813055992126,0.41917315125465393,0.308795303106308,-0.03298672288656235,0.4821256101131439,-0.23199591040611267,-0.27453622221946716,0.5843107104301453,0.2122596800327301,0.8324655890464783,0.2334030270576477,0.7308794260025024,0.23438198864459991,0.34924086928367615,-0.31829026341438293,0.2605397701263428,0.36799249053001404,-0.2049185037612915,-0.4047616124153137,0.1497809886932373,0.22989249229431152,0.20946316421031952,0.008905395865440369,-0.5736566781997681,-0.6825186014175415,0.45286470651626587,-0.5448406338691711,-0.09487652778625488,-0.8331549167633057,0.3360168933868408,-0.19129690527915955,0.01614166796207428,-0.16862404346466064,-0.9658105373382568,-0.19691607356071472,-0.059011198580265045,0.20931017398834229,-0.976067066192627,0.3350698947906494,0.0030333634931594133,-0.03100002557039261,0.5093839168548584,-0.8605393767356873,-5.151573532202747e-07,0.8605393767356873,0.5093839168548584,3.3304979751846986e-07,0.3777311146259308,0.1543697714805603,-0.030999932438135147,0.29240867495536804,-0.14830303192138672,-0.03100011870265007
40,0.3787502944469452,0.15394262969493866,-0.5868663787841797,0.8615018725395203,-0.12564289569854736,1.343809962272644,0.6552033424377441,0.7312673926353455,0.43639662861824036,0.46974438428878784,-0.38147294521331787,-0.19573284685611725,0.41331416368484497,0.40637364983558655,0.16761168837547302,-0.03197164461016655,0.4897274374961853,-0.20447032153606415,-0.2969193458557129,0.6099885106086731,0.2409016638994217,0.8151552677154541,0.2039663940668106,0.7308207750320435,0.012887452729046345,0.3931160569190979,-0.34499892592430115,0.41245728731155396,0.3974129855632782,-0.25794288516044617,-0.4115237891674042,0.22625817358493805,0.20891404151916504,0.21898429095745087,0.005593985319137573,-0.5698899030685425,-0.6644810438156128,0.48341551423072815,-0.5945947170257568,-0.07259416580200195,-0.8007417321205139,0.35152697563171387,-0.18974702060222626,0.01784658432006836,-0.1755673885345459,-0.9600332975387573,-0.21797266602516174,-0.040710899978876114,0.22830241918563843,-0.9727387428283691,0.3350698947906494,0.003033448476344347,-0.031000036746263504,0.5093839168548584,-0.8605393767356873,-4.328755665028439e-08,0.8605393767356873,0.5093839168548584,5.593938681158761e-07,0.3777311146259308,0.15436984598636627,-0.03099996969103813,0.29240867495536804,-0.14830295741558075,-0.031000103801488876
41,0.40767550468444824,0.18334002792835236,-0.6156517267227173,0.8461080193519592,-0.09677426517009735,1.3686879873275757,0.6415241956710815,0.7312838435173035,0.4055316746234894,0.4936509132385254,-0.39087939262390137,-0.29736414551734924,0.4071773588657379,0.36298608779907227,-0.19110706448554993,-0.031573258340358734,0.47888705134391785,-0.1776629388332367,-0.31085634231567383,0.6370967626571655,0.2694779932498932,0.8007907271385193,0.17438405752182007,0.7308401465415955,-0.2572450637817383,0.3884574770927429,-0.22857899963855743,0.40768977999687195,0.3960602581501007,-0.2107846885919571,-0.4134407341480255,0.20276764035224915,0.18675017356872559,0.22799398005008698,0.002774834632873535,-0.5510308742523193,-0.6637712717056274,0.5057399272918701,-0.6423206329345703,-0.049518704414367676,-0.7648348212242126,0.36881089210510254,-0.1930934488773346,0.02015070617198944,-0.19114089012145996,-0.9526728391647339,-0.23638832569122314,-0.01869329810142517,0.24431800842285156,-0.9695149660110474,0.3350698947906494,0.0030333648901432753,-0.03100002557039261,0.5093839168548584,-0.8605393767356873,-5.589781153503282e-07,0.8605393767356873,0.5093839168548584,2.5385912749698036e-07,0.3777311146259308,0.1543697714805603,-0.030999936163425446,0.29240867495536804,-0.14830303192138672,-0.03100011497735977
42,0.4169875681400299,0.21557216346263885,-0.6422468423843384,0.842860996723175,-0.07050532102584839,1.3476523160934448,0.636929452419281,0.7309994101524353,-0.01668032631278038,0.4566420018672943,-0.42326095700263977,-0.0074013168923556805,0.3598206341266632,-0.31165221333503723,-0.06378766149282455,0.009205465205013752,0.46333828568458557,-0.15486237406730652,-0.3193801939487457,0.6548540592193604,0.29861506819725037,0.787521481513977,0.1446797400712967,0.7308685183525085,-0.26467981934547424,0.347891241312027,-0.13444940745830536,0.23574189841747284,0.40478962659835815,-0.18534578382968903,-0.4151743948459625,0.16221360862255096,0.18411564826965332,0.22776363790035248,-0.006061524152755737,-0.5686147212982178,-0.6461270451545715,0.5091143250465393,-0.6469710469245911,-0.030968546867370605,-0.7618855834007263,0.3817112445831299,-0.19756503403186798,0.020346879959106445,-0.20671916007995605,-0.9453347325325012,-0.25220927596092224,-0.0016800165176391602,0.25811970233917236,-0.9661115407943726,0.3350698947906494,0.0030334496404975653,-0.031000036746263504,0.5093839168548584,-0.8605393767356873,4.632718741959252e-08,0.8605393767356873,0.5093839168548584,8.478358495267457e-07,0.3777311146259308,0.15436984598636627,-0.030999943614006042,0.29240867495536804,-0.14830295741558075,-0.031000129878520966
43,0.4228176772594452,0.24293723702430725,-0.6700174808502197,0.8452743291854858,-0.04857804998755455,1.3296629190444946,0.6421313285827637,0.730991542339325,0.060709599405527115,0.4095149636268616,-0.3951738774776459,0.026203341782093048,0.30475330352783203,-0.2525244951248169,0.0729072242975235,-0.013280821032822132,0.452955961227417,-0.1409812718629837,-0.3216577470302582,0.6708030700683594,0.32802486419677734,0.782988965511322,0.11497314274311066,0.7308281660079956,-0.1067807525396347,0.1667523980140686,-0.018236884847283363,0.2571682333946228,0.41162580251693726,-0.06885020434856415,-0.4156242311000824,0.21101520955562592,0.18423914909362793,0.2246474027633667,-0.01267462968826294,-0.5945980548858643,-0.6177448034286499,0.5146305561065674,-0.645716667175293,-0.014484167098999023,-0.7634397149085999,0.39112401008605957,-0.1972368359565735,0.022868633270263672,-0.20968544483184814,-0.9396449327468872,-0.2703689634799957,0.011119098402559757,0.27420681715011597,-0.961606502532959,0.3350698947906494,0.0030334482435137033,-0.031000036746263504,0.5093839168548584,-0.8605393767356873,-2.990410052916559e-08,0.8605393767356873,0.5093839168548584,6.100663085817359e-07,0.3777311146259308,0.15436984598636627,-0.030999962240457535,0.29240867495536804,-0.14830295741558075,-0.031000111252069473
44,0.4183403551578522,0.256862610578537,-0.6900030374526978,0.8578112125396729,-0.04258095473051071,1.3056546449661255,0.6556277871131897,0.7308248281478882,-0.16321387887001038,0.12403364479541779,-0.33750399947166443,0.25425398349761963,0.07238709926605225,-0.3502885103225708,0.1870996356010437,0.28309476375579834,0.4515886604785919,-0.1508878916501999,-0.32836368680000305,0.6824731826782227,0.35766902565956116,0.7966805100440979,0.08522573113441467,0.7307235598564148,-0.05525297299027443,-0.23870213329792023,-0.10063524544239044,0.215971440076828,0.4138149917125702,0.18519559502601624,-0.4157247543334961,0.335897296667099,0.1937878131866455,0.21530628204345703,-0.01674988865852356,-0.6276869773864746,-0.585861086845398,0.5126165747642517,-0.625923752784729,-0.011696338653564453,-0.7797965407371521,0.396129846572876,-0.19172212481498718,0.032417356967926025,-0.20296168327331543,-0.9321178197860718,-0.2999381124973297,0.021427186205983162,0.3020123839378357,-0.9530631303787231,0.3350698947906494,0.0030334731563925743,-0.03100007027387619,0.5093839168548584,-0.860539436340332,-5.708138246518502e-07,0.860539436340332,0.5093839168548584,1.405190630521247e-07,0.3777311444282532,0.15436989068984985,-0.030999992042779922,0.29240864515304565,-0.14830294251441956,-0.031000148504972458
45,0.42804279923439026,0.2385287582874298,-0.6889593005180359,0.869035005569458,-0.025461267679929733,1.2953169345855713,0.663624107837677,0.7307233214378357,0.4283425509929657,-0.3526064455509186,0.12436904013156891,0.24172157049179077,0.25353407859802246,-0.15106788277626038,0.1085231751203537,0.39877983927726746,0.4514945447444916,-0.1703108698129654,-0.3343980312347412,0.6896274089813232,0.3865286111831665,0.819456160068512,0.05557440221309662,0.7307280898094177,0.010499483905732632,-0.3200698792934418,-0.08030560612678528,0.11253838986158371,0.40123435854911804,0.32052651047706604,-0.41427117586135864,0.34187713265419006,0.21056199073791504,0.22278034687042236,-0.015615880489349365,-0.6516650915145874,-0.5862797498703003,0.4812575876712799,-0.5926684141159058,-0.0023952722549438477,-0.8054430484771729,0.3970959186553955,-0.1841345876455307,0.04389335215091705,-0.1913050413131714,-0.923392653465271,-0.33278870582580566,0.02643883228302002,0.33407992124557495,-0.9421738982200623,0.3350698947906494,0.0030334806069731712,-0.03100007027387619,0.5093839168548584,-0.860539436340332,-5.437314030132256e-07,0.860539436340332,0.5093839168548584,2.78353184057778e-07,0.3777311444282532,0.15436989068984985,-0.030999980866909027,0.29240864515304565,-0.14830294251441956,-0.031000159680843353
46,0.4451548159122467,0.24629049003124237,-0.677489697933197,0.8661852478981018,-0.029073692858219147,1.2863136529922485,0.689606249332428,0.7313163876533508,0.2939820885658264,0.2794012427330017,0.2085445076227188,-0.1716303527355194,-0.05160578340291977,-0.10575006902217865,0.36343997716903687,-0.03773407265543938,0.4413432776927948,-0.1979193538427353,-0.32760539650917053,0.685368001461029,0.4125714898109436,0.8482000827789307,0.025829624384641647,0.7307469844818115,-0.13556109368801117,-0.4373531937599182,0.09711019694805145,-0.06764402240514755,0.36387407779693604,0.4086723327636719,-0.416081041097641,0.018606921657919884,0.21236109733581543,0.22679229080677032,-0.018770873546600342,-0.6437187194824219,-0.5840104222297668,0.49452826380729675,-0.5948042273521423,-0.024762511253356934,-0.8034891486167908,0.39122843742370605,-0.1755993515253067,0.05409558117389679,-0.1744098663330078,-0.9150879383087158,-0.3635869026184082,0.021748634055256844,0.36557620763778687,-0.9305273294448853,0.3350698947906494,0.0030333849135786295,-0.03100002557039261,0.5093839168548584,-0.860539436340332,-7.394249337266956e-07,0.860539436340332,0.5093839168548584,2.75730343446412e-07,0.3777311444282532,0.1543698012828827,-0.030999913811683655,0.29240864515304565,-0.14830303192138672,-0.031000137329101562
47,0.4630621075630188,0.2628028392791748,-0.670563817024231,0.8757661581039429,-0.04468304663896561,1.2819209098815918,0.7114452123641968,0.7311913371086121,0.3172607719898224,0.2081729620695114,0.1106395274400711,0.20718342065811157,-0.21953073143959045,-0.07784902304410934,0.30654120445251465,-0.02944481000304222,0.43089115619659424,-0.22542420029640198,-0.31167328357696533,0.6671561002731323,0.4354081153869629,0.8769211173057556,-0.003908348735421896,0.7308348417282104,-0.05181768909096718,-0.3780030906200409,0.2517322897911072,-0.31826451420783997,0.3172477185726166,0.4208158850669861,-0.4160865545272827,0.2079523205757141,0.2164013385772705,0.2240476757287979,-0.020105406641960144,-0.6286747455596924,-0.5822831988334656,0.5154748558998108,-0.5978652834892273,-0.06200098991394043,-0.7991951704025269,0.3768470287322998,-0.16523300111293793,0.05865374207496643,-0.1506413221359253,-0.9095851182937622,-0.3872493803501129,0.0012893975945189595,0.3915383815765381,-0.9201608896255493,0.3350698947906494,0.00303347734734416,-0.03100007027387619,0.5093839168548584,-0.860539436340332,-5.633120281345327e-07,0.860539436340332,0.5093839168548584,1.8977040383560961e-07,0.3777311444282532,0.15436989068984985,-0.030999988317489624,0.29240864515304565,-0.14830294251441956,-0.031000152230262756
48,0.48510128259658813,0.28550076484680176,-0.6783130764961243,0.8914659023284912,-0.06668182462453842,1.2840737104415894,0.7329793572425842,0.7313094735145569,0.2984808087348938,0.36385273933410645,-0.11260072141885757,0.21212294697761536,-0.31236812472343445,0.029223695397377014,0.30201607942581177,-0.030008239671587944,0.4188704490661621,-0.25110700726509094,-0.3012435734272003,0.6501868367195129,0.45698609948158264,0.9064387083053589,-0.03367036581039429,0.7308344841003418,-0.24654097855091095,-0.40240713953971863,0.11788595467805862,-0.22977106273174286,0.2968543469905853,0.4117293953895569,-0.4160049855709076,0.20441119372844696,0.2196052074432373,0.21541745960712433,-0.019275635480880737,-0.6139189004898071,-0.5711649060249329,0.5448614954948425,-0.6041458249092102,-0.10427141189575195,-0.7900222539901733,0.3634803295135498,-0.15761615335941315,0.063086599111557,-0.13231492042541504,-0.9020459651947021,-0.4108600616455078,-0.01791146583855152,0.4166126847267151,-0.9089076519012451,0.3350698947906494,0.0030334482435137033,-0.031000036746263504,0.5093837976455688,-0.8605394959449768,-4.8531894947245746e-08,0.8605394959449768,0.5093837976455688,5.625076369142334e-07,0.3777311444282532,0.15436984598636627,-0.030999965965747833,0.29240864515304565,-0.14830295741558075,-0.031000107526779175
49,0.5082771182060242,0.31362536549568176,-0.695743978023529,0.9123384952545166,-0.0909578800201416,1.2827484607696533,0.7532315850257874,0.7312608957290649,0.3369682729244232,0.41323021054267883,-0.24535131454467773,0.3247028589248657,-0.343919575214386,-0.02884272299706936,0.28448665142059326,-0.037192124873399734,0.4002177119255066,-0.2783143222332001,-0.30624550580978394,0.6356388926506042,0.47669124603271484,0.9353327751159668,-0.06343002617359161,0.7307693362236023,-0.4117651879787445,-0.4238055646419525,-0.13091585040092468,-0.197776660323143,0.2681932747364044,0.3991461396217346,-0.41600996255874634,0.28436821699142456,0.2254316806793213,0.20224328339099884,-0.017897337675094604,-0.6039365530014038,-0.5525680184364319,0.5743948221206665,-0.6057490706443787,-0.15016043186187744,-0.7813577651977539,0.3552834987640381,-0.1570480614900589,0.06927868723869324,-0.1307603120803833,-0.8893091678619385,-0.4382133483886719,-0.02484026551246643,0.4448084831237793,-0.895281195640564,0.3350698947906494,0.003033367218449712,-0.03100002557039261,0.509384036064148,-0.8605393171310425,-5.54631355953461e-07,0.8605393171310425,0.509384036064148,2.5668222747299296e-07,0.3777310848236084,0.1543697863817215,-0.030999936163425446,0.29240867495536804,-0.1483030468225479,-0.03100011497735977
50,0.5323548316955566,0.3403775691986084,-0.7188827395439148,0.9250699877738953,-0.10517954081296921,1.2907392978668213,0.7578635811805725,0.7313128709793091,0.3261098861694336,0.42141348123550415,-0.32200536131858826,0.14065609872341156,-0.20027756690979004,0.11963969469070435,0.06462949514389038,0.03162435442209244,0.3804321885108948,-0.3071124255657196,-0.32165223360061646,0.6202778220176697,0.493427574634552,0.9613317251205444,-0.09316760301589966,0.7307425141334534,-0.37672024965286255,-0.4421425461769104,-0.26045161485671997,-0.2184411883354187,0.22889001667499542,0.3620654046535492,-0.41598179936408997,0.3142378628253937,0.22427916526794434,0.19224947690963745,-0.015677228569984436,-0.5879545211791992,-0.5395638942718506,0.6026445627212524,-0.6178812980651855,-0.18124818801879883,-0.765096127986908,0.34968113899230957,-0.16005249321460724,0.0758877545595169,-0.13619470596313477,-0.8736583590507507,-0.46708905696868896,-0.02352956496179104,0.47420185804367065,-0.8801017999649048,0.3350698947906494,0.0030334496404975653,-0.031000036746263504,0.5093839168548584,-0.8605393767356873,4.0768526332612964e-08,0.8605393767356873,0.5093839168548584,8.5954320638848e-07,0.3777311146259308,0.15436984598636627,-0.030999943614006042,0.29240867495536804,-0.14830295741558075,-0.031000129878520966
51,0.5567066073417664,0.3663007616996765,-0.7468755841255188,0.9193395376205444,-0.10308371484279633,1.2792888879776,0.7602089643478394,0.7312085032463074,0.31990066170692444,0.4270915389060974,-0.38490787148475647,-0.14251285791397095,0.031372979283332825,-0.1531534045934677,0.03342067450284958,-0.028018202632665634,0.36225345730781555,-0.3367213010787964,-0.3427162766456604,0.5953627824783325,0.5182932615280151,0.9848031401634216,-0.12283755093812943,0.7306258082389832,-0.3319317698478699,-0.4240657687187195,-0.33698272705078125,-0.3976013660430908,0.33791765570640564,0.3345601558685303,-0.4153546988964081,0.49012038111686707,0.21980500221252441,0.18585288524627686,-0.019101619720458984,-0.5831562280654907,-0.5242551565170288,0.6205525994300842,-0.626642107963562,-0.19581329822540283,-0.7543056607246399,0.3415377140045166,-0.1614524871110916,0.08053155243396759,-0.1517246961593628,-0.8514511585235596,-0.5020067095756531,-0.02321338839828968,0.5108159780502319,-0.8593766689300537,0.3350698947906494,0.003033383982256055,-0.03100002557039261,0.509384036064148,-0.8605393767356873,-7.448476253557601e-07,0.8605393767356873,0.509384036064148,2.650815247307037e-07,0.3777311146259308,0.1543698012828827,-0.030999913811683655,0.29240867495536804,-0.14830303192138672,-0.031000137329101562
52,0.5833510160446167,0.38626059889793396,-0.7760680317878723,0.9094194769859314,-0.08754359185695648,1.2678205966949463,0.7622926235198975,0.7310590744018555,0.39387404918670654,0.2918373644351959,-0.39394301176071167,-0.15197157859802246,0.22061073780059814,-0.1586499661207199,0.029410311952233315,-0.002575717633590102,0.3433486223220825,-0.3651745617389679,-0.36339232325553894,0.5667993426322937,0.5466905832290649,1.0012928247451782,-0.1522686630487442,0.7305930852890015,-0.333940327167511,-0.42147180438041687,-0.32696783542633057,-0.42245885729789734,0.39069899916648865,0.23118877410888672,-0.4121575951576233,0.523021936416626,0.21512389183044434,0.18469899892807007,-0.023103445768356323,-0.5870559215545654,-0.5091697573661804,0.6293738484382629,-0.6327119469642639,-0.19640815258026123,-0.7490656971931458,0.33458828926086426,-0.16193117201328278,0.08437243103981018,-0.1699390411376953,-0.8256134986877441,-0.5380362272262573,-0.01694503426551819,0.5483452081680298,-0.8360804319381714,0.3350698947906494,0.003033361164852977,-0.03100002557039261,0.5093839168548584,-0.8605393767356873,-5.234029458733858e-07,0.8605393767356873,0.5093839168548584,3.2298197538693785e-07,0.3777311146259308,0.1543697565793991,-0.030999932438135147,0.29240867495536804,-0.1483030468225479,-0.03100011870265007
53,0.6122572422027588,0.4010998010635376,-0.8053317070007324,0.8934743404388428,-0.06561511009931564,1.2570428848266602,0.7678908109664917,0.7310295701026917,0.4093446135520935,0.23916856944561005,-0.3957567512989044,-0.26731207966804504,0.30988818407058716,-0.14260084927082062,0.07838567346334457,-0.04158136621117592,0.32266655564308167,-0.3931669294834137,-0.3818845748901367,0.5373668074607849,0.5760211944580078,1.0054631233215332,-0.18116110563278198,0.7306048274040222,-0.35947492718696594,-0.41690757870674133,-0.29713645577430725,-0.42550355195999146,0.4017794132232666,0.05457068234682083,-0.40456998348236084,0.5591539144515991,0.20869660377502441,0.186919704079628,-0.027384351938962936,-0.5953543186187744,-0.4920489192008972,0.6351701021194458,-0.6389605402946472,-0.1893301010131836,-0.7455759048461914,0.3319814205169678,-0.1631374955177307,0.08816048502922058,-0.187477707862854,-0.7983332276344299,-0.5722903609275818,0.002618313068524003,0.5822126269340515,-0.8130323886871338,0.3350698947906494,0.0030334473121911287,-0.031000036746263504,0.5093839168548584,-0.8605393767356873,-5.107878564558632e-08,0.8605393767356873,0.5093839168548584,5.504164164449321e-07,0.3777311146259308,0.15436984598636627,-0.03099996969103813,0.29240867495536804,-0.14830295741558075,-0.031000103801488876
54,0.6413823366165161,0.4119552671909332,-0.8345062136650085,0.879297137260437,-0.03746345639228821,1.2425857782363892,0.7781656980514526,0.7309126853942871,0.42427515983581543,0.15023201704025269,-0.39947542548179626,-0.19623912870883942,0.39552825689315796,-0.20293010771274567,0.14345543086528778,0.10103492438793182,0.29574456810951233,-0.41846930980682373,-0.4011279046535492,0.5075812339782715,0.605181872844696,0.9894760847091675,-0.20878596603870392,0.730631411075592,-0.48990246653556824,-0.3737469017505646,-0.3320769667625427,-0.42078614234924316,0.39970681071281433,-0.23650413751602173,-0.38682234287261963,0.4878353774547577,0.2059624195098877,0.19106747210025787,-0.03213082253932953,-0.6141843795776367,-0.4712460935115814,0.6330124735832214,-0.6371204853057861,-0.1772325038909912,-0.7501108050346375,0.337024450302124,-0.16970618069171906,0.09067568182945251,-0.21135878562927246,-0.7702338695526123,-0.6017201542854309,0.04456189274787903,0.6073942184448242,-0.7931497097015381,0.3350698947906494,0.0030333660542964935,-0.03100002557039261,0.5093839168548584,-0.8605393767356873,-5.558480324907578e-07,0.8605393767356873,0.5093839168548584,2.422307829874626e-07,0.3777311146259308,0.1543697714805603,-0.030999936163425446,0.29240867495536804,-0.14830303192138672,-0.03100011497735977
55,0.6712892055511475,0.42129284143447876,-0.86379474401474,0.8605596423149109,-0.007980799302458763,1.2267805337905884,0.7900134921073914,0.7309483289718628,0.4208662211894989,0.16119007766246796,-0.3967732787132263,-0.30590885877609253,0.41410937905311584,-0.21265855431556702,0.1653418242931366,0.05617295205593109,0.26567772030830383,-0.4421578645706177,-0.4145292639732361,0.4780820906162262,0.6339718103408813,0.9647409319877625,-0.23422756791114807,0.7307134866714478,-0.47787344455718994,-0.3477082848548889,-0.21962329745292664,-0.4251776337623596,0.3950933516025543,-0.35255563259124756,-0.3563161790370941,0.3895014822483063,0.20183348655700684,0.1958245486021042,-0.037256136536598206,-0.6335327625274658,-0.4482327103614807,0.6306533217430115,-0.6355449557304382,-0.16339194774627686,-0.7545763850212097,0.3444397449493408,-0.1780964583158493,0.09232455492019653,-0.2341010570526123,-0.7439549565315247,-0.6258814930915833,0.09401784837245941,0.623429536819458,-0.776206374168396,0.3350698947906494,0.0030335052870213985,-0.03100007027387619,0.509384036064148,-0.8605393767356873,-4.298812257275131e-07,0.8605393767356873,0.509384036064148,2.1554428997205832e-07,0.3777311146259308,0.15436992049217224,-0.03099999949336052,0.29240867495536804,-0.14830291271209717,-0.03100014105439186
56,0.7008306384086609,0.4180765748023987,-0.8925394415855408,0.8449942469596863,0.021819693967700005,1.2101279497146606,0.8121903538703918,0.7307470440864563,0.42715224623680115,-0.098438560962677,-0.4088350832462311,-0.18261508643627167,0.4179983139038086,-0.23706494271755219,0.3094896376132965,0.30693912506103516,0.23526515066623688,-0.46502000093460083,-0.4242457151412964,0.4486294984817505,0.6624606847763062,0.9369734525680542,-0.26125720143318176,0.7307615280151367,-0.48554807901382446,-0.33716246485710144,-0.1705775111913681,-0.4238424301147461,0.3915335536003113,-0.3956497013568878,-0.37832775712013245,0.32650458812713623,0.20309853553771973,0.20261916518211365,-0.04120464622974396,-0.6649129390716553,-0.4202062487602234,0.6175090074539185,-0.6226043105125427,-0.14490294456481934,-0.7690038084983826,0.3519623279571533,-0.18711018562316895,0.0933762788772583,-0.2518194913864136,-0.7199880480766296,-0.6466870903968811,0.14463363587856293,0.6327179074287415,-0.760755717754364,0.3350698947906494,0.0030333874747157097,-0.03100002557039261,0.5093839168548584,-0.860539436340332,-6.51634195492079e-07,0.860539436340332,0.5093839168548584,5.902873567720235e-07,0.3777311444282532,0.1543698012828827,-0.030999887734651566,0.29240864515304565,-0.14830303192138672,-0.03100016340613365
57,0.7301893830299377,0.4114987254142761,-0.9214814901351929,0.8372623324394226,0.051566626876592636,1.1908023357391357,0.8401756286621094,0.7306876182556152,0.4294615685939789,-0.12046158313751221,-0.4054224491119385,-0.07431338727474213,0.4156516194343567,-0.2750719487667084,0.3903830051422119,0.379909873008728,0.20349161326885223,-0.4858754873275757,-0.41524067521095276,0.41941946744918823,0.6908054947853088,0.9102265238761902,-0.29039350152015686,0.7309291362762451,-0.4340430200099945,-0.2965782880783081,0.13555675745010376,-0.43489232659339905,0.39029461145401,-0.3711071014404297,-0.4079250991344452,0.29922476410865784,0.21089768409729004,0.20913250744342804,-0.04439951106905937,-0.7035731077194214,-0.38787826895713806,0.5954288840293884,-0.5986788868904114,-0.1278766393661499,-0.7907156944274902,0.3567678928375244,-0.19277285039424896,0.09309843182563782,-0.2556525468826294,-0.7064804434776306,-0.6599447131156921,0.18495427072048187,0.6342794895172119,-0.7506540417671204,0.3350698947906494,0.0030334775801748037,-0.03100007027387619,0.509384036064148,-0.8605393767356873,-5.778189233751618e-07,0.8605393767356873,0.509384036064148,1.463673839907642e-07,0.3777311146259308,0.15436989068984985,-0.030999992042779922,0.29240867495536804,-0.14830294251441956,-0.031000148504972458
58,0.7589564919471741,0.39392024278640747,-0.9471467137336731,0.844664990901947,0.08037466555833817,1.1715036630630493,0.8698452711105347,0.7304684519767761,0.4536905288696289,-0.3429547846317291,-0.36689645051956177,0.22129110991954803,0.4036005437374115,-0.28810229897499084,0.4134293496608734,0.648727297782898,0.17327725887298584,-0.49754220247268677,-0.4038267433643341,0.39021608233451843,0.7184997797012329,0.8828232884407043,-0.3199671804904938,0.7309871315956116,-0.44757330417633057,-0.1377073973417282,0.14292164146900177,-0.4483664631843567,0.3831760585308075,-0.38417255878448486,-0.41355881094932556,0.02041120082139969,0.23036551475524902,0.21770964562892914,-0.04487096518278122,-0.7496976852416992,-0.3618013560771942,0.5541236400604248,-0.5556996464729309,-0.11053645610809326,-0.8240020871162415,0.35938429832458496,-0.1985660195350647,0.0888812243938446,-0.26231420040130615,-0.6975609064102173,-0.6667834520339966,0.2164839208126068,0.6308280229568481,-0.7451112270355225,0.3350698947906494,0.0030334489420056343,-0.031000036746263504,0.5093837976455688,-0.860539436340332,-6.615133685272667e-08,0.860539436340332,0.5093837976455688,5.439247274807713e-07,0.3777311444282532,0.15436984598636627,-0.030999965965747833,0.29240864515304565,-0.14830295741558075,-0.031000107526779175
59,0.788785994052887,0.38858163356781006,-0.9675216674804688,0.8354941606521606,0.09882085770368576,1.1603223085403442,0.8996155261993408,0.7309731841087341,0.43981683254241943,0.009691981598734856,-0.23906877636909485,-0.23661568760871887,0.25841498374938965,-0.13265277445316315,0.41569799184799194,0.026648875325918198,0.1426689773797989,-0.4883708953857422,-0.39072173833847046,0.36168020963668823,0.7432941198348999,0.8548826575279236,-0.349612832069397,0.7310338020324707,-0.43418607115745544,0.21372979879379272,0.17354896664619446,-0.4777790307998657,0.33886051177978516,-0.38703909516334534,-0.41445228457450867,0.058852169662714005,0.23407912254333496,0.22431185841560364,-0.046496160328388214,-0.7707180976867676,-0.33526650071144104,0.5418397784233093,-0.5416637659072876,-0.10308313369750977,-0.834250807762146,0.3577592372894287,-0.20590771734714508,0.07633338868618011,-0.28089427947998047,-0.6945487260818481,-0.6623446345329285,0.23143444955348969,0.6207447648048401,-0.7490754127502441,0.3350698947906494,0.003033365122973919,-0.03100002557039261,0.509384036064148,-0.8605393171310425,-5.688431770067837e-07,0.8605393171310425,0.509384036064148,2.3615845634594734e-07,0.3777310848236084,0.1543697863817215,-0.030999936163425446,0.29240867495536804,-0.1483030468225479,-0.03100011497735977
60,0.8154029846191406,0.4042627215385437,-0.97124183177948,0.834585428237915,0.0970720499753952,1.1520453691482544,0.929327130317688,0.7310773730278015,0.4971383213996887,0.2778719961643219,0.021351218223571777,0.010427949018776417,-0.02201213873922825,-0.12257915735244751,0.41614484786987305,-0.09721343219280243,0.1128961518406868,-0.4883013963699341,-0.3746633529663086,0.33082228899002075,0.7708187103271484,0.825468122959137,-0.37922629714012146,0.7309860587120056,-0.4394356906414032,-0.012235648930072784,0.21310441195964813,-0.44953328371047974,0.3841404914855957,-0.4133051633834839,-0.41432157158851624,0.02557067573070526,0.23560881614685059,0.22452634572982788,-0.048474837094545364,-0.770132303237915,-0.31970545649528503,0.5519824624061584,-0.5415019989013672,-0.12970399856567383,-0.8306337594985962,0.35639214515686035,-0.2121603935956955,0.06624753773212433,-0.29448139667510986,-0.6911835074424744,-0.6599590182304382,0.25083863735198975,0.6104644536972046,-0.7512742280960083,0.3350698947906494,0.003033503657206893,-0.03100007027387619,0.509384036064148,-0.8605393767356873,-4.5099619683242054e-07,0.8605393767356873,0.509384036064148,2.1764650171007816e-07,0.3777311146259308,0.15436992049217224,-0.03099999576807022,0.29240867495536804,-0.14830291271209717,-0.03100014477968216
61,0.8458007574081421,0.43057161569595337,-0.9758608937263489,0.8238838911056519,0.0737624317407608,1.134709119796753,0.9589805006980896,0.7313188910484314,0.441273033618927,0.45518502593040466,-0.0327318049967289,-0.2225080132484436,-0.3280395269393921,-0.23490671813488007,0.4167919158935547,-0.4111703038215637,0.08213455229997635,-0.4776843190193176,-0.34894779324531555,0.30175095796585083,0.8002490401268005,0.7956687808036804,-0.40873363614082336,0.7310593128204346,-0.41319072246551514,0.21873919665813446,0.3674914836883545,-0.4814734160900116,0.40756499767303467,-0.4088631272315979,-0.41269564628601074,-0.06408318132162094,0.2316882610321045,0.21582955121994019,-0.051262252032756805,-0.7559398412704468,-0.3073520064353943,0.5780050158500671,-0.548989474773407,-0.1833282709121704,-0.81547611951828,0.3525888919830322,-0.2176571935415268,0.052636951208114624,-0.3105961084365845,-0.6931397318840027,-0.6504517197608948,0.2598402202129364,0.5963191986083984,-0.7595304846763611,0.3350698947906494,0.0030333870090544224,-0.03100002557039261,0.5093839168548584,-0.860539436340332,-6.478806540144433e-07,0.860539436340332,0.5093839168548584,5.859441785105446e-07,0.3777311444282532,0.1543698012828827,-0.030999887734651566,0.29240864515304565,-0.14830303192138672,-0.03100016340613365
62,0.8717373609542847,0.45974311232566833,-0.9729210734367371,0.8140950798988342,0.04481498524546623,1.1197667121887207,0.9886249899864197,0.7313057780265808,0.4435766041278839,0.46513405442237854,0.10084303468465805,-0.15271319448947906,-0.40112295746803284,-0.21160154044628143,0.41693100333213806,-0.39124515652656555,0.052336160093545914,-0.45901039242744446,-0.3237074613571167,0.2719149887561798,0.829820990562439,0.7658994197845459,-0.4380665421485901,0.7310739159584045,-0.4249238967895508,0.3220626413822174,0.3458714783191681,-0.48474791646003723,0.41076770424842834,-0.412790983915329,-0.41022762656211853,-0.07974107563495636,0.22697043418884277,0.20607329905033112,-0.05332188680768013,-0.7361345291137695,-0.297338604927063,0.6080260276794434,-0.5577451586723328,-0.24243640899658203,-0.7938166260719299,0.34554409980773926,-0.22342093288898468,0.03573327511548996,-0.33319294452667236,-0.6954019069671631,-0.636709451675415,0.2605375051498413,0.5810970067977905,-0.7710035443305969,0.3350698947906494,0.0030334724579006433,-0.03100007027387619,0.5093839168548584,-0.860539436340332,-5.851141509083391e-07,0.860539436340332,0.5093839168548584,1.499960831097269e-07,0.3777311444282532,0.15436989068984985,-0.030999988317489624,0.29240864515304565,-0.14830294251441956,-0.031000152230262756
63,0.8963921666145325,0.48917490243911743,-0.9701552987098694,0.7927936911582947,0.015140405856072903,1.127875804901123,1.018196702003479,0.7316135764122009,0.34429049491882324,0.5029516816139221,0.07586894184350967,-0.42505988478660583,-0.4109792709350586,0.1348249763250351,0.4174337089061737,-0.7852010130882263,0.02252710796892643,-0.43411415815353394,-0.30133187770843506,0.24205826222896576,0.8593647480010986,0.7360679507255554,-0.46702471375465393,0.7310858368873596,-0.4286724030971527,0.41551345586776733,0.30361708998680115,-0.4914279878139496,0.4108608067035675,-0.4135335385799408,-0.4049833416938782,-0.09209629148244858,0.20784497261047363,0.19686393439769745,-0.052185770124197006,-0.7000912427902222,-0.2764520049095154,0.6583665609359741,-0.5911693572998047,-0.2927250862121582,-0.7515522837638855,0.3359205722808838,-0.2302306890487671,0.01685042679309845,-0.3626253604888916,-0.6958262324333191,-0.6199426054954529,0.25628671050071716,0.565113365650177,-0.7841964364051819,0.3350698947906494,0.0030334799084812403,-0.03100007027387619,0.5093839168548584,-0.860539436340332,-5.516200189958909e-07,0.860539436340332,0.5093839168548584,2.824794194111746e-07,0.3777311444282532,0.15436989068984985,-0.03099997714161873,0.29240864515304565,-0.14830294251441956,-0.03100016340613365
64,0.8909114003181458,0.5197542309761047,-0.9539833664894104,0.7737164497375488,-0.014696360565721989,1.151957392692566,1.0477149486541748,0.7316945195198059,-0.15323424339294434,0.4946419894695282,0.20971737802028656,-0.3605209290981293,-0.41586148738861084,0.34801948070526123,0.4178643524646759,-0.8886962532997131,-0.005703951232135296,-0.41282474994659424,-0.3160383999347687,0.21134179830551147,0.8889907598495483,0.7065842747688293,-0.4950903356075287,0.7309799194335938,-0.5048766136169434,0.32748687267303467,-0.268322229385376,-0.47500211000442505,0.41139763593673706,-0.42818519473075867,-0.3917025029659271,0.04448132589459419,0.181166410446167,0.1854177862405777,-0.04810274764895439,-0.6558985710144043,-0.23793384432792664,0.7163691520690918,-0.6408505439758301,-0.3259690999984741,-0.6950214505195618,0.32807040214538574,-0.24357515573501587,0.0005031302571296692,-0.4136453866958618,-0.6730897426605225,-0.613064169883728,0.27007296681404114,0.5523481369018555,-0.7886521220207214,0.3350698947906494,0.0030333870090544224,-0.03100002557039261,0.5093839168548584,-0.860539436340332,-7.326369200200133e-07,0.860539436340332,0.5093839168548584,2.784743742267892e-07,0.3777311444282532,0.1543698012828827,-0.030999913811683655,0.29240864515304565,-0.14830303192138672,-0.031000137329101562
65,0.8666467070579529,0.5502119660377502,-0.9454056620597839,0.7466340065002441,-0.044593535363674164,1.1807270050048828,1.0771870613098145,0.7317959070205688,-0.5009272694587708,0.4983782470226288,0.054734256118535995,-0.5267431139945984,-0.41966596245765686,0.42427849769592285,0.4180567264556885,-1.0171129703521729,-0.036259040236473083,-0.39181384444236755,-0.3370252549648285,0.18145962059497833,0.9186504483222961,0.6766329407691956,-0.5181670188903809,0.7309901714324951,-0.4800374507904053,0.33889997005462646,-0.32335662841796875,-0.4802602529525757,0.41186532378196716,-0.4242323935031891,-0.32206612825393677,0.03204881027340889,0.14595341682434082,0.1696719527244568,-0.03998759761452675,-0.6072559356689453,-0.17562727630138397,0.7748519778251648,-0.7020657658576965,-0.3379497528076172,-0.6268122792243958,0.31958651542663574,-0.2587478458881378,-0.015139885246753693,-0.4730074405670166,-0.6406589150428772,-0.6048307418823242,0.2874840199947357,0.5366821885108948,-0.7933002710342407,0.3350698947906494,0.0030333648901432753,-0.03100002557039261,0.5093839168548584,-0.8605393767356873,-5.139203267390258e-07,0.8605393767356873,0.5093839168548584,3.334644986807689e-07,0.3777311146259308,0.1543697714805603,-0.030999932438135147,0.29240867495536804,-0.14830303192138672,-0.03100011870265007
66,0.8368436098098755,0.5809832811355591,-0.9409844875335693,0.7180050611495972,-0.0746602863073349,1.2052891254425049,1.1066511869430542,0.7317360043525696,-0.4963435232639313,0.4906305968761444,0.037308141589164734,-0.49746665358543396,-0.41914379596710205,0.35475921630859375,0.41800186038017273,-0.9407781362533569,-0.06631749868392944,-0.3926889896392822,-0.3633961081504822,0.15029242634773254,0.9483417272567749,0.6468933820724487,-0.5258687734603882,0.7308792471885681,-0.49382293224334717,-0.04609983414411545,-0.4043372571468353,-0.4456326961517334,0.4142942726612091,-0.4286164343357086,-0.10697007924318314,0.17066414654254913,0.11060309410095215,0.15385229885578156,-0.029299505054950714,-0.5555990934371948,-0.10729090869426727,0.8244990110397339,-0.7588204145431519,-0.33990025520324707,-0.5555713772773743,0.31504321098327637,-0.2740105390548706,-0.02410760521888733,-0.5330039262771606,-0.5927039980888367,-0.6038286089897156,0.3210715651512146,0.5185914039611816,-0.792449414730072,0.3350698947906494,0.0030334496404975653,-0.031000036746263504,0.5093839168548584,-0.8605393767356873,-4.221735139253724e-08,0.8605393767356873,0.5093839168548584,5.605220394500066e-07,0.3777311146259308,0.15436984598636627,-0.03099996969103813,0.29240867495536804,-0.14830295741558075,-0.031000103801488876
67,0.8120797872543335,0.6032118797302246,-0.9379667639732361,0.7039239406585693,-0.09408745169639587,1.2117036581039429,1.146439790725708,0.7309885621070862,-0.1753721386194229,0.04723946377635002,0.13020847737789154,0.10742828249931335,0.019841603934764862,0.11828374862670898,0.7330159544944763,0.13051363825798035,-0.0973954051733017,-0.38676750659942627,-0.3821873962879181,0.12109272927045822,0.9780769944190979,0.6168114542961121,-0.5342768430709839,0.7309824228286743,-0.4628908634185791,0.13038364052772522,-0.27939024567604065,-0.47512462735176086,0.41382020711898804,-0.42310425639152527,-0.11675956100225449,0.039387453347444534,0.09189629554748535,0.1428152322769165,-0.02319224923849106,-0.5337986946105957,-0.04382592439651489,0.8444750905036926,-0.7870010733604431,-0.3395727872848511,-0.5150918364524841,0.30760979652404785,-0.2881290912628174,-0.03491397202014923,-0.5890970230102539,-0.5459570288658142,-0.5957311987876892,0.34486252069473267,0.49685871601104736,-0.7963675260543823,0.3350698947906494,0.0030333639588207006,-0.03100002557039261,0.5093839168548584,-0.8605393767356873,-5.741694053540414e-07,0.8605393767356873,0.5093839168548584,2.593316708043858e-07,0.3777311146259308,0.1543697714805603,-0.030999932438135147,0.29240867495536804,-0.14830303192138672,-0.03100011870265007
68,0.8018673062324524,0.6092665791511536,-0.9249532222747803,0.7094082832336426,-0.09841327369213104,1.2141820192337036,1.1950100660324097,0.7310320138931274,-0.12192700058221817,0.1046803742647171,0.20326052606105804,0.12092675268650055,0.020208396017551422,0.20049884915351868,0.6545621752738953,0.3975115120410919,-0.126275897026062,-0.38820934295654297,-0.37973299622535706,0.09071441739797592,1.007757306098938,0.5868003368377686,-0.5122049450874329,0.7310137152671814,-0.40537920594215393,-0.017779503017663956,0.033783137798309326,-0.46162334084510803,0.415921151638031,-0.4180697500705719,0.30922931432724,-0.0040613142773509026,0.0918424129486084,0.14186327159404755,-0.023285895586013794,-0.5408515930175781,-0.00043094169814139605,0.8411179780960083,-0.7896122336387634,-0.3442981243133545,-0.5079089403152466,0.29920315742492676,-0.2972659468650818,-0.0444755032658577,-0.6485174894332886,-0.4923159182071686,-0.5805601477622986,0.3591476082801819,0.4745637774467468,-0.8036182522773743,0.3350698947906494,0.0030334473121911287,-0.031000036746263504,0.5093839168548584,-0.8605393767356873,3.70728230336681e-08,0.8605393767356873,0.5093839168548584,8.516449270246085e-07,0.3777311146259308,0.15436984598636627,-0.030999943614006042,0.29240867495536804,-0.14830295741558075,-0.031000129878520966
69,0.7901055216789246,0.6174526214599609,-0.8940437436103821,0.7161768674850464,-0.11088767647743225,1.219460368156433,1.2388378381729126,0.7310922145843506,-0.108472540974617,0.16309286653995514,0.48766469955444336,0.10648147761821747,-0.13682880997657776,0.14256513118743896,0.6068968772888184,0.07706981897354126,-0.15108001232147217,-0.4075348377227783,-0.3795802593231201,0.05989040061831474,1.0375237464904785,0.5570552945137024,-0.4935654103755951,0.7309228777885437,-0.38047361373901367,-0.3050685226917267,-0.013094693422317505,-0.4428839683532715,0.4167180359363556,-0.4216834604740143,0.2613047957420349,0.10668154060840607,0.09186100959777832,0.14174523949623108,-0.023482300341129303,-0.5349999666213989,0.025288227945566177,0.8444737195968628,-0.7921224236488342,-0.3626096248626709,-0.49097517132759094,0.2950103282928467,-0.30583012104034424,-0.049012329429388046,-0.6905676126480103,-0.43921172618865967,-0.5746386647224426,0.383849561214447,0.4508233666419983,-0.805864691734314,0.3350698947906494,0.0030334489420056343,-0.031000036746263504,0.5093839168548584,-0.8605393767356873,-1.6734190921852132e-08,0.8605393767356873,0.5093839168548584,6.084294454922201e-07,0.3777311146259308,0.15436984598636627,-0.030999965965747833,0.29240867495536804,-0.14830295741558075,-0.031000107526779175
70,0.7779690623283386,0.6276371479034424,-0.8588756322860718,0.7238242626190186,-0.1252574622631073,1.2258435487747192,1.2879159450531006,0.7310982346534729,-0.1462821513414383,0.17855101823806763,0.5163763761520386,0.13794474303722382,-0.04845689237117767,0.2052730917930603,0.7610017657279968,0.10747864097356796,-0.1759175807237625,-0.41014546155929565,-0.38036641478538513,0.057002875953912735,1.0637550354003906,0.5274690985679626,-0.4906349778175354,0.7309724688529968,-0.445107102394104,0.013997318223118782,-0.04696330428123474,0.10591466724872589,-0.20491835474967957,-0.2692425549030304,0.5310413837432861,-0.019167734310030937,0.09190773963928223,0.14167021214962006,-0.023660577833652496,-0.5282750129699707,0.053204357624053955,0.8474047183990479,-0.7940007448196411,-0.3845428228378296,-0.4708392024040222,0.29885172843933105,-0.3233853578567505,-0.05015822872519493,-0.7167998552322388,-0.4014263451099396,-0.5701360106468201,0.41249504685401917,0.41511183977127075,-0.8108823299407959,0.3350698947906494,0.0030334736220538616,-0.03100007027387619,0.5093839168548584,-0.860539436340332,-5.725497658204404e-07,0.860539436340332,0.5093839168548584,1.4335938658405212e-07,0.3777311444282532,0.15436989068984985,-0.030999992042779922,0.29240864515304565,-0.14830294251441956,-0.031000148504972458
71,0.765480101108551,0.6377691030502319,-0.8217066526412964,0.7313563227653503,-0.14109905064105988,1.2328474521636963,1.3368542194366455,0.7310994863510132,-0.14088450372219086,0.17779530584812164,0.5469985008239746,0.12607668340206146,-0.07696862518787384,0.1887582540512085,0.7605926394462585,0.08365888148546219,-0.18864142894744873,-0.4076973795890808,-0.37335920333862305,0.05778379365801811,1.089980125427246,0.497483491897583,-0.47495734691619873,0.7310583591461182,-0.2286936342716217,0.07041534781455994,0.0952751561999321,0.09025029093027115,-0.18569594621658325,-0.2588353753089905,0.7281494736671448,-0.05953933298587799,0.09191536903381348,0.14175425469875336,-0.02383860945701599,-0.5211508274078369,0.0788445994257927,0.8498149514198303,-0.7947301268577576,-0.40782976150512695,-0.44953209161758423,0.3016493320465088,-0.33757394552230835,-0.05179079994559288,-0.7423523664474487,-0.36720070242881775,-0.5604252815246582,0.428893506526947,0.3821755647659302,-0.8185304999351501,0.3350698947906494,0.003033481305465102,-0.03100007027387619,0.5093839168548584,-0.860539436340332,-5.434520744529436e-07,0.860539436340332,0.5093839168548584,2.801503455884813e-07,0.3777311444282532,0.15436989068984985,-0.030999980866909027,0.29240864515304565,-0.14830294251441956,-0.031000159680843353
72,0.752776026725769,0.6474226713180542,-0.7840992212295532,0.7383487224578857,-0.15820948779582977,1.2398853302001953,1.3857029676437378,0.7310893535614014,-0.14774401485919952,0.16738030314445496,0.5463680624961853,0.12038996815681458,-0.06824381649494171,0.16801436245441437,0.7942410111427307,-0.02438204549252987,-0.1873299479484558,-0.3986557126045227,-0.35947567224502563,0.056871820241212845,1.1161582469940186,0.4676665961742401,-0.46652570366859436,0.7311105728149414,-0.010188940912485123,0.19438889622688293,0.17921221256256104,0.0711396262049675,-0.20643886923789978,-0.2597466707229614,0.6335767507553101,-0.13378477096557617,0.09191060066223145,0.14180171489715576,-0.024004876613616943,-0.5147844552993774,0.10299553722143173,0.8511103391647339,-0.7940319180488586,-0.43163084983825684,-0.42802825570106506,0.30086255073547363,-0.345507949590683,-0.05595366656780243,-0.7601463794708252,-0.3535686433315277,-0.5451298952102661,0.4288999140262604,0.3571823239326477,-0.8297382593154907,0.3350698947906494,0.0030333837494254112,-0.03100002557039261,0.5093839168548584,-0.860539436340332,-7.461489417437406e-07,0.860539436340332,0.5093839168548584,2.794368469949404e-07,0.3777311444282532,0.1543698012828827,-0.030999913811683655,0.29240864515304565,-0.14830303192138672,-0.031000137329101562
73,0.7390808463096619,0.6536790132522583,-0.7463682889938354,0.7437112927436829,-0.17737612128257751,1.2466968297958374,1.434200644493103,0.7310746908187866,-0.1635141223669052,0.10907904803752899,0.5414641499519348,0.07798543572425842,-0.12846605479717255,0.11614424735307693,0.8048480749130249,-0.09227872639894485,-0.19636516273021698,-0.3916734755039215,-0.34605658054351807,0.05613957718014717,1.14260995388031,0.43865594267845154,-0.4672962427139282,0.7311834692955017,-0.20671892166137695,0.15660057961940765,0.1389840990304947,0.07069369405508041,-0.14214980602264404,-0.26451873779296875,0.4681395888328552,-0.130691796541214,0.09192872047424316,0.14199140667915344,-0.024129793047904968,-0.5102361440658569,0.12432417273521423,0.851000964641571,-0.791562557220459,-0.4547930955886841,-0.40815702080726624,0.30014920234680176,-0.35654541850090027,-0.059268638491630554,-0.7755861282348633,-0.3388694226741791,-0.5325729846954346,0.43330127000808716,0.32773226499557495,-0.8395485281944275,0.3350698947906494,0.0030333648901432753,-0.03100002557039261,0.5093839168548584,-0.8605393767356873,-5.083003316030954e-07,0.8605393767356873,0.5093839168548584,3.303198354842607e-07,0.3777311146259308,0.1543697714805603,-0.030999932438135147,0.29240867495536804,-0.14830303192138672,-0.03100011870265007
74,0.7171584367752075,0.6289234757423401,-0.7131286859512329,0.7347638607025146,-0.20961621403694153,1.2471915483474731,1.4816770553588867,0.7309358716011047,-0.3636966347694397,-0.41869795322418213,0.4088941812515259,-0.1876986026763916,-0.45300284028053284,-0.14513422548770905,0.872067391872406,-0.46401292085647583,-0.20594482123851776,-0.3841169476509094,-0.35185226798057556,0.057535797357559204,1.1691220998764038,0.4123033881187439,-0.4749041497707367,0.731140673160553,-0.22594916820526123,0.14057773351669312,-0.1302148848772049,0.0928371250629425,-0.15754768252372742,-0.23622380197048187,0.3969208002090454,-0.07807888835668564,0.0920102596282959,0.14232608675956726,-0.023825079202651978,-0.5174522399902344,0.13238118588924408,0.8454102277755737,-0.7839431762695312,-0.4693934917449951,-0.406328409910202,0.2995750904083252,-0.3704736828804016,-0.061637770384550095,-0.7917927503585815,-0.31137707829475403,-0.5254603624343872,0.44393694400787354,0.2974882125854492,-0.8452341556549072,0.3350698947906494,0.003033447079360485,-0.031000036746263504,0.5093839168548584,-0.8605393767356873,-5.504068667505635e-08,0.8605393767356873,0.5093839168548584,5.608663968814653e-07,0.3777311146259308,0.15436984598636627,-0.030999965965747833,0.29240867495536804,-0.14830295741558075,-0.031000107526779175
75,0.6919464468955994,0.5963389873504639,-0.6817235350608826,0.7230566740036011,-0.24297064542770386,1.2493215799331665,1.529632329940796,0.7308937907218933,-0.36538606882095337,-0.4820820987224579,0.4475176930427551,-0.15374107658863068,-0.4594215750694275,0.22198918461799622,0.40927064418792725,0.894904375076294,-0.21033281087875366,-0.3858182430267334,-0.3716316521167755,0.05963251739740372,1.197102665901184,0.4190763235092163,-0.48301461338996887,0.7310431003570557,-0.12716400623321533,0.016245190054178238,-0.26853126287460327,0.1123063713312149,0.16973651945590973,0.2378169447183609,0.15738056600093842,0.19083508849143982,0.09200263023376465,0.1429155021905899,-0.02281607687473297,-0.5284432172775269,0.1404958963394165,0.8372626900672913,-0.7762159705162048,-0.47940075397491455,-0.40946778655052185,0.3030087947845459,-0.3736594319343567,-0.05889043211936951,-0.7968927621841431,-0.2701842486858368,-0.5403354167938232,0.4650711715221405,0.29649174213409424,-0.8341470956802368,0.3350698947906494,0.0030333667527884245,-0.03100002557039261,0.5093839168548584,-0.8605393767356873,-5.515940983968903e-07,0.8605393767356873,0.5093839168548584,2.5102244194386003e-07,0.3777311146259308,0.1543697714805603,-0.030999936163425446,0.29240867495536804,-0.14830303192138672,-0.03100011497735977
76,0.6668314337730408,0.5625197887420654,-0.6504870653152466,0.7102931141853333,-0.2753484845161438,1.2528618574142456,1.5768333673477173,0.7308819890022278,-0.369958758354187,-0.49756598472595215,0.44589176774024963,-0.16737273335456848,-0.4296744167804718,0.2337351143360138,0.40209585428237915,0.9067105054855347,-0.1960529088973999,-0.3926001191139221,-0.38696014881134033,0.0605691634118557,1.2215617895126343,0.44274991750717163,-0.5006974935531616,0.7309669852256775,0.1897752434015274,-0.05251773074269295,-0.21592696011066437,0.0952676311135292,0.05299180746078491,0.474634051322937,0.0616479367017746,0.2403285801410675,0.09200596809387207,0.14363162219524384,-0.02142341434955597,-0.5405486822128296,0.14838166534900665,0.8281245827674866,-0.767962634563446,-0.48899710178375244,-0.41366106271743774,0.30901312828063965,-0.36423566937446594,-0.05370447039604187,-0.784353494644165,-0.2576676905155182,-0.5642669200897217,0.4819156527519226,0.3196314573287964,-0.8158389329910278,0.3350698947906494,0.0030335045885294676,-0.03100007027387619,0.509384036064148,-0.8605393767356873,-4.3171323227397806e-07,0.8605393767356873,0.509384036064148,2.2297410851024324e-07,0.3777311146259308,0.15436992049217224,-0.03099999949336052,0.29240867495536804,-0.14830291271209717,-0.03100014105439186
77,0.6417391896247864,0.5304887890815735,-0.6203175783157349,0.6977752447128296,-0.3041881024837494,1.256422758102417,1.6230028867721558,0.7308874130249023,-0.36786192655563354,-0.4670061469078064,0.4289570450782776,-0.15656587481498718,-0.33012139797210693,0.24770507216453552,0.4006819725036621,0.9739985466003418,-0.1914869248867035,-0.391748309135437,-0.38370266556739807,0.060251880437135696,1.219438076019287,0.4703209698200226,-0.5269577503204346,0.731231689453125,0.029912114143371582,0.05051547288894653,0.09268742054700851,0.06428756564855576,-0.06452818959951401,0.5013905763626099,-0.24256791174411774,0.07377701997756958,0.0920097827911377,0.14444312453269958,-0.02021186798810959,-0.5539718866348267,0.1579664945602417,0.8174116611480713,-0.7599658966064453,-0.4968644380569458,-0.4190199375152588,0.30979180335998535,-0.35191619396209717,-0.05186737701296806,-0.7653653621673584,-0.2852517366409302,-0.5769293904304504,0.47809961438179016,0.3481127619743347,-0.806373655796051,0.3350698947906494,0.0030333874747157097,-0.03100002557039261,0.5093839168548584,-0.860539436340332,-6.491519002338464e-07,0.860539436340332,0.5093839168548584,5.964951128589746e-07,0.3777311444282532,0.1543698012828827,-0.030999887734651566,0.29240864515304565,-0.14830303192138672,-0.03100016340613365
78,0.6170699596405029,0.5028201937675476,-0.592009425163269,0.6866573095321655,-0.32880449295043945,1.2593311071395874,1.6673130989074707,0.7308738231658936,-0.3647027909755707,-0.3944910168647766,0.3990796208381653,-0.13366955518722534,-0.20482631027698517,0.23654323816299438,0.4146592915058136,1.091693639755249,-0.1900080293416977,-0.3936488628387451,-0.3621412515640259,0.05818737670779228,1.2022753953933716,0.49896952509880066,-0.5520613789558411,0.7313268780708313,-0.002059105783700943,0.023908881470561028,0.3628348708152771,0.04494491219520569,-0.16052031517028809,0.5234054923057556,-0.3249008357524872,-0.012405406683683395,0.09201741218566895,0.1450776606798172,-0.01935938000679016,-0.567778468132019,0.1699303388595581,0.805450975894928,-0.7527961134910583,-0.503065824508667,-0.4245263934135437,0.3084433078765869,-0.336366206407547,-0.05051112547516823,-0.7371237277984619,-0.3383437991142273,-0.5849548578262329,0.4616745114326477,0.3799663782119751,-0.8015499114990234,0.3350698947906494,0.003033475950360298,-0.03100007027387619,0.509384036064148,-0.8605393767356873,-5.736065986639005e-07,0.8605393767356873,0.509384036064148,1.5208627246465767e-07,0.3777311146259308,0.15436989068984985,-0.030999992042779922,0.29240867495536804,-0.14830294251441956,-0.031000148504972458
79,0.5934210419654846,0.4816587567329407,-0.5635190010070801,0.6772698760032654,-0.35088786482810974,1.2616347074508667,1.7123459577560425,0.7309289574623108,-0.32671648263931274,-0.29500114917755127,0.3921203911304474,-0.18174158036708832,-0.38909903168678284,-0.0885421633720398,0.7638633847236633,-0.37647730112075806,-0.18773645162582397,-0.3949349820613861,-0.3340775966644287,0.05567852780222893,1.1870471239089966,0.5274702906608582,-0.5657376050949097,0.7311843633651733,0.020567074418067932,0.02913999743759632,0.4051752984523773,0.03261478990316391,-0.48085129261016846,0.5302484631538391,0.08524033427238464,-0.07643616199493408,0.09201884269714355,0.14528058469295502,-0.018842056393623352,-0.5809410810470581,0.1848120540380478,0.7926866412162781,-0.745894730091095,-0.5107018947601318,-0.4275800585746765,0.30562424659729004,-0.31953203678131104,-0.04964122548699379,-0.7105350494384766,-0.38389450311660767,-0.5897162556648254,0.43971890211105347,0.4120437502861023,-0.7980397343635559,0.3350698947906494,0.0030334799084812403,-0.03100007027387619,0.5093839168548584,-0.860539436340332,-5.494545121109695e-07,0.860539436340332,0.5093839168548584,2.8818436703659245e-07,0.3777311444282532,0.15436989068984985,-0.03099997714161873,0.29240864515304565,-0.14830294251441956,-0.03100016340613365
80,0.5706025958061218,0.4633556008338928,-0.5314031839370728,0.6675106287002563,-0.3734102249145508,1.2643606662750244,1.761529803276062,0.7309287190437317,-0.29679766297340393,-0.25728487968444824,0.4435443580150604,-0.20142273604869843,-0.3565444052219391,-0.10100320726633072,0.8936948180198669,-0.37948915362358093,-0.18522728979587555,-0.3874956965446472,-0.3055163025856018,0.053630225360393524,1.2014439105987549,0.5551117658615112,-0.5669515132904053,0.7310372591018677,0.0272841639816761,0.16675220429897308,0.3805263042449951,0.04336884617805481,-0.26226770877838135,0.5200584530830383,0.3884921967983246,-0.008908350020647049,0.09201550483703613,0.1454555094242096,-0.01832316815853119,-0.5942217111587524,0.20079836249351501,0.7788329124450684,-0.7375450730323792,-0.5222920179367065,-0.42806345224380493,0.30263447761535645,-0.30308201909065247,-0.04973837360739708,-0.7029625177383423,-0.39136427640914917,-0.5938667058944702,0.42247724533081055,0.4419384002685547,-0.7913301587104797,0.3350698947906494,0.0030333870090544224,-0.03100002557039261,0.5093839168548584,-0.860539436340332,-7.292658210644731e-07,0.860539436340332,0.5093839168548584,2.827327705290372e-07,0.3777311444282532,0.1543698012828827,-0.030999913811683655,0.29240864515304565,-0.14830303192138672,-0.031000137329101562
81,0.5486148595809937,0.4472103416919708,-0.5016472935676575,0.6588196754455566,-0.39293959736824036,1.2671334743499756,1.807883381843567,0.730932354927063,-0.31088510155677795,-0.23550184071063995,0.4070358872413635,-0.14566540718078613,-0.2584370970726013,0.04310307651758194,0.6547287702560425,0.20789355039596558,-0.17771513760089874,-0.37764012813568115,-0.2762748599052429,0.05156845226883888,1.2204055786132812,0.5815907120704651,-0.5628443360328674,0.731052041053772,0.11172020435333252,0.1972452998161316,0.4037957787513733,0.043364737182855606,-0.13743039965629578,0.5022204518318176,0.42422598600387573,-0.011597237549722195,0.09201931953430176,0.14562535285949707,-0.01785566657781601,-0.6072497367858887,0.21718242764472961,0.7642511129379272,-0.7300684452056885,-0.5320180654525757,-0.4289020001888275,0.2986299991607666,-0.28547799587249756,-0.05023221671581268,-0.699588418006897,-0.39415618777275085,-0.5960010290145874,0.40205100178718567,0.4723992347717285,-0.7843430638313293,0.3350698947906494,0.0030334775801748037,-0.03100007027387619,0.5093839168548584,-0.860539436340332,-5.706223191737081e-07,0.860539436340332,0.5093839168548584,2.0051945170962426e-07,0.3777311444282532,0.15436989068984985,-0.030999984592199326,0.29240864515304565,-0.14830294251441956,-0.031000155955553055
82,0.5260649919509888,0.42144009470939636,-0.476572185754776,0.6496734619140625,-0.4048043191432953,1.2727454900741577,1.847205638885498,0.7309081554412842,-0.3338700830936432,-0.4133957624435425,0.3335278332233429,-0.1037873774766922,0.09785182029008865,0.2261243462562561,0.4816078841686249,0.9053472280502319,-0.16256985068321228,-0.3739381730556488,-0.24556311964988708,0.050315409898757935,1.2275176048278809,0.6083412766456604,-0.5657776594161987,0.731037437915802,0.23176899552345276,0.06736922264099121,0.41335028409957886,0.05353929102420807,-0.40131837129592896,0.508215606212616,0.3877662122249603,-0.056094057857990265,0.09202122688293457,0.14811140298843384,-0.016895532608032227,-0.6218329668045044,0.23253387212753296,0.747831404209137,-0.7253379225730896,-0.5310814380645752,-0.43799251317977905,0.29410767555236816,-0.26589447259902954,-0.04928145185112953,-0.6806924343109131,-0.41946175694465637,-0.600591242313385,0.37511053681373596,0.5046346187591553,-0.7775834798812866,0.3350698947906494,0.0030333881732076406,-0.03100002557039261,0.5093839168548584,-0.860539436340332,-6.557992264788481e-07,0.860539436340332,0.5093839168548584,5.741974291595398e-07,0.3777311444282532,0.1543698012828827,-0.030999887734651566,0.29240864515304565,-0.14830303192138672,-0.03100016340613365
83,0.5033577084541321,0.39012259244918823,-0.45204684138298035,0.6401842832565308,-0.4101433753967285,1.2799201011657715,1.8849421739578247,0.7308996915817261,-0.31826508045196533,-0.4797702133655548,0.3343890905380249,-0.11467927694320679,0.17700448632240295,0.22776108980178833,0.4819245934486389,0.8572382926940918,-0.1408606767654419,-0.3755171298980713,-0.21642735600471497,0.04856708645820618,1.2186143398284912,0.6364254355430603,-0.5735385417938232,0.7310708165168762,0.4586102366447449,0.027773145586252213,-0.13262295722961426,0.07823668420314789,-0.5529298782348633,0.5272295475006104,0.18847163021564484,0.059073593467473984,0.09202265739440918,0.1527089774608612,-0.01584131270647049,-0.6374537944793701,0.2489841878414154,0.7291498184204102,-0.7218608856201172,-0.5238661766052246,-0.4521958827972412,0.28693652153015137,-0.2446013242006302,-0.04776094853878021,-0.6463793516159058,-0.46341150999069214,-0.6061712503433228,0.3380407691001892,0.5382981300354004,-0.771986722946167,0.3350698947906494,0.003033478045836091,-0.03100007027387619,0.509384036064148,-0.8605393767356873,-5.696833227375464e-07,0.8605393767356873,0.509384036064148,1.2991593223432574e-07,0.3777311146259308,0.15436989068984985,-0.030999992042779922,0.29240867495536804,-0.14830294251441956,-0.031000148504972458
84,0.48059406876564026,0.358396977186203,-0.4270504117012024,0.6304518580436707,-0.41389089822769165,1.2872446775436401,1.9229989051818848,0.7309021949768066,-0.32029110193252563,-0.476174533367157,0.338736891746521,-0.11700757592916489,0.18854418396949768,0.22636185586452484,0.48289909958839417,0.8838533163070679,-0.1274699717760086,-0.35657769441604614,-0.205241858959198,0.049251966178417206,1.2297569513320923,0.6612333655357361,-0.5638141632080078,0.7312935590744019,0.6442958116531372,0.368023544549942,-0.6425244808197021,0.10743194818496704,-0.15872682631015778,0.40725329518318176,0.2709389626979828,0.02387140691280365,0.09202027320861816,0.15749984979629517,-0.014614507555961609,-0.652620792388916,0.26672711968421936,0.7091846466064453,-0.7181532979011536,-0.5161373615264893,-0.46675288677215576,0.27922701835632324,-0.22968174517154694,-0.049231547862291336,-0.6533398628234863,-0.4564249813556671,-0.6040061712265015,0.3110753297805786,0.5655155181884766,-0.7638221979141235,0.3350698947906494,0.0030334503389894962,-0.031000036746263504,0.5093839168548584,-0.8605393767356873,6.679897524008993e-08,0.8605393767356873,0.5093839168548584,8.621177585155237e-07,0.3777311146259308,0.15436984598636627,-0.03099994733929634,0.29240867495536804,-0.14830295741558075,-0.031000126153230667
85,0.45786842703819275,0.3263956308364868,-0.4026581943035126,0.6207197308540344,-0.41562169790267944,1.2943518161773682,1.9610776901245117,0.7309058904647827,-0.32254526019096375,-0.48306384682655334,0.3280322849750519,-0.11661767959594727,0.21665000915527344,0.22188466787338257,0.4852101802825928,0.8987266421318054,-0.11662926524877548,-0.3307817876338959,-0.1972164660692215,0.0521109402179718,1.2461934089660645,0.6628440618515015,-0.5375602841377258,0.7314194440841675,0.7340055704116821,0.43542683124542236,-0.7384563088417053,0.11258494853973389,-0.10976654291152954,0.052104558795690536,0.5127440690994263,-0.1318279504776001,0.09202122688293457,0.16242805123329163,-0.013287879526615143,-0.6671500205993652,0.28639933466911316,0.687667191028595,-0.7145159244537354,-0.5070861577987671,-0.48200666904449463,0.2732384204864502,-0.22443659603595734,-0.05428021028637886,-0.6828532218933105,-0.4363718032836914,-0.5859105587005615,0.29193314909935,0.572199821472168,-0.7663957476615906,0.3350698947906494,0.003033385146409273,-0.03100002557039261,0.509384036064148,-0.8605393767356873,-7.521873612859054e-07,0.8605393767356873,0.509384036064148,2.792592965761287e-07,0.3777311146259308,0.1543698012828827,-0.030999913811683655,0.29240867495536804,-0.14830303192138672,-0.031000137329101562
86,0.43620219826698303,0.2925092279911041,-0.3803429901599884,0.6101788282394409,-0.41555795073509216,1.3010414838790894,1.9990829229354858,0.7309046387672424,-0.3113802969455719,-0.5157907009124756,0.2975826859474182,-0.12892641127109528,0.2322726547718048,0.2137472927570343,0.48242056369781494,0.8943909406661987,-0.10859658569097519,-0.30544930696487427,-0.18940921127796173,0.05508968606591225,1.2550275325775146,0.6481945514678955,-0.5090155005455017,0.7315110564231873,0.7736730575561523,0.4195016920566559,-0.8149429559707642,0.11002065986394882,-0.20476402342319489,-0.19715657830238342,0.5479683876037598,-0.24168287217617035,0.09201979637145996,0.16747067868709564,-0.011758632957935333,-0.681238055229187,0.30794835090637207,0.6641403436660767,-0.7105650305747986,-0.4963911771774292,-0.4986914396286011,0.2674086093902588,-0.22581151127815247,-0.061792220920324326,-0.7133398056030273,-0.42386355996131897,-0.5581093430519104,0.27405107021331787,0.5642437934875488,-0.7787970900535583,0.3350698947906494,0.0030334792099893093,-0.03100007027387619,0.509384036064148,-0.8605393767356873,-5.722885134673561e-07,0.8605393767356873,0.509384036064148,1.9851805177495407e-07,0.3777311146259308,0.15436989068984985,-0.030999984592199326,0.29240867495536804,-0.14830294251441956,-0.031000155955553055
87,0.41703325510025024,0.2582360506057739,-0.35618823766708374,0.5984009504318237,-0.4139118492603302,1.3076093196868896,2.036015272140503,0.7308897972106934,-0.23951409757137299,-0.5122454762458801,0.3407743275165558,-0.15550731122493744,0.23863762617111206,0.2025665044784546,0.47699296474456787,0.8497186899185181,-0.10434598475694656,-0.28375622630119324,-0.18228793144226074,0.058817654848098755,1.264515995979309,0.6331777572631836,-0.4779980182647705,0.7312774062156677,0.6136889457702637,0.08074627816677094,-0.7185509204864502,0.10719053447246552,-0.700382649898529,-0.1824556440114975,1.2367730140686035,1.4250622987747192,0.09202027320861816,0.1731141060590744,-0.010154902935028076,-0.6944335699081421,0.32686445116996765,0.641031801700592,-0.7049382328987122,-0.48770594596862793,-0.514980673789978,0.2636244297027588,-0.22874556481838226,-0.06807549297809601,-0.7436637878417969,-0.40567874908447266,-0.5314027070999146,0.26216796040534973,0.5542339086532593,-0.7899953722953796,0.3350698947906494,0.0030333877075463533,-0.03100002557039261,0.5093839168548584,-0.860539436340332,-6.551383080477535e-07,0.860539436340332,0.5093839168548584,5.764347861259012e-07,0.3777311444282532,0.1543698012828827,-0.030999887734651566,0.29240864515304565,-0.14830303192138672,-0.03100016340613365
88,0.4132765233516693,0.22412601113319397,-0.3313957452774048,0.584256112575531,-0.4093344807624817,1.31690514087677,2.0712578296661377,0.7308405041694641,0.07082115858793259,-0.49966949224472046,0.37856781482696533,-0.20748679339885712,0.24210788309574127,0.23169833421707153,0.46863850951194763,0.7457494735717773,-0.10234329104423523,-0.28337058424949646,-0.17426955699920654,0.0626969188451767,1.258346676826477,0.6304528713226318,-0.4424898028373718,0.7312458753585815,0.6046473383903503,0.008704077452421188,-0.561638593673706,0.07607991993427277,-0.5615829229354858,-0.23422080278396606,0.7212982177734375,0.9832165837287903,0.09202408790588379,0.1804099678993225,-0.007733680307865143,-0.707837700843811,0.33644717931747437,0.6211029887199402,-0.6950374245643616,-0.48863720893859863,-0.5274053812026978,0.2640550136566162,-0.22863444685935974,-0.06814450025558472,-0.7579278945922852,-0.39468568563461304,-0.519392728805542,0.2565155327320099,0.5517399311065674,-0.7935885787010193,0.3350698947906494,0.0030334738548845053,-0.03100007027387619,0.5093839168548584,-0.860539436340332,-5.7022703003895e-07,0.860539436340332,0.5093839168548584,1.341335433835411e-07,0.3777311444282532,0.15436989068984985,-0.030999992042779922,0.29240864515304565,-0.14830294251441956,-0.031000148504972458
89,0.4148009121417999,0.19043880701065063,-0.3070240616798401,0.5695359110832214,-0.4051385223865509,1.327219009399414,2.106201171875,0.7308346033096313,0.0790737196803093,-0.5026859045028687,0.34581440687179565,-0.20419469475746155,0.24064543843269348,0.22739750146865845,0.48659178614616394,0.7970534563064575,-0.09795721620321274,-0.2855475842952728,-0.1669946312904358,0.06479252129793167,1.254483699798584,0.6252469420433044,-0.39506635069847107,0.7313143610954285,0.7081568837165833,-0.004205338656902313,-0.7050800919532776,0.07468590885400772,-0.6539801359176636,-0.2088831663131714,1.059682011604309,1.0032273530960083,0.0920255184173584,0.18736857175827026,-0.004802346229553223,-0.7215538024902344,0.34305039048194885,0.6013955473899841,-0.6831260323524475,-0.4941270351409912,-0.537752091884613,0.2646176815032959,-0.22862398624420166,-0.06817732006311417,-0.7786341905593872,-0.3742319345474243,-0.5036658644676208,0.25251948833465576,0.5479306578636169,-0.7974998354911804,0.3350698947906494,0.0030334796756505966,-0.03100007027387619,0.5093839168548584,-0.860539436340332,-5.647382863571693e-07,0.860539436340332,0.5093839168548584,2.73842204023822e-07,0.3777311444282532,0.15436989068984985,-0.03099997714161873,0.29240864515304565,-0.14830294251441956,-0.03100016340613365
90,0.4185505509376526,0.15659686923027039,-0.282856285572052,0.5546936392784119,-0.4011942744255066,1.3381497859954834,2.141782283782959,0.7308170199394226,0.13904672861099243,-0.5022741556167603,0.34986478090286255,-0.20801040530204773,0.24648872017860413,0.24429787695407867,0.48867905139923096,0.8674862384796143,-0.08729662746191025,-0.3005535304546356,-0.14829467236995697,0.060384612530469894,1.2531638145446777,0.6094608902931213,-0.36367055773735046,0.7311221361160278,0.1957331746816635,-0.2967144846916199,0.3466235101222992,-0.11472270637750626,-0.1660809963941574,-0.39266642928123474,0.4515959918498993,0.44004324078559875,0.09202837944030762,0.19386571645736694,-0.0015349239110946655,-0.7356675863265991,0.3489326536655426,0.580551028251648,-0.6698612570762634,-0.5018327236175537,-0.5472203493118286,0.26480984687805176,-0.2281925082206726,-0.06820053607225418,-0.7817295789718628,-0.38032472133636475,-0.49421870708465576,0.2481934130191803,0.5372915267944336,-0.8060507774353027,0.3350698947906494,0.003033385844901204,-0.03100002557039261,0.5093839168548584,-0.860539436340332,-7.455877835127467e-07,0.860539436340332,0.5093839168548584,2.734161625994602e-07,0.3777311444282532,0.1543698012828827,-0.030999913811683655,0.29240864515304565,-0.14830303192138672,-0.031000137329101562
91,0.43809136748313904,0.12291772663593292,-0.26320773363113403,0.5383184552192688,-0.39402395486831665,1.3490779399871826,2.1785728931427,0.7307579517364502,0.4519767761230469,-0.4939340353012085,0.3220857083797455,-0.23742876946926117,0.31086352467536926,0.27391278743743896,0.4547692537307739,0.9975752234458923,-0.06534634530544281,-0.3255019187927246,-0.12235106527805328,0.05305309593677521,1.2456777095794678,0.5833459496498108,-0.32628440856933594,0.7314502000808716,0.4140247106552124,-0.2905179262161255,0.26964235305786133,-0.02858348935842514,-0.6032552123069763,-0.4242226183414459,0.9776483774185181,0.8103784918785095,0.0919654369354248,0.20151951909065247,0.0017423927783966064,-0.751833438873291,0.3492808938026428,0.5592399835586548,-0.6526053547859192,-0.5152273178100586,-0.5555602312088013,0.2648947238922119,-0.22748257219791412,-0.06809006631374359,-0.776090145111084,-0.40426188707351685,-0.4840005338191986,0.24069730937480927,0.5195000171661377,-0.8198686242103577,0.3350698947906494,0.003033480141311884,-0.03100007027387619,0.5093839168548584,-0.860539436340332,-5.706294246010657e-07,0.860539436340332,0.5093839168548584,1.8901801013271324e-07,0.3777311444282532,0.15436989068984985,-0.030999988317489624,0.29240864515304565,-0.14830294251441956,-0.031000152230262756
92,0.4679493308067322,0.0893537774682045,-0.24185550212860107,0.5213524699211121,-0.38492271304130554,1.364610195159912,2.2169013023376465,0.7307338714599609,0.6097058653831482,-0.49068182706832886,0.3288843631744385,-0.24895891547203064,0.3308156430721283,0.37193530797958374,0.3929203152656555,1.1238282918930054,-0.03659621253609657,-0.35314157605171204,-0.09528490155935287,0.04897812753915787,1.2319824695587158,0.5567543506622314,-0.29555898904800415,0.7313714623451233,0.4647546410560608,-0.38637885451316833,0.34844303131103516,-0.028141945600509644,-0.20300869643688202,-0.3192611336708069,0.4766371548175812,-0.12717758119106293,0.09110283851623535,0.20973090827465057,0.006101056933403015,-0.7686988115310669,0.3440917730331421,0.5391688346862793,-0.6323314309120178,-0.5356482267379761,-0.5596767067909241,0.26697564125061035,-0.22580014169216156,-0.0663657933473587,-0.756912350654602,-0.44407784938812256,-0.47945645451545715,0.23417088389396667,0.5006398558616638,-0.8333808779716492,0.3350698947906494,0.003033449174836278,-0.031000036746263504,0.5093837976455688,-0.8605394959449768,-5.498159083572318e-08,0.8605394959449768,0.5093837976455688,5.608302444670699e-07,0.3777311444282532,0.15436984598636627,-0.030999965965747833,0.29240864515304565,-0.14830295741558075,-0.031000107526779175
93,0.5018461346626282,0.056333307176828384,-0.21893109381198883,0.5049220323562622,-0.37173718214035034,1.3858296871185303,2.2510526180267334,0.7307385206222534,0.6526802182197571,-0.47999051213264465,0.35292935371398926,-0.25396212935447693,0.4079457223415375,0.435065358877182,0.2641580104827881,1.1963505744934082,-0.0064428518526256084,-0.38183873891830444,-0.07087904959917068,0.0566108375787735,1.2249575853347778,0.5291278958320618,-0.26619553565979004,0.7310336232185364,0.44066697359085083,-0.4618876278400421,0.35298383235931396,0.14578072726726532,-0.09851722419261932,-0.3885951340198517,0.41000255942344666,-0.018954606726765633,0.08831954002380371,0.2181757688522339,0.011670581996440887,-0.7828693389892578,0.33509719371795654,0.524237871170044,-0.6132975816726685,-0.5575265884399414,-0.5594907999038696,0.2783796787261963,-0.2248898446559906,-0.0596449077129364,-0.7324297428131104,-0.47642233967781067,-0.48638302087783813,0.24614572525024414,0.480771005153656,-0.8415886759757996,0.3350698947906494,0.0030333655886352062,-0.03100002557039261,0.509384036064148,-0.8605393171310425,-5.719544446947111e-07,0.8605393171310425,0.509384036064148,2.5629577748986776e-07,0.3777310848236084,0.1543697863817215,-0.030999936163425446,0.29240867495536804,-0.1483030468225479,-0.03100011497735977
94,0.5324872732162476,0.026324540376663208,-0.19250904023647308,0.498027503490448,-0.3431042730808258,1.415216326713562,2.26245379447937,0.730796754360199,0.6042318940162659,-0.4582909643650055,0.410674124956131,-0.0882396250963211,0.4389699101448059,0.42072057723999023,0.13616743683815002,0.2628682851791382,0.023702720180153847,-0.4103248715400696,-0.055516794323921204,0.08223213255405426,1.2136882543563843,0.5014035105705261,-0.2366415560245514,0.7309949398040771,0.43329888582229614,-0.4896544814109802,0.22244830429553986,0.501515805721283,-0.159123495221138,-0.3964358866214752,0.4117591977119446,-0.0024418383836746216,0.08399224281311035,0.2302337884902954,0.0183107927441597,-0.7885944843292236,0.3183497190475464,0.5260913372039795,-0.6028631329536438,-0.5688118934631348,-0.5594719648361206,0.30150580406188965,-0.22483821213245392,-0.04519079625606537,-0.7001310586929321,-0.5024715065956116,-0.507286012172699,0.2788073420524597,0.461678147315979,-0.8420925736427307,0.3350698947906494,0.0030334496404975653,-0.031000036746263504,0.5093839168548584,-0.8605393767356873,5.520192303265503e-08,0.8605393767356873,0.5093839168548584,8.541543365936377e-07,0.3777311146259308,0.15436984598636627,-0.03099994733929634,0.29240867495536804,-0.14830295741558075,-0.031000126153230667
95,0.5638712048530579,-0.003152422374114394,-0.16889959573745728,0.49096181988716125,-0.31807079911231995,1.4448738098144531,2.2651894092559814,0.7308021187782288,0.5827500820159912,-0.4435243010520935,0.3604879379272461,-0.09970381110906601,0.35541218519210815,0.418067067861557,0.037219807505607605,0.255748987197876,0.05411732941865921,-0.4393217861652374,-0.05823437497019768,0.11123088002204895,1.2346582412719727,0.47217699885368347,-0.2071584165096283,0.7307387590408325,0.414459764957428,-0.4720403552055359,-0.04378494992852211,0.48656776547431946,0.287954181432724,-0.4193066358566284,0.41457557678222656,0.3655581772327423,0.07915234565734863,0.24012985825538635,0.025369778275489807,-0.7929596900939941,0.2949407994747162,0.53312748670578,-0.5915127396583557,-0.5824081897735596,-0.5575960278511047,0.33095622062683105,-0.225166916847229,-0.024646416306495667,-0.6865735054016113,-0.4833831489086151,-0.5430999398231506,0.336880087852478,0.45045626163482666,-0.8268016576766968,0.3350698947906494,0.003033448476344347,-0.031000036746263504,0.5093839168548584,-0.8605393767356873,-2.4372837970076944e-08,0.8605393767356873,0.5093839168548584,6.157729330880102e-07,0.3777311146259308,0.15436984598636627,-0.030999962240457535,0.29240867495536804,-0.14830295741558075,-0.031000111252069473
96,0.5958269834518433,-0.02748876065015793,-0.14728008210659027,0.4732068181037903,-0.3068642020225525,1.4743982553482056,2.240706205368042,0.7308792471885681,0.5781471729278564,-0.32460612058639526,0.32871848344802856,-0.30551034212112427,0.16042844951152802,0.4255945682525635,-0.34433457255363464,0.16297218203544617,0.08380452543497086,-0.46183767914772034,-0.06231430545449257,0.14173109829425812,1.2556942701339722,0.4424508512020111,-0.17762203514575958,0.7307390570640564,0.4276041090488434,-0.36510923504829407,-0.049841541796922684,0.5035035610198975,0.285893976688385,-0.4214473068714142,0.4154633581638336,0.3087010383605957,0.0707099437713623,0.2422076314687729,0.03328235447406769,-0.7882888317108154,0.24966412782669067,0.5623776316642761,-0.5790804028511047,-0.6099975109100342,-0.540896475315094,0.3581826686859131,-0.22499333322048187,-0.00330980122089386,-0.6746001243591309,-0.4600735306739807,-0.5772756338119507,0.39085596799850464,0.44078630208969116,-0.8080464601516724,0.3350698947906494,0.0030334736220538616,-0.03100007027387619,0.5093839168548584,-0.860539436340332,-5.674522753906786e-07,0.860539436340332,0.5093839168548584,1.4812849258305505e-07,0.3777311444282532,0.15436989068984985,-0.030999992042779922,0.29240864515304565,-0.14830294251441956,-0.031000148504972458
97,0.6268845796585083,-0.02999367006123066,-0.12674900889396667,0.4602961540222168,-0.309358149766922,1.5041950941085815,2.213754653930664,0.7309314608573914,0.5755351185798645,0.016674688085913658,0.31643807888031006,-0.2130168080329895,-0.034392666071653366,0.4222449064254761,-0.3780266344547272,0.09402312338352203,0.11394105851650238,-0.47258472442626953,-0.07710614800453186,0.1728133112192154,1.2793899774551392,0.41276609897613525,-0.14809685945510864,0.7307784557342529,0.413717120885849,-0.1736956089735031,-0.211138054728508,0.4901440441608429,0.3240731656551361,-0.4236561954021454,0.41572752594947815,0.2677633464336395,0.0639488697052002,0.23769217729568481,0.041954219341278076,-0.775446891784668,0.20595210790634155,0.5968803763389587,-0.5635761618614197,-0.6520190238952637,-0.5072015523910522,0.382185697555542,-0.2262548804283142,0.016124218702316284,-0.6724228858947754,-0.4234321713447571,-0.6070853471755981,0.4388481378555298,0.43240851163864136,-0.7876770496368408,0.3350698947906494,0.003033480839803815,-0.03100007027387619,0.5093839168548584,-0.860539436340332,-5.486952545652457e-07,0.860539436340332,0.5093839168548584,2.874605229408189e-07,0.3777311444282532,0.15436989068984985,-0.03099997714161873,0.29240864515304565,-0.14830294251441956,-0.03100016340613365
98,0.6601797938346863,-0.024370091035962105,-0.11876627802848816,0.45584169030189514,-0.31151172518730164,1.534063458442688,2.1853601932525635,0.7310036420822144,0.521161675453186,0.09272126853466034,0.12326639890670776,-0.0642847865819931,-0.030592361465096474,0.41961753368377686,-0.39746779203414917,0.001501242513768375,0.1439771205186844,-0.46337106823921204,-0.10194912552833557,0.20426374673843384,1.306654453277588,0.3830105662345886,-0.11850640922784805,0.7309564352035522,0.4071376323699951,0.1526917815208435,-0.35566946864128113,0.46415314078330994,0.37888941168785095,-0.42296794056892395,0.4156014025211334,0.03108380176126957,0.05934023857116699,0.2332402467727661,0.05076692998409271,-0.7563530206680298,0.17272473871707916,0.6309488415718079,-0.5513463020324707,-0.687404990196228,-0.47274911403656006,0.4013783931732178,-0.23042817413806915,0.02897646278142929,-0.6854240894317627,-0.3736661672592163,-0.6249539256095886,0.47443637251853943,0.4218992590904236,-0.7726002931594849,0.3350698947906494,0.0030333863105624914,-0.03100002557039261,0.5093839168548584,-0.860539436340332,-7.319811743400351e-07,0.860539436340332,0.5093839168548584,2.8265773721614096e-07,0.3777311444282532,0.1543698012828827,-0.030999913811683655,0.29240864515304565,-0.14830303192138672,-0.031000137329101562
99,0.6912709474563599,-0.02563563548028469,-0.11758135259151459,0.46541813015937805,-0.3127707839012146,1.558950662612915,2.1576955318450928,0.7310656309127808,0.5251361727714539,-0.0759667456150055,0.026379266753792763,0.11488569527864456,-0.06493382155895233,0.39656972885131836,-0.46291014552116394,0.1460016965866089,0.17384746670722961,-0.44815436005592346,-0.13069793581962585,0.23465129733085632,1.334436297416687,0.3532886207103729,-0.08886177092790604,0.7309748530387878,0.4048910140991211,0.21124069392681122,-0.4085869789123535,0.46588632464408875,0.3872261047363281,-0.4230054020881653,0.4151107370853424,0.0031953996513038874,0.06228756904602051,0.2338336855173111,0.057620108127593994,-0.7460911273956299,0.13925980031490326,0.6511182188987732,-0.5337871313095093,-0.7096419334411621,-0.45986923575401306,0.4181559085845947,-0.23647233843803406,0.03877866268157959,-0.7021286487579346,-0.31841936707496643,-0.6368867754936218,0.5044832825660706,0.4087672829627991,-0.7605301141738892,0.3350698947906494,0.0030334771145135164,-0.03100007027387619,0.5093839168548584,-0.860539436340332,-5.624052619168651e-07,0.860539436340332,0.5093839168548584,1.9830309838653193e-07,0.3777311444282532,0.15436989068984985,-0.030999988317489624,0.29240864515304565,-0.14830294251441956,-0.031000152230262756
100,0.7194809913635254,-0.030690334737300873,-0.11446060240268707,0.48365986347198486,-0.30839741230010986,1.5886629819869995,2.128572940826416,0.7308399677276611,0.507743239402771,-0.1069452315568924,0.06891586631536484,0.3043716847896576,0.06960278749465942,0.4132019281387329,-0.4078775942325592,0.20073053240776062,0.20365844666957855,-0.4420490562915802,-0.16026785969734192,0.26367273926734924,1.3508871793746948,0.32388147711753845,-0.05920850858092308,0.7308709621429443,0.40289396047592163,0.040840212255716324,-0.41808608174324036,0.47202861309051514,0.22476686537265778,-0.4198932945728302,0.4155491292476654,0.155916228890419,0.06676793098449707,0.23804356157779694,0.06525766849517822,-0.735987663269043,0.10691742599010468,0.6684991717338562,-0.5177310109138489,-0.725132942199707,-0.45402342081069946,0.4350879192352295,-0.24310746788978577,0.05122995376586914,-0.7085248231887817,-0.2704816162586212,-0.6517915725708008,0.536034107208252,0.39444422721862793,-0.7463786602020264,0.3350698947906494,0.0030333870090544224,-0.03100002557039261,0.5093839168548584,-0.860539436340332,-6.618478778364079e-07,0.860539436340332,0.5093839168548584,5.774525106971851e-07,0.3777311444282532,0.1543698012828827,-0.030999887734651566,0.29240864515304565,-0.14830303192138672,-0.03100016340613365
101,0.7478072047233582,-0.0431244820356369,-0.11272545903921127,0.5098387598991394,-0.29173144698143005,1.61839759349823,2.0990850925445557,0.7307882308959961,0.4918539226055145,-0.23945870995521545,0.04633624851703644,0.4335956871509552,0.2367704063653946,0.40950435400009155,-0.41303572058677673,0.26489752531051636,0.23339730501174927,-0.4464634358882904,-0.18991394340991974,0.29252421855926514,1.344154715538025,0.29574593901634216,-0.029556209221482277,0.7308335900306702,0.40293949842453003,-0.12312515825033188,-0.41678687930107117,0.48220914602279663,-0.10171481966972351,-0.402119904756546,0.4154054522514343,0.16735072433948517,0.07137560844421387,0.2485118806362152,0.07203221321105957,-0.7284058332443237,0.07340491563081741,0.6812024712562561,-0.5064064264297485,-0.7273757457733154,-0.46311694383621216,0.45255303382873535,-0.24956662952899933,0.06783467531204224,-0.7004654407501221,-0.24174486100673676,-0.6714967489242554,0.5682161450386047,0.380398690700531,-0.7296761274337769,0.3350698947906494,0.003033385379239917,-0.03100002557039261,0.5093839168548584,-0.8605393767356873,-7.232131338241743e-07,0.8605393767356873,0.5093839168548584,3.3584521474949725e-07,0.3777311146259308,0.1543697863817215,-0.030999910086393356,0.29240867495536804,-0.14830301702022552,-0.03100014105439186
102,0.7746971249580383,-0.06255830824375153,-0.10573098063468933,0.5391642451286316,-0.26949748396873474,1.648006796836853,2.069495439529419,0.7307078242301941,0.5215145945549011,-0.34176865220069885,0.13124771416187286,0.47353222966194153,0.3165675401687622,0.40937069058418274,-0.41484564542770386,0.36423927545547485,0.26303961873054504,-0.46105659008026123,-0.21961477398872375,0.32189762592315674,1.3199641704559326,0.2745881974697113,8.54807294672355e-05,0.730755090713501,0.40711596608161926,-0.28273826837539673,-0.41323572397232056,0.5006476640701294,-0.3493399918079376,-0.30334994196891785,0.4159218966960907,0.2785590589046478,0.07596659660339355,0.2625735402107239,0.07876169681549072,-0.7230312824249268,0.0331246554851532,0.6900206208229065,-0.4930550158023834,-0.7243607044219971,-0.4818696677684784,0.470318078994751,-0.25355738401412964,0.08964593708515167,-0.6798073053359985,-0.226523295044899,-0.6975308060646057,0.6009917259216309,0.3730321526527405,-0.7068633437156677,0.3350698947906494,0.0030334494076669216,-0.031000036746263504,0.5093839168548584,-0.860539436340332,4.4589430814312436e-08,0.860539436340332,0.5093839168548584,8.569267606617359e-07,0.3777311444282532,0.15436986088752747,-0.030999943614006042,0.29240864515304565,-0.14830297231674194,-0.031000129878520966
103,0.8046573400497437,-0.0822506695985794,-0.10780548304319382,0.5694863200187683,-0.24509650468826294,1.6774858236312866,2.039848566055298,0.730786919593811,0.4579746127128601,-0.3303777277469635,-0.018766287714242935,0.47295406460762024,0.34454673528671265,0.41101765632629395,-0.415811687707901,0.26901134848594666,0.29242992401123047,-0.4701460301876068,-0.24936646223068237,0.35270625352859497,1.2914695739746094,0.26400551199913025,0.029744092375040054,0.7308753132820129,0.4165702760219574,-0.1530168652534485,-0.41112950444221497,0.48462486267089844,-0.40513521432876587,-0.15035709738731384,0.4155854284763336,0.14797547459602356,0.07875561714172363,0.27723392844200134,0.08576655387878418,-0.7152855396270752,-0.005038842558860779,0.6988140940666199,-0.4855475425720215,-0.7156023979187012,-0.5021520256996155,0.48583149909973145,-0.2545277178287506,0.11011667549610138,-0.6600995063781738,-0.21471232175827026,-0.7198383212089539,0.6254561543464661,0.37361764907836914,-0.684992253780365,0.3350698947906494,0.0030334482435137033,-0.031000036746263504,0.5093839168548584,-0.8605393767356873,-1.6444005268567707e-08,0.8605393767356873,0.5093839168548584,6.124163292042795e-07,0.3777311146259308,0.15436984598636627,-0.030999965965747833,0.29240867495536804,-0.14830295741558075,-0.031000107526779175
104,0.8302484154701233,-0.09894021600484848,-0.11521033197641373,0.5998565554618835,-0.22429658472537994,1.7069908380508423,2.010179042816162,0.730843186378479,0.37741926312446594,-0.278906911611557,-0.09749147295951843,0.46979406476020813,0.29253214597702026,0.4125010073184967,-0.4166491627693176,0.22858314216136932,0.32206714153289795,-0.46139097213745117,-0.2789783775806427,0.38406455516815186,1.2621737718582153,0.2500283122062683,0.05944835767149925,0.7310070395469666,0.41287800669670105,0.1501055508852005,-0.416270911693573,0.4628618061542511,-0.41279807686805725,-0.1992349475622177,0.41636794805526733,-0.01060795970261097,0.08073210716247559,0.2899706959724426,0.09335106611251831,-0.7051730155944824,-0.037905026227235794,0.7080212831497192,-0.48357999324798584,-0.7045714855194092,-0.5193548798561096,0.49889683723449707,-0.2578100562095642,0.12259230017662048,-0.6515257358551025,-0.20682252943515778,-0.7298896312713623,0.6397745609283447,0.36723947525024414,-0.6751471757888794,0.3350698947906494,0.003033474087715149,-0.03100007027387619,0.5093839168548584,-0.860539436340332,-5.827604923069885e-07,0.860539436340332,0.5093839168548584,1.515511343086473e-07,0.3777311444282532,0.15436989068984985,-0.030999988317489624,0.29240864515304565,-0.14830294251441956,-0.031000152230262756
105,0.8507196307182312,-0.11704565584659576,-0.13156794011592865,0.6299170851707458,-0.20351389050483704,1.736541509628296,1.9804679155349731,0.7309462428092957,0.22479130327701569,-0.31693968176841736,-0.2421739101409912,0.4706296920776367,0.28938043117523193,0.413307785987854,-0.41635605692863464,0.08134617656469345,0.35188764333724976,-0.44036951661109924,-0.30858203768730164,0.4147867262363434,1.232981562614441,0.22685378789901733,0.08916230499744415,0.7310016751289368,0.4066351652145386,0.32120195031166077,-0.4198693633079529,0.4569970369338989,-0.4103071689605713,-0.3309839069843292,0.4163813591003418,0.03806068003177643,0.08145880699157715,0.3016708493232727,0.10134729743003845,-0.6943832635879517,-0.06405513733625412,0.7167487740516663,-0.49146902561187744,-0.6853322982788086,-0.5373806357383728,0.5111453533172607,-0.26524588465690613,0.1290515959262848,-0.6509287357330322,-0.20158785581588745,-0.7318840622901917,0.6503580212593079,0.34920448064804077,-0.6746042370796204,0.3350698947906494,0.0030334796756505966,-0.03100007027387619,0.5093839168548584,-0.860539436340332,-5.626021106763801e-07,0.860539436340332,0.5093839168548584,2.8992712941544596e-07,0.3777311444282532,0.15436989068984985,-0.03099997714161873,0.29240864515304565,-0.14830294251441956,-0.03100016340613365
106,0.8410900235176086,-0.125680074095726,-0.1515052169561386,0.6598436236381531,-0.18530312180519104,1.766093134880066,1.950697898864746,0.7311682105064392,-0.4009721875190735,-0.13727597892284393,-0.34667569398880005,0.43831169605255127,0.24390514194965363,0.41585999727249146,-0.41570553183555603,-0.0184735506772995,0.38141170144081116,-0.41791585087776184,-0.3383990228176117,0.4448726177215576,1.2043148279190063,0.20755940675735474,0.11886853724718094,0.7310180068016052,0.4129416346549988,0.32019129395484924,-0.41558489203453064,0.45715785026550293,-0.4041597843170166,-0.27382969856262207,0.41579341888427734,-0.009222060441970825,0.08073639869689941,0.3087235689163208,0.10948826372623444,-0.6811271905899048,-0.0648915246129036,0.72928386926651,-0.5232185125350952,-0.653622031211853,-0.546828031539917,0.5227072238922119,-0.2719251215457916,0.13442686200141907,-0.6514291763305664,-0.19627736508846283,-0.7328813672065735,0.6587387919425964,0.33294278383255005,-0.6746941208839417,0.3350698947906494,0.0030333835165947676,-0.03100002557039261,0.5093839168548584,-0.860539436340332,-7.447355869771854e-07,0.860539436340332,0.5093839168548584,2.830462619840546e-07,0.3777311444282532,0.1543698012828827,-0.030999913811683655,0.29240864515304565,-0.14830303192138672,-0.031000137329101562
107,0.8139235377311707,-0.12092126160860062,-0.17476297914981842,0.6818943023681641,-0.16996905207633972,1.7958053350448608,1.9208476543426514,0.731386661529541,-0.5731424689292908,0.09941858798265457,-0.37714216113090515,0.28628405928611755,0.2074885368347168,0.42065373063087463,-0.4173399806022644,-0.0007269508205354214,0.4108409583568573,-0.3969203233718872,-0.36818280816078186,0.4740603268146515,1.1761937141418457,0.19680774211883545,0.1485264003276825,0.7309996485710144,0.4192553758621216,0.29867634177207947,-0.41172176599502563,0.439726322889328,-0.3962518274784088,-0.1519777774810791,0.4148379862308502,-0.005731817800551653,0.07640957832336426,0.30968600511550903,0.11721576750278473,-0.6580809354782104,-0.04422355815768242,0.7516474723815918,-0.5728325843811035,-0.6184755563735962,-0.5379135608673096,0.533226728439331,-0.27580738067626953,0.1396557241678238,-0.6517276763916016,-0.19092614948749542,-0.7340287566184998,0.6642088294029236,0.323559045791626,-0.6738961935043335,0.3350698947906494,0.0030334782786667347,-0.03100007027387619,0.5093839168548584,-0.860539436340332,-5.740554342992255e-07,0.860539436340332,0.5093839168548584,2.0036367232023622e-07,0.3777311444282532,0.15436989068984985,-0.030999984592199326,0.29240864515304565,-0.14830294251441956,-0.031000155955553055
108,0.7844918370246887,-0.11029650270938873,-0.19722041487693787,0.6879665851593018,-0.16029341518878937,1.8065418004989624,1.8931083679199219,0.7328547835350037,-0.5643781423568726,0.1638021320104599,-0.3201645612716675,0.04192609339952469,-0.24898266792297363,-0.5138440132141113,0.548208475112915,0.058872535824775696,0.44008007645606995,-0.3847056031227112,-0.39779341220855713,0.4939308166503906,1.1482278108596802,0.20269832015037537,0.17809942364692688,0.7310261130332947,0.43058401346206665,0.17170977592468262,-0.40633952617645264,0.27762916684150696,-0.39277198910713196,0.08769780397415161,0.4139470160007477,-0.03928814083337784,0.07143759727478027,0.30760589241981506,0.11940781772136688,-0.6344101428985596,-0.024855798110365868,0.7725969552993774,-0.6174576878547668,-0.5850114822387695,-0.5258399248123169,0.5388462543487549,-0.27316322922706604,0.14280638098716736,-0.6541472673416138,-0.1855648308992386,-0.7332510352134705,0.6611120700836182,0.3306910991668701,-0.6734791398048401,0.3350698947906494,0.003033449174836278,-0.031000036746263504,0.5093837976455688,-0.8605394959449768,-5.417266635276974e-08,0.8605394959449768,0.5093837976455688,5.708624257749761e-07,0.3777311444282532,0.15436984598636627,-0.030999965965747833,0.29240864515304565,-0.14830295741558075,-0.031000107526779175
109,0.7559159994125366,-0.09381498396396637,-0.2194121927022934,0.6970257759094238,-0.1569747030735016,1.8081353902816772,1.8661829233169556,0.7330700159072876,-0.583903968334198,0.20294904708862305,-0.25506359338760376,0.0696796327829361,-0.2984466552734375,-0.5694336295127869,0.5144096612930298,0.030280282720923424,0.46952882409095764,-0.38148078322410583,-0.4259720742702484,0.49092790484428406,1.1192784309387207,0.21225287020206451,0.20750078558921814,0.731179416179657,0.4327640235424042,0.08361173421144485,-0.398237407207489,-0.1209123432636261,-0.3994715213775635,0.14545534551143646,0.4117441177368164,-0.22314849495887756,0.07057976722717285,0.3054468035697937,0.1192297637462616,-0.6166813373565674,-0.010481029748916626,0.7871430516242981,-0.6521376371383667,-0.5532658100128174,-0.5182792544364929,0.5350968837738037,-0.26686352491378784,0.13680104911327362,-0.6664986610412598,-0.18394839763641357,-0.7224560379981995,0.6446043252944946,0.34464120864868164,-0.6824278831481934,0.3350698947906494,0.003033479442819953,-0.03100007027387619,0.5093839168548584,-0.860539436340332,-5.812287326989463e-07,0.860539436340332,0.5093839168548584,1.0780406967114686e-07,0.3777311444282532,0.15436989068984985,-0.03099999576807022,0.29240864515304565,-0.14830294251441956,-0.03100014477968216
110,0.729985773563385,-0.07320386916399002,-0.24337522685527802,0.7076303362846375,-0.15319809317588806,1.8100193738937378,1.8392126560211182,0.7329667210578918,-0.6206480860710144,0.2682288587093353,-0.22494371235370636,0.10689274966716766,-0.1807825267314911,-0.5452314019203186,0.6395055055618286,-0.007070464082062244,0.49859103560447693,-0.3805939853191376,-0.4542059600353241,0.4753355085849762,1.0898724794387817,0.23782417178153992,0.2362132966518402,0.7312703132629395,0.44995513558387756,0.051111191511154175,-0.3885136544704437,-0.29268431663513184,-0.40678107738494873,0.3743457496166229,0.40163546800613403,-0.31850937008857727,0.06974530220031738,0.3033256530761719,0.1189919263124466,-0.597216010093689,0.003679633606225252,0.8020721077919006,-0.6857552528381348,-0.5210134983062744,-0.5082172155380249,0.5233643054962158,-0.25447162985801697,0.12357667088508606,-0.6880531311035156,-0.18629096448421478,-0.7013406753540039,0.6110256314277649,0.37262433767318726,-0.6984259486198425,0.3350698947906494,0.003033505054190755,-0.03100007027387619,0.509384036064148,-0.8605393767356873,-4.2847000258916523e-07,0.8605393767356873,0.509384036064148,2.191095944681365e-07,0.3777311146259308,0.15436992049217224,-0.03099999949336052,0.29240867495536804,-0.14830291271209717,-0.03100014105439186
111,0.7039338946342468,-0.04873961582779884,-0.2689129412174225,0.7200310230255127,-0.14836232364177704,1.8125977516174316,1.812154769897461,0.7329687476158142,-0.6230226755142212,0.32670971751213074,-0.2744099497795105,0.12317262589931488,-0.17750200629234314,-0.5375741720199585,0.5780084729194641,0.002621972933411598,0.5283129215240479,-0.37739068269729614,-0.4824222922325134,0.45466166734695435,1.0602736473083496,0.2665240466594696,0.2624945044517517,0.7313339114189148,0.4502681791782379,0.09215452522039413,-0.392998605966568,-0.36238914728164673,-0.40807315707206726,0.41555139422416687,0.3672448694705963,-0.4036571681499481,0.06882548332214355,0.30123409628868103,0.11879253387451172,-0.5759224891662598,0.019111070781946182,0.8172809481620789,-0.7197321057319641,-0.48595285415649414,-0.49581819772720337,0.5073764324188232,-0.2407912164926529,0.10640150308609009,-0.7135776281356812,-0.19470328092575073,-0.6729766726493835,0.5679138898849487,0.4017162322998047,-0.7183995842933655,0.3350698947906494,0.003033387241885066,-0.03100002557039261,0.5093839168548584,-0.860539436340332,-6.50182016670442e-07,0.860539436340332,0.5093839168548584,5.93872755416669e-07,0.3777311444282532,0.1543698012828827,-0.030999887734651566,0.29240864515304565,-0.14830303192138672,-0.03100016340613365
112,0.675445020198822,-0.021549910306930542,-0.2959056794643402,0.7339653372764587,-0.14215154945850372,1.815712809562683,1.784926176071167,0.733001172542572,-0.5861374139785767,0.35387927293777466,-0.3814708888530731,0.12273599952459335,-0.2660098373889923,-0.5221173167228699,0.28843414783477783,0.02045266143977642,0.5580951571464539,-0.3745642602443695,-0.5097030401229858,0.43068113923072815,1.0306305885314941,0.29547715187072754,0.2847099304199219,0.7313538193702698,0.4542005956172943,0.0772206112742424,-0.3771939277648926,-0.40501123666763306,-0.40840721130371094,0.4192847013473511,0.3098467290401459,-0.4306109845638275,0.06781172752380371,0.29916754364967346,0.11859758198261261,-0.5532376766204834,0.03626492619514465,0.8322336673736572,-0.7543355226516724,-0.4456695318222046,-0.4820336699485779,0.4884064197540283,-0.22680720686912537,0.08816273510456085,-0.7382256984710693,-0.2095634788274765,-0.6411754488945007,0.5194349884986877,0.4298185706138611,-0.7385413646697998,0.3350698947906494,0.0030334775801748037,-0.03100007027387619,0.509384036064148,-0.8605393767356873,-5.75930073409836e-07,0.8605393767356873,0.509384036064148,1.5051810464683513e-07,0.3777311146259308,0.15436989068984985,-0.030999992042779922,0.29240867495536804,-0.14830294251441956,-0.031000148504972458
113,0.6447394490242004,0.007105379831045866,-0.3247339427471161,0.7484636902809143,-0.13438938558101654,1.818687915802002,1.7575358152389526,0.7330034375190735,-0.5758216381072998,0.3770425617694855,-0.4513854384422302,0.13570857048034668,-0.3490093946456909,-0.5110037922859192,-0.054659098386764526,-0.03134844824671745,0.5880244970321655,-0.373190701007843,-0.5361036062240601,0.4058171808719635,1.0007973909378052,0.3237919211387634,0.3004646897315979,0.7313483357429504,0.45500513911247253,0.049048811197280884,-0.3641437888145447,-0.41010260581970215,-0.41111087799072266,0.40956607460975647,0.2190191000699997,-0.42399054765701294,0.0666353702545166,0.29717233777046204,0.11822876334190369,-0.5296930074691772,0.054322101175785065,0.8464481830596924,-0.7885037660598755,-0.3992704153060913,-0.4678085744380951,0.4678385257720947,-0.21296092867851257,0.07087887823581696,-0.7580115795135498,-0.23206759989261627,-0.6095597743988037,0.468609094619751,0.45628267526626587,-0.7564467191696167,0.3350698947906494,0.0030334473121911287,-0.031000036746263504,0.5093837976455688,-0.860539436340332,-5.699107674672632e-08,0.860539436340332,0.5093837976455688,5.47688898677734e-07,0.3777311444282532,0.15436984598636627,-0.03099996969103813,0.29240864515304565,-0.14830295741558075,-0.031000103801488876
114,0.6146459579467773,0.034445878118276596,-0.3548871874809265,0.7623521089553833,-0.12581942975521088,1.8215179443359375,1.729956030845642,0.7329115867614746,-0.5964444279670715,0.3520740270614624,-0.41502052545547485,0.13903513550758362,-0.34943264722824097,-0.4877229332923889,-0.2455804944038391,-0.012069916352629662,0.6183145642280579,-0.37956276535987854,-0.5626353025436401,0.38264039158821106,0.9709205031394958,0.35073378682136536,0.30830317735671997,0.7311886548995972,0.4472939968109131,-0.09399501979351044,-0.36644986271858215,-0.3560457229614258,-0.41364702582359314,0.3862864673137665,0.10795360803604126,-0.2168523073196411,0.06540751457214355,0.2952927350997925,0.11780549585819244,-0.5067336559295654,0.07037914544343948,0.8592251539230347,-0.8193304538726807,-0.34934985637664795,-0.45459020137786865,0.4483635425567627,-0.19918373227119446,0.058593571186065674,-0.7675304412841797,-0.2594291567802429,-0.586168646812439,0.4223988950252533,0.4831330180168152,-0.7669170498847961,0.3350698947906494,0.003033385379239917,-0.03100002557039261,0.509384036064148,-0.8605393767356873,-7.397853210022731e-07,0.8605393767356873,0.509384036064148,2.9545617508119904e-07,0.3777311146259308,0.1543698012828827,-0.030999910086393356,0.29240867495536804,-0.14830303192138672,-0.03100014105439186
115,0.5841118693351746,0.062270864844322205,-0.3834090530872345,0.7759590148925781,-0.11670646071434021,1.8244460821151733,1.702288269996643,0.7328401803970337,-0.5888598561286926,0.362492173910141,-0.3845129907131195,0.140215665102005,-0.33713412284851074,-0.4741845726966858,-0.348253071308136,-0.012291253544390202,0.6488600373268127,-0.3979341685771942,-0.5871610641479492,0.3775395452976227,0.9413022398948669,0.3751169741153717,0.3108493983745575,0.7309767603874207,0.4396032989025116,-0.33497411012649536,-0.3234240710735321,0.008881836198270321,-0.4186058044433594,0.33703798055648804,0.0341472253203392,0.02724076807498932,0.06410717964172363,0.29345574975013733,0.11734217405319214,-0.4835934638977051,0.08448872715234756,0.8712054491043091,-0.8464939594268799,-0.2983592748641968,-0.44094184041023254,0.4398195743560791,-0.1852411925792694,0.06085562705993652,-0.757144570350647,-0.28509336709976196,-0.5877532362937927,0.3979661762714386,0.5121949911117554,-0.7611039876937866,0.3350698947906494,0.0030335038900375366,-0.03100007027387619,0.509384036064148,-0.8605393767356873,-4.3710255681617127e-07,0.8605393767356873,0.509384036064148,1.9914801896447898e-07,0.3777311146259308,0.15436992049217224,-0.03099999949336052,0.29240867495536804,-0.14830291271209717,-0.03100014105439186
116,0.5544370412826538,0.0929332971572876,-0.4147263765335083,0.7911063432693481,-0.10608300566673279,1.8282819986343384,1.6745083332061768,0.7327734231948853,-0.5488667488098145,0.40733233094215393,-0.49470025300979614,0.14646346867084503,-0.2803306579589844,-0.457918256521225,-0.3575823903083801,-0.06834332644939423,0.6788962483406067,-0.4223320782184601,-0.6105897426605225,0.380239337682724,0.9116166234016418,0.3985857367515564,0.2990513741970062,0.7309495806694031,0.43767786026000977,-0.38221901655197144,-0.31465795636177063,0.06463569402694702,-0.41792789101600647,0.3309580385684967,-0.16559042036533356,0.049352746456861496,0.06287026405334473,0.29170918464660645,0.11694690585136414,-0.4592783451080322,0.09918175637722015,0.8827379941940308,-0.8713347911834717,-0.24354839324951172,-0.4259811341762543,0.4357340335845947,-0.17145808041095734,0.06946463882923126,-0.7308012247085571,-0.31804990768432617,-0.6039649248123169,0.38240817189216614,0.5421568155288696,-0.7482178807258606,0.3350698947906494,0.0030334494076669216,-0.031000036746263504,0.5093837976455688,-0.8605394959449768,-5.593664553771305e-08,0.8605394959449768,0.5093837976455688,5.731983492296422e-07,0.3777311444282532,0.15436984598636627,-0.030999965965747833,0.29240864515304565,-0.14830295741558075,-0.031000107526779175
117,0.5242423415184021,0.12611371278762817,-0.4483613967895508,0.8083729147911072,-0.09347128868103027,1.8336236476898193,1.646414041519165,0.7326707243919373,-0.4799209535121918,0.4334275722503662,-0.5991559028625488,0.12093015760183334,-0.22013309597969055,-0.4272998571395874,-0.37773266434669495,-0.30250829458236694,0.7092901468276978,-0.4470234215259552,-0.6358323693275452,0.3916355073451996,0.881998598575592,0.4213954210281372,0.2793371379375458,0.7308716773986816,0.4263087213039398,-0.3977057635784149,-0.343235045671463,0.2186620831489563,-0.4182851314544678,0.31516140699386597,-0.2763283848762512,0.13726705312728882,0.06187272071838379,0.2901536524295807,0.11675433814525604,-0.43396568298339844,0.11444571614265442,0.893630862236023,-0.8932697772979736,-0.18372607231140137,-0.4102608263492584,0.43563008308410645,-0.159256711602211,0.08214913308620453,-0.6940085887908936,-0.3513910174369812,-0.6283920407295227,0.3732954263687134,0.5706993937492371,-0.7314046621322632,0.3350698947906494,0.0030334799084812403,-0.03100007027387619,0.5093839168548584,-0.860539436340332,-5.805176783724164e-07,0.860539436340332,0.5093839168548584,1.085082885765587e-07,0.3777311444282532,0.15436989068984985,-0.03099999576807022,0.29240864515304565,-0.14830294251441956,-0.03100014477968216
118,0.49322769045829773,0.1623377501964569,-0.48324355483055115,0.8273419737815857,-0.07907288521528244,1.8404287099838257,1.6177972555160522,0.7323163151741028,-0.4481789171695709,0.476973295211792,-0.6635587811470032,0.14493612945079803,-0.14895883202552795,-0.30853724479675293,-0.5213597416877747,-0.2964242994785309,0.739380419254303,-0.47164812684059143,-0.6601192951202393,0.413714736700058,0.8524501919746399,0.44548070430755615,0.2554206848144531,0.7308111786842346,0.42692825198173523,-0.4064679443836212,-0.3215843439102173,0.38893136382102966,-0.41853564977645874,0.3314090371131897,-0.3349984288215637,0.20174309611320496,0.061020612716674805,0.28864336013793945,0.11670710146427155,-0.4071171283721924,0.12986943125724792,0.9040959477424622,-0.9115673303604126,-0.12003123760223389,-0.3932396173477173,0.4396398067474365,-0.1479063332080841,0.09991930425167084,-0.6465144157409668,-0.38294708728790283,-0.6598263382911682,0.37015005946159363,0.5988136529922485,-0.7102190256118774,0.3350698947906494,0.003033505752682686,-0.03100007027387619,0.509384036064148,-0.8605393767356873,-4.285666364012286e-07,0.8605393767356873,0.509384036064148,2.196236437157495e-07,0.3777311146259308,0.15436992049217224,-0.03099999949336052,0.29240867495536804,-0.14830291271209717,-0.03100014105439186
119,0.4624130427837372,0.19672708213329315,-0.5174006819725037,0.8473062515258789,-0.059418175369501114,1.8473726511001587,1.5885646343231201,0.7317903637886047,-0.5154630541801453,0.4745805859565735,-0.5611856579780579,0.22084972262382507,0.08721457421779633,-0.12355951219797134,-0.5708123445510864,-0.2780759334564209,0.7692216634750366,-0.4950692355632782,-0.6817004084587097,0.440317302942276,0.8228867053985596,0.46801942586898804,0.22932007908821106,0.7308187484741211,0.4286361634731293,-0.37739479541778564,-0.2825627326965332,0.43494611978530884,-0.4178495407104492,0.3120420575141907,-0.3653412461280823,0.18814638257026672,0.06113028526306152,0.28893253207206726,0.11634722352027893,-0.3836832046508789,0.14079828560352325,0.9126681685447693,-0.9234405159950256,-0.05132436752319336,-0.3802940845489502,0.4448716640472412,-0.13745886087417603,0.11950817704200745,-0.5915981531143188,-0.4136230945587158,-0.6920459270477295,0.36888206005096436,0.6243872046470642,-0.6885249614715576,0.3350698947906494,0.003033388638868928,-0.03100002557039261,0.5093839168548584,-0.860539436340332,-6.430683470171061e-07,0.860539436340332,0.5093839168548584,5.918170700169867e-07,0.3777311444282532,0.1543698012828827,-0.030999887734651566,0.29240864515304565,-0.14830303192138672,-0.03100016340613365
120,0.4324365258216858,0.23058535158634186,-0.5518988370895386,0.864801824092865,-0.039068952202796936,1.8537540435791016,1.5591983795166016,0.731708824634552,-0.523505449295044,0.48205941915512085,-0.5797831416130066,0.17634984850883484,0.033634528517723083,-0.1024043932557106,-0.7451795339584351,-0.2887232303619385,0.7994045615196228,-0.5114285945892334,-0.7043666839599609,0.46894532442092896,0.7932857871055603,0.4810550808906555,0.20252327620983124,0.7308520078659058,0.41688019037246704,-0.25709134340286255,-0.31130683422088623,0.4566746652126312,-0.41730454564094543,0.1747899055480957,-0.37497371435165405,0.14950868487358093,0.06094050407409668,0.28914955258369446,0.11573970317840576,-0.36090004444122314,0.15000875294208527,0.9204609394073486,-0.9298593997955322,0.017790555953979492,-0.36748436093330383,0.45223021507263184,-0.13126009702682495,0.1369868814945221,-0.5359896421432495,-0.4422868490219116,-0.71909499168396,0.3725713789463043,0.6404234170913696,-0.671601414680481,0.3350698947906494,0.0030334768816828728,-0.03100007027387619,0.509384036064148,-0.8605393767356873,-5.859454859091784e-07,0.8605393767356873,0.509384036064148,1.519707666375325e-07,0.3777311146259308,0.15436989068984985,-0.030999988317489624,0.29240867495536804,-0.14830294251441956,-0.031000152230262756
121,0.40109983086586,0.2608550488948822,-0.581780195236206,0.878767192363739,-0.009629740379750729,1.853234052658081,1.5294387340545654,0.731093168258667,-0.5526597499847412,0.43964242935180664,-0.4546646773815155,0.18057677149772644,0.41356199979782104,-0.00910938996821642,-0.41543662548065186,-0.12189111858606339,0.8295598030090332,-0.5294320583343506,-0.7299914956092834,0.4965011775493622,0.7636931538581848,0.4945417046546936,0.17396773397922516,0.7308328151702881,0.4109540283679962,-0.29744353890419006,-0.3557188808917999,0.43963944911956787,-0.4166121184825897,0.18256376683712006,-0.3995363414287567,0.17619241774082184,0.06220221519470215,0.29258212447166443,0.11251583695411682,-0.3470863103866577,0.1524910181760788,0.9253526926040649,-0.9272196292877197,0.0922272801399231,-0.362984836101532,0.4588649272918701,-0.12639090418815613,0.15413683652877808,-0.4790513515472412,-0.4664568603038788,-0.7435910701751709,0.37587854266166687,0.6565153002738953,-0.6539900302886963,0.3350698947906494,0.003033451037481427,-0.031000036746263504,0.5093837976455688,-0.8605394959449768,-5.46091811770566e-08,0.8605394959449768,0.5093837976455688,5.475062039295153e-07,0.3777311444282532,0.15436984598636627,-0.03099996969103813,0.29240864515304565,-0.14830295741558075,-0.031000103801488876
122,0.3709106147289276,0.29117703437805176,-0.6094054579734802,0.8961057662963867,0.02013067714869976,1.8316807746887207,1.4997540712356567,0.7309131026268005,-0.5452113747596741,0.43909862637519836,-0.4351626932621002,0.255488783121109,0.4099474549293518,-0.31432873010635376,-0.4155356287956238,0.08655326813459396,0.8592467308044434,-0.5537371039390564,-0.7562171220779419,0.5219573974609375,0.7341400980949402,0.5168473124504089,0.14435641467571259,0.730809211730957,0.4123263657093048,-0.39587467908859253,-0.35831600427627563,0.40313759446144104,-0.4161287844181061,0.31007909774780273,-0.41418367624282837,0.20618587732315063,0.0699307918548584,0.2934079170227051,0.10227309167385101,-0.3587009906768799,0.15754666924476624,0.9200612306594849,-0.9107064008712769,0.157198965549469,-0.3819717764854431,0.4619476795196533,-0.11991432309150696,0.17220565676689148,-0.4191654920578003,-0.48552894592285156,-0.7671779990196228,0.3720231354236603,0.6789470314979553,-0.6329531073570251,0.3350698947906494,0.003033365122973919,-0.03100002557039261,0.509384036064148,-0.8605393171310425,-5.71176542507601e-07,0.8605393171310425,0.509384036064148,2.4105955276354507e-07,0.3777310848236084,0.1543697863817215,-0.030999936163425446,0.29240867495536804,-0.1483030468225479,-0.03100011497735977
123,0.3407151997089386,0.3211188018321991,-0.6351084113121033,0.9117470979690552,0.04987894371151924,1.8041367530822754,1.4701107740402222,0.7308740019798279,-0.539958655834198,0.44521692395210266,-0.40669119358062744,0.21000994741916656,0.40962257981300354,-0.3925229609012604,-0.415560245513916,0.132124662399292,0.887576162815094,-0.5836895704269409,-0.7804152965545654,0.5308535099029541,0.70455002784729,0.5443535447120667,0.11461958289146423,0.7308968901634216,0.4185924530029297,-0.4354683756828308,-0.3340703845024109,0.08490457385778427,-0.4164881706237793,0.39779627323150635,-0.41540688276290894,0.1087404116988182,0.07873988151550293,0.2923995554447174,0.09013457596302032,-0.37634313106536865,0.16607438027858734,0.9114742875099182,-0.887917160987854,0.21623003482818604,-0.4060145914554596,0.4556891918182373,-0.11053438484668732,0.1835733950138092,-0.36334025859832764,-0.5035712122917175,-0.7838367819786072,0.3510206639766693,0.7053418159484863,-0.6158550977706909,0.3350698947906494,0.003033505054190755,-0.03100007027387619,0.509384036064148,-0.8605393767356873,-4.2995552007596416e-07,0.8605393767356873,0.509384036064148,2.1838894781467388e-07,0.3777311146259308,0.15436992049217224,-0.03099999949336052,0.29240867495536804,-0.14830291271209717,-0.03100014105439186
124,0.3098689317703247,0.35099169611930847,-0.6561301350593567,0.9247514605522156,0.07921118289232254,1.7748669385910034,1.4405794143676758,0.7308668494224548,-0.527056097984314,0.44953614473342896,-0.3327158987522125,0.16942749917507172,0.4048463702201843,-0.4156457483768463,-0.41412344574928284,0.13965274393558502,0.9134103655815125,-0.6153388619422913,-0.7972922921180725,0.5113310217857361,0.6748778223991394,0.5732893347740173,0.08488275110721588,0.7310291528701782,0.42747262120246887,-0.41460558772087097,-0.22174344956874847,-0.40398019552230835,-0.41820624470710754,0.43579086661338806,-0.41547101736068726,-0.03581622987985611,0.08710789680480957,0.2902325391769409,0.07746186852455139,-0.3943251371383667,0.17614467442035675,0.9019317626953125,-0.862271249294281,0.2684888243675232,-0.4294206202030182,0.43508124351501465,-0.09619762003421783,0.18137627840042114,-0.3150120973587036,-0.5278764963150024,-0.7887420058250427,0.30330130457878113,0.7314828634262085,-0.610689103603363,0.3350698947906494,0.003033387241885066,-0.03100002557039261,0.5093839168548584,-0.860539436340332,-6.516737016681873e-07,0.860539436340332,0.5093839168548584,5.931853479523852e-07,0.3777311444282532,0.1543698012828827,-0.030999887734651566,0.29240864515304565,-0.14830303192138672,-0.03100016340613365
125,0.2779008448123932,0.3806748688220978,-0.6650331616401672,0.9372119903564453,0.09911509603261948,1.745980978012085,1.4124614000320435,0.7308909893035889,-0.4952331781387329,0.4566417634487152,-0.1415947675704956,0.1645491123199463,0.27410537004470825,-0.4102446734905243,-0.39425647258758545,0.10982197523117065,0.931800365447998,-0.645229697227478,-0.8122565150260925,0.4822620153427124,0.6450967788696289,0.6032283306121826,0.05517210066318512,0.7310076951980591,0.2598625123500824,-0.4242357015609741,-0.2231292873620987,-0.46716880798339844,-0.4180367588996887,0.43148288130760193,-0.41546645760536194,-0.007990733720362186,0.09401869773864746,0.28519731760025024,0.06520700454711914,-0.41062915325164795,0.1842527538537979,0.8929919004440308,-0.8408503532409668,0.30224984884262085,-0.4490165114402771,0.41022515296936035,-0.08377806842327118,0.1738877296447754,-0.27178800106048584,-0.5503926873207092,-0.7894297242164612,0.24879705905914307,0.7522348165512085,-0.6101170778274536,0.3350698947906494,0.0030334775801748037,-0.03100007027387619,0.509384036064148,-0.8605393767356873,-5.774209625997173e-07,0.8605393767356873,0.509384036064148,1.4980115281559847e-07,0.3777311146259308,0.15436989068984985,-0.030999992042779922,0.29240867495536804,-0.14830294251441956,-0.031000148504972458
126,0.24870198965072632,0.41145551204681396,-0.6728329062461853,0.9579114317893982,0.08624988049268723,1.716986894607544,1.3949228525161743,0.7308526039123535,-0.5086910724639893,0.4436061680316925,-0.1689402163028717,0.31241467595100403,-0.19676987826824188,-0.4166041910648346,-0.24609920382499695,0.16107375919818878,0.9161189794540405,-0.6742367744445801,-0.8360587358474731,0.45076093077659607,0.615267276763916,0.6337615251541138,0.02545383758842945,0.7308988571166992,-0.36382147669792175,-0.4405660331249237,-0.44349703192710876,-0.4526585042476654,-0.4183475971221924,0.41266992688179016,-0.41435909271240234,0.14637179672718048,0.09864592552185059,0.26704680919647217,0.05487079918384552,-0.4231036901473999,0.20696204900741577,0.882128119468689,-0.8312152624130249,0.2988468408584595,-0.46879836916923523,0.3927891254425049,-0.08726829290390015,0.16433972120285034,-0.2538870573043823,-0.5572597980499268,-0.7905713319778442,0.21823829412460327,0.7632715106010437,-0.6081025004386902,0.3350698947906494,0.0030334810726344585,-0.03100007027387619,0.5093839168548584,-0.860539436340332,-5.487407861437532e-07,0.860539436340332,0.5093839168548584,2.847419295903819e-07,0.3777311444282532,0.15436989068984985,-0.03099997714161873,0.29240864515304565,-0.14830294251441956,-0.03100016340613365
127,0.2206554412841797,0.4422808885574341,-0.6912112236022949,0.9832031726837158,0.059941504150629044,1.6875402927398682,1.3977705240249634,0.7308359742164612,-0.5394204258918762,0.4343024492263794,-0.34594085812568665,0.3701753616333008,-0.3881002366542816,-0.4211737811565399,0.039087194949388504,0.18433700501918793,0.892659604549408,-0.7042916417121887,-0.8627343773841858,0.42087018489837646,0.5855414867401123,0.6634521484375,-0.004248060751706362,0.730897068977356,-0.3685343861579895,-0.4387845993041992,-0.41062071919441223,-0.4584207832813263,-0.4191070795059204,0.419606477022171,-0.4146532118320465,0.14757168292999268,0.10158896446228027,0.24089300632476807,0.04644513130187988,-0.4271594285964966,0.2572757303714752,0.8668011426925659,-0.8237148523330688,0.28460681438446045,-0.49040085077285767,0.37795376777648926,-0.09344840049743652,0.1564147025346756,-0.24003851413726807,-0.5574782490730286,-0.7947323322296143,0.1962282508611679,0.7739036679267883,-0.6021358370780945,0.3350698947906494,0.003033385379239917,-0.03100002557039261,0.5093839168548584,-0.860539436340332,-7.496226430703246e-07,0.860539436340332,0.5093839168548584,2.8544027941279637e-07,0.3777311444282532,0.1543698012828827,-0.030999910086393356,0.29240864515304565,-0.14830303192138672,-0.03100014105439186
128,0.19091348350048065,0.4727683365345001,-0.7141223549842834,1.0124374628067017,0.03207806870341301,1.6577125787734985,1.420833706855774,0.7308164834976196,-0.538567304611206,0.4262506067752838,-0.3987371325492859,0.4308934807777405,-0.40681999921798706,-0.42624589800834656,0.3218296468257904,0.20826081931591034,0.8640191555023193,-0.7341504693031311,-0.8912633061408997,0.39070817828178406,0.555849015712738,0.6932501792907715,-0.03393375873565674,0.7308581471443176,-0.4639562666416168,-0.44088560342788696,-0.45069923996925354,-0.45327553153038025,-0.41876521706581116,0.41691821813583374,-0.41441914439201355,0.21534577012062073,0.10404324531555176,0.21138517558574677,0.03952126204967499,-0.4232398271560669,0.3298240005970001,0.8438507914543152,-0.8150845766067505,0.2680724263191223,-0.5135896801948547,0.3635728359222412,-0.10027892887592316,0.1488618105649948,-0.22926270961761475,-0.5537248849868774,-0.8005170226097107,0.17772090435028076,0.784784734249115,-0.5937408208847046,0.3350698947906494,0.003033475950360298,-0.03100007027387619,0.5093839168548584,-0.860539436340332,-5.712394681722799e-07,0.860539436340332,0.5093839168548584,1.977852832624194e-07,0.3777311444282532,0.15436989068984985,-0.030999984592199326,0.29240864515304565,-0.14830294251441956,-0.031000155955553055
129,0.15987075865268707,0.5020709037780762,-0.732383668422699,1.0425406694412231,0.0043022846803069115,1.6277488470077515,1.4501527547836304,0.730832576751709,-0.5209898948669434,0.4207925796508789,-0.31030410528182983,0.43648722767829895,-0.4015965759754181,-0.42674967646598816,0.4093322157859802,0.1860368549823761,0.8339213728904724,-0.763674795627594,-0.9206846952438354,0.36094313859939575,0.526178240776062,0.7228821516036987,-0.06357398629188538,0.7308437824249268,-0.465241402387619,-0.4321017265319824,-0.4497227370738983,-0.4541094899177551,-0.41981542110443115,0.4181622266769409,-0.41368573904037476,0.23896239697933197,0.10566449165344238,0.18159183859825134,0.03380913287401199,-0.4159986972808838,0.4027373790740967,0.8153205513954163,-0.8083117008209229,0.247006356716156,-0.5344342589378357,0.3491041660308838,-0.10612865537405014,0.14211423695087433,-0.21836674213409424,-0.5473054051399231,-0.8079435229301453,0.16055046021938324,0.796493649482727,-0.5829419493675232,0.3350698947906494,0.0030334487091749907,-0.031000036746263504,0.5093837976455688,-0.8605394959449768,-5.237397004975719e-08,0.8605394959449768,0.5093837976455688,5.696327889381791e-07,0.3777311444282532,0.15436984598636627,-0.030999965965747833,0.29240864515304565,-0.14830295741558075,-0.031000107526779175
130,0.1300770342350006,0.5221140384674072,-0.750293493270874,1.0721129179000854,-0.019726712256669998,1.5977237224578857,1.4799597263336182,0.7307449579238892,-0.5175908207893372,0.23385201394557953,-0.32883405685424805,0.45375436544418335,-0.3495224714279175,-0.4277563989162445,0.4158245325088501,0.29617440700531006,0.8034659624099731,-0.787056028842926,-0.9505021572113037,0.33165550231933594,0.49648934602737427,0.7524353861808777,-0.0931461825966835,0.7308686971664429,-0.4607338309288025,-0.329598069190979,-0.45110011100769043,-0.4562038779258728,-0.42062702775001526,0.41873177886009216,-0.4129500091075897,0.19851286709308624,0.10851263999938965,0.15283696353435516,0.02976425737142563,-0.41357266902923584,0.4711766242980957,0.7790701985359192,-0.7970917820930481,0.22614800930023193,-0.5599123239517212,0.33384060859680176,-0.11105062067508698,0.1340404450893402,-0.20948541164398193,-0.5421164631843567,-0.813772439956665,0.1415349245071411,0.8066625595092773,-0.5738146901130676,0.3350698947906494,0.003033475950360298,-0.03100007027387619,0.509384036064148,-0.8605393767356873,-5.96782456341316e-07,0.8605393767356873,0.509384036064148,1.0998769539583009e-07,0.3777311146259308,0.15436989068984985,-0.030999992042779922,0.29240867495536804,-0.14830294251441956,-0.031000148504972458
131,0.10191714018583298,0.5183930993080139,-0.7709230184555054,1.1008371114730835,-0.03185669332742691,1.5677992105484009,1.5098904371261597,0.73052978515625,-0.4916830360889435,-0.1974230706691742,-0.39189770817756653,0.4879099428653717,-0.18100053071975708,-0.42617538571357727,0.4163941442966461,0.5711535215377808,0.7724651098251343,-0.7765561938285828,-0.9805124402046204,0.3046007752418518,0.46666088700294495,0.7817817330360413,-0.1226881742477417,0.7310813069343567,-0.4417862296104431,0.22451311349868774,-0.4497891664505005,-0.46360790729522705,-0.4241167902946472,0.42040714621543884,-0.4129021465778351,0.027078840881586075,0.11725020408630371,0.12727531790733337,0.027957148849964142,-0.42490077018737793,0.5362741947174072,0.729293704032898,-0.7675460577011108,0.21369463205337524,-0.6043241024017334,0.3158304691314697,-0.11849880963563919,0.11503109335899353,-0.21828317642211914,-0.5536313056945801,-0.8036447167396545,0.11113433539867401,0.8040434122085571,-0.5840919017791748,0.3350698947906494,0.0030335048213601112,-0.03100007027387619,0.509384036064148,-0.8605393767356873,-4.2613271489244653e-07,0.8605393767356873,0.509384036064148,2.1806913252930826e-07,0.3777311146259308,0.15436992049217224,-0.03099999949336052,0.29240867495536804,-0.14830291271209717,-0.03100014105439186
132,0.07313331961631775,0.5114428997039795,-0.7889724969863892,1.131287932395935,-0.046047572046518326,1.5385655164718628,1.5398343801498413,0.7305871844291687,-0.4870653450489044,-0.15286116302013397,-0.32534632086753845,0.4698728024959564,-0.21051926910877228,-0.4140336215496063,0.41627806425094604,0.49907127022743225,0.7420753240585327,-0.7524701952934265,-1.0099294185638428,0.27675703167915344,0.43665632605552673,0.811310350894928,-0.15220463275909424,0.7311071753501892,-0.43908149003982544,0.384878009557724,-0.4385950267314911,-0.4612521231174469,-0.42339035868644714,0.4233887791633606,-0.4130537211894989,-0.09563170373439789,0.12595915794372559,0.10025791823863983,0.028437092900276184,-0.43398749828338623,0.5978796482086182,0.6739397644996643,-0.7367234230041504,0.1950480341911316,-0.6474525928497314,0.29425930976867676,-0.1257033497095108,0.09287624061107635,-0.23385262489318848,-0.569771945476532,-0.7878279685974121,0.07241924107074738,0.7978373765945435,-0.598507285118103,0.3350698947906494,0.0030333877075463533,-0.03100002557039261,0.5093839168548584,-0.860539436340332,-6.407485102499777e-07,0.860539436340332,0.5093839168548584,5.900320729779196e-07,0.3777311444282532,0.1543698012828827,-0.030999887734651566,0.29240864515304565,-0.14830303192138672,-0.03100016340613365
133,0.046018488705158234,0.48974302411079407,-0.8029629588127136,1.159708023071289,-0.05502110719680786,1.512585997581482,1.5697928667068481,0.7304702997207642,-0.4445537030696869,-0.4542415738105774,-0.2824874520301819,0.4882863461971283,-0.13402150571346283,-0.37170228362083435,0.4178429841995239,0.6401802897453308,0.7118543386459351,-0.7240978479385376,-1.0369919538497925,0.24967235326766968,0.40662649273872375,0.8409460783004761,-0.18170438706874847,0.7310885787010193,-0.4348614513874054,0.4356949031352997,-0.40034744143486023,-0.4434257447719574,-0.4233624041080475,0.4251573979854584,-0.41290128231048584,-0.07430433481931686,0.13753771781921387,0.07643459737300873,0.031687185168266296,-0.44564950466156006,0.6523132920265198,0.6130937337875366,-0.6960108876228333,0.17823535203933716,-0.6955580115318298,0.2708299160003662,-0.13216131925582886,0.07205398380756378,-0.2494882345199585,-0.5855076909065247,-0.7713212966918945,0.030622992664575577,0.7913399338722229,-0.6106089949607849,0.3350698947906494,0.0030334771145135164,-0.03100007027387619,0.509384036064148,-0.8605393767356873,-5.759680448136351e-07,0.8605393767356873,0.509384036064148,1.504777031868798e-07,0.3777311146259308,0.15436989068984985,-0.030999992042779922,0.29240867495536804,-0.14830294251441956,-0.031000148504972458
134,0.027157317847013474,0.46032842993736267,-0.816031277179718,1.1878422498703003,-0.052567269653081894,1.5038710832595825,1.5996315479278564,0.7305641770362854,-0.27676209807395935,-0.5255957245826721,-0.22683881223201752,0.4622194170951843,0.032315634191036224,-0.12374608963727951,0.4159682095050812,0.5293128490447998,0.6821744441986084,-0.6948857307434082,-1.0540279150009155,0.2352055013179779,0.37654444575309753,0.8708988428115845,-0.2112666815519333,0.7311222553253174,-0.43711721897125244,0.42807647585868835,-0.24816621840000153,-0.19744661450386047,-0.42126575112342834,0.41745659708976746,-0.4139384925365448,-0.12390665709972382,0.1505873203277588,0.06079018488526344,0.038959771394729614,-0.4486854076385498,0.6978457570075989,0.5582946538925171,-0.6512604355812073,0.1724805235862732,-0.7389928698539734,0.252089262008667,-0.14019902050495148,0.05638720095157623,-0.2539464235305786,-0.6037325263023376,-0.7556575536727905,-0.004550904501229525,0.782006025314331,-0.6232542395591736,0.3350698947906494,0.0030334487091749907,-0.031000036746263504,0.5093837976455688,-0.860539436340332,-5.798116120558916e-08,0.860539436340332,0.5093837976455688,5.490043122335919e-07,0.3777311444282532,0.15436984598636627,-0.03099996969103813,0.29240864515304565,-0.14830295741558075,-0.031000103801488876
135,0.02094772271811962,0.4279157519340515,-0.8098832964897156,1.2145723104476929,-0.039885446429252625,1.5137083530426025,1.6290631294250488,0.7306345701217651,0.08463488519191742,-0.5138333439826965,0.1615150272846222,0.44413256645202637,0.19259196519851685,0.13631238043308258,0.4105181097984314,0.44856756925582886,0.6524955034255981,-0.6652088761329651,-1.0432319641113281,0.23904705047607422,0.3463667035102844,0.9007936716079712,-0.24082747101783752,0.7312802076339722,-0.41918087005615234,0.4308099150657654,0.1673179417848587,0.09935491532087326,-0.41814300417900085,0.411764919757843,-0.4141514003276825,-0.33242058753967285,0.169111967086792,0.059317171573638916,0.04709327220916748,-0.4561805725097656,0.720603346824646,0.5221397280693054,-0.6109452247619629,0.17300909757614136,-0.7725371718406677,0.24069809913635254,-0.15101096034049988,0.04577122628688812,-0.23288917541503906,-0.6355926990509033,-0.7360602021217346,-0.033915046602487564,0.7617193460464478,-0.6470188498497009,0.3350698947906494,0.0030333648901432753,-0.03100002557039261,0.509384036064148,-0.8605393767356873,-4.6163873435034475e-07,0.8605393767356873,0.509384036064148,6.028108714417613e-07,0.3777311146259308,0.1543697863817215,-0.030999906361103058,0.29240867495536804,-0.1483030468225479,-0.03100014477968216
136,0.02703995071351528,0.3967858552932739,-0.7892687916755676,1.2412067651748657,-0.024199562147259712,1.529813289642334,1.6574581861495972,0.7306581735610962,0.24276848137378693,-0.5004446506500244,0.3508806526660919,0.4458709955215454,0.23270587623119354,0.22290019690990448,0.39605820178985596,0.42266201972961426,0.6254631876945496,-0.6356089115142822,-1.015206217765808,0.25464698672294617,0.31615740060806274,0.9304046630859375,-0.2703149914741516,0.7313839197158813,-0.3743489384651184,0.43140730261802673,0.4103856384754181,0.25765261054039,-0.41648879647254944,0.40966904163360596,-0.412893146276474,-0.47058767080307007,0.19291901588439941,0.06641348451375961,0.055246055126190186,-0.47586214542388916,0.7260518074035645,0.49639075994491577,-0.5758217573165894,0.16942983865737915,-0.7998266816139221,0.23360228538513184,-0.16358809173107147,0.03798884153366089,-0.19442212581634521,-0.6750498414039612,-0.711693525314331,-0.06210029870271683,0.7325533628463745,-0.6778709292411804,0.3350698947906494,0.0030334806069731712,-0.03100007027387619,0.509384036064148,-0.8605393767356873,-5.637948561343364e-07,0.8605393767356873,0.509384036064148,2.1331609900698822e-07,0.3777311146259308,0.15436989068984985,-0.030999984592199326,0.29240867495536804,-0.14830294251441956,-0.031000155955553055
137,0.03944942727684975,0.3679784834384918,-0.773931622505188,1.2663630247116089,-0.018356896936893463,1.5434186458587646,1.6829270124435425,0.7306641936302185,0.22015026211738586,-0.4892752766609192,0.209723562002182,0.418364018201828,0.08349575102329254,0.18788819015026093,0.3550126850605011,0.41658884286880493,0.6079705953598022,-0.6072055101394653,-0.985850989818573,0.2642841935157776,0.2860901653766632,0.9591963291168213,-0.29853013157844543,0.7313846349716187,-0.21030281484127045,0.433946818113327,0.4266928434371948,0.09259703755378723,-0.4173246920108795,0.4153972864151001,-0.39470475912094116,-0.47671976685523987,0.21378684043884277,0.07133293896913528,0.06517338752746582,-0.49766063690185547,0.7290942072868347,0.4698461592197418,-0.5470077395439148,0.15657246112823486,-0.8223549127578735,0.22155213356018066,-0.17263025045394897,0.029660604894161224,-0.15068507194519043,-0.7120181918144226,-0.6858016848564148,-0.1033744066953659,0.7012683749198914,-0.7053626179695129,0.3350698947906494,0.003033384680747986,-0.03100002557039261,0.509384036064148,-0.8605393767356873,-6.529861025228456e-07,0.8605393767356873,0.509384036064148,5.83193582315289e-07,0.3777311146259308,0.1543698012828827,-0.030999887734651566,0.29240867495536804,-0.14830303192138672,-0.03100016340613365
138,0.05247626081109047,0.33986696600914,-0.769079864025116,1.2842905521392822,-0.017600009217858315,1.5595110654830933,1.6999142169952393,0.7307732701301575,0.1858416497707367,-0.4644089639186859,0.05002133920788765,0.2858209013938904,0.010224562138319016,0.22931478917598724,0.23539751768112183,0.31454649567604065,0.6023706197738647,-0.579573929309845,-0.9563394784927368,0.26432523131370544,0.2563011944293976,0.987031102180481,-0.3209509253501892,0.731373131275177,-0.027665400877594948,0.43021368980407715,0.43371185660362244,-0.06469348818063736,-0.41429996490478516,0.40747666358947754,-0.31330740451812744,-0.47659406065940857,0.22690796852111816,0.0753137469291687,0.07607293128967285,-0.5125952959060669,0.7306524515151978,0.450991153717041,-0.5249156951904297,0.14899879693984985,-0.8380112051963806,0.2025158405303955,-0.17743292450904846,0.020138457417488098,-0.10541164875030518,-0.7445011734962463,-0.6592468619346619,-0.1611521691083908,0.6669665575027466,-0.7274513840675354,0.3350698947906494,0.003033386543393135,-0.03100002557039261,0.5093839168548584,-0.8605393767356873,-7.310949854399951e-07,0.8605393767356873,0.5093839168548584,3.475171013178624e-07,0.3777311146259308,0.1543697863817215,-0.030999906361103058,0.29240867495536804,-0.14830301702022552,-0.03100014477968216
139,0.06799648702144623,0.3162158727645874,-0.7723827958106995,1.2961173057556152,-0.014775612391531467,1.5774177312850952,1.6972533464431763,0.7308803200721741,0.25082671642303467,-0.37090152502059937,-0.041048407554626465,0.18787221610546112,0.04208170622587204,0.25393807888031006,-0.03871551901102066,0.1725754588842392,0.6050996780395508,-0.553045928478241,-0.9267606735229492,0.27163124084472656,0.22654852271080017,1.014015793800354,-0.33318182826042175,0.7313966155052185,0.0655413568019867,0.39097651839256287,0.4359827935695648,0.11711757630109787,-0.4103951156139374,0.3785964250564575,-0.17043925821781158,-0.4834403097629547,0.2349545955657959,0.08046070486307144,0.08577567338943481,-0.5305671691894531,0.7214214205741882,0.44502758979797363,-0.5087646842002869,0.14889907836914062,-0.8479313850402832,0.1866466999053955,-0.1836186796426773,0.012812569737434387,-0.06043398380279541,-0.7737829685211182,-0.6305614113807678,-0.2159118503332138,0.6268940567970276,-0.7485893368721008,0.3350698947906494,0.0030334494076669216,-0.031000036746263504,0.5093839168548584,-0.860539436340332,4.98771228762962e-08,0.860539436340332,0.5093839168548584,8.636363872938091e-07,0.3777311444282532,0.15436986088752747,-0.030999943614006042,0.29240864515304565,-0.14830297231674194,-0.031000129878520966
140,0.08153252303600311,0.31718331575393677,-0.7842357754707336,1.3043245077133179,-0.017185894772410393,1.5970569849014282,1.6826025247573853,0.7311436533927917,0.15303359925746918,0.10431871563196182,-0.16450075805187225,0.05821283906698227,-0.03910759463906288,0.2814258635044098,-0.20572589337825775,0.01196676678955555,0.6081081032752991,-0.5294749140739441,-0.8972289562225342,0.27971017360687256,0.1967942863702774,1.0379414558410645,-0.3372777998447418,0.7313905358314514,0.06955017894506454,0.354377806186676,0.43028607964515686,0.09968726336956024,-0.4114784896373749,0.34112292528152466,-0.056243862956762314,-0.5006630420684814,0.23279452323913574,0.08241884410381317,0.09077967703342438,-0.5359362363815308,0.7103723287582397,0.45622754096984863,-0.5181087255477905,0.14992600679397583,-0.8420721888542175,0.1730029582977295,-0.19100870192050934,0.0066254884004592896,-0.020091772079467773,-0.7992916107177734,-0.6006074547767639,-0.2644043564796448,0.5835890173912048,-0.7677983045578003,0.3350698947906494,0.003033383283764124,-0.03100002557039261,0.5093839168548584,-0.8605393767356873,-7.49753155560029e-07,0.8605393767356873,0.5093839168548584,2.672788923518965e-07,0.3777311146259308,0.1543697863817215,-0.030999913811683655,0.29240867495536804,-0.14830301702022552,-0.031000137329101562
141,0.0907323807477951,0.33653539419174194,-0.804084062576294,1.3231621980667114,-0.031007055193185806,1.605969786643982,1.6688156127929688,0.7310037016868591,0.085518978536129,0.2823488116264343,-0.30821654200553894,0.2927970588207245,-0.2028617113828659,0.1140344962477684,-0.19236411154270172,-0.005301397759467363,0.6022488474845886,-0.5158026814460754,-0.8682428598403931,0.2828488349914551,0.16701602935791016,1.0628838539123535,-0.3461467921733856,0.7313104271888733,-0.07880551367998123,0.19548244774341583,0.4088858664035797,0.028657425194978714,-0.41606125235557556,0.35494935512542725,-0.12363474071025848,-0.03406964987516403,0.22888731956481934,0.07242672145366669,0.09482471644878387,-0.5350561141967773,0.7118626832962036,0.4549359083175659,-0.5347834825515747,0.13147860765457153,-0.8346976041793823,0.15975069999694824,-0.19842511415481567,0.002337425947189331,0.021632492542266846,-0.816249430179596,-0.5772945880889893,-0.3055294454097748,0.544407844543457,-0.781199038028717,0.3350698947906494,0.0030334806069731712,-0.03100007027387619,0.509384036064148,-0.8605393767356873,-5.808912533211696e-07,0.8605393767356873,0.509384036064148,1.8958449743422534e-07,0.3777311146259308,0.15436989068984985,-0.030999984592199326,0.29240867495536804,-0.14830294251441956,-0.031000155955553055
142,0.0958779975771904,0.3567328155040741,-0.8279890418052673,1.3432868719100952,-0.050261009484529495,1.6081523895263672,1.6550395488739014,0.7309986352920532,0.00683880178257823,0.27955392003059387,-0.37408170104026794,0.2936611473560333,-0.2789651155471802,0.026436617597937584,-0.19294007122516632,0.030344152823090553,0.5936520099639893,-0.5117864608764648,-0.8400758504867554,0.2820146083831787,0.13731691241264343,1.0859816074371338,-0.35462912917137146,0.7312717437744141,-0.11174295097589493,0.055156659334897995,0.400385320186615,-0.026964526623487473,-0.41482385993003845,0.3290405869483948,-0.11835315823554993,-0.021453088149428368,0.22381949424743652,0.056993257254362106,0.09969329833984375,-0.5325148105621338,0.7195015549659729,0.4458085894584656,-0.549709141254425,0.10651898384094238,-0.8285368084907532,0.1476285457611084,-0.20520775020122528,-0.0004957020282745361,0.06383705139160156,-0.8270907402038574,-0.5584314465522766,-0.3394372761249542,0.5082147121429443,-0.7915176153182983,0.3350698947906494,0.0030334480106830597,-0.031000036746263504,0.5093837976455688,-0.8605394959449768,-5.0768939274803415e-08,0.8605394959449768,0.5093837976455688,5.619899638986681e-07,0.3777311444282532,0.15436984598636627,-0.030999965965747833,0.29240864515304565,-0.14830295741558075,-0.031000107526779175
143,0.10055211931467056,0.3752487897872925,-0.8539041876792908,1.360692024230957,-0.06729016453027725,1.6092872619628906,1.636214017868042,0.7310084104537964,0.03404013812541962,0.2605193257331848,-0.3840477764606476,0.2497703731060028,-0.24420785903930664,0.013624533079564571,-0.26296883821487427,0.0038613397628068924,0.5872197151184082,-0.5124108791351318,-0.8118524551391602,0.28172144293785095,0.10774638503789902,1.1078639030456543,-0.3573152720928192,0.7312829494476318,-0.07596030086278915,-0.009412206709384918,0.4063044786453247,-0.007924221456050873,-0.4119681417942047,0.30982154607772827,-0.036931831389665604,-0.03390148654580116,0.21796965599060059,0.042161405086517334,0.10485918819904327,-0.5313372611999512,0.7246894240379333,0.4387550950050354,-0.5630415081977844,0.08488726615905762,-0.8220574259757996,0.13736557960510254,-0.2120298594236374,-0.0022865980863571167,0.10449838638305664,-0.8357584476470947,-0.5390622019767761,-0.3682638704776764,0.4709823727607727,-0.8015967607498169,0.3350698947906494,0.003033366985619068,-0.03100002557039261,0.509384036064148,-0.8605393171310425,-5.568503524955304e-07,0.8605393171310425,0.509384036064148,2.561597796102433e-07,0.3777310848236084,0.1543697863817215,-0.030999936163425446,0.29240867495536804,-0.1483030468225479,-0.03100011497735977
144,0.10890515148639679,0.3929018974304199,-0.8804079294204712,1.3724716901779175,-0.07300103455781937,1.6157909631729126,1.611762523651123,0.7310590147972107,0.1151004359126091,0.26862671971321106,-0.3683261275291443,0.15229091048240662,-0.08078417927026749,0.0934128686785698,-0.342142254114151,-0.010830416344106197,0.5839071273803711,-0.513900101184845,-0.7834607362747192,0.2884362041950226,0.07815292477607727,1.1285691261291504,-0.3500696122646332,0.731329619884491,-0.035825978964567184,-0.027893811464309692,0.4118405282497406,0.12176146358251572,-0.41248875856399536,0.28609684109687805,0.10168753564357758,-0.007725179195404053,0.21210932731628418,0.03404855355620384,0.10875573754310608,-0.530152440071106,0.7228872179985046,0.44313952326774597,-0.5756822824478149,0.07683199644088745,-0.8140558004379272,0.13183999061584473,-0.22021302580833435,-0.002758301794528961,0.1404842734336853,-0.8459089994430542,-0.5144921541213989,-0.3886982202529907,0.43080300092697144,-0.8144461512565613,0.3350698947906494,0.0030334508046507835,-0.031000036746263504,0.5093839168548584,-0.8605393767356873,5.942712277828832e-08,0.8605393767356873,0.5093839168548584,8.543631224711135e-07,0.3777311146259308,0.15436984598636627,-0.03099994733929634,0.29240867495536804,-0.14830295741558075,-0.031000126153230667
145,0.11884802579879761,0.4111359417438507,-0.9045378565788269,1.3798640966415405,-0.07385861128568649,1.6219755411148071,1.5877485275268555,0.7310854196548462,0.13557149469852448,0.28166165947914124,-0.3344728946685791,0.08999427407979965,-0.013187149539589882,0.08745916932821274,-0.3353120684623718,-0.006770186126232147,0.5794387459754944,-0.5141239762306213,-0.7550631165504456,0.2958180904388428,0.048531610518693924,1.1486682891845703,-0.3407071828842163,0.7313330769538879,-0.05116510018706322,0.0021759571973234415,0.40809300541877747,0.10476405918598175,-0.41423213481903076,0.2830893397331238,0.13147521018981934,-0.011302519589662552,0.20682454109191895,0.029278554022312164,0.11099803447723389,-0.5288523435592651,0.718448281288147,0.4518267810344696,-0.5884097218513489,0.07327628135681152,-0.805235743522644,0.12726712226867676,-0.22947625815868378,-0.0031996071338653564,0.17307651042938232,-0.8559090495109558,-0.48730307817459106,-0.40628933906555176,0.38866567611694336,-0.8269631266593933,0.3350698947906494,0.0030334480106830597,-0.031000036746263504,0.5093839168548584,-0.8605393767356873,-2.249345243399148e-08,0.8605393767356873,0.5093839168548584,6.154235734356917e-07,0.3777311146259308,0.15436984598636627,-0.030999965965747833,0.29240867495536804,-0.14830295741558075,-0.031000107526779175
146,0.12958784401416779,0.42364466190338135,-0.9161678552627563,1.3804187774658203,-0.07553380727767944,1.6303128004074097,1.570820689201355,0.731098473072052,0.2090269774198532,0.20939064025878906,-0.12268398702144623,-0.006285212002694607,-0.018282290548086166,0.11952382326126099,-0.23675929009914398,-0.008277705870568752,0.5705763101577759,-0.5055059790611267,-0.727013349533081,0.3039785623550415,0.018711809068918228,1.165289282798767,-0.3308265507221222,0.7313434481620789,-0.11718545109033585,0.1417052000761032,0.4005368947982788,0.11762747168540955,-0.41863924264907837,0.23304885625839233,0.13888637721538544,-0.012824987061321735,0.20280814170837402,0.029998386278748512,0.11173109710216522,-0.5290200710296631,0.7089844346046448,0.46634626388549805,-0.6030376553535461,0.07256698608398438,-0.7944052219390869,0.12332653999328613,-0.24129098653793335,-0.00494740903377533,0.1982375979423523,-0.868178129196167,-0.454938143491745,-0.42267969250679016,0.3430522084236145,-0.8388426899909973,0.3350698947906494,0.0030334750190377235,-0.03100007027387619,0.5093839168548584,-0.860539436340332,-5.665089588546834e-07,0.860539436340332,0.5093839168548584,1.4899437417170702e-07,0.3777311444282532,0.15436989068984985,-0.030999992042779922,0.29240864515304565,-0.14830294251441956,-0.031000148504972458
147,0.14225542545318604,0.43717193603515625,-0.9146848320960999,1.3740135431289673,-0.08028493821620941,1.6385635137557983,1.564989686012268,0.7311700582504272,0.2585690915584564,0.27537497878074646,0.09016194194555283,-0.13076110184192657,-0.05880489572882652,0.12001144140958786,-0.08060568571090698,-0.01595054566860199,0.5601674318313599,-0.4873979985713959,-0.6991279721260071,0.31243881583213806,-0.011237423866987228,1.171744465827942,-0.31561312079429626,0.7313752770423889,-0.13263316452503204,0.2837722897529602,0.401080846786499,0.12220952659845352,-0.4189677834510803,0.08960705250501633,0.21413899958133698,-0.041058287024497986,0.19937586784362793,0.03513423725962639,0.10973873734474182,-0.5269825458526611,0.696855902671814,0.48649901151657104,-0.6251474618911743,0.06995105743408203,-0.7773657441139221,0.12163567543029785,-0.25504523515701294,-0.00853390246629715,0.21547937393188477,-0.8841203451156616,-0.41460829973220825,-0.43457040190696716,0.2934001088142395,-0.8515075445175171,0.3350698947906494,0.0030334482435137033,-0.031000036746263504,0.5093839168548584,-0.8605393767356873,-5.203671094022866e-08,0.8605393767356873,0.5093839168548584,5.404942839959403e-07,0.3777311146259308,0.15436984598636627,-0.03099996969103813,0.29240867495536804,-0.14830295741558075,-0.031000103801488876
148,0.15603139996528625,0.45357492566108704,-0.9101382493972778,1.3698303699493408,-0.08577822893857956,1.641001582145691,1.5711157321929932,0.7310859560966492,0.2455141246318817,0.27291202545166016,0.10098602622747421,-0.06353627145290375,-0.07355918735265732,0.033189453184604645,0.08537345379590988,0.030550166964530945,0.5501919388771057,-0.46861177682876587,-0.673464298248291,0.31821197271347046,-0.04120415449142456,1.1713415384292603,-0.29381275177001953,0.731366753578186,-0.12937280535697937,0.2831884026527405,0.366681843996048,0.0786207839846611,-0.41920405626296997,-0.0053202616982162,0.30597180128097534,-0.022692780941724777,0.19860005378723145,0.03877278417348862,0.10692718625068665,-0.5235790014266968,0.6916978359222412,0.49741247296333313,-0.6455879211425781,0.058870136737823486,-0.76141357421875,0.12105345726013184,-0.26859748363494873,-0.012713558971881866,0.2265077829360962,-0.9004467725753784,-0.37133529782295227,-0.4422297179698944,0.24460893869400024,-0.8629017472267151,0.3350698947906494,0.0030333870090544224,-0.03100002557039261,0.5093839168548584,-0.8605393767356873,-7.402741744044761e-07,0.8605393767356873,0.5093839168548584,2.9013855851189874e-07,0.3777311146259308,0.1543697863817215,-0.030999913811683655,0.29240867495536804,-0.14830301702022552,-0.031000137329101562
149,0.17040224373340607,0.4734697937965393,-0.9076122641563416,1.369329810142517,-0.08839136362075806,1.6416985988616943,1.5845924615859985,0.7310684323310852,0.2570202946662903,0.33757397532463074,0.07972710579633713,-0.018921446055173874,-0.032488659024238586,0.008231113664805889,0.18918514251708984,-0.0036726482212543488,0.5392721891403198,-0.45200058817863464,-0.655335545539856,0.32739463448524475,-0.07108186185359955,1.1661789417266846,-0.2671228051185608,0.7313302159309387,-0.16548076272010803,0.2321733683347702,0.2523403763771057,0.1613314002752304,-0.4176825284957886,-0.07908439636230469,0.3744940757751465,-0.034105345606803894,0.19930386543273926,0.041322801262140274,0.10401052236557007,-0.5169641971588135,0.6938374042510986,0.5013359189033508,-0.663446307182312,0.04532015323638916,-0.7468501329421997,0.12491869926452637,-0.28211480379104614,-0.015950217843055725,0.22789543867111206,-0.9169408679008484,-0.32754093408584595,-0.43989336490631104,0.20314699411392212,-0.8747714757919312,0.3350698947906494,0.003033505752682686,-0.03100007027387619,0.509384036064148,-0.8605393767356873,-4.422677193360869e-07,0.8605393767356873,0.509384036064148,1.935210036663193e-07,0.3777311146259308,0.15436992049217224,-0.03099999949336052,0.29240867495536804,-0.14830291271209717,-0.03100014105439186
150,0.18406157195568085,0.49610063433647156,-0.9075900316238403,1.374572515487671,-0.09476093202829361,1.6389304399490356,1.5945931673049927,0.7310009002685547,0.22850793600082397,0.35375237464904785,0.02446434274315834,0.08002340793609619,-0.08901243656873703,-0.043541789054870605,0.14032679796218872,0.003127889707684517,0.5287835001945496,-0.44180601835250854,-0.6440172791481018,0.3441961407661438,-0.10080185532569885,1.1623508930206299,-0.2402544617652893,0.7313010096549988,-0.16729092597961426,0.12066974490880966,0.15681836009025574,0.29429879784584045,-0.4150635898113251,-0.06491463631391525,0.3767978250980377,-0.030080504715442657,0.20112252235412598,0.03976495563983917,0.10234111547470093,-0.5149664878845215,0.696888267993927,0.49915575981140137,-0.6795019507408142,0.023123860359191895,-0.7333092093467712,0.1342151165008545,-0.29526787996292114,-0.016464538872241974,0.22529345750808716,-0.9313517808914185,-0.28605371713638306,-0.42683422565460205,0.16957634687423706,-0.8882884979248047,0.3350698947906494,0.0030334487091749907,-0.031000036746263504,0.5093837976455688,-0.8605394959449768,-6.266876795280041e-08,0.8605394959449768,0.5093837976455688,5.671061558132351e-07,0.3777311444282532,0.15436984598636627,-0.030999965965747833,0.29240864515304565,-0.14830295741558075,-0.031000107526779175
151,0.19758078455924988,0.5195612907409668,-0.9116741418838501,1.3802684545516968,-0.10080268234014511,1.6330996751785278,1.6012284755706787,0.7310039401054382,0.21572843194007874,0.3738996386528015,-0.032652612775564194,0.07244070619344711,-0.08390124142169952,-0.08399886637926102,0.09297110140323639,-0.0027522780001163483,0.5204837322235107,-0.43413567543029785,-0.6351746320724487,0.3663623332977295,-0.13033640384674072,1.1603811979293823,-0.21381157636642456,0.7313023209571838,-0.12506122887134552,0.0927555114030838,0.12804430723190308,0.36291059851646423,-0.4132924973964691,-0.03766065463423729,0.37054386734962463,-0.00491165928542614,0.20289969444274902,0.0363253653049469,0.10090377926826477,-0.5147683620452881,0.7005010843276978,0.4942789673805237,-0.6930060386657715,-0.000565648078918457,-0.7209315299987793,0.14644694328308105,-0.3082723617553711,-0.015015736222267151,0.2224605679512024,-0.9436473250389099,-0.24503281712532043,-0.4087005853652954,0.13791775703430176,-0.902187705039978,0.3350698947906494,0.0030333660542964935,-0.03100002557039261,0.509384036064148,-0.8605393171310425,-5.717338353861123e-07,0.8605393171310425,0.509384036064148,2.610383660339721e-07,0.3777310848236084,0.1543697863817215,-0.030999932438135147,0.29240867495536804,-0.1483030468225479,-0.03100011870265007
152,0.2112915962934494,0.540852427482605,-0.9142387509346008,1.3825212717056274,-0.10142530500888824,1.6249865293502808,1.6080816984176636,0.7310066819190979,0.24473491311073303,0.348697692155838,0.009123561903834343,0.020746145397424698,-0.003270199289545417,-0.11415736377239227,0.0956023782491684,0.002156645990908146,0.5146982669830322,-0.4243927001953125,-0.6302462816238403,0.3911861777305603,-0.15974991023540497,1.1599020957946777,-0.1878402680158615,0.7312881946563721,-0.09144149720668793,0.13215067982673645,0.07040008157491684,0.3915032744407654,-0.4120871126651764,-0.0147935189306736,0.36414122581481934,-0.02760794758796692,0.20568108558654785,0.03504815697669983,0.09774743020534515,-0.5163981914520264,0.702290415763855,0.4900214970111847,-0.7024133205413818,-0.02005016803741455,-0.71148681640625,0.15896296501159668,-0.3216063976287842,-0.012759700417518616,0.21709251403808594,-0.9545087814331055,-0.20441100001335144,-0.3912988007068634,0.1067502498626709,-0.9140511751174927,0.3350698947906494,0.0030334501061588526,-0.031000036746263504,0.5093839168548584,-0.8605393767356873,4.992145363758027e-08,0.8605393767356873,0.5093839168548584,8.583982662457856e-07,0.3777311146259308,0.15436984598636627,-0.030999943614006042,0.29240867495536804,-0.14830295741558075,-0.031000129878520966
153,0.2261735498905182,0.5583094954490662,-0.9140861630439758,1.3851840496063232,-0.09542682021856308,1.612921118736267,1.614549160003662,0.7308916449546814,0.2766116261482239,0.2710034251213074,0.046818457543849945,0.04937835782766342,0.09061196446418762,-0.17215821146965027,0.08987295627593994,0.1378164142370224,0.5117138624191284,-0.4136686325073242,-0.6328994035720825,0.4173536002635956,-0.1889486163854599,1.162370204925537,-0.16232670843601227,0.7312416434288025,-0.06500223278999329,0.1438722014427185,-0.04388182982802391,0.4083766043186188,-0.41139766573905945,0.02739269845187664,0.35733383893966675,0.009949088096618652,0.21240496635437012,0.03568127378821373,0.09299950301647186,-0.525676965713501,0.7004348039627075,0.48275765776634216,-0.7033677101135254,-0.03868448734283447,-0.7097727656364441,0.17045950889587402,-0.33525824546813965,-0.009890653192996979,0.206226646900177,-0.9642401933670044,-0.1664678007364273,-0.3768995702266693,0.07872188091278076,-0.9229029417037964,0.3350698947906494,0.0030333860777318478,-0.03100002557039261,0.509384036064148,-0.8605393767356873,-7.347501309595827e-07,0.8605393767356873,0.509384036064148,2.6415622755848744e-07,0.3777311146259308,0.1543698012828827,-0.030999917536973953,0.29240867495536804,-0.14830303192138672,-0.031000133603811264
154,0.23922662436962128,0.5662360787391663,-0.9065663814544678,1.3893625736236572,-0.08520040661096573,1.6006808280944824,1.6265671253204346,0.7308184504508972,0.25691381096839905,0.10731969773769379,0.1450883001089096,0.08499082922935486,0.15104889869689941,-0.17326687276363373,0.16654184460639954,0.23555730283260345,0.5080360174179077,-0.3990224003791809,-0.6461899280548096,0.44412362575531006,-0.21804127097129822,1.1689954996109009,-0.13800513744354248,0.731164813041687,-0.10036821663379669,0.21021351218223572,-0.2096993327140808,0.40462955832481384,-0.4132181704044342,0.08963584899902344,0.3407032787799835,0.00040157046169042587,0.22324919700622559,0.039353642612695694,0.0877266526222229,-0.540490984916687,0.6969454288482666,0.4713136553764343,-0.6949104070663452,-0.05399215221405029,-0.7170665264129639,0.1789247989654541,-0.3507050573825836,-0.007204964756965637,0.18412911891937256,-0.9740469455718994,-0.1316399723291397,-0.37023746967315674,0.05533260107040405,-0.9272878170013428,0.3350698947906494,0.0030334743205457926,-0.03100007027387619,0.5093839168548584,-0.860539436340332,-5.669259621754463e-07,0.860539436340332,0.5093839168548584,1.658950878891119e-07,0.3777311444282532,0.15436989068984985,-0.030999988317489624,0.29240864515304565,-0.14830294251441956,-0.031000152230262756
155,0.2454300969839096,0.5671987533569336,-0.8902149796485901,1.3930158615112305,-0.0697520524263382,1.594094157218933,1.636817455291748,0.7308909893035889,0.13250599801540375,0.02369900420308113,0.2646777629852295,0.05206896737217903,0.22435051202774048,-0.09096871316432953,0.14275114238262177,0.1362854540348053,0.5109281539916992,-0.3962322473526001,-0.6667888760566711,0.47142237424850464,-0.2463458627462387,1.1798217296600342,-0.11802183091640472,0.73111891746521,-0.00287166191264987,-0.004351538605988026,-0.3019464910030365,0.44288375973701477,-0.39980265498161316,0.14208397269248962,0.2795516550540924,0.030851038172841072,0.23430895805358887,0.047596920281648636,0.08165967464447021,-0.5545052289962769,0.688869833946228,0.4668859839439392,-0.6833093166351318,-0.05667245388031006,-0.7279263138771057,0.18815016746520996,-0.36439064145088196,-0.002429679036140442,0.16511470079421997,-0.9806835651397705,-0.10486598312854767,-0.35911622643470764,0.03924679756164551,-0.9324673414230347,0.3350698947906494,0.0030334480106830597,-0.031000036746263504,0.5093837976455688,-0.8605394959449768,-6.349824133167203e-08,0.8605394959449768,0.5093837976455688,5.45251680250658e-07,0.3777311444282532,0.15436984598636627,-0.030999965965747833,0.29240864515304565,-0.14830295741558075,-0.031000107526779175
156,0.24466001987457275,0.565859317779541,-0.8744959235191345,1.3949745893478394,-0.05665218457579613,1.5930274724960327,1.6477174758911133,0.7309845089912415,-0.028230123221874237,-0.02207498624920845,0.21444353461265564,0.018716957420110703,0.1840408593416214,-0.012538960203528404,0.15227413177490234,0.019454842433333397,0.518323540687561,-0.3983580470085144,-0.6920107007026672,0.4987238347530365,-0.27287381887435913,1.1916548013687134,-0.1024797111749649,0.731084942817688,0.06253227591514587,-0.05613347515463829,-0.3686259984970093,0.4264910817146301,-0.3752075433731079,0.15949304401874542,0.2175605446100235,0.0034498493187129498,0.24093222618103027,0.05534949153661728,0.07704927027225494,-0.5590306520462036,0.6856009364128113,0.4663003981113434,-0.6756818890571594,-0.05074179172515869,-0.735444962978363,0.1974027156829834,-0.3770124316215515,0.0031240880489349365,0.14820939302444458,-0.9853997826576233,-0.08379247784614563,-0.3462737202644348,0.027657151222229004,-0.9377257227897644,0.3350698947906494,0.003033385844901204,-0.03100002557039261,0.5093839168548584,-0.8605393767356873,-7.392436032205296e-07,0.8605393767356873,0.5093839168548584,2.9013745006523095e-07,0.3777311146259308,0.1543697863817215,-0.030999913811683655,0.29240867495536804,-0.14830301702022552,-0.031000137329101562
157,0.23891878128051758,0.5586961507797241,-0.860710620880127,1.3903939723968506,-0.03957923501729965,1.5977280139923096,1.6602215766906738,0.7310745716094971,-0.09817854315042496,-0.11019919067621231,0.189341738820076,-0.08266908675432205,0.2415153682231903,0.07063990831375122,0.17555128037929535,-0.08562485873699188,0.5278526544570923,-0.39461708068847656,-0.7183623313903809,0.5257532000541687,-0.2977558970451355,1.2024812698364258,-0.09148931503295898,0.7310950756072998,0.10636113584041595,0.053323566913604736,-0.37997138500213623,0.40859562158584595,-0.3526102900505066,0.1475020796060562,0.15392807126045227,0.0025999764911830425,0.24303555488586426,0.065366730093956,0.07293616235256195,-0.552565336227417,0.6871992945671082,0.47162365913391113,-0.6696038842201233,-0.02908170223236084,-0.7421488761901855,0.20501923561096191,-0.3900587260723114,0.007784232497215271,0.13399434089660645,-0.9889655113220215,-0.06318769603967667,-0.33829465508461,0.014283299446105957,-0.9409317970275879,0.3350698947906494,0.003033506451174617,-0.03100007027387619,0.509384036064148,-0.8605393767356873,-4.417734089656733e-07,0.8605393767356873,0.509384036064148,1.949851906601907e-07,0.3777311146259308,0.15436992049217224,-0.03099999949336052,0.29240867495536804,-0.14830291271209717,-0.03100014105439186
158,0.23049333691596985,0.5474407076835632,-0.8498024940490723,1.3794732093811035,-0.01940145716071129,1.606080174446106,1.6746841669082642,0.7311520576477051,-0.153964102268219,-0.16938328742980957,0.13943926990032196,-0.17867371439933777,0.2835187613964081,0.12294992059469223,0.20319156348705292,-0.011224627494812012,0.5405431389808655,-0.38479363918304443,-0.745020866394043,0.5515381097793579,-0.31999462842941284,1.2123874425888062,-0.08335872739553452,0.7311059236526489,0.1613273173570633,0.14658522605895996,-0.37995877861976624,0.3836075961589813,-0.3151276111602783,0.13552410900592804,0.1138622909784317,0.0012476039119064808,0.24149680137634277,0.07701126486063004,0.06930357217788696,-0.5367789268493652,0.692870020866394,0.4814557433128357,-0.6646908521652222,0.0041953325271606445,-0.7471067309379578,0.21070313453674316,-0.40272924304008484,0.01133805513381958,0.12272429466247559,-0.9915181398391724,-0.04278791323304176,-0.3361486792564392,-0.0009638071060180664,-0.9418085813522339,0.3350698947906494,0.0030334487091749907,-0.031000036746263504,0.5093837976455688,-0.8605394959449768,-4.690850374799993e-08,0.8605394959449768,0.5093837976455688,5.630298005598888e-07,0.3777311444282532,0.15436984598636627,-0.030999965965747833,0.29240864515304565,-0.14830295741558075,-0.031000107526779175
159,0.2230234146118164,0.5269848704338074,-0.8427771925926208,1.3667303323745728,0.004930456168949604,1.6162630319595337,1.689315676689148,0.731086015701294,-0.11984460800886154,-0.35854372382164,0.07422488927841187,-0.16341863572597504,0.3423566222190857,0.14541883766651154,0.2052384465932846,0.010684764012694359,0.5586638450622559,-0.3672800660133362,-0.7713770270347595,0.5740187168121338,-0.34127718210220337,1.2174071073532104,-0.07386309653520584,0.731155276298523,0.26435673236846924,0.2747438848018646,-0.36510711908340454,0.3198534846305847,-0.2999095618724823,0.06841801106929779,0.1331431269645691,-0.007908502593636513,0.24097084999084473,0.09019535779953003,0.06772863864898682,-0.5210331678390503,0.698800802230835,0.4901040196418762,-0.6521825790405273,0.044476866722106934,-0.7567561268806458,0.21506047248840332,-0.4147455096244812,0.012914657592773438,0.11542713642120361,-0.9931347370147705,-0.018975675106048584,-0.33874276280403137,-0.021397829055786133,-0.9406356811523438,0.3350698947906494,0.0030333646573126316,-0.03100002557039261,0.509384036064148,-0.8605393171310425,-5.730626071454026e-07,0.8605393171310425,0.509384036064148,2.6188726565123943e-07,0.3777310848236084,0.1543697863817215,-0.030999932438135147,0.29240867495536804,-0.1483030468225479,-0.03100011870265007
160,0.21541787683963776,0.5006046891212463,-0.8403540849685669,1.355591058731079,0.0305464044213295,1.6288737058639526,1.704810619354248,0.7310824394226074,-0.14854346215724945,-0.4419625997543335,-0.0046446239575743675,-0.14500202238559723,0.35761481523513794,0.17938096821308136,0.217659592628479,0.0015709704020991921,0.5811953544616699,-0.34620893001556396,-0.797027051448822,0.5946665406227112,-0.3617219924926758,1.2163779735565186,-0.06307725608348846,0.7311882972717285,0.3282301723957062,0.3154698312282562,-0.3513730466365814,0.30601242184638977,-0.28683820366859436,-0.019283652305603027,0.15169252455234528,-0.011237269267439842,0.24143147468566895,0.10291367024183273,0.06887444853782654,-0.5043497085571289,0.7066141366958618,0.496314138174057,-0.633360743522644,0.08795708417892456,-0.7688418030738831,0.2204420566558838,-0.4258839190006256,0.013503260910511017,0.111916184425354,-0.9936901330947876,0.007404566742479801,-0.33976462483406067,-0.04526674747467041,-0.9394205808639526,0.3350698947906494,0.0030334508046507835,-0.031000036746263504,0.5093839168548584,-0.8605393767356873,5.121862045598391e-08,0.8605393767356873,0.5093839168548584,8.602899015386356e-07,0.3777311146259308,0.15436984598636627,-0.030999943614006042,0.29240867495536804,-0.14830295741558075,-0.031000129878520966
161,0.20424066483974457,0.4728684723377228,-0.8469926118850708,1.3414714336395264,0.052486591041088104,1.6470810174942017,1.7230241298675537,0.7311947345733643,-0.2805086076259613,-0.4543977379798889,-0.1706443876028061,-0.21778996288776398,0.29858818650245667,0.2625676691532135,0.25513938069343567,0.0138322152197361,0.6052313446998596,-0.3199229836463928,-0.8224771022796631,0.6117727160453796,-0.38455307483673096,1.2050052881240845,-0.04480279982089996,0.7312406301498413,0.3536068797111511,0.40403884649276733,-0.35051414370536804,0.24205073714256287,-0.32059693336486816,-0.16234485805034637,0.25638633966445923,-0.02090822160243988,0.23682045936584473,0.11297769099473953,0.0726650059223175,-0.47359001636505127,0.7215773463249207,0.5050135850906372,-0.6167687177658081,0.1376163363456726,-0.7750213742256165,0.22713828086853027,-0.43769681453704834,0.012320026755332947,0.10599684715270996,-0.9935102462768555,0.04125664010643959,-0.33758223056793213,-0.07498061656951904,-0.9383050203323364,0.3350698947906494,0.0030334487091749907,-0.031000036746263504,0.5093839168548584,-0.8605393767356873,-2.2991230252955575e-08,0.8605393767356873,0.5093839168548584,6.187551662151236e-07,0.3777311146259308,0.15436984598636627,-0.030999962240457535,0.29240867495536804,-0.14830295741558075,-0.031000111252069473
162,0.18480759859085083,0.4442809224128723,-0.8590320348739624,1.3277266025543213,0.0707426369190216,1.6685806512832642,1.740150809288025,0.7312313914299011,-0.4128679037094116,-0.482707679271698,-0.25862836837768555,-0.20208114385604858,0.24535171687602997,0.3050878345966339,0.2409076988697052,-0.018641965463757515,0.631438672542572,-0.2921792268753052,-0.8464397192001343,0.6266965866088867,-0.4067096710205078,1.1850836277008057,-0.024729952216148376,0.7312695980072021,0.4013560712337494,0.41480904817581177,-0.31890884041786194,0.22158801555633545,-0.3114718794822693,-0.2854630649089813,0.2808811068534851,0.0327451191842556,0.22885489463806152,0.11944198608398438,0.07842658460140228,-0.43273985385894775,0.7397561073303223,0.5152639746665955,-0.598209023475647,0.1919683814048767,-0.7780064344406128,0.23628973960876465,-0.44845864176750183,0.010447993874549866,0.10266971588134766,-0.9917401075363159,0.07688084244728088,-0.3291156589984894,-0.10680437088012695,-0.9382301568984985,0.3350698947906494,0.0030334722250699997,-0.03100007027387619,0.5093839168548584,-0.860539436340332,-5.671590770361945e-07,0.860539436340332,0.5093839168548584,1.501898765354781e-07,0.3777311444282532,0.15436989068984985,-0.030999992042779922,0.29240864515304565,-0.14830294251441956,-0.031000148504972458
163,0.15988358855247498,0.41445863246917725,-0.8706225156784058,1.3135088682174683,0.0753471702337265,1.6898164749145508,1.759381651878357,0.7312400341033936,-0.48168593645095825,-0.4880155920982361,-0.2442387342453003,-0.2133089303970337,0.0531710721552372,0.30276480317115784,0.2695740759372711,0.016315562650561333,0.6590493321418762,-0.2634046971797943,-0.8639008402824402,0.6341036558151245,-0.42473289370536804,1.1607497930526733,-0.00231060734950006,0.731290340423584,0.4665036201477051,0.44753921031951904,-0.21563592553138733,0.07923835515975952,-0.24751906096935272,-0.3417125940322876,0.31428033113479614,-0.03297467157244682,0.21738648414611816,0.12146177887916565,0.0856432318687439,-0.38703978061676025,0.7587806582450867,0.523881733417511,-0.5828889608383179,0.2388920783996582,-0.7766408920288086,0.24440884590148926,-0.4553866386413574,0.007047593593597412,0.10462379455566406,-0.9883323907852173,0.1106937825679779,-0.3211419880390167,-0.1389164924621582,-0.9367871284484863,0.3350698947906494,0.0030334480106830597,-0.031000036746263504,0.5093839168548584,-0.8605393767356873,-4.761253080687311e-08,0.8605393767356873,0.5093839168548584,5.415134864961146e-07,0.3777311146259308,0.15436984598636627,-0.03099996969103813,0.29240867495536804,-0.14830295741558075,-0.031000103801488876
164,0.13183623552322388,0.38465404510498047,-0.8773834109306335,1.3030009269714355,0.06415523588657379,1.7023061513900757,1.7806004285812378,0.7311213612556458,-0.49962130188941956,-0.49119833111763,-0.16697447001934052,-0.13800401985645294,-0.16715478897094727,0.1751159280538559,0.2973228693008423,-0.002716586459428072,0.687300443649292,-0.23419782519340515,-0.8723846673965454,0.6347000002861023,-0.436949759721756,1.1372255086898804,0.02266799286007881,0.7312995195388794,0.5038993954658508,0.45350536704063416,-0.08118841797113419,-0.02240513637661934,-0.16417232155799866,-0.3296259343624115,0.3500808775424957,-0.03829406574368477,0.20591187477111816,0.1172054260969162,0.09289556741714478,-0.34753620624542236,0.7790258526802063,0.5218594670295715,-0.5696829557418823,0.26663297414779663,-0.7774112224578857,0.25020813941955566,-0.45768865942955017,0.00256173312664032,0.11190152168273926,-0.9836065769195557,0.1414078325033188,-0.31666043400764465,-0.17017912864685059,-0.9331480264663696,0.3350698947906494,0.0030333655886352062,-0.03100002557039261,0.509384036064148,-0.8605393171310425,-5.695843015018909e-07,0.8605393171310425,0.509384036064148,2.397104026385932e-07,0.3777310848236084,0.1543697863817215,-0.030999936163425446,0.29240867495536804,-0.1483030468225479,-0.03100011497735977
165,0.10262929648160934,0.3549059331417084,-0.8787592649459839,1.301392912864685,0.04766052961349487,1.7073622941970825,1.7966315746307373,0.7310056090354919,-0.4873691201210022,-0.5034254193305969,-0.08151225000619888,0.014358140528202057,-0.23790580034255981,0.06792214512825012,0.22388409078121185,0.19719333946704865,0.7161033153533936,-0.20435312390327454,-0.8735218644142151,0.6373000144958496,-0.4433993995189667,1.1126335859298706,0.04987289011478424,0.7313056588172913,0.5306932330131531,0.44738322496414185,0.03234368562698364,0.040608782321214676,-0.08425743132829666,-0.3522246778011322,0.38120388984680176,-0.04751761630177498,0.1984694004058838,0.10885415226221085,0.10020801424980164,-0.32324838638305664,0.7970118522644043,0.5101789236068726,-0.5523871183395386,0.27882277965545654,-0.7855738401412964,0.25850653648376465,-0.456759512424469,-0.0011905431747436523,0.1203300952911377,-0.9779428243637085,0.17072950303554535,-0.30669647455215454,-0.200187087059021,-0.930517315864563,0.3350698947906494,0.003033505519852042,-0.03100007027387619,0.509384036064148,-0.8605393767356873,-4.256698673543724e-07,0.8605393767356873,0.509384036064148,2.163167920343767e-07,0.3777311146259308,0.15436992049217224,-0.03099999949336052,0.29240867495536804,-0.14830291271209717,-0.03100014105439186
166,0.07391009479761124,0.3240300714969635,-0.8743820190429688,1.2982447147369385,0.03254019096493721,1.7158441543579102,1.8083901405334473,0.7310304045677185,-0.4763815104961395,-0.4895542562007904,0.017249377444386482,-0.04401848837733269,-0.21704509854316711,0.12215256690979004,0.16513682901859283,0.005335722118616104,0.7462068200111389,-0.17454425990581512,-0.8730900287628174,0.6389435529708862,-0.4519013464450836,1.0857937335968018,0.07859808951616287,0.731320858001709,0.53775554895401,0.4546412229537964,0.04187745973467827,0.009314818307757378,-0.11318369954824448,-0.3793005347251892,0.4026738405227661,-0.04381220415234566,0.19107365608215332,0.10387977957725525,0.1072801947593689,-0.3038802146911621,0.8076868653297424,0.5052710175514221,-0.5370811820030212,0.2928122878074646,-0.7910782694816589,0.26773715019226074,-0.4550724923610687,-0.005054309964179993,0.13190054893493652,-0.9706354141235352,0.20116907358169556,-0.29269465804100037,-0.23202991485595703,-0.9276269674301147,0.3350698947906494,0.0030333877075463533,-0.03100002557039261,0.5093839168548584,-0.860539436340332,-6.4537044863755e-07,0.860539436340332,0.5093839168548584,5.899971711187391e-07,0.3777311444282532,0.1543698012828827,-0.030999887734651566,0.29240864515304565,-0.14830303192138672,-0.03100016340613365
167,0.04909507557749748,0.2948354482650757,-0.8796050548553467,1.2949938774108887,0.02883673645555973,1.7174712419509888,1.804781198501587,0.7309974431991577,-0.4832386076450348,-0.4976741671562195,-0.15057745575904846,-0.026946375146508217,-0.05951807275414467,0.021715302020311356,-0.05073220655322075,0.005030680447816849,0.7737560272216797,-0.1445724219083786,-0.8623422980308533,0.6484186053276062,-0.46174758672714233,1.0578150749206543,0.10731647908687592,0.7313682436943054,0.5791743993759155,0.4331875741481781,0.2177395224571228,0.17427626252174377,-0.1346348077058792,-0.40839114785194397,0.4018460810184479,0.0197953712195158,0.18643498420715332,0.09868750721216202,0.11270655691623688,-0.29477035999298096,0.8138369917869568,0.500779390335083,-0.5097107887268066,0.3093705177307129,-0.8027981519699097,0.28307080268859863,-0.451917439699173,-0.0063669756054878235,0.14896124601364136,-0.960624098777771,0.23454657196998596,-0.2657581865787506,-0.2673581838607788,-0.9262248873710632,0.3350698947906494,0.0030334782786667347,-0.03100007027387619,0.509384036064148,-0.8605393767356873,-5.683613721885195e-07,0.8605393767356873,0.509384036064148,1.475344788559596e-07,0.3777311146259308,0.15436989068984985,-0.030999992042779922,0.29240867495536804,-0.14830294251441956,-0.031000148504972458
168,0.021901413798332214,0.2645094096660614,-0.8845097422599792,1.2919895648956299,0.03995990753173828,1.7049113512039185,1.7911593914031982,0.7309667468070984,-0.472874253988266,-0.5013623833656311,-0.11789712309837341,-0.016934121027588844,0.15457457304000854,-0.18017594516277313,-0.1906871795654297,0.02772277593612671,0.8009385466575623,-0.11512702703475952,-0.8412527441978455,0.6687037348747253,-0.47125086188316345,1.0292739868164062,0.13522128760814667,0.7313849329948425,0.6161679029464722,0.4147373139858246,0.3708302676677704,0.346748948097229,-0.12864312529563904,-0.42100709676742554,0.3905671238899231,0.008948131464421749,0.18845009803771973,0.09278373420238495,0.11531412601470947,-0.2994880676269531,0.818342924118042,0.4905319809913635,-0.46224352717399597,0.3253113627433777,-0.8249262571334839,0.3061082363128662,-0.4449360966682434,-0.0043421536684036255,0.17168360948562622,-0.9478643536567688,0.2684735655784607,-0.2225937843322754,-0.3027958869934082,-0.92669677734375,0.3350698947906494,0.0030334475450217724,-0.031000036746263504,0.5093837976455688,-0.860539436340332,-5.860974994220669e-08,0.860539436340332,0.5093837976455688,5.455157747746853e-07,0.3777311444282532,0.15436984598636627,-0.03099996969103813,0.29240864515304565,-0.14830295741558075,-0.031000103801488876
169,-0.005426839925348759,0.2340194135904312,-0.8850704431533813,1.2905336618423462,0.061704013496637344,1.6786646842956543,1.7703325748443604,0.7307561039924622,-0.449904203414917,-0.5010221004486084,-0.04445858299732208,0.016881002113223076,0.3065269887447357,-0.3726551830768585,-0.29323384165763855,0.30699968338012695,0.8286745548248291,-0.08698870241641998,-0.8138085007667542,0.6951069831848145,-0.4841747581958771,1.0002855062484741,0.1613752692937851,0.7313905358314514,0.6434196829795837,0.3954160511493683,0.4563036859035492,0.4276842176914215,-0.17286470532417297,-0.4263468086719513,0.36634764075279236,-0.054403308779001236,0.19777894020080566,0.08548157662153244,0.1162358969449997,-0.31960010528564453,0.8225025534629822,0.4704735279083252,-0.3990592360496521,0.3334991931915283,-0.8541253209114075,0.33381152153015137,-0.43385738134384155,7.008761167526245e-05,0.20166033506393433,-0.9316577315330505,0.3022368848323822,-0.16683028638362885,-0.3367398977279663,-0.9267007112503052,0.3350698947906494,0.0030333856120705605,-0.03100002557039261,0.509384036064148,-0.8605393767356873,-7.414330980282102e-07,0.8605393767356873,0.509384036064148,2.932500251517922e-07,0.3777311146259308,0.1543698012828827,-0.030999910086393356,0.29240867495536804,-0.14830303192138672,-0.03100014105439186
170,-0.03223516419529915,0.20360012352466583,-0.8847541809082031,1.2846959829330444,0.08810736238956451,1.64922297000885,1.7437044382095337,0.730765700340271,-0.4844234585762024,-0.48683053255081177,-0.03958149254322052,-0.07183540612459183,0.3686794638633728,-0.41287529468536377,-0.373798131942749,0.291242778301239,0.8574559688568115,-0.06016823276877403,-0.7844399213790894,0.7234153747558594,-0.5037721395492554,0.9714208841323853,0.17723211646080017,0.7313984036445618,0.6600241661071777,0.37888211011886597,0.475913405418396,0.44577160477638245,-0.26706433296203613,-0.4223375916481018,0.22203393280506134,-0.05580047890543938,0.20815491676330566,0.07913114875555038,0.11681710183620453,-0.3433864116668701,0.8246530294418335,0.4494810402393341,-0.3313530683517456,0.34143340587615967,-0.8795614242553711,0.36301445960998535,-0.41948118805885315,0.0059380680322647095,0.2465885877609253,-0.9093974232673645,0.33494824171066284,-0.10310967266559601,-0.3682781457901001,-0.9239802360534668,0.3350698947906494,0.003033504355698824,-0.03100007027387619,0.509384036064148,-0.8605393767356873,-4.3834882035298506e-07,0.8605393767356873,0.509384036064148,1.9709273146872874e-07,0.3777311146259308,0.15436992049217224,-0.03099999949336052,0.29240867495536804,-0.14830291271209717,-0.03100014105439186
171,-0.0646975040435791,0.1720629185438156,-0.8713169097900391,1.2659978866577148,0.11395998299121857,1.619368553161621,1.716036081314087,0.7308646440505981,-0.5080052018165588,-0.45591726899147034,0.1810918152332306,-0.2910907566547394,0.36394286155700684,-0.4116710424423218,-0.38851866126060486,0.1654975712299347,0.8866016864776611,-0.03284282982349396,-0.7547836899757385,0.7519732713699341,-0.5274788737297058,0.947236180305481,0.16069117188453674,0.7314163446426392,0.6697624325752258,0.3969367444515228,0.4749446511268616,0.4343870282173157,-0.3250441551208496,-0.35308629274368286,-0.23159261047840118,-0.05733503773808479,0.21680283546447754,0.077755406498909,0.11525513231754303,-0.36791789531707764,0.821190595626831,0.43621373176574707,-0.2698691189289093,0.3546261787414551,-0.895215630531311,0.39013028144836426,-0.402692049741745,0.012317977845668793,0.3239177465438843,-0.8733369708061218,0.36381304264068604,-0.03982466831803322,-0.3967914581298828,-0.9170445203781128,0.3350698947906494,0.0030333877075463533,-0.03100002557039261,0.5093839168548584,-0.860539436340332,-6.502139626718417e-07,0.860539436340332,0.5093839168548584,5.706527872462175e-07,0.3777311444282532,0.1543698012828827,-0.030999891459941864,0.29240864515304565,-0.14830303192138672,-0.031000159680843353
172,-0.09774777293205261,0.14247405529022217,-0.8484792113304138,1.242588758468628,0.13951201736927032,1.5895576477050781,1.691477656364441,0.7308672070503235,-0.48730164766311646,-0.43619197607040405,0.3178831934928894,-0.3374272882938385,0.3610989451408386,-0.4140737056732178,-0.3447522222995758,0.1629915088415146,0.9156776070594788,-0.004059216473251581,-0.725128173828125,0.7782469391822815,-0.5373868942260742,0.9303154945373535,0.13309930264949799,0.7313323020935059,0.6787207722663879,0.43420135974884033,0.4730691909790039,0.37619224190711975,-0.13077722489833832,-0.2459481805562973,-0.38641175627708435,-0.044895123690366745,0.22618317604064941,0.07949117571115494,0.11290597915649414,-0.3929511308670044,0.8157732486724854,0.42438581585884094,-0.21462416648864746,0.36740052700042725,-0.9049603939056396,0.41033101081848145,-0.3814522325992584,0.016332536935806274,0.40180349349975586,-0.8320372700691223,0.3824499547481537,0.010272207669913769,-0.41352522373199463,-0.9104348421096802,0.3350698947906494,0.003033476648852229,-0.03100007027387619,0.509384036064148,-0.8605393767356873,-5.812244125991128e-07,0.8605393767356873,0.509384036064148,1.308528396748443e-07,0.3777311146259308,0.15436989068984985,-0.030999992042779922,0.29240867495536804,-0.14830294251441956,-0.031000148504972458
173,-0.1290089339017868,0.11534715443849564,-0.8232961893081665,1.2236990928649902,0.16537268459796906,1.5598046779632568,1.6708863973617554,0.7308014631271362,-0.46411949396133423,-0.4204239249229431,0.34416037797927856,-0.2467729151248932,0.36587250232696533,-0.4173920154571533,-0.28951433300971985,0.24437646567821503,0.9454628229141235,0.024853646755218506,-0.6953456997871399,0.7970169186592102,-0.5310190916061401,0.9224318861961365,0.10385335236787796,0.7312304973602295,0.6878554821014404,0.4569989740848541,0.4748903214931488,0.23478172719478607,0.09638699889183044,-0.11175540089607239,-0.4096648097038269,-0.03706301748752594,0.23775696754455566,0.08034759014844894,0.11220383644104004,-0.41665565967559814,0.813331127166748,0.4060671329498291,-0.16004429757595062,0.3740808367729187,-0.9134820103645325,0.41988587379455566,-0.3572739362716675,0.015748560428619385,0.4729492664337158,-0.790777862071991,0.38857361674308777,0.039799612015485764,-0.4213911294937134,-0.9060054421424866,0.3350698947906494,0.003033449174836278,-0.031000036746263504,0.5093839168548584,-0.8605393767356873,5.118559442962578e-08,0.8605393767356873,0.5093839168548584,8.633269317215309e-07,0.3777311146259308,0.15436984598636627,-0.030999943614006042,0.29240867495536804,-0.14830295741558075,-0.031000129878520966
174,-0.16114139556884766,0.09299791604280472,-0.7953149080276489,1.2132337093353271,0.19193348288536072,1.530008316040039,1.644589900970459,0.7307453155517578,-0.45354917645454407,-0.34649208188056946,0.3893261253833771,-0.11842615157365799,0.37649351358413696,-0.42132532596588135,-0.36896541714668274,0.3078652322292328,0.9767171144485474,0.053483981639146805,-0.6652516722679138,0.8149637579917908,-0.5152535438537598,0.9386254549026489,0.07448737323284149,0.7311964631080627,0.6874309778213501,0.44788268208503723,0.4778740704059601,0.23080484569072723,0.22579096257686615,0.2274249792098999,-0.4112716317176819,-0.03363336622714996,0.25164246559143066,0.07853833585977554,0.11360886693000793,-0.4454725980758667,0.8110790252685547,0.3790842890739441,-0.10530118644237518,0.3730130195617676,-0.9218313097953796,0.4187662601470947,-0.3353272080421448,0.01362203061580658,0.5381978154182434,-0.7479389309883118,0.3884977102279663,0.045612726360559464,-0.4344271421432495,-0.8995513916015625,0.3350698947906494,0.0030333898030221462,-0.03100002557039261,0.5093839168548584,-0.8605393767356873,-7.540152751062124e-07,0.8605393767356873,0.5093839168548584,2.809693455674278e-07,0.3777311146259308,0.1543697863817215,-0.030999910086393356,0.29240867495536804,-0.14830301702022552,-0.03100014105439186
175,-0.19321517646312714,0.08092030882835388,-0.766715943813324,1.2002350091934204,0.21993406116962433,1.5001193284988403,1.6163971424102783,0.7308661937713623,-0.4523567259311676,-0.13015404343605042,0.405446857213974,-0.21427278220653534,0.39249637722969055,-0.4149262607097626,-0.3959842026233673,0.15857675671577454,1.0075905323028564,0.07975319027900696,-0.6352095007896423,0.8356422185897827,-0.5010483860969543,0.9615491032600403,0.04544367641210556,0.7312064170837402,0.675308883190155,0.39134088158607483,0.4781593382358551,0.30211615562438965,0.20425423979759216,0.31447574496269226,-0.4066452085971832,-0.037391792982816696,0.26386284828186035,0.07780706137418747,0.11240144073963165,-0.46961331367492676,0.8075135946273804,0.3569102883338928,-0.06001732498407364,0.374126136302948,-0.9254336953163147,0.41612935066223145,-0.31425389647483826,0.012692958116531372,0.5991215109825134,-0.7009432911872864,0.38695213198661804,0.05078739672899246,-0.4490487575531006,-0.892062783241272,0.3350698947906494,0.0030333627946674824,-0.03100002557039261,0.5093839168548584,-0.8605393767356873,-5.177523689781083e-07,0.8605393767356873,0.5093839168548584,3.2871753319341224e-07,0.3777311146259308,0.1543697714805603,-0.030999932438135147,0.29240867495536804,-0.14830303192138672,-0.03100011870265007
176,-0.22569087147712708,0.08863839507102966,-0.7382093071937561,1.1860389709472656,0.24888955056667328,1.4707704782485962,1.5876874923706055,0.7310132384300232,-0.428740918636322,0.2114565074443817,0.41275668144226074,-0.2604541480541229,0.4032272696495056,-0.40793442726135254,-0.40219417214393616,-0.019866280257701874,1.0384694337844849,0.1000964492559433,-0.6053261160850525,0.857958197593689,-0.48859158158302307,0.9886445999145508,0.016759373247623444,0.7312060594558716,0.6665337085723877,0.294010728597641,0.47599512338638306,0.3306100368499756,0.17691387236118317,0.3723103404045105,-0.4017796218395233,0.02365250326693058,0.27266383171081543,0.07796584814786911,0.10530312359333038,-0.4846755266189575,0.803070068359375,0.34665292501449585,-0.03253266587853432,0.37948858737945557,-0.9246242642402649,0.412736177444458,-0.2928188443183899,0.013570457696914673,0.6553573608398438,-0.6511427164077759,0.38277924060821533,0.05846209079027176,-0.4615291357040405,-0.8851966261863708,0.3350698947906494,0.003033447079360485,-0.031000036746263504,0.5093839168548584,-0.8605393767356873,-5.111367329391214e-08,0.8605393767356873,0.5093839168548584,5.550757578021148e-07,0.3777311146259308,0.15436984598636627,-0.03099996969103813,0.29240867495536804,-0.14830295741558075,-0.031000103801488876
177,-0.2535395920276642,0.09848760068416595,-0.7090066075325012,1.1692372560501099,0.27827540040016174,1.4442282915115356,1.5588583946228027,0.7310158014297485,-0.3478046953678131,0.17508341372013092,0.4243301451206207,-0.2636473774909973,0.4133095443248749,-0.36908408999443054,-0.40348371863365173,-0.02358146198093891,1.0735962390899658,0.1039218008518219,-0.5835720896720886,0.8764613270759583,-0.4773109555244446,1.0173602104187012,-0.01053204108029604,0.7311578392982483,0.6533485054969788,0.0015934472903609276,0.34149524569511414,0.299111545085907,0.1633770614862442,0.3941574692726135,-0.38191089034080505,-0.0376698337495327,0.28110527992248535,0.08141300082206726,0.09702031314373016,-0.5012079477310181,0.794901430606842,0.34193891286849976,-0.01119905710220337,0.3891640305519104,-0.921100378036499,0.40822911262512207,-0.27104273438453674,0.0175093412399292,0.7029998898506165,-0.6052371859550476,0.3734690845012665,0.06906227022409439,-0.4645543098449707,-0.8828476071357727,0.3350698947906494,0.0030333655886352062,-0.03100002557039261,0.5093839168548584,-0.8605393767356873,-4.539384690360748e-07,0.8605393767356873,0.5093839168548584,6.0863652606713e-07,0.3777311146259308,0.1543697714805603,-0.030999906361103058,0.29240867495536804,-0.14830303192138672,-0.03100014477968216
178,-0.2725479304790497,0.10356735438108444,-0.6805658340454102,1.1472734212875366,0.3078211843967438,1.4305038452148438,1.5296858549118042,0.7311086058616638,-0.1680029034614563,0.1144682914018631,0.4307585060596466,-0.3573131859302521,0.4158608019351959,-0.18160666525363922,-0.40800705552101135,-0.13682597875595093,1.1206800937652588,0.09500405192375183,-0.5974254608154297,0.8890553116798401,-0.46926262974739075,1.045661211013794,-0.03535965830087662,0.7310758233070374,0.5690547227859497,-0.18776066601276398,-0.2241232544183731,0.20044966042041779,0.11127585172653198,0.3977041244506836,-0.34716686606407166,-0.04018408805131912,0.28829455375671387,0.09297433495521545,0.08976317942142487,-0.5233173370361328,0.7771839499473572,0.3494625389575958,0.0024966599885374308,0.4114975929260254,-0.9114074110984802,0.4043242931365967,-0.2586539685726166,0.02425561100244522,0.7319455146789551,-0.5756549835205078,0.364523321390152,0.07430444657802582,-0.4643634557723999,-0.8825223445892334,0.3350698947906494,0.0030334792099893093,-0.03100007027387619,0.509384036064148,-0.8605393767356873,-5.646659246849595e-07,0.8605393767356873,0.509384036064148,2.1833447760855051e-07,0.3777311146259308,0.15436989068984985,-0.030999984592199326,0.29240867495536804,-0.14830294251441956,-0.031000155955553055
179,-0.28734758496284485,0.10783126205205917,-0.6512468457221985,1.1222888231277466,0.3375281095504761,1.4367921352386475,1.4999973773956299,0.7313349843025208,-0.12496322393417358,0.11263413727283478,0.44068533182144165,-0.4145951271057129,0.4162001311779022,0.09931349754333496,-0.4124899208545685,-0.4271557033061981,1.15666925907135,0.09122861921787262,-0.6231892108917236,0.8778504729270935,-0.45738935470581055,1.0731825828552246,-0.05788362771272659,0.7309906482696533,0.429849773645401,0.047075945883989334,-0.3676964044570923,-0.2926441729068756,0.16873185336589813,0.41295555233955383,-0.3152371942996979,0.008271975442767143,0.2919914722442627,0.11367922276258469,0.08371129631996155,-0.5481808185577393,0.7471835613250732,0.375785231590271,0.003494859207421541,0.45135289430618286,-0.8923386931419373,0.38991379737854004,-0.26274508237838745,0.022484026849269867,0.7514455318450928,-0.5614897012710571,0.3464951515197754,0.04704722762107849,-0.47821998596191406,-0.8769790530204773,0.3350698947906494,0.003033385146409273,-0.03100002557039261,0.509384036064148,-0.8605393767356873,-6.493128807960602e-07,0.8605393767356873,0.509384036064148,5.871104349353118e-07,0.3777311146259308,0.1543698012828827,-0.030999887734651566,0.29240867495536804,-0.14830303192138672,-0.03100016340613365
180,-0.3083488643169403,0.1273660808801651,-0.6212770938873291,1.1003098487854004,0.36740612983703613,1.4540793895721436,1.4700639247894287,0.7315043807029724,-0.2770332098007202,0.3899151384830475,0.43672484159469604,-0.40215712785720825,0.41396793723106384,0.25022608041763306,-0.4143589735031128,-0.636042058467865,1.1876112222671509,0.08346337825059891,-0.6513354778289795,0.8549930453300476,-0.4443736672401428,1.1011567115783691,-0.07110645622015,0.7309976816177368,0.36718815565109253,-0.10770569741725922,-0.40818583965301514,-0.3680327832698822,0.18049703538417816,0.4048596918582916,-0.18539541959762573,0.04251324385404587,0.29035401344299316,0.13608893752098083,0.07505817711353302,-0.562987208366394,0.7127455472946167,0.41837725043296814,-0.009345532394945621,0.500701904296875,-0.8655694723129272,0.3705747127532959,-0.27206048369407654,0.01857440173625946,0.7622635364532471,-0.5600132346153259,0.3245602548122406,0.007548362948000431,-0.49370670318603516,-0.8695957064628601,0.3350698947906494,0.003033476648852229,-0.03100007027387619,0.509384036064148,-0.8605393767356873,-5.803726708109025e-07,0.8605393767356873,0.509384036064148,1.410215162422901e-07,0.3777311146259308,0.15436989068984985,-0.030999992042779922,0.29240867495536804,-0.14830294251441956,-0.031000148504972458
181,-0.33176684379577637,0.1465453952550888,-0.5947622060775757,1.0778344869613647,0.39710941910743713,1.4795550107955933,1.4400968551635742,0.7315068244934082,-0.33696448802948,0.33685749769210815,0.37946489453315735,-0.3809404969215393,0.4139232039451599,0.3607064485549927,-0.41403087973594666,-0.6431711316108704,1.2123242616653442,0.0857638418674469,-0.6800540685653687,0.8312177658081055,-0.43042686581611633,1.123518466949463,-0.07982593029737473,0.7309672236442566,0.3495858609676361,0.09386209398508072,-0.39495038986206055,-0.40430116653442383,0.19503989815711975,0.32703185081481934,-0.12189194560050964,0.06770767271518707,0.2858736515045166,0.15943151712417603,0.06858652830123901,-0.5720151662826538,0.6753325462341309,0.4655371904373169,-0.021732153370976448,0.5548827052116394,-0.8316447734832764,0.3512589931488037,-0.2845536768436432,0.012818440794944763,0.766789436340332,-0.5646296143531799,0.3053315579891205,-0.03602224588394165,-0.5127708911895752,-0.8577696084976196,0.3350698947906494,0.0030334501061588526,-0.031000036746263504,0.5093839168548584,-0.8605393767356873,-6.021171827796934e-08,0.8605393767356873,0.5093839168548584,5.158032081453712e-07,0.3777311146259308,0.15436984598636627,-0.03099996969103813,0.29240867495536804,-0.14830295741558075,-0.031000103801488876
182,-0.3527451455593109,0.16838939487934113,-0.5791110992431641,1.0608203411102295,0.426479309797287,1.5065141916275024,1.410173773765564,0.7314519882202148,-0.3456406891345978,0.37482234835624695,0.21303479373455048,-0.2907760441303253,0.4074692726135254,0.3762296140193939,-0.4138123393058777,-0.569801390171051,1.2323781251907349,0.09249897301197052,-0.7053404450416565,0.8035046458244324,-0.41411876678466797,1.1440547704696655,-0.0968116745352745,0.7309330701828003,0.2477250099182129,0.14449599385261536,-0.3555929958820343,-0.46794751286506653,0.2288123071193695,0.3046714961528778,-0.2373325377702713,0.11753598600625992,0.2809722423553467,0.17853401601314545,0.06415189802646637,-0.5748883485794067,0.6418269276618958,0.5075053572654724,-0.028014037758111954,0.6044435501098633,-0.7961553335189819,0.3293640613555908,-0.29845157265663147,0.006017141044139862,0.7754243612289429,-0.5658313035964966,0.2802713215351105,-0.08484112471342087,-0.5331971645355225,-0.8417261838912964,0.3350698947906494,0.0030333877075463533,-0.03100002557039261,0.5093839168548584,-0.8605393767356873,-7.388680955955351e-07,0.8605393767356873,0.5093839168548584,2.6342127057432663e-07,0.3777311146259308,0.1543697863817215,-0.030999913811683655,0.29240867495536804,-0.14830301702022552,-0.031000137329101562
183,-0.3693181574344635,0.19073475897312164,-0.5754185318946838,1.0503844022750854,0.4544000029563904,1.534186601638794,1.3803437948226929,0.7313808798789978,-0.2818130552768707,0.3510507643222809,0.04153887555003166,-0.16729103028774261,0.3877342939376831,0.3792715072631836,-0.41216620802879333,-0.47279617190361023,1.2454670667648315,0.10034123063087463,-0.7291260957717896,0.7766081690788269,-0.396963506937027,1.152697205543518,-0.11230069398880005,0.7307652235031128,0.12679065763950348,0.1362701952457428,-0.3430270850658417,-0.4285731911659241,0.22782211005687714,0.12542219460010529,-0.21784456074237823,0.591435432434082,0.27670741081237793,0.1925809383392334,0.062074214220047,-0.5746560096740723,0.6138712167739868,0.5412325859069824,-0.02667597495019436,0.6469324827194214,-0.7620805501937866,0.3105623722076416,-0.3106732964515686,-0.0008787140250205994,0.7782581448554993,-0.5732147097587585,0.25639647245407104,-0.12831707298755646,-0.5448671579360962,-0.8286463618278503,0.3350698947906494,0.0030334778130054474,-0.03100007027387619,0.509384036064148,-0.8605393767356873,-5.699959615412808e-07,0.8605393767356873,0.509384036064148,1.5997815694390738e-07,0.3777311146259308,0.15436989068984985,-0.030999992042779922,0.29240867495536804,-0.14830294251441956,-0.031000148504972458
184,-0.37896013259887695,0.21194787323474884,-0.5865775942802429,1.0426769256591797,0.47652074694633484,1.5619128942489624,1.3505550622940063,0.7313918471336365,-0.2846837043762207,0.38669949769973755,-0.17915654182434082,-0.26298415660858154,0.3000965714454651,0.42051607370376587,-0.41830259561538696,-0.06472214311361313,1.2529261112213135,0.1054113581776619,-0.7495120167732239,0.757599413394928,-0.38361841440200806,1.1465277671813965,-0.12266657501459122,0.7308916449546814,0.054189376533031464,0.0033125614281743765,-0.2954214811325073,-0.2018308937549591,0.20066556334495544,-0.0967661440372467,-0.1445939987897873,0.07264441251754761,0.2709643840789795,0.20192694664001465,0.061254486441612244,-0.5712764263153076,0.5915783047676086,0.5689273476600647,-0.021738292649388313,0.6820244789123535,-0.7310061454772949,0.30037379264831543,-0.31743910908699036,-0.006577327847480774,0.7755016684532166,-0.5837361812591553,0.24051855504512787,-0.15356040000915527,-0.5439205169677734,-0.8249664902687073,0.3350698947906494,0.003033447777852416,-0.031000036746263504,0.5093837976455688,-0.8605394959449768,-6.874901004039202e-08,0.8605394959449768,0.5093837976455688,5.413492658590258e-07,0.3777311444282532,0.15436984598636627,-0.030999965965747833,0.29240864515304565,-0.14830295741558075,-0.031000107526779175
185,-0.3972884714603424,0.2396392822265625,-0.6039898991584778,1.0237071514129639,0.4814460575580597,1.5906902551651,1.3206596374511719,0.7313787341117859,-0.5297470688819885,0.5425642728805542,-0.319547563791275,-0.37691688537597656,0.05325714871287346,0.4070029556751251,-0.416138619184494,-0.035181716084480286,1.2621246576309204,0.11727850884199142,-0.7643452286720276,0.7510561347007751,-0.3676787316799164,1.1293039321899414,-0.1402217149734497,0.7310122847557068,0.37132108211517334,0.18075117468833923,-0.14776365458965302,-0.048140812665224075,0.22539232671260834,-0.2482738047838211,-0.24698251485824585,0.3188648819923401,0.253584623336792,0.2103283554315567,0.056577399373054504,-0.5512373447418213,0.5682775378227234,0.6108993887901306,-0.027775857597589493,0.7192826271057129,-0.694162130355835,0.2979881763458252,-0.3169631361961365,-0.012035384774208069,0.7785196900367737,-0.584883987903595,0.2276352494955063,-0.16110509634017944,-0.5367753505706787,-0.8282012939453125,0.3350698947906494,0.0030333849135786295,-0.03100002557039261,0.5093839168548584,-0.8605393767356873,-7.515191100537777e-07,0.8605393767356873,0.5093839168548584,2.883535330511222e-07,0.3777311146259308,0.1543697863817215,-0.030999910086393356,0.29240867495536804,-0.14830301702022552,-0.03100014105439186
186,-0.4261923134326935,0.2704909145832062,-0.6233214139938354,1.000327706336975,0.46737203001976013,1.6163407564163208,1.2907320261001587,0.7313882112503052,-0.5733718872070312,0.5062331557273865,-0.3276938199996948,-0.415984183549881,-0.2147059291601181,0.3605237305164337,-0.41433778405189514,-0.48748284578323364,1.2886618375778198,0.12262540310621262,-0.7744892239570618,0.7615345120429993,-0.3571940064430237,1.1262322664260864,-0.1623264104127884,0.7310960292816162,0.48268288373947144,0.03624439612030983,-0.12034931033849716,0.2168782502412796,0.14739660918712616,-0.05670231953263283,-0.30972355604171753,-0.0007646745070815086,0.22753262519836426,0.2159501314163208,0.050203338265419006,-0.5197250843048096,0.5459246635437012,0.6571544408798218,-0.03999081254005432,0.752812385559082,-0.6570191383361816,0.3014404773712158,-0.3076224625110626,-0.011531054973602295,0.795677661895752,-0.5649992227554321,0.2183413952589035,-0.14893653988838196,-0.5318905115127563,-0.8336129188537598,0.3350698947906494,0.0030334771145135164,-0.03100007027387619,0.509384036064148,-0.8605393767356873,-5.584187192653189e-07,0.8605393767356873,0.509384036064148,2.018371816348008e-07,0.3777311146259308,0.15436989068984985,-0.030999988317489624,0.29240867495536804,-0.14830294251441956,-0.031000152230262756
187,-0.45762836933135986,0.30082565546035767,-0.6393325328826904,0.9759730696678162,0.4490753412246704,1.6402448415756226,1.2608102560043335,0.7314146161079407,-0.5617856979370117,0.5016899704933167,-0.26331567764282227,-0.42708390951156616,-0.2696877419948578,0.3371398150920868,-0.41442182660102844,-0.5121516585350037,1.3149242401123047,0.14073555171489716,-0.7789279818534851,0.767119288444519,-0.33606666326522827,1.1175134181976318,-0.1898154318332672,0.7310940623283386,0.5068561434745789,0.34192362427711487,-0.009645004756748676,0.019854504615068436,0.30029869079589844,-0.11610478907823563,-0.3848584294319153,-0.015154077671468258,0.20120501518249512,0.22320058941841125,0.04549838602542877,-0.48823094367980957,0.519473671913147,0.7012686133384705,-0.050434306263923645,0.7854111790657043,-0.6169162392616272,0.300365686416626,-0.29796838760375977,-0.01505453884601593,0.8159307241439819,-0.5412320494651794,0.20328538119792938,-0.1436292827129364,-0.5303483009338379,-0.8355246186256409,0.3350698947906494,0.0030333877075463533,-0.03100002557039261,0.5093839168548584,-0.860539436340332,-6.479353373833874e-07,0.860539436340332,0.5093839168548584,5.823638957735966e-07,0.3777311444282532,0.1543698012828827,-0.030999887734651566,0.29240864515304565,-0.14830303192138672,-0.03100016340613365
188,-0.49158862233161926,0.3301678001880646,-0.6398987770080566,0.9515633583068848,0.4256856143474579,1.662666916847229,1.2308521270751953,0.7315101623535156,-0.5095003843307495,0.49857771396636963,-0.007597987540066242,-0.42637157440185547,-0.33544978499412537,0.318078875541687,-0.41406139731407166,-0.6490170359611511,1.3450037240982056,0.15918558835983276,-0.7859878540039062,0.7743211388587952,-0.310907244682312,1.1224554777145386,-0.21886208653450012,0.7310412526130676,0.48785600066185,0.266023188829422,-0.0786113440990448,0.11029137670993805,0.354123592376709,0.06768671423196793,-0.406607449054718,-0.00746016064658761,0.17620587348937988,0.2345302253961563,0.04274566471576691,-0.4646869897842407,0.4809461236000061,0.7434760332107544,-0.06808682531118393,0.817742109298706,-0.5715435147285461,0.2954261302947998,-0.2901330292224884,-0.01704445481300354,0.8345380425453186,-0.5191406607627869,0.18449726700782776,-0.14793314039707184,-0.5337145328521729,-0.832625150680542,0.3350698947906494,0.003033473389223218,-0.03100007027387619,0.5093839168548584,-0.860539436340332,-5.742509756601066e-07,0.860539436340332,0.5093839168548584,1.4164193373744638e-07,0.3777311444282532,0.15436989068984985,-0.030999992042779922,0.29240864515304565,-0.14830294251441956,-0.031000148504972458
189,-0.5231487154960632,0.35902535915374756,-0.6317636966705322,0.9263470768928528,0.3988102674484253,1.6842877864837646,1.20088791847229,0.7315588593482971,-0.48696133494377136,0.4891524314880371,0.10883007198572159,-0.4378616511821747,-0.3843068480491638,0.30588656663894653,-0.4133938252925873,-0.7130578756332397,1.3718962669372559,0.182753786444664,-0.7902591228485107,0.7776727080345154,-0.2839833199977875,1.126447319984436,-0.24829921126365662,0.7310423851013184,0.4794696569442749,0.3984016180038452,-0.01487735565751791,0.002089680405333638,0.37996938824653625,0.06175507977604866,-0.412074476480484,-0.010474341921508312,0.1523301601409912,0.2491285651922226,0.04218579828739166,-0.4466506242752075,0.43156111240386963,0.7837461829185486,-0.09196948260068893,0.8491934537887573,-0.5200115442276001,0.28804612159729004,-0.2846648395061493,-0.02059062570333481,0.8519663214683533,-0.49714940786361694,0.16430428624153137,-0.1565537303686142,-0.5413126945495605,-0.8261183500289917,0.3350698947906494,0.003033480141311884,-0.03100007027387619,0.5093839168548584,-0.860539436340332,-5.507625928657944e-07,0.860539436340332,0.5093839168548584,2.7606802177615464e-07,0.3777311444282532,0.15436989068984985,-0.030999980866909027,0.29240864515304565,-0.14830294251441956,-0.031000159680843353
190,-0.5545770525932312,0.3857003152370453,-0.6151700019836426,0.9007660746574402,0.37004193663597107,1.702487587928772,1.170978307723999,0.731572687625885,-0.4637579023838043,0.45131221413612366,0.23640741407871246,-0.4345858097076416,-0.4078550636768341,0.2572403848171234,-0.4123286008834839,-0.7295376658439636,1.3987882137298584,0.2077173888683319,-0.7956113815307617,0.7855295538902283,-0.2557668685913086,1.1323233842849731,-0.2779415249824524,0.731039822101593,0.44764092564582825,0.3697507381439209,-0.04888668656349182,0.12298233062028885,0.39650917053222656,0.07812444865703583,-0.41500142216682434,-0.008935153484344482,0.13028168678283691,0.2649294435977936,0.043443530797958374,-0.4341961145401001,0.375968337059021,0.8186094760894775,-0.11817547678947449,0.877112865447998,-0.46551868319511414,0.28203797340393066,-0.27872300148010254,-0.02327319234609604,0.8669357299804688,-0.4767124056816101,0.14549113810062408,-0.16386407613754272,-0.5482848882675171,-0.8200807571411133,0.3350698947906494,0.003033384680747986,-0.03100002557039261,0.5093839168548584,-0.860539436340332,-7.397501917694171e-07,0.860539436340332,0.5093839168548584,2.7551212156140537e-07,0.3777311444282532,0.1543698012828827,-0.030999913811683655,0.29240864515304565,-0.14830303192138672,-0.031000137329101562
191,-0.5850461721420288,0.40718233585357666,-0.5944480895996094,0.8772057890892029,0.34062325954437256,1.7215542793273926,1.1414034366607666,0.7315363883972168,-0.45576730370521545,0.34868910908699036,0.28619810938835144,-0.386982798576355,-0.41531187295913696,0.2688598334789276,-0.40772882103919983,-0.6858749389648438,1.4262959957122803,0.2314016968011856,-0.8065879940986633,0.7983273863792419,-0.22717995941638947,1.1303542852401733,-0.30764493346214294,0.7310463190078735,0.43763598799705505,0.3420723080635071,-0.1346767693758011,0.20631179213523865,0.4030130207538605,-0.03501220420002937,-0.41524189710617065,0.0002741520293056965,0.11076092720031738,0.28040310740470886,0.0477907657623291,-0.42784547805786133,0.31692445278167725,0.8464674353599548,-0.14326058328151703,0.9008947610855103,-0.4097133278846741,0.2810399532318115,-0.2701346278190613,-0.0256793349981308,0.878609836101532,-0.45912593603134155,0.13133205473423004,-0.16309888660907745,-0.546988844871521,-0.8210980296134949,0.3350698947906494,0.0030334771145135164,-0.03100007027387619,0.5093839168548584,-0.860539436340332,-5.659074417962984e-07,0.860539436340332,0.5093839168548584,1.9061556599808682e-07,0.3777311444282532,0.15436989068984985,-0.030999988317489624,0.29240864515304565,-0.14830294251441956,-0.031000152230262756
192,-0.6148920655250549,0.41514521837234497,-0.5731163024902344,0.857761025428772,0.3108707368373871,1.7355247735977173,1.1127077341079712,0.7313447594642639,-0.45719262957572937,0.09718767553567886,0.2776944935321808,-0.28671959042549133,-0.4184294044971466,0.19473956525325775,-0.39709576964378357,-0.4394312798976898,1.4523457288742065,0.2554487884044647,-0.8136330842971802,0.8115792870521545,-0.1983088254928589,1.1262058019638062,-0.33735641837120056,0.7310793995857239,0.4696979522705078,0.37253376841545105,-0.050799038261175156,0.19045062363147736,0.40959638357162476,-0.0616835355758667,-0.4154971241950989,0.004814286716282368,0.09519028663635254,0.291344553232193,0.05338102579116821,-0.4328838586807251,0.26852741837501526,0.8605257868766785,-0.16288524866104126,0.9155888557434082,-0.3676486015319824,0.28037333488464355,-0.26012107729911804,-0.02860022336244583,0.8909605145454407,-0.43857505917549133,0.1176491379737854,-0.15937812626361847,-0.5446494817733765,-0.8233805894851685,0.3350698947906494,0.0030334480106830597,-0.031000036746263504,0.5093837976455688,-0.8605394959449768,-5.1120217392508494e-08,0.8605394959449768,0.5093837976455688,5.632873580907471e-07,0.3777311444282532,0.15436984598636627,-0.030999965965747833,0.29240864515304565,-0.14830295741558075,-0.031000107526779175
193,-0.6445788145065308,0.4031774699687958,-0.5529465675354004,0.8423553109169006,0.2810744345188141,1.7433518171310425,1.0860095024108887,0.7310670018196106,-0.4616093933582306,-0.23724335432052612,0.24898402392864227,-0.19835330545902252,-0.41883307695388794,0.10942920297384262,-0.37188661098480225,-0.07497162371873856,1.4792307615280151,0.2764981687068939,-0.8146935105323792,0.8286858201026917,-0.16926336288452148,1.1178427934646606,-0.36707064509391785,0.7311393618583679,0.5059767365455627,0.2990284562110901,0.03789396211504936,0.2858200967311859,0.4130810499191284,-0.12959037721157074,-0.4160190224647522,-0.018642259761691093,0.08402705192565918,0.29649731516838074,0.059184372425079346,-0.45203840732574463,0.23831802606582642,0.8595730662345886,-0.17554298043251038,0.921035885810852,-0.34767454862594604,0.2815206050872803,-0.2446575164794922,-0.0315786637365818,0.9058017730712891,-0.4105193614959717,0.10486668348312378,-0.14686870574951172,-0.5363678932189941,-0.8311071395874023,0.3350698947906494,0.003033366985619068,-0.03100002557039261,0.509384036064148,-0.8605393171310425,-5.572319992097619e-07,0.8605393171310425,0.509384036064148,2.574530810761644e-07,0.3777310848236084,0.1543697863817215,-0.030999936163425446,0.29240867495536804,-0.1483030468225479,-0.03100011497735977
194,-0.6740373373031616,0.379900187253952,-0.5368625521659851,0.831286609172821,0.251384973526001,1.7500460147857666,1.0639499425888062,0.7309761643409729,-0.474107950925827,-0.3895190358161926,0.18487195670604706,-0.13976402580738068,-0.4201153814792633,0.09494747221469879,-0.308533251285553,0.03777904435992241,1.509045124053955,0.29041093587875366,-0.818141758441925,0.8498183488845825,-0.14037248492240906,1.1119263172149658,-0.39683398604393005,0.7310628890991211,0.5527093410491943,0.22700467705726624,-0.14582975208759308,0.3202441930770874,0.34102514386177063,-0.05889665707945824,-0.298672080039978,0.2433006465435028,0.0751492977142334,0.29751765727996826,0.06511533260345459,-0.4746055603027344,0.22207656502723694,0.8517226576805115,-0.18262280523777008,0.9217473268508911,-0.34209761023521423,0.28359103202819824,-0.22565563023090363,-0.03262420743703842,0.91994309425354,-0.3810983896255493,0.09202589839696884,-0.13154232501983643,-0.5211602449417114,-0.8432608246803284,0.335040807723999,0.003252077614888549,-0.030974868685007095,0.5080825090408325,-0.8613083958625793,6.959055463084951e-05,0.8613083958625793,0.5080825090408325,-0.00011832919699372724,0.37793076038360596,0.1545238196849823,-0.030995886772871017,0.2921508550643921,-0.1480196714401245,-0.030953850597143173
195,-0.7027727365493774,0.35417041182518005,-0.5323905348777771,0.8275637030601501,0.22296535968780518,1.754373550415039,1.0476270914077759,0.7310336828231812,-0.5566429495811462,-0.4569912552833557,0.045409731566905975,-0.04406582936644554,-0.05785246193408966,0.030369358137249947,-0.11953040957450867,0.25239408016204834,1.5365526676177979,0.29977601766586304,-0.8249257802963257,0.870527446269989,-0.11142541468143463,1.1111352443695068,-0.4265822172164917,0.7310512065887451,0.46772879362106323,0.10331999510526657,-0.0545169860124588,0.3406662940979004,0.42799630761146545,-0.02624252252280712,-0.40920379757881165,-0.0007746880874037743,0.06723999977111816,0.293364942073822,0.06951969861984253,-0.49191880226135254,0.22445161640644073,0.8412119150161743,-0.1801082193851471,0.9190636873245239,-0.35054656863212585,0.2844216823577881,-0.2079925835132599,-0.032251421362161636,0.9309753179550171,-0.3568100035190582,0.07727616280317307,-0.12209033966064453,-0.5037621259689331,-0.8551709651947021,0.3345968723297119,0.011580330319702625,-0.03099996969103813,0.4689047336578369,-0.8832487463951111,-4.1320180343973334e-07,0.8832487463951111,0.4689047336578369,-6.578137572432752e-07,0.3842344284057617,0.16077417135238647,-0.03099999949336052,0.2849593162536621,-0.13761350512504578,-0.030999939888715744
196,-0.7293907999992371,0.3264029920101166,-0.5420834422111511,0.8331997990608215,0.1957872211933136,1.7298048734664917,1.0305997133255005,0.7304450869560242,-0.5422557592391968,-0.4565197229385376,-0.2725834250450134,0.1650133579969406,-0.44882526993751526,-0.38284584879875183,-0.24192653596401215,0.6778345108032227,1.5620803833007812,0.31239503622055054,-0.8372824788093567,0.8841844797134399,-0.08177921921014786,1.125616431236267,-0.4563075602054596,0.7310097217559814,0.34856081008911133,0.21823561191558838,-0.17194725573062897,0.1516522914171219,0.4130805730819702,0.2134467512369156,-0.4178362488746643,-0.014546802267432213,0.060422658920288086,0.2776516377925873,0.06409251689910889,-0.5123536586761475,0.2661997079849243,0.8164751529693604,-0.16696012020111084,0.9017264246940613,-0.39876535534858704,0.27907681465148926,-0.19982337951660156,-0.03156882897019386,0.9377048015594482,-0.3428177833557129,0.05644190311431885,-0.1311900019645691,-0.49979937076568604,-0.8561482429504395,0.3352634906768799,0.017136817798018456,-0.03099997714161873,0.443459689617157,-0.8962942957878113,2.008434876188403e-06,0.8962942957878113,0.443459689617157,6.221941475814674e-06,0.3891463875770569,0.16485044360160828,-0.03099948540329933,0.2813805639743805,-0.13057681918144226,-0.031000468879938126
