step,next_obs_0,next_obs_1,next_obs_2,next_obs_3,next_obs_4,next_obs_5,next_obs_6,next_obs_7,next_obs_8,next_obs_9,next_obs_10,next_obs_11,next_obs_12,next_obs_13,next_obs_14,next_obs_15,next_obs_16,next_obs_17,next_obs_18,next_obs_19,next_obs_20,next_obs_21,next_obs_22,next_obs_23,next_obs_24,next_obs_25,next_obs_26,next_obs_27,next_obs_28,next_obs_29,next_obs_30,next_obs_31,next_obs_32,next_obs_33,next_obs_34,next_obs_35,next_obs_36,next_obs_37,next_obs_38,next_obs_39,next_obs_40,next_obs_41,next_obs_42,next_obs_43,next_obs_44,next_obs_45,next_obs_46,next_obs_47,next_obs_48,next_obs_49,next_obs_50,next_obs_51,next_obs_52,next_obs_53,next_obs_54,next_obs_55,next_obs_56,next_obs_57,next_obs_58,next_obs_59,next_obs_60,next_obs_61,next_obs_62,next_obs_63,next_obs_64
0,0.1492699384689331,-0.5170822739601135,-0.34054362773895264,0.3777131140232086,0.00982547365128994,1.4180973768234253,0.42837297916412354,0.7306964993476868,-0.49322304129600525,0.4432675838470459,-0.4654296934604645,0.21971392631530762,-0.18712663650512695,-0.4271903336048126,-0.3675997853279114,0.37439149618148804,0.055757805705070496,-0.11273501068353653,-0.002150957938283682,0.5779508948326111,-0.21195656061172485,1.285326361656189,-0.08975968509912491,0.7312564253807068,0.638830304145813,-0.27383264899253845,0.4328990578651428,0.49253416061401367,0.42467552423477173,-0.4447837173938751,0.3844257593154907,0.18034234642982483,0.09539103507995605,0.3577156066894531,0.03435209393501282,-0.4949413537979126,-0.867072343826294,0.056733205914497375,-0.4929952025413513,0.22644609212875366,-0.8400463461875916,0.16056227684020996,-0.3912849426269531,0.0027354061603546143,0.2868918180465698,-0.9543896913528442,0.08266440778970718,-0.5320696234703064,-0.2305082082748413,-0.814719557762146,0.3513953685760498,-0.0006008148193359375,-0.031000051647424698,0.655982494354248,-0.754776120185852,-7.640416583853948e-07,0.754776120185852,0.655982494354248,1.6675289771228563e-07,0.3661147952079773,0.15594319999217987,-0.03099995106458664,0.3366759717464447,-0.15714482963085175,-0.031000152230262756
1,0.11974060535430908,-0.48687538504600525,-0.37029507756233215,0.39993780851364136,-0.013981872238218784,1.3883002996444702,0.40363484621047974,0.7307798266410828,-0.46698471903800964,0.4214140772819519,-0.44489970803260803,0.3645974397659302,-0.34803318977355957,-0.4286344349384308,-0.34756389260292053,0.3043234050273895,0.08572474122047424,-0.12565848231315613,0.02502262219786644,0.6063389778137207,-0.18237031996250153,1.2554696798324585,-0.061761971563100815,0.7312372922897339,0.6186496019363403,-0.23141010105609894,0.4295508563518524,0.4598863124847412,0.42483896017074585,-0.43250197172164917,0.39210015535354614,-0.051118265837430954,0.10953640937805176,0.3421454429626465,0.030234411358833313,-0.5203466415405273,-0.8525256514549255,0.04939190298318863,-0.46649813652038574,0.23533260822296143,-0.8526418805122375,0.19099640846252441,-0.3691129684448242,0.0042038485407829285,0.294605016708374,-0.9510860443115234,0.09296915680170059,-0.46589750051498413,-0.2278902530670166,-0.854988694190979,0.3513953685760498,-0.0006008148193359375,-0.031000051647424698,0.6559827327728271,-0.754775881767273,-1.0022257583841565e-06,0.754775881767273,0.6559827327728271,4.9299842430627905e-08,0.3661147356033325,0.15594319999217987,-0.030999936163425446,0.3366760313510895,-0.15714482963085175,-0.03100016713142395
2,0.0903821811079979,-0.45715856552124023,-0.4001339375972748,0.42266830801963806,-0.03576406091451645,1.358316421508789,0.3818517029285431,0.7307878732681274,-0.4690946638584137,0.4269063472747803,-0.4513843059539795,0.34434300661087036,-0.31875860691070557,-0.42547330260276794,-0.3066766858100891,0.30308017134666443,0.11527907848358154,-0.1321767121553421,0.0530848391354084,0.6326869130134583,-0.1527424305677414,1.2256444692611694,-0.03352052718400955,0.7311853170394897,0.6294885277748108,-0.11451558768749237,0.44756513833999634,0.4137101173400879,0.42684829235076904,-0.42975640296936035,0.39588433504104614,-0.0430842787027359,0.12289166450500488,0.32527732849121094,0.02625751495361328,-0.5480650663375854,-0.8352832794189453,0.04389232397079468,-0.4389234781265259,0.24253350496292114,-0.8651726245880127,0.21705222129821777,-0.3443417549133301,0.006063193082809448,0.3023712635040283,-0.9482251405715942,0.09716330468654633,-0.40579941868782043,-0.22029316425323486,-0.8870162963867188,0.3513953685760498,-0.0006012916564941406,-0.031000040471553802,0.6559821367263794,-0.7547764778137207,-6.787088864257385e-07,0.7547764778137207,0.6559821367263794,8.642942361802852e-07,0.36611485481262207,0.15594272315502167,-0.030999869108200073,0.33667588233947754,-0.15714530646800995,-0.031000211834907532
3,0.06085463985800743,-0.42763662338256836,-0.4300259053707123,0.4394352436065674,-0.056786999106407166,1.3282761573791504,0.3627336025238037,0.7308495044708252,-0.4759705066680908,0.4357404112815857,-0.4561755061149597,0.23529697954654694,-0.30686596035957336,-0.42133352160453796,-0.26846539974212646,0.2374718189239502,0.14531317353248596,-0.13092149794101715,0.08145947754383087,0.6545338034629822,-0.12304828315973282,1.1957473754882812,-0.004985216073691845,0.7311321496963501,0.6352991461753845,0.021792447194457054,0.4519023895263672,0.32573840022087097,0.4265722632408142,-0.42641201615333557,0.399419903755188,-0.03846283629536629,0.1318824291229248,0.3079867362976074,0.021126851439476013,-0.5761420726776123,-0.8162243962287903,0.04287329316139221,-0.41657620668411255,0.24810636043548584,-0.8745899200439453,0.23680615425109863,-0.3176593780517578,0.006759956479072571,0.3112579584121704,-0.9455366134643555,0.09528420865535736,-0.3564912676811218,-0.20911526679992676,-0.9105958342552185,0.3513953685760498,-0.0006008148193359375,-0.031000055372714996,0.6559826135635376,-0.7547760009765625,-9.713075996842235e-07,0.7547760009765625,0.6559826135635376,3.368024295014038e-07,0.3661147356033325,0.15594319999217987,-0.030999910086393356,0.3366760015487671,-0.15714482963085175,-0.031000200659036636
4,0.030982069671154022,-0.3980901539325714,-0.4599575102329254,0.4459204375743866,-0.07750092446804047,1.2982121706008911,0.34145092964172363,0.7308673858642578,-0.4834727644920349,0.4502485394477844,-0.4604240357875824,0.06105154752731323,-0.3018217980861664,-0.41521477699279785,-0.298951119184494,0.2354966104030609,0.17631980776786804,-0.12844914197921753,0.10747741907835007,0.6692591905593872,-0.09330528974533081,1.166015863418579,0.023489994928240776,0.7310794591903687,0.6292588710784912,0.027972709387540817,0.4135286509990692,0.22083832323551178,0.42675861716270447,-0.4217124283313751,0.3987002968788147,-0.03167834132909775,0.13425230979919434,0.2918262481689453,0.01396910846233368,-0.6002793312072754,-0.7985244393348694,0.04498574510216713,-0.4035227298736572,0.2538195848464966,-0.8790591955184937,0.25036120414733887,-0.29039478302001953,0.006566159427165985,0.31930142641067505,-0.9434837102890015,0.08879861980676651,-0.3162262737751007,-0.1944129467010498,-0.9285497665405273,0.3513953685760498,-0.0006008148193359375,-0.031000055372714996,0.6559821367263794,-0.7547764182090759,-1.8005833624101797e-07,0.7547764182090759,0.6559821367263794,6.173880251481023e-07,0.36611485481262207,0.15594319999217987,-0.030999965965747833,0.33667588233947754,-0.15714482963085175,-0.03100014477968216
5,0.001108665717765689,-0.3689117133617401,-0.4899948835372925,0.43388447165489197,-0.08195431530475616,1.2682758569717407,0.33478108048439026,0.7307856678962708,-0.47116416692733765,0.46966391801834106,-0.46233659982681274,-0.25868427753448486,-0.06841818988323212,-0.40111246705055237,-0.09444765746593475,0.28441229462623596,0.2149854153394699,-0.14539127051830292,0.10324042290449142,0.6781144142150879,-0.06353572010993958,1.1377042531967163,0.05205487832427025,0.730995774269104,0.4866078794002533,-0.35767579078674316,-0.07557867467403412,0.20043836534023285,0.4177330732345581,-0.4085642993450165,0.4000673294067383,-0.014276641421020031,0.12822794914245605,0.2851243019104004,0.004067778587341309,-0.639034628868103,-0.7676419615745544,0.048588432371616364,-0.4002441167831421,0.277915894985199,-0.8732510805130005,0.26442933082580566,-0.2668156623840332,0.011025011539459229,0.30492037534713745,-0.9492179155349731,0.07751793414354324,-0.27075761556625366,-0.1644355058670044,-0.9484994411468506,0.3513953685760498,-0.0006008148193359375,-0.031000051647424698,0.655982494354248,-0.754776120185852,-9.919223202814464e-07,0.754776120185852,0.655982494354248,1.4043004625818867e-07,0.3661147952079773,0.15594319999217987,-0.03099992871284485,0.3366759717464447,-0.15714482963085175,-0.031000174582004547
6,-0.02461874671280384,-0.3389022946357727,-0.5198814868927002,0.4188465476036072,-0.07694782316684723,1.2391796112060547,0.3317936062812805,0.7307400107383728,-0.40759363770484924,0.4575003385543823,-0.449379026889801,-0.2498079240322113,0.0640980452299118,-0.39962291717529297,-0.04289981722831726,0.3345922827720642,0.24270692467689514,-0.1657363921403885,0.08625629544258118,0.6911866664886475,-0.035621996968984604,1.1126703023910522,0.0806039497256279,0.7308840155601501,0.34213975071907043,-0.351326048374176,-0.25227808952331543,0.24500882625579834,0.3878336250782013,-0.362159788608551,0.3990299105644226,0.13683608174324036,0.1209862232208252,0.2830805778503418,-0.005796566605567932,-0.6800012588500977,-0.7314496040344238,0.05079135298728943,-0.3967711627483368,0.3088397979736328,-0.8644019365310669,0.28125596046447754,-0.24849319458007812,0.019123300909996033,0.26916348934173584,-0.9611343145370483,0.061415255069732666,-0.22499477863311768,-0.12475717067718506,-0.9663399457931519,0.3513953685760498,-0.0006008148193359375,-0.031000051647424698,0.6559828519821167,-0.7547757625579834,-7.727610409347108e-07,0.7547757625579834,0.6559828519821167,3.0477167456410825e-07,0.36611467599868774,0.15594319999217987,-0.030999932438135147,0.3366760313510895,-0.15714482963085175,-0.03100017085671425
7,-0.04091745615005493,-0.3094525635242462,-0.5468980073928833,0.405256450176239,-0.07413062453269958,1.2120301723480225,0.33925652503967285,0.7308363914489746,-0.24805864691734314,0.4520595967769623,-0.3932088315486908,-0.22613391280174255,0.03470078110694885,-0.3733794689178467,0.10370431840419769,0.21154558658599854,0.2617647647857666,-0.18865156173706055,0.06287890672683716,0.7120511531829834,-0.013142481446266174,1.0890995264053345,0.10830464959144592,0.7308062314987183,0.18870699405670166,-0.4324454665184021,-0.3528387248516083,0.3999612629413605,0.3080223500728607,-0.3503747284412384,0.3867824673652649,0.2957419455051422,0.11371970176696777,0.28170299530029297,-0.014904923737049103,-0.7156153917312622,-0.6957554221153259,0.06179846078157425,-0.3962631821632385,0.33152544498443604,-0.8561930060386658,0.3035585880279541,-0.23432111740112305,0.03211645781993866,0.22314167022705078,-0.9738705158233643,0.04223814979195595,-0.1704813688993454,-0.08165180683135986,-0.9819720983505249,0.3513953685760498,-0.0006008148193359375,-0.031000051647424698,0.6559824347496033,-0.7547762393951416,-9.92657192000479e-07,0.7547762393951416,0.6559824347496033,-1.1422874024447083e-07,0.3661147952079773,0.15594319999217987,-0.030999958515167236,0.3366759419441223,-0.15714482963085175,-0.03100014477968216
8,-0.036736130714416504,-0.2808476984500885,-0.5662110447883606,0.39202725887298584,-0.07382265478372574,1.1913530826568604,0.3556702136993408,0.73105788230896,0.11867500841617584,0.44966524839401245,-0.24996623396873474,-0.23251384496688843,0.0064854733645915985,-0.2813107967376709,0.22966377437114716,-0.06473717838525772,0.2690834701061249,-0.2098575234413147,0.036518361419439316,0.7273675203323364,-0.0009880930883809924,1.0641851425170898,0.13385061919689178,0.7308263182640076,-0.0349707268178463,-0.3348071575164795,-0.4138255715370178,0.24198059737682343,0.16153644025325775,-0.3542249798774719,0.35720139741897583,0.21591821312904358,0.10527253150939941,0.28316640853881836,-0.02276061475276947,-0.733356237411499,-0.674737274646759,0.08317586034536362,-0.409508615732193,0.3407636880874634,-0.8462758660316467,0.32526564598083496,-0.22883892059326172,0.04464840888977051,0.1716775894165039,-0.984829843044281,0.02523816004395485,-0.11838968098163605,-0.04605734348297119,-0.9918984770774841,0.3513953685760498,-0.0006008148193359375,-0.031000051647424698,0.6559826731681824,-0.7547760009765625,-9.941816188074881e-07,0.7547760009765625,0.6559826731681824,8.747029056621614e-08,0.3661147356033325,0.15594321489334106,-0.030999932438135147,0.3366760015487671,-0.15714484453201294,-0.03100017085671425
9,-0.015695011243224144,-0.25327062606811523,-0.5731315016746521,0.3871385157108307,-0.06904412806034088,1.1713160276412964,0.37922772765159607,0.7311698198318481,0.39418381452560425,0.4101314842700958,-0.055361535400152206,-0.06218694895505905,0.07319941371679306,-0.28545236587524414,0.3303418457508087,-0.22746914625167847,0.2684609293937683,-0.2289404273033142,0.009033774957060814,0.7264304161071777,0.008462680503726006,1.0381228923797607,0.1566981077194214,0.7308359146118164,-0.11908794194459915,-0.2746231257915497,-0.423785001039505,-0.03289195895195007,0.12520448863506317,-0.360736608505249,0.3195176124572754,0.209421306848526,0.10257554054260254,0.28503942489624023,-0.02884596213698387,-0.7385199069976807,-0.6657248139381409,0.10676576942205429,-0.42377421259880066,0.33516067266464233,-0.841476559638977,0.3399050235748291,-0.23033428192138672,0.051927462220191956,0.11595368385314941,-0.9932215809822083,0.008097321726381779,-0.08093053847551346,-0.017572760581970215,-0.9965648055076599,0.3513953685760498,-0.0006012916564941406,-0.0310000479221344,0.6559820771217346,-0.7547764778137207,-1.088953922590008e-06,0.7547764778137207,0.6559820771217346,-4.5028798467683373e-07,0.36611485481262207,0.15594272315502167,-0.030999980866909027,0.33667588233947754,-0.15714530646800995,-0.03100011497735977
10,0.010903253220021725,-0.2289956957101822,-0.5672311186790466,0.3939286470413208,-0.06717292964458466,1.1480170488357544,0.40555819869041443,0.7312209010124207,0.4723413288593292,0.3427189886569977,0.12615333497524261,0.1385652720928192,0.03233180567622185,-0.3399662673473358,0.3695034384727478,-0.2954145073890686,0.2695133686065674,-0.24947400391101837,-0.017340023070573807,0.7092961668968201,0.02174322120845318,1.0144191980361938,0.17761445045471191,0.7308040261268616,-0.024086622521281242,-0.2936188280582428,-0.3853398859500885,-0.2774750590324402,0.18262122571468353,-0.32311931252479553,0.2924284040927887,0.25810506939888,0.1078636646270752,0.28255701065063477,-0.033561356365680695,-0.7340642213821411,-0.666713535785675,0.1290077567100525,-0.43093547224998474,0.31052249670028687,-0.8472723364830017,0.3454439640045166,-0.2327404022216797,0.054076820611953735,0.06283080577850342,-0.9979535341262817,-0.011870861053466797,-0.059462517499923706,0.008130073547363281,-0.9981973767280579,0.3513953685760498,-0.0006012916564941406,-0.031000010669231415,0.6559824347496033,-0.7547762393951416,-7.752561828056059e-07,0.7547762393951416,0.6559824347496033,2.848592259852012e-07,0.3661147952079773,0.15594272315502167,-0.030999895185232162,0.3366759419441223,-0.15714530646800995,-0.031000126153230667
11,0.038478005677461624,-0.2136070728302002,-0.5497881174087524,0.40736040472984314,-0.07420676946640015,1.1236801147460938,0.4333250820636749,0.7312625646591187,0.5008787512779236,0.19893452525138855,0.2919216752052307,0.23848503828048706,-0.09083597362041473,-0.3560798168182373,0.38973701000213623,-0.3498710095882416,0.26670682430267334,-0.27129703760147095,-0.037863828241825104,0.6902304887771606,0.03178504854440689,0.9930149912834167,0.19675172865390778,0.7308369278907776,-0.10729239881038666,-0.34545549750328064,-0.3148725628852844,-0.25924280285835266,0.1360635757446289,-0.3004664182662964,0.26777753233909607,0.2037694752216339,0.11928820610046387,0.27654504776000977,-0.036645371466875076,-0.7196290493011475,-0.6784142255783081,0.1479463130235672,-0.43033549189567566,0.2685409188270569,-0.8617987632751465,0.34955334663391113,-0.23612642288208008,0.055951252579689026,0.015290260314941406,-0.9994556903839111,-0.02923232689499855,-0.03898466005921364,0.02861762046813965,-0.9988299012184143,0.3513953685760498,-0.0006012916564941406,-0.0310000479221344,0.6559820175170898,-0.7547765970230103,-1.0910940773101174e-06,0.7547765970230103,0.6559820175170898,-4.0733053197072877e-07,0.36611488461494446,0.15594272315502167,-0.03099997714161873,0.33667585253715515,-0.15714530646800995,-0.03100011870265007
12,0.06484965980052948,-0.20629286766052246,-0.5341278910636902,0.42273491621017456,-0.0934009775519371,1.1016684770584106,0.4610148072242737,0.7312406301498413,0.4256402254104614,0.08169250935316086,0.24407367408275604,0.25773367285728455,-0.2640661597251892,-0.3207275867462158,0.38857078552246094,-0.2920874357223511,0.25342801213264465,-0.2889114022254944,-0.057386115193367004,0.6731859445571899,0.04225998371839523,0.9779103994369507,0.21051429212093353,0.7308582067489624,-0.31858062744140625,-0.2485225647687912,-0.3301594853401184,-0.2563175559043884,0.13871312141418457,-0.2074587494134903,0.19298924505710602,0.20908336341381073,0.13265156745910645,0.2678818702697754,-0.038113899528980255,-0.7013372182846069,-0.693491518497467,0.16491124033927917,-0.4235197603702545,0.2193000316619873,-0.8789417743682861,0.35227227210998535,-0.24326419830322266,0.056752413511276245,-0.036447882652282715,-0.9982631802558899,-0.04628458991646767,-0.025653067976236343,0.04723471403121948,-0.9985543489456177,0.3513953685760498,-0.0006008148193359375,-0.031000051647424698,0.655982494354248,-0.7547760605812073,-1.045366161633865e-06,0.7547760605812073,0.655982494354248,-6.273444341786671e-08,0.3661147654056549,0.15594319999217987,-0.030999943614006042,0.3366759717464447,-0.15714482963085175,-0.031000159680843353
13,0.08835440874099731,-0.2073758840560913,-0.5143406391143799,0.44508713483810425,-0.11411505937576294,1.0786453485488892,0.48834723234176636,0.7311504483222961,0.4266650080680847,-0.07098211348056793,0.3211330771446228,0.40533146262168884,-0.2852826714515686,-0.34514957666397095,0.3828904926776886,-0.03845585137605667,0.232868030667305,-0.3085765242576599,-0.0808326005935669,0.6622054576873779,0.044528212398290634,0.9698169827461243,0.22484147548675537,0.7308746576309204,-0.4412602484226227,-0.33756259083747864,-0.3958784341812134,-0.1196415051817894,0.022531723603606224,-0.11893138289451599,0.2007831633090973,0.16696153581142426,0.15375351905822754,0.25821685791015625,-0.036722250282764435,-0.6846375465393066,-0.7082821130752563,0.17206908762454987,-0.39912569522857666,0.1667676568031311,-0.9016025066375732,0.35675692558288574,-0.2559814453125,0.06008090078830719,-0.09431123733520508,-0.9937673807144165,-0.059428393840789795,-0.009024649858474731,0.06054544448852539,-0.9981245994567871,0.3513953685760498,-0.0006008148193359375,-0.031000051647424698,0.6559827327728271,-0.754775881767273,-9.87324938250822e-07,0.754775881767273,0.6559827327728271,1.1713100889210182e-07,0.3661147356033325,0.15594319999217987,-0.030999932438135147,0.3366760313510895,-0.15714482963085175,-0.03100017085671425
14,0.1115340068936348,-0.20570948719978333,-0.4934590756893158,0.47256362438201904,-0.13162446022033691,1.052440881729126,0.5145101547241211,0.7311161160469055,0.4309074282646179,-0.00010809539526235312,0.3358680009841919,0.4524807631969452,-0.24034325778484344,-0.3856962323188782,0.36654528975486755,-0.15805548429489136,0.20928210020065308,-0.32427629828453064,-0.10472936928272247,0.6454734802246094,0.04157654568552971,0.9732871651649475,0.2416807860136032,0.7309940457344055,-0.43823346495628357,-0.18308867514133453,-0.3873212933540344,-0.3062925338745117,-0.05077517032623291,0.06591999530792236,0.2358350306749344,0.19421055912971497,0.17948460578918457,0.24972295761108398,-0.03385031968355179,-0.6703464984893799,-0.7214120030403137,0.17378221452236176,-0.3644898533821106,0.11611998081207275,-0.9239389896392822,0.3530409336090088,-0.2720165252685547,0.05861346423625946,-0.15486884117126465,-0.985858678817749,-0.06401848793029785,-0.012182474136352539,0.06670105457305908,-0.9976986646652222,0.3513953685760498,-0.0006008148193359375,-0.031000059098005295,0.6559823155403137,-0.7547762989997864,-1.3914925602875883e-06,0.7547762989997864,0.6559823155403137,1.0866560273825598e-07,0.3661148250102997,0.15594319999217987,-0.030999895185232162,0.3366759121417999,-0.15714482963085175,-0.031000223010778427
15,0.13650138676166534,-0.19271087646484375,-0.47413745522499084,0.5013919472694397,-0.14390873908996582,1.026039481163025,0.5371577143669128,0.7311434745788574,0.4775426983833313,0.1963047832250595,0.3164277672767639,0.44089746475219727,-0.16773512959480286,-0.38239380717277527,0.3171049952507019,-0.03640265762805939,0.19168585538864136,-0.32386314868927,-0.12310639023780823,0.6258084774017334,0.04177579656243324,0.963779866695404,0.2602861821651459,0.7310069799423218,-0.2623419761657715,0.07285376638174057,-0.26760271191596985,-0.3322112262248993,0.001046550925821066,-0.12371894717216492,0.26051437854766846,5.2195973694324493e-05,0.20406317710876465,0.24434900283813477,-0.03152623772621155,-0.6551653146743774,-0.7345396280288696,0.17666344344615936,-0.33345428109169006,0.07132720947265625,-0.9400641918182373,0.34809374809265137,-0.28348636627197266,0.05123622715473175,-0.20834362506866455,-0.9758321642875671,-0.06591314822435379,-0.021418394520878792,0.07192796468734741,-0.9971798658370972,0.3513953685760498,-0.0006008148193359375,-0.031000051647424698,0.6559826135635376,-0.7547760009765625,-1.0149125273528625e-06,0.7547760009765625,0.6559826135635376,-1.0012081474997103e-07,0.3661147356033325,0.15594319999217987,-0.03099995106458664,0.3366760015487671,-0.15714482963085175,-0.031000152230262756
16,0.16071176528930664,-0.171929731965065,-0.46522215008735657,0.5287321209907532,-0.16584128141403198,0.9990548491477966,0.555397629737854,0.7311650514602661,0.3722275197505951,0.3090060353279114,0.1379103660583496,0.41436776518821716,-0.3074459731578827,-0.38813623785972595,0.2555374801158905,-0.027857361361384392,0.1826389729976654,-0.31112512946128845,-0.14053697884082794,0.6040011048316956,0.05523570254445076,0.9482199549674988,0.2802470922470093,0.7310083508491516,-0.14933232963085175,0.26110535860061646,-0.25954651832580566,-0.37940722703933716,0.1869986206293106,-0.20449788868427277,0.2795093059539795,0.012289464473724365,0.2250220775604248,0.23660898208618164,-0.030512094497680664,-0.6373825073242188,-0.7476838231086731,0.1863132268190384,-0.3082135021686554,0.025775492191314697,-0.9509680271148682,0.3406398296356201,-0.2883901596069336,0.039564698934555054,-0.26212453842163086,-0.9623026847839355,-0.07255639135837555,-0.03943334147334099,0.0858030915260315,-0.9955314993858337,0.3513953685760498,-0.0006008148193359375,-0.031000055372714996,0.6559821367263794,-0.7547764182090759,-1.9982779519978067e-07,0.7547764182090759,0.6559821367263794,5.264145102046314e-07,0.36611485481262207,0.15594319999217987,-0.03099997341632843,0.33667588233947754,-0.15714482963085175,-0.031000137329101562
17,0.18648314476013184,-0.15632864832878113,-0.463930606842041,0.5554639101028442,-0.18079806864261627,0.9741531610488892,0.5613292455673218,0.7310482859611511,0.43719857931137085,0.19297023117542267,0.045844316482543945,0.43274736404418945,-0.2065344601869583,-0.3646141588687897,0.08302535861730576,-0.016106922179460526,0.188823863863945,-0.302498459815979,-0.1465442180633545,0.5973074436187744,0.06537418067455292,0.9232670068740845,0.30636391043663025,0.7309871315956116,0.19501331448554993,0.06938029825687408,-0.030772283673286438,-0.017461324110627174,0.1478692591190338,-0.3669171929359436,0.36505091190338135,0.03192806988954544,0.24678969383239746,0.2317814826965332,-0.028084568679332733,-0.6194279193878174,-0.7630136013031006,0.1847144514322281,-0.27701571583747864,-0.007717728614807129,-0.9608343243598938,0.34441590309143066,-0.28571081161499023,0.035809628665447235,-0.293964147567749,-0.9523610472679138,-0.08120030164718628,-0.03007793426513672,0.09412890672683716,-0.9951055645942688,0.3513953685760498,-0.0006008148193359375,-0.031000051647424698,0.655982494354248,-0.754776120185852,-7.504153813897574e-07,0.754776120185852,0.655982494354248,3.6495092103905336e-07,0.3661147952079773,0.15594319999217987,-0.03099992871284485,0.3366759717464447,-0.15714482963085175,-0.031000174582004547
18,0.2121591418981552,-0.15127414464950562,-0.47346851229667664,0.581375777721405,-0.19834144413471222,0.9540403485298157,0.5683631300926208,0.7310211658477783,0.32679829001426697,0.023153206333518028,-0.13664701581001282,0.4270665943622589,-0.24780482053756714,-0.2949243485927582,0.09851886332035065,-0.008158538490533829,0.20958958566188812,-0.2932869791984558,-0.15338748693466187,0.5873992443084717,0.08044231683015823,0.8966787457466125,0.3287495970726013,0.7310057282447815,0.3525075614452362,0.19491909444332123,-0.07226221263408661,-0.2027668058872223,0.21265313029289246,-0.35970190167427063,0.3130534589290619,0.04538779705762863,0.2684757709503174,0.22614479064941406,-0.02285975217819214,-0.609325647354126,-0.7726190090179443,0.17827542126178741,-0.2401350736618042,-0.03446638584136963,-0.9701274037361145,0.346210241317749,-0.27726030349731445,0.030901417136192322,-0.3123985528945923,-0.9454188346862793,-0.09268555790185928,-0.024282608181238174,0.1054842472076416,-0.9941245317459106,0.3513953685760498,-0.0006008148193359375,-0.031000051647424698,0.6559828519821167,-0.7547757625579834,-1.038826326293929e-06,0.7547757625579834,0.6559828519821167,-1.212286093732473e-07,0.36611467599868774,0.15594319999217987,-0.03099995106458664,0.3366760313510895,-0.15714482963085175,-0.031000152230262756
19,0.23875688016414642,-0.15025967359542847,-0.48915520310401917,0.6077457666397095,-0.21616195142269135,0.9550743699073792,0.5869132876396179,0.7310298085212708,0.3924867510795593,-0.008131660521030426,-0.20961648225784302,0.4033973515033722,-0.24904604256153107,0.00852420087903738,0.26014918088912964,-0.0030609965324401855,0.2367391288280487,-0.296003520488739,-0.16455663740634918,0.5820253491401672,0.10042481124401093,0.8717800378799438,0.34138408303260803,0.7308855652809143,0.40807852149009705,-0.11557286232709885,-0.1420106738805771,-0.007414550986140966,0.2803378999233246,-0.36208218336105347,0.17717885971069336,0.15464875102043152,0.2830798625946045,0.22092199325561523,-0.01579071581363678,-0.6098159551620483,-0.77165687084198,0.1807488203048706,-0.21882221102714539,-0.05526280403137207,-0.9741985201835632,0.35210680961608887,-0.2660517692565918,0.03202947974205017,-0.3213309049606323,-0.9398168325424194,-0.11615082621574402,-0.004903794731944799,0.12430524826049805,-0.9922319650650024,0.3513953685760498,-0.0006008148193359375,-0.031000051647424698,0.6559824347496033,-0.7547762393951416,-7.730203606115538e-07,0.7547762393951416,0.6559824347496033,1.3927426323334657e-07,0.3661147952079773,0.15594319999217987,-0.03099995106458664,0.3366759419441223,-0.15714482963085175,-0.031000152230262756
20,0.26956841349601746,-0.13860313594341278,-0.5153595805168152,0.6316033005714417,-0.228303462266922,0.9815424084663391,0.6002050638198853,0.7312150597572327,0.40336182713508606,0.21689052879810333,-0.3784943222999573,0.2977723479270935,-0.1714371144771576,0.3817370533943176,0.18611861765384674,-0.02536819316446781,0.2629929184913635,-0.295289546251297,-0.16868242621421814,0.5824669003486633,0.11602120101451874,0.8483497500419617,0.3338671922683716,0.7309980988502502,0.4558596909046173,0.032946083694696426,-0.018869640305638313,0.0015255307080224156,0.2201516330242157,-0.32702407240867615,-0.10532146692276001,-0.02745894342660904,0.2830846309661865,0.21638011932373047,-0.012036032974720001,-0.609042763710022,-0.7671626806259155,0.20131710171699524,-0.2345539629459381,-0.06825745105743408,-0.9697037935256958,0.35922694206237793,-0.2543344497680664,0.03422686457633972,-0.30284619331359863,-0.9433431625366211,-0.1356017291545868,0.014819532632827759,0.13760501146316528,-0.9903762340545654,0.3513953685760498,-0.0006008148193359375,-0.031000051647424698,0.6559827327728271,-0.7547759413719177,-1.002315002551768e-06,0.7547759413719177,0.6559827327728271,2.5071702935974827e-08,0.3661147356033325,0.15594321489334106,-0.030999939888715744,0.3366760015487671,-0.15714484453201294,-0.03100016340613365
21,0.2982201874256134,-0.11927510052919388,-0.5416131019592285,0.6436977386474609,-0.2467326819896698,1.010749101638794,0.602098822593689,0.731347918510437,0.4149671196937561,0.3350944221019745,-0.3692479133605957,0.11407163739204407,-0.258923202753067,0.4212566912174225,0.026384251192212105,0.03194290027022362,0.29080730676651,-0.30219972133636475,-0.17475412786006927,0.5954611301422119,0.12475449591875076,0.8368735313415527,0.31490084528923035,0.7309643626213074,0.4110940396785736,-0.1928204745054245,-0.07016202062368393,0.28510016202926636,0.12334863096475601,-0.18077389895915985,-0.2655757963657379,0.006486002821475267,0.273209810256958,0.21045875549316406,-0.012826316058635712,-0.5923664569854736,-0.7700513601303101,0.2369033694267273,-0.27113014459609985,-0.08635997772216797,-0.9586607813835144,0.3698580265045166,-0.24300861358642578,0.043321579694747925,-0.2669559717178345,-0.9510402679443359,-0.155746191740036,0.041831374168395996,0.15002363920211792,-0.9877970814704895,0.3513953685760498,-0.0006012916564941406,-0.031000006943941116,0.6559821367263794,-0.7547764778137207,-9.317252533946885e-07,0.7547764778137207,0.6559821367263794,3.566696307188977e-07,0.36611485481262207,0.15594272315502167,-0.030999865382909775,0.33667588233947754,-0.15714530646800995,-0.031000148504972458
22,0.32634472846984863,-0.10217401385307312,-0.5648941993713379,0.6369651556015015,-0.24212056398391724,1.0402294397354126,0.5867125391960144,0.7312846183776855,0.4436573088169098,0.3055666983127594,-0.3240724503993988,-0.1947626918554306,0.0709976851940155,0.43306028842926025,-0.21508581936359406,-0.032528121024370193,0.3164183497428894,-0.2967693507671356,-0.17765869200229645,0.6062337756156921,0.11955516040325165,0.8259412050247192,0.2976865768432617,0.7310599088668823,0.432271271944046,0.15450507402420044,-0.009625467471778393,0.09973114728927612,-0.07242618501186371,-0.1425485759973526,-0.24107815325260162,-0.019226280972361565,0.25416016578674316,0.21401691436767578,-0.017827756702899933,-0.5685403347015381,-0.7798865437507629,0.2617993652820587,-0.3210049569606781,-0.0826953649520874,-0.94346022605896,0.376262903213501,-0.23521900177001953,0.046583354473114014,-0.22479259967803955,-0.9616611003875732,-0.15708650648593903,0.054786548018455505,0.14848369359970093,-0.9873961210250854,0.3513953685760498,-0.0006008148193359375,-0.031000051647424698,0.6559826135635376,-0.7547760605812073,-1.067192101800174e-06,0.7547760605812073,0.6559826135635376,-1.9178875731995504e-07,0.3661147356033325,0.15594321489334106,-0.030999958515167236,0.3366759717464447,-0.15714484453201294,-0.03100014477968216
23,0.35175442695617676,-0.09415069967508316,-0.5703597068786621,0.627109169960022,-0.26416027545928955,1.0703721046447754,0.5736500024795532,0.7313863039016724,0.49329355359077454,0.11056134849786758,-0.04195374995470047,-0.14709222316741943,-0.3055076599121094,0.42256900668144226,-0.18242232501506805,-0.04037823528051376,0.3458663523197174,-0.3077123761177063,-0.2003711611032486,0.6147391200065613,0.12203403562307358,0.8362451195716858,0.2872637212276459,0.7309771180152893,0.32325273752212524,-0.26008570194244385,-0.35616180300712585,0.18610085546970367,0.03794550523161888,0.13215407729148865,-0.14621669054031372,0.024302775040268898,0.23716044425964355,0.21400833129882812,-0.019451916217803955,-0.5179953575134277,-0.8024080991744995,0.296347975730896,-0.36422550678253174,-0.10656940937042236,-0.9251933693885803,0.37781548500061035,-0.22925376892089844,0.05326181650161743,-0.20660793781280518,-0.9635297060012817,-0.17006970942020416,0.05958295613527298,0.16110718250274658,-0.9851367473602295,0.3513953685760498,-0.0006012916564941406,-0.0310000479221344,0.6559820175170898,-0.7547765970230103,-1.0796123888212605e-06,0.7547765970230103,0.6559820175170898,-3.965880068790284e-07,0.36611488461494446,0.15594272315502167,-0.03099997714161873,0.33667585253715515,-0.15714530646800995,-0.03100011870265007
24,0.385040283203125,-0.08416710048913956,-0.5886898636817932,0.6094948053359985,-0.24345779418945312,1.0996953248977661,0.5442848205566406,0.7312033772468567,0.46873098611831665,0.21206380426883698,-0.26792478561401367,-0.3577861785888672,0.29680734872817993,0.4339040517807007,-0.41092655062675476,-0.02336663007736206,0.36558789014816284,-0.3061159551143646,-0.20732706785202026,0.6371892094612122,0.09680111706256866,0.8338749408721924,0.297932893037796,0.7310798764228821,0.36777395009994507,0.03187524154782295,-0.04945863038301468,0.3659571707248688,-0.3549478054046631,-0.044850390404462814,0.14896240830421448,0.18315300345420837,0.21510767936706543,0.22556400299072266,-0.023734673857688904,-0.4817103147506714,-0.8221392035484314,0.30338504910469055,-0.4142320156097412,-0.09146249294281006,-0.9055642485618591,0.38875842094421387,-0.2282543182373047,0.06162029504776001,-0.1870739459991455,-0.9689605236053467,-0.1616133600473404,0.08147179335355759,0.14864718914031982,-0.9855284690856934,0.3513953685760498,-0.0006008148193359375,-0.031000051647424698,0.655982494354248,-0.7547760605812073,-1.0409283959234017e-06,0.7547760605812073,0.655982494354248,-5.19040099788981e-08,0.3661147654056549,0.15594319999217987,-0.030999943614006042,0.3366759717464447,-0.15714482963085175,-0.031000159680843353
25,0.4113702178001404,-0.08131571114063263,-0.59467613697052,0.595826268196106,-0.22878259420394897,1.1287912130355835,0.5151964426040649,0.7311500906944275,0.5018966197967529,0.02208039164543152,-0.051524534821510315,-0.18556725978851318,0.2104632705450058,0.4057596027851105,-0.4066861867904663,0.002379512647166848,0.3889521658420563,-0.32067883014678955,-0.21625711023807526,0.653212308883667,0.07528739422559738,0.8452809453010559,0.3106822669506073,0.7310096621513367,0.32129865884780884,-0.2958894968032837,-0.12365181744098663,0.27348947525024414,-0.30031704902648926,0.15269871056079865,0.17834734916687012,-0.009766029193997383,0.1977689266204834,0.2359609603881836,-0.02458833158016205,-0.4403252601623535,-0.8444580435752869,0.304966002702713,-0.45306211709976196,-0.08426570892333984,-0.887487530708313,0.3941376209259033,-0.22504758834838867,0.07243731617927551,-0.16921353340148926,-0.9727452993392944,-0.15853534638881683,0.09801160544157028,0.14344912767410278,-0.9847924709320068,0.3513953685760498,-0.0006008148193359375,-0.031000051647424698,0.6559827327728271,-0.754775881767273,-8.292477104987483e-07,0.754775881767273,0.6559827327728271,9.396759992341686e-08,0.3661147356033325,0.15594319999217987,-0.03099995106458664,0.3366760313510895,-0.15714482963085175,-0.031000152230262756
26,0.44330671429634094,-0.07147249579429626,-0.6083875298500061,0.5889946222305298,-0.201055645942688,1.1538703441619873,0.48580747842788696,0.7310940623283386,0.48736611008644104,0.18144570291042328,-0.18654964864253998,-0.1352987140417099,0.391995370388031,0.3588462471961975,-0.41075965762138367,-0.006633315235376358,0.40734991431236267,-0.3174186646938324,-0.1931975930929184,0.6651936769485474,0.04873776063323021,0.8523604273796082,0.3283749520778656,0.7312502861022949,0.5210564136505127,0.13948433101177216,0.4501532018184662,0.11097785085439682,-0.3620375096797943,0.11082977056503296,0.24641746282577515,-0.04854696989059448,0.18355822563171387,0.2480168342590332,-0.025300845503807068,-0.4105837345123291,-0.8617377877235413,0.298041969537735,-0.4878798723220825,-0.0685194730758667,-0.8702174425125122,0.39401698112487793,-0.21615314483642578,0.0753113180398941,-0.13112223148345947,-0.9822636246681213,-0.13403449952602386,0.1004997044801712,0.12133479118347168,-0.9875109195709229,0.3513953685760498,-0.0006008148193359375,-0.031000059098005295,0.6559823155403137,-0.7547762989997864,-1.3876564253223478e-06,0.7547762989997864,0.6559823155403137,1.1679546219056647e-07,0.3661148250102997,0.15594319999217987,-0.030999895185232162,0.3366759121417999,-0.15714482963085175,-0.031000223010778427
27,0.4749335050582886,-0.05395364761352539,-0.628635585308075,0.5771996378898621,-0.17419131100177765,1.1701759099960327,0.45745033025741577,0.731107234954834,0.4696129858493805,0.30913910269737244,-0.2833763062953949,-0.23556093871593475,0.37550798058509827,0.24282214045524597,-0.39761343598365784,0.13577230274677277,0.43104103207588196,-0.29939931631088257,-0.16549023985862732,0.6723422408103943,0.028900692239403725,0.8576241135597229,0.33489251136779785,0.7312725782394409,0.4476594030857086,0.3209727108478546,0.44013476371765137,0.059826355427503586,-0.2710683047771454,0.0803954154253006,0.09061408787965775,-0.04995911195874214,0.16701340675354004,0.25777626037597656,-0.02801278978586197,-0.38589751720428467,-0.8746320009231567,0.29343143105506897,-0.5250350832939148,-0.053317904472351074,-0.8494088649749756,0.38811326026916504,-0.20361614227294922,0.0705881118774414,-0.0778346061706543,-0.9915192723274231,-0.1040739044547081,0.08725234121084213,0.09721529483795166,-0.991431474685669,0.3513953685760498,-0.0006008148193359375,-0.031000051647424698,0.6559826135635376,-0.7547760009765625,-7.840638431844127e-07,0.7547760009765625,0.6559826135635376,2.4305339252350677e-07,0.3661147356033325,0.15594319999217987,-0.030999939888715744,0.3366760015487671,-0.15714482963085175,-0.03100016340613365
28,0.5054707527160645,-0.03120800107717514,-0.6524152755737305,0.5768557786941528,-0.15250003337860107,1.1716302633285522,0.43092218041419983,0.7310258746147156,0.45693233609199524,0.3306577205657959,-0.3247402310371399,0.025562342256307602,0.3006678521633148,0.012422457337379456,-0.3720032572746277,0.25532734394073486,0.44889092445373535,-0.27833279967308044,-0.13930368423461914,0.6730165481567383,0.015444183722138405,0.8711062669754028,0.33248618245124817,0.7312828302383423,0.3376462757587433,0.3632953464984894,0.4026915729045868,-0.05389796197414398,-0.18452361226081848,0.20255540311336517,-0.033884208649396896,-0.05035122111439705,0.16077923774719238,0.2628202438354492,-0.031019311398267746,-0.3694950342178345,-0.8837854266166687,0.2870480418205261,-0.5432342886924744,-0.045178890228271484,-0.8383646607398987,0.37578701972961426,-0.19458532333374023,0.061090052127838135,-0.026422858238220215,-0.9969758987426758,-0.07308227568864822,0.05840206891298294,0.07144331932067871,-0.9957334995269775,0.3513953685760498,-0.0006008148193359375,-0.031000055372714996,0.6559821367263794,-0.7547764182090759,-2.105274745645147e-07,0.7547764182090759,0.6559821367263794,5.373623821469664e-07,0.36611485481262207,0.15594319999217987,-0.03099996969103813,0.33667588233947754,-0.15714482963085175,-0.03100014105439186
29,0.5358225107192993,-0.009837966412305832,-0.6796885132789612,0.5948477983474731,-0.13531994819641113,1.1560947895050049,0.40230101346969604,0.731011688709259,0.43902355432510376,0.2742471992969513,-0.37504032254219055,0.34267115592956543,0.24009647965431213,-0.24011576175689697,-0.39985743165016174,-0.007089916616678238,0.46242091059684753,-0.2551197111606598,-0.11667686700820923,0.6675845384597778,0.00974306184798479,0.881901741027832,0.32725682854652405,0.7312335968017578,0.2633700966835022,0.3969475328922272,0.3444502353668213,-0.13933029770851135,-0.07741660624742508,0.16401886940002441,-0.07368610799312592,0.04826372116804123,0.17155766487121582,0.26378536224365234,-0.03367684409022331,-0.36120355129241943,-0.8921679258346558,0.271234929561615,-0.5304450988769531,-0.04263925552368164,-0.8466463088989258,0.361067533493042,-0.18819475173950195,0.04884377121925354,0.016193091869354248,-0.9987318515777588,-0.047670818865299225,0.024158719927072525,0.04805397987365723,-0.9985525608062744,0.3513953685760498,-0.0006008148193359375,-0.031000051647424698,0.655982494354248,-0.754776120185852,-8.542181717530184e-07,0.754776120185852,0.655982494354248,1.2019486739234253e-08,0.3661147952079773,0.15594319999217987,-0.030999958515167236,0.3366759717464447,-0.15714482963085175,-0.03100014477968216
30,0.5646957755088806,0.00036101150908507407,-0.7075802683830261,0.6222304701805115,-0.1189761608839035,1.1326501369476318,0.3733229637145996,0.7309285402297974,0.41141727566719055,0.08926879614591599,-0.38633251190185547,0.47823968529701233,0.2283719927072525,-0.349234402179718,-0.4056830108165741,0.0901193618774414,0.4765348434448242,-0.2388298213481903,-0.09995093196630478,0.6596137285232544,0.01739875227212906,0.8950389623641968,0.31271395087242126,0.731110692024231,0.2701633870601654,0.2470352202653885,0.261197030544281,-0.14173367619514465,0.11358369141817093,0.19074223935604095,-0.20418566465377808,-0.007270540110766888,0.1936938762664795,0.2645411491394043,-0.034417036920785904,-0.3594001531600952,-0.9008524417877197,0.24350851774215698,-0.4939860999584198,-0.03772556781768799,-0.8686509728431702,0.34471869468688965,-0.18128108978271484,0.03854992985725403,0.05556380748748779,-0.9978063106536865,-0.03598952665925026,-0.01160526368767023,0.035397350788116455,-0.9993058443069458,0.3513953685760498,-0.0006008148193359375,-0.031000051647424698,0.6559828519821167,-0.7547757625579834,-1.041886321218044e-06,0.7547757625579834,0.6559828519821167,-1.120000518994857e-07,0.36611467599868774,0.15594319999217987,-0.03099995106458664,0.3366760313510895,-0.15714482963085175,-0.031000152230262756
31,0.5834393501281738,0.008329805918037891,-0.7332901358604431,0.651995062828064,-0.13840708136558533,1.1060733795166016,0.34705427289009094,0.7310178279876709,0.14628687500953674,0.08822811394929886,-0.38471952080726624,0.48405662178993225,-0.2793324291706085,-0.3868164122104645,-0.36727002263069153,-0.018587667495012283,0.47267889976501465,-0.25371053814888,-0.10448082536458969,0.6427505016326904,0.013540620915591717,0.9186715483665466,0.2916748523712158,0.731016218662262,-0.34467390179634094,-0.3101973235607147,-0.173337921500206,-0.22534427046775818,-0.06273093819618225,0.3336949348449707,-0.2934005558490753,0.05108603090047836,0.21812176704406738,0.25272417068481445,-0.03309935703873634,-0.3396880626678467,-0.9106185436248779,0.2353419065475464,-0.4516109824180603,-0.061571478843688965,-0.8900879621505737,0.33257508277893066,-0.18938112258911133,0.03570704907178879,0.07125377655029297,-0.9970552921295166,-0.0283491387963295,-0.03529227524995804,0.02588343620300293,-0.9990418553352356,0.3513953685760498,-0.0006008148193359375,-0.031000051647424698,0.6559824347496033,-0.7547762393951416,-7.702658422203967e-07,0.7547762393951416,0.6559824347496033,1.4446236207277252e-07,0.3661147952079773,0.15594319999217987,-0.03099995106458664,0.3366759419441223,-0.15714482963085175,-0.031000152230262756
32,0.600638747215271,0.008396461606025696,-0.7505586743354797,0.6817256808280945,-0.14463959634304047,1.0789768695831299,0.32195180654525757,0.7309736013412476,0.37547704577445984,-0.05115920677781105,-0.2119183987379074,0.5005105137825012,-0.0850147008895874,-0.3980424702167511,-0.3517577052116394,0.04534991458058357,0.4561445713043213,-0.26994040608406067,-0.11995573341846466,0.619207501411438,0.0022316172253340483,0.9300316572189331,0.26863226294517517,0.7310174107551575,-0.33578699827194214,-0.1946597546339035,-0.26081377267837524,-0.3962112367153168,-0.16698403656482697,0.17430032789707184,-0.3223358392715454,0.274188756942749,0.24545502662658691,0.24762868881225586,-0.02976468950510025,-0.32427167892456055,-0.9209316968917847,0.21617776155471802,-0.4007909595966339,-0.07324802875518799,-0.9132367372512817,0.32486701011657715,-0.20542335510253906,0.031582221388816833,0.07057523727416992,-0.997283399105072,-0.021095426753163338,-0.051511116325855255,0.017476201057434082,-0.9985195398330688,0.3513953685760498,-0.0006008148193359375,-0.031000051647424698,0.6559827327728271,-0.7547759413719177,-9.930723763318383e-07,0.7547759413719177,0.6559827327728271,2.758196515628697e-08,0.3661147356033325,0.15594321489334106,-0.030999939888715744,0.3366760015487671,-0.15714484453201294,-0.03100016340613365
33,0.6251509785652161,0.02727499045431614,-0.7752705216407776,0.7132260203361511,-0.15862613916397095,1.0579264163970947,0.29660218954086304,0.7311462759971619,0.2957940995693207,0.31095632910728455,-0.35729700326919556,0.4556851089000702,-0.20106060802936554,-0.29934924840927124,-0.3545014560222626,-0.02289774641394615,0.4308706521987915,-0.2938407063484192,-0.13589386641979218,0.5978958010673523,-0.009250492788851261,0.9378027319908142,0.24385356903076172,0.7309974431991577,-0.502434253692627,-0.41175851225852966,-0.28447842597961426,-0.26936954259872437,-0.16601210832595825,0.10481622070074081,-0.3464260995388031,0.00822533294558525,0.2670166492462158,0.23712968826293945,-0.02713201567530632,-0.29766082763671875,-0.9289146065711975,0.2202628254890442,-0.3670726418495178,-0.10162115097045898,-0.9246246814727783,0.3214876651763916,-0.2221674919128418,0.031079642474651337,0.0629110336303711,-0.9978299140930176,-0.01943454146385193,-0.05580580234527588,0.01592552661895752,-0.998314619064331,0.3513953685760498,-0.0006012916564941406,-0.031000006943941116,0.6559821367263794,-0.7547764778137207,-9.367372513224836e-07,0.7547764778137207,0.6559821367263794,3.6151840276943403e-07,0.36611485481262207,0.15594272315502167,-0.030999865382909775,0.33667588233947754,-0.15714530646800995,-0.031000148504972458
34,0.6447125673294067,0.04976974055171013,-0.8037851452827454,0.7430198192596436,-0.1423323005437851,1.0399601459503174,0.26762449741363525,0.7309868335723877,0.2505331337451935,0.30982598662376404,-0.40502452850341797,0.45939967036247253,0.22808697819709778,-0.26139041781425476,-0.4056159257888794,0.0360448844730854,0.40003958344459534,-0.3195677399635315,-0.13396643102169037,0.5741984844207764,-0.031871192157268524,0.9191653728485107,0.21745355427265167,0.7310377359390259,-0.4225369989871979,-0.3817473351955414,0.03297582268714905,-0.33720433712005615,-0.31757810711860657,-0.26197919249534607,-0.36922982335090637,0.02489551343023777,0.28525710105895996,0.23221158981323242,-0.02547694742679596,-0.295849084854126,-0.9317042827606201,0.2107141613960266,-0.33944186568260193,-0.10365176200866699,-0.9348986744880676,0.3262064456939697,-0.23587608337402344,0.03185883164405823,0.07536405324935913,-0.9970970153808594,-0.01084971521049738,-0.03126576915383339,0.008512496948242188,-0.9994747638702393,0.3513953685760498,-0.0006008148193359375,-0.031000051647424698,0.6559826135635376,-0.7547760605812073,-1.065840365299664e-06,0.7547760605812073,0.6559826135635376,-1.8975759985551122e-07,0.3661147356033325,0.15594321489334106,-0.030999958515167236,0.3366759717464447,-0.15714484453201294,-0.03100014477968216
35,0.6500857472419739,0.06351910531520844,-0.8305240869522095,0.7717161774635315,-0.13062003254890442,1.0601831674575806,0.23916441202163696,0.730932891368866,-0.13721434772014618,0.1683606058359146,-0.4250147044658661,0.41229695081710815,0.1587727665901184,0.2877754271030426,-0.39816024899482727,0.08925366401672363,0.3698623478412628,-0.34493958950042725,-0.11841309815645218,0.5483450293540955,-0.05711973458528519,0.8986712098121643,0.18825693428516388,0.7311181426048279,-0.42311710119247437,-0.37363576889038086,0.22010503709316254,-0.3786592185497284,-0.3526693284511566,-0.28367099165916443,-0.4089285731315613,-0.0010414347052574158,0.2893402576446533,0.2247467041015625,-0.020010389387607574,-0.2998619079589844,-0.9311063289642334,0.2076627016067505,-0.34275925159454346,-0.09798943996429443,-0.9342987537384033,0.32938599586486816,-0.2467803955078125,0.03206658363342285,0.10581141710281372,-0.9943698644638062,0.005705953110009432,-0.0053809587843716145,-0.006310582160949707,-0.9999656081199646,0.3513953685760498,-0.0006012916564941406,-0.0310000479221344,0.6559820175170898,-0.7547765374183655,-1.0782594017655356e-06,0.7547765374183655,0.6559820175170898,-3.946266247112362e-07,0.36611485481262207,0.15594272315502167,-0.03099997714161873,0.33667585253715515,-0.15714530646800995,-0.03100011870265007
36,0.6375269293785095,0.07000384479761124,-0.8579466342926025,0.7936660647392273,-0.1089642122387886,1.0818032026290894,0.21209056675434113,0.7307500839233398,-0.4070054292678833,0.05794718116521835,-0.4398369789123535,0.31990036368370056,0.298448771238327,0.3034839928150177,-0.3789762854576111,0.30628541111946106,0.34045013785362244,-0.36761173605918884,-0.09737886488437653,0.5198521018028259,-0.0847749263048172,0.8762019276618958,0.15886254608631134,0.7311722636222839,-0.4179176390171051,-0.3188462257385254,0.2928268313407898,-0.4291749596595764,-0.38771185278892517,-0.3087109625339508,-0.41139182448387146,-0.013203362002968788,0.288921594619751,0.21667957305908203,-0.015044957399368286,-0.3293417692184448,-0.9241740107536316,0.19348523020744324,-0.3478740155696869,-0.0717388391494751,-0.934792697429657,0.33103013038635254,-0.2570009231567383,0.03069651871919632,0.14368492364883423,-0.9892048835754395,0.028782345354557037,0.018508169800043106,-0.02639293670654297,-0.9994803667068481,0.3513953685760498,-0.0006008148193359375,-0.031000051647424698,0.6559825539588928,-0.7547760605812073,-1.0333214959246106e-06,0.7547760605812073,0.6559825539588928,-5.374411671255075e-08,0.3661147654056549,0.15594319999217987,-0.03099994733929634,0.3366759717464447,-0.15714482963085175,-0.031000155955553055
37,0.6148032546043396,0.08653324097394943,-0.8869410157203674,0.7814041972160339,-0.0878274142742157,1.108314037322998,0.1847108006477356,0.7308520674705505,-0.5700257420539856,0.35179924964904785,-0.4483358561992645,-0.380437433719635,0.28607359528541565,0.41711971163749695,-0.38345280289649963,0.18506428599357605,0.3107249140739441,-0.38240307569503784,-0.07498627156019211,0.4907439947128296,-0.11133584380149841,0.8500840663909912,0.12951737642288208,0.7311813235282898,-0.4286641478538513,-0.18477511405944824,0.3078068196773529,-0.4476170539855957,-0.3720051050186157,-0.3582199513912201,-0.4107392132282257,-0.017109612002968788,0.2638685703277588,0.20871448516845703,-0.018998563289642334,-0.36246609687805176,-0.9120703935623169,0.1916923224925995,-0.39392849802970886,-0.03647494316101074,-0.9184170961380005,0.3316524028778076,-0.26694631576538086,0.026895634829998016,0.18181663751602173,-0.9818450212478638,0.0540657714009285,0.03762984648346901,-0.04799473285675049,-0.9981385469436646,0.3513953685760498,-0.0006008148193359375,-0.031000051647424698,0.6559827923774719,-0.7547758221626282,-8.424435691267718e-07,0.7547758221626282,0.6559827923774719,9.721904348225507e-08,0.36611470580101013,0.15594319999217987,-0.03099994733929634,0.3366760313510895,-0.15714482963085175,-0.031000155955553055
38,0.5888664722442627,0.07294018566608429,-0.9142799377441406,0.7921044230461121,-0.06508743762969971,1.1242942810058594,0.1678556501865387,0.7304278016090393,-0.5471718311309814,-0.3979373574256897,-0.45300397276878357,0.36673876643180847,0.31879574060440063,0.18326005339622498,-0.2365034520626068,0.7100672125816345,0.2816307544708252,-0.37732768058776855,-0.0475611537694931,0.46259698271751404,-0.12989051640033722,0.8296552896499634,0.10037950426340103,0.7311650514602661,-0.38258853554725647,0.1706882119178772,0.39616695046424866,-0.48963692784309387,-0.2598274052143097,-0.26662442088127136,-0.40800711512565613,-0.008333591744303703,0.26260924339294434,0.20288658142089844,-0.013771459460258484,-0.414945125579834,-0.895298957824707,0.16205038130283356,-0.38314691185951233,0.010399341583251953,-0.9236289262771606,0.3251645565032959,-0.275723934173584,0.016528576612472534,0.22108036279678345,-0.9721391201019287,0.07790429145097733,0.03200531378388405,-0.07260584831237793,-0.9968470931053162,0.3513953685760498,-0.0006008148193359375,-0.031000059098005295,0.6559823751449585,-0.7547762393951416,-1.3867895631847205e-06,0.7547762393951416,0.6559823751449585,1.1763322049773706e-07,0.3661147952079773,0.15594319999217987,-0.030999895185232162,0.3366759419441223,-0.15714482963085175,-0.031000223010778427
39,0.5605079531669617,0.0701315626502037,-0.9428150057792664,0.777176558971405,-0.05088406801223755,1.14460027217865,0.16194647550582886,0.7307263612747192,-0.6538355946540833,0.08102921396493912,-0.44067683815956116,-0.4327602684497833,0.18442828953266144,0.3325742483139038,-0.08342251926660538,0.35322314500808716,0.2544562518596649,-0.37242093682289124,-0.022319339215755463,0.4323389530181885,-0.11902929842472076,0.8186632990837097,0.07131551951169968,0.7310190200805664,-0.3861754536628723,0.09742508828639984,0.34903043508529663,-0.4836559295654297,0.15225881338119507,-0.14017817378044128,-0.4067583382129669,-0.012288728728890419,0.24230647087097168,0.19783687591552734,-0.015025906264781952,-0.46798253059387207,-0.8702608346939087,0.1537480503320694,-0.404601514339447,0.05631840229034424,-0.9127573370933533,0.3117234706878662,-0.27960920333862305,0.004401862621307373,0.24163788557052612,-0.9671860337257385,0.0785008892416954,0.00808119960129261,-0.07888960838317871,-0.9968506097793579,0.3513953685760498,-0.0006008148193359375,-0.031000051647424698,0.6559827327728271,-0.7547759413719177,-7.83237965151784e-07,0.7547759413719177,0.6559827327728271,2.4399381004514e-07,0.3661147356033325,0.15594321489334106,-0.030999939888715744,0.3366760015487671,-0.15714484453201294,-0.03100016340613365
40,0.5329828858375549,0.054489459842443466,-0.9614610075950623,0.7889338731765747,-0.059074703603982925,1.1174849271774292,0.16844062507152557,0.7306293845176697,-0.45435839891433716,-0.3885665833950043,-0.30180734395980835,0.42600566148757935,-0.11438123136758804,-0.43701601028442383,0.09027886390686035,0.4758477210998535,0.2688005566596985,-0.38131803274154663,-0.008982362225651741,0.40223944187164307,-0.09825485199689865,0.8450499176979065,0.04431304335594177,0.7309935092926025,0.33034926652908325,-0.11910222470760345,0.25073039531707764,-0.4905627965927124,0.2956363260746002,0.38700899481773376,-0.37891334295272827,0.025717535987496376,0.25452399253845215,0.17975378036499023,-0.01164601743221283,-0.5120352506637573,-0.8469522595405579,0.1431506723165512,-0.35860487818717957,0.05934077501296997,-0.9316015243530273,0.2858011722564697,-0.275177001953125,-0.005592465400695801,0.28130263090133667,-0.957160234451294,0.06865275651216507,-0.03888687863945961,-0.08285307884216309,-0.9958028793334961,0.3513953685760498,-0.0006008148193359375,-0.031000055372714996,0.6559821367263794,-0.7547764182090759,-2.031623580478481e-07,0.7547764182090759,0.6559821367263794,5.356064320949372e-07,0.36611485481262207,0.15594319999217987,-0.03099997341632843,0.33667588233947754,-0.15714482963085175,-0.031000137329101562
41,0.5191618800163269,0.04939299449324608,-0.942448616027832,0.8034533262252808,-0.07893505692481995,1.1065738201141357,0.1913447380065918,0.7311654090881348,0.26974576711654663,0.012770815752446651,0.37582677602767944,0.15744692087173462,-0.2731947600841522,-0.14397995173931122,0.31994760036468506,-0.16385585069656372,0.2470586746931076,-0.4009040892124176,-0.03368987888097763,0.3716154992580414,-0.11798474937677383,0.8744149804115295,0.016957182437181473,0.7309805750846863,-0.6170891523361206,-0.30831247568130493,-0.5104807615280151,-0.47104930877685547,-0.2927807569503784,0.4284195899963379,-0.3812221586704254,0.025794461369514465,0.2656066417694092,0.1716761589050293,-0.007760465145111084,-0.5153288841247559,-0.8427488803863525,0.1555979698896408,-0.33993545174598694,0.03434491157531738,-0.9398214817047119,0.2663285732269287,-0.29549551010131836,-0.011869490146636963,0.2792631983757019,-0.9575989246368408,0.07082696259021759,-0.07925831526517868,-0.09649825096130371,-0.9921725988388062,0.3513953685760498,-0.0006008148193359375,-0.031000051647424698,0.6559825539588928,-0.7547760605812073,-8.468983878628933e-07,0.7547760605812073,0.6559825539588928,1.1331453997343033e-08,0.3661147654056549,0.15594319999217987,-0.030999958515167236,0.3366759717464447,-0.15714482963085175,-0.03100014477968216
42,0.523535966873169,0.06611236929893494,-0.9297390580177307,0.7821197509765625,-0.08038495481014252,1.0800278186798096,0.20494277775287628,0.7312325239181519,-0.015108978375792503,0.3558943569660187,0.17533144354820251,-0.4727948009967804,-0.02090519294142723,-0.34080827236175537,0.19115041196346283,-0.32304394245147705,0.2472185641527176,-0.42930781841278076,-0.06370514631271362,0.34091347455978394,-0.09893593192100525,0.8944433331489563,0.0055769444443285465,0.7308259606361389,0.0743958130478859,-0.4228477478027344,-0.3878665566444397,-0.4572671353816986,0.2702940106391907,0.28463372588157654,-0.1594666689634323,0.2210475504398346,0.26203227043151855,0.1746983528137207,-0.016974881291389465,-0.5076754093170166,-0.8440702557563782,0.1726589947938919,-0.34990522265434265,0.01886892318725586,-0.93659508228302,0.2483823299407959,-0.29834556579589844,-0.01593931019306183,0.2518405318260193,-0.9668121337890625,0.04302025958895683,-0.1101941168308258,-0.07281112670898438,-0.9912395477294922,0.3513953685760498,-0.0006008148193359375,-0.031000051647424698,0.6559829115867615,-0.7547757625579834,-1.0279685511704884e-06,0.7547757625579834,0.6559829115867615,-1.1540194577719376e-07,0.36611467599868774,0.15594321489334106,-0.030999954789876938,0.33667606115341187,-0.15714484453201294,-0.031000148504972458
43,0.5222577452659607,0.06595395505428314,-0.9156553745269775,0.793046772480011,-0.08577772229909897,1.0567450523376465,0.20864605903625488,0.7309386134147644,0.07118923962116241,-0.14060603082180023,0.19781668484210968,0.3736307919025421,-0.06845206022262573,-0.3720400333404541,0.05189727619290352,0.07387739419937134,0.22746820747852325,-0.45713141560554504,-0.09114130586385727,0.31275105476379395,-0.08740638941526413,0.9210531711578369,-0.01585947535932064,0.7307482957839966,-0.38362306356430054,-0.39851540327072144,-0.44453373551368713,-0.44380730390548706,0.15259721875190735,0.38725945353507996,-0.29925474524497986,0.38278767466545105,0.2775228023529053,0.17159128189086914,-0.015451520681381226,-0.4989734888076782,-0.8496243953704834,0.17077474296092987,-0.32186952233314514,-0.0012739896774291992,-0.9467832446098328,0.2300865650177002,-0.30586814880371094,-0.01932649314403534,0.22225052118301392,-0.9748201370239258,0.018179865553975105,-0.14411796629428864,-0.05128765106201172,-0.9882305860519409,0.3513953685760498,-0.0006008148193359375,-0.031000051647424698,0.655982494354248,-0.754776120185852,-7.704338713665493e-07,0.754776120185852,0.655982494354248,1.433212304391418e-07,0.3661147952079773,0.15594319999217987,-0.03099995106458664,0.3366759717464447,-0.15714482963085175,-0.031000152230262756
44,0.5384573936462402,0.08679671585559845,-0.926493227481842,0.7832565903663635,-0.07327818870544434,1.0654082298278809,0.18950678408145905,0.7312091588973999,0.2015383243560791,0.47315552830696106,-0.13384126126766205,-0.3814336657524109,0.17089566588401794,0.17385591566562653,-0.26751407980918884,-0.27727293968200684,0.20283478498458862,-0.4846508502960205,-0.1199953556060791,0.3008553683757782,-0.06262624263763428,0.910068929195404,-0.03416094556450844,0.7306922078132629,-0.39202287793159485,-0.4725070893764496,-0.4291159510612488,-0.060601625591516495,0.3387003242969513,-0.1810399442911148,-0.25557899475097656,0.4543525278568268,0.26614832878112793,0.17635059356689453,-0.02087683230638504,-0.48278093338012695,-0.8574469685554504,0.17806535959243774,-0.3510729670524597,0.003220200538635254,-0.9363425970077515,0.23440861701965332,-0.30606651306152344,-0.01685793697834015,0.1739378571510315,-0.9846283197402954,-0.015893369913101196,-0.12607204914093018,-0.006258606910705566,-0.9920012950897217,0.3513953685760498,-0.0006008148193359375,-0.031000051647424698,0.6559827327728271,-0.754775881767273,-1.0139827963939751e-06,0.754775881767273,0.6559827327728271,3.166079665106736e-08,0.3661147356033325,0.15594319999217987,-0.030999939888715744,0.3366760313510895,-0.15714482963085175,-0.03100016340613365
45,0.5444232225418091,0.09382365643978119,-0.940563440322876,0.7780553102493286,-0.05299811810255051,1.0567667484283447,0.17191213369369507,0.7308076024055481,-0.0459861122071743,0.0007010683766566217,-0.2424631118774414,0.03542928025126457,0.2850051820278168,-0.14421559870243073,-0.2462148368358612,0.2230103611946106,0.20600365102291107,-0.5151343941688538,-0.14325444400310516,0.2898743152618408,-0.037693090736866,0.920336127281189,-0.04860544204711914,0.730823278427124,0.08245202898979187,-0.4302336573600769,-0.30863600969314575,-0.1991894245147705,0.34523487091064453,0.15518255531787872,-0.20233619213104248,0.2504923939704895,0.2655465602874756,0.17824649810791016,-0.02392624318599701,-0.4887073040008545,-0.8566579818725586,0.16523383557796478,-0.34703701734542847,0.017113685607910156,-0.9376952648162842,0.2318127155303955,-0.29989194869995117,-0.013712868094444275,0.1549178957939148,-0.9867124557495117,-0.048980455845594406,-0.12189221382141113,0.030109524726867676,-0.99208664894104,0.3513953685760498,-0.0006012916564941406,-0.031000006943941116,0.655982255935669,-0.7547763586044312,-9.371501050736697e-07,0.7547763586044312,0.655982255935669,3.6033540595781233e-07,0.3661148250102997,0.15594272315502167,-0.030999865382909775,0.3366759121417999,-0.15714530646800995,-0.031000148504972458
46,0.5429940223693848,0.09291766583919525,-0.9475804567337036,0.7799528241157532,-0.037542928010225296,1.0644862651824951,0.16828909516334534,0.730876624584198,0.013953343965113163,-0.008700694888830185,-0.08794184029102325,0.012960687279701233,0.21569859981536865,0.1134253665804863,-0.05096827447414398,0.15211766958236694,0.19291263818740845,-0.543481171131134,-0.16951219737529755,0.2883925437927246,-0.02101599983870983,0.9402385950088501,-0.06904642283916473,0.7307761907577515,-0.2572290301322937,-0.4570755660533905,-0.40955033898353577,0.03217338025569916,0.2262757569551468,0.26898083090782166,-0.2856447994709015,0.27106061577796936,0.26451754570007324,0.18080759048461914,-0.023240968585014343,-0.5035016536712646,-0.8500694036483765,0.1544928252696991,-0.3460710942745209,0.034584760665893555,-0.9375706911087036,0.23115229606628418,-0.29940271377563477,-0.008235745131969452,0.12978851795196533,-0.9883520603179932,-0.07946804910898209,-0.11754085123538971,0.06424474716186523,-0.9909877777099609,0.3513953685760498,-0.0006008148193359375,-0.031000051647424698,0.6559827327728271,-0.7547759413719177,-1.051799017659505e-06,0.7547759413719177,0.6559827327728271,-1.932865529852279e-07,0.3661147356033325,0.15594321489334106,-0.030999958515167236,0.3366760015487671,-0.15714484453201294,-0.03100014477968216
47,0.544791042804718,0.09269089251756668,-0.9558724164962769,0.7708505988121033,-0.018452908843755722,1.0755802392959595,0.1703065186738968,0.7308818697929382,-0.022080836817622185,0.020878039300441742,-0.11952729523181915,-0.19230246543884277,0.2646462023258209,0.17024031281471252,0.02803979068994522,0.13830162584781647,0.1929977387189865,-0.5721502900123596,-0.19619375467300415,0.27946236729621887,-0.017546435818076134,0.9532076120376587,-0.08606436103582382,0.7309373617172241,0.004673697054386139,-0.40756112337112427,-0.37598565220832825,-0.16143159568309784,0.048529401421546936,0.18942515552043915,-0.23829852044582367,0.07571002840995789,0.2570459842681885,0.18765592575073242,-0.024978458881378174,-0.522278904914856,-0.8402189612388611,0.145797461271286,-0.3562468886375427,0.05963432788848877,-0.9324870109558105,0.22890114784240723,-0.2985038757324219,-0.005187831819057465,0.12418878078460693,-0.9870539903640747,-0.10149645805358887,-0.11251547932624817,0.08762025833129883,-0.9897791743278503,0.3513953685760498,-0.0006012916564941406,-0.0310000479221344,0.6559820771217346,-0.7547764778137207,-1.07852713426837e-06,0.7547764778137207,0.6559820771217346,-3.956880618716241e-07,0.36611485481262207,0.15594272315502167,-0.03099997714161873,0.33667588233947754,-0.15714530646800995,-0.03100011870265007
48,0.5436771512031555,0.08039625734090805,-0.9525493383407593,0.7704652547836304,0.0012753285700455308,1.0720878839492798,0.18474607169628143,0.7307543158531189,0.08003608882427216,-0.2392793893814087,0.06142914295196533,0.08355870842933655,0.2804203927516937,-0.06738825142383575,0.20153604447841644,0.3005688190460205,0.1979057788848877,-0.59981369972229,-0.22448214888572693,0.27200353145599365,-0.03381390497088432,0.97554612159729,-0.09932489693164825,0.73099684715271,0.04800616577267647,-0.41617193818092346,-0.41062596440315247,-0.10094720870256424,-0.23239785432815552,0.3139011561870575,-0.18580509722232819,0.23216916620731354,0.2636082172393799,0.19498920440673828,-0.02391648292541504,-0.5463430881500244,-0.8280224800109863,0.12604860961437225,-0.3372894823551178,0.07975637912750244,-0.938016414642334,0.2235872745513916,-0.30138683319091797,-0.002840176224708557,0.13189005851745605,-0.9850523471832275,-0.11080147325992584,-0.1160670667886734,0.09566271305084229,-0.9886239171028137,0.3513953685760498,-0.0006008148193359375,-0.031000051647424698,0.6559826135635376,-0.754776120185852,-1.0335621709600673e-06,0.754776120185852,0.6559826135635376,-5.3869975147335936e-08,0.3661147654056549,0.15594321489334106,-0.03099994733929634,0.3366759717464447,-0.15714484453201294,-0.031000155955553055
49,0.5442519783973694,0.08347290009260178,-0.9544207453727722,0.76499342918396,0.020616257563233376,1.0882718563079834,0.1973620057106018,0.7309617400169373,-0.059292957186698914,0.1174866110086441,-0.031017696484923363,-0.1848260909318924,0.26431038975715637,0.2510855197906494,0.17655788362026215,0.036404918879270554,0.19165343046188354,-0.6223760843276978,-0.2532395124435425,0.27051684260368347,-0.05391892045736313,0.9915336966514587,-0.11713553220033646,0.7309960722923279,-0.1308085024356842,-0.346522718667984,-0.42790165543556213,0.007672362960875034,-0.28532901406288147,0.218124657869339,-0.24914346635341644,0.009960707277059555,0.25648999214172363,0.20302534103393555,-0.024946652352809906,-0.5678825378417969,-0.8136600255966187,0.1243654191493988,-0.35104188323020935,0.10274934768676758,-0.930705189704895,0.22267460823059082,-0.30792236328125,0.0002856999635696411,0.13493120670318604,-0.9839435815811157,-0.11682772636413574,-0.11131012439727783,0.10210752487182617,-0.9885262250900269,0.3513953685760498,-0.0006012916564941406,-0.0310000479221344,0.6559820175170898,-0.7547765970230103,-1.0523926903260872e-06,0.7547765970230103,0.6559820175170898,-2.5625539024076716e-07,0.36611488461494446,0.15594272315502167,-0.030999962240457535,0.33667585253715515,-0.15714530646800995,-0.031000133603811264
50,0.5325943827629089,0.08957839012145996,-0.9476553797721863,0.7568997144699097,0.041546400636434555,1.0904340744018555,0.2053237408399582,0.7308878302574158,-0.16618725657463074,0.08822072297334671,0.09498976171016693,-0.11234860867261887,0.2925908863544464,0.02860640361905098,0.11119712144136429,0.1335015594959259,0.2115592360496521,-0.6376068592071533,-0.28217265009880066,0.26390618085861206,-0.07433366775512695,1.000107765197754,-0.11745218932628632,0.731011152267456,0.31427860260009766,-0.1887129247188568,-0.39376503229141235,-0.13799706101417542,-0.2836122214794159,0.12913671135902405,-0.004567259922623634,-0.003794971853494644,0.25174450874328613,0.2087259292602539,-0.02793218567967415,-0.5899622440338135,-0.7982990741729736,0.12109236419200897,-0.35644832253456116,0.12293154001235962,-0.9261924624443054,0.21915984153747559,-0.308565616607666,9.423494338989258e-05,0.14615941047668457,-0.9818427562713623,-0.1209227442741394,-0.11423376202583313,0.10466670989990234,-0.9879248142242432,0.3513953685760498,-0.0006008148193359375,-0.031000051647424698,0.655982494354248,-0.754776120185852,-8.548524874640862e-07,0.754776120185852,0.655982494354248,3.8729154994143755e-08,0.3661147952079773,0.15594319999217987,-0.030999954789876938,0.3366759717464447,-0.15714482963085175,-0.031000148504972458
51,0.5209470391273499,0.08761865645647049,-0.93901526927948,0.7613381147384644,0.06355167925357819,1.0935968160629272,0.22153609991073608,0.7307933568954468,-0.15519092977046967,-0.07243596762418747,0.11596862971782684,0.12304748594760895,0.30929091572761536,0.033090781420469284,0.22652626037597656,0.25082653760910034,0.2273608148097992,-0.6471114158630371,-0.31004655361175537,0.2689708173274994,-0.09570543467998505,1.0114450454711914,-0.12218021601438522,0.7310201525688171,0.20042410492897034,-0.16403917968273163,-0.40122151374816895,0.1275811493396759,-0.301400750875473,0.14743998646736145,-0.06617420166730881,0.015127405524253845,0.2559692859649658,0.21382951736450195,-0.026881340891122818,-0.618044376373291,-0.7783679962158203,0.11029352247714996,-0.34516221284866333,0.1426219940185547,-0.9276432991027832,0.21938443183898926,-0.3113999366760254,0.0023823007941246033,0.15795433521270752,-0.9798300266265869,-0.12240774929523468,-0.1136099249124527,0.10510748624801636,-0.9879500865936279,0.3513953685760498,-0.0006008148193359375,-0.031000051647424698,0.6559827327728271,-0.754775881767273,-7.91954448686738e-07,0.754775881767273,0.6559827327728271,2.5238855982934183e-07,0.3661147356033325,0.15594319999217987,-0.030999936163425446,0.3366760313510895,-0.15714482963085175,-0.03100016713142395
52,0.5096909999847412,0.10052128881216049,-0.9409623146057129,0.7600375413894653,0.08305072784423828,1.105515956878662,0.23711198568344116,0.7309609055519104,-0.27632588148117065,0.25175532698631287,-0.047153010964393616,-0.10796859115362167,0.26481691002845764,0.18484196066856384,0.2180376499891281,0.04366644471883774,0.2456945925951004,-0.6423290371894836,-0.3366744816303253,0.27257394790649414,-0.11406255513429642,1.0073559284210205,-0.13139036297798157,0.7310198545455933,0.26783448457717896,0.11022910475730896,-0.37321099638938904,0.021339187398552895,-0.2582208216190338,-0.05287421494722366,-0.1288817971944809,0.0055441539734601974,0.24920868873596191,0.21609210968017578,-0.02852652221918106,-0.648637056350708,-0.7518216371536255,0.11846671998500824,-0.356244832277298,0.16235613822937012,-0.9201793670654297,0.22087836265563965,-0.313478946685791,0.0015870407223701477,0.17420071363449097,-0.976961612701416,-0.12328952550888062,-0.11333861947059631,0.10447919368743896,-0.9880478382110596,0.3513953685760498,-0.0006008148193359375,-0.031000055372714996,0.6559821367263794,-0.7547763586044312,-1.9894412162102526e-07,0.7547763586044312,0.6559821367263794,5.386946213548072e-07,0.36611485481262207,0.15594318509101868,-0.03099997341632843,0.33667588233947754,-0.15714481472969055,-0.031000137329101562
53,0.49101516604423523,0.09174983203411102,-0.9327337741851807,0.7698757648468018,0.10358059406280518,1.0986443758010864,0.2584221065044403,0.730645477771759,-0.2443436086177826,-0.24010887742042542,0.10177870839834213,0.28236791491508484,0.2941390573978424,-0.12527251243591309,0.2977903187274933,0.42827966809272766,0.2717750370502472,-0.6437897086143494,-0.3623838424682617,0.2816630005836487,-0.13104234635829926,1.0133177042007446,-0.13542677462100983,0.7310125231742859,0.37024110555648804,-0.052976418286561966,-0.3571103811264038,0.17111945152282715,-0.23583878576755524,0.0748474970459938,-0.05655813589692116,-0.003157056402415037,0.2606523036956787,0.2167038917541504,-0.025752820074558258,-0.6844733953475952,-0.722107470035553,0.1002841517329216,-0.32519254088401794,0.17929798364639282,-0.9284945130348206,0.22293591499328613,-0.313723087310791,0.0036213696002960205,0.19281518459320068,-0.9732804298400879,-0.12468978762626648,-0.1126013696193695,0.10428774356842041,-0.9881523847579956,0.3513953685760498,-0.0006008148193359375,-0.031000051647424698,0.6559826135635376,-0.7547760009765625,-8.569718374928925e-07,0.7547760009765625,0.6559826135635376,1.6727454976717127e-08,0.3661147356033325,0.15594319999217987,-0.030999958515167236,0.3366760015487671,-0.15714482963085175,-0.03100014477968216
54,0.48121944069862366,0.10550200194120407,-0.9343380331993103,0.7854844331741333,0.11746369302272797,1.1032259464263916,0.28313738107681274,0.7309948801994324,-0.1612805724143982,0.2720961272716522,-0.02424659952521324,0.17179591953754425,0.18666091561317444,0.07205605506896973,0.3458651900291443,0.0090203657746315,0.2893691658973694,-0.6514803767204285,-0.3870679438114166,0.2935476005077362,-0.15192840993404388,1.0048856735229492,-0.15221504867076874,0.7310530543327332,0.22435398399829865,-0.14866381883621216,-0.3554571270942688,0.22454054653644562,-0.29341238737106323,-0.13194458186626434,-0.23491975665092468,-0.005837088450789452,0.2647063732147217,0.21257877349853516,-0.02452176809310913,-0.7150598764419556,-0.6904619336128235,0.10932468622922897,-0.318965882062912,0.1830906867980957,-0.9299132823944092,0.23363232612609863,-0.3165163993835449,0.008401550352573395,0.21910619735717773,-0.9681769013404846,-0.12093786895275116,-0.08790416270494461,0.10385781526565552,-0.9907000064849854,0.3513953685760498,-0.0006008148193359375,-0.031000051647424698,0.6559829115867615,-0.7547757625579834,-1.0315591225662502e-06,0.7547757625579834,0.6559829115867615,-1.127043276483164e-07,0.36611467599868774,0.15594321489334106,-0.03099995106458664,0.33667606115341187,-0.15714484453201294,-0.031000152230262756
55,0.46877095103263855,0.10635185241699219,-0.9321208000183105,0.8047755360603333,0.12699274718761444,1.0993800163269043,0.30943360924720764,0.7307869791984558,-0.2169904261827469,-0.07107070088386536,0.004431157372891903,0.3733453154563904,0.13621799647808075,-0.07463949918746948,0.3679199516773224,0.25664326548576355,0.3149452805519104,-0.6676732897758484,-0.4129353165626526,0.30020391941070557,-0.16785231232643127,0.9921864867210388,-0.1702050119638443,0.7310115098953247,0.36869117617607117,-0.25543349981307983,-0.36035436391830444,0.10710321366786957,-0.2181803435087204,-0.18238726258277893,-0.25192713737487793,0.0137438103556633,0.2760941982269287,0.20686960220336914,-0.02066759765148163,-0.7441656589508057,-0.6596940755844116,0.10498246550559998,-0.2945930063724518,0.18305474519729614,-0.9379264712333679,0.24488472938537598,-0.3148341178894043,0.013773307204246521,0.2515162229537964,-0.9601240754127502,-0.12207148969173431,-0.05757267028093338,0.1110607385635376,-0.9921445846557617,0.3513953685760498,-0.0006008148193359375,-0.031000051647424698,0.655982494354248,-0.754776120185852,-7.741748504486168e-07,0.754776120185852,0.655982494354248,1.460299046129876e-07,0.3661147952079773,0.15594319999217987,-0.03099995106458664,0.3366759717464447,-0.15714482963085175,-0.031000152230262756
56,0.458265095949173,0.11755402386188507,-0.935457706451416,0.8275606632232666,0.13455279171466827,1.095754861831665,0.3376656174659729,0.7309392094612122,-0.18176183104515076,0.18480168282985687,-0.05853618308901787,0.3274805545806885,0.10150792449712753,-0.05471146106719971,0.3950957655906677,0.07508812099695206,0.3372294306755066,-0.6907873153686523,-0.4365025758743286,0.30774956941604614,-0.1866021603345871,0.9820429682731628,-0.19512054324150085,0.7310460209846497,0.29840585589408875,-0.37782180309295654,-0.3354173004627228,0.15789929032325745,-0.26157987117767334,-0.15353268384933472,-0.3487187623977661,-0.007756566628813744,0.2857401371002197,0.19718408584594727,-0.017596513032913208,-0.773530125617981,-0.6241222023963928,0.11010298132896423,-0.2762066721916199,0.17563283443450928,-0.9449142813682556,0.25722527503967285,-0.31400632858276367,0.021242544054985046,0.2909470200538635,-0.9493143558502197,-0.11896304786205292,-0.02200806327164173,0.11766839027404785,-0.9928091168403625,0.3513953685760498,-0.0006008148193359375,-0.031000051647424698,0.6559828519821167,-0.7547757625579834,-1.0034272008851985e-06,0.7547757625579834,0.6559828519821167,3.1919963561222175e-08,0.36611467599868774,0.15594319999217987,-0.030999939888715744,0.3366760313510895,-0.15714482963085175,-0.03100016340613365
57,0.4510258138179779,0.11927416920661926,-0.9360946416854858,0.8516641855239868,0.14873744547367096,1.0836832523345947,0.3666848838329315,0.7307529449462891,-0.07082849740982056,-0.03872675076127052,-0.014165767468512058,0.4290528893470764,0.20250959694385529,-0.1874467134475708,0.4058593213558197,0.2973742187023163,0.36428776383399963,-0.7159221768379211,-0.4607485234737396,0.3178267478942871,-0.2029305100440979,0.9892011880874634,-0.21957843005657196,0.7310307621955872,0.3829127252101898,-0.38124072551727295,-0.34072569012641907,0.1599474549293518,-0.22542758285999298,0.09792143106460571,-0.342303603887558,-0.02274324558675289,0.3027808666229248,0.18986129760742188,-0.012427076697349548,-0.8029482364654541,-0.5881146788597107,0.09692870080471039,-0.23993444442749023,0.1700562834739685,-0.9557783603668213,0.26436400413513184,-0.31180810928344727,0.02912716567516327,0.33162760734558105,-0.9357956647872925,-0.11962263286113739,-0.0006629229173995554,0.12656694650650024,-0.9919577836990356,0.3513953685760498,-0.0006008148193359375,-0.031000051647424698,0.6559824347496033,-0.7547762393951416,-9.748874845172395e-07,0.7547762393951416,0.6559824347496033,-3.965522310522829e-08,0.3661147952079773,0.15594319999217987,-0.03099995106458664,0.3366759419441223,-0.15714482963085175,-0.031000152230262756
58,0.4544212818145752,0.12732480466365814,-0.9289515018463135,0.8686608672142029,0.16644525527954102,1.1067265272140503,0.39634230732917786,0.7310565710067749,0.2621866762638092,0.18455499410629272,0.17348967492580414,0.17105990648269653,0.25107136368751526,0.3420771062374115,0.4148429334163666,-0.064907006919384,0.3889080882072449,-0.7406653761863708,-0.48630771040916443,0.33945992588996887,-0.22571571171283722,1.0121374130249023,-0.2443518191576004,0.731050431728363,0.31982851028442383,-0.40421485900878906,-0.3674055337905884,0.3827085494995117,-0.31992030143737793,0.30751702189445496,-0.3467128872871399,-0.008277606219053268,0.3064272403717041,0.1974945068359375,-0.009031496942043304,-0.8182550668716431,-0.5657537579536438,0.10189030319452286,-0.24464134871959686,0.1823176145553589,-0.9523187875747681,0.27106499671936035,-0.31405115127563477,0.03972792625427246,0.3696672320365906,-0.9220614433288574,-0.11466912925243378,0.01618907041847706,0.12978386878967285,-0.9914101958274841,0.3513953685760498,-0.0006008148193359375,-0.031000051647424698,0.6559827327728271,-0.7547759413719177,-1.0571001212156261e-06,0.7547759413719177,0.6559827327728271,-1.8584455574455205e-07,0.3661147356033325,0.15594321489334106,-0.030999958515167236,0.3366760015487671,-0.15714484453201294,-0.03100014477968216
59,0.458875834941864,0.12902170419692993,-0.9208175539970398,0.8814316391944885,0.17088018357753754,1.115929365158081,0.4260510504245758,0.7309688925743103,-0.0036230827681720257,-0.02569255232810974,0.08465086668729782,0.2304448038339615,0.06261368840932846,0.11741725355386734,0.4161112308502197,0.020541485399007797,0.41643136739730835,-0.7650977969169617,-0.5138610601425171,0.36164724826812744,-0.23044808208942413,1.0341176986694336,-0.2690301239490509,0.730984628200531,0.3866529166698456,-0.3759581446647644,-0.3894577622413635,0.34273001551628113,-0.06273628026247025,0.3016156256198883,-0.34557822346687317,0.029647599905729294,0.3118574619293213,0.20154380798339844,-0.0059700608253479,-0.827749490737915,-0.5509289503097534,0.10633988678455353,-0.24339540302753448,0.1817954182624817,-0.9527377486228943,0.2769443988800049,-0.3110170364379883,0.050932273268699646,0.3992130756378174,-0.9082292318344116,-0.1254940927028656,0.03064361959695816,0.15001463890075684,-0.9882088303565979,0.3513953685760498,-0.0006012916564941406,-0.0310000479221344,0.6559820771217346,-0.7547764778137207,-1.076907096830837e-06,0.7547764778137207,0.6559820771217346,-3.9035199961290346e-07,0.36611485481262207,0.15594272315502167,-0.03099997714161873,0.33667588233947754,-0.15714530646800995,-0.03100011870265007
60,0.45903658866882324,0.11900924146175385,-0.9160234928131104,0.8794669508934021,0.1713530421257019,1.1356053352355957,0.45577868819236755,0.7310342788696289,-0.005984368734061718,-0.13772989809513092,0.07364490628242493,-0.08549896627664566,0.006842245813459158,0.29144084453582764,0.416126549243927,-0.04537143558263779,0.4401875436306,-0.786401629447937,-0.5398393273353577,0.3822673261165619,-0.24443446099758148,1.0588231086730957,-0.2966787815093994,0.7310103178024292,0.31674090027809143,-0.3257213532924652,-0.374794065952301,0.3194546699523926,-0.19891922175884247,0.3415151536464691,-0.38727760314941406,0.12005575001239777,0.30765223503112793,0.20899438858032227,-0.003525152802467346,-0.8387467861175537,-0.53251051902771,0.11373955011367798,-0.25323259830474854,0.19654154777526855,-0.9472300410270691,0.280442476272583,-0.3118572235107422,0.05997955799102783,0.4326319098472595,-0.8924341797828674,-0.1280270218849182,0.0390164852142334,0.1604042649269104,-0.9862799644470215,0.3513953685760498,-0.0006008148193359375,-0.031000051647424698,0.6559826135635376,-0.754776120185852,-1.0248047601635335e-06,0.754776120185852,0.6559826135635376,-5.168937633470705e-08,0.3661147654056549,0.15594321489334106,-0.03099994733929634,0.3366759717464447,-0.15714484453201294,-0.031000155955553055
61,0.4534509479999542,0.10576256364583969,-0.9147201776504517,0.8767001032829285,0.16513970494270325,1.1425458192825317,0.48550647497177124,0.7309117317199707,-0.1947653591632843,-0.23186254501342773,-0.02092250995337963,-0.008504878729581833,-0.08941490948200226,0.09050861746072769,0.41605547070503235,0.11224370449781418,0.4655444920063019,-0.8059098124504089,-0.5664277672767639,0.39949679374694824,-0.24829107522964478,1.0805507898330688,-0.3252829313278198,0.7309470176696777,0.356721431016922,-0.2942676246166229,-0.377697616815567,0.2567743957042694,-0.05340186879038811,0.3010125160217285,-0.4006649851799011,0.05724488943815231,0.3056771755218506,0.20971155166625977,-0.0010500624775886536,-0.8528670072555542,-0.5086227655410767,0.11798596382141113,-0.252092570066452,0.20324021577835083,-0.9461197853088379,0.28223729133605957,-0.30919313430786133,0.06764812767505646,0.46359944343566895,-0.8749185800552368,-0.1399746537208557,0.04282453656196594,0.1799178123474121,-0.9827489852905273,0.3513953685760498,-0.0006008148193359375,-0.031000051647424698,0.6559828519821167,-0.754775881767273,-8.274403171526501e-07,0.754775881767273,0.6559828519821167,9.656189092765999e-08,0.36611470580101013,0.15594321489334106,-0.03099995106458664,0.3366760313510895,-0.15714484453201294,-0.031000152230262756
62,0.44247809052467346,0.08737592399120331,-0.9153314232826233,0.8727222084999084,0.16471268236637115,1.1487308740615845,0.5152566432952881,0.7308419942855835,-0.21948154270648956,-0.29044675827026367,-0.025997066870331764,-0.05386792868375778,-0.007069755811244249,0.08868693560361862,0.41587257385253906,0.20309287309646606,0.4896981120109558,-0.820862889289856,-0.5931275486946106,0.41048702597618103,-0.25526317954063416,1.1032166481018066,-0.3539462089538574,0.7309182286262512,0.3379800617694855,-0.20807237923145294,-0.3857634961605072,0.14000104367733002,-0.10080412775278091,0.3211689591407776,-0.40168318152427673,0.10335344821214676,0.3046839237213135,0.21035432815551758,0.0023481473326683044,-0.8724479675292969,-0.4752098321914673,0.1140623688697815,-0.2424088567495346,0.21813994646072388,-0.9453322291374207,0.27994608879089355,-0.3073883056640625,0.0711435079574585,0.4949601888656616,-0.8554936051368713,-0.15213528275489807,0.0353490486741066,0.19476622343063354,-0.9802125096321106,0.3513953685760498,-0.0006008148193359375,-0.031000059098005295,0.6559823751449585,-0.7547761797904968,-1.3860541230314993e-06,0.7547761797904968,0.6559823751449585,1.192908598568465e-07,0.3661147952079773,0.15594319999217987,-0.030999895185232162,0.3366759419441223,-0.15714482963085175,-0.031000223010778427
63,0.4313684105873108,0.07486749440431595,-0.9188652038574219,0.8635772466659546,0.16356390714645386,1.1493312120437622,0.544986367225647,0.7309486269950867,-0.2397710531949997,-0.1644095629453659,-0.06703764200210571,-0.16089299321174622,-0.02000519260764122,0.01447717659175396,0.4158986210823059,0.06377800554037094,0.5155149698257446,-0.8318363428115845,-0.6189164519309998,0.4169349670410156,-0.25874650478363037,1.124820351600647,-0.38138842582702637,0.7308735251426697,0.3736250698566437,-0.14917881786823273,-0.36564901471138,0.07441911101341248,-0.05066686496138573,0.3051750659942627,-0.38489896059036255,0.14686289429664612,0.30103135108947754,0.2092728614807129,0.0028820037841796875,-0.8913600444793701,-0.4379331171512604,0.11701320111751556,-0.2368914783000946,0.22995120286941528,-0.9439305663108826,0.27498888969421387,-0.3037447929382324,0.07203572988510132,0.5257768034934998,-0.8337053656578064,-0.16880205273628235,0.019629240036010742,0.21028423309326172,-0.9774432182312012,0.3513953685760498,-0.0006008148193359375,-0.031000051647424698,0.6559827327728271,-0.754775881767273,-7.967900046423892e-07,0.754775881767273,0.6559827327728271,2.479497425156296e-07,0.3661147356033325,0.15594319999217987,-0.030999936163425446,0.3366760313510895,-0.15714482963085175,-0.03100016713142395
64,0.42100846767425537,0.06624351441860199,-0.9227007627487183,0.8456190228462219,0.1694755107164383,1.1587129831314087,0.5747067332267761,0.7310184836387634,-0.17987699806690216,-0.09485812485218048,-0.05465910956263542,-0.32113707065582275,0.08113063126802444,0.14759516716003418,0.415909081697464,0.012428002431988716,0.5396469235420227,-0.836801290512085,-0.6445008516311646,0.4263041615486145,-0.2684735059738159,1.1456620693206787,-0.405509889125824,0.730948269367218,0.3344722390174866,-0.06834053248167038,-0.3672119975090027,0.14226171374320984,-0.1391654759645462,0.29050055146217346,-0.33789482712745667,0.05437468737363815,0.29073405265808105,0.21393108367919922,0.0009647756814956665,-0.9083006381988525,-0.3976946771144867,0.1297270655632019,-0.2448597550392151,0.25401824712753296,-0.9356914758682251,0.27083563804626465,-0.30347728729248047,0.07215850055217743,0.552437424659729,-0.8140032291412354,-0.17947585880756378,0.0031246845610439777,0.21733474731445312,-0.9760921001434326,0.3513953685760498,-0.0006008148193359375,-0.031000055372714996,0.6559821367263794,-0.7547763586044312,-2.0219665941567655e-07,0.7547763586044312,0.6559821367263794,5.374088232201757e-07,0.36611485481262207,0.15594318509101868,-0.03099997341632843,0.33667588233947754,-0.15714481472969055,-0.031000137329101562
65,0.40950408577919006,0.05948050692677498,-0.9211036562919617,0.8244901299476624,0.1771623194217682,1.1680872440338135,0.6044260263442993,0.7310075163841248,-0.17855265736579895,-0.08225271850824356,0.022447900846600533,-0.3385080397129059,0.10632575303316116,0.1416354477405548,0.4154159426689148,0.1253093034029007,0.5638095140457153,-0.8344975709915161,-0.6693472862243652,0.4312915802001953,-0.27467361092567444,1.1653974056243896,-0.4264027774333954,0.7308657765388489,0.3588092029094696,0.0656871572136879,-0.3531363010406494,0.028904113918542862,-0.08943990617990494,0.28419163823127747,-0.2933007776737213,0.1755189746618271,0.2794044017791748,0.22129583358764648,-0.0018897801637649536,-0.9212698936462402,-0.3602552115917206,0.14655320346355438,-0.25649431347846985,0.27953362464904785,-0.9252412915229797,0.26368021965026855,-0.30225706100463867,0.06920284032821655,0.5745975971221924,-0.7947556376457214,-0.19545091688632965,-0.023412322625517845,0.22275108098983765,-0.974594235420227,0.3513953685760498,-0.0006008148193359375,-0.031000051647424698,0.6559826135635376,-0.7547760009765625,-8.602359002907178e-07,0.7547760009765625,0.6559826135635376,1.5372563666460337e-08,0.3661147356033325,0.15594319999217987,-0.030999954789876938,0.3366760015487671,-0.15714482963085175,-0.031000148504972458
66,0.3954976201057434,0.049519170075654984,-0.9165633916854858,0.8084513545036316,0.18069112300872803,1.1710336208343506,0.6341490745544434,0.7309619784355164,-0.2656819224357605,-0.16339902579784393,0.04692375659942627,-0.21815311908721924,0.049223169684410095,0.040052272379398346,0.4160783886909485,0.04082426801323891,0.5872132182121277,-0.8252654075622559,-0.6934802532196045,0.4305311441421509,-0.28074911236763,1.1873276233673096,-0.4474029839038849,0.7308356165885925,0.3467785120010376,0.16947942972183228,-0.3455999791622162,-0.062030792236328125,-0.08834662288427353,0.3182242512702942,-0.2946532964706421,0.20584775507450104,0.27274441719055176,0.2256002426147461,-0.0032096728682518005,-0.9327132701873779,-0.3245779275894165,0.15714772045612335,-0.2583523392677307,0.2973974943161011,-0.9191349148750305,0.25189852714538574,-0.30134153366088867,0.0626431256532669,0.595445990562439,-0.7739195823669434,-0.21562141180038452,-0.0631755068898201,0.22245121002197266,-0.9728948473930359,0.3513953685760498,-0.0006008148193359375,-0.031000051647424698,0.6559829115867615,-0.7547757625579834,-1.034794763654645e-06,0.7547757625579834,0.6559829115867615,-1.1406646649447794e-07,0.36611467599868774,0.15594321489334106,-0.03099995106458664,0.33667606115341187,-0.15714484453201294,-0.031000152230262756
67,0.3800547420978546,0.035179704427719116,-0.9031046032905579,0.7988391518592834,0.18752577900886536,1.179756760597229,0.6638898849487305,0.730958104133606,-0.13695423305034637,-0.22131404280662537,0.20714151859283447,-0.12794677913188934,0.0990564376115799,0.1249929741024971,0.41573280096054077,0.05193399637937546,0.6105693578720093,-0.8131375312805176,-0.7192109227180481,0.43176114559173584,-0.2914386987686157,1.2110400199890137,-0.4617123603820801,0.7308962941169739,0.3324952721595764,0.19185134768486023,-0.3700067400932312,-0.00014864822151139379,-0.15430448949337006,0.3366343677043915,-0.20114196836948395,0.130292147397995,0.2700459957122803,0.23290300369262695,-0.001556485891342163,-0.9417245388031006,-0.2950672209262848,0.1615247279405594,-0.2560676634311676,0.317435085773468,-0.9130522608757019,0.23989033699035645,-0.3029952049255371,0.05602094531059265,0.609350323677063,-0.7574964761734009,-0.2342887818813324,-0.10456176102161407,0.21613401174545288,-0.9707486033439636,0.3513953685760498,-0.0006008148193359375,-0.031000051647424698,0.655982494354248,-0.754776120185852,-7.774149253236828e-07,0.754776120185852,0.655982494354248,1.4572709972071607e-07,0.3661147952079773,0.15594319999217987,-0.03099995106458664,0.3366759717464447,-0.15714482963085175,-0.031000152230262756
68,0.3694182336330414,0.029435204342007637,-0.8858184814453125,0.7924526929855347,0.19624783098697662,1.1913692951202393,0.6936078071594238,0.7310580015182495,-0.07642362266778946,-0.057259999215602875,0.25894394516944885,-0.11204153299331665,0.1230449229478836,0.1683102548122406,0.415868878364563,-0.0041823904030025005,0.6340929865837097,-0.7988394498825073,-0.745636522769928,0.4299929738044739,-0.30180060863494873,1.2341136932373047,-0.47359538078308105,0.7308648228645325,0.3477059304714203,0.2376875877380371,-0.37873220443725586,-0.07386806607246399,-0.14853735268115997,0.33342090249061584,-0.16716943681240082,0.1662052422761917,0.2671163082122803,0.24186229705810547,-0.0005852282047271729,-0.9462766647338867,-0.272722065448761,0.17373314499855042,-0.2623576521873474,0.33346742391586304,-0.9055208563804626,0.22613024711608887,-0.30471324920654297,0.04852275550365448,0.6197456121444702,-0.7420079112052917,-0.25561612844467163,-0.14986900985240936,0.2078179121017456,-0.9666183590888977,0.3513953685760498,-0.0006008148193359375,-0.031000051647424698,0.6559827327728271,-0.754775881767273,-1.0067293487736606e-06,0.754775881767273,0.6559827327728271,3.167799178527275e-08,0.3661147356033325,0.15594319999217987,-0.030999939888715744,0.3366760313510895,-0.15714482963085175,-0.03100016340613365
69,0.36029332876205444,0.034105125814676285,-0.8678936958312988,0.7900591492652893,0.20351065695285797,1.202925205230713,0.7233074307441711,0.7311244606971741,-0.07918580621480942,0.0931769385933876,0.2617568075656891,-0.04653462395071983,0.10152533650398254,0.16389930248260498,0.4158119857311249,-0.0041670952923595905,0.6573722958564758,-0.7799435257911682,-0.7721800804138184,0.43148061633110046,-0.31214118003845215,1.2582885026931763,-0.48365122079849243,0.7309044599533081,0.336270809173584,0.2960239350795746,-0.37807855010032654,0.0003116558655165136,-0.14884161949157715,0.34378576278686523,-0.14138436317443848,0.09816214442253113,0.2634007930755615,0.24887800216674805,-0.0009444206953048706,-0.9477640390396118,-0.25256913900375366,0.19481387734413147,-0.27586615085601807,0.3424316644668579,-0.8981305956840515,0.21254563331604004,-0.3080883026123047,0.04180920124053955,0.6256649494171143,-0.7294846177101135,-0.27639758586883545,-0.19620388746261597,0.1957695484161377,-0.9608217477798462,0.3513953685760498,-0.0006012916564941406,-0.031000006943941116,0.655982255935669,-0.7547763586044312,-9.09045979824441e-07,0.7547763586044312,0.655982255935669,3.545529807524872e-07,0.3661148250102997,0.15594272315502167,-0.030999869108200073,0.3366759121417999,-0.15714530646800995,-0.03100014477968216
70,0.3531621992588043,0.04336562752723694,-0.8495302796363831,0.7967124581336975,0.2174290418624878,1.214034914970398,0.7530151605606079,0.7310681939125061,-0.007148220203816891,0.132693350315094,0.2772497832775116,0.11932605504989624,0.19868865609169006,0.15034905076026917,0.4160746932029724,-0.0095518222078681,0.6787566542625427,-0.7579197883605957,-0.7987583875656128,0.4390656054019928,-0.3243536055088043,1.282241940498352,-0.4937737286090851,0.7309674620628357,0.3007742464542389,0.33315297961235046,-0.37925609946250916,0.10446708649396896,-0.17736786603927612,0.3366886079311371,-0.14304013550281525,0.24416911602020264,0.2645227909088135,0.25533437728881836,-0.00017151236534118652,-0.9500370025634766,-0.23008166253566742,0.21093207597732544,-0.2830238342285156,0.34998804330825806,-0.892975926399231,0.20150971412658691,-0.31420326232910156,0.0368652418255806,0.6283886432647705,-0.7207843065261841,-0.29257097840309143,-0.2376466691493988,0.18024688959121704,-0.9544816017150879,0.3513953685760498,-0.0006008148193359375,-0.031000051647424698,0.6559827327728271,-0.7547759413719177,-1.072943291546835e-06,0.7547759413719177,0.6559827327728271,-1.8945672763948096e-07,0.3661147356033325,0.15594321489334106,-0.030999958515167236,0.3366760015487671,-0.15714484453201294,-0.03100014477968216
71,0.3479960560798645,0.054561689496040344,-0.8310768604278564,0.8135741353034973,0.2339571863412857,1.2248057126998901,0.7827351093292236,0.7310124635696411,0.002818011213093996,0.14984293282032013,0.2738208472728729,0.2791309952735901,0.23492133617401123,0.14234845340251923,0.41617387533187866,-0.018680870532989502,0.6987313628196716,-0.7333770394325256,-0.8243553042411804,0.45333725214004517,-0.33859729766845703,1.3040313720703125,-0.5104649066925049,0.7309991717338562,0.2799704372882843,0.36562633514404297,-0.3619377017021179,0.21273505687713623,-0.2033316045999527,0.30436357855796814,-0.23318380117416382,0.012373819015920162,0.27089524269104004,0.2603421211242676,0.0023083165287971497,-0.9531397819519043,-0.20741719007492065,0.22023341059684753,-0.283002108335495,0.3539900779724121,-0.89140385389328,0.19431471824645996,-0.3227806091308594,0.0338059663772583,0.6344431638717651,-0.7113438844680786,-0.3024428188800812,-0.27122101187705994,0.16153013706207275,-0.9488662481307983,0.3513953685760498,-0.0006012916564941406,-0.0310000479221344,0.6559820771217346,-0.7547764778137207,-1.0647096360116848e-06,0.7547764778137207,0.6559820771217346,-3.9931572359819256e-07,0.36611485481262207,0.15594272315502167,-0.03099997714161873,0.33667588233947754,-0.15714530646800995,-0.03100011870265007
72,0.34592702984809875,0.06648291647434235,-0.8142457604408264,0.8344979882240295,0.2551855742931366,1.2360366582870483,0.8124597072601318,0.7310013771057129,0.06942707300186157,0.1672709584236145,0.2576380670070648,0.3221558630466461,0.30132460594177246,0.15244412422180176,0.41602298617362976,-0.001895326655358076,0.7175986170768738,-0.708513081073761,-0.8488413095474243,0.4734187722206116,-0.35255423188209534,1.3205995559692383,-0.5306156277656555,0.7310062050819397,0.26159214973449707,0.3620136082172394,-0.34410762786865234,0.3078867197036743,-0.20046649873256683,0.2269326150417328,-0.2826988995075226,0.034695424139499664,0.279923677444458,0.2663569450378418,0.0056777223944664,-0.9568012952804565,-0.1838100403547287,0.22526749968528748,-0.27875185012817383,0.35972845554351807,-0.890445351600647,0.1919538974761963,-0.3322734832763672,0.032590463757514954,0.6421599388122559,-0.7025858759880066,-0.3066001534461975,-0.29393795132637024,0.14371109008789062,-0.9449589848518372,0.3513953685760498,-0.0006008148193359375,-0.031000051647424698,0.6559826135635376,-0.754776120185852,-1.0405231023469241e-06,0.754776120185852,0.6559826135635376,-5.23395797813464e-08,0.3661147654056549,0.15594321489334106,-0.030999943614006042,0.3366759717464447,-0.15714484453201294,-0.031000159680843353
73,0.3478434681892395,0.08058290928602219,-0.8054149150848389,0.8554537296295166,0.27760833501815796,1.2443071603775024,0.8421751856803894,0.7309671640396118,0.042703237384557724,0.20351067185401917,0.12673747539520264,0.31317049264907837,0.3149630129337311,0.11097782105207443,0.41591495275497437,0.02603829652070999,0.7363609671592712,-0.6832903623580933,-0.8711817264556885,0.4967057704925537,-0.3674103915691376,1.3247458934783936,-0.5519223213195801,0.7310599088668823,0.2668241858482361,0.36738473176956177,-0.3073810338973999,0.35878729820251465,-0.21310918033123016,0.04887232556939125,-0.29960593581199646,0.16436925530433655,0.2893235683441162,0.27100372314453125,0.00836344063282013,-0.9607988595962524,-0.15519043803215027,0.2297418713569641,-0.2718874514102936,0.36528468132019043,-0.8903056979179382,0.19602131843566895,-0.34187936782836914,0.03209621459245682,0.6534900069236755,-0.6945573091506958,-0.30090025067329407,-0.3012813329696655,0.12600606679916382,-0.9451730251312256,0.3513953685760498,-0.0006008148193359375,-0.031000051647424698,0.6559828519821167,-0.754775881767273,-8.289781590065104e-07,0.754775881767273,0.6559828519821167,9.343951035134523e-08,0.36611470580101013,0.15594321489334106,-0.03099995106458664,0.3366760313510895,-0.15714484453201294,-0.031000152230262756
74,0.3472364544868469,0.09571761637926102,-0.8059149980545044,0.8726354241371155,0.2998022139072418,1.2485276460647583,0.8718832731246948,0.7309151291847229,-0.07658597826957703,0.22041337192058563,-0.024051528424024582,0.24627511203289032,0.3084789216518402,0.055778879672288895,0.41564393043518066,0.0949193686246872,0.7568278312683105,-0.6577573418617249,-0.8879616856575012,0.5208180546760559,-0.38053277134895325,1.320690631866455,-0.5746014714241028,0.7311342358589172,0.3088303506374359,0.3769042491912842,-0.21651698648929596,0.36403989791870117,-0.18379169702529907,-0.06503292918205261,-0.31732845306396484,-0.008197881281375885,0.29720520973205566,0.2720818519592285,0.00968056172132492,-0.9651572704315186,-0.11448626965284348,0.23529648780822754,-0.26128000020980835,0.37252718210220337,-0.8904808759689331,0.20409512519836426,-0.35013675689697266,0.0322197824716568,0.6708698272705078,-0.6832530498504639,-0.28826892375946045,-0.29894906282424927,0.1065630316734314,-0.9483006000518799,0.3513953685760498,-0.0006008148193359375,-0.031000059098005295,0.6559823751449585,-0.7547761797904968,-1.3874185924578342e-06,0.7547761797904968,0.6559823751449585,1.1633431995505816e-07,0.3661147952079773,0.15594319999217987,-0.030999895185232162,0.3366759419441223,-0.15714482963085175,-0.031000223010778427
75,0.34151190519332886,0.11260320246219635,-0.8174275159835815,0.8831220865249634,0.32299554347991943,1.245895266532898,0.9015823006629944,0.7308525443077087,-0.22481539845466614,0.25414666533470154,-0.19794411957263947,0.13432370126247406,0.31866493821144104,-0.0386308878660202,0.4152003228664398,0.17627404630184174,0.7797460556030273,-0.6315533518791199,-0.8947867155075073,0.546949565410614,-0.3819786012172699,1.3060411214828491,-0.597362220287323,0.7312036752700806,0.368874728679657,0.3842455744743347,-0.052226945757865906,0.40502414107322693,-0.014095807448029518,-0.21934624016284943,-0.31765979528427124,-0.015113222412765026,0.30286574363708496,0.2680778503417969,0.00864187628030777,-0.9685888290405273,-0.05569634586572647,0.24235080182552338,-0.24493390321731567,0.38195621967315674,-0.8911324143409729,0.217573881149292,-0.35300636291503906,0.03420732170343399,0.693021297454834,-0.6680479049682617,-0.27098599076271057,-0.284144788980484,0.09234380722045898,-0.9543240070343018,0.3513953685760498,-0.0006008148193359375,-0.031000051647424698,0.6559827327728271,-0.754775881767273,-7.838557394279633e-07,0.754775881767273,0.6559827327728271,2.426320122594916e-07,0.3661147356033325,0.15594319999217987,-0.030999939888715744,0.3366760313510895,-0.15714482963085175,-0.03100016340613365
76,0.3277534246444702,0.1299242526292801,-0.8367905616760254,0.8875241279602051,0.3465689420700073,1.231848120689392,0.9312777519226074,0.7307436466217041,-0.3880007565021515,0.25212234258651733,-0.3256784677505493,0.051757194101810455,0.32130172848701477,-0.2002372443675995,0.4146585464477539,0.3169540762901306,0.8051167130470276,-0.6038111448287964,-0.8918048143386841,0.5741878151893616,-0.3712031841278076,1.283895492553711,-0.617739200592041,0.7312378287315369,0.4236370027065277,0.4115663468837738,0.09969258308410645,0.41517361998558044,0.1604050248861313,-0.3249140679836273,-0.28418105840682983,-0.023208728060126305,0.3078300952911377,0.2573661804199219,0.005290590226650238,-0.9690268039703369,0.022324929013848305,0.2459442913532257,-0.21814391016960144,0.3894461393356323,-0.8948435187339783,0.2346642017364502,-0.34987688064575195,0.037898123264312744,0.7173631191253662,-0.6499145030975342,-0.25100070238113403,-0.2610182762145996,0.08331918716430664,-0.9617315530776978,0.3513953685760498,-0.0006008148193359375,-0.031000059098005295,0.6559823155403137,-0.7547762989997864,-1.3649658967551659e-06,0.7547762989997864,0.6559823155403137,2.377513226292649e-07,0.3661148250102997,0.15594319999217987,-0.030999884009361267,0.3366759121417999,-0.15714482963085175,-0.031000234186649323
77,0.30675622820854187,0.14576150476932526,-0.8595455288887024,0.8851222991943359,0.37091630697250366,1.2117198705673218,0.9609673023223877,0.7307105660438538,-0.48128369450569153,0.2341838926076889,-0.37264367938041687,-0.059410251677036285,0.3313296139240265,-0.281318724155426,0.4142484962940216,0.36304035782814026,0.831825852394104,-0.5746978521347046,-0.8802686929702759,0.6021740436553955,-0.35377565026283264,1.2572380304336548,-0.6328325271606445,0.7312781810760498,0.45384615659713745,0.43147480487823486,0.229627326130867,0.4274936020374298,0.2530559003353119,-0.3901291787624359,-0.21163010597229004,0.02505343034863472,0.3105032444000244,0.24294281005859375,0.0004824995994567871,-0.9620723724365234,0.11281470954418182,0.24837416410446167,-0.18561993539333344,0.396480917930603,-0.8990818858146667,0.254108190536499,-0.34232568740844727,0.04299016296863556,0.7421469688415527,-0.6307686567306519,-0.22660276293754578,-0.23171700537204742,0.07577663660049438,-0.9698273539543152,0.3513953685760498,-0.0006008148193359375,-0.031000051647424698,0.6559826135635376,-0.7547760009765625,-9.952931350198924e-07,0.7547760009765625,0.6559826135635376,4.9778151378632174e-08,0.3661147356033325,0.15594319999217987,-0.030999936163425446,0.3366760015487671,-0.15714482963085175,-0.03100016713142395
78,0.28179311752319336,0.16388355195522308,-0.884039044380188,0.8733967542648315,0.3964025378227234,1.187112808227539,0.9906328320503235,0.7307612299919128,-0.5339109897613525,0.29375267028808594,-0.3942275941371918,-0.22452567517757416,0.3451472222805023,-0.33875784277915955,0.413871705532074,0.3031291365623474,0.8592071533203125,-0.5450215339660645,-0.8668321371078491,0.6305270791053772,-0.3326896131038666,1.2287397384643555,-0.639553964138031,0.7312711477279663,0.45702189207077026,0.437773197889328,0.24910388886928558,0.43030092120170593,0.3034918010234833,-0.4142586588859558,-0.09434188157320023,0.024420244619250298,0.3082735538482666,0.2272500991821289,-0.007203832268714905,-0.9434773921966553,0.21022742986679077,0.2562321126461029,-0.15527735650539398,0.40263473987579346,-0.9020944237709045,0.27407145500183105,-0.33179569244384766,0.04875463247299194,0.7617251873016357,-0.6158771514892578,-0.20117171108722687,-0.20019499957561493,0.07157111167907715,-0.9771385192871094,0.3513953685760498,-0.0006008148193359375,-0.031000051647424698,0.6559829115867615,-0.7547757625579834,-1.0369534493293031e-06,0.7547757625579834,0.6559829115867615,-1.0924424032054958e-07,0.36611467599868774,0.15594321489334106,-0.03099995106458664,0.33667606115341187,-0.15714484453201294,-0.031000152230262756
79,0.2539493441581726,0.18584640324115753,-0.9081743955612183,0.8517521619796753,0.4227290451526642,1.1631617546081543,1.0201818943023682,0.730858325958252,-0.5613652467727661,0.3638159930706024,-0.3836491107940674,-0.3903299570083618,0.3564732074737549,-0.3250342309474945,0.41272640228271484,0.18859581649303436,0.8835679292678833,-0.5149964094161987,-0.8604492545127869,0.6589930653572083,-0.31342005729675293,1.1992608308792114,-0.6369890570640564,0.7312363386154175,0.37392812967300415,0.4365585744380951,0.11840631067752838,0.4345969557762146,0.27440643310546875,-0.4240536391735077,0.03650054708123207,-0.02837406098842621,0.29910874366760254,0.21328973770141602,-0.017866522073745728,-0.9105541706085205,0.3084220886230469,0.2752583920955658,-0.13342340290546417,0.4109596014022827,-0.9018372893333435,0.2937185764312744,-0.3225564956665039,0.053976431488990784,0.7699595093727112,-0.613228976726532,-0.1763875037431717,-0.16884124279022217,0.07078158855438232,-0.9830985069274902,0.3513953685760498,-0.0006008148193359375,-0.031000051647424698,0.655982494354248,-0.754776120185852,-7.73258761910256e-07,0.754776120185852,0.655982494354248,1.4793836555782036e-07,0.3661147952079773,0.15594319999217987,-0.03099995106458664,0.3366759717464447,-0.15714482963085175,-0.031000152230262756
80,0.22418826818466187,0.20805536210536957,-0.9303740859031677,0.8255887031555176,0.4512369632720947,1.1446727514266968,1.0485535860061646,0.7296969294548035,-0.4932505190372467,-0.33225154876708984,-0.07811316847801208,-0.11810668557882309,0.503903329372406,-0.20871880650520325,1.0976635217666626,1.8512818813323975,0.8983687162399292,-0.48469188809394836,-0.8646047115325928,0.6869228482246399,-0.294734388589859,1.1693922281265259,-0.6258687973022461,0.7311736345291138,0.1895725429058075,0.4327564239501953,-0.06551539152860641,0.42884042859077454,0.2598848342895508,-0.4269964098930359,0.15594536066055298,-0.014290818013250828,0.2861793041229248,0.20294189453125,-0.028758730739355087,-0.8651134967803955,0.40149593353271484,0.30063238739967346,-0.11523085832595825,0.4242512583732605,-0.8981831073760986,0.3125650882720947,-0.31772947311401367,0.05811174213886261,0.7606695890426636,-0.6302060484886169,-0.15563449263572693,-0.13944198191165924,0.0755242109298706,-0.9873459339141846,0.351334810256958,-0.0008769035339355469,-0.03087979182600975,0.6571731567382812,-0.7537392973899841,0.0008361443178728223,0.7537395358085632,0.6571733951568604,1.9778615751420148e-05,0.36580705642700195,0.15569014847278595,-0.030968263745307922,0.33686256408691406,-0.15744395554065704,-0.03079131990671158
81,0.2071249932050705,0.205912247300148,-0.9508879780769348,0.8171610236167908,0.4843643009662628,1.153108835220337,1.075837254524231,0.7307952046394348,-0.31945252418518066,-0.04008418694138527,-0.3359964191913605,-0.13508377969264984,0.5485882759094238,0.08785460889339447,-0.3579169809818268,0.5814200639724731,0.9003141522407532,-0.4546605050563812,-0.8518355488777161,0.7161996364593506,-0.28093358874320984,1.139563798904419,-0.613097071647644,0.7313005328178406,0.08930826932191849,0.4295620918273926,0.24048374593257904,0.46965864300727844,0.1983519196510315,-0.43593302369117737,0.17857329547405243,0.02627064660191536,0.28590893745422363,0.20165300369262695,-0.02701273187994957,-0.8266799449920654,0.4688994586467743,0.3110201358795166,-0.07912376523017883,0.45038753747940063,-0.8893201947212219,0.33379530906677246,-0.3144707679748535,0.06481845676898956,0.7536847591400146,-0.6456827521324158,-0.1226910948753357,-0.10097696632146835,0.07070118188858032,-0.9923734664916992,0.3493335247039795,-0.005510807037353516,-0.03097790852189064,0.6729936003684998,-0.7396482825279236,0.0001275924005312845,0.7396482825279236,0.6729936003684998,1.7213376850122586e-05,0.36048567295074463,0.1513277143239975,-0.030989792197942734,0.33818137645721436,-0.16234932839870453,-0.030966024845838547
82,0.1908213198184967,0.209096297621727,-0.973658561706543,0.8118064999580383,0.5189381241798401,1.1716513633728027,1.1003497838974,0.7308824062347412,-0.2988514006137848,0.031215891242027283,-0.3720349967479706,-0.09409598261117935,0.5977969765663147,0.20817875862121582,-0.6165063381195068,0.5440883636474609,0.8973353505134583,-0.42474618554115295,-0.8278213143348694,0.7462997436523438,-0.26985806226730347,1.1095848083496094,-0.595833420753479,0.7313493490219116,0.021733401343226433,0.42858636379241943,0.3936766982078552,0.47487926483154297,0.1612893044948578,-0.4358203709125519,0.2417607605457306,0.018146667629480362,0.28458666801452637,0.20155906677246094,-0.024577856063842773,-0.7823885679244995,0.5283663272857666,0.32969242334365845,-0.04581645131111145,0.4791138768196106,-0.8765561580657959,0.3561856746673584,-0.31006336212158203,0.07344421744346619,0.747767448425293,-0.6587347388267517,-0.08314020186662674,-0.057405032217502594,0.0606076717376709,-0.9965094923973083,0.3461425304412842,-0.009919166564941406,-0.030969012528657913,0.6932547688484192,-0.72069251537323,0.00019795168191194534,0.72069251537323,0.693254828453064,2.577231725808815e-06,0.3529391884803772,0.14716836810112,-0.030990198254585266,0.33934587240219116,-0.1670067012310028,-0.03094782680273056
83,0.17332416772842407,0.21407389640808105,-0.9978640675544739,0.8063924312591553,0.5539105534553528,1.1943193674087524,1.1149179935455322,0.7308819890022278,-0.3407140076160431,0.05587313696742058,-0.3998757302761078,-0.10787494480609894,0.6042309403419495,0.26934128999710083,-0.8147087097167969,0.5372711420059204,0.8935256600379944,-0.394927054643631,-0.7996509671211243,0.7767134308815002,-0.25164374709129333,1.0795818567276,-0.5775136351585388,0.731306791305542,0.02534901537001133,0.4282268285751343,0.45598524808883667,0.47421738505363464,0.26578012108802795,-0.4345052242279053,0.2574411928653717,-0.03406524285674095,0.28278470039367676,0.20163393020629883,-0.02172236144542694,-0.7383050918579102,0.5768803954124451,0.3494490683078766,-0.010808021761476994,0.5079257488250732,-0.8613330125808716,0.3779785633087158,-0.3015098571777344,0.08318094909191132,0.7401289939880371,-0.6707001328468323,-0.048686154186725616,-0.014251144602894783,0.05673938989639282,-0.9982872605323792,0.3428623676300049,-0.013399124145507812,-0.03096730262041092,0.7150368690490723,-0.6990867257118225,0.0002164359320886433,0.6990867257118225,0.7150368690490723,-1.650033300393261e-05,0.34483692049980164,0.14382298290729523,-0.030992664396762848,0.34088781476020813,-0.17062123119831085,-0.03094194084405899
84,0.15390567481517792,0.22071297466754913,-1.0228739976882935,0.8002885580062866,0.5888838768005371,1.2183867692947388,1.118538498878479,0.7308478355407715,-0.36612048745155334,0.08279328048229218,-0.41079652309417725,-0.11746753007173538,0.6015564799308777,0.2985197603702545,-1.0055960416793823,0.5220476388931274,0.8803078532218933,-0.364747017621994,-0.7698584198951721,0.8068208694458008,-0.22953946888446808,1.0495563745498657,-0.5617382526397705,0.7312692999839783,-0.16337309777736664,0.4238201975822449,0.44172221422195435,0.4726538360118866,0.3116306960582733,-0.43460366129875183,0.2207493633031845,0.03368871659040451,0.28069567680358887,0.20114421844482422,-0.018802553415298462,-0.6968706846237183,0.6158478856086731,0.36756330728530884,0.02691620960831642,0.53459632396698,-0.8446788787841797,0.39911675453186035,-0.29380369186401367,0.0931500792503357,0.7272009253501892,-0.6861692667007446,-0.01872113347053528,0.027809888124465942,0.05670201778411865,-0.9980037212371826,0.33962273597717285,-0.016548633575439453,-0.030968304723501205,0.7377713918685913,-0.675050675868988,0.0002132628724211827,0.675050675868988,0.7377713918685913,-2.33643932006089e-05,0.3363952934741974,0.14065274596214294,-0.030994102358818054,0.3428501784801483,-0.17375001311302185,-0.030942507088184357
85,0.13338881731033325,0.2299482822418213,-1.0479328632354736,0.7954536080360413,0.6235446929931641,1.2441763877868652,1.1273741722106934,0.730803370475769,-0.3779754638671875,0.1265798658132553,-0.41205090284347534,-0.09468668699264526,0.5870659351348877,0.3300279676914215,-0.9128035306930542,0.5501409769058228,0.8576788306236267,-0.33468547463417053,-0.7400588989257812,0.8367160558700562,-0.2063901573419571,1.0195468664169312,-0.5528767704963684,0.7312462329864502,-0.3029070198535919,0.42229801416397095,0.43510186672210693,0.468354195356369,0.32764923572540283,-0.4325939416885376,0.12439394742250443,-0.025743218138813972,0.2788999080657959,0.19980907440185547,-0.01566723734140396,-0.6488184928894043,0.6540750861167908,0.38887083530426025,0.06634334474802017,0.5577149987220764,-0.8273769617080688,0.42000603675842285,-0.2887578010559082,0.10316672921180725,0.7118600606918335,-0.702268123626709,0.008646906353533268,0.06919676810503006,0.05787926912307739,-0.9959225654602051,0.3363001346588135,-0.019890785217285156,-0.03097159042954445,0.7611964344978333,-0.648521363735199,0.00019058468751609325,0.648521363735199,0.7611964344978333,-2.3074000637279823e-05,0.3275120258331299,0.13709793984889984,-0.030994895845651627,0.34508824348449707,-0.17687951028347015,-0.03094828501343727
86,0.11084271967411041,0.2488716095685959,-1.0711671113967896,0.7998180985450745,0.6557207107543945,1.2711013555526733,1.1354093551635742,0.7307537794113159,-0.40532174706459045,0.2848585844039917,-0.371648371219635,0.06058323383331299,0.4606173038482666,0.3492007851600647,0.005729012191295624,0.37970736622810364,0.8306999206542969,-0.3048081696033478,-0.7105101943016052,0.8664132356643677,-0.18116383254528046,0.9895550608634949,-0.5580961108207703,0.7312201261520386,-0.35254529118537903,0.4223979711532593,0.4351174235343933,0.46169722080230713,0.35491281747817993,-0.433575302362442,-0.07319394499063492,0.04590814560651779,0.277510404586792,0.19420671463012695,-0.01305699348449707,-0.5999587774276733,0.6883412599563599,0.40772029757499695,0.10186567157506943,0.5712089538574219,-0.8144591450691223,0.4405210018157959,-0.2845582962036133,0.11316227912902832,0.7022749185562134,-0.7110986113548279,0.033893320709466934,0.109382763504982,0.060736656188964844,-0.992142379283905,0.3339254856109619,-0.025147438049316406,-0.0309879370033741,0.7789530754089355,-0.6270822286605835,7.443001231877133e-05,0.6270822286605835,0.7789530754089355,-1.154900132860348e-06,0.3207710087299347,0.1315358430147171,-0.03099614381790161,0.34707996249198914,-0.18183071911334991,-0.030979730188846588
87,0.0844264030456543,0.27930477261543274,-1.094309687614441,0.8242250680923462,0.6853234171867371,1.2910910844802856,1.1450791358947754,0.7307156920433044,-0.47732922434806824,0.41611596941947937,-0.395674467086792,0.41480329632759094,0.4123137891292572,0.2584172189235687,0.134452223777771,0.3544921875,0.8020911812782288,-0.2749420404434204,-0.6809002757072449,0.8964252471923828,-0.1562657207250595,0.9595810174942017,-0.574861466884613,0.7312150597572327,-0.37161654233932495,0.4226991534233093,0.4360280930995941,0.4664590656757355,0.3528515696525574,-0.43225789070129395,-0.23439563810825348,-0.019051525741815567,0.2787659168243408,0.17605113983154297,-0.010768406093120575,-0.5488184690475464,0.7288219928741455,0.4094104766845703,0.13702094554901123,0.5615661144256592,-0.8160077929496765,0.4609520435333252,-0.280789852142334,0.12325362861156464,0.6996123790740967,-0.7119913101196289,0.060091689229011536,0.1490861475467682,0.06320846080780029,-0.9868020415306091,0.3327949047088623,-0.028048038482666016,-0.031000040471553802,0.7853228449821472,-0.6190864443778992,6.347300995912519e-08,0.6190864443778992,0.7853228449821472,5.509059519681614e-07,0.3180393874645233,0.1284925788640976,-0.030999984592199326,0.3475504219532013,-0.18458865582942963,-0.03100009635090828
88,0.05312314257025719,0.30809205770492554,-1.0973747968673706,0.85172438621521,0.7144989967346191,1.3197213411331177,1.1650876998901367,0.7309690713882446,-0.3915461599826813,0.42767825722694397,-0.01714293286204338,0.39245015382766724,0.4114222228527069,0.40335920453071594,0.2796732187271118,0.029232211410999298,0.7728365063667297,-0.24516206979751587,-0.6516598463058472,0.9260056018829346,-0.13655690848827362,0.9295684099197388,-0.6021263003349304,0.7312312126159668,-0.3846583068370819,0.42573338747024536,0.42587730288505554,0.4539058804512024,0.27976807951927185,-0.4310208559036255,-0.38139060139656067,-0.018818899989128113,0.28255772590637207,0.16488122940063477,-0.007199138402938843,-0.5017029047012329,0.7553926706314087,0.421516478061676,0.16393767297267914,0.5614774823188782,-0.811090350151062,0.48119473457336426,-0.27843379974365234,0.13300776481628418,0.7048713564872742,-0.7034572958946228,0.09112734347581863,0.18823158740997314,0.0616341233253479,-0.9801888465881348,0.3327949047088623,-0.02804851531982422,-0.03100001811981201,0.7853231430053711,-0.6190860867500305,-1.0629622693159035e-06,0.6190860867500305,0.7853231430053711,6.314692200248828e-07,0.31803932785987854,0.1284921020269394,-0.03099983185529709,0.34755048155784607,-0.18458913266658783,-0.031000204384326935
89,0.023422783240675926,0.3369133174419403,-1.0805011987686157,0.8736992478370667,0.7420719861984253,1.3490791320800781,1.1925530433654785,0.7311376929283142,-0.3571348190307617,0.44913437962532043,0.2803157567977905,0.29095664620399475,0.3887432813644409,0.41503140330314636,0.3853475749492645,-0.1845327466726303,0.7454662919044495,-0.21568472683429718,-0.6304276585578918,0.9504384398460388,-0.11985010653734207,0.8994340300559998,-0.6304166913032532,0.7312002778053284,-0.4103314280509949,0.4402514696121216,0.2836160957813263,0.35037797689437866,0.23503997921943665,-0.4253077208995819,-0.39580005407333374,0.0017532682977616787,0.2874410152435303,0.16362524032592773,-0.005882687866687775,-0.46182525157928467,0.7661013007164001,0.44699719548225403,0.17640523612499237,0.5732249021530151,-0.8001840710639954,0.4992501735687256,-0.2791757583618164,0.13965824246406555,0.7081215977668762,-0.6958880424499512,0.11959780752658844,0.22115758061408997,0.057731449604034424,-0.9735278487205505,0.3327949047088623,-0.02804851531982422,-0.031000040471553802,0.7853233814239502,-0.6190857291221619,-1.7407552377335378e-06,0.6190857291221619,0.7853233814239502,4.15635895478772e-07,0.31803926825523376,0.1284920871257782,-0.030999805778265,0.34755054116249084,-0.18458911776542664,-0.031000275164842606
90,-0.003868292085826397,0.36424311995506287,-1.056427001953125,0.889651358127594,0.7629275918006897,1.379106879234314,1.2215245962142944,0.730964183807373,-0.40733012557029724,0.2542622685432434,0.2707507312297821,0.3206741511821747,0.27673426270484924,0.45607659220695496,0.4153076112270355,0.022891052067279816,0.7236408591270447,-0.18805086612701416,-0.6351320147514343,0.9462646245956421,-0.10557901114225388,0.868884801864624,-0.6594147682189941,0.7310127019882202,-0.48966094851493835,0.5032995939254761,-0.1660778969526291,-0.1937059611082077,0.1853107362985611,-0.3993462920188904,-0.4055933952331543,0.004940465092658997,0.2903563976287842,0.16847991943359375,-0.0061723291873931885,-0.4273066520690918,0.7652511596679688,0.4814557731151581,0.17767933011054993,0.5932152271270752,-0.785191535949707,0.5057322978973389,-0.2897639274597168,0.13109427690505981,0.7044323682785034,-0.6981973052024841,0.12765388190746307,0.22556562721729279,0.04969024658203125,-0.9729599356651306,0.33286595344543457,-0.028009414672851562,-0.030996039509773254,0.7850059270858765,-0.6194881796836853,1.6367965145036578e-05,0.6194881796836853,0.7850059270858765,-5.4193815230974e-06,0.3181905448436737,0.12853872776031494,-0.030998431146144867,0.34754136204719543,-0.18455755710601807,-0.030993647873401642
91,-0.032457612454891205,0.3846105933189392,-1.0351762771606445,0.9116286635398865,0.780799150466919,1.4104678630828857,1.250725507736206,0.7309741377830505,-0.38888323307037354,0.28708893060684204,0.28579553961753845,0.32187169790267944,0.19995975494384766,0.4256332814693451,0.37471023201942444,0.034780971705913544,0.6944131851196289,-0.1582818478345871,-0.6444787383079529,0.9277270436286926,-0.09280271083116531,0.8402260541915894,-0.6888179779052734,0.7309839129447937,-0.5184730291366577,0.5013954639434814,-0.18479403853416443,-0.34799087047576904,0.17075702548027039,-0.38274815678596497,-0.41157442331314087,0.041279226541519165,0.2954518795013428,0.17022371292114258,-0.003277614712715149,-0.39663243293762207,0.7639609575271606,0.5089659690856934,0.18559618294239044,0.6097292900085449,-0.7705739736557007,0.5047829151153564,-0.3074049949645996,0.11401349306106567,0.6961076855659485,-0.7068071961402893,0.12592729926109314,0.21270401775836945,0.03551262617111206,-0.9764710664749146,0.33287930488586426,-0.027978897094726562,-0.030993495136499405,0.7848882079124451,-0.6196373701095581,2.836944258888252e-05,0.6196373701095581,0.7848882079124451,-4.29717983934097e-05,0.3182336390018463,0.1285720318555832,-0.031001463532447815,0.3475249707698822,-0.18452982604503632,-0.030985526740550995
92,-0.052942465990781784,0.4065851867198944,-1.0138181447982788,0.9379425644874573,0.7926629781723022,1.4412447214126587,1.2800753116607666,0.7310518026351929,-0.21861669421195984,0.3178492784500122,0.3345031440258026,0.40186136960983276,0.18830858170986176,0.4163984954357147,0.334216833114624,-0.027674498036503792,0.6593737006187439,-0.12846753001213074,-0.6410161852836609,0.9045157432556152,-0.08201618492603302,0.8191534280776978,-0.7183236479759216,0.7309699058532715,-0.5007621645927429,0.5033978819847107,0.03255898132920265,-0.41196006536483765,0.14431114494800568,-0.2766045331954956,-0.413114070892334,0.04167146980762482,0.30068325996398926,0.1728816032409668,-0.0007189512252807617,-0.37469661235809326,0.757486879825592,0.5346177220344543,0.1825031191110611,0.6256043910980225,-0.7584931254386902,0.4979522228240967,-0.3228278160095215,0.09425756335258484,0.6945936679840088,-0.7094852328300476,0.119039386510849,0.1883348822593689,0.019634485244750977,-0.9819085597991943,0.33435606956481934,-0.027261734008789062,-0.030993524938821793,0.7754628658294678,-0.6313931941986084,5.238330049905926e-05,0.6313931941986084,0.7754628658294678,-3.2102761906571686e-05,0.3220708668231964,0.12949210405349731,-0.031002860516309738,0.34664127230644226,-0.18401557207107544,-0.030984189361333847
93,-0.07131894677877426,0.4307394027709961,-0.9939618706703186,0.9664494395256042,0.8066890239715576,1.4724992513656616,1.3091282844543457,0.7310267686843872,-0.24327309429645538,0.34439748525619507,0.2845328450202942,0.4189232885837555,0.20369398593902588,0.42880910634994507,0.3869597613811493,-0.03091811202466488,0.6221575140953064,-0.09810995310544968,-0.6203657984733582,0.8824076652526855,-0.06486914306879044,0.7945743799209595,-0.7473968267440796,0.7309805750846863,-0.45045122504234314,0.4947018623352051,0.3013380765914917,-0.36468979716300964,0.23682917654514313,-0.33521202206611633,-0.407047837972641,0.04642924666404724,0.3068406581878662,0.17530393600463867,0.0017586052417755127,-0.3533473014831543,0.7500245571136475,0.5591142773628235,0.17964349687099457,0.6409465074539185,-0.7462678551673889,0.4917266368865967,-0.33002138137817383,0.07599210739135742,0.6996780633926392,-0.7057023644447327,0.11151151359081268,0.16777877509593964,0.01058053970336914,-0.9857678413391113,0.3355214595794678,-0.02687358856201172,-0.030996397137641907,0.7688530087471008,-0.6394255757331848,3.039745570276864e-05,0.6394255757331848,0.7688530087471008,-1.3413734450296033e-05,0.32486751675605774,0.1299995630979538,-0.031001221388578415,0.3461754024028778,-0.18374674022197723,-0.0309915728867054
94,-0.08670207113027573,0.45412370562553406,-0.9768831729888916,0.995189368724823,0.8300516605377197,1.504851222038269,1.3350063562393188,0.7310606241226196,-0.17646385729312897,0.33342450857162476,0.268273264169693,0.42366310954093933,0.355101078748703,0.3769027590751648,0.414215624332428,0.0892302393913269,0.5908164381980896,-0.06703870743513107,-0.5957505106925964,0.8726426959037781,-0.043274544179439545,0.7665061354637146,-0.7738425135612488,0.7310101389884949,-0.40751779079437256,0.47010108828544617,0.3519001603126526,-0.13539405167102814,0.30274438858032227,-0.3969345688819885,-0.36997631192207336,0.005910634994506836,0.31663966178894043,0.178070068359375,0.005500122904777527,-0.3352172374725342,0.7418362498283386,0.5807825922966003,0.18589074909687042,0.656410276889801,-0.731143057346344,0.4919159412384033,-0.33217811584472656,0.06340715289115906,0.7053234577178955,-0.7001829147338867,0.1107369214296341,0.16136540472507477,0.006471753120422363,-0.9868735671043396,0.3358900547027588,-0.026827335357666016,-0.0309990756213665,0.7666685581207275,-0.6420431137084961,9.36191099754069e-06,0.6420431137084961,0.7666685581207275,2.1758844468422467e-06,0.3257710039615631,0.13008122146129608,-0.030999843031167984,0.34600910544395447,-0.1837358921766281,-0.030998308211565018
95,-0.09560756385326385,0.4769729673862457,-0.9677813053131104,1.023126244544983,0.8566178679466248,1.5373315811157227,1.3462727069854736,0.731070339679718,-0.10070067644119263,0.3391702473163605,0.15093474090099335,0.4003724455833435,0.3999292254447937,0.356507807970047,0.1928577423095703,0.10927070677280426,0.5606898069381714,-0.03749557584524155,-0.5687952637672424,0.8721529245376587,-0.017857110127806664,0.7372993230819702,-0.7948054075241089,0.730997622013092,-0.395942747592926,0.4474027752876282,0.3827572166919708,-0.005662604700773954,0.3565538823604584,-0.412412166595459,-0.29322558641433716,0.009890650399029255,0.3273308277130127,0.18027162551879883,0.010003447532653809,-0.3304924964904785,0.7326106429100037,0.5950263142585754,0.19550907611846924,0.6699190139770508,-0.7162295579910278,0.496990442276001,-0.33216428756713867,0.055358707904815674,0.7061324715614319,-0.6988372206687927,0.11403319239616394,0.16580475866794586,0.006622195243835449,-0.9861364364624023,0.3362548351287842,-0.026640892028808594,-0.03099803999066353,0.7638550996780396,-0.6453878283500671,-8.55372582009295e-06,0.6453878283500671,0.7638550996780396,-1.4221694073057733e-05,0.3268216848373413,0.13031040132045746,-0.030998729169368744,0.34568798542022705,-0.18359218537807465,-0.030997350811958313
96,-0.09835416078567505,0.4999969005584717,-0.9653372168540955,1.0502859354019165,0.8837893605232239,1.5700247287750244,1.3367457389831543,0.7310590744018555,-0.0011936500668525696,0.3417305052280426,0.0708441361784935,0.39024418592453003,0.42125675082206726,0.32497766613960266,-0.15642273426055908,0.2204153686761856,0.5313097834587097,-0.0107885068282485,-0.54071044921875,0.8736905455589294,0.009359052404761314,0.707728922367096,-0.8143045902252197,0.7310217022895813,-0.391894668340683,0.41098254919052124,0.39657965302467346,0.010111677460372448,0.3809334933757782,-0.41405680775642395,-0.27267012000083923,-0.013006728142499924,0.3379342555999756,0.1823587417602539,0.014809727668762207,-0.34556710720062256,0.7214467525482178,0.6000814437866211,0.20466890931129456,0.6820271015167236,-0.7021036744117737,0.5034573078155518,-0.33087730407714844,0.0489891916513443,0.7055035829544067,-0.6988231539726257,0.11794407665729523,0.1744345873594284,0.00992286205291748,-0.9846187233924866,0.33652377128601074,-0.026723861694335938,-0.03099590539932251,0.7619504928588867,-0.647635281085968,-1.689217970124446e-05,0.647635281085968,0.7619504928588867,-3.261109668528661e-05,0.32755303382873535,0.13025453686714172,-0.030997782945632935,0.34549450874328613,-0.1837022602558136,-0.030994027853012085
97,-0.09339573234319687,0.5257400274276733,-0.9607805013656616,1.0762883424758911,0.9124458432197571,1.5994758605957031,1.314990520477295,0.731216311454773,0.17527885735034943,0.400989294052124,0.13726764917373657,0.3770700991153717,0.4091958701610565,0.4180184602737427,-0.30291733145713806,-0.2827540338039398,0.5029824376106262,0.011325986124575138,-0.5130716562271118,0.8844379186630249,0.036019016057252884,0.6784096360206604,-0.8294028043746948,0.7311018705368042,-0.3889067471027374,0.2899715006351471,0.3897918462753296,0.202911838889122,0.37864696979522705,-0.42439568042755127,-0.21107640862464905,-0.004295388236641884,0.34955573081970215,0.18763971328735352,0.017859525978565216,-0.3765655755996704,0.7058731317520142,0.5999510884284973,0.20664963126182556,0.6953092813491821,-0.6883610486984253,0.5151975154876709,-0.32919883728027344,0.04840579628944397,0.7005252242088318,-0.7019328474998474,0.12866489589214325,0.19532868266105652,0.015188455581665039,-0.980620265007019,0.33652186393737793,-0.026725292205810547,-0.03099999576807022,0.7619510889053345,-0.6476345062255859,-2.417807763777091e-06,0.6476345062255859,0.7619510889053345,4.87711531604873e-07,0.3275509476661682,0.13025307655334473,-0.03099967911839485,0.34549278020858765,-0.18370366096496582,-0.03100031241774559
98,-0.07335785031318665,0.552889347076416,-0.9637426733970642,1.102209210395813,0.9418224692344666,1.6290991306304932,1.294480323791504,0.7312009334564209,0.384561151266098,0.3945152759552002,0.018161717802286148,0.39683353900909424,0.4216937720775604,0.41717851161956787,-0.28522738814353943,-0.26340025663375854,0.4747830629348755,0.0262030977755785,-0.484617680311203,0.9011871218681335,0.061324067413806915,0.6488056182861328,-0.8374528288841248,0.7311573028564453,-0.37837764620780945,0.17883333563804626,0.4017789959907532,0.28759709000587463,0.358528733253479,-0.4291307032108307,-0.11244096606969833,0.08707422018051147,0.3620607852935791,0.19564199447631836,0.020858004689216614,-0.4118081331253052,0.6880121231079102,0.5975393652915955,0.2013227790594101,0.7082080841064453,-0.6766907572746277,0.5312941074371338,-0.326749324798584,0.05384443700313568,0.6897610425949097,-0.7093786597251892,0.14495402574539185,0.22815169394016266,0.022947371006011963,-0.9733551740646362,0.33652186393737793,-0.026725292205810547,-0.03100002184510231,0.7619510889053345,-0.6476346254348755,-9.284304951506783e-07,0.6476346254348755,0.7619510889053345,7.882492809585528e-07,0.3275509774684906,0.13025309145450592,-0.03099983185529709,0.34549275040626526,-0.18370367586612701,-0.031000211834907532
99,-0.05261148512363434,0.5777572989463806,-0.974585235118866,1.1271288394927979,0.9714361429214478,1.6588691473007202,1.2846636772155762,0.7310962677001953,0.3080509901046753,0.34042826294898987,-0.1492198258638382,0.37442702054977417,0.4201810657978058,0.4139605462551117,-0.1361730992794037,-0.12112565338611603,0.4471634328365326,0.04258440434932709,-0.4564087390899658,0.9164431095123291,0.08546348661184311,0.618733286857605,-0.8368493318557739,0.7311055064201355,-0.37365829944610596,0.2638736963272095,0.39786630868911743,0.21067945659160614,0.3413643538951874,-0.4212613105773926,0.008227627724409103,-0.0013523707166314125,0.3739035129547119,0.2013382911682129,0.02503831684589386,-0.4346199035644531,0.6753219366073608,0.5958573818206787,0.20074942708015442,0.7176101803779602,-0.6668848395347595,0.5462853908538818,-0.3246927261352539,0.058043867349624634,0.6733742952346802,-0.722159743309021,0.15827961266040802,0.2581985294818878,0.029108405113220215,-0.9656533598899841,0.33652186393737793,-0.026724815368652344,-0.031000029295682907,0.7619509696960449,-0.6476346850395203,-5.776498142040509e-07,0.6476346850395203,0.7619509696960449,6.507444254566508e-07,0.327551007270813,0.13025356829166412,-0.030999891459941864,0.34549272060394287,-0.1837031990289688,-0.03100016713142395
100,-0.0405348539352417,0.6001285910606384,-0.9894596338272095,1.150248646736145,1.0007387399673462,1.687813639640808,1.292155146598816,0.7310281991958618,0.1533804088830948,0.307744562625885,-0.22305934131145477,0.33952265977859497,0.4133715033531189,0.4008328914642334,0.10553976148366928,-0.03900855407118797,0.42104873061180115,0.06160780042409897,-0.4291278123855591,0.9283456206321716,0.10558439046144485,0.5889400243759155,-0.8384888768196106,0.7310850620269775,-0.3495215177536011,0.3000117838382721,0.38573092222213745,0.16258877515792847,0.28192710876464844,-0.4185152053833008,-0.022919507697224617,0.012385092675685883,0.38413119316101074,0.20258474349975586,0.02998526394367218,-0.43534672260284424,0.6715875267982483,0.5995359420776367,0.20926989614963531,0.7232071161270142,-0.6581622362136841,0.5587546825408936,-0.32335901260375977,0.05922730267047882,0.6610926985740662,-0.7307993173599243,0.16996681690216064,0.2818260192871094,0.03191864490509033,-0.9589343667030334,0.33652186393737793,-0.026725292205810547,-0.0310000441968441,0.7619504928588867,-0.6476352214813232,-1.807932221709052e-06,0.6476352214813232,0.7619504928588867,8.11191284810775e-07,0.32755109667778015,0.13025309145450592,-0.03099975734949112,0.3454926311969757,-0.18370367586612701,-0.031000331044197083
101,-0.035576608031988144,0.6193674802780151,-1.007433295249939,1.1724051237106323,1.0291399955749512,1.7138797044754028,1.3130831718444824,0.7309556007385254,0.041144732385873795,0.24858105182647705,-0.2799779772758484,0.33286938071250916,0.4012686312198639,0.3596547544002533,0.2929806411266327,0.053095996379852295,0.3981528878211975,0.08176802098751068,-0.40494975447654724,0.9346141815185547,0.12069232761859894,0.5596187114715576,-0.8422404527664185,0.7310507297515869,-0.3160611093044281,0.3337387144565582,0.34079667925834656,0.06095321476459503,0.20963865518569946,-0.4066554009914398,-0.05246618762612343,0.0005229676607996225,0.3933584690093994,0.1992325782775879,0.035608306527137756,-0.41971564292907715,0.6762157082557678,0.605451226234436,0.22558419406414032,0.723834753036499,-0.6520545482635498,0.5678083896636963,-0.32294750213623047,0.05684363842010498,0.653420090675354,-0.7353336215019226,0.1797962337732315,0.2980453372001648,0.03157472610473633,-0.9540293216705322,0.33652186393737793,-0.026725292205810547,-0.03099999949336052,0.761951208114624,-0.6476344466209412,-1.6110795968415914e-06,0.6476344466209412,0.761951208114624,1.0136507171409903e-06,0.3275509476661682,0.13025309145450592,-0.03099970892071724,0.34549278020858765,-0.18370367586612701,-0.0310002900660038
102,-0.0334012433886528,0.6312596797943115,-1.026473045349121,1.1958448886871338,1.0555073022842407,1.7330564260482788,1.3399901390075684,0.73088139295578,0.019323840737342834,0.11226102709770203,-0.2981192171573639,0.37456223368644714,0.3771948516368866,0.2643560767173767,0.37630411982536316,0.1434222161769867,0.38033372163772583,0.10071493685245514,-0.3898901641368866,0.939123809337616,0.12483298778533936,0.5330905318260193,-0.8492338061332703,0.7311057448387146,-0.30264636874198914,0.28701210021972656,0.19901308417320251,0.058510955423116684,0.057873357087373734,-0.371974915266037,-0.09778515249490738,-0.010958727449178696,0.40361666679382324,0.1920161247253418,0.04296112060546875,-0.4010739326477051,0.6873744130134583,0.6055213212966919,0.2477075606584549,0.7177715301513672,-0.6507264971733093,0.5750653743743896,-0.32626962661743164,0.053650736808776855,0.6507834792137146,-0.7341346144676208,0.1937195062637329,0.310576856136322,0.024573206901550293,-0.950230598449707,0.33652186393737793,-0.026725292205810547,-0.03099999949336052,0.7619510889053345,-0.6476345658302307,-1.9581127617129823e-06,0.6476345658302307,0.7619510889053345,1.159443854703568e-06,0.3275509774684906,0.13025309145450592,-0.03099965676665306,0.34549275040626526,-0.18370367586612701,-0.031000342220067978
103,-0.03710242360830307,0.6381931900978088,-1.047032356262207,1.2218538522720337,1.0747953653335571,1.7382932901382446,1.368778109550476,0.7307109832763672,-0.12370439618825912,0.03936002030968666,-0.36049121618270874,0.40217384696006775,0.273965984582901,0.06146469712257385,0.4022332727909088,0.3495767414569855,0.3668663501739502,0.11224625259637833,-0.38413700461387634,0.9466432332992554,0.1232268288731575,0.517280638217926,-0.859331488609314,0.7311383485794067,-0.24032999575138092,0.13298504054546356,0.06622940301895142,0.13419602811336517,-0.019917713478207588,-0.22788426280021667,-0.14103634655475616,-0.01692884974181652,0.4125206470489502,0.1770763397216797,0.04950457811355591,-0.3769676685333252,0.710152804851532,0.5946245193481445,0.27310043573379517,0.6986656785011292,-0.6612733602523804,0.581648588180542,-0.3322582244873047,0.054021790623664856,0.6500158905982971,-0.7306638360023499,0.2088293731212616,0.32230907678604126,0.016217947006225586,-0.9464956521987915,0.33652186393737793,-0.026725292205810547,-0.03099997714161873,0.761950671672821,-0.6476350426673889,-1.0009827065005084e-06,0.6476350426673889,0.761950671672821,1.2713755950244376e-06,0.32755106687545776,0.13025309145450592,-0.030999723821878433,0.3454926609992981,-0.18370367586612701,-0.031000230461359024
104,-0.05135108157992363,0.6498042345046997,-1.072425365447998,1.2502166032791138,1.0788819789886475,1.7241315841674805,1.3983219861984253,0.7304986715316772,-0.3431650698184967,0.1454993039369583,-0.4624588191509247,0.40183427929878235,0.05082729458808899,-0.21835622191429138,0.41072890162467957,0.610625147819519,0.3555889129638672,0.12565554678440094,-0.379517138004303,0.9469467997550964,0.11975981295108795,0.5090075731277466,-0.8709057569503784,0.7310246825218201,-0.1523597538471222,0.2791001796722412,0.06998373568058014,-0.0702379122376442,-0.0589548759162426,-0.1017160415649414,-0.16190412640571594,0.2206021100282669,0.41356587409973145,0.14927196502685547,0.049766749143600464,-0.3331102132797241,0.7497501373291016,0.5717624425888062,0.2933467626571655,0.6587082147598267,-0.6928572654724121,0.581676721572876,-0.3378028869628906,0.048344001173973083,0.6554404497146606,-0.7242007255554199,0.2143152505159378,0.31823453307151794,0.007479548454284668,-0.9479824900627136,0.33652186393737793,-0.026725292205810547,-0.0310000441968441,0.7619512677192688,-0.6476343870162964,-1.761817429724033e-06,0.6476343870162964,0.7619512677192688,8.181771136150928e-07,0.3275509178638458,0.13025309145450592,-0.030999761074781418,0.34549281001091003,-0.18370367586612701,-0.031000327318906784
105,-0.073644258081913,0.6639228463172913,-1.100894570350647,1.279494285583496,1.0646872520446777,1.7116574048995972,1.428053379058838,0.7305155396461487,-0.43668439984321594,0.17020529508590698,-0.4954187273979187,0.41090160608291626,-0.20750151574611664,-0.1874348670244217,0.41324490308761597,0.5898723006248474,0.3466895520687103,0.1350405216217041,-0.3670474886894226,0.9461023807525635,0.12281779199838638,0.5113117694854736,-0.8926407098770142,0.731007993221283,-0.027178633958101273,0.1224551573395729,0.19982783496379852,-0.004063382279127836,0.04330531507730484,0.032956313341856,-0.30446603894233704,-0.011935736984014511,0.40439438819885254,0.11764860153198242,0.04835247993469238,-0.27741539478302,0.7878834009170532,0.549800455570221,0.2985575497150421,0.614625871181488,-0.7301358580589294,0.5784766674041748,-0.33573484420776367,0.04208895564079285,0.6738547086715698,-0.7082396745681763,0.2105148434638977,0.30648061633110046,0.00867992639541626,-0.951837420463562,0.33652186393737793,-0.026725292205810547,-0.03100002557039261,0.7619511485099792,-0.6476345062255859,-1.1265212833677651e-06,0.6476345062255859,0.7619511485099792,3.8358319898179616e-07,0.3275509476661682,0.13025309145450592,-0.030999857932329178,0.34549278020858765,-0.18370367586612701,-0.03100019320845604
106,-0.09435868263244629,0.6805785298347473,-1.1316031217575073,1.3081334829330444,1.0533843040466309,1.703850507736206,1.457821011543274,0.7305834889411926,-0.35736963152885437,0.21180321276187897,-0.4903935194015503,0.4135167896747589,-0.16099120676517487,-0.11695819348096848,0.4139385223388672,0.5049494504928589,0.3424558639526367,0.13616760075092316,-0.3533787429332733,0.9593964219093323,0.12236251682043076,0.5108012557029724,-0.9166089296340942,0.7311179637908936,-0.012182705104351044,-0.08057918399572372,0.19703973829746246,0.2853809595108032,0.0020730586256831884,-0.029743757098913193,-0.3352290987968445,-0.00893473718315363,0.39372992515563965,0.08767890930175781,0.04810789227485657,-0.21962428092956543,0.8204235434532166,0.5278924107551575,0.3005203902721405,0.5716849565505981,-0.7634552121162415,0.5850265026092529,-0.3298635482788086,0.047738030552864075,0.694153368473053,-0.684217631816864,0.22360096871852875,0.31784871220588684,0.012640953063964844,-0.9480572938919067,0.33652186393737793,-0.026725292205810547,-0.03099999576807022,0.7619509696960449,-0.647634744644165,-2.163870931326528e-06,0.647634744644165,0.7619509696960449,9.071108024727437e-07,0.327551007270813,0.13025309145450592,-0.03099965676665306,0.34549272060394287,-0.18370367586612701,-0.03100033476948738
107,-0.11308466643095016,0.705089271068573,-1.1623317003250122,1.3372136354446411,1.0435903072357178,1.6968785524368286,1.4876816272735596,0.7305420637130737,-0.33072590827941895,0.2915194630622864,-0.4184691905975342,0.381940096616745,-0.13077497482299805,-0.05244855210185051,0.4093945324420929,0.4765869975090027,0.3389956057071686,0.14337188005447388,-0.3422347903251648,0.9663932919502258,0.12842056155204773,0.5054329037666321,-0.9437640309333801,0.7310131788253784,-0.03723921626806259,0.20290890336036682,0.1645938605070114,0.024060072377324104,0.07724636048078537,-0.06031322479248047,-0.3800031244754791,-0.016520019620656967,0.3810408115386963,0.059320926666259766,0.04596821963787079,-0.1588984727859497,0.8482526540756226,0.5051916837692261,0.2930035889148712,0.5291557312011719,-0.7963310480117798,0.5887448787689209,-0.324984073638916,0.047969117760658264,0.7126063108444214,-0.6623114943504333,0.23137785494327545,0.3227520287036896,0.01665937900543213,-0.9463369846343994,0.3365027904510498,-0.026782989501953125,-0.031001102179288864,0.7619835734367371,-0.6475963592529297,1.7966880477615632e-05,0.6475963592529297,0.7619835734367371,2.186247547797393e-05,0.3275240361690521,0.13019494712352753,-0.031000562012195587,0.3454815447330475,-0.18376092612743378,-0.03100164234638214
108,-0.12987183034420013,0.7261278629302979,-1.191019058227539,1.366159439086914,1.029476523399353,1.6976892948150635,1.517517328262329,0.7306433320045471,-0.3217161297798157,0.29051223397254944,-0.485992431640625,0.4159168303012848,-0.20799517631530762,-0.014323343522846699,0.41704514622688293,0.4310130774974823,0.33204349875450134,0.1596432328224182,-0.3378775417804718,0.9850885272026062,0.13976499438285828,0.49895885586738586,-0.9702487587928772,0.7311226725578308,-0.18644322454929352,0.1971045285463333,0.033714402467012405,0.3257264494895935,0.16648274660110474,-0.10680084675550461,-0.37013354897499084,-0.020092003047466278,0.36731886863708496,0.0360565185546875,0.046401917934417725,-0.10423767566680908,0.867583155632019,0.486244797706604,0.27846407890319824,0.4948127865791321,-0.8231756091117859,0.5969336032867432,-0.32610559463500977,0.04934564232826233,0.7202406525611877,-0.6499627232551575,0.24249085783958435,0.33228564262390137,0.016382336616516113,-0.9430364966392517,0.3359639644622803,-0.02767324447631836,-0.03099999576807022,0.7624654769897461,-0.6470288038253784,-2.061087116089766e-06,0.6470288038253784,0.7624654769897461,8.656704721943242e-07,0.32686832547187805,0.12929795682430267,-0.030999675393104553,0.3450596034526825,-0.1846444457769394,-0.03100031614303589
109,-0.1322086900472641,0.7483135461807251,-1.2245501279830933,1.3935950994491577,1.0393071174621582,1.7098898887634277,1.5473690032958984,0.7308222055435181,0.05370188504457474,0.2909487187862396,-0.44678157567977905,0.44099852442741394,0.14959490299224854,0.17626333236694336,0.4160967469215393,0.21384845674037933,0.3229660987854004,0.1841185837984085,-0.3356149196624756,1.0102880001068115,0.15232770144939423,0.48171621561050415,-0.9963833689689636,0.73108971118927,-0.11960230767726898,0.40329959988594055,0.03434853255748749,0.3530011475086212,0.17534013092517853,-0.24628257751464844,-0.3661712110042572,0.23557138442993164,0.36423802375793457,0.02024555206298828,0.051266103982925415,-0.0630350112915039,0.8798366189002991,0.4710775315761566,0.2772621512413025,0.46887362003326416,-0.8386198282241821,0.6101114749908447,-0.3305988311767578,0.051441729068756104,0.7215635776519775,-0.6406049132347107,0.26262396574020386,0.35082268714904785,0.011280953884124756,-0.9363739490509033,0.3359639644622803,-0.02767324447631836,-0.03100002557039261,0.7624660730361938,-0.6470282077789307,-6.54222105822555e-07,0.6470282077789307,0.7624660730361938,4.891751359537011e-07,0.3268682062625885,0.12929795682430267,-0.03099989891052246,0.34505972266197205,-0.1846444457769394,-0.031000152230262756
110,-0.12741102278232574,0.7726973295211792,-1.2553677558898926,1.4229005575180054,1.046518325805664,1.7347582578659058,1.5771523714065552,0.7309049963951111,0.09074220061302185,0.3414521813392639,-0.43270111083984375,0.4322974681854248,0.10233239084482193,0.34894755482673645,0.4162832200527191,0.11517113447189331,0.32347702980041504,0.21041987836360931,-0.33432942628860474,1.0380432605743408,0.17524220049381256,0.46414726972579956,-1.0225621461868286,0.7310789227485657,0.09693072736263275,0.3774871826171875,0.04368184506893158,0.4225233197212219,0.32263264060020447,-0.2569643557071686,-0.3669353127479553,0.2519376575946808,0.3631260395050049,0.013111591339111328,0.056605055928230286,-0.03416264057159424,0.8840963840484619,0.46605420112609863,0.26543763279914856,0.45760488510131836,-0.8486109972000122,0.6242578029632568,-0.32893943786621094,0.05388018488883972,0.7231482267379761,-0.6314437985420227,0.27988457679748535,0.3707345724105835,0.01295703649520874,-0.9286484718322754,0.3359639644622803,-0.02767324447631836,-0.031000040471553802,0.7624653577804565,-0.6470289826393127,-1.4962346313041053e-06,0.6470289826393127,0.7624653577804565,9.274506282963557e-07,0.32686835527420044,0.12929795682430267,-0.030999772250652313,0.3450595736503601,-0.1846444457769394,-0.031000308692455292
111,-0.11563551425933838,0.7999627590179443,-1.2867380380630493,1.4514094591140747,1.061821699142456,1.7545503377914429,1.6069492101669312,0.7308865785598755,0.23949572443962097,0.38586559891700745,-0.41953325271606445,0.44667932391166687,0.22340650856494904,0.27759993076324463,0.4162590205669403,0.1370316594839096,0.3336600661277771,0.23580332100391388,-0.3306656777858734,1.0665634870529175,0.20043045282363892,0.4505264163017273,-1.0507655143737793,0.7310085892677307,0.2737770676612854,0.38448965549468994,0.09595733135938644,0.41436079144477844,0.3531554043292999,-0.19360202550888062,-0.39479950070381165,0.014410733245313168,0.3664281368255615,0.007022857666015625,0.061081692576408386,-0.010135531425476074,0.890013575553894,0.4558216333389282,0.2548624873161316,0.44308942556381226,-0.85948646068573,0.637474775314331,-0.31902456283569336,0.056279465556144714,0.7326983213424683,-0.6135491132736206,0.2944665551185608,0.38814762234687805,0.021332085132598877,-0.9213503003120422,0.3359639644622803,-0.02767324447631836,-0.03100002557039261,0.7624654173851013,-0.647028923034668,-1.0643194627846242e-06,0.647028923034668,0.7624654173851013,4.5768450718242093e-07,0.32686835527420044,0.12929795682430267,-0.030999857932329178,0.3450595736503601,-0.1846444457769394,-0.03100019320845604
112,-0.09350220859050751,0.8283334970474243,-1.3182144165039062,1.4794477224349976,1.0884186029434204,1.767233967781067,1.6367650032043457,0.730859637260437,0.4314577281475067,0.3993457555770874,-0.4041517972946167,0.46039217710494995,0.38694998621940613,0.18119965493679047,0.4161466360092163,0.1707981675863266,0.353521466255188,0.2624586522579193,-0.3316091299057007,1.0937389135360718,0.22397886216640472,0.4422794282436371,-1.079872488975525,0.731019914150238,0.3630135953426361,0.4162519872188568,0.01994473673403263,0.37971317768096924,0.3280652165412903,-0.11511875689029694,-0.40711164474487305,0.005116619169712067,0.37722182273864746,0.0026726722717285156,0.06554460525512695,0.0035263895988464355,0.8986153602600098,0.43872329592704773,0.24892809987068176,0.4241267442703247,-0.8707188367843628,0.647782564163208,-0.3056497573852539,0.056156501173973083,0.7481685876846313,-0.5891047120094299,0.30528590083122253,0.39821621775627136,0.030644714832305908,-0.9167795777320862,0.3359639644622803,-0.02767324447631836,-0.03100002557039261,0.7624654769897461,-0.6470288634300232,-1.039549601955514e-06,0.6470288634300232,0.7624654769897461,5.487164571604808e-07,0.32686832547187805,0.12929795682430267,-0.03099985048174858,0.3450596034526825,-0.1846444457769394,-0.031000200659036636
113,-0.06594964861869812,0.8573315143585205,-1.3488998413085938,1.508094072341919,1.1176583766937256,1.7857487201690674,1.666554570198059,0.7309089303016663,0.5022465586662292,0.4110962450504303,-0.39375975728034973,0.4594116806983948,0.4203539490699768,0.2661851644515991,0.4158206582069397,0.11412525922060013,0.3798171281814575,0.29035335779190063,-0.34254318475723267,1.1214139461517334,0.24986736476421356,0.4368407428264618,-1.1094359159469604,0.7310484051704407,0.4080702066421509,0.4176565408706665,-0.136537566781044,0.3988482356071472,0.36360329389572144,-0.07873452454805374,-0.4140072166919708,0.022720955312252045,0.3913910388946533,0.0038280487060546875,0.07059714198112488,0.007379651069641113,0.9045451879501343,0.42631417512893677,0.24128073453903198,0.41211867332458496,-0.8786022663116455,0.6571977138519287,-0.2941861152648926,0.055387288331985474,0.7611987590789795,-0.5666906237602234,0.31533825397491455,0.406145840883255,0.03748345375061035,-0.9130393266677856,0.3359639644622803,-0.02767324447631836,-0.03099999949336052,0.7624660134315491,-0.6470282673835754,-2.0325214791228063e-06,0.6470282673835754,0.7624660134315491,1.0248141961710644e-06,0.3268682062625885,0.12929795682430267,-0.03099966049194336,0.34505972266197205,-0.1846444457769394,-0.03100033849477768
114,-0.03661910817027092,0.8865600824356079,-1.3790225982666016,1.5375016927719116,1.1474196910858154,1.8042938709259033,1.6963386535644531,0.7309037446975708,0.5254176259040833,0.411295622587204,-0.39243271946907043,0.473182737827301,0.4280247390270233,0.2653265595436096,0.41573813557624817,0.12195084989070892,0.4077548384666443,0.3165639042854309,-0.360615074634552,1.1499724388122559,0.27779263257980347,0.4281509220600128,-1.1391485929489136,0.7310850024223328,0.4169102609157562,0.3692476153373718,-0.24407872557640076,0.42887625098228455,0.39418232440948486,-0.12893705070018768,-0.41559898853302,-0.00882617849856615,0.40694689750671387,0.007191658020019531,0.07560297846794128,0.006358087062835693,0.9104655981063843,0.4135359525680542,0.23214372992515564,0.40090250968933105,-0.8862203359603882,0.6685283184051514,-0.28601837158203125,0.057357966899871826,0.7677912712097168,-0.548423707485199,0.3312520980834961,0.4204806685447693,0.04122030735015869,-0.9063645601272583,0.3359639644622803,-0.02767324447631836,-0.03099999949336052,0.7624660730361938,-0.6470282077789307,-1.9861881810356863e-06,0.6470282077789307,0.7624660730361938,1.098956431633269e-06,0.3268682062625885,0.12929795682430267,-0.03099966049194336,0.34505972266197205,-0.1846444457769394,-0.03100033849477768
115,-0.006974518299102783,0.9156599640846252,-1.409145474433899,1.567437767982483,1.1772557497024536,1.8284640312194824,1.7260998487472534,0.7309463024139404,0.5364081263542175,0.4105524718761444,-0.3901902437210083,0.47976547479629517,0.42808687686920166,0.34664443135261536,0.4153842628002167,0.07378925383090973,0.43599697947502136,0.33884018659591675,-0.383133202791214,1.1789339780807495,0.306546151638031,0.4197540581226349,-1.168889045715332,0.7311338782310486,0.41951805353164673,0.30025535821914673,-0.30854806303977966,0.43929752707481384,0.40585562586784363,-0.12612096965312958,-0.4161285161972046,-0.013566168025135994,0.42282700538635254,0.014249324798583984,0.08105075359344482,0.0009957551956176758,0.9142336249351501,0.4051862359046936,0.2213204801082611,0.394936740398407,-0.8916513919830322,0.6808688640594482,-0.2799849510192871,0.0625324547290802,0.7699261903762817,-0.5329532027244568,0.3509623408317566,0.43922075629234314,0.04360973834991455,-0.8973201513290405,0.3359639644622803,-0.02767324447631836,-0.03099999949336052,0.7624661326408386,-0.6470281481742859,-1.9678775515785674e-06,0.6470281481742859,0.7624661326408386,1.1809696616182919e-06,0.3268681764602661,0.12929795682430267,-0.030999653041362762,0.34505975246429443,-0.1846444457769394,-0.031000345945358276
116,0.0228884220123291,0.9447116851806641,-1.4391698837280273,1.5974512100219727,1.2071021795272827,1.8542784452438354,1.7558534145355225,0.73095703125,0.5430115461349487,0.41200360655784607,-0.389736145734787,0.4820641279220581,0.42827147245407104,0.3696157932281494,0.4152901768684387,0.062208306044340134,0.46465128660202026,0.35460978746414185,-0.407892644405365,1.2076956033706665,0.33549341559410095,0.4140726625919342,-1.1986373662948608,0.731174111366272,0.4335133731365204,0.17863501608371735,-0.3396126925945282,0.4526120126247406,0.41002941131591797,-0.09046468883752823,-0.4166048765182495,-0.0002179313451051712,0.43872666358947754,0.023652076721191406,0.08635014295578003,-0.007198691368103027,0.9172700643539429,0.3982008397579193,0.20885279774665833,0.39080810546875,-0.8964650630950928,0.6934864521026611,-0.2741694450378418,0.0717146098613739,0.7693607211112976,-0.5187341570854187,0.37282565236091614,0.46128877997398376,0.047384560108184814,-0.8859838843345642,0.3359639644622803,-0.02767324447631836,-0.03100002557039261,0.7624661326408386,-0.6470281481742859,-1.078459376913088e-06,0.6470281481742859,0.7624661326408386,3.749941015485092e-07,0.3268681764602661,0.12929795682430267,-0.030999865382909775,0.34505975246429443,-0.1846444457769394,-0.031000185757875443
117,0.052820734679698944,0.9738573431968689,-1.4691970348358154,1.6272811889648438,1.2369613647460938,1.8814297914505005,1.7856004238128662,0.7309669256210327,0.5488989353179932,0.41660547256469727,-0.38895851373672485,0.4799019396305084,0.4281088709831238,0.389052152633667,0.4152597486972809,0.050518859177827835,0.49395856261253357,0.36381232738494873,-0.43482258915901184,1.2369611263275146,0.36380255222320557,0.41802144050598145,-1.2283838987350464,0.7311558127403259,0.43895572423934937,0.0769866406917572,-0.37254300713539124,0.4604436755180359,0.40074026584625244,0.04557495564222336,-0.4162483811378479,-0.01396553497761488,0.4542977809906006,0.03523111343383789,0.09129875898361206,-0.017557621002197266,0.9196140766143799,0.39243051409721375,0.19454778730869293,0.3881315588951111,-0.9008358120918274,0.7045528888702393,-0.26775455474853516,0.08381113409996033,0.7693185806274414,-0.5047250390052795,0.3916650414466858,0.48103973269462585,0.0542026162147522,-0.8750216364860535,0.3359639644622803,-0.02767324447631836,-0.03100002557039261,0.7624660730361938,-0.6470282077789307,-1.0302346709067933e-06,0.6470282077789307,0.7624660730361938,5.59879481443204e-07,0.3268682062625885,0.12929795682430267,-0.03099985048174858,0.34505972266197205,-0.1846444457769394,-0.031000200659036636
118,0.08281715214252472,1.0031788349151611,-1.4992016553878784,1.656816840171814,1.2668262720108032,1.909037470817566,1.8153421878814697,0.7309694290161133,0.5543497800827026,0.4221084713935852,-0.3884499967098236,0.47666868567466736,0.4280082881450653,0.3959293067455292,0.4152132272720337,0.04794524237513542,0.523546040058136,0.36123788356781006,-0.4627766013145447,1.26522958278656,0.38903799653053284,0.42957788705825806,-1.258131504058838,0.7312059998512268,0.44545871019363403,-0.1537713259458542,-0.3947087228298187,0.4818844199180603,0.3606604337692261,0.14474144577980042,-0.41650721430778503,-0.024485092610120773,0.46936964988708496,0.048661231994628906,0.09569555521011353,-0.029641151428222656,0.9215227961540222,0.3871912956237793,0.17833632230758667,0.3860219717025757,-0.9050873517990112,0.7145364284515381,-0.2601299285888672,0.10172834992408752,0.7689697742462158,-0.4900209307670593,0.4105665683746338,0.5023987293243408,0.06607222557067871,-0.8621078133583069,0.3359639644622803,-0.02767324447631836,-0.03100002557039261,0.7624661326408386,-0.6470281481742859,-1.0039316293841694e-06,0.6470281481742859,0.7624661326408386,6.351918386826583e-07,0.3268681764602661,0.12929795682430267,-0.030999843031167984,0.34505975246429443,-0.1846444457769394,-0.031000208109617233
119,0.11296448111534119,1.0326793193817139,-1.5291823148727417,1.685245394706726,1.296707034111023,1.9366962909698486,1.8450814485549927,0.7309703230857849,0.5581941604614258,0.4292111098766327,-0.38758334517478943,0.4597553312778473,0.42758476734161377,0.39718830585479736,0.41518673300743103,0.04715913161635399,0.5532690286636353,0.3511914312839508,-0.49144455790519714,1.294439435005188,0.4070371091365814,0.4372251033782959,-1.2878962755203247,0.7312847971916199,0.44747626781463623,-0.2550080716609955,-0.40683919191360474,0.49863818287849426,0.2613094747066498,0.0901452824473381,-0.4160558879375458,-0.024509916082024574,0.4836437702178955,0.06377744674682617,0.09932929277420044,-0.04264724254608154,0.9229623079299927,0.382520467042923,0.16037647426128387,0.384227991104126,-0.909201979637146,0.726266622543335,-0.25267839431762695,0.1265283226966858,0.7645612359046936,-0.4714326858520508,0.4395422339439392,0.5326473712921143,0.07812082767486572,-0.8427241444587708,0.3359639644622803,-0.02767324447631836,-0.03100002557039261,0.7624661326408386,-0.6470281481742859,-9.6697613116703e-07,0.6470281481742859,0.7624661326408386,3.652945963494858e-07,0.3268681764602661,0.12929795682430267,-0.03099988028407097,0.34505975246429443,-0.1846444457769394,-0.03100017085671425
120,0.14340393245220184,1.0622552633285522,-1.559095859527588,1.7107263803482056,1.326613426208496,1.9641321897506714,1.8748177289962769,0.7309725880622864,0.5588631629943848,0.4357547461986542,-0.38645651936531067,0.41383904218673706,0.4266306757926941,0.39443239569664,0.4152206480503082,0.04467841982841492,0.5831559896469116,0.3356529772281647,-0.5205312371253967,1.3239374160766602,0.41722825169563293,0.44287362694740295,-1.3176761865615845,0.7313472628593445,0.4507657289505005,-0.3453747034072876,-0.41477370262145996,0.5093557238578796,0.1518750786781311,0.060828179121017456,-0.41671881079673767,-0.035670071840286255,0.496657133102417,0.08036088943481445,0.10195088386535645,-0.05503535270690918,0.9237582087516785,0.379001259803772,0.1412554532289505,0.382962167263031,-0.9129003286361694,0.7380697727203369,-0.24560308456420898,0.15612182021141052,0.7569525241851807,-0.44835415482521057,0.475396066904068,0.5672837495803833,0.08974915742874146,-0.8186172842979431,0.3359639644622803,-0.02767324447631836,-0.03100002557039261,0.7624654173851013,-0.647028923034668,-9.828619340623845e-07,0.647028923034668,0.7624654173851013,7.336719249906309e-07,0.32686835527420044,0.12929795682430267,-0.030999835580587387,0.3450595736503601,-0.1846444457769394,-0.03100021556019783
121,0.17447707056999207,1.0918506383895874,-1.5888818502426147,1.729110836982727,1.3565647602081299,1.9901173114776611,1.9045498371124268,0.7309743165969849,0.5519071221351624,0.44486603140830994,-0.3847754895687103,0.3022432327270508,0.42466288805007935,0.37381547689437866,0.41528716683387756,0.04244295880198479,0.6128324866294861,0.3168288469314575,-0.5500319600105286,1.3541655540466309,0.41433677077293396,0.45399239659309387,-1.3474587202072144,0.7313340306282043,0.4470975697040558,-0.3828807473182678,-0.42021888494491577,0.510793924331665,-0.03388848528265953,0.138069286942482,-0.41765639185905457,0.030867818742990494,0.507704496383667,0.097625732421875,0.10308432579040527,-0.06336712837219238,0.9239488840103149,0.3772306442260742,0.12267506122589111,0.3823351263999939,-0.915844202041626,0.7475311756134033,-0.23941516876220703,0.18718162178993225,0.7507385015487671,-0.4159325957298279,0.5132170915603638,0.5983907580375671,0.09904813766479492,-0.7950584888458252,0.3359639644622803,-0.02767324447631836,-0.03100002184510231,0.7624654769897461,-0.647028923034668,-9.653876986703835e-07,0.647028923034668,0.7624654769897461,5.915003953305131e-07,0.32686832547187805,0.12929797172546387,-0.03099985048174858,0.3450596034526825,-0.18464446067810059,-0.03100019320845604
122,0.20442023873329163,1.12185537815094,-1.6185874938964844,1.7495994567871094,1.3863164186477661,2.00671648979187,1.9343172311782837,0.7308961153030396,0.557451605796814,0.4408428370952606,-0.3914526700973511,0.35263991355895996,0.4275556802749634,0.23988232016563416,0.4154043197631836,0.13663531839847565,0.6426729559898376,0.2943234443664551,-0.579409122467041,1.383920431137085,0.3949662744998932,0.4643731117248535,-1.3772523403167725,0.7313928604125977,0.45214763283729553,-0.4559069573879242,-0.4228638708591461,0.5199092030525208,-0.2619759440422058,0.12675969302654266,-0.41632509231567383,-0.0387549102306366,0.5194852352142334,0.1123204231262207,0.10341188311576843,-0.07260584831237793,0.927735447883606,0.3661085069179535,0.10589008033275604,0.3721730709075928,-0.9221033453941345,0.7555701732635498,-0.2348318099975586,0.22057408094406128,0.7422661781311035,-0.37163954973220825,0.5576064586639404,0.6299946904182434,0.10344982147216797,-0.7696784734725952,0.3359639644622803,-0.02767324447631836,-0.03100002557039261,0.7624654769897461,-0.6470288634300232,-1.074742272066942e-06,0.6470288634300232,0.7624654769897461,3.063491931243334e-07,0.32686832547187805,0.12929795682430267,-0.03099987283349037,0.3450596034526825,-0.1846444457769394,-0.031000178307294846
123,0.23453389108181,1.1518667936325073,-1.648219108581543,1.7734829187393188,1.4159951210021973,2.0006110668182373,1.9641560316085815,0.7307257652282715,0.5591750741004944,0.44028225541114807,-0.3983476161956787,0.4063396453857422,0.4309788644313812,-0.08224169909954071,0.41580432653427124,0.33980071544647217,0.6722516417503357,0.2709118127822876,-0.6088945865631104,1.4143122434616089,0.3676641285419464,0.473282128572464,-1.4070560932159424,0.7314157485961914,0.4419749677181244,-0.452574759721756,-0.4252619743347168,0.5193341374397278,-0.3745914399623871,0.10526905208826065,-0.4178699553012848,0.01757248118519783,0.5351088047027588,0.12096595764160156,0.10288974642753601,-0.08450829982757568,0.9387860894203186,0.3339746594429016,0.09751446545124054,0.34135669469833374,-0.9348617792129517,0.7625772953033447,-0.2319021224975586,0.255443811416626,0.7284460663795471,-0.32202401757240295,0.604703962802887,0.6621871590614319,0.10456746816635132,-0.7420067191123962,0.3359639644622803,-0.02767324447631836,-0.03100002557039261,0.762466311454773,-0.6470279097557068,-1.0369425353928818e-06,0.6470279097557068,0.762466311454773,5.457081897475291e-07,0.32686811685562134,0.12929795682430267,-0.03099985048174858,0.3450598120689392,-0.1846444457769394,-0.031000200659036636
124,0.2649151682853699,1.181597352027893,-1.6780476570129395,1.7963404655456543,1.4457687139511108,1.9859501123428345,1.9940158128738403,0.7306766510009766,0.5591904520988464,0.4404960870742798,-0.3987850546836853,0.38528403639793396,0.43040886521339417,-0.19920964539051056,0.4158383309841156,0.3990987241268158,0.7009918689727783,0.2476964145898819,-0.6384344696998596,1.4448881149291992,0.3384363055229187,0.4878794252872467,-1.4368537664413452,0.7313728928565979,0.42490532994270325,-0.4416343569755554,-0.4266701340675354,0.5131884813308716,-0.40239426493644714,0.18867400288581848,-0.4173935055732727,-0.023260504007339478,0.5521128177642822,0.1283268928527832,0.10225197672843933,-0.09727883338928223,0.9505879282951355,0.2948211431503296,0.09488409757614136,0.3037347197532654,-0.9480202198028564,0.766892671585083,-0.23023700714111328,0.2886323630809784,0.7135980129241943,-0.27143993973731995,0.6458314657211304,0.6889677047729492,0.10493946075439453,-0.7171549201011658,0.3359639644622803,-0.02767324447631836,-0.03100002557039261,0.762466311454773,-0.647027850151062,-1.0183663334828452e-06,0.647027850151062,0.762466311454773,6.236379590518482e-07,0.32686811685562134,0.12929794192314148,-0.030999843031167984,0.3450598120689392,-0.1846444308757782,-0.031000208109617233
125,0.29653018712997437,1.2110300064086914,-1.7077449560165405,1.8091505765914917,1.4756698608398438,1.9681026935577393,2.023869514465332,0.7306799292564392,0.5467664003372192,0.4432714283466339,-0.39745578169822693,0.2236432135105133,0.427575021982193,-0.2433987706899643,0.4158453941345215,0.3949302136898041,0.7293077111244202,0.22405391931533813,-0.6679033041000366,1.4749233722686768,0.3088859021663666,0.5043733716011047,-1.466636061668396,0.7313688397407532,0.4175355136394501,-0.45384007692337036,-0.4280069172382355,0.5105946660041809,-0.4062749147415161,0.21434718370437622,-0.4169161021709442,-0.033624447882175446,0.5681512355804443,0.1354975700378418,0.10107284784317017,-0.1043778657913208,0.9607740640640259,0.2569406032562256,0.09830416738986969,0.267053484916687,-0.9586546421051025,0.7693278789520264,-0.2298107147216797,0.32099854946136475,0.6961318850517273,-0.22174260020256042,0.6828107833862305,0.7132024765014648,0.10481864213943481,-0.6930766105651855,0.3359639644622803,-0.02767324447631836,-0.03100002184510231,0.7624655961990356,-0.6470287442207336,-1.0076952321469435e-06,0.6470287442207336,0.7624655961990356,9.469122232985683e-07,0.32686829566955566,0.12929795682430267,-0.030999805778265,0.3450596332550049,-0.1846444457769394,-0.03100023791193962
126,0.32775500416755676,1.2400109767913818,-1.7372990846633911,1.8141323328018188,1.5054972171783447,1.9485230445861816,2.0537147521972656,0.7306899428367615,0.5372257828712463,0.4312705993652344,-0.40079769492149353,0.11310093849897385,0.4265446364879608,-0.26841527223587036,0.41586071252822876,0.3818141520023346,0.7573772072792053,0.1994197964668274,-0.6974117755889893,1.505192756652832,0.27927157282829285,0.5276967883110046,-1.4964104890823364,0.7313225269317627,0.41075631976127625,-0.46538907289505005,-0.42916014790534973,0.5097175240516663,-0.40823647379875183,0.31060588359832764,-0.4173116683959961,0.005232565570622683,0.583115816116333,0.14192867279052734,0.09993325173854828,-0.10585367679595947,0.9696121215820312,0.22056108713150024,0.10697181522846222,0.23162388801574707,-0.9669060707092285,0.7691514492034912,-0.23042011260986328,0.3516589403152466,0.6795642375946045,-0.1730472296476364,0.7129144668579102,0.7324383854866028,0.1050000786781311,-0.672687828540802,0.3359639644622803,-0.02767324447631836,-0.03100002184510231,0.7624655961990356,-0.6470286846160889,-9.815911425903323e-07,0.6470286846160889,0.7624655961990356,1.022281139739789e-06,0.32686829566955566,0.12929795682430267,-0.030999798327684402,0.3450596332550049,-0.1846444457769394,-0.031000245362520218
127,0.35761117935180664,1.266570806503296,-1.766678810119629,1.8205547332763672,1.5351691246032715,1.929220199584961,2.083547592163086,0.7307048439979553,0.5425428748130798,0.3766862452030182,-0.40826553106307983,0.15029247105121613,0.42833369970321655,-0.26467397809028625,0.4157044291496277,0.3641677498817444,0.7855864763259888,0.1752389371395111,-0.7271124720573425,1.5355862379074097,0.24969114363193512,0.5546444654464722,-1.5261926651000977,0.7312855124473572,0.41300520300865173,-0.44918692111968994,-0.43061912059783936,0.5069939494132996,-0.40817689895629883,0.36297062039375305,-0.41695669293403625,-0.024885164573788643,0.598555326461792,0.14934253692626953,0.10051214694976807,-0.10922574996948242,0.9766971468925476,0.18474960327148438,0.11919945478439331,0.19739019870758057,-0.9730511903762817,0.767225980758667,-0.23216724395751953,0.38043996691703796,0.6632764339447021,-0.12512850761413574,0.7378395795822144,0.7483575940132141,0.10427683591842651,-0.6550474762916565,0.3359639644622803,-0.02767324447631836,-0.03100002184510231,0.7624656558036804,-0.6470287442207336,-9.526425515105075e-07,0.6470287442207336,0.7624656558036804,1.0966267609546776e-06,0.32686829566955566,0.12929797172546387,-0.030999794602394104,0.3450596332550049,-0.18464446067810059,-0.031000249087810516
128,0.389387845993042,1.288641333580017,-1.7956148386001587,1.8167448043823242,1.565077543258667,1.9199838638305664,2.1133205890655518,0.7307982444763184,0.5331202149391174,0.3026878833770752,-0.40847763419151306,-0.02003699541091919,0.42465370893478394,-0.12183230370283127,0.4151681959629059,0.2547057867050171,0.8134968876838684,0.1503424495458603,-0.7564097046852112,1.565559983253479,0.22005143761634827,0.5829558968544006,-1.5559722185134888,0.7312840223312378,0.39715448021888733,-0.4684859812259674,-0.4296739995479584,0.5062830448150635,-0.4085114896297455,0.3811062276363373,-0.41671791672706604,-0.025216415524482727,0.611098051071167,0.1605362892150879,0.10271231830120087,-0.10853338241577148,0.9806762933731079,0.16277141869068146,0.13347411155700684,0.17663180828094482,-0.9751850366592407,0.7639529705047607,-0.23529052734375,0.40823107957839966,0.6460990905761719,-0.07890879362821579,0.7591636180877686,0.7627505660057068,0.10285794734954834,-0.6384606957435608,0.3359639644622803,-0.02767324447631836,-0.03100002557039261,0.7624656558036804,-0.6470286846160889,-1.0917551662714686e-06,0.6470286846160889,0.7624656558036804,3.29801679299635e-07,0.32686829566955566,0.12929795682430267,-0.030999869108200073,0.3450596332550049,-0.1846444457769394,-0.031000182032585144
129,0.4200274348258972,1.3046507835388184,-1.8237301111221313,1.8104640245437622,1.5948234796524048,1.9158188104629517,2.1430423259735107,0.7308642864227295,0.5313714146614075,0.18933650851249695,-0.41307932138442993,-0.04348500818014145,0.4262573719024658,-0.052896954119205475,0.4146406352519989,0.1760319620370865,0.8405182361602783,0.12613847851753235,-0.7858757972717285,1.5954604148864746,0.19042176008224487,0.611777663230896,-1.5857789516448975,0.7312585115432739,0.3736811578273773,-0.443814754486084,-0.43149399757385254,0.4955237805843353,-0.409298837184906,0.3917541205883026,-0.4158329367637634,-0.2925521433353424,0.6226503849029541,0.173553466796875,0.10769431293010712,-0.10717332363128662,0.9830632209777832,0.14866256713867188,0.15160474181175232,0.1639336347579956,-0.9747521877288818,0.7598850727081299,-0.24056673049926758,0.4346396327018738,0.6283303499221802,-0.034569207578897476,0.777178168296814,0.7759645581245422,0.099118173122406,-0.6229402422904968,0.3359639644622803,-0.02767324447631836,-0.03100002184510231,0.7624657154083252,-0.6470286250114441,-1.0479624279469135e-06,0.6470286250114441,0.7624657154083252,8.112680802696559e-07,0.3268682658672333,0.12929795682430267,-0.030999816954135895,0.34505966305732727,-0.1846444457769394,-0.031000226736068726
130,0.44996827840805054,1.314504861831665,-1.846036672592163,1.806341528892517,1.624608039855957,1.9133758544921875,2.1726627349853516,0.7309519648551941,0.5338178873062134,0.12313705682754517,-0.31603896617889404,-0.006140266545116901,0.427558958530426,-0.027018101885914803,0.41344159841537476,0.07154089212417603,0.8650501370429993,0.10680393129587173,-0.8156770467758179,1.6226322650909424,0.16086502373218536,0.6408376097679138,-1.6155762672424316,0.7311556935310364,0.31305959820747375,-0.32834887504577637,-0.43366891145706177,0.41975635290145874,-0.4119963049888611,0.401418536901474,-0.4162587523460388,-0.16385646164417267,0.6345593929290771,0.19017553329467773,0.11387966573238373,-0.11024737358093262,0.9835270643234253,0.14324775338172913,0.17173314094543457,0.16080892086029053,-0.9719301462173462,0.7555825710296631,-0.24883270263671875,0.4555920362472534,0.6146464347839355,0.00918036699295044,0.7887493371963501,0.7851159572601318,0.08944451808929443,-0.6128560900688171,0.3359639644622803,-0.02767324447631836,-0.03100002184510231,0.76246577501297,-0.6470285654067993,-9.742743714014068e-07,0.6470285654067993,0.76246577501297,1.0121403875018586e-06,0.3268682658672333,0.12929795682430267,-0.0309998020529747,0.34505966305732727,-0.1846444457769394,-0.03100024163722992
131,0.47976887226104736,1.3185456991195679,-1.8417352437973022,1.8019212484359741,1.65477454662323,1.9195094108581543,2.2020134925842285,0.7311608791351318,0.5281789898872375,0.1579483449459076,0.14615437388420105,-0.015420411713421345,0.4223361015319824,0.10368522256612778,0.4119472801685333,-0.18038177490234375,0.8871074914932251,0.09266645461320877,-0.8457004427909851,1.6395388841629028,0.13135649263858795,0.6699658036231995,-1.6453205347061157,0.730986475944519,0.25095605850219727,-0.20909085869789124,-0.43412625789642334,0.22896641492843628,-0.4158438444137573,0.4103953540325165,-0.4166654348373413,0.027274129912257195,0.643747091293335,0.21808481216430664,0.11245213449001312,-0.12077963352203369,0.9777400493621826,0.17157159745693207,0.1789793223142624,0.19145309925079346,-0.9650452136993408,0.7507565021514893,-0.25995445251464844,0.4660804271697998,0.6118600964546204,0.05283576250076294,0.7891993522644043,0.7858065962791443,0.07317173480987549,-0.6141284704208374,0.3359639644622803,-0.02767324447631836,-0.03100002184510231,0.7624658346176147,-0.6470285058021545,-9.529227327220724e-07,0.6470285058021545,0.7624658346176147,1.0893539865719504e-06,0.3268682360649109,0.12929795682430267,-0.030999794602394104,0.34505969285964966,-0.1846444457769394,-0.031000249087810516
132,0.5099183320999146,1.3245275020599365,-1.8187450170516968,1.7945963144302368,1.6850026845932007,1.9325377941131592,2.2295942306518555,0.7313826680183411,0.5297718048095703,0.1954343467950821,0.4131358861923218,-0.0606062225997448,0.4180113673210144,0.19878153502941132,0.3891976475715637,-0.47678518295288086,0.9056341052055359,0.0848284438252449,-0.8756656050682068,1.648728609085083,0.10175006091594696,0.6994037628173828,-1.67499840259552,0.7308658957481384,0.1919335424900055,-0.10680924355983734,-0.4339490234851837,0.11032387614250183,-0.41840654611587524,0.4162673056125641,-0.41619184613227844,0.16511982679367065,0.6483466625213623,0.2530989646911621,0.10288496315479279,-0.1340928077697754,0.9658119678497314,0.2218705713748932,0.16922836005687714,0.24292153120040894,-0.9551706314086914,0.7459933757781982,-0.2738018035888672,0.467573881149292,0.6192762851715088,0.09673693776130676,0.7791911363601685,0.7788995504379272,0.04951035976409912,-0.625191330909729,0.3359639644622803,-0.02767324447631836,-0.03100002557039261,0.7624658346176147,-0.6470284461975098,-1.0108738024428021e-06,0.6470284461975098,0.7624658346176147,6.897664661664749e-07,0.3268682360649109,0.12929795682430267,-0.030999835580587387,0.34505969285964966,-0.1846444457769394,-0.03100021556019783
133,0.5391142964363098,1.3214950561523438,-1.789302945137024,1.7945477962493896,1.7148528099060059,1.9532986879348755,2.247073173522949,0.7315018773078918,0.5522762537002563,-0.05527336522936821,0.4348593056201935,0.0644431784749031,0.4216439723968506,0.30146458745002747,0.2486731857061386,-0.6343296766281128,0.911005437374115,0.08046740293502808,-0.9027232527732849,1.6567410230636597,0.072104312479496,0.7292578220367432,-1.7046388387680054,0.7308318018913269,-0.1117301881313324,-0.09714018553495407,-0.42486366629600525,0.10967716574668884,-0.418576180934906,0.4172198474407196,-0.4166526794433594,0.202848881483078,0.6506102085113525,0.29440784454345703,0.09641256928443909,-0.16484928131103516,0.9452182650566101,0.2817576229572296,0.15192730724811554,0.30659085512161255,-0.9396383762359619,0.7416126728057861,-0.29534482955932617,0.466202974319458,0.6317344307899475,0.13452160358428955,0.7634235620498657,0.7690122127532959,0.015279769897460938,-0.6390513777732849,0.3359639644622803,-0.02767324447631836,-0.03100002557039261,0.7624658346176147,-0.6470285058021545,-1.0556976803854923e-06,0.6470285058021545,0.7624658346176147,3.9963066456039087e-07,0.3268682360649109,0.12929795682430267,-0.030999865382909775,0.34505969285964966,-0.1846444457769394,-0.031000185757875443
134,0.5682275891304016,1.3106576204299927,-1.7603310346603394,1.8033802509307861,1.7448146343231201,1.9757416248321533,2.2365424633026123,0.7315307855606079,0.5659500956535339,-0.1586429327726364,0.4317540228366852,0.1985466480255127,0.4240700304508209,0.32492634654045105,-0.14335067570209503,-0.6678090691566467,0.8943978548049927,0.08814489096403122,-0.9305109977722168,1.6506896018981934,0.04278957098722458,0.7584272623062134,-1.7341663837432861,0.7304364442825317,-0.5574905276298523,0.21166561543941498,-0.44381558895111084,-0.23701034486293793,-0.42828482389450073,0.4365505576133728,-0.41625022888183594,0.6740477681159973,0.6520068645477295,0.3393430709838867,0.09593124687671661,-0.23097217082977295,0.9131991863250732,0.3357369005680084,0.13184623420238495,0.3712610602378845,-0.919120192527771,0.7367508411407471,-0.33272647857666016,0.45025157928466797,0.6646683216094971,0.16115513443946838,0.7295511960983276,0.7432575225830078,-0.04322493076324463,-0.6676075458526611,0.3359639644622803,-0.02767324447631836,-0.03100002557039261,0.7624658942222595,-0.6470284461975098,-1.0392978992967983e-06,0.6470284461975098,0.7624658942222595,4.864940024162934e-07,0.3268682360649109,0.12929795682430267,-0.030999857932329178,0.34505969285964966,-0.1846444457769394,-0.03100019320845604
135,0.5989581942558289,1.2870980501174927,-1.7285951375961304,1.8116227388381958,1.7748143672943115,2.00488018989563,2.214047431945801,0.7316201329231262,0.5725544095039368,-0.40783873200416565,0.4391699731349945,0.1807730346918106,0.42450404167175293,0.4180222451686859,-0.3101200759410858,-0.7786020040512085,0.872106671333313,0.08603052794933319,-0.9577398300170898,1.6428463459014893,0.012798162177205086,0.7891560792922974,-1.7636613845825195,0.7306621074676514,-0.5505365133285522,-0.1437571942806244,-0.44955360889434814,-0.07465799897909164,-0.4212428331375122,0.42243486642837524,-0.41679325699806213,0.37455397844314575,0.6499087810516357,0.3887934684753418,0.10343649983406067,-0.3118091821670532,0.8640172481536865,0.39528390765190125,0.10816709697246552,0.4455997347831726,-0.8886736631393433,0.7275841236114502,-0.37549352645874023,0.4376601576805115,0.6978973746299744,0.1743386685848236,0.6946547627449036,0.7143539190292358,-0.09989333152770996,-0.6926180124282837,0.3359639644622803,-0.02767324447631836,-0.03099999949336052,0.7624658942222595,-0.6470284461975098,-2.0203463009238476e-06,0.6470284461975098,0.7624658942222595,1.0031243391495082e-06,0.3268682360649109,0.12929795682430267,-0.030999667942523956,0.34505969285964966,-0.1846444457769394,-0.031000331044197083
136,0.6270527243614197,1.2583636045455933,-1.698269009590149,1.8311249017715454,1.8048138618469238,2.034414768218994,2.1963682174682617,0.7316344380378723,0.5724933743476868,-0.45690879225730896,0.4349561631679535,0.363016277551651,0.4273681938648224,0.42504867911338806,-0.2428344339132309,-0.7959761023521423,0.8433664441108704,0.0860615074634552,-0.9873805642127991,1.640462040901184,-0.0169343501329422,0.8190392851829529,-1.7931604385375977,0.7305436730384827,-0.6704827547073364,-0.0014562042197212577,-0.47427254915237427,-0.08533418923616409,-0.4257314205169678,0.42777150869369507,-0.41648268699645996,0.5338843464851379,0.6456601619720459,0.43933963775634766,0.11702156066894531,-0.3936671018600464,0.8027181625366211,0.44796180725097656,0.07823920994997025,0.514800488948822,-0.8537324666976929,0.7158501148223877,-0.4237041473388672,0.42857664823532104,0.730277419090271,0.17804713547229767,0.6595408320426941,0.6828606724739075,-0.16211819648742676,-0.7123335599899292,0.3359639644622803,-0.02767324447631836,-0.03099999949336052,0.7624659538269043,-0.647028386592865,-1.994186050069402e-06,0.647028386592865,0.7624659538269043,1.0884256198551157e-06,0.3268682360649109,0.12929795682430267,-0.03099966049194336,0.34505969285964966,-0.1846444457769394,-0.03100033849477768
137,0.6478574275970459,1.2291104793548584,-1.667588233947754,1.8597071170806885,1.8350178003311157,2.0642738342285156,2.177239179611206,0.7315930724143982,0.3992753028869629,-0.4605008065700531,0.43612203001976013,0.45904770493507385,0.42647308111190796,0.42508944869041443,-0.2634657025337219,-0.7400193810462952,0.8130894899368286,0.08545608818531036,-1.0167428255081177,1.6488786935806274,-0.046796124428510666,0.8495025634765625,-1.8226715326309204,0.730701208114624,-0.6352993249893188,-0.10281144827604294,-0.4775487780570984,0.16563886404037476,-0.42057520151138306,0.4163376986980438,-0.41703298687934875,0.35232704877853394,0.6385319232940674,0.4870567321777344,0.13361133635044098,-0.4741790294647217,0.7300615906715393,0.4921020269393921,0.04122060909867287,0.5767306089401245,-0.8158937692642212,0.7017333507537842,-0.4719357490539551,0.4270321726799011,0.7570641040802002,0.177071213722229,0.6288875937461853,0.6532220244407654,-0.22347617149353027,-0.7234356999397278,0.3359639644622803,-0.02767324447631836,-0.03099999949336052,0.7624659538269043,-0.6470283269882202,-1.963168188012787e-06,0.6470283269882202,0.7624659538269043,1.1701273479047813e-06,0.3268682062625885,0.12929795682430267,-0.030999653041362762,0.34505972266197205,-0.1846444457769394,-0.031000345945358276
138,0.6397251486778259,1.200753927230835,-1.6350938081741333,1.8943095207214355,1.8652931451797485,2.0937209129333496,2.150456190109253,0.7314329147338867,-0.25567081570625305,-0.45021700859069824,0.4276946485042572,0.435529500246048,0.4189620018005371,0.3997710645198822,-0.37114381790161133,-0.5355213284492493,0.7802081108093262,0.09063832461833954,-1.0473557710647583,1.6660062074661255,-0.07630492746829987,0.879432737827301,-1.8521896600723267,0.7306361198425293,-0.6769255995750427,0.04265206307172775,-0.4873464107513428,0.23609113693237305,-0.4197208881378174,0.41781607270240784,-0.4181622266769409,0.45639312267303467,0.6329023838043213,0.5172033309936523,0.15187545120716095,-0.5404058694839478,0.6568061113357544,0.5258965492248535,0.012036114931106567,0.6309927701950073,-0.775695264339447,0.6853992938995361,-0.5210428237915039,0.4296347498893738,0.7824249267578125,0.1724722981452942,0.5983849763870239,0.6209403276443481,-0.2891671657562256,-0.728570818901062,0.3359639644622803,-0.02767324447631836,-0.03100002557039261,0.7624660134315491,-0.6470282673835754,-1.0809400237121736e-06,0.6470282673835754,0.7624660134315491,3.666236239041609e-07,0.3268682062625885,0.12929795682430267,-0.030999865382909775,0.34505972266197205,-0.1846444457769394,-0.031000185757875443
139,0.6142182350158691,1.171945571899414,-1.6040722131729126,1.9254180192947388,1.8917322158813477,2.12048077583313,2.1224896907806396,0.7313927412033081,-0.4233246147632599,-0.4749065935611725,0.40688520669937134,0.42028748989105225,0.37038975954055786,0.367073118686676,-0.38800251483917236,-0.48920920491218567,0.7469382286071777,0.10030505806207657,-1.0779719352722168,1.6874139308929443,-0.1052389070391655,0.9094797968864441,-1.8816840648651123,0.7306300401687622,-0.6538342237472534,0.09078174084424973,-0.48691073060035706,0.31372642517089844,-0.41106748580932617,0.4176752269268036,-0.41684797406196594,0.46620801091194153,0.6297938823699951,0.5323286056518555,0.17186778783798218,-0.5905559062957764,0.5919083952903748,0.5485329627990723,-0.004298747051507235,0.6774042844772339,-0.7355983257293701,0.6663892269134521,-0.568514347076416,0.4340516924858093,0.8082581758499146,0.16487877070903778,0.565273106098175,0.5833043456077576,-0.3553856611251831,-0.730381429195404,0.3359639644622803,-0.02767324447631836,-0.03100002557039261,0.7624660730361938,-0.6470282077789307,-1.0634518048391328e-06,0.6470282077789307,0.7624660730361938,4.4877438654111756e-07,0.3268682062625885,0.12929795682430267,-0.030999857932329178,0.34505972266197205,-0.1846444457769394,-0.03100019320845604
140,0.5855998992919922,1.1420848369598389,-1.57383131980896,1.9556866884231567,1.8962923288345337,2.143747091293335,2.095552921295166,0.7312113046646118,-0.44881734251976013,-0.48054733872413635,0.397571861743927,0.41258180141448975,0.06093042716383934,0.32160741090774536,-0.3745688796043396,-0.24863308668136597,0.713886559009552,0.11317916214466095,-1.1085810661315918,1.7134615182876587,-0.1323319524526596,0.9395036697387695,-1.9111698865890503,0.7306248545646667,-0.633029043674469,0.13470174372196198,-0.4877545237541199,0.3843468129634857,-0.3852977454662323,0.41607043147087097,-0.417268306016922,0.4752858579158783,0.6250684261322021,0.5383038520812988,0.18916109204292297,-0.6284716129302979,0.5404600501060486,0.5593982338905334,-0.021174253895878792,0.7070218324661255,-0.7068746089935303,0.6450502872467041,-0.613471508026123,0.4411572813987732,0.8330745697021484,0.15370506048202515,0.5313770174980164,0.541854202747345,-0.4199821949005127,-0.7280172109603882,0.3359639644622803,-0.02767324447631836,-0.0310000441968441,0.7624660730361938,-0.6470282077789307,-1.7888791035147733e-06,0.6470282077789307,0.7624660730361938,8.094233407973661e-07,0.3268682062625885,0.12929795682430267,-0.03099975734949112,0.34505972266197205,-0.1846444457769394,-0.031000331044197083
141,0.5564992427825928,1.1119152307510376,-1.54380202293396,1.9858713150024414,1.8741220235824585,2.165900230407715,2.0704269409179688,0.7311158180236816,-0.46071532368659973,-0.47933465242385864,0.3928828537464142,0.4069570004940033,-0.31590911746025085,0.30862104892730713,-0.3503822386264801,-0.12981417775154114,0.6837996244430542,0.12054894864559174,-1.1381767988204956,1.7407634258270264,-0.15356451272964478,0.9694744944572449,-1.9406813383102417,0.7306792140007019,-0.5934749245643616,0.020387845113873482,-0.4838498830795288,0.42263826727867126,-0.3028666079044342,0.4145464599132538,-0.4154101014137268,0.40501669049263,0.6171238422393799,0.5368990898132324,0.2014337182044983,-0.6539340019226074,0.504071056842804,0.5641655921936035,-0.043689653277397156,0.719301164150238,-0.6933231949806213,0.6217067241668701,-0.6534156799316406,0.45101261138916016,0.8533445596694946,0.1371658444404602,0.5029796957969666,0.5025559663772583,-0.4731093645095825,-0.7236056327819824,0.3359639644622803,-0.02767324447631836,-0.03099999949336052,0.7624660730361938,-0.6470281481742859,-1.958958591785631e-06,0.6470281481742859,0.7624660730361938,1.1761767382267863e-06,0.3268681764602661,0.12929794192314148,-0.030999653041362762,0.34505975246429443,-0.1846444308757782,-0.031000345945358276
142,0.5266906023025513,1.0821107625961304,-1.5139459371566772,2.0155751705169678,1.8454457521438599,2.1927237510681152,2.0507285594940186,0.731115460395813,-0.4598856568336487,-0.48563843965530396,0.3922293186187744,0.4076269865036011,-0.4046967923641205,0.3761335611343384,-0.27449023723602295,-0.1292293816804886,0.659969687461853,0.1060120090842247,-1.1649624109268188,1.7684825658798218,-0.16216549277305603,0.9993420839309692,-1.970345377922058,0.7309780716896057,-0.5384975075721741,-0.38104748725891113,-0.47423791885375977,0.48472076654434204,-0.12324221432209015,0.40449726581573486,-0.4169955253601074,0.022528421133756638,0.6066873073577881,0.5335597991943359,0.21298155188560486,-0.6719592809677124,0.4711371064186096,0.571402370929718,-0.0706726461648941,0.7272378206253052,-0.6827375292778015,0.5971634387969971,-0.6858892440795898,0.46604305505752563,0.8606675267219543,0.11433373391628265,0.4961645007133484,0.48128634691238403,-0.5007163286209106,-0.7194766402244568,0.3359639644622803,-0.02767324447631836,-0.03100002557039261,0.7624660730361938,-0.6470282077789307,-1.090671162273793e-06,0.6470282077789307,0.7624660730361938,3.752223847186542e-07,0.3268682062625885,0.12929795682430267,-0.030999865382909775,0.34505972266197205,-0.1846444457769394,-0.031000185757875443
143,0.49727675318717957,1.052365779876709,-1.4841424226760864,2.045112371444702,1.8165042400360107,2.2206499576568604,2.029653310775757,0.7311094403266907,-0.44805261492729187,-0.4920072555541992,0.39133524894714355,0.41039177775382996,-0.40667450428009033,0.39176544547080994,-0.2939085066318512,-0.12109251320362091,0.6337621808052063,0.08178621530532837,-1.191202998161316,1.7982662916183472,-0.1696883887052536,1.0288711786270142,-2.0000486373901367,0.7309770584106445,-0.6128178238868713,-0.48130905628204346,-0.4599723517894745,0.48290473222732544,-0.11171010136604309,0.4070281982421875,-0.4164688289165497,0.009920908138155937,0.595534086227417,0.5300025939941406,0.22518768906593323,-0.6910587549209595,0.4364098310470581,0.5761806964874268,-0.0977393239736557,0.7334092855453491,-0.6727241277694702,0.568436861038208,-0.7190079689025879,0.48384541273117065,0.8627392649650574,0.08618658035993576,0.49824976921081543,0.4646614193916321,-0.5237566232681274,-0.713981032371521,0.3359639644622803,-0.02767324447631836,-0.03099999949336052,0.7624659538269043,-0.647028386592865,-1.6750892655181815e-06,0.647028386592865,0.7624659538269043,9.715273563415394e-07,0.3268682360649109,0.12929795682430267,-0.03099970892071724,0.34505969285964966,-0.1846444457769394,-0.0310002900660038
144,0.47048261761665344,1.0224623680114746,-1.4545875787734985,2.0743141174316406,1.7876697778701782,2.2491137981414795,2.004995107650757,0.7311105132102966,-0.3874754011631012,-0.4997140169143677,0.392147958278656,0.41725829243659973,-0.40417081117630005,0.401389479637146,-0.3442559838294983,-0.12125355750322342,0.6045407056808472,0.05296718329191208,-1.2142382860183716,1.82827889919281,-0.18329215049743652,1.058451533317566,-2.0297350883483887,0.7309610843658447,-0.6604995131492615,-0.5390663146972656,-0.40477898716926575,0.48850518465042114,-0.19711607694625854,0.4073794186115265,-0.41669127345085144,0.044631462544202805,0.5834877490997314,0.5273895263671875,0.23813048005104065,-0.7135597467422485,0.39749157428741455,0.5769168138504028,-0.12555645406246185,0.7375813722610474,-0.6634827852249146,0.5353219509124756,-0.7524533271789551,0.5017237663269043,0.86407071352005,0.05695406347513199,0.500137984752655,0.4458220899105072,-0.5479146242141724,-0.7078363299369812,0.3359639644622803,-0.02767324447631836,-0.031000029295682907,0.7624658346176147,-0.6470284461975098,-8.71398128765577e-07,0.6470284461975098,0.7624658346176147,7.312278285098728e-07,0.3268682360649109,0.12929795682430267,-0.03099985048174858,0.34505969285964966,-0.1846444457769394,-0.031000208109617233
145,0.44453537464141846,0.9926078915596008,-1.4247355461120605,2.103945016860962,1.7585879564285278,2.2781832218170166,1.9772117137908936,0.7310945391654968,-0.39151397347450256,-0.5024194717407227,0.3928275406360626,0.41778722405433655,-0.40848278999328613,0.40945541858673096,-0.38814517855644226,-0.10110247135162354,0.5734063386917114,0.022883335128426552,-1.235564947128296,1.858512043952942,-0.1943758726119995,1.0880203247070312,-2.0594000816345215,0.7309182286262512,-0.6976333260536194,-0.5471484661102295,-0.3670256733894348,0.48574966192245483,-0.16135674715042114,0.40842634439468384,-0.41666606068611145,0.09284298121929169,0.5707294940948486,0.5248422622680664,0.25149229168891907,-0.7378946542739868,0.3552146553993225,0.5738764405250549,-0.15372739732265472,0.7394845485687256,-0.6553856730461121,0.4995076656341553,-0.7838077545166016,0.5182972550392151,0.8634074330329895,0.02531442418694496,0.5038717985153198,0.42688414454460144,-0.5689456462860107,-0.7029018998146057,0.3359639644622803,-0.02767324447631836,-0.03099999949336052,0.7624658346176147,-0.6470285058021545,-2.0291697637730977e-06,0.6470285058021545,0.7624658346176147,9.17957265755831e-07,0.3268682360649109,0.12929795682430267,-0.030999675393104553,0.34505969285964966,-0.1846444457769394,-0.031000323593616486
146,0.4167424142360687,0.9628450274467468,-1.3946329355239868,2.132869243621826,1.7290420532226562,2.307541608810425,1.9480117559432983,0.7310707569122314,-0.44054901599884033,-0.5053873658180237,0.3905113637447357,0.3993355929851532,-0.416170209646225,0.4128479063510895,-0.40810009837150574,-0.07202810049057007,0.5414892435073853,-0.007431685924530029,-1.2562813758850098,1.888684630393982,-0.19816216826438904,1.1174023151397705,-2.0890660285949707,0.7309033870697021,-0.7165402173995972,-0.547646164894104,-0.34604644775390625,0.4826182425022125,-0.05937175825238228,0.4072244167327881,-0.4157196581363678,0.11800601333379745,0.5579311847686768,0.5204873085021973,0.2650164067745209,-0.7609319686889648,0.31336280703544617,0.5681430101394653,-0.1795015186071396,0.7397924065589905,-0.648449182510376,0.4624755382537842,-0.8116650581359863,0.5329937934875488,0.8593857884407043,-0.00833188183605671,0.511259913444519,0.41074326634407043,-0.5842636823654175,-0.6999473571777344,0.3359639644622803,-0.02767324447631836,-0.03100002557039261,0.7624650597572327,-0.6470293998718262,-6.294726517808158e-07,0.6470293998718262,0.7624650597572327,8.966399036580697e-07,0.3268684446811676,0.12929797172546387,-0.03099985420703888,0.34505948424339294,-0.18464446067810059,-0.031000196933746338
147,0.3882623612880707,0.9328173398971558,-1.3646618127822876,2.1568026542663574,1.6994119882583618,2.3371422290802,1.9185906648635864,0.7310594320297241,-0.4581860601902008,-0.5083876252174377,0.3878824710845947,0.3253494203090668,-0.41858622431755066,0.4167518615722656,-0.41126692295074463,-0.057681240141391754,0.5103772878646851,-0.0375032015144825,-1.278594970703125,1.9186850786209106,-0.19728505611419678,1.1459267139434814,-2.1187386512756348,0.7309148907661438,-0.721625030040741,-0.5446598529815674,-0.362003892660141,0.47762876749038696,0.005046549253165722,0.3958923816680908,-0.41584962606430054,0.0982394888997078,0.5451500415802002,0.5142998695373535,0.27865681052207947,-0.7806984186172485,0.27358290553092957,0.561838686466217,-0.2017686665058136,0.7405648827552795,-0.640978217124939,0.42412400245666504,-0.8367710113525391,0.5460895895957947,0.8524987101554871,-0.04280581697821617,0.5209737420082092,0.396493524312973,-0.5965254306793213,-0.6978182792663574,0.3359639644622803,-0.02767324447631836,-0.03100002184510231,0.7624655961990356,-0.6470286846160889,-9.000913792078791e-07,0.6470286846160889,0.7624655961990356,9.42111796575773e-07,0.32686829566955566,0.12929795682430267,-0.030999816954135895,0.3450596332550049,-0.1846444457769394,-0.031000226736068726
148,0.36064839363098145,0.9023069739341736,-1.3346771001815796,2.1693270206451416,1.6698181629180908,2.3667099475860596,1.8890458345413208,0.7310547232627869,-0.47214603424072266,-0.5037317872047424,0.3850129246711731,0.15107841789722443,-0.420878529548645,0.41584256291389465,-0.4129505753517151,-0.05135388672351837,0.47657346725463867,-0.06839471310377121,-1.2958568334579468,1.9483333826065063,-0.19173398613929749,1.1729092597961426,-2.1483988761901855,0.7309814095497131,-0.7260509133338928,-0.5532280206680298,-0.27559301257133484,0.4748522639274597,0.07095672190189362,0.3740353286266327,-0.4149855971336365,0.017056703567504883,0.5324208736419678,0.5064272880554199,0.29206880927085876,-0.7953472137451172,0.2369414120912552,0.5579262971878052,-0.21982915699481964,0.7450234889984131,-0.6297738552093506,0.38630080223083496,-0.8579502105712891,0.5581235289573669,0.8420330286026001,-0.07454639673233032,0.5342501401901245,0.38769882917404175,-0.6049885749816895,-0.6954699754714966,0.3359639644622803,-0.02767324447631836,-0.03100002184510231,0.7624656558036804,-0.6470287442207336,-9.770266160558094e-07,0.6470287442207336,0.7624656558036804,1.0419371392345056e-06,0.32686829566955566,0.12929797172546387,-0.030999798327684402,0.3450596332550049,-0.18464446067810059,-0.031000245362520218
149,0.33446019887924194,0.8712486028671265,-1.3046659231185913,2.162828207015991,1.6402714252471924,2.396146535873413,1.8593734502792358,0.7310621738433838,-0.4905300736427307,-0.49063393473625183,0.38065236806869507,-0.13770999014377594,-0.424409955739975,0.4130457937717438,-0.4145340025424957,-0.059956829994916916,0.4407828748226166,-0.10079911351203918,-1.3017958402633667,1.9773398637771606,-0.17956560850143433,1.1976158618927002,-2.1777608394622803,0.7310887575149536,-0.6803716421127319,-0.5624770522117615,-0.0920514464378357,0.46965163946151733,0.1655653566122055,0.3411262035369873,-0.4096108376979828,-0.1156180128455162,0.5198638439178467,0.4965372085571289,0.3047633469104767,-0.8025858402252197,0.20501279830932617,0.5602016448974609,-0.23263734579086304,0.757169246673584,-0.6103888154029846,0.3535339832305908,-0.8726038932800293,0.5699872970581055,0.8272478580474854,-0.09668503701686859,0.5534555315971375,0.39152753353118896,-0.6072925329208374,-0.691304624080658,0.3359639644622803,-0.02767324447631836,-0.03100002184510231,0.7624656558036804,-0.6470287442207336,-6.509785066555196e-07,0.6470287442207336,0.7624656558036804,3.824785892447835e-07,0.32686829566955566,0.12929797172546387,-0.030999906361103058,0.3450596332550049,-0.18464446067810059,-0.031000137329101562
150,0.3078022301197052,0.8405298590660095,-1.274951457977295,2.1439337730407715,1.6106245517730713,2.425018072128296,1.829654335975647,0.7310720086097717,-0.49518120288848877,-0.48432838916778564,0.37702372670173645,-0.3100341558456421,-0.42610839009284973,0.40548720955848694,-0.4150536060333252,-0.07228773832321167,0.4105401337146759,-0.13518810272216797,-1.2939136028289795,2.0052876472473145,-0.15973912179470062,1.2197612524032593,-2.205725908279419,0.7313075661659241,-0.49292853474617004,-0.562301754951477,0.13776946067810059,0.4570314884185791,0.2764747440814972,0.3045371472835541,-0.38735535740852356,-0.39816778898239136,0.5075056552886963,0.48505067825317383,0.31650829315185547,-0.8049596548080444,0.17702917754650116,0.5663043856620789,-0.24137131869792938,0.7742005586624146,-0.5851097106933594,0.33194708824157715,-0.8779544830322266,0.5827023983001709,0.8081040382385254,-0.1009320616722107,0.5803280472755432,0.4157475233078003,-0.6001967191696167,-0.6833140254020691,0.3359639644622803,-0.02767324447631836,-0.0310000441968441,0.7624654769897461,-0.647028923034668,-1.8043298268821673e-06,0.647028923034668,0.7624654769897461,7.101598953340726e-07,0.32686832547187805,0.12929797172546387,-0.030999768525362015,0.3450596034526825,-0.18464446067810059,-0.031000319868326187
151,0.27998092770576477,0.8106253743171692,-1.2456037998199463,2.127439260482788,1.5808318853378296,2.4523050785064697,1.7999712228775024,0.7310677170753479,-0.4729289412498474,-0.4910688102245331,0.37689724564552307,-0.252448171377182,-0.4243084490299225,0.38479676842689514,-0.4147112965583801,-0.06774991750717163,0.3946457505226135,-0.1693902611732483,-1.2783664464950562,2.0326662063598633,-0.13614696264266968,1.24295973777771,-2.232346534729004,0.7314104437828064,-0.2388252168893814,-0.533950686454773,0.26154825091362,0.440938800573349,0.33145055174827576,0.3206183910369873,-0.3671417236328125,-0.524325966835022,0.4952423572540283,0.4736943244934082,0.32778793573379517,-0.8083781003952026,0.14987824857234955,0.5692638754844666,-0.2490670084953308,0.7891365885734558,-0.5614525675773621,0.3224461078643799,-0.8741803169250488,0.5957184433937073,0.7881524562835693,-0.08675637096166611,0.6093349456787109,0.455896258354187,-0.5828198194503784,-0.6726662516593933,0.3359639644622803,-0.02767324447631836,-0.03100002557039261,0.7624654769897461,-0.6470288634300232,-1.0285882581229089e-06,0.6470288634300232,0.7624654769897461,5.891982368666504e-07,0.32686832547187805,0.12929795682430267,-0.030999846756458282,0.3450596034526825,-0.1846444457769394,-0.031000204384326935
152,0.2523266673088074,0.7808352708816528,-1.2162281274795532,2.1168603897094727,1.5510824918746948,2.4778900146484375,1.7703551054000854,0.7310524582862854,-0.4575098752975464,-0.49636122584342957,0.37831464409828186,-0.16013258695602417,-0.42212098836898804,0.36167773604393005,-0.4139612019062042,-0.04910227283835411,0.39088404178619385,-0.20165367424488068,-1.26039719581604,2.059298276901245,-0.11103900521993637,1.2671257257461548,-2.258000135421753,0.7314367890357971,-0.07235535979270935,-0.5006359815597534,0.2934343218803406,0.42421290278434753,0.35258862376213074,0.335297554731369,-0.3531784415245056,-0.5363954901695251,0.48284411430358887,0.4635457992553711,0.33917349576950073,-0.8147163391113281,0.1216493770480156,0.5669556856155396,-0.2573680877685547,0.8002995252609253,-0.5415554642677307,0.32088780403137207,-0.8645181655883789,0.608693540096283,0.7680697441101074,-0.06052715331315994,0.6374992728233337,0.5036606192588806,-0.5577011108398438,-0.6597694158554077,0.3359639644622803,-0.02767324447631836,-0.03100002557039261,0.7624655365943909,-0.6470288038253784,-1.0032006230176194e-06,0.6470288038253784,0.7624655365943909,6.688023290735146e-07,0.32686832547187805,0.12929795682430267,-0.030999839305877686,0.3450596034526825,-0.1846444457769394,-0.031000211834907532
153,0.22536149621009827,0.7509774565696716,-1.186822772026062,2.1113030910491943,1.5214706659317017,2.5009775161743164,1.7408735752105713,0.731033444404602,-0.43865859508514404,-0.5008041262626648,0.3797954022884369,-0.08345824480056763,-0.41904038190841675,0.3272157311439514,-0.41229233145713806,-0.02627890557050705,0.39419418573379517,-0.23271381855010986,-1.2404800653457642,2.085402727127075,-0.08538714796304703,1.291133999824524,-2.2830052375793457,0.7314645648002625,0.02725803852081299,-0.4813404679298401,0.3252035081386566,0.4179486930370331,0.36088827252388,0.3328775465488434,-0.343871533870697,-0.5647521018981934,0.4706418514251709,0.4545173645019531,0.35056185722351074,-0.8237015008926392,0.09333863854408264,0.5592883825302124,-0.2655104100704193,0.8080500960350037,-0.5258890390396118,0.3235666751861572,-0.8512420654296875,0.6222251653671265,0.7461646795272827,-0.02657226100564003,0.665230929851532,0.5550252795219421,-0.5269951820373535,-0.6436017155647278,0.3359639644622803,-0.02767324447631836,-0.03100002557039261,0.7624655961990356,-0.6470287442207336,-9.878442597255344e-07,0.6470287442207336,0.7624655961990356,7.5075206495967e-07,0.32686829566955566,0.12929795682430267,-0.03099983185529709,0.3450596332550049,-0.1846444457769394,-0.03100021928548813
154,0.19962047040462494,0.7211862206459045,-1.157488226890564,2.1122095584869385,1.492168664932251,2.5191879272460938,1.7116280794143677,0.7310048341751099,-0.4008110761642456,-0.5078357458114624,0.3820606470108032,0.020033419132232666,-0.41213688254356384,0.2593814730644226,-0.40928950905799866,0.00745222344994545,0.4031860828399658,-0.2634049654006958,-1.2180638313293457,2.111290216445923,-0.059452157467603683,1.3155964612960815,-2.3074800968170166,0.7314941883087158,0.11827370524406433,-0.46826884150505066,0.3681175112724304,0.41321417689323425,0.36649566888809204,0.3397983908653259,-0.3361627459526062,-0.5983524322509766,0.45951199531555176,0.4466695785522461,0.36161813139915466,-0.8360894918441772,0.06673835217952728,0.5445186495780945,-0.27190232276916504,0.8116669654846191,-0.5169776082038879,0.32915234565734863,-0.8345284461975098,0.6364935636520386,0.7211786508560181,0.013725968077778816,0.6926131844520569,0.6087120175361633,-0.48985421657562256,-0.6241095066070557,0.3359639644622803,-0.02767324447631836,-0.03100002184510231,0.7624655961990356,-0.6470287442207336,-9.916634553519543e-07,0.6470287442207336,0.7624655961990356,1.0331086741643958e-06,0.32686829566955566,0.12929795682430267,-0.030999798327684402,0.3450596332550049,-0.1846444457769394,-0.031000245362520218
155,0.17849627137184143,0.6910706162452698,-1.128471851348877,2.117771863937378,1.4635261297225952,2.5353293418884277,1.6828522682189941,0.7310082316398621,-0.2995273172855377,-0.5145778656005859,0.3891361355781555,0.10014329105615616,-0.4011494815349579,0.2327841967344284,-0.40288567543029785,0.003547907341271639,0.41282209753990173,-0.29246774315834045,-1.1950045824050903,2.1370480060577393,-0.03436229005455971,1.3407769203186035,-2.330859422683716,0.7314772009849548,0.10193060338497162,-0.45834678411483765,0.36697834730148315,0.41284486651420593,0.35241827368736267,0.35037681460380554,-0.32080572843551636,-0.572117030620575,0.44820523262023926,0.4413442611694336,0.372766375541687,-0.8504570722579956,0.0376097597181797,0.5246983170509338,-0.2806292474269867,0.8112171292304993,-0.5130048394203186,0.3339993953704834,-0.8167219161987305,0.6509565711021423,0.6938958764076233,0.05436033755540848,0.718020498752594,0.6588196158409119,-0.4503852128982544,-0.6025860905647278,0.3359639644622803,-0.02767324447631836,-0.03100002184510231,0.7624656558036804,-0.6470286846160889,-9.32531577291229e-07,0.6470286846160889,0.7624656558036804,7.349594852712471e-07,0.32686829566955566,0.12929795682430267,-0.030999835580587387,0.3450596332550049,-0.1846444457769394,-0.031000208109617233
156,0.16655658185482025,0.6605815887451172,-1.099862813949585,2.127315044403076,1.4361828565597534,2.5491716861724854,1.6548004150390625,0.731035053730011,-0.11412452161312103,-0.5198915600776672,0.4023939371109009,0.17730018496513367,-0.37962862849235535,0.20278503000736237,-0.3928108215332031,-0.028911098837852478,0.4203427731990814,-0.32103848457336426,-1.1721022129058838,2.163145065307617,-0.010981651023030281,1.366927981376648,-2.3523740768432617,0.7314659953117371,0.05663737282156944,-0.4642093777656555,0.3606224060058594,0.4214383363723755,0.3280632197856903,0.36334046721458435,-0.2956635653972626,-0.5323699116706848,0.4364659786224365,0.4403247833251953,0.3840264081954956,-0.8660939931869507,0.0022491817362606525,0.49987635016441345,-0.2944225072860718,0.8058407306671143,-0.5137470960617065,0.33571743965148926,-0.7994942665100098,0.6655539274215698,0.6642006039619446,0.09157967567443848,0.7419236898422241,0.7037200331687927,-0.4114513397216797,-0.5792114734649658,0.3359639644622803,-0.02767324447631836,-0.03100002184510231,0.7624657154083252,-0.6470286846160889,-9.887075975711923e-07,0.6470286846160889,0.7624657154083252,9.75905777522712e-07,0.32686829566955566,0.12929797172546387,-0.0309998020529747,0.3450596332550049,-0.18464446067810059,-0.03100024163722992
157,0.16468600928783417,0.6299286484718323,-1.0710455179214478,2.138430118560791,1.411247730255127,2.561211347579956,1.6277427673339844,0.731065034866333,0.05003148317337036,-0.5159782767295837,0.4161422848701477,0.20516180992126465,-0.3448418974876404,0.17797735333442688,-0.37866517901420593,-0.06614650785923004,0.4244872033596039,-0.34937360882759094,-1.1504616737365723,2.1895368099212646,0.010472582653164864,1.3934603929519653,-2.3714711666107178,0.731451153755188,-0.004622634965926409,-0.4745146632194519,0.3354732394218445,0.42765742540359497,0.29970937967300415,0.36857178807258606,-0.2620180547237396,-0.5095120668411255,0.4241454601287842,0.44385671615600586,0.39542314410209656,-0.8809974193572998,-0.04141394421458244,0.4713054299354553,-0.3138922154903412,0.7965121269226074,-0.5167593359947205,0.33335137367248535,-0.7840871810913086,0.680061399936676,0.6326636075973511,0.1232389509677887,0.7645580172538757,0.7428638339042664,-0.37555575370788574,-0.5541761517524719,0.3359639644622803,-0.02767324447631836,-0.03100002557039261,0.7624656558036804,-0.6470286846160889,-1.0421108527225442e-06,0.6470286846160889,0.7624656558036804,5.755790652983706e-07,0.32686829566955566,0.12929795682430267,-0.030999846756458282,0.3450596332550049,-0.1846444457769394,-0.031000204384326935
158,0.1714746505022049,0.5994521975517273,-1.0420358180999756,2.1501481533050537,1.393365502357483,2.5659048557281494,1.6017709970474243,0.7310684323310852,0.1933085024356842,-0.5108970999717712,0.42886194586753845,0.2213440239429474,-0.24257098138332367,0.07403354346752167,-0.3635803163051605,-0.07299959659576416,0.424572616815567,-0.3773110806941986,-1.133490800857544,2.2148375511169434,0.0303497351706028,1.4207607507705688,-2.385150909423828,0.7314055562019348,-0.07559769600629807,-0.48718225955963135,0.24835482239723206,0.4053853452205658,0.27451151609420776,0.38074827194213867,-0.18690848350524902,-0.46117380261421204,0.41367459297180176,0.45162439346313477,0.4070218503475189,-0.8963322639465332,-0.0902940034866333,0.43409156799316406,-0.3318696618080139,0.7858718633651733,-0.5217930674552917,0.32613301277160645,-0.7721076011657715,0.6927884817123413,0.6013899445533752,0.14315705001354218,0.7860256433486938,0.7748029232025146,-0.34457314014434814,-0.5300472378730774,0.3359639644622803,-0.02767324447631836,-0.03100002557039261,0.7624657154083252,-0.6470286250114441,-1.0178148386330577e-06,0.6470286250114441,0.7624657154083252,6.576269129254797e-07,0.3268682658672333,0.12929795682430267,-0.030999839305877686,0.34505966305732727,-0.1846444457769394,-0.031000211834907532
159,0.1840987205505371,0.5693866610527039,-1.0126715898513794,2.161616086959839,1.386098861694336,2.563641309738159,1.5766468048095703,0.7310636639595032,0.27905067801475525,-0.5046245455741882,0.438973605632782,0.21871724724769592,-0.09216492623090744,-0.023754119873046875,-0.35185274481773376,-0.07038873434066772,0.4186968207359314,-0.404466450214386,-1.1257244348526,2.2377257347106934,0.04879653826355934,1.4485876560211182,-2.3929686546325684,0.7313336133956909,-0.17954131960868835,-0.5047604441642761,0.08869292587041855,0.3661608099937439,0.24905776977539062,0.3893558979034424,-0.105227530002594,-0.4123450815677643,0.40520405769348145,0.46311140060424805,0.41960978507995605,-0.9110196828842163,-0.14443157613277435,0.38624194264411926,-0.34618836641311646,0.7767884731292725,-0.5260733962059021,0.31279921531677246,-0.7660579681396484,0.7019980549812317,0.5737994909286499,0.146363765001297,0.8058112263679504,0.7977304458618164,-0.322635293006897,-0.5094434022903442,0.3359639644622803,-0.02767324447631836,-0.03100002557039261,0.76246577501297,-0.6470285654067993,-1.0035701052402146e-06,0.6470285654067993,0.76246577501297,7.420852625728003e-07,0.3268682658672333,0.12929795682430267,-0.03099983185529709,0.34505966305732727,-0.1846444457769394,-0.03100021928548813
160,0.19984909892082214,0.5399404168128967,-0.9831265211105347,2.173877716064453,1.390749216079712,2.555454969406128,1.5529184341430664,0.7310551404953003,0.329574853181839,-0.5017691254615784,0.4466879963874817,0.2337871640920639,0.07661660760641098,-0.10656306892633438,-0.3324825167655945,-0.06286155432462692,0.40842169523239136,-0.4318249523639679,-1.1292238235473633,2.257704496383667,0.0663403794169426,1.4767354726791382,-2.3934876918792725,0.7312736511230469,-0.24559132754802704,-0.5255261063575745,-0.09218096733093262,0.31751832365989685,0.23468022048473358,0.39402177929878235,-0.005668665748089552,-0.04401828721165657,0.3983337879180908,0.47763538360595703,0.4338544011116028,-0.9231493473052979,-0.20222412049770355,0.32695695757865906,-0.35601678490638733,0.7706355452537537,-0.5285574197769165,0.2938716411590576,-0.7661356925964355,0.7070268988609314,0.5497865676879883,0.13085438311100006,0.8249919414520264,0.8132206201553345,-0.30945587158203125,-0.4928581714630127,0.3359639644622803,-0.02767324447631836,-0.03100002557039261,0.7624658346176147,-0.6470285058021545,-1.0616601002766402e-06,0.6470285058021545,0.7624658346176147,4.435361518062564e-07,0.3268682360649109,0.12929795682430267,-0.030999861657619476,0.34505969285964966,-0.1846444457769394,-0.03100018948316574
161,0.21706843376159668,0.5110958218574524,-0.953575611114502,2.187540054321289,1.4058985710144043,2.5413143634796143,1.5313218832015991,0.7310382127761841,0.3511861562728882,-0.4976443648338318,0.44989222288131714,0.2550356090068817,0.2249870002269745,-0.19026796519756317,-0.302779883146286,-0.04268812760710716,0.3961852490901947,-0.46003276109695435,-1.1412034034729004,2.2749977111816406,0.08347178995609283,1.5049867630004883,-2.386413335800171,0.7312439680099487,-0.26642900705337524,-0.5403813123703003,-0.216521754860878,0.27522411942481995,0.22881975769996643,0.3959105312824249,0.09987296164035797,-0.022496255114674568,0.3926970958709717,0.49448204040527344,0.4499590992927551,-0.930750846862793,-0.2600867450237274,0.2570168972015381,-0.36073437333106995,0.7680414915084839,-0.529134213924408,0.27149510383605957,-0.7700066566467285,0.7085549831390381,0.5269274711608887,0.10003750771284103,0.8440023064613342,0.8244557976722717,-0.3013789653778076,-0.47900253534317017,0.3359639644622803,-0.02767324447631836,-0.03100002557039261,0.7624658346176147,-0.6470284461975098,-1.033710987030645e-06,0.6470284461975098,0.7624658346176147,5.220901471147954e-07,0.3268682360649109,0.12929795682430267,-0.03099985420703888,0.34505969285964966,-0.1846444457769394,-0.031000196933746338
162,0.23575076460838318,0.48296111822128296,-0.9248320460319519,2.201531171798706,1.4287025928497314,2.5228285789489746,1.5130192041397095,0.7310304641723633,0.3749132454395294,-0.48623836040496826,0.44325152039527893,0.25918877124786377,0.3326009511947632,-0.25110363960266113,-0.25671571493148804,-0.03636446222662926,0.3828427195549011,-0.4884265661239624,-1.1598098278045654,2.288426637649536,0.09985366463661194,1.5332156419754028,-2.372121810913086,0.7312031388282776,-0.2722848951816559,-0.543135404586792,-0.3222518563270569,0.2100815773010254,0.2167588472366333,0.3971116840839386,0.20048405230045319,-0.011486421339213848,0.3872206211090088,0.5130162239074707,0.46777909994125366,-0.9316492080688477,-0.31511902809143066,0.1809142380952835,-0.3623630404472351,0.7689024209976196,-0.5267656445503235,0.24735569953918457,-0.7762179374694824,0.7062340378761292,0.5052425861358643,0.05596080422401428,0.8611609935760498,0.8320921659469604,-0.2961692810058594,-0.46894198656082153,0.3359639644622803,-0.02767324447631836,-0.03100002557039261,0.7624658346176147,-0.6470285058021545,-1.0185735845880117e-06,0.6470285058021545,0.7624658346176147,6.033415047568269e-07,0.3268682360649109,0.12929795682430267,-0.030999846756458282,0.34505969285964966,-0.1846444457769394,-0.031000204384326935
163,0.2553432881832123,0.4570656716823578,-0.9001738429069519,2.214230537414551,1.4559178352355957,2.5015370845794678,1.4982624053955078,0.7310112714767456,0.3664323091506958,-0.44153347611427307,0.38082024455070496,0.22984851896762848,0.3927063047885895,-0.2920178174972534,-0.20706070959568024,-0.016823727637529373,0.36772605776786804,-0.5163796544075012,-1.1827725172042847,2.2962005138397217,0.11341611295938492,1.561264991760254,-2.3521108627319336,0.731143057346344,-0.2867804765701294,-0.5331395268440247,-0.3946487605571747,0.11998764425516129,0.1747318059206009,0.3970990478992462,0.28117072582244873,-0.035109397023916245,0.38189101219177246,0.5315976142883301,0.4861185550689697,-0.9262022972106934,-0.3621025085449219,0.10503051429986954,-0.36135029792785645,0.7730549573898315,-0.521355926990509,0.22234606742858887,-0.7840375900268555,0.6993987560272217,0.48631709814071655,0.000675588904414326,0.8737821578979492,0.8354837894439697,-0.2931743860244751,-0.4647749066352844,0.3359639644622803,-0.02767324447631836,-0.03100002557039261,0.7624659538269043,-0.647028386592865,-1.075444288289873e-06,0.647028386592865,0.7624659538269043,4.500257375639194e-07,0.3268682360649109,0.12929795682430267,-0.030999857932329178,0.34505969285964966,-0.1846444457769394,-0.03100019320845604
164,0.27466216683387756,0.4341728687286377,-0.8828549981117249,2.223538875579834,1.4842865467071533,2.481077194213867,1.487641453742981,0.7309816479682922,0.3312456011772156,-0.3899935185909271,0.2672276496887207,0.16943426430225372,0.40605059266090393,-0.28152111172676086,-0.14917832612991333,0.017833393067121506,0.35223010182380676,-0.5423997640609741,-1.2077813148498535,2.297224760055542,0.12361784279346466,1.5886437892913818,-2.329275131225586,0.7310669422149658,-0.26498785614967346,-0.477845162153244,-0.4242934584617615,0.007948842830955982,0.12813818454742432,0.3898325264453888,0.3206039369106293,-0.026780230924487114,0.376539945602417,0.5481147766113281,0.5037617683410645,-0.9168118238449097,-0.3976082503795624,0.03692982345819473,-0.35884252190589905,0.7797766923904419,-0.51301109790802,0.19869732856750488,-0.7919073104858398,0.6881904006004333,0.47151637077331543,-0.06061587482690811,0.8797715306282043,0.8352135419845581,-0.28946173191070557,-0.46757906675338745,0.3359639644622803,-0.02767324447631836,-0.03100002557039261,0.7624659538269043,-0.6470283269882202,-1.026497670864046e-06,0.6470283269882202,0.7624659538269043,5.241125222710252e-07,0.3268682062625885,0.12929795682430267,-0.03099985420703888,0.34505972266197205,-0.1846444457769394,-0.031000196933746338
165,0.2921733558177948,0.4140036106109619,-0.8742438554763794,2.2270913124084473,1.5125524997711182,2.4680967330932617,1.4785702228546143,0.7309699058532715,0.2695005238056183,-0.34361782670021057,0.13269482553005219,0.07428893446922302,0.4006442725658417,-0.17690172791481018,-0.12735964357852936,0.034937262535095215,0.33669841289520264,-0.559964120388031,-1.2356054782867432,2.288276433944702,0.132624089717865,1.6149632930755615,-2.305764675140381,0.7309731245040894,-0.21198195219039917,-0.2876519560813904,-0.4579539895057678,-0.16552133858203888,0.11409424245357513,0.3779442608356476,0.3288280963897705,-0.009870994836091995,0.3699376583099365,0.5607113838195801,0.5200254917144775,-0.9049689769744873,-0.4250205457210541,-0.019713999703526497,-0.3589332699775696,0.7874928116798401,-0.5010209083557129,0.1801307201385498,-0.7983908653259277,0.671716570854187,0.46687090396881104,-0.1251508593559265,0.8754249811172485,0.8292872905731201,-0.28182196617126465,-0.4825546145439148,0.3359639644622803,-0.02767324447631836,-0.03100002557039261,0.7624660134315491,-0.6470282673835754,-1.0649544037732994e-06,0.6470282673835754,0.7624660134315491,3.8850950545565865e-07,0.3268682062625885,0.12929795682430267,-0.030999865382909775,0.34505972266197205,-0.1846444457769394,-0.031000185757875443
166,0.3065476715564728,0.39631691575050354,-0.8737393617630005,2.2228200435638428,1.5407429933547974,2.4611542224884033,1.4722424745559692,0.7309372425079346,0.18844975531101227,-0.2910799980163574,0.005636109039187431,-0.05182451009750366,0.3968806266784668,-0.09443814307451248,-0.08884095400571823,0.07897355407476425,0.32139962911605835,-0.5665267705917358,-1.2645093202590942,2.274160623550415,0.14147840440273285,1.639807939529419,-2.2833211421966553,0.7308143973350525,-0.21004821360111237,-0.10710626095533371,-0.4491439163684845,-0.22657367587089539,0.11650028824806213,0.35352957248687744,0.3122011423110962,0.20297297835350037,0.3636167049407959,0.5689182281494141,0.5345286726951599,-0.894634485244751,-0.4422224760055542,-0.06378468871116638,-0.35953885316848755,0.7972918748855591,-0.48482730984687805,0.16679072380065918,-0.8026952743530273,0.6531717777252197,0.4710889458656311,-0.18737104535102844,0.8619555234909058,0.8183261156082153,-0.271930456161499,-0.506355881690979,0.3359639644622803,-0.02767324447631836,-0.03100002557039261,0.7624660134315491,-0.6470282673835754,-1.0292013712387416e-06,0.6470282673835754,0.7624660134315491,5.739645985158859e-07,0.3268682062625885,0.12929795682430267,-0.030999846756458282,0.34505972266197205,-0.1846444457769394,-0.031000204384326935
167,0.31833747029304504,0.3806677460670471,-0.8804695010185242,2.2120425701141357,1.5690048933029175,2.457550048828125,1.471213698387146,0.7309005260467529,0.1379023641347885,-0.26028046011924744,-0.10148119181394577,-0.14725615084171295,0.39755064249038696,-0.04868000000715256,-0.01476125419139862,0.12549693882465363,0.3057311177253723,-0.5659478306770325,-1.293095588684082,2.258432388305664,0.15057234466075897,1.6631537675857544,-2.2622439861297607,0.7307740449905396,-0.2237725406885147,-0.01335812732577324,-0.44123271107673645,-0.24159488081932068,0.12083607912063599,0.3304496109485626,0.29240337014198303,0.2573099732398987,0.35863709449768066,0.573479175567627,0.5475232005119324,-0.8886014223098755,-0.4485548436641693,-0.095845066010952,-0.3582953214645386,0.8092655539512634,-0.46552520990371704,0.15611481666564941,-0.8053340911865234,0.6347574591636658,0.47852444648742676,-0.24613457918167114,0.842871367931366,0.8046417832374573,-0.2613621950149536,-0.5331431031227112,0.3359639644622803,-0.02767324447631836,-0.03100002557039261,0.7624661326408386,-0.6470281481742859,-1.0610306162561756e-06,0.6470281481742859,0.7624661326408386,4.1809073536569485e-07,0.3268681764602661,0.12929795682430267,-0.030999861657619476,0.34505975246429443,-0.1846444457769394,-0.03100018948316574
168,0.3296171724796295,0.36541879177093506,-0.8909420371055603,2.1961395740509033,1.597346544265747,2.4568212032318115,1.476806640625,0.7309035062789917,0.13955020904541016,-0.25593236088752747,-0.14998407661914825,-0.2167012095451355,0.39902937412261963,-0.007124770432710648,0.0774490013718605,0.12622001767158508,0.29034584760665894,-0.5624054074287415,-1.3210605382919312,2.243251323699951,0.15952086448669434,1.6851394176483154,-2.242705821990967,0.7307770848274231,-0.2261456698179245,0.020381683483719826,-0.4313502609729767,-0.2288520336151123,0.11854687333106995,0.31092220544815063,0.2715229094028473,0.2515134811401367,0.35375523567199707,0.5759773254394531,0.559913158416748,-0.8857823610305786,-0.4489462077617645,-0.11763206124305725,-0.3577427268028259,0.82195645570755,-0.4431792199611664,0.14621186256408691,-0.8069891929626465,0.6174006462097168,0.48502349853515625,-0.3012672960758209,0.8209691047668457,0.7903627157211304,-0.250768780708313,-0.5589649081230164,0.3359639644622803,-0.02767324447631836,-0.03100002557039261,0.7624660730361938,-0.6470281481742859,-1.0233885632260353e-06,0.6470281481742859,0.7624660730361938,5.984826429994428e-07,0.3268681764602661,0.12929794192314148,-0.030999846756458282,0.34505975246429443,-0.1846444308757782,-0.031000204384326935
169,0.34252357482910156,0.3500080406665802,-0.9034853577613831,2.1757593154907227,1.6259232759475708,2.4587934017181396,1.4882363080978394,0.730933427810669,0.16787056624889374,-0.2532177269458771,-0.17626407742500305,-0.2801735997200012,0.4020679295063019,0.031191634014248848,0.15916818380355835,0.11046481877565384,0.2743076682090759,-0.5575405955314636,-1.3485387563705444,2.2280654907226562,0.1675671637058258,1.7064330577850342,-2.225113868713379,0.7307799458503723,-0.23941752314567566,0.03448221832513809,-0.4271341860294342,-0.22851334512233734,0.10519203543663025,0.301270067691803,0.24429060518741608,0.24932506680488586,0.3481009006500244,0.5775370597839355,0.5720651745796204,-0.8845711946487427,-0.4476034343242645,-0.13109250366687775,-0.36018532514572144,0.8341449499130249,-0.4176945984363556,0.1359851360321045,-0.8080487251281738,0.6005127429962158,0.4902428984642029,-0.3538309335708618,0.796533465385437,0.7753962278366089,-0.24028611183166504,-0.5839719176292419,0.3359639644622803,-0.02767324447631836,-0.03100002557039261,0.7624660730361938,-0.6470282077789307,-9.96326093627431e-07,0.6470282077789307,0.7624660730361938,6.776726308999059e-07,0.3268682062625885,0.12929795682430267,-0.030999839305877686,0.34505972266197205,-0.1846444457769394,-0.031000211834907532
170,0.35801953077316284,0.3338121473789215,-0.9133115410804749,2.151073694229126,1.654677152633667,2.4646966457366943,1.5030990839004517,0.7310096025466919,0.23194874823093414,-0.2560725212097168,-0.1264735758304596,-0.3373197317123413,0.4044056832790375,0.08741306513547897,0.20806315541267395,0.005567530170083046,0.2571696639060974,-0.5524885058403015,-1.3755998611450195,2.211615800857544,0.1735660880804062,1.727698564529419,-2.210177421569824,0.7307738065719604,-0.2575571537017822,0.029755521565675735,-0.4280795753002167,-0.24915644526481628,0.07510823756456375,0.30157217383384705,0.20722684264183044,0.24699842929840088,0.33992981910705566,0.5793037414550781,0.5843161940574646,-0.8814054727554321,-0.4514930844306946,-0.13884694874286652,-0.3710751235485077,0.8437039256095886,-0.3879006505012512,0.12485718727111816,-0.8085999488830566,0.5831557512283325,0.4948829412460327,-0.404524564743042,0.769058346748352,0.7593167424201965,-0.22902989387512207,-0.6090839505195618,0.3359639644622803,-0.02767324447631836,-0.03100002557039261,0.7624653577804565,-0.6470290422439575,-1.0409351034468273e-06,0.6470290422439575,0.7624653577804565,5.172980763745727e-07,0.32686835527420044,0.12929795682430267,-0.03099985420703888,0.3450595736503601,-0.1846444457769394,-0.031000196933746338
171,0.37686994671821594,0.3189929127693176,-0.9198141694068909,2.124281644821167,1.683663010597229,2.472407579421997,1.5188250541687012,0.7310938239097595,0.29986023902893066,-0.21147434413433075,-0.07255472987890244,-0.3697279691696167,0.40729179978370667,0.11192723363637924,0.22036826610565186,-0.004175410605967045,0.23829707503318787,-0.5470794439315796,-1.4026223421096802,2.19295597076416,0.17440778017044067,1.749814510345459,-2.1978821754455566,0.7307416200637817,-0.2849060297012329,0.03144165873527527,-0.43483465909957886,-0.2836959958076477,0.001041540177538991,0.31427496671676636,0.17009644210338593,0.28356385231018066,0.33016467094421387,0.5821161270141602,0.5960046052932739,-0.875308632850647,-0.4618465304374695,-0.14329296350479126,-0.3901316821575165,0.8495504260063171,-0.3550512194633484,0.11185240745544434,-0.8088350296020508,0.5639656186103821,0.5005820393562317,-0.45522797107696533,0.7363321781158447,0.7396142482757568,-0.21712279319763184,-0.6370466947555542,0.3359639644622803,-0.02767324447631836,-0.03099999949336052,0.7624661326408386,-0.6470281481742859,-2.029961933658342e-06,0.6470281481742859,0.7624661326408386,8.939384201767098e-07,0.3268681764602661,0.12929795682430267,-0.03099967911839485,0.34505975246429443,-0.1846444457769394,-0.031000319868326187
172,0.397809237241745,0.31022948026657104,-0.9228993654251099,2.097318410873413,1.7126789093017578,2.479501485824585,1.5312296152114868,0.7311694025993347,0.34937167167663574,-0.07177645713090897,-0.017128678038716316,-0.38531243801116943,0.4059971272945404,0.10063033550977707,0.1736086755990982,0.0032812166027724743,0.2186502367258072,-0.5411660671234131,-1.4296101331710815,2.1737515926361084,0.1665084809064865,1.7723426818847656,-2.1873362064361572,0.730708122253418,-0.3031729757785797,0.03666597232222557,-0.4366379976272583,-0.2885713279247284,-0.12228459864854813,0.3194761276245117,0.14530247449874878,0.3221155107021332,0.3212902545928955,0.5864396095275879,0.6054564118385315,-0.8665883541107178,-0.47733911871910095,-0.1455056518316269,-0.4152214825153351,0.8514597415924072,-0.3203238546848297,0.09606051445007324,-0.8091316223144531,0.5429351329803467,0.5068359375,-0.5065526962280273,0.6975111365318298,0.7141995429992676,-0.20636379718780518,-0.6688296794891357,0.3359639644622803,-0.02767324447631836,-0.03100002557039261,0.7624662518501282,-0.6470280289649963,-1.0327838708690251e-06,0.6470280289649963,0.7624662518501282,5.94283960708708e-07,0.3268681466579437,0.12929795682430267,-0.030999846756458282,0.3450597822666168,-0.1846444457769394,-0.031000204384326935
173,0.4204472005367279,0.3109293580055237,-0.9231806397438049,2.0702404975891113,1.7416168451309204,2.485860586166382,1.5392433404922485,0.731242299079895,0.39226749539375305,0.11083606630563736,0.03055441938340664,-0.4001787602901459,0.40218138694763184,0.08716779947280884,0.1132315918803215,-0.02756831981241703,0.19849316775798798,-0.5346686244010925,-1.4565948247909546,2.154813766479492,0.15062984824180603,1.7947007417678833,-2.177781581878662,0.7306850552558899,-0.3163497745990753,0.043688222765922546,-0.4369296431541443,-0.28245383501052856,-0.23429295420646667,0.31672173738479614,0.13124516606330872,0.34846222400665283,0.31473326683044434,0.5925893783569336,0.6113315224647522,-0.8558588027954102,-0.49700331687927246,-0.14315520226955414,-0.4455854892730713,0.8490623235702515,-0.28380754590034485,0.07745814323425293,-0.8091650009155273,0.5207803845405579,0.5115053057670593,-0.5583733320236206,0.6531320810317993,0.6833652257919312,-0.1964665651321411,-0.7031450271606445,0.3359639644622803,-0.02767324447631836,-0.03100002557039261,0.762466311454773,-0.6470279693603516,-9.918429668687168e-07,0.6470279693603516,0.762466311454773,6.707442707920563e-07,0.3268681466579437,0.12929795682430267,-0.030999843031167984,0.3450597822666168,-0.1846444457769394,-0.031000208109617233
174,0.4445967972278595,0.32065916061401367,-0.921204686164856,2.042764663696289,1.770340919494629,2.4917423725128174,1.5435758829116821,0.7312938570976257,0.4235512614250183,0.26072824001312256,0.06682518124580383,-0.4122523069381714,0.3977257013320923,0.0797479972243309,0.06141027808189392,-0.014438137412071228,0.1780296117067337,-0.5281030535697937,-1.483540654182434,2.137117862701416,0.1298821121454239,1.816146731376648,-2.1689624786376953,0.7306917905807495,-0.3307529091835022,0.03999233618378639,-0.43484416604042053,-0.25919708609580994,-0.3021969199180603,0.3032998740673065,0.12096773833036423,0.3400270938873291,0.3105142116546631,0.6004867553710938,0.6137147545814514,-0.8435182571411133,-0.5196725726127625,-0.13571053743362427,-0.4795582890510559,0.8424943089485168,-0.24541226029396057,0.056558847427368164,-0.8085031509399414,0.4988518953323364,0.5117659568786621,-0.6093681454658508,0.6056120991706848,0.6495758891105652,-0.18689215183258057,-0.7369683384895325,0.3359639644622803,-0.02767324447631836,-0.03100002557039261,0.7624654769897461,-0.6470288634300232,-1.0446937039887416e-06,0.6470288634300232,0.7624654769897461,5.134553475727444e-07,0.32686832547187805,0.12929795682430267,-0.03099985420703888,0.3450596034526825,-0.1846444457769394,-0.031000196933746338
175,0.46967974305152893,0.3363206684589386,-0.9171479940414429,2.014747142791748,1.7985332012176514,2.498858690261841,1.5462614297866821,0.7313330173492432,0.43956395983695984,0.34495478868484497,0.0982961654663086,-0.4206603467464447,0.3891974687576294,0.09685467183589935,0.03906697779893875,-0.025400714948773384,0.15849749743938446,-0.5213003158569336,-1.5099904537200928,2.1224396228790283,0.1072523221373558,1.8344875574111938,-2.1624319553375244,0.7307285666465759,-0.3183707594871521,0.05392489582300186,-0.4159401059150696,-0.20920613408088684,-0.3265419602394104,0.25845226645469666,0.08924839645624161,0.29728177189826965,0.3072512149810791,0.6093730926513672,0.6135661005973816,-0.8291698694229126,-0.5451623201370239,-0.12359341979026794,-0.5160925388336182,0.831530749797821,-0.20543871819972992,0.03469061851501465,-0.807462215423584,0.4790302515029907,0.5068717002868652,-0.6556093096733093,0.5596940517425537,0.615443766117096,-0.1793917417526245,-0.767494261264801,0.3359639644622803,-0.02767324447631836,-0.03100002557039261,0.7624655365943909,-0.6470288038253784,-1.0219674777545151e-06,0.6470288038253784,0.7624655365943909,5.948585908299719e-07,0.32686832547187805,0.12929795682430267,-0.030999846756458282,0.3450596034526825,-0.1846444457769394,-0.031000204384326935
176,0.4947730302810669,0.3548813760280609,-0.9104486703872681,1.9867162704467773,1.8256607055664062,2.5081095695495605,1.5475797653198242,0.7313671112060547,0.44290220737457275,0.3813594579696655,0.13736304640769958,-0.41915571689605713,0.3738834261894226,0.12766340374946594,0.019884414970874786,-0.030034244060516357,0.13997025787830353,-0.5130743384361267,-1.5360256433486938,2.111881732940674,0.08449354022741318,1.8483425378799438,-2.157039165496826,0.7307825088500977,-0.31120556592941284,0.08235611766576767,-0.40051740407943726,-0.14064857363700867,-0.3274063169956207,0.19408097863197327,0.07371074706315994,0.23546555638313293,0.30373120307922363,0.6185498237609863,0.6119055151939392,-0.8119179010391235,-0.5734304189682007,-0.10939326882362366,-0.5541404485702515,0.8159968852996826,-0.16455239057540894,0.01244664192199707,-0.8066043853759766,0.46227502822875977,0.4959900379180908,-0.6971077919006348,0.517720639705658,0.581264853477478,-0.1763843297958374,-0.7943676114082336,0.3359639644622803,-0.02767324447631836,-0.03100002557039261,0.7624655961990356,-0.6470287442207336,-1.0897018682953785e-06,0.6470287442207336,0.7624655961990356,3.109073816176533e-07,0.32686829566955566,0.12929795682430267,-0.03099987283349037,0.3450596332550049,-0.1846444457769394,-0.031000178307294846
177,0.5193310976028442,0.37484297156333923,-0.9009342193603516,1.9591796398162842,1.850839376449585,2.519939661026001,1.5472936630249023,0.731394350528717,0.4380328059196472,0.4010339081287384,0.17896810173988342,-0.4122742712497711,0.34570467472076416,0.16301310062408447,-0.0014208684442564845,-0.047268208116292953,0.12253572791814804,-0.5036023259162903,-1.561618685722351,2.106752634048462,0.062046024948358536,1.8568217754364014,-2.1519737243652344,0.7308547496795654,-0.30621588230133057,0.10429953783750534,-0.3868422210216522,-0.05237944796681404,-0.322724312543869,0.11717311292886734,0.06962012499570847,0.15243877470493317,0.29939770698547363,0.6275458335876465,0.6091150045394897,-0.7911980152130127,-0.604202389717102,-0.09457863867282867,-0.5928959846496582,0.7957385182380676,-0.1235903725028038,-0.010292768478393555,-0.8065962791442871,0.44917774200439453,0.4783198833465576,-0.7340704798698425,0.48202744126319885,0.5470449328422546,-0.18032455444335938,-0.817450225353241,0.3359639644622803,-0.02767324447631836,-0.03100002557039261,0.762466311454773,-0.6470279097557068,-1.0308486935173278e-06,0.6470279097557068,0.762466311454773,5.453051130643871e-07,0.32686811685562134,0.12929795682430267,-0.03099985048174858,0.3450598120689392,-0.1846444457769394,-0.031000200659036636
178,0.5433037877082825,0.3938303291797638,-0.8858374357223511,1.931695580482483,1.8720794916152954,2.5358691215515137,1.54654061794281,0.7314639091491699,0.4463018476963043,0.37874650955200195,0.2633066177368164,-0.40566667914390564,0.2902873754501343,0.22263766825199127,-0.007754995953291655,-0.06371277570724487,0.10935992002487183,-0.49417734146118164,-1.5854681730270386,2.1075916290283203,0.04069710895419121,1.8596802949905396,-2.1488354206085205,0.7309196591377258,-0.2282804548740387,0.12169888615608215,-0.34762042760849,0.031846869736909866,-0.3045738935470581,0.037564173340797424,0.04324634373188019,0.07926671206951141,0.2925698757171631,0.6359825134277344,0.6057208180427551,-0.7644062042236328,-0.6398961544036865,-0.07884149253368378,-0.6346911191940308,0.7683511972427368,-0.08248346298933029,-0.03161740303039551,-0.8077964782714844,0.44021427631378174,0.4581787586212158,-0.7630743384361267,0.455839604139328,0.5145127773284912,-0.19050228595733643,-0.8360534310340881,0.3359639644622803,-0.02767324447631836,-0.03100002184510231,0.7624655961990356,-0.6470286846160889,-1.0101720135935466e-06,0.6470286846160889,0.7624655961990356,8.670667739352211e-07,0.32686829566955566,0.12929795682430267,-0.030999813228845596,0.3450596332550049,-0.1846444457769394,-0.031000230461359024
179,0.5679133534431458,0.40983012318611145,-0.8674120903015137,1.903910756111145,1.8880234956741333,2.5556774139404297,1.548653483390808,0.7315061688423157,0.4512881636619568,0.3157464265823364,0.3071993291378021,-0.40471506118774414,0.21622036397457123,0.2777387499809265,0.03296876698732376,-0.06150786951184273,0.10516166687011719,-0.48551398515701294,-1.604278802871704,2.1140809059143066,0.021513568237423897,1.857637643814087,-2.149864435195923,0.7309620976448059,-0.05833224952220917,0.14523839950561523,-0.25063154101371765,0.10437379032373428,-0.2683449387550354,-0.031871240586042404,-0.014693024568259716,0.035253725945949554,0.28294920921325684,0.6432771682739258,0.6022115349769592,-0.731562614440918,-0.6791396737098694,-0.05987899377942085,-0.677869975566864,0.733948290348053,-0.04256992042064667,-0.04757523536682129,-0.8104310035705566,0.43591588735580444,0.44478797912597656,-0.7791359424591064,0.44171369075775146,0.48616155982017517,-0.2041720151901245,-0.8496828079223633,0.3359639644622803,-0.02767324447631836,-0.03100002184510231,0.7624656558036804,-0.6470287442207336,-9.969583061320009e-07,0.6470287442207336,0.7624656558036804,9.577557875672937e-07,0.32686829566955566,0.12929797172546387,-0.030999805778265,0.3450596332550049,-0.18464446067810059,-0.03100023791193962
180,0.5933440923690796,0.4206753373146057,-0.8465592265129089,1.8754361867904663,1.899473786354065,2.578402280807495,1.5543361902236938,0.7315479516983032,0.46641576290130615,0.21815194189548492,0.34007152915000916,-0.40541043877601624,0.1547311395406723,0.3212449848651886,0.08175981789827347,-0.044535472989082336,0.11150669306516647,-0.476879358291626,-1.615447759628296,2.122974157333374,0.004727455787360668,1.8536057472229004,-2.1547794342041016,0.7309538722038269,0.13693514466285706,0.1747480034828186,-0.12341202795505524,0.1236562728881836,-0.22946028411388397,-0.0589069165289402,-0.0690334141254425,0.05347150191664696,0.27047228813171387,0.6488924026489258,0.5997677445411682,-0.6924614906311035,-0.7203530669212341,-0.03985816612839699,-0.7208165526390076,0.6931155920028687,-0.003773327451199293,-0.05522751808166504,-0.8137998580932617,0.43524545431137085,0.44534289836883545,-0.781976044178009,0.436100035905838,0.4628249704837799,-0.2158946990966797,-0.8597573041915894,0.3359639644622803,-0.02767324447631836,-0.03100002184510231,0.7624657154083252,-0.6470286846160889,-9.771164286576095e-07,0.6470286846160889,0.7624657154083252,1.0332664714951534e-06,0.32686829566955566,0.12929797172546387,-0.030999798327684402,0.3450596332550049,-0.18464446067810059,-0.031000245362520218
181,0.6203176379203796,0.42510464787483215,-0.8240653276443481,1.8464608192443848,1.911584496498108,2.601670265197754,1.5622276067733765,0.7315773367881775,0.4955471456050873,0.09919468313455582,0.36305999755859375,-0.40053460001945496,0.1664848029613495,0.33005771040916443,0.11258676648139954,-0.04392187297344208,0.12617823481559753,-0.46774277091026306,-1.6209502220153809,2.1290011405944824,-0.010242482647299767,1.8544446229934692,-2.160526752471924,0.7308664917945862,0.2789897322654724,0.18112516403198242,-0.050297271460294724,0.06121732294559479,-0.20288823544979095,0.012765814550220966,-0.08125655353069305,0.16370852291584015,0.25554919242858887,0.652946949005127,0.6002553701400757,-0.6477638483047485,-0.7613992691040039,-0.02594205178320408,-0.7617713212966919,0.6468679904937744,0.035584695637226105,-0.055030107498168945,-0.8152999877929688,0.4346510171890259,0.4598503112792969,-0.7780357003211975,0.4280166029930115,0.4437939524650574,-0.21612977981567383,-0.8696751594543457,0.3359639644622803,-0.02767324447631836,-0.03100002184510231,0.7624657154083252,-0.6470286250114441,-9.319290370513045e-07,0.6470286250114441,0.7624657154083252,7.375902555395442e-07,0.3268682658672333,0.12929795682430267,-0.030999835580587387,0.34505966305732727,-0.1846444457769394,-0.031000208109617233
182,0.6485095024108887,0.4243505597114563,-0.8004347681999207,1.8172458410263062,1.9265583753585815,2.625684976577759,1.5726433992385864,0.7316002249717712,0.5155757665634155,0.019672546535730362,0.37975382804870605,-0.40193215012550354,0.20694652199745178,0.33980464935302734,0.14863239228725433,-0.07655186206102371,0.1450491100549698,-0.4592469036579132,-1.623647928237915,2.131113290786743,-0.02596103772521019,1.8610727787017822,-2.166184663772583,0.7307876348495483,0.32740485668182373,0.15594731271266937,-0.02439873479306698,0.002234402811154723,-0.21498289704322815,0.09461898356676102,-0.08070322126150131,0.261391818523407,0.23883414268493652,0.6552214622497559,0.6035766005516052,-0.597785472869873,-0.8014383912086487,-0.018688678741455078,-0.8001227974891663,0.5950385332107544,0.0757143646478653,-0.05103468894958496,-0.8144855499267578,0.4323250651359558,0.48240870237350464,-0.7721654772758484,0.413572758436203,0.42637014389038086,-0.20544254779815674,-0.8809097409248352,0.3359639644622803,-0.02767324447631836,-0.03100002184510231,0.7624658346176147,-0.6470285058021545,-1.0019834917329717e-06,0.6470285058021545,0.7624658346176147,9.812757753024925e-07,0.3268682360649109,0.12929795682430267,-0.0309998020529747,0.34505969285964966,-0.1846444457769394,-0.03100024163722992
183,0.677479088306427,0.42069584131240845,-0.7760516405105591,1.7879003286361694,1.9453468322753906,2.6502304077148438,1.5851153135299683,0.7316150069236755,0.5301024913787842,-0.0208307895809412,0.3916627764701843,-0.40439531207084656,0.2601558268070221,0.3456289768218994,0.1784796565771103,-0.07195286452770233,0.16500224173069,-0.45318594574928284,-1.6253703832626343,2.129434823989868,-0.044099003076553345,1.8735947608947754,-2.170905590057373,0.7307193875312805,0.3328996002674103,0.10179051011800766,-0.02625936269760132,-0.056762199848890305,-0.2505239248275757,0.17795245349407196,-0.06818144768476486,0.3434026837348938,0.2214343547821045,0.6558408737182617,0.608860433101654,-0.543462872505188,-0.8392546772956848,-0.01731104776263237,-0.8347436785697937,0.5381351113319397,0.11667744815349579,-0.046598196029663086,-0.8112411499023438,0.42744308710098267,0.507626473903656,-0.7674961090087891,0.3914908766746521,0.4090527296066284,-0.18522167205810547,-0.89351487159729,0.3359644412994385,-0.02767324447631836,-0.03100002557039261,0.7624651193618774,-0.6470293402671814,-6.684675213364244e-07,0.6470293402671814,0.7624651193618774,8.754266787036613e-07,0.3268688917160034,0.12929797172546387,-0.03099985420703888,0.34505999088287354,-0.18464446067810059,-0.031000196933746338
184,0.7070108652114868,0.41544702649116516,-0.7510489821434021,1.7585134506225586,1.9676707983016968,2.6742801666259766,1.5981941223144531,0.7316216230392456,0.541718065738678,-0.04472164064645767,0.4016207158565521,-0.4051981568336487,0.308976948261261,0.33660686016082764,0.18813255429267883,-0.7020329236984253,0.18464542925357819,-0.4503324031829834,-1.6290843486785889,2.12333083152771,-0.0644134134054184,1.8919563293457031,-2.173258066177368,0.7306506037712097,0.31838786602020264,0.031765956431627274,-0.07415584474802017,-0.12770704925060272,-0.28304415941238403,0.2608250677585602,-0.03553367033600807,0.42337116599082947,0.20423102378845215,0.6551790237426758,0.615349531173706,-0.48635566234588623,-0.8734905123710632,-0.021733151748776436,-0.8643881678581238,0.477356493473053,0.1579994112253189,-0.043779611587524414,-0.8054652214050293,0.4192476272583008,0.5310750007629395,-0.7669512033462524,0.3602016568183899,0.3912021517753601,-0.15515053272247314,-0.9071323871612549,0.3359639644622803,-0.02767324447631836,-0.03100002184510231,0.7624658346176147,-0.6470285058021545,-1.0675574912966113e-06,0.6470285058021545,0.7624658346176147,5.182702693673491e-07,0.3268682360649109,0.12929795682430267,-0.030999846756458282,0.34505969285964966,-0.1846444457769394,-0.031000196933746338
185,0.7371660470962524,0.4089110791683197,-0.7260532975196838,1.7289692163467407,1.9940167665481567,2.6948752403259277,1.61381196975708,0.7315992116928101,0.5504263639450073,-0.06689991056919098,0.4002710282802582,-0.40686139464378357,0.36573153734207153,0.2866193354129791,0.22376756370067596,-0.7385396361351013,0.20427002012729645,-0.45607638359069824,-1.6317914724349976,2.1150686740875244,-0.0863894522190094,1.914992332458496,-2.1753389835357666,0.7306370139122009,0.30154943466186523,-0.1274033933877945,-0.07766452431678772,-0.16171036660671234,-0.3072251081466675,0.3262845575809479,-0.03186919540166855,0.4374682605266571,0.18825697898864746,0.6541156768798828,0.6228657364845276,-0.4298633337020874,-0.9024153351783752,-0.029395438730716705,-0.8871553540229797,0.41609394550323486,0.1995525360107422,-0.042302846908569336,-0.7978487014770508,0.4088808298110962,0.5535296201705933,-0.7663634419441223,0.3260245621204376,0.3784160017967224,-0.11728525161743164,-0.918175220489502,0.3359639644622803,-0.02767324447631836,-0.03099999949336052,0.76246577501297,-0.6470285654067993,-2.016421603912022e-06,0.6470285654067993,0.76246577501297,1.018290504362085e-06,0.3268682658672333,0.12929795682430267,-0.030999664217233658,0.34505966305732727,-0.1846444457769394,-0.03100033476948738
186,0.7675407528877258,0.4009271562099457,-0.7007890343666077,1.699193000793457,2.022202491760254,2.713740110397339,1.6334964036941528,0.731593668460846,0.5557090044021606,-0.09258344769477844,0.40392571687698364,-0.4095229506492615,0.39106178283691406,0.2633088529109955,0.28018757700920105,-0.7297545671463013,0.22424067556858063,-0.47084617614746094,-1.6259781122207642,2.1055777072906494,-0.11041111499071121,1.9397196769714355,-2.1802334785461426,0.7306498885154724,0.33781757950782776,-0.23252134025096893,0.06281669437885284,-0.18217207491397858,-0.33080410957336426,0.34923693537712097,-0.07104939967393875,0.41776081919670105,0.17305922508239746,0.6522121429443359,0.6308547258377075,-0.37248027324676514,-0.9273018836975098,-0.037009965628385544,-0.904062032699585,0.3535609245300293,0.24013876914978027,-0.03928065299987793,-0.7894439697265625,0.39847180247306824,0.5815660357475281,-0.7578986883163452,0.2955850660800934,0.3718690872192383,-0.07548773288726807,-0.9252107739448547,0.3359639644622803,-0.02767324447631836,-0.03100002184510231,0.7624658346176147,-0.6470285058021545,-9.717311968415743e-07,0.6470285058021545,0.7624658346176147,1.058964016920072e-06,0.3268682360649109,0.12929795682430267,-0.030999794602394104,0.34505969285964966,-0.1846444457769394,-0.031000249087810516
187,0.7981802225112915,0.38890311121940613,-0.6746905446052551,1.669026494026184,2.0509777069091797,2.731480121612549,1.6567106246948242,0.7316081523895264,0.5620704889297485,-0.18025566637516022,0.41318807005882263,-0.4045380651950836,0.40008413791656494,0.24952539801597595,0.3294871151447296,-0.7494493722915649,0.24603596329689026,-0.4886796176433563,-1.6107288599014282,2.0957438945770264,-0.1344020515680313,1.9643522500991821,-2.1879687309265137,0.7306606769561768,0.3877749741077423,-0.2409818321466446,0.21966226398944855,-0.1838136464357376,-0.3263314664363861,0.3468804955482483,-0.11061421036720276,0.40607231855392456,0.1576840877532959,0.6487579345703125,0.6398528814315796,-0.3129945993423462,-0.9486253261566162,-0.04630756750702858,-0.9161127805709839,0.28868651390075684,0.27820417284965515,-0.03247427940368652,-0.7808222770690918,0.3898526430130005,0.6178102493286133,-0.7382416129112244,0.2707574665546417,0.3675490617752075,-0.033280014991760254,-0.9294084310531616,0.3359639644622803,-0.02767324447631836,-0.03100002557039261,0.7624658942222595,-0.6470284461975098,-1.0730675512604648e-06,0.6470284461975098,0.7624658942222595,4.1896419133991003e-07,0.3268682360649109,0.12929795682430267,-0.030999861657619476,0.34505969285964966,-0.1846444457769394,-0.03100018948316574
188,0.8290507793426514,0.3706240653991699,-0.6476175785064697,1.6387139558792114,2.0799968242645264,2.749537706375122,1.6825846433639526,0.7316396236419678,0.56758052110672,-0.2974715828895569,0.42459696531295776,-0.39691057801246643,0.404025137424469,0.2563289403915405,0.36649397015571594,-0.7696473598480225,0.27017033100128174,-0.5057770013809204,-1.5896670818328857,2.0855042934417725,-0.1573127955198288,1.9885491132736206,-2.1971092224121094,0.7306550145149231,0.42763635516166687,-0.21818844974040985,0.3072698414325714,-0.18989062309265137,-0.3101290762424469,0.3404678404331207,-0.13027818500995636,0.4179433286190033,0.1412513256072998,0.6426005363464355,0.6503491997718811,-0.24986493587493896,-0.966413140296936,-0.06010908633470535,-0.924409031867981,0.21960937976837158,0.3118327558040619,-0.022526979446411133,-0.7719554901123047,0.3830218017101288,0.65948885679245,-0.7091025114059448,0.24949558079242706,0.3616078794002533,0.008282661437988281,-0.9322934746742249,0.3359639644622803,-0.02767324447631836,-0.03100002557039261,0.7624659538269043,-0.647028386592865,-1.0396850029792404e-06,0.647028386592865,0.7624659538269043,5.002613647775433e-07,0.3268682360649109,0.12929795682430267,-0.03099985420703888,0.34505969285964966,-0.1846444457769394,-0.031000196933746338
189,0.8597843050956726,0.3475993573665619,-0.6191922426223755,1.6086903810501099,2.109185218811035,2.768903970718384,1.7096819877624512,0.7316735982894897,0.5727897882461548,-0.3651927709579468,0.44513756036758423,-0.3934476971626282,0.40545788407325745,0.27464812994003296,0.3836671710014343,-0.8142364621162415,0.2960125505924225,-0.5208883285522461,-1.565221905708313,2.0733649730682373,-0.1803172528743744,2.0127525329589844,-2.2074973583221436,0.7306222319602966,0.46111422777175903,-0.17945049703121185,0.3575233221054077,-0.22138778865337372,-0.3104780912399292,0.34075939655303955,-0.14787714183330536,0.46138712763786316,0.1240689754486084,0.633598804473877,0.661573052406311,-0.1824657917022705,-0.9800575375556946,-0.07869879901409149,-0.928880512714386,0.1455901861190796,0.34056511521339417,-0.010970830917358398,-0.7623891830444336,0.3770082890987396,0.7044690847396851,-0.6720545887947083,0.22817954421043396,0.3506452143192291,0.05004352331161499,-0.9351704120635986,0.3359639644622803,-0.02767324447631836,-0.03099999949336052,0.7624659538269043,-0.647028386592865,-2.0274476355552906e-06,0.647028386592865,0.7624659538269043,1.016901137518289e-06,0.3268682360649109,0.12929795682430267,-0.030999664217233658,0.34505969285964966,-0.1846444457769394,-0.03100033476948738
190,0.8906661868095398,0.32177141308784485,-0.5900380611419678,1.5788276195526123,2.1385302543640137,2.7883005142211914,1.7375274896621704,0.7316892743110657,0.5787326097488403,-0.4063945710659027,0.45491236448287964,-0.3920254707336426,0.4070016145706177,0.2743012011051178,0.3941301107406616,-0.8065446019172668,0.3228808045387268,-0.5325514674186707,-1.5391554832458496,2.0578532218933105,-0.20322872698307037,2.0373072624206543,-2.218583345413208,0.7305691838264465,0.48674431443214417,-0.11496356874704361,0.38590487837791443,-0.2734552025794983,-0.3076060116291046,0.3457484841346741,-0.15792489051818848,0.528367817401886,0.10702681541442871,0.6226844787597656,0.6727125644683838,-0.11268842220306396,-0.9885886311531067,-0.09996916353702545,-0.9284749627113342,0.06893199682235718,0.3649420440196991,0.001375436782836914,-0.7516512870788574,0.3712390661239624,0.7509013414382935,-0.6281613707542419,0.20386385917663574,0.3322732150554657,0.09257471561431885,-0.9386290311813354,0.3359639644622803,-0.02767324447631836,-0.03099999949336052,0.7624659538269043,-0.6470283269882202,-1.979026592380251e-06,0.6470283269882202,0.7624659538269043,1.0943601864710217e-06,0.3268682062625885,0.12929795682430267,-0.03099966049194336,0.34505972266197205,-0.1846444457769394,-0.03100033849477768
191,0.9216422438621521,0.29421642422676086,-0.5604810118675232,1.5490548610687256,2.167933702468872,2.807399034500122,1.7658504247665405,0.7317006587982178,0.5847051739692688,-0.4323934018611908,0.4603235721588135,-0.39173632860183716,0.40730348229408264,0.27032580971717834,0.4003913104534149,-0.822242796421051,0.35046082735061646,-0.5387037396430969,-1.5123251676559448,2.040255546569824,-0.22537484765052795,2.061213970184326,-2.2290427684783936,0.7305273413658142,0.5039705634117126,-0.010376169346272945,0.4117109179496765,-0.29860275983810425,-0.2949107587337494,0.335590660572052,-0.14934132993221283,0.5814212560653687,0.09059691429138184,0.610316276550293,0.6833112239837646,-0.04164934158325195,-0.9915754199028015,-0.12265276908874512,-0.9227513670921326,-0.00890040397644043,0.3852933943271637,0.014159917831420898,-0.7402100563049316,0.36637383699417114,0.7960495352745056,-0.5789231657981873,0.17650239169597626,0.3053383231163025,0.13235348463058472,-0.9430010914802551,0.3359639644622803,-0.02767324447631836,-0.03099999949336052,0.7624660134315491,-0.6470282673835754,-1.9682761376316193e-06,0.6470282673835754,0.7624660134315491,1.1787466291934834e-06,0.3268682062625885,0.12929795682430267,-0.030999653041362762,0.34505972266197205,-0.1846444457769394,-0.031000345945358276
192,0.9526456594467163,0.26569440960884094,-0.5307557582855225,1.5193709135055542,2.197160005569458,2.8228700160980225,1.794684648513794,0.7316797971725464,0.5899094939231873,-0.44333356618881226,0.461681604385376,-0.39266282320022583,0.40570273995399475,0.21986863017082214,0.40643689036369324,-0.0774744302034378,0.3781009912490845,-0.5364317297935486,-1.4848402738571167,2.020372152328491,-0.2440359741449356,2.0839760303497314,-2.240907669067383,0.7304763197898865,0.5240975022315979,0.1464207023382187,0.44199591875076294,-0.3317718207836151,-0.24245817959308624,0.3190964460372925,-0.16918857395648956,0.6444370746612549,0.07536625862121582,0.5980167388916016,0.6933728456497192,0.02705836296081543,-0.9891734719276428,-0.1442355066537857,-0.9113693833351135,-0.08369207382202148,0.40299108624458313,0.0281069278717041,-0.7277798652648926,0.3629522919654846,0.8401004076004028,-0.522320032119751,0.1463322788476944,0.2694776654243469,0.16775918006896973,-0.94828200340271,0.3359639644622803,-0.02767324447631836,-0.03100002557039261,0.7624660730361938,-0.6470282077789307,-1.0789921134346514e-06,0.6470282077789307,0.7624660730361938,3.7286457654772676e-07,0.3268682062625885,0.12929795682430267,-0.030999865382909775,0.34505972266197205,-0.1846444457769394,-0.031000185757875443
193,0.9835672974586487,0.23710034787654877,-0.5010825395584106,1.4897639751434326,2.2256128787994385,2.8332340717315674,1.823803424835205,0.7316445112228394,0.5941404104232788,-0.4393823742866516,0.46052849292755127,-0.39495667815208435,0.3949160873889923,0.1483197659254074,0.40959811210632324,-0.07107255607843399,0.4058878719806671,-0.5227853059768677,-1.4569764137268066,1.9979044198989868,-0.25848957896232605,2.1033830642700195,-2.2562835216522217,0.730416476726532,0.5482962727546692,0.34858036041259766,0.46961092948913574,-0.36940884590148926,-0.17998789250850677,0.271136999130249,-0.21850670874118805,0.7187879085540771,0.06150984764099121,0.5867743492126465,0.7028716206550598,0.09167677164077759,-0.9824094772338867,-0.16268682479858398,-0.8948030471801758,-0.15296077728271484,0.41944068670272827,0.04376816749572754,-0.7147407531738281,0.3610983192920685,0.8824577927589417,-0.45662254095077515,0.11297868192195892,0.22339344024658203,0.19545328617095947,-0.9549311399459839,0.3359639644622803,-0.02767324447631836,-0.03100002557039261,0.7624660730361938,-0.6470281481742859,-1.0466295634614653e-06,0.6470281481742859,0.7624660730361938,4.500965076204011e-07,0.3268681764602661,0.12929794192314148,-0.030999861657619476,0.34505975246429443,-0.1846444308757782,-0.03100018948316574
194,1.0143771171569824,0.20854492485523224,-0.471709668636322,1.4601190090179443,2.2530646324157715,2.839271068572998,1.8530701398849487,0.731611967086792,0.5967063307762146,-0.4406373202800751,0.45466554164886475,-0.396636962890625,0.38112303614616394,0.08800683915615082,0.41087770462036133,-0.04058610275387764,0.4354367256164551,-0.5035278797149658,-1.4279553890228271,1.9769229888916016,-0.26663023233413696,2.117196798324585,-2.272876024246216,0.7304508090019226,0.5598026514053345,0.41463738679885864,0.48545438051223755,-0.33983370661735535,-0.092844158411026,0.192617267370224,-0.23439957201480865,0.6725007891654968,0.04878497123718262,0.5764923095703125,0.711872398853302,0.1526259183883667,-0.9721618294715881,-0.1777832806110382,-0.8738873600959778,-0.21677005290985107,0.43512284755706787,0.06223034858703613,-0.7021222114562988,0.3612779974937439,0.919701099395752,-0.38338565826416016,0.08464830368757248,0.17710979282855988,0.2127017378807068,-0.9609318971633911,0.3359639644622803,-0.02767324447631836,-0.03100002557039261,0.7624660730361938,-0.6470282077789307,-1.027190705826797e-06,0.6470282077789307,0.7624660730361938,5.44300121418928e-07,0.3268682062625885,0.12929795682430267,-0.03099985048174858,0.34505972266197205,-0.1846444457769394,-0.031000200659036636
195,1.0449693202972412,0.17994718253612518,-0.4432867765426636,1.4304325580596924,2.2803566455841064,2.8453543186187744,1.8824673891067505,0.731601357460022,0.5907435417175293,-0.4461457431316376,0.438316285610199,-0.39810311794281006,0.378717303276062,0.08967795222997665,0.41244375705718994,-0.02693002298474312,0.4655788242816925,-0.48250389099121094,-1.398495078086853,1.9584581851959229,-0.26875951886177063,2.128164291381836,-2.2892537117004395,0.7304942011833191,0.5612776279449463,0.4339301288127899,0.4913763403892517,-0.3007911145687103,-0.008491245098412037,0.15296199917793274,-0.23134464025497437,0.6296791434288025,0.03697562217712402,0.5656228065490723,0.7201065421104431,0.21253174543380737,-0.9581210613250732,-0.19192248582839966,-0.8492379784584045,-0.2782658338546753,0.4487348198890686,0.08210158348083496,-0.6890220642089844,0.3626982569694519,0.9499807953834534,-0.3062204122543335,0.061363816261291504,0.13429401814937592,0.223141610622406,-0.9654911160469055,0.3359639644622803,-0.02767324447631836,-0.03100002557039261,0.7624661326408386,-0.6470281481742859,-1.0081973869091598e-06,0.6470281481742859,0.7624661326408386,6.220806767487375e-07,0.3268681764602661,0.12929795682430267,-0.030999846756458282,0.34505975246429443,-0.1846444457769394,-0.031000204384326935
196,1.0744330883026123,0.15119439363479614,-0.41661903262138367,1.400754690170288,2.307347536087036,2.8517441749572754,1.911949634552002,0.7315739989280701,0.5589326024055481,-0.4512905478477478,0.40790465474128723,-0.39961475133895874,0.37451937794685364,0.09411032497882843,0.4136928915977478,-0.03449251502752304,0.49578848481178284,-0.4605556130409241,-1.3690483570098877,1.9439116716384888,-0.2639913558959961,2.135779857635498,-2.3050787448883057,0.7305614948272705,0.5581943392753601,0.44861364364624023,0.4974716007709503,-0.23752333223819733,0.088421531021595,0.10538427531719208,-0.22332005202770233,0.5504065155982971,0.026355981826782227,0.5541095733642578,0.7275531888008118,0.2697998881340027,-0.940817654132843,-0.2051100879907608,-0.8218525052070618,-0.3359867334365845,0.46007752418518066,0.10344338417053223,-0.6754360198974609,0.3654139041900635,0.9727959632873535,-0.2271600067615509,0.045456983149051666,0.09834068268537521,0.22725898027420044,-0.9688562750816345,0.3359639644622803,-0.02767324447631836,-0.03100002557039261,0.7624661922454834,-0.6470280885696411,-9.862787919701077e-07,0.6470280885696411,0.7624661922454834,6.987816050241236e-07,0.3268681764602661,0.12929795682430267,-0.030999839305877686,0.34505975246429443,-0.1846444457769394,-0.031000211834907532
