step,next_obs_0,next_obs_1,next_obs_2,next_obs_3,next_obs_4,next_obs_5,next_obs_6,next_obs_7,next_obs_8,next_obs_9,next_obs_10,next_obs_11,next_obs_12,next_obs_13,next_obs_14,next_obs_15,next_obs_16,next_obs_17,next_obs_18,next_obs_19,next_obs_20,next_obs_21,next_obs_22,next_obs_23,next_obs_24,next_obs_25,next_obs_26,next_obs_27,next_obs_28,next_obs_29,next_obs_30,next_obs_31,next_obs_32,next_obs_33,next_obs_34,next_obs_35,next_obs_36,next_obs_37,next_obs_38,next_obs_39,next_obs_40,next_obs_41,next_obs_42,next_obs_43,next_obs_44,next_obs_45,next_obs_46,next_obs_47,next_obs_48,next_obs_49,next_obs_50,next_obs_51,next_obs_52,next_obs_53,next_obs_54,next_obs_55,next_obs_56,next_obs_57,next_obs_58,next_obs_59,next_obs_60,next_obs_61,next_obs_62,next_obs_63,next_obs_64
0,0.19777311384677887,-0.36181241273880005,0.04489025101065636,0.8101128339767456,0.3439365327358246,0.9112735986709595,-0.3702545464038849,0.7309601902961731,-0.5744246244430542,0.38199582695961,-0.4766703248023987,-0.47058674693107605,0.2215166836977005,-0.35132551193237305,-0.2826743721961975,0.05556212365627289,0.3735942542552948,-0.1210264340043068,0.3930433690547943,0.9008793830871582,-0.2823384404182434,1.3457237482070923,-0.3618551790714264,0.7306386232376099,0.24474667012691498,0.5016986131668091,0.16223527491092682,-0.419420450925827,0.407227486371994,-0.21526063978672028,0.28413888812065125,0.421047568321228,0.43340277671813965,0.5195965766906738,0.16922008991241455,0.4430012106895447,-0.8754333257675171,-0.19330403208732605,0.20770886540412903,0.3099709153175354,-0.9277796745300293,0.2951827347278595,-0.19161701202392578,0.08745938539505005,0.942266047000885,-0.302762508392334,0.14307202398777008,-0.004367844667285681,-0.4383286237716675,-0.8988043665885925,0.33580905199050903,-0.015760421752929688,-0.03100002184510231,0.2700360417366028,0.9628502726554871,1.1425518664509582e-07,-0.9628502726554871,0.2700360417366028,1.1188461712663411e-06,0.19693779945373535,-0.0894995778799057,-0.030999906361103058,0.4746803343296051,0.05797872692346573,-0.031000137329101562
1,0.1683844029903412,-0.339601069688797,0.0167229101061821,0.7835990786552429,0.3536349833011627,0.8849688768386841,-0.37077999114990234,0.730978786945343,-0.5506325960159302,0.3835608661174774,-0.46624457836151123,-0.43460002541542053,0.12495166808366776,-0.36481982469558716,-0.0069117979146540165,0.13091279566287994,0.37416180968284607,-0.09755236655473709,0.3950255513191223,0.8868186473846436,-0.2527922987937927,1.3373225927352905,-0.33916956186294556,0.7306168675422668,-0.14138318598270416,0.34790176153182983,-0.011301187798380852,-0.2064269334077835,0.40671947598457336,-0.11541498452425003,0.3154500424861908,0.44617959856987,0.43953588604927063,0.49501848220825195,0.15089328587055206,0.3776567578315735,-0.9011214375495911,-0.2129686176776886,0.2041991651058197,0.30539053678512573,-0.93007493019104,0.2801456153392792,-0.18897676467895508,0.07283590734004974,0.9362347722053528,-0.33385956287384033,0.10955480486154556,-0.048832014203071594,-0.432389497756958,-0.900363564491272,0.33580905199050903,-0.015760421752929688,-0.03100002184510231,0.27003633975982666,0.9628502130508423,1.4366356992923102e-07,-0.9628502130508423,0.27003633975982666,1.3576651554103591e-06,0.19693776965141296,-0.08949954062700272,-0.030999884009361267,0.4746803641319275,0.05797869712114334,-0.031000159680843353
2,0.13911007344722748,-0.32084906101226807,-0.011782919988036156,0.7590376734733582,0.3574053943157196,0.8575516939163208,-0.3470105826854706,0.7310068607330322,-0.5687285661697388,0.30546700954437256,-0.4778670370578766,-0.3874211013317108,0.04519664868712425,-0.3838949203491211,0.33323296904563904,0.03179417550563812,0.3599852919578552,-0.07622898370027542,0.3927740752696991,0.8650952577590942,-0.22301708161830902,1.3425627946853638,-0.31855687499046326,0.7304200530052185,-0.3427196145057678,0.41183891892433167,-0.05963987112045288,-0.4189210832118988,0.41316166520118713,0.09386157244443893,0.2854258418083191,0.701759397983551,0.44509202241897583,0.468780517578125,0.13477301597595215,0.29082179069519043,-0.9284439086914062,-0.2311156690120697,0.20683345198631287,0.2968519330024719,-0.9322546720504761,0.26146548986434937,-0.19778871536254883,0.05882014334201813,0.921040415763855,-0.38309091329574585,0.07018537074327469,-0.11378201842308044,-0.43702173233032227,-0.8922252655029297,0.33580905199050903,-0.015760421752929688,-0.03100002184510231,0.2700362205505371,0.9628501534461975,1.8772851717585581e-07,-0.9628501534461975,0.2700362205505371,1.2463272014429094e-06,0.19693779945373535,-0.08949954807758331,-0.03099989891052246,0.4746803343296051,0.05797870457172394,-0.03100014477968216
3,0.1090039536356926,-0.3115471601486206,-0.040572334080934525,0.7353917360305786,0.3629741668701172,0.829606831073761,-0.31869664788246155,0.7310124039649963,-0.5810282230377197,0.13063520193099976,-0.4798874855041504,-0.35085561871528625,0.07272756844758987,-0.3949589431285858,0.3968132734298706,0.02927103452384472,0.33602970838546753,-0.05342213064432144,0.39110565185546875,0.8402500748634338,-0.19305340945720673,1.3535510301589966,-0.30014753341674805,0.7303637266159058,-0.4650060832500458,0.4004572331905365,-0.04926391690969467,-0.4276908338069916,0.41430872678756714,0.16738799214363098,0.25388652086257935,0.7733374834060669,0.45052409172058105,0.4423036575317383,0.12355048954486847,0.19752967357635498,-0.9483240842819214,-0.2483215034008026,0.21961262822151184,0.28968268632888794,-0.9315869808197021,0.2401791512966156,-0.21091794967651367,0.045708879828453064,0.8978217244148254,-0.43946823477745056,0.02799694612622261,-0.18954724073410034,-0.4430609941482544,-0.8762242794036865,0.33580905199050903,-0.015760421752929688,-0.03100002184510231,0.2700362205505371,0.9628501534461975,2.8381538186295074e-07,-0.9628501534461975,0.2700362205505371,1.4708176649946836e-06,0.19693779945373535,-0.08949954807758331,-0.030999884009361267,0.4746803343296051,0.05797870457172394,-0.031000159680843353
4,0.07820508629083633,-0.3304269313812256,-0.06622578203678131,0.7158539295196533,0.3676503896713257,0.8011599183082581,-0.2892512381076813,0.7310343384742737,-0.572866678237915,-0.423234760761261,-0.4269329607486725,-0.1845005601644516,0.06791619211435318,-0.4203870892524719,0.41236811876296997,0.009466548450291157,0.30293893814086914,-0.02869328297674656,0.4016861617565155,0.8162389993667603,-0.16329166293144226,1.3663666248321533,-0.2829913794994354,0.7303906679153442,-0.48892173171043396,0.43444588780403137,0.14535899460315704,-0.41536787152290344,0.4125882685184479,0.19028598070144653,0.23495350778102875,0.7686727046966553,0.45987623929977417,0.41652917861938477,0.12725430727005005,0.11231470108032227,-0.9587305784225464,-0.2611919045448303,0.2617248594760895,0.2821158170700073,-0.9229902029037476,0.21710196137428284,-0.22260475158691406,0.03440752625465393,0.8707855939865112,-0.49148643016815186,-0.01317124255001545,-0.265143483877182,-0.44686806201934814,-0.8544049859046936,0.33580905199050903,-0.015760421752929688,-0.03100002184510231,0.27003633975982666,0.9628500938415527,9.550235802180396e-08,-0.9628500938415527,0.27003633975982666,1.0412632036604919e-06,0.19693779945373535,-0.08949952572584152,-0.030999913811683655,0.4746803343296051,0.05797868221998215,-0.031000129878520966
5,0.045661672949790955,-0.359180748462677,-0.08156140148639679,0.7030155062675476,0.3712015151977539,0.771723210811615,-0.25983840227127075,0.7310763001441956,-0.5340231657028198,-0.47539544105529785,-0.2534247040748596,-0.14146162569522858,0.05064644664525986,-0.4236551523208618,0.41178974509239197,0.0164501816034317,0.27066922187805176,-0.0015611585695296526,0.418469101190567,0.7979626059532166,-0.13363975286483765,1.3784416913986206,-0.2649189233779907,0.7304486632347107,-0.46974799036979675,0.4509860873222351,0.23220551013946533,-0.30780869722366333,0.4113984704017639,0.17464089393615723,0.247976616024971,0.7075659036636353,0.47151732444763184,0.39291906356811523,0.1390671283006668,0.0395735502243042,-0.961698055267334,-0.27123942971229553,0.31695565581321716,0.26951509714126587,-0.9093408584594727,0.19457465410232544,-0.22966670989990234,0.025449246168136597,0.8420871496200562,-0.5369426608085632,-0.05081237852573395,-0.33414381742477417,-0.44543349742889404,-0.8306244611740112,0.33580905199050903,-0.015760421752929688,-0.03100002184510231,0.27003633975982666,0.9628500938415527,3.1866224503573903e-07,-0.9628500938415527,0.27003633975982666,1.6111637251015054e-06,0.19693779945373535,-0.08949952572584152,-0.03099987283349037,0.4746803343296051,0.05797868221998215,-0.03100017085671425
6,0.013082468882203102,-0.38916292786598206,-0.08366847038269043,0.6896438002586365,0.3693053126335144,0.7418876886367798,-0.23055399954319,0.7311115860939026,-0.4933220148086548,-0.4753413200378418,-0.04717538505792618,-0.1649925261735916,-0.025316087529063225,-0.42432230710983276,0.409726619720459,0.005270256660878658,0.23927412927150726,0.025952046737074852,0.43894776701927185,0.7837252020835876,-0.10408974438905716,1.391687273979187,-0.24754220247268677,0.7304840087890625,-0.45120376348495483,0.4533120095729828,0.28446370363235474,-0.2513040006160736,0.4121783971786499,0.19233976304531097,0.2394036203622818,0.665078341960907,0.4807850122451782,0.3727121353149414,0.15108636021614075,-0.017851591110229492,-0.9613202810287476,-0.2748541235923767,0.36778250336647034,0.24931085109710693,-0.8958684206008911,0.17251592874526978,-0.23377132415771484,0.018967196345329285,0.8122329115867615,-0.5769628882408142,-0.08597353845834732,-0.3981446623802185,-0.4406067132949829,-0.8045785427093506,0.33580905199050903,-0.015760421752929688,-0.03100002184510231,0.27003616094589233,0.9628502130508423,1.4504810508242372e-07,-0.9628502130508423,0.27003616094589233,1.1428169273131061e-06,0.19693779945373535,-0.0894995629787445,-0.030999906361103058,0.4746803343296051,0.05797871947288513,-0.031000137329101562
7,-0.016670631244778633,-0.4183756709098816,-0.08700370043516159,0.6801337599754333,0.36930912733078003,0.7122479677200317,-0.20173045992851257,0.7311045527458191,-0.5095199346542358,-0.4810979664325714,-0.09867873042821884,-0.08385484665632248,0.0022295014932751656,-0.4305656850337982,0.40371793508529663,0.01243724673986435,0.20769688487052917,0.052648041397333145,0.46397194266319275,0.7778632044792175,-0.07449126988649368,1.3997286558151245,-0.23117464780807495,0.7305682897567749,-0.4284904897212982,0.40999165177345276,0.3540019094944,-0.09175648540258408,0.41289079189300537,0.11058659106492996,0.22517812252044678,0.558584988117218,0.49019765853881836,0.3529634475708008,0.16541048884391785,-0.07248497009277344,-0.9564884305000305,-0.2826228141784668,0.41935229301452637,0.22787564992904663,-0.8787583112716675,0.1549587845802307,-0.232147216796875,0.01433613896369934,0.7832364439964294,-0.6106952428817749,-0.11658482253551483,-0.4499469995498657,-0.4273722171783447,-0.7841560244560242,0.33580905199050903,-0.015760421752929688,-0.03100002184510231,0.27003616094589233,0.9628502130508423,2.2643379793407803e-07,-0.9628502130508423,0.27003616094589233,1.37741574235406e-06,0.19693779945373535,-0.0894995629787445,-0.030999891459941864,0.4746803343296051,0.05797871947288513,-0.031000152230262756
8,-0.0460379384458065,-0.4470985531806946,-0.09727826714515686,0.6749902963638306,0.3716094195842743,0.6825361251831055,-0.17395398020744324,0.7310858368873596,-0.5254796743392944,-0.47614893317222595,-0.21276167035102844,-0.018830101937055588,0.0346626378595829,-0.4340968132019043,0.38927996158599854,0.006044995971024036,0.17756855487823486,0.07691272348165512,0.4915010631084442,0.77724689245224,-0.044784124940633774,1.4027296304702759,-0.21462035179138184,0.7306246757507324,-0.4045848548412323,0.3733634352684021,0.3903712034225464,-0.018241720274090767,0.41532033681869507,0.0402585044503212,0.2285478711128235,0.5169840455055237,0.4999762773513794,0.3300032615661621,0.18273431062698364,-0.1303117275238037,-0.9458825588226318,-0.29719510674476624,0.4740404486656189,0.2038307785987854,-0.8565854430198669,0.14114239811897278,-0.2261824607849121,0.010831117630004883,0.7553288340568542,-0.6395729184150696,-0.14291563630104065,-0.49114617705345154,-0.40807223320007324,-0.7695795297622681,0.33580905199050903,-0.015760421752929688,-0.03100002184510231,0.2700362205505371,0.9628501534461975,2.039454329860746e-07,-0.9628501534461975,0.2700362205505371,1.2798251418644213e-06,0.19693779945373535,-0.08949954807758331,-0.03099989891052246,0.4746803343296051,0.05797870457172394,-0.03100014477968216
9,-0.07545573264360428,-0.47303998470306396,-0.11469922959804535,0.6781474947929382,0.3674931526184082,0.6528506875038147,-0.1478857696056366,0.7311074137687683,-0.5369752645492554,-0.4463671147823334,-0.3226284086704254,0.11940770596265793,-0.05474252253770828,-0.4394059479236603,0.36552807688713074,0.029800215736031532,0.14888478815555573,0.0981568768620491,0.520243763923645,0.7819797396659851,-0.015121368691325188,1.3922905921936035,-0.19429758191108704,0.7306965589523315,-0.3823789656162262,0.3084891438484192,0.40988829731941223,0.08638481795787811,0.41556018590927124,-0.1548617035150528,0.2817201614379883,0.409026175737381,0.5101044178009033,0.3016014099121094,0.2037523090839386,-0.18682873249053955,-0.9318138360977173,-0.3111560642719269,0.5307740569114685,0.17078042030334473,-0.8301283717155457,0.1336544156074524,-0.21449661254882812,0.006629183888435364,0.727871298789978,-0.6663404703140259,-0.16184471547603607,-0.5173227787017822,-0.37869179248809814,-0.7674434781074524,0.33580905199050903,-0.015760421752929688,-0.03100002184510231,0.2700362205505371,0.9628501534461975,1.5339861647589714e-07,-0.9628501534461975,0.2700362205505371,1.1752157433875254e-06,0.19693779945373535,-0.08949954807758331,-0.030999906361103058,0.4746803343296051,0.05797870457172394,-0.031000137329101562
10,-0.1053353026509285,-0.4878405034542084,-0.13802368938922882,0.6824938058853149,0.3481549918651581,0.622641384601593,-0.12646566331386566,0.7312159538269043,-0.5437175035476685,-0.20629175007343292,-0.41258910298347473,0.06749376654624939,-0.27069440484046936,-0.43345922231674194,0.30059608817100525,-0.000983969308435917,0.12106605619192123,0.11462525278329849,0.5492282509803772,0.7921475768089294,0.014635543338954449,1.373644471168518,-0.17606118321418762,0.7307503819465637,-0.3799399733543396,0.2236023098230362,0.41297197341918945,0.1776306927204132,0.41599446535110474,-0.27166813611984253,0.25280889868736267,0.34670233726501465,0.5165334939956665,0.26735448837280273,0.21959847211837769,-0.24094998836517334,-0.9185419082641602,-0.31340712308883667,0.5741795301437378,0.12543541193008423,-0.8090636134147644,0.13190782070159912,-0.1984882354736328,0.002790704369544983,0.702434241771698,-0.6891643404960632,-0.1778724193572998,-0.531059205532074,-0.34109044075012207,-0.7756503224372864,0.33580905199050903,-0.015760421752929688,-0.03100002184510231,0.2700362205505371,0.9628501534461975,2.3724874154140707e-07,-0.9628501534461975,0.2700362205505371,1.4388235740625532e-06,0.19693779945373535,-0.08949954807758331,-0.030999884009361267,0.4746803343296051,0.05797870457172394,-0.031000159680843353
11,-0.13586485385894775,-0.47353121638298035,-0.16531658172607422,0.681904137134552,0.3239697217941284,0.5919219255447388,-0.11283069103956223,0.7313206791877747,-0.5385676622390747,0.34592175483703613,-0.4689790606498718,-0.1046791672706604,-0.3429507911205292,-0.41949325799942017,0.19186897575855255,0.03189375251531601,0.09329872578382492,0.1284821629524231,0.5778195858001709,0.8027606010437012,0.04427456855773926,1.3611648082733154,-0.15704625844955444,0.7307349443435669,-0.38646364212036133,0.20535703003406525,0.40354135632514954,0.1547609269618988,0.4148283898830414,-0.1773599088191986,0.26419728994369507,0.3258022665977478,0.5170445442199707,0.23069143295288086,0.2173735499382019,-0.30020058155059814,-0.9035332202911377,-0.3057897686958313,0.5864881277084351,0.07798492908477783,-0.8061947822570801,0.12978342175483704,-0.18337249755859375,0.0010425746440887451,0.6748651266098022,-0.7121126651763916,-0.19352677464485168,-0.5456008911132812,-0.3049226999282837,-0.7806034088134766,0.33580905199050903,-0.015760421752929688,-0.03100002184510231,0.2700362205505371,0.9628501534461975,2.138746140190051e-07,-0.9628501534461975,0.2700362205505371,1.336605009782943e-06,0.19693779945373535,-0.08949954807758331,-0.030999891459941864,0.4746803343296051,0.05797870457172394,-0.031000152230262756
12,-0.1661558449268341,-0.44698286056518555,-0.19413554668426514,0.6734612584114075,0.2972026765346527,0.5618202686309814,-0.10670208930969238,0.7313328385353088,-0.5394827127456665,0.45443665981292725,-0.4890071749687195,-0.18163903057575226,-0.3754967451095581,-0.41571781039237976,0.08636122196912766,0.02398577332496643,0.06548523902893066,0.14515557885169983,0.6048645973205566,0.8037145733833313,0.07404705882072449,1.3697558641433716,-0.13614603877067566,0.7306362390518188,-0.38965821266174316,0.3009728491306305,0.37343642115592957,-0.0547466054558754,0.41810423135757446,0.13456960022449493,0.2917104959487915,0.031729865819215775,0.5115021467208862,0.19475746154785156,0.20361381769180298,-0.3577677011489868,-0.8877276182174683,-0.2897277772426605,0.5785273313522339,0.0328369140625,-0.8150017857551575,0.11759302020072937,-0.17596817016601562,0.002080976963043213,0.6403515338897705,-0.737870454788208,-0.21330052614212036,-0.580318033695221,-0.2828575372695923,-0.7636902332305908,0.33580905199050903,-0.015760421752929688,-0.03100002184510231,0.2700362205505371,0.9628501534461975,2.984349976031808e-07,-0.9628501534461975,0.2700362205505371,1.5787325082783354e-06,0.19693779945373535,-0.08949954807758331,-0.03099987283349037,0.4746803343296051,0.05797870457172394,-0.03100017085671425
13,-0.19661197066307068,-0.418121337890625,-0.2237159162759781,0.6583929061889648,0.2714395523071289,0.531769871711731,-0.09695437550544739,0.7313333749771118,-0.5457535982131958,0.4866240322589874,-0.5006250739097595,-0.2877340316772461,-0.35622867941856384,-0.41062358021736145,0.13531343638896942,-0.36364081501960754,0.03831317648291588,0.16223767399787903,0.627585768699646,0.7974925637245178,0.10403458029031754,1.3904739618301392,-0.11517126858234406,0.7305914163589478,-0.40445709228515625,0.28430479764938354,0.3078358471393585,-0.13573907315731049,0.41715654730796814,0.300982266664505,0.29115384817123413,0.48182612657546997,0.5008760690689087,0.1606159210205078,0.18470430374145508,-0.4186711311340332,-0.8656101822853088,-0.27465131878852844,0.5605257153511047,-0.008362412452697754,-0.8280947208404541,0.09982883930206299,-0.1735067367553711,0.005376443266868591,0.5997262001037598,-0.7654547095298767,-0.23325416445732117,-0.626194179058075,-0.2674473524093628,-0.7323610782623291,0.33580905199050903,-0.015760421752929688,-0.03100002184510231,0.27003633975982666,0.9628502130508423,1.2417437744716153e-07,-0.9628502130508423,0.27003633975982666,1.133574869527365e-06,0.19693776965141296,-0.08949954062700272,-0.030999906361103058,0.4746803641319275,0.05797869712114334,-0.031000137329101562
14,-0.22683431208133698,-0.38828936219215393,-0.2538367807865143,0.6370924711227417,0.2507077753543854,0.5017764568328857,-0.07815033942461014,0.7313148975372314,-0.5433594584465027,0.5044443011283875,-0.5062214732170105,-0.38632702827453613,-0.28558507561683655,-0.40647369623184204,0.26210495829582214,-0.341905802488327,0.008573542349040508,0.17317962646484375,0.6400783658027649,0.7911041975021362,0.12325848639011383,1.4008023738861084,-0.09728606045246124,0.7306091785430908,-0.6476605534553528,0.11253053694963455,0.0653916746377945,-0.019872484728693962,0.28640109300613403,0.13280844688415527,0.2688690423965454,0.05633212998509407,0.48558560013771057,0.12961292266845703,0.1619601547718048,-0.48620450496673584,-0.8323159217834473,-0.26618659496307373,0.5352514982223511,-0.042875051498413086,-0.8436039686203003,0.09063416719436646,-0.17315959930419922,0.007273279130458832,0.5593929290771484,-0.7929233312606812,-0.2415618896484375,-0.6577914357185364,-0.247322678565979,-0.7114364504814148,0.33580905199050903,-0.015760421752929688,-0.03100002184510231,0.27003616094589233,0.9628502130508423,2.305580153461051e-07,-0.9628502130508423,0.27003616094589233,1.36359699354216e-06,0.19693779945373535,-0.0894995629787445,-0.030999891459941864,0.4746803343296051,0.05797871947288513,-0.031000152230262756
15,-0.2561410069465637,-0.35738036036491394,-0.2840516269207001,0.6186394691467285,0.23698797821998596,0.4721064567565918,-0.051382821053266525,0.7312787175178528,-0.5327445268630981,0.4915473461151123,-0.5012120008468628,-0.30705633759498596,-0.18534672260284424,-0.40981629490852356,0.3736811578273773,-0.29806557297706604,-0.03677115961909294,0.17677614092826843,0.6527198553085327,0.7880768775939941,0.13616478443145752,1.4060243368148804,-0.07401119917631149,0.7305863499641418,-0.7173699140548706,0.06672129034996033,0.1402626931667328,-0.04268015921115875,0.2977256178855896,0.16721707582473755,0.350665420293808,0.1431012898683548,0.4689745306968689,0.1007533073425293,0.14073973894119263,-0.5570878982543945,-0.7871357798576355,-0.26470813155174255,0.5102965235710144,-0.07298970222473145,-0.8568955659866333,0.08987921476364136,-0.17358922958374023,0.008971378207206726,0.5096462965011597,-0.826950192451477,-0.23751623928546906,-0.678743839263916,-0.21677947044372559,-0.7016505599021912,0.33580905199050903,-0.015760421752929688,-0.03100002184510231,0.27003616094589233,0.9628502130508423,1.9360871306162153e-07,-0.9628502130508423,0.27003616094589233,1.2530997537396615e-06,0.19693779945373535,-0.0894995629787445,-0.03099989891052246,0.4746803343296051,0.05797871947288513,-0.03100014477968216
16,-0.2816407084465027,-0.3263639509677887,-0.31444984674453735,0.6083486676216125,0.23130734264850616,0.4425112307071686,-0.022350797429680824,0.7312347292900085,-0.4682411551475525,0.47702544927597046,-0.49064338207244873,-0.16553057730197906,-0.07218527048826218,-0.41394785046577454,0.40549901127815247,-0.24562200903892517,-0.08067825436592102,0.17083923518657684,0.6686617732048035,0.7812121510505676,0.1536802053451538,1.413488745689392,-0.04877042397856712,0.730668842792511,-0.6409181952476501,-0.09899701178073883,0.22697746753692627,-0.1045307070016861,0.2929304242134094,0.14744804799556732,0.36594298481941223,0.37228724360466003,0.45399847626686096,0.07340049743652344,0.12447479367256165,-0.6240195035934448,-0.7338009476661682,-0.2685815095901489,0.49125444889068604,-0.10111057758331299,-0.865127682685852,0.08790963888168335,-0.1734609603881836,0.012139268219470978,0.4592483639717102,-0.8581603169441223,-0.22945991158485413,-0.6960320472717285,-0.1871340274810791,-0.6931957006454468,0.33580905199050903,-0.015760421752929688,-0.03100002184510231,0.27003616094589233,0.9628502130508423,1.5590784130381508e-07,-0.9628502130508423,0.27003616094589233,1.145754026765644e-06,0.19693779945373535,-0.0894995629787445,-0.030999910086393356,0.4746803343296051,0.05797871947288513,-0.031000133603811264
17,-0.298206090927124,-0.2961620092391968,-0.3452152907848358,0.6009061932563782,0.22264620661735535,0.41268306970596313,0.007090797182172537,0.7312230467796326,-0.30549925565719604,0.47841814160346985,-0.4739550054073334,-0.14277265965938568,-0.1162894144654274,-0.4119936525821686,0.4110122621059418,-0.23592954874038696,-0.12043693661689758,0.1595463901758194,0.6848037838935852,0.7702088356018066,0.1735203117132187,1.4192403554916382,-0.023545321077108383,0.7307096123695374,-0.5978490114212036,-0.15749791264533997,0.22162531316280365,-0.17076393961906433,0.3183058500289917,0.1042439267039299,0.3641112148761749,0.33751994371414185,0.44016310572624207,0.049707889556884766,0.11027392745018005,-0.679137110710144,-0.6830745339393616,-0.26866739988327026,0.4729544222354889,-0.12731540203094482,-0.8718400597572327,0.08497250080108643,-0.17300796508789062,0.015236340463161469,0.41013848781585693,-0.8853837847709656,-0.2188195437192917,-0.709834635257721,-0.15924346446990967,-0.686131477355957,0.33580905199050903,-0.015760421752929688,-0.03100002184510231,0.27003616094589233,0.9628502130508423,2.3556876271868532e-07,-0.9628502130508423,0.27003616094589233,1.3860199032933451e-06,0.19693779945373535,-0.0894995629787445,-0.030999891459941864,0.4746803343296051,0.05797871947288513,-0.031000152230262756
18,-0.3095712661743164,-0.26546773314476013,-0.3753346800804138,0.5992852449417114,0.20617878437042236,0.3830794394016266,0.03657966107130051,0.731234610080719,-0.2467307150363922,0.4667358100414276,-0.46577054262161255,-0.030843393877148628,-0.22357875108718872,-0.4154879152774811,0.41148921847343445,-0.2580530047416687,-0.15439924597740173,0.1465611457824707,0.7012583017349243,0.7549615502357483,0.19914686679840088,1.4296938180923462,-7.18021547072567e-05,0.7307106256484985,-0.4249816834926605,-0.13606081902980804,0.2617095112800598,-0.3374413847923279,0.4383763372898102,0.24570834636688232,0.32928019762039185,0.3478491008281708,0.4277968108654022,0.027036190032958984,0.09897613525390625,-0.7235202789306641,-0.6387500762939453,-0.2617575228214264,0.454776406288147,-0.15579116344451904,-0.876873791217804,0.07762610912322998,-0.1719369888305664,0.019540153443813324,0.361611545085907,-0.9082657098770142,-0.2104530781507492,-0.727730929851532,-0.13387072086334229,-0.6726710200309753,0.33580905199050903,-0.015760421752929688,-0.03100002184510231,0.27003616094589233,0.9628502130508423,1.931893223172665e-07,-0.9628502130508423,0.27003616094589233,1.2830566902266582e-06,0.19693779945373535,-0.0894995629787445,-0.030999895185232162,0.4746803343296051,0.05797871947288513,-0.031000148504972458
19,-0.3178189992904663,-0.23651175200939178,-0.4049278199672699,0.5881304740905762,0.18402644991874695,0.353051096200943,0.06595905870199203,0.7312780022621155,-0.1916731894016266,0.4907381534576416,-0.4590766131877899,-0.24495020508766174,-0.3067997992038727,-0.4030666947364807,0.40995609760284424,-0.31316298246383667,-0.17577290534973145,0.1405922770500183,0.7041215896606445,0.7297583818435669,0.2274535447359085,1.4432767629623413,0.02606331743299961,0.7306119203567505,-0.4007941782474518,-0.04186167195439339,0.003496613120660186,-0.40745580196380615,0.3891477882862091,0.19938963651657104,0.3636108934879303,0.46831104159355164,0.41219663619995117,0.009379386901855469,0.08370614051818848,-0.7615621089935303,-0.5984784364700317,-0.24869054555892944,0.4294828772544861,-0.17867159843444824,-0.8852237462997437,0.06306719779968262,-0.17293119430541992,0.023630104959011078,0.30541640520095825,-0.9309561848640442,-0.20010368525981903,-0.7574120163917542,-0.11014842987060547,-0.6435793042182922,0.33580905199050903,-0.015760421752929688,-0.03100002184510231,0.2700362205505371,0.9628501534461975,3.686106992972782e-07,-0.9628501534461975,0.2700362205505371,1.8824755443347385e-06,0.19693779945373535,-0.08949954807758331,-0.030999846756458282,0.4746803343296051,0.05797870457172394,-0.031000196933746338
20,-0.32173028588294983,-0.2070152759552002,-0.4341789484024048,0.5689650774002075,0.16200365126132965,0.32371583580970764,0.09509269148111343,0.7312703728675842,-0.11531489342451096,0.49288812279701233,-0.4440755844116211,-0.35300761461257935,-0.3073268532752991,-0.39354437589645386,0.4071720540523529,0.001457996666431427,-0.1979367583990097,0.13438592851161957,0.6920999884605408,0.702096700668335,0.2550433576107025,1.4516862630844116,0.05358457565307617,0.7304877042770386,-0.48128676414489746,-0.06300818920135498,-0.2215619534254074,-0.4241596758365631,0.37597155570983887,0.12285997718572617,0.38228264451026917,0.6287522315979004,0.3942486047744751,-0.0022368431091308594,0.0643446147441864,-0.795028805732727,-0.5602396130561829,-0.2325100600719452,0.39818134903907776,-0.19286394119262695,-0.8968027830123901,0.0515628457069397,-0.17457914352416992,0.026506051421165466,0.23340284824371338,-0.9548982977867126,-0.1835547685623169,-0.7845970988273621,-0.07343530654907227,-0.6156415939331055,0.33580905199050903,-0.015760421752929688,-0.03100002184510231,0.2700362205505371,0.9628501534461975,1.3667474263456825e-07,-0.9628501534461975,0.2700362205505371,1.064966454578098e-06,0.19693779945373535,-0.08949954807758331,-0.030999913811683655,0.4746803343296051,0.05797870457172394,-0.031000129878520966
21,-0.3076326251029968,-0.17944486439228058,-0.4643627107143402,0.5481348633766174,0.1549290418624878,0.2942911982536316,0.12209493666887283,0.731007993221283,0.30136045813560486,0.06306450068950653,-0.2840968072414398,-0.00964437983930111,-0.3876041769981384,-0.2240200638771057,0.4720475673675537,0.09182069450616837,-0.22254496812820435,0.12039613723754883,0.6766190528869629,0.6748801469802856,0.2813671827316284,1.4499465227127075,0.08207262307405472,0.7305198907852173,-0.45197468996047974,-0.21291740238666534,-0.24682360887527466,-0.38974520564079285,0.3614979684352875,-0.0240846648812294,0.39656275510787964,0.5858290195465088,0.38150984048843384,-0.005343914031982422,0.04584866762161255,-0.8201737403869629,-0.5262913703918457,-0.2243489921092987,0.37385067343711853,-0.19618308544158936,-0.9065031409263611,0.04615074396133423,-0.1750197410583496,0.027252279222011566,0.156017005443573,-0.9746147394180298,-0.16057616472244263,-0.7982954978942871,-0.02867567539215088,-0.6015828251838684,0.3351633846759796,-0.016012191772460938,-0.031001970171928406,0.2707309126853943,0.9626550674438477,0.00026666198391467333,-0.9626550674438477,0.2707309126853943,2.4165557988453656e-05,0.1962389349937439,-0.08965110033750534,-0.031028151512145996,0.47408783435821533,0.05762670934200287,-0.030975788831710815
22,-0.27743175625801086,-0.1688612550497055,-0.49066898226737976,0.5462523102760315,0.15826313197612762,0.2626570463180542,0.13646216690540314,0.7311175465583801,0.41133880615234375,0.15830500423908234,-0.36214566230773926,-0.003283148631453514,0.03823646903038025,-0.40053120255470276,0.22474923729896545,-0.031640999019145966,-0.24211034178733826,0.09870918840169907,0.6657942533493042,0.6485511660575867,0.305715948343277,1.431166172027588,0.1115049421787262,0.7306609153747559,-0.28839007019996643,-0.3346763253211975,-0.1551254540681839,-0.3677462935447693,0.3364446759223938,-0.2653566896915436,0.4099922478199005,0.4153803586959839,0.3857220709323883,-0.009686470031738281,0.04581822454929352,-0.825737714767456,-0.5143987536430359,-0.2314114272594452,0.38290929794311523,-0.20995891094207764,-0.8996097445487976,0.04666697978973389,-0.17341995239257812,0.0239344984292984,0.08769804239273071,-0.987073540687561,-0.13414515554904938,-0.7937963008880615,0.01211094856262207,-0.6080631613731384,0.33945971727371216,-0.019677162170410156,-0.031008418649435043,0.28743863105773926,0.9577990770339966,6.181681965244934e-05,-0.9577990770339966,0.28743863105773926,0.00012821082782465965,0.19927510619163513,-0.09088785201311111,-0.031000535935163498,0.4796443581581116,0.0515335276722908,-0.03101630136370659
23,-0.2488371729850769,-0.1584833264350891,-0.5164312124252319,0.5436525344848633,0.15612617135047913,0.23039694130420685,0.1569274216890335,0.7311477661132812,0.4006921052932739,0.15666678547859192,-0.356139600276947,-0.01935855858027935,-0.03040219098329544,-0.44042056798934937,0.2955079972743988,-0.046427130699157715,-0.2559526860713959,0.07897238433361053,0.6561026573181152,0.6207581162452698,0.3322084844112396,1.414415717124939,0.14053849875926971,0.730666995048523,-0.232177734375,-0.2669241428375244,-0.1475515514612198,-0.4262421131134033,0.3668569326400757,-0.22876782715320587,0.40481194853782654,0.404930055141449,0.38921138644218445,-0.01447439193725586,0.04583071172237396,-0.83235764503479,-0.50078284740448,-0.23748072981834412,0.39036300778388977,-0.22553551197052002,-0.8926087021827698,0.04468941688537598,-0.1711139678955078,0.021123498678207397,0.022856593132019043,-0.9937562942504883,-0.10920670628547668,-0.7905701398849487,0.04889702796936035,-0.6104162931442261,0.3429926037788391,-0.023677349090576172,-0.03100801259279251,0.3068539500236511,0.9517565965652466,6.292180478340015e-05,-0.9517565965652466,0.3068539500236511,0.00011833669123006985,0.20138907432556152,-0.09202296286821365,-0.031001374125480652,0.4845961630344391,0.04466826468706131,-0.03101465106010437
24,-0.22393670678138733,-0.1422552764415741,-0.540472686290741,0.5462165474891663,0.13562913239002228,0.19880156219005585,0.17180606722831726,0.731180727481842,0.3468005955219269,0.25896722078323364,-0.33964231610298157,0.06328758597373962,-0.26924270391464233,-0.45081645250320435,0.21584321558475494,-0.055820003151893616,-0.2569645941257477,0.056373320519924164,0.6462950110435486,0.5937197208404541,0.358672171831131,1.4049575328826904,0.17041832208633423,0.7308655381202698,-0.0941372737288475,-0.4510211944580078,-0.11589282751083374,-0.20882178843021393,0.19565019011497498,0.042602211236953735,0.632965087890625,0.5627061724662781,0.3923432230949402,-0.02160167694091797,0.04589638113975525,-0.832573652267456,-0.5047589540481567,-0.22812128067016602,0.3921757638454437,-0.24631881713867188,-0.8862984776496887,0.04006528854370117,-0.16881418228149414,0.019954249262809753,-0.029561519622802734,-0.9961646795272827,-0.0823536217212677,-0.7886226177215576,0.07386678457260132,-0.6104245185852051,0.3459409177303314,-0.02993011474609375,-0.03100534901022911,0.33301448822021484,0.9429217576980591,5.163448440725915e-05,-0.9429217576980591,0.33301448822021484,6.707287684548646e-05,0.20250433683395386,-0.09434008598327637,-0.03100331872701645,0.489377498626709,0.03447984904050827,-0.031007379293441772
25,-0.20894165337085724,-0.12311594933271408,-0.5561362504959106,0.5512270927429199,0.108444944024086,0.16961559653282166,0.19381891191005707,0.7311757206916809,0.2050306499004364,0.2949037253856659,-0.224318265914917,0.0923982486128807,-0.3683755695819855,-0.4233247935771942,0.315211683511734,-0.048566535115242004,-0.25864139199256897,0.026423996314406395,0.6403305530548096,0.5752153396606445,0.3779735267162323,1.4017952680587769,0.20624618232250214,0.7308635115623474,-0.0035581188276410103,-0.4498145282268524,-0.07414433360099792,-0.24746939539909363,0.22875535488128662,-0.06722322106361389,0.522677481174469,0.26630687713623047,0.39496463537216187,-0.029497623443603516,0.04592972993850708,-0.8342654705047607,-0.5074167847633362,-0.2157069444656372,0.39091378450393677,-0.26844847202301025,-0.8804100751876831,0.03961610794067383,-0.16790771484375,0.019892677664756775,-0.07519137859344482,-0.9959459900856018,-0.049373358488082886,-0.7800840735435486,0.08959215879440308,-0.6192269325256348,0.3483545184135437,-0.03692436218261719,-0.03100379928946495,0.3598867654800415,0.9329959750175476,3.732450568350032e-05,-0.9329959750175476,0.3598867654800415,4.400031684781425e-05,0.20313185453414917,-0.09719932079315186,-0.031002841889858246,0.49357718229293823,0.023350592702627182,-0.031004756689071655
26,-0.21511657536029816,-0.11311831325292587,-0.5473542809486389,0.5534639358520508,0.08207077533006668,0.15682120621204376,0.2196597009897232,0.7311708927154541,-0.09342238306999207,0.1305917352437973,0.13213829696178436,0.040842875838279724,-0.39474835991859436,-0.13965891301631927,0.3463704288005829,-0.256181538105011,-0.2597590684890747,-0.010356825776398182,0.6483121514320374,0.5579106211662292,0.39541688561439514,1.399965763092041,0.2234823852777481,0.7310271859169006,0.11886759847402573,-0.5872816443443298,0.14581523835659027,-0.19204998016357422,0.09846420586109161,-0.12613704800605774,0.3315236568450928,0.4627600312232971,0.39699751138687134,-0.03189229965209961,0.045823246240615845,-0.8353509902954102,-0.5092414021492004,-0.20703125,0.38811421394348145,-0.2796405553817749,-0.8781619668006897,0.03884851932525635,-0.1672968864440918,0.019878782331943512,-0.09346508979797363,-0.9951621294021606,-0.03027692437171936,-0.7682080268859863,0.09142744541168213,-0.633638322353363,0.35021600127220154,-0.039087772369384766,-0.031007885932922363,0.36851251125335693,0.9296228289604187,4.023476139991544e-05,-0.9296228289604187,0.36851251125335693,0.00012582415365613997,0.20444130897521973,-0.09801512956619263,-0.030997931957244873,0.49599069356918335,0.019839584827423096,-0.031017839908599854
27,-0.22008000314235687,-0.11125791817903519,-0.5426193475723267,0.5577661991119385,0.05848230421543121,0.1632579118013382,0.24688325822353363,0.7312710285186768,-0.06710054725408554,0.02025383897125721,0.0643351748585701,0.056938882917165756,-0.33608919382095337,0.08843924850225449,0.379853218793869,-0.11035122722387314,-0.25884586572647095,-0.04938296601176262,0.6638473272323608,0.5438839793205261,0.40991654992103577,1.399693250656128,0.21903131902217865,0.7310786247253418,0.12769563496112823,-0.5971269011497498,0.22917868196964264,-0.1740398406982422,0.126535564661026,-0.0648500993847847,-0.014521759003400803,0.18753165006637573,0.39708977937698364,-0.03191423416137695,0.04578821361064911,-0.838876485824585,-0.5047971606254578,-0.20363226532936096,0.38261154294013977,-0.28075170516967773,-0.8802198171615601,0.03832066059112549,-0.16712665557861328,0.019846200942993164,-0.08602750301361084,-0.99592125415802,-0.027203351259231567,-0.7543590068817139,0.08294880390167236,-0.6512004137039185,0.3502221703529358,-0.039093971252441406,-0.031010307371616364,0.36851322650909424,0.92962247133255,6.494781700894237e-05,-0.92962247133255,0.36851322650909424,0.00011934526264667511,0.2044474482536316,-0.09802121669054031,-0.03100377321243286,0.49599689245224,0.019833266735076904,-0.031016841530799866
28,-0.22035779058933258,-0.11011650413274765,-0.5429067015647888,0.5626699328422546,0.03688892349600792,0.17139244079589844,0.27394476532936096,0.7313045859336853,0.02072146162390709,0.02330533228814602,-0.015792986378073692,0.06349330395460129,-0.27927494049072266,0.03501902520656586,0.39943671226501465,-0.1472589522600174,-0.2554059326648712,-0.08854247629642487,0.6799860000610352,0.5313067436218262,0.42420515418052673,1.4005577564239502,0.2123986780643463,0.7310861945152283,0.17359793186187744,-0.5958733558654785,0.22984060645103455,-0.15360745787620544,0.05014331638813019,-0.084633469581604,0.009808994829654694,0.5051628947257996,0.3970309793949127,-0.03190422058105469,0.04582412540912628,-0.8431426286697388,-0.4984308183193207,-0.20168623328208923,0.37717124819755554,-0.28091907501220703,-0.8825114369392395,0.03769516944885254,-0.16694164276123047,0.019826389849185944,-0.07377326488494873,-0.9969521760940552,-0.025372985750436783,-0.7400761246681213,0.07178306579589844,-0.6686810851097107,0.35020390152931213,-0.03908824920654297,-0.031011588871479034,0.3685210347175598,0.9296194911003113,8.833499305183068e-05,-0.9296194911003113,0.3685210347175598,5.465142021421343e-05,0.20442867279052734,-0.09801428020000458,-0.031014952808618546,0.4959791302680969,0.019837774336338043,-0.031008224934339523
29,-0.2202291041612625,-0.11003352701663971,-0.5442052483558655,0.5683518052101135,0.017404848709702492,0.18321748077869415,0.3016499876976013,0.7313340902328491,0.031379565596580505,0.0005880128592252731,-0.04079168289899826,0.06380872428417206,-0.22935131192207336,0.025341928005218506,0.41996729373931885,-0.16783082485198975,-0.24818925559520721,-0.12705069780349731,0.6946632266044617,0.5203675031661987,0.43754345178604126,1.402389645576477,0.20002605020999908,0.7311033010482788,0.23092658817768097,-0.5848069787025452,0.20791710913181305,-0.1318720579147339,0.05396534502506256,-0.07096187025308609,-0.08977040648460388,0.39605244994163513,0.39641237258911133,-0.03174638748168945,0.04583248496055603,-0.8487874269485474,-0.48904716968536377,-0.20098011195659637,0.3707762658596039,-0.2795475721359253,-0.8856513500213623,0.037075042724609375,-0.16684579849243164,0.019821658730506897,-0.054346442222595215,-0.9981476068496704,-0.027348104864358902,-0.7254014611244202,0.058287620544433594,-0.6858537197113037,0.34965279698371887,-0.038947105407714844,-0.03101319447159767,0.36792027950286865,0.9298573136329651,8.928743045544252e-05,-0.9298573136329651,0.36792027950286865,1.5970750609994866e-05,0.20391571521759033,-0.09796729683876038,-0.03102106600999832,0.4953899085521698,0.02007308229804039,-0.03100532293319702
30,-0.21895413100719452,-0.10988294333219528,-0.5460391640663147,0.5749104022979736,-0.0034876957070082426,0.19678600132465363,0.32892757654190063,0.7313292026519775,0.04353025555610657,0.008655879646539688,-0.04463572800159454,0.07885897904634476,-0.28339883685112,0.022140726447105408,0.39985722303390503,-0.15127374231815338,-0.23489487171173096,-0.16390177607536316,0.7070918083190918,0.511719286441803,0.44854485988616943,1.4047837257385254,0.18117286264896393,0.7311347126960754,0.31464970111846924,-0.5607399940490723,0.18155305087566376,-0.1016998440027237,0.08584823459386826,-0.062018781900405884,-0.24376080930233002,0.055490512400865555,0.39581945538520813,-0.031395912170410156,0.045833006501197815,-0.8537646532058716,-0.4812990427017212,-0.19858834147453308,0.363479882478714,-0.27787864208221436,-0.8891939520835876,0.03645449876785278,-0.16691303253173828,0.01982641965150833,-0.02424311637878418,-0.9991469383239746,-0.03342995047569275,-0.7101141214370728,0.04074829816818237,-0.7029064297676086,0.34904393553733826,-0.03865814208984375,-0.031012605875730515,0.36684244871139526,0.9302830696105957,2.9330158213269897e-05,-0.9302830696105957,0.36684244871139526,1.1367216757207643e-05,0.20337533950805664,-0.09784719347953796,-0.031014494597911835,0.49471256136894226,0.020530905574560165,-0.031010717153549194
31,-0.2145378589630127,-0.1094665378332138,-0.5499646067619324,0.582365870475769,-0.025755444541573524,0.21155104041099548,0.35551899671554565,0.7313041090965271,0.07187388092279434,0.015149237588047981,-0.06738206744194031,0.08982598036527634,-0.3665722608566284,0.03704643249511719,0.37204885482788086,-0.14269213378429413,-0.21549147367477417,-0.19837991893291473,0.717278003692627,0.5054352283477783,0.45653584599494934,1.4072691202163696,0.15620329976081848,0.7311620712280273,0.3823932409286499,-0.5251196026802063,0.15644969046115875,-0.07416101545095444,0.136039137840271,-0.050564855337142944,-0.4135729968547821,-0.2431754320859909,0.3954554498195648,-0.030796051025390625,0.045836105942726135,-0.8578157424926758,-0.4757474660873413,-0.19446530938148499,0.35553357005119324,-0.27605199813842773,-0.892967700958252,0.035866737365722656,-0.16717100143432617,0.019839301705360413,0.017156243324279785,-0.9989274144172668,-0.043009016662836075,-0.6939548254013062,0.019071102142333984,-0.7197659611701965,0.348612517118454,-0.038211822509765625,-0.031010836362838745,0.36499035358428955,0.9310113191604614,-4.251931750332005e-05,-0.9310113191604614,0.36499035358428955,1.2707269888778683e-05,0.2030619978904724,-0.0976906567811966,-0.031004775315523148,0.49416306614875793,0.021267008036375046,-0.031016897410154343
32,-0.20521467924118042,-0.10847054421901703,-0.5577788949012756,0.5909974575042725,-0.048888977617025375,0.22733443975448608,0.3817407488822937,0.7312730550765991,0.1259612739086151,0.02780826762318611,-0.11477051675319672,0.10519424080848694,-0.44212082028388977,0.06414720416069031,0.36010029911994934,-0.12123651057481766,-0.1924884170293808,-0.23098845779895782,0.7266144156455994,0.5008143782615662,0.46237215399742126,1.4096033573150635,0.12869924306869507,0.7311859130859375,0.41573309898376465,-0.4981999695301056,0.14960741996765137,-0.05458725243806839,0.16816562414169312,-0.03727145493030548,-0.5027779340744019,-0.2790834605693817,0.39535579085350037,-0.03007984161376953,0.04583807289600372,-0.8612687587738037,-0.4716968536376953,-0.18899308145046234,0.3469788730144501,-0.2741900682449341,-0.8968977928161621,0.03533369302749634,-0.16752099990844727,0.019851982593536377,0.06551635265350342,-0.9964326620101929,-0.053192682564258575,-0.6766238808631897,-0.005182027816772461,-0.7363105416297913,0.34840553998947144,-0.037679195404052734,-0.031009186059236526,0.362795352935791,0.931868851184845,-8.539139525964856e-05,-0.931868851184845,0.362795352935791,1.3849246897734702e-05,0.20299559831619263,-0.09750086069107056,-0.030998345464468002,0.49381551146507263,0.022142469882965088,-0.03102002665400505
33,-0.19374771416187286,-0.10639456659555435,-0.5669465065002441,0.600916862487793,-0.07253821939229965,0.24375684559345245,0.4064723551273346,0.7312710285186768,0.15398265421390533,0.042971737682819366,-0.1308976709842682,0.1275152862071991,-0.46898573637008667,0.09515684843063354,0.3481435477733612,-0.09574493020772934,-0.16794836521148682,-0.26268014311790466,0.7347853183746338,0.49657195806503296,0.46751806139945984,1.4117226600646973,0.10395719110965729,0.7311811447143555,0.4180903732776642,-0.4835236966609955,0.13350559771060944,-0.0531727597117424,0.18855541944503784,-0.02529643476009369,-0.48323196172714233,-0.2717500329017639,0.3954128921031952,-0.02953195571899414,0.04584202170372009,-0.8639870882034302,-0.46967077255249023,-0.18148164451122284,0.3375779986381531,-0.272896409034729,-0.9008709788322449,0.03484863042831421,-0.16785812377929688,0.019860833883285522,0.11313164234161377,-0.9917348027229309,-0.06052575260400772,-0.6582353115081787,-0.029178261756896973,-0.752246618270874,0.3483208119869232,-0.03729438781738281,-0.031009048223495483,0.36127907037734985,0.9324577450752258,-9.424160816706717e-05,-0.9324577450752258,0.36127907037734985,2.064716500171926e-05,0.20300835371017456,-0.09735250473022461,-0.030996471643447876,0.4936332702636719,0.022763725370168686,-0.03102162480354309
34,-0.17911839485168457,-0.10453515499830246,-0.5783851146697998,0.6114376783370972,-0.09610852599143982,0.26176828145980835,0.42921626567840576,0.7312447428703308,0.19829508662223816,0.03676098212599754,-0.1658569574356079,0.1320413202047348,-0.4602072238922119,0.11359186470508575,0.33475741744041443,-0.08485480397939682,-0.14320124685764313,-0.29370853304862976,0.7408332228660583,0.4918348491191864,0.47278907895088196,1.4136297702789307,0.08514979481697083,0.7311637997627258,0.40263134241104126,-0.47091028094291687,0.10188928246498108,-0.06423410028219223,0.21099458634853363,-0.011769996955990791,-0.4082165062427521,-0.24577908217906952,0.39547237753868103,-0.028722763061523438,0.04586414992809296,-0.8658647537231445,-0.4695841670036316,-0.17253772914409637,0.3274795114994049,-0.2712900638580322,-0.9050740599632263,0.03441894054412842,-0.16814565658569336,0.019870012998580933,0.1543540358543396,-0.9859672784805298,-0.06358770281076431,-0.6394063830375671,-0.0506209135055542,-0.7672008275985718,0.34823328256607056,-0.03668642044067383,-0.031007837504148483,0.35927408933639526,0.9332321286201477,-7.876598829170689e-05,-0.9332321286201477,0.35927408933639526,1.8186605302616954e-05,0.20305025577545166,-0.09705672413110733,-0.030997220426797867,0.49341633915901184,0.023683879524469376,-0.0310184545814991
35,-0.16251333057880402,-0.10351353883743286,-0.5902900695800781,0.6220620274543762,-0.1206086128950119,0.281877726316452,0.4470019042491913,0.7311941981315613,0.23419392108917236,0.018425647169351578,-0.16526226699352264,0.13786327838897705,-0.46616482734680176,0.19909796118736267,0.26734814047813416,-0.06313242018222809,-0.11751099675893784,-0.32377317547798157,0.7399095892906189,0.4850170910358429,0.4787411689758301,1.4149625301361084,0.07668475061655045,0.7311228513717651,0.38317033648490906,-0.45370566844940186,-0.005756516940891743,-0.10552939772605896,0.2627229690551758,0.004545571282505989,-0.28187084197998047,-0.1843881458044052,0.39552658796310425,-0.027251243591308594,0.04588983952999115,-0.8651790618896484,-0.47512078285217285,-0.1603914350271225,0.3164500892162323,-0.2691762447357178,-0.9096171855926514,0.03406190872192383,-0.16836929321289062,0.019888773560523987,0.18099194765090942,-0.9815588593482971,-0.061515338718891144,-0.6215790510177612,-0.06569397449493408,-0.7805920243263245,0.3480762541294098,-0.0355677604675293,-0.031006131321191788,0.35564643144607544,0.9346206188201904,-6.937387661309913e-05,-0.9346206188201904,0.35564643144607544,1.673594852036331e-05,0.20312881469726562,-0.09650154411792755,-0.030996698886156082,0.49302372336387634,0.02536601573228836,-0.031015563756227493
36,-0.14312691986560822,-0.10654274374246597,-0.6025632619857788,0.6305242776870728,-0.1463935375213623,0.3053642213344574,0.4581213593482971,0.7311131358146667,0.3032255470752716,-0.04932034760713577,-0.16226553916931152,0.10404359549283981,-0.44733917713165283,0.2874760329723358,0.17107251286506653,-0.02969634160399437,-0.09108736366033554,-0.3522905707359314,0.7268723249435425,0.47415173053741455,0.4863020181655884,1.4152417182922363,0.07977249473333359,0.731038510799408,0.36537086963653564,-0.41925930976867676,-0.18379665911197662,-0.16547752916812897,0.2024202048778534,0.02482270449399948,-0.03718192130327225,-0.057954199612140656,0.3953878581523895,-0.023864269256591797,0.045942649245262146,-0.8603936433792114,-0.4884260296821594,-0.1454743891954422,0.3050291836261749,-0.26487088203430176,-0.9147680401802063,0.033763885498046875,-0.16841840744018555,0.01991000771522522,0.18583720922470093,-0.9809557199478149,-0.05648431181907654,-0.6070336103439331,-0.06941628456115723,-0.7916386127471924,0.3476678133010864,-0.032681941986083984,-0.03100297600030899,0.34699445962905884,0.9378671646118164,-3.698645014083013e-05,-0.9378671646118164,0.34699445962905884,8.853569852362853e-06,0.20328962802886963,-0.09495256841182709,-0.030997954308986664,0.4920459985733032,0.02958868071436882,-0.031007997691631317
37,-0.11804274469614029,-0.11450785398483276,-0.61572265625,0.6380040645599365,-0.17174763977527618,0.3305721580982208,0.45328062772750854,0.7310122847557068,0.42316755652427673,-0.13749580085277557,-0.1617850661277771,0.12359630316495895,-0.3562963008880615,0.3482818901538849,-0.06811927258968353,-0.00478601036593318,-0.06700263917446136,-0.3799310326576233,0.7035689353942871,0.45890507102012634,0.49548789858818054,1.4149844646453857,0.09716144949197769,0.730937123298645,0.31010451912879944,-0.4033355712890625,-0.3374570310115814,-0.2378063201904297,0.3105180859565735,0.033330176025629044,0.12007090449333191,-0.7221879959106445,0.3968800902366638,-0.018344402313232422,0.04732288420200348,-0.8459000587463379,-0.5179448127746582,-0.1272265911102295,0.2968437373638153,-0.2590298652648926,-0.9191232919692993,0.03354847431182861,-0.16848373413085938,0.01992630958557129,0.1653234362602234,-0.9851037859916687,-0.047316621989011765,-0.5963972210884094,-0.06164836883544922,-0.8003186583518982,0.3476676344871521,-0.03203630447387695,-0.031000006943941116,0.3457329273223877,0.9383329749107361,-6.231227303032938e-07,-0.9383329749107361,0.3457329273223877,1.3058659078524215e-06,0.20337331295013428,-0.09450103342533112,-0.030999790877103806,0.4919619560241699,0.030428417026996613,-0.031000223010778427
38,-0.09029544144868851,-0.13062338531017303,-0.6289312243461609,0.6457726359367371,-0.1947893649339676,0.35458940267562866,0.4444544315338135,0.7310061454772949,0.42111313343048096,-0.2798265218734741,-0.169220969080925,0.14932896196842194,-0.32169309258461,0.3262500464916229,-0.12373427301645279,0.0006755273789167404,-0.046354543417692184,-0.4077453315258026,0.6778679490089417,0.4415794014930725,0.5057267546653748,1.4148396253585815,0.11798211187124252,0.7309016585350037,0.27543196082115173,-0.4109271466732025,-0.366474449634552,-0.2621147632598877,0.2691986560821533,0.030327990651130676,0.20987804234027863,-0.4607081115245819,0.40113863348960876,-0.01244354248046875,0.052617147564888,-0.8268258571624756,-0.5504802465438843,-0.1154584139585495,0.29773208498954773,-0.25419533252716064,-0.9201849699020386,0.03333956003189087,-0.16847562789916992,0.019927702844142914,0.13500702381134033,-0.9900836944580078,-0.03882581368088722,-0.58746737241745,-0.048429131507873535,-0.8077974319458008,0.3476676344871521,-0.03203630447387695,-0.031000003218650818,0.34573298692703247,0.9383329749107361,-4.792658501173719e-07,-0.9383329749107361,0.34573298692703247,1.6899656429814058e-06,0.20337331295013428,-0.09450101852416992,-0.03099975734949112,0.4919619560241699,0.030428409576416016,-0.031000249087810516
39,-0.06828783452510834,-0.13214479386806488,-0.6412190198898315,0.6416465640068054,-0.21901288628578186,0.37765759229660034,0.43043702840805054,0.7312067151069641,0.26628735661506653,0.03879478946328163,-0.14077764749526978,0.21006375551223755,-0.39137300848960876,0.34918197989463806,-0.2309064418077469,0.03462154045701027,-0.026100611314177513,-0.4338584542274475,0.6489627957344055,0.42354637384414673,0.5145061016082764,1.4142515659332275,0.13409128785133362,0.730867326259613,0.2607506513595581,-0.3817996680736542,-0.4140470623970032,-0.27075615525245667,0.2747672200202942,0.051926031708717346,0.1336970329284668,-0.5219423174858093,0.39614158868789673,-0.004361152648925781,0.04596391320228577,-0.8080013990402222,-0.5827372670173645,-0.08689641207456589,0.2758866548538208,-0.24389445781707764,-0.9297322034835815,0.03321141004562378,-0.16853618621826172,0.019942529499530792,0.10577332973480225,-0.9937582015991211,-0.035449832677841187,-0.5796569585800171,-0.03265273571014404,-0.8142061829566956,0.3471377193927765,-0.031458377838134766,-0.03100045770406723,0.3433303236961365,0.9392147660255432,-1.8992499462910928e-05,-0.9392147660255432,0.3433303236961365,-2.4019420834520133e-06,0.20300376415252686,-0.09429219365119934,-0.03099866956472397,0.4912717044353485,0.03137543052434921,-0.031002245843410492
40,-0.05147968605160713,-0.14531627297401428,-0.6494490504264832,0.6402391195297241,-0.24294760823249817,0.40015771985054016,0.42064914107322693,0.7310682535171509,0.24763186275959015,-0.20871347188949585,-0.11225733160972595,-0.04749676212668419,-0.43075108528137207,0.26199907064437866,-0.10259278863668442,-0.016002023592591286,-0.012028523720800877,-0.4595266282558441,0.6178974509239197,0.4033770263195038,0.5241578221321106,1.4142550230026245,0.14930523931980133,0.7307954430580139,0.15760096907615662,-0.3730250298976898,-0.455112487077713,-0.30571848154067993,0.2959633469581604,0.0645119696855545,0.11750663816928864,-0.4776243269443512,0.3941386342048645,0.00156402587890625,0.045933663845062256,-0.7894308567047119,-0.6098721623420715,-0.06967683136463165,0.2663038372993469,-0.23799610137939453,-0.9340450167655945,0.03310346603393555,-0.16861867904663086,0.019950449466705322,0.0680689811706543,-0.997061014175415,-0.03515703231096268,-0.5742624998092651,-0.010340213775634766,-0.8186060190200806,0.34535372257232666,-0.026710987091064453,-0.03100348636507988,0.32425183057785034,0.9459708333015442,-3.4594620956340805e-05,-0.9459708333015442,0.32425183057785034,5.609972504316829e-06,0.20252090692520142,-0.09244897216558456,-0.030999094247817993,0.4881865382194519,0.03902699798345566,-0.031007878482341766
41,-0.03919477388262749,-0.1567203253507614,-0.6449486017227173,0.6397601962089539,-0.26486191153526306,0.4241981506347656,0.4072214663028717,0.7310015559196472,0.28612077236175537,-0.16878627240657806,0.10072652250528336,-0.021290207281708717,-0.4007481038570404,0.3197382390499115,-0.1642758697271347,0.025637680664658546,0.00458476971834898,-0.48568421602249146,0.5931453108787537,0.3859058916568756,0.5315564274787903,1.4142584800720215,0.16350635886192322,0.7308891415596008,0.24087928235530853,-0.39179727435112,-0.34079673886299133,-0.2519790828227997,0.17869235575199127,0.04505959153175354,0.15751370787620544,-0.2091701477766037,0.39401715993881226,0.009951114654541016,0.04594343900680542,-0.7636880874633789,-0.6436866521835327,-0.04947970062494278,0.2561943233013153,-0.2318209409713745,-0.93841552734375,0.032958030700683594,-0.1686878204345703,0.0199451744556427,0.041844964027404785,-0.998543381690979,-0.03406370058655739,-0.5659316182136536,0.004408419132232666,-0.8244404792785645,0.3454386293888092,-0.01970529556274414,-0.031002342700958252,0.30217140913009644,0.9532536864280701,-3.53666182490997e-05,-0.9532536864280701,0.30217140913009644,9.788566785573494e-06,0.2041727900505066,-0.08874621987342834,-0.030997391790151596,0.4867044985294342,0.049335628747940063,-0.031007293611764908
42,-0.020672399550676346,-0.1683129221200943,-0.624672532081604,0.6379022598266602,-0.2810085713863373,0.4494039714336395,0.39741000533103943,0.7310008406639099,0.5222213268280029,-0.16284742951393127,0.3700200617313385,-0.04224834218621254,-0.23933105170726776,0.35131019353866577,-0.13615193963050842,-0.0011740894988179207,0.02404237911105156,-0.5137403607368469,0.5961776971817017,0.3788149654865265,0.5368369221687317,1.4158883094787598,0.1833328902721405,0.7310964465141296,0.33790674805641174,-0.4333745837211609,0.08073458820581436,-0.08917436748743057,0.19690929353237152,0.03251558169722557,0.19082942605018616,-0.14480555057525635,0.3995879292488098,0.027091503143310547,0.04599384963512421,-0.7265470027923584,-0.6863773465156555,-0.03186526522040367,0.24968373775482178,-0.22052276134490967,-0.9428825974464417,0.03263169527053833,-0.16865301132202148,0.01989525556564331,0.04282498359680176,-0.9988612532615662,-0.02103230357170105,-0.549731433391571,-0.005980372428894043,-0.8353201150894165,0.3469732999801636,-0.013878345489501953,-0.03100006654858589,0.29109764099121094,0.9566933512687683,-2.2460558284365106e-06,-0.9566933512687683,0.29109764099121094,2.1401916683316813e-07,0.2065175175666809,-0.08455267548561096,-0.030999798327684402,0.48742908239364624,0.05679597705602646,-0.03100033476948738
43,0.0020556184463202953,-0.17350125312805176,-0.6002632975578308,0.6398223638534546,-0.2960059940814972,0.47294092178344727,0.3844667375087738,0.7309260964393616,0.4491282105445862,-0.06654796004295349,0.38812947273254395,0.025069791823625565,-0.21824237704277039,0.33196666836738586,-0.1814054548740387,0.047535449266433716,0.047335267066955566,-0.5281964540481567,0.6073498725891113,0.38116228580474854,0.5357385277748108,1.4151438474655151,0.2066725194454193,0.7311605215072632,0.36007681488990784,-0.2111762911081314,0.17372700572013855,0.04476521164178848,0.04782337695360184,-0.05628902465105057,0.26838672161102295,-0.24090884625911713,0.40727341175079346,0.04572629928588867,0.04597462713718414,-0.6794590950012207,-0.7336465716362,-0.009894727729260921,0.24263405799865723,-0.2119450569152832,-0.9466825723648071,0.03219497203826904,-0.1684103012084961,0.019847825169563293,0.05768787860870361,-0.9983299970626831,-0.0030466027092188597,-0.5344247817993164,-0.02830350399017334,-0.8447420597076416,0.35011398792266846,-0.006964683532714844,-0.031000278890132904,0.27645862102508545,0.9610258340835571,-1.4120128980721347e-05,-0.9610258340835571,0.27645862102508545,1.7424919462882826e-07,0.21075350046157837,-0.07977500557899475,-0.030998725444078445,0.48947447538375854,0.06584563106298447,-0.031001832336187363
44,0.020212635397911072,-0.17062310874462128,-0.5756957530975342,0.6454185247421265,-0.30262327194213867,0.4885859489440918,0.375610888004303,0.7308828830718994,0.4151119887828827,0.04487716406583786,0.3968971371650696,0.0785798728466034,-0.22866162657737732,0.19899386167526245,-0.0890025645494461,0.06908062100410461,0.07186291366815567,-0.5316941738128662,0.6175915598869324,0.38792338967323303,0.529772162437439,1.4121381044387817,0.23181575536727905,0.7312209010124207,0.3722090423107147,-0.05219683423638344,0.1588408350944519,0.10156560689210892,-0.07132454216480255,-0.09675032645463943,0.3255918025970459,-0.33148229122161865,0.4153761863708496,0.06130790710449219,0.04590544104576111,-0.6396238803863525,-0.7686543464660645,0.007208556868135929,0.23791444301605225,-0.20687663555145264,-0.9489988684654236,0.031835317611694336,-0.16810131072998047,0.019828341901302338,0.07507336139678955,-0.9970499277114868,0.015981705859303474,-0.5213420987129211,-0.05290675163269043,-0.8517061471939087,0.3592998683452606,0.006740093231201172,-0.031002353876829147,0.24936515092849731,0.968409538269043,-4.876115781371482e-05,-0.968409538269043,0.24936515092849731,1.9135093680233695e-05,0.22203874588012695,-0.06995459645986557,-0.03099488466978073,0.4965609908103943,0.08343477547168732,-0.031009823083877563
45,0.036647748202085495,-0.16582050919532776,-0.5483000874519348,0.6482422351837158,-0.30002114176750183,0.49196481704711914,0.38198959827423096,0.7307930588722229,0.39986592531204224,0.06790175288915634,0.43884244561195374,0.04001392796635628,-0.104823037981987,0.0376134030520916,0.12218522280454636,0.08898093551397324,0.09511391818523407,-0.528857409954071,0.6185862421989441,0.393280565738678,0.5221507549285889,1.4077200889587402,0.2597612738609314,0.7311456799507141,0.3399514853954315,0.04060785844922066,0.01507955975830555,0.0725364238023758,-0.15259169042110443,-0.17489475011825562,0.39821556210517883,-0.08021088689565659,0.42579859495162964,0.07824182510375977,0.04588326811790466,-0.612391471862793,-0.7904812097549438,0.010772109031677246,0.24184727668762207,-0.20029878616333008,-0.9494157433509827,0.031466543674468994,-0.16779184341430664,0.019811496138572693,0.08107268810272217,-0.9961613416671753,0.03301490098237991,-0.5129183530807495,-0.07009947299957275,-0.8555704951286316,0.37137916684150696,0.021834373474121094,-0.031002730131149292,0.21855509281158447,0.9758246541023254,-5.8770143368747085e-05,-0.9758246541023254,0.21855509281158447,2.641671380843036e-05,0.2366170883178711,-0.05917104333639145,-0.030993346124887466,0.5061412453651428,0.10283978283405304,-0.031012114137411118
46,0.05365452170372009,-0.1653233766555786,-0.520781934261322,0.6437446475028992,-0.294246643781662,0.48487699031829834,0.3995750844478607,0.7307495474815369,0.41315758228302,-0.003972611855715513,0.43928414583206177,-0.07310176640748978,-0.04971223324537277,-0.10852514207363129,0.2785275876522064,0.1094275638461113,0.11232369393110275,-0.5212494730949402,0.6167163848876953,0.3982104957103729,0.515677809715271,1.4033262729644775,0.2958502471446991,0.7310813665390015,0.2638790011405945,0.11226731538772583,-0.02112572453916073,0.09032547473907471,-0.38176435232162476,-0.20772232115268707,0.658049464225769,0.9735201597213745,0.4369039237499237,0.09763431549072266,0.045883357524871826,-0.5927473306655884,-0.8053821325302124,0.0032113201450556517,0.25383496284484863,-0.1905992031097412,-0.9482825994491577,0.03099524974822998,-0.16719818115234375,0.019767768681049347,0.07073783874511719,-0.9961400032043457,0.05197250843048096,-0.5094999074935913,-0.08087587356567383,-0.8566614389419556,0.3850838243961334,0.03904438018798828,-0.031002789735794067,0.17678433656692505,0.9842496514320374,-5.745490125264041e-05,-0.9842496514320374,0.17678433656692505,2.7072514058090746e-05,0.253895103931427,-0.04762865602970123,-0.030993476510047913,0.5162725448608398,0.1257174164056778,-0.031012102961540222
47,0.07208855450153351,-0.15837769210338593,-0.4966241419315338,0.6412320137023926,-0.29085221886634827,0.46697282791137695,0.41978493332862854,0.7307654619216919,0.4030252993106842,0.1118929460644722,0.3850049376487732,-0.02315889298915863,-0.07707525044679642,-0.262877881526947,0.31178024411201477,0.19730786979198456,0.12670372426509857,-0.5138075947761536,0.6240219473838806,0.40619075298309326,0.5092056393623352,1.4000548124313354,0.3372643291950226,0.7311601638793945,0.2535327970981598,0.09671874344348907,0.1281813234090805,0.12057287245988846,-0.3118700385093689,-0.17914992570877075,0.7032179236412048,0.5753341317176819,0.4496850371360779,0.11543464660644531,0.04588378965854645,-0.5738673210144043,-0.8189358711242676,-0.0045115952380001545,0.27046632766723633,-0.18432295322418213,-0.9449195265769958,0.03055703639984131,-0.16657066345214844,0.019735917448997498,0.061616480350494385,-0.9951632022857666,0.07650936394929886,-0.5035859942436218,-0.09717965126037598,-0.8584622144699097,0.3996993601322174,0.05538368225097656,-0.031002700328826904,0.1496071219444275,0.9887455701828003,-5.4167165217222646e-05,-0.9887455701828003,0.1496071219444275,3.167020986438729e-05,0.27094775438308716,-0.03486992418766022,-0.03099321946501732,0.5284509658813477,0.14563728868961334,-0.03101218119263649
48,0.10583287477493286,-0.13809429109096527,-0.49710169434547424,0.6592076420783997,-0.2881830632686615,0.44060516357421875,0.4226822555065155,0.7309667468070984,0.5357916355133057,0.28725332021713257,0.01747436262667179,0.32010772824287415,0.0391448512673378,-0.3860984742641449,0.04073347896337509,0.02819201909005642,0.14130650460720062,-0.5073060393333435,0.637824535369873,0.4159267842769623,0.5034035444259644,1.3977468013763428,0.37982964515686035,0.731186032295227,0.2690816819667816,0.080784872174263,0.22481875121593475,0.16709677875041962,-0.4962832033634186,-0.20594502985477448,0.836768627166748,1.1839462518692017,0.4691886901855469,0.1253337860107422,0.05067808926105499,-0.5481500625610352,-0.8363407850265503,-0.00811049435287714,0.2978849709033966,-0.18615853786468506,-0.9362742900848389,0.02966630458831787,-0.1656794548034668,0.019740954041481018,0.05709242820739746,-0.9930474162101746,0.10294418781995773,-0.4951915144920349,-0.11770176887512207,-0.8607739806175232,0.4104967713356018,0.06815385818481445,-0.031000029295682907,0.11984413862228394,0.9927926659584045,-1.8521242850511044e-07,-0.9927926659584045,0.11984413862228394,-1.0116740156718151e-07,0.2845138907432556,-0.0259258896112442,-0.03100002184510231,0.536479651927948,0.16223359107971191,-0.031000036746263504
49,0.14020892977714539,-0.11760638654232025,-0.510360062122345,0.6858668923377991,-0.2850564420223236,0.41141656041145325,0.43962663412094116,0.7309694886207581,0.5017005801200867,0.2692623734474182,-0.1748456209897995,0.4363597333431244,0.047203171998262405,-0.4237808585166931,0.23730503022670746,0.02072770893573761,0.15608124434947968,-0.5032901167869568,0.6520405411720276,0.42492273449897766,0.49742448329925537,1.3956902027130127,0.4220932424068451,0.7311794757843018,0.26935943961143494,0.04812392219901085,0.22591747343540192,0.15094630420207977,-0.4760182797908783,-0.1935906708240509,0.835647463798523,1.0882974863052368,0.4909108281135559,0.1290264129638672,0.06005287170410156,-0.5428235530853271,-0.8395794034004211,-0.02119431085884571,0.332956999540329,-0.19196569919586182,-0.9231948852539062,0.028949856758117676,-0.16497135162353516,0.019748538732528687,0.05266857147216797,-0.9902347922325134,0.12907813489437103,-0.48448991775512695,-0.13836443424224854,-0.8637852668762207,0.41668426990509033,0.07522821426391602,-0.031000036746263504,0.09097874164581299,0.9958528876304626,-2.592437056136987e-07,-0.9958528876304626,0.09097874164581299,-1.2027487450438912e-08,0.29348504543304443,-0.0224684476852417,-0.031000010669231415,0.539883553981781,0.17292487621307373,-0.031000062823295593
50,0.17146356403827667,-0.10261371731758118,-0.5272687077522278,0.7109041810035706,-0.2789365351200104,0.3825530707836151,0.4624236524105072,0.7309571504592896,0.4748075306415558,0.18989019095897675,-0.22268353402614594,0.39400264620780945,0.0872010886669159,-0.41497817635536194,0.319631427526474,0.022229718044400215,0.17005276679992676,-0.4999274015426636,0.6668934226036072,0.43373245000839233,0.4915059804916382,1.3938671350479126,0.4635116755962372,0.7311758399009705,0.2556510865688324,0.04191793501377106,0.23561161756515503,0.14698515832424164,-0.46435844898223877,-0.16560634970664978,0.8262704610824585,1.0364964008331299,0.5113780498504639,0.13097143173217773,0.07142791152000427,-0.5480612516403198,-0.8353433012962341,-0.042783379554748535,0.3700966238975525,-0.19631171226501465,-0.9080144166946411,0.028257906436920166,-0.16427993774414062,0.019762113690376282,0.048112690448760986,-0.9868452548980713,0.15434257686138153,-0.4728243947029114,-0.15861380100250244,-0.8667634129524231,0.418586403131485,0.07732582092285156,-0.031000055372714996,0.07523441314697266,0.997165858745575,5.171546604287869e-07,-0.997165858745575,0.07523441314697266,-4.255902297245484e-07,0.2969459891319275,-0.022304996848106384,-0.031000159680843353,0.5402268171310425,0.1769566386938095,-0.03099995106458664
51,0.2018447071313858,-0.09071509540081024,-0.5481551885604858,0.7317602634429932,-0.27537184953689575,0.3546767830848694,0.4865332841873169,0.7310080528259277,0.43875205516815186,0.15809692442417145,-0.2868052124977112,0.31894320249557495,0.052654583007097244,-0.39749810099601746,0.33698633313179016,-0.012012902647256851,0.1819365918636322,-0.4960502088069916,0.6824207901954651,0.44265612959861755,0.48561620712280273,1.3923354148864746,0.5038601160049438,0.731166422367096,0.22096869349479675,0.05272507667541504,0.2436637133359909,0.14698703587055206,-0.45392370223999023,-0.14126260578632355,0.8133605718612671,0.9970095157623291,0.5289813280105591,0.13174676895141602,0.08232641220092773,-0.555419921875,-0.8290141224861145,-0.06514886766672134,0.4040966033935547,-0.2006012201309204,-0.8924489617347717,0.027592360973358154,-0.16360139846801758,0.019777119159698486,0.04265129566192627,-0.982991099357605,0.17863209545612335,-0.4612760841846466,-0.17797255516052246,-0.869223952293396,0.4185866117477417,0.07732534408569336,-0.031000062823295593,0.075234055519104,0.997165858745575,1.5583100321236998e-06,-0.997165858745575,0.075234055519104,1.151319452219468e-06,0.296946257352829,-0.02230551838874817,-0.031000100076198578,0.5402269959449768,0.1769562065601349,-0.03100002557039261
52,0.22684720158576965,-0.0770234540104866,-0.5699913501739502,0.7472904920578003,-0.27834492921829224,0.3271608054637909,0.5120102167129517,0.7310163974761963,0.34041714668273926,0.2110287845134735,-0.3087528645992279,0.2179786115884781,-0.04054996743798256,-0.38589876890182495,0.35643085837364197,-0.006548099219799042,0.19052235782146454,-0.49218785762786865,0.6986871361732483,0.45135313272476196,0.4804127514362335,1.3913689851760864,0.5429446697235107,0.7311499714851379,0.16960552334785461,0.0541270412504673,0.2524971663951874,0.14159151911735535,-0.42695534229278564,-0.1121915876865387,0.7912132740020752,0.953689455986023,0.5422800183296204,0.13002586364746094,0.08991427719593048,-0.564350962638855,-0.8214848637580872,-0.08167576044797897,0.42988765239715576,-0.20797336101531982,-0.878603458404541,0.0269736647605896,-0.16294622421264648,0.019795402884483337,0.034939467906951904,-0.9788114428520203,0.20176059007644653,-0.45044440031051636,-0.19563841819763184,-0.8711058497428894,0.4185866117477417,0.07732534408569336,-0.031000062823295593,0.075234055519104,0.9971659779548645,1.5623791114194319e-06,-0.9971659779548645,0.075234055519104,6.951994464543532e-07,0.296946257352829,-0.022305533289909363,-0.031000152230262756,0.5402269959449768,0.17695622146129608,-0.03099997341632843
53,0.23993408679962158,-0.058479685336351395,-0.5915635228157043,0.7562474012374878,-0.2893041968345642,0.29944390058517456,0.5381802916526794,0.731095016002655,0.08374384045600891,0.3037204444408417,-0.3291773200035095,0.09932608157396317,-0.15377865731716156,-0.3805471360683441,0.3665620684623718,0.04344465583562851,0.19580580294132233,-0.48911961913108826,0.7155542373657227,0.45956602692604065,0.47581303119659424,1.3909751176834106,0.5807862281799316,0.7311425805091858,0.11045504361391068,0.04103207588195801,0.2542474567890167,0.11833135038614273,-0.24915461242198944,-0.07521563023328781,0.6722029447555542,0.38621124625205994,0.5494287014007568,0.12274026870727539,0.0919986367225647,-0.5785002708435059,-0.8108896017074585,-0.08829281479120255,0.4434129297733307,-0.2217773199081421,-0.8684468865394592,0.026545405387878418,-0.16242122650146484,0.019814930856227875,0.024771571159362793,-0.9743058681488037,0.2238624393939972,-0.4400016665458679,-0.21170055866241455,-0.8726862668991089,0.4185865521430969,0.07732534408569336,-0.031000062823295593,0.075234055519104,0.997165858745575,1.4678698789793998e-06,-0.997165858745575,0.075234055519104,1.4499706821879954e-06,0.2969461977481842,-0.02230551838874817,-0.031000055372714996,0.540226936340332,0.1769562065601349,-0.03100007027387619
54,0.23573458194732666,-0.03498272970318794,-0.6135027408599854,0.7591220140457153,-0.3066985011100769,0.2715860605239868,0.5640116930007935,0.7312500476837158,-0.2596205174922943,0.3825286030769348,-0.35702750086784363,-0.000331331102643162,-0.2423900067806244,-0.3782534897327423,0.36199504137039185,-0.031273189932107925,0.2005581110715866,-0.488764226436615,0.7323201894760132,0.4664624035358429,0.47297361493110657,1.391078233718872,0.6170568466186523,0.7311307191848755,0.10390246659517288,-0.0037377425469458103,0.25597864389419556,0.100254587829113,-0.21702295541763306,-0.048110224306583405,0.6400725245475769,0.3692730963230133,0.5491565465927124,0.1065206527709961,0.088645800948143,-0.602820873260498,-0.7933032512664795,-0.08530542254447937,0.44353845715522766,-0.24431288242340088,-0.8623136878013611,0.0259820818901062,-0.16181230545043945,0.019843578338623047,0.013408422470092773,-0.9696749448776245,0.24403032660484314,-0.42908337712287903,-0.2260192632675171,-0.8745300769805908,0.4185866117477417,0.07732534408569336,-0.031000062823295593,0.07523423433303833,0.997165858745575,1.5845319012441905e-06,-0.997165858745575,0.07523423433303833,7.461880500159168e-07,0.2969462275505066,-0.022305496037006378,-0.031000148504972458,0.5402269959449768,0.1769561767578125,-0.03099997714161873
55,0.21847860515117645,-0.008297665044665337,-0.637191891670227,0.7575914263725281,-0.3277313709259033,0.2434462606906891,0.589774489402771,0.7313192486763,-0.4554441571235657,0.4263179302215576,-0.3809584081172943,-0.0661531463265419,-0.2927786111831665,-0.38150203227996826,0.3607904613018036,-0.03347432240843773,0.20750892162322998,-0.49117428064346313,0.746863603591919,0.47160136699676514,0.47086942195892334,1.3909831047058105,0.6522954702377319,0.7311137914657593,0.1355663686990738,-0.04448912665247917,0.22466254234313965,0.07537229359149933,-0.1975921243429184,-0.047245342284440994,0.6220876574516296,0.3333401083946228,0.5424062013626099,0.08304834365844727,0.08166241645812988,-0.635767936706543,-0.7680811285972595,-0.07648804783821106,0.4332466721534729,-0.27308058738708496,-0.8589087724685669,0.025398313999176025,-0.1612544059753418,0.019853606820106506,0.0014832615852355957,-0.9650146961212158,0.26219138503074646,-0.41691648960113525,-0.2389143705368042,-0.8769837617874146,0.4185865521430969,0.07732534408569336,-0.03100006654858589,0.075234055519104,0.997165858745575,1.4915941619619844e-06,-0.997165858745575,0.075234055519104,1.5187135886662873e-06,0.2969461977481842,-0.02230551838874817,-0.031000055372714996,0.540226936340332,0.1769562065601349,-0.031000077724456787
56,0.19454404711723328,0.018466738983988762,-0.6602621674537659,0.7577490210533142,-0.3480651378631592,0.2156914323568344,0.6146935820579529,0.7312917709350586,-0.5199956893920898,0.397961288690567,-0.3628297746181488,-0.010448982007801533,-0.28021568059921265,-0.38439878821372986,0.3487473726272583,-0.3411638140678406,0.2174539864063263,-0.4955373704433441,0.7631792426109314,0.4769555926322937,0.468487024307251,1.3908027410507202,0.6859340071678162,0.7311255931854248,0.1967654526233673,-0.07364492118358612,0.2664976716041565,0.09043664485216141,-0.3201647996902466,-0.04050606116652489,0.6828545331954956,0.7627252340316772,0.5335706472396851,0.0564417839050293,0.07575348019599915,-0.6711627244949341,-0.7381828427314758,-0.06801895052194595,0.4210851788520813,-0.304115891456604,-0.8545178174972534,0.024663329124450684,-0.16062259674072266,0.019880659878253937,-0.005482077598571777,-0.9601868391036987,0.279305100440979,-0.40111690759658813,-0.2537428140640259,-0.8801818490028381,0.4185866117477417,0.07732534408569336,-0.031000062823295593,0.075234055519104,0.9971659779548645,1.6480153135489672e-06,-0.9971659779548645,0.075234055519104,7.555309480267169e-07,0.2969462275505066,-0.022305533289909363,-0.031000155955553055,0.5402269959449768,0.17695622146129608,-0.03099996969103813
57,0.16974741220474243,0.03297023847699165,-0.6815001964569092,0.7537931203842163,-0.3549177646636963,0.1917973756790161,0.6407191157341003,0.7312144637107849,-0.5311702489852905,0.1890261173248291,-0.33811837434768677,-0.06334693729877472,-0.09133855998516083,-0.3313624858856201,0.36446040868759155,-0.011690428480505943,0.22351279854774475,-0.4990110993385315,0.7828712463378906,0.4837307929992676,0.46543899178504944,1.3912243843078613,0.7148933410644531,0.731137752532959,0.11267482489347458,-0.05438719317317009,0.29877737164497375,0.09692800045013428,-0.11335696280002594,0.004223502706736326,0.4517703950405121,0.12133006006479263,0.5231366157531738,0.03223848342895508,0.07268723845481873,-0.7115591764450073,-0.6985173225402832,-0.07587669789791107,0.4122917950153351,-0.3276478052139282,-0.8500956296920776,0.024219393730163574,-0.1601085662841797,0.019940093159675598,-0.008722543716430664,-0.9553669691085815,0.29529261589050293,-0.38478273153305054,-0.2693589925765991,-0.8828294277191162,0.4185865521430969,0.07732534408569336,-0.031000062823295593,0.075234055519104,0.997165858745575,1.5168023992373492e-06,-0.997165858745575,0.075234055519104,1.5609065258104238e-06,0.2969461679458618,-0.02230551838874817,-0.0310000479221344,0.540226936340332,0.1769562065601349,-0.031000077724456787
58,0.14436456561088562,0.027552569285035133,-0.6992155909538269,0.7549712657928467,-0.3512442409992218,0.17143261432647705,0.6659761071205139,0.7310267090797424,-0.5259497761726379,-0.18586666882038116,-0.28864601254463196,0.10106949508190155,0.06319884210824966,-0.3036278486251831,0.3535582423210144,0.008214214816689491,0.23471631109714508,-0.5068351626396179,0.8033937811851501,0.5004679560661316,0.48813921213150024,1.37483549118042,0.7320570945739746,0.7306524515151978,0.24087581038475037,-0.16116701066493988,0.28911688923835754,0.44304728507995605,0.4934271574020386,-0.4094085395336151,0.21385285258293152,0.43107864260673523,0.5173556804656982,0.009264945983886719,0.08098036050796509,-0.7502694129943848,-0.652489960193634,-0.10655070096254349,0.42114779353141785,-0.34744715690612793,-0.8378037810325623,0.025159060955047607,-0.14380216598510742,0.020687557756900787,-0.01074981689453125,-0.9618490934371948,0.2733692228794098,-0.3608584403991699,-0.25123071670532227,-0.8981449007987976,0.4185866117477417,0.07732534408569336,-0.031000062823295593,0.07523423433303833,0.997165858745575,1.658529981796164e-06,-0.997165858745575,0.07523423433303833,8.337850658790558e-07,0.2969462275505066,-0.022305496037006378,-0.031000148504972458,0.5402269959449768,0.1769561767578125,-0.03099997714161873
59,0.12642574310302734,0.016135919839143753,-0.721869170665741,0.7558791041374207,-0.332051157951355,0.15286453068256378,0.6912630200386047,0.7310383915901184,-0.4186944365501404,-0.18808265030384064,-0.3550691604614258,0.019964957609772682,0.2744314670562744,-0.25994399189949036,0.3539896011352539,-0.000986217288300395,0.24301497638225555,-0.5085151195526123,0.8243606686592102,0.5225630402565002,0.5153881311416626,1.3554532527923584,0.7450295090675354,0.7308538556098938,0.14430227875709534,-0.01878633163869381,0.31085216999053955,0.3227168619632721,0.38490208983421326,-0.2683664560317993,0.1798761934041977,0.18257123231887817,0.5115612745285034,-0.012451648712158203,0.09170803427696228,-0.7889283895492554,-0.5954256057739258,-0.15185661613941193,0.43355584144592285,-0.3642430305480957,-0.8242308497428894,0.025079846382141113,-0.12345218658447266,0.02235635370016098,-0.01034247875213623,-0.9701437950134277,0.24230995774269104,-0.34171247482299805,-0.22430551052093506,-0.9126443266868591,0.4185865521430969,0.07732534408569336,-0.03100006654858589,0.07523393630981445,0.9971659779548645,1.5424186585732969e-06,-0.9971659779548645,0.07523393630981445,1.5865698514971882e-06,0.2969461679458618,-0.022305548191070557,-0.031000051647424698,0.540226936340332,0.17695623636245728,-0.031000081449747086
60,0.10435070097446442,0.013768341392278671,-0.7425093054771423,0.7523020505905151,-0.3191719055175781,0.13263344764709473,0.7167108058929443,0.731151282787323,-0.49422717094421387,-0.007292488589882851,-0.33058732748031616,-0.08539203554391861,0.1822812855243683,-0.27292048931121826,0.35627713799476624,-0.012002149596810341,0.2511886954307556,-0.5047793388366699,0.8441548943519592,0.5376772284507751,0.5427086353302002,1.3389337062835693,0.7572152614593506,0.7309340238571167,0.14896489679813385,0.05727666616439819,0.2986838221549988,0.22193029522895813,0.3877563774585724,-0.22806484997272491,0.16945689916610718,0.0840086117386818,0.5010272264480591,-0.03427696228027344,0.09621778130531311,-0.8223029375076294,-0.5380111932754517,-0.18536943197250366,0.4345460534095764,-0.38336610794067383,-0.8149847388267517,0.020759284496307373,-0.10713624954223633,0.022851109504699707,-0.009251117706298828,-0.975830078125,0.21833503246307373,-0.33489421010017395,-0.2027115821838379,-0.9201922416687012,0.4185866117477417,0.07732534408569336,-0.031000062823295593,0.07523423433303833,0.997165858745575,1.6789847450127127e-06,-0.997165858745575,0.07523423433303833,8.679032816871768e-07,0.2969462275505066,-0.022305496037006378,-0.03100014477968216,0.5402269959449768,0.1769561767578125,-0.030999980866909027
61,0.07948391139507294,0.01812589541077614,-0.7614510655403137,0.7425687313079834,-0.31061652302742004,0.11413644999265671,0.7430734634399414,0.7312164306640625,-0.521019697189331,0.0940672755241394,-0.3044278025627136,-0.18539734184741974,0.1205204576253891,-0.2457360178232193,0.36909234523773193,-0.012507868930697441,0.2543881833553314,-0.5012370347976685,0.8617069125175476,0.5468075275421143,0.5695225596427917,1.3272705078125,0.7677775621414185,0.7309659123420715,0.05804901570081711,0.05283902585506439,0.2554858922958374,0.12878818809986115,0.37788212299346924,-0.16121359169483185,0.14746519923210144,0.018930478021502495,0.485196590423584,-0.054552555084228516,0.09379018843173981,-0.8530986309051514,-0.4786151051521301,-0.20772665739059448,0.4229543209075928,-0.40126514434814453,-0.8124628663063049,0.015068531036376953,-0.09487390518188477,0.022778987884521484,-0.013398885726928711,-0.9795591831207275,0.2007092535495758,-0.33660098910331726,-0.18459343910217285,-0.9233769774436951,0.4185865521430969,0.07732534408569336,-0.03100006654858589,0.07523393630981445,0.9971659779548645,1.5642541484339745e-06,-0.9971659779548645,0.07523393630981445,1.639218453419744e-06,0.2969461679458618,-0.022305548191070557,-0.0310000479221344,0.540226936340332,0.17695623636245728,-0.031000085175037384
62,0.055144768208265305,0.019833801314234734,-0.7811286449432373,0.7283759713172913,-0.30111023783683777,0.102742038667202,0.7702270150184631,0.7312418222427368,-0.5421064496040344,0.027171777561306953,-0.3213333487510681,-0.23303362727165222,0.13592369854450226,-0.1493455171585083,0.3799659311771393,0.005277058109641075,0.25143903493881226,-0.5060395002365112,0.8773486614227295,0.559761106967926,0.5951401591300964,1.3169910907745361,0.7742504477500916,0.7308384776115417,-0.0217228252440691,-0.10315754264593124,0.2174583375453949,0.23633885383605957,0.36082619428634644,-0.1518963724374771,0.08957991749048233,0.20391881465911865,0.46535825729370117,-0.07243824005126953,0.08831006288528442,-0.8820112943649292,-0.41270169615745544,-0.22744961082935333,0.4042648375034332,-0.41468608379364014,-0.8152332901954651,0.01326364278793335,-0.08095598220825195,0.024721279740333557,-0.020891189575195312,-0.9839513301849365,0.17720992863178253,-0.33130520582199097,-0.16042041778564453,-0.9297860860824585,0.4185866117477417,0.07732534408569336,-0.031000062823295593,0.07523423433303833,0.997165858745575,1.5368284493888495e-06,-0.997165858745575,0.07523423433303833,6.114916573096707e-07,0.296946257352829,-0.022305496037006378,-0.031000159680843353,0.5402269959449768,0.1769561767578125,-0.030999965965747833
63,0.03213061764836311,0.013541482388973236,-0.8010920882225037,0.7119553685188293,-0.2836664617061615,0.09981755167245865,0.7971817851066589,0.7312072515487671,-0.511441171169281,-0.10525655001401901,-0.3226907551288605,-0.2522432506084442,0.24833008646965027,-0.034364428371191025,0.37739327549934387,-0.006756384391337633,0.24575091898441315,-0.512091875076294,0.8919432759284973,0.5753570795059204,0.61860191822052,1.3090592622756958,0.7770915031433105,0.7308434844017029,-0.06353791803121567,-0.1007339358329773,0.20679453015327454,0.25316670536994934,0.3302459716796875,-0.1144128143787384,0.03869794309139252,0.2191445529460907,0.4435756206512451,-0.08759403228759766,0.0829765796661377,-0.9073832035064697,-0.33613136410713196,-0.25233200192451477,0.38464030623435974,-0.42207443714141846,-0.8209171295166016,0.012526154518127441,-0.06686687469482422,0.02785041183233261,-0.026008009910583496,-0.9879981279373169,0.15226083993911743,-0.32491064071655273,-0.1356884241104126,-0.9359603524208069,0.41858652234077454,0.07732534408569336,-0.03100006654858589,0.07523393630981445,0.9971659779548645,1.5785046798555413e-06,-0.9971659779548645,0.07523393630981445,1.6781040130808833e-06,0.2969461679458618,-0.022305548191070557,-0.0310000479221344,0.5402268767356873,0.17695623636245728,-0.031000085175037384
64,0.009002400562167168,0.005196463316679001,-0.8176761269569397,0.6931647658348083,-0.2629167139530182,0.09816307574510574,0.8220676779747009,0.7311832904815674,-0.4672912061214447,-0.11132984608411789,-0.265071302652359,-0.30313801765441895,0.2920502722263336,-0.013245048932731152,0.3483175039291382,-0.00046044355258345604,0.2426365166902542,-0.5119085311889648,0.9101779460906982,0.5906403660774231,0.6391756534576416,1.3077597618103027,0.7689490914344788,0.7309932112693787,-0.001477475045248866,0.0058923158794641495,0.2824220061302185,0.22737707197666168,0.29388609528541565,-0.013448715209960938,-0.11464688926935196,0.02220575138926506,0.42194104194641113,-0.09927225112915039,0.0768173336982727,-0.9255994558334351,-0.2582264840602875,-0.2767397463321686,0.3660803735256195,-0.42495179176330566,-0.827889621257782,0.007315695285797119,-0.05611133575439453,0.030375182628631592,-0.011062145233154297,-0.9910069108009338,0.13335290551185608,-0.3263451159000397,-0.12248063087463379,-0.9372819662094116,0.4185866117477417,0.07732534408569336,-0.031000062823295593,0.075234055519104,0.9971659779548645,1.5615916026945342e-06,-0.9971659779548645,0.075234055519104,6.653264676970139e-07,0.296946257352829,-0.022305533289909363,-0.031000155955553055,0.5402269959449768,0.17695622146129608,-0.03099996969103813
65,-0.013577049598097801,-0.002169676823541522,-0.8310400247573853,0.6719080209732056,-0.2424466758966446,0.09788542985916138,0.845852255821228,0.7311959266662598,-0.4551626741886139,-0.08877354860305786,-0.2197217047214508,-0.34608981013298035,0.2872310280799866,0.008442329242825508,0.3326234221458435,0.014217320829629898,0.240083247423172,-0.5108787417411804,0.9312335848808289,0.6053110361099243,0.658026933670044,1.3093479871749878,0.7540459036827087,0.731002151966095,0.0032864678651094437,0.006770642939954996,0.3171563744544983,0.22671383619308472,0.2702953815460205,0.023294011130928993,-0.2084714025259018,0.015599822625517845,0.4004090130329132,-0.10712289810180664,0.06850151717662811,-0.9377155303955078,-0.18211694061756134,-0.29584330320358276,0.34633511304855347,-0.42329299449920654,-0.8371829390525818,0.00026232004165649414,-0.04727983474731445,0.03243185579776764,0.014832735061645508,-0.9930167198181152,0.11703735589981079,-0.3295924663543701,-0.11536407470703125,-0.9370484948158264,0.4185865521430969,0.07732534408569336,-0.031000062823295593,0.075234055519104,0.997165858745575,1.4262633385442314e-06,-0.997165858745575,0.075234055519104,1.4351803656609263e-06,0.2969461977481842,-0.02230551838874817,-0.031000055372714996,0.540226936340332,0.1769562065601349,-0.03100007027387619
66,-0.030602524057030678,-0.01375226303935051,-0.8452937006950378,0.6504470109939575,-0.22017480432987213,0.09897368401288986,0.8682249188423157,0.7311205267906189,-0.3522240221500397,-0.1749579906463623,-0.22622598707675934,-0.32223761081695557,0.31423088908195496,0.020667526870965958,0.31268972158432007,0.028053801506757736,0.236589714884758,-0.516435444355011,0.9533643126487732,0.61595618724823,0.6767929792404175,1.3081603050231934,0.7422654032707214,0.7310072779655457,-0.012366661801934242,-0.09872230887413025,0.33159327507019043,0.1648389846086502,0.2662540674209595,-0.015810489654541016,-0.16507172584533691,0.0064063118770718575,0.3813496232032776,-0.1117868423461914,0.061413466930389404,-0.9424781799316406,-0.1082678735256195,-0.3162482976913452,0.331785649061203,-0.4180781841278076,-0.8456530570983887,-0.005251765251159668,-0.03953695297241211,0.03353676199913025,0.035278260707855225,-0.9941239356994629,0.10233758389949799,-0.3270132839679718,-0.10824692249298096,-0.9387997388839722,0.4185866117477417,0.07732534408569336,-0.031000062823295593,0.075234055519104,0.9971659779548645,1.5782693481014576e-06,-0.9971659779548645,0.075234055519104,7.208730607999314e-07,0.2969462275505066,-0.022305533289909363,-0.031000152230262756,0.5402269959449768,0.17695622146129608,-0.03099997341632843
67,-0.03382562845945358,-0.028080366551876068,-0.859566867351532,0.6301035284996033,-0.19825805723667145,0.09846106916666031,0.8889510035514832,0.7310256361961365,0.017307549715042114,-0.20435801148414612,-0.18599741160869598,-0.30563461780548096,0.3028063476085663,-0.004797483328729868,0.28952229022979736,0.004445744212716818,0.23558945953845978,-0.5305097699165344,0.9769019484519958,0.6216686964035034,0.696618378162384,1.3031065464019775,0.7347103357315063,0.7310006022453308,0.03461557254195213,-0.2168141007423401,0.3627406060695648,0.10827036201953888,0.28107917308807373,-0.06817823648452759,-0.10597135871648788,0.011557443998754025,0.36984625458717346,-0.11110305786132812,0.05630554258823395,-0.9398592710494995,-0.049163125455379486,-0.3380056917667389,0.3276660740375519,-0.4091726541519165,-0.8515943288803101,-0.009759664535522461,-0.03270912170410156,0.033390894532203674,0.05168735980987549,-0.9946645498275757,0.08928000181913376,-0.3166022002696991,-0.10110867023468018,-0.9431544542312622,0.4185865521430969,0.07732534408569336,-0.031000062823295593,0.075234055519104,0.997165858745575,1.4866787978462526e-06,-0.997165858745575,0.075234055519104,1.4858694612485124e-06,0.2969461977481842,-0.02230551838874817,-0.031000055372714996,0.540226936340332,0.1769562065601349,-0.03100007027387619
68,-0.030407404527068138,-0.04336262866854668,-0.8731569647789001,0.6118356585502625,-0.1826871782541275,0.0959649607539177,0.9089133739471436,0.7310261130332947,0.0015704137040302157,-0.22513212263584137,-0.20106340944766998,-0.2712867856025696,0.22244411706924438,-0.03298090398311615,0.2775591015815735,-0.004868076182901859,0.23637045919895172,-0.5448665618896484,1.0018786191940308,0.62778240442276,0.7183628678321838,1.2991124391555786,0.7263977527618408,0.7310101389884949,0.0722440704703331,-0.22895361483097076,0.386992871761322,0.09271520376205444,0.3124117851257324,-0.052688099443912506,-0.11656098067760468,0.0004146530118305236,0.3632063865661621,-0.10830831527709961,0.05300271511077881,-0.9336069822311401,-0.0038996045477688313,-0.3582778573036194,0.3297598659992218,-0.4004288911819458,-0.854935884475708,-0.016011834144592285,-0.02592182159423828,0.03312007337808609,0.07150077819824219,-0.9945101737976074,0.07640202343463898,-0.30759793519973755,-0.09484994411468506,-0.9467772245407104,0.4185866117477417,0.07732534408569336,-0.031000062823295593,0.07523423433303833,0.997165858745575,1.5814691778359702e-06,-0.997165858745575,0.07523423433303833,7.637211183464387e-07,0.2969462275505066,-0.022305496037006378,-0.031000148504972458,0.5402269959449768,0.1769561767578125,-0.03099997714161873
69,-0.027420977130532265,-0.056027770042419434,-0.88761967420578,0.5960745215415955,-0.17816343903541565,0.08939224481582642,0.9289908409118652,0.7310353517532349,0.003403919283300638,-0.17942658066749573,-0.21247431635856628,-0.2410409152507782,0.07273844629526138,-0.09121296554803848,0.27433711290359497,-0.023091938346624374,0.23688405752182007,-0.5583857893943787,1.0268723964691162,0.6297020316123962,0.741014838218689,1.3030362129211426,0.7169089913368225,0.7310830354690552,0.05007990449666977,-0.20460045337677002,0.38226518034935,0.009098539128899574,0.32286760210990906,0.06170929968357086,-0.13294392824172974,-0.02331763692200184,0.3575194478034973,-0.10715341567993164,0.05088222026824951,-0.926668643951416,0.031238652765750885,-0.37457937002182007,0.3325197696685791,-0.39652442932128906,-0.8556864857673645,-0.025104224681854248,-0.023315906524658203,0.031710684299468994,0.09180295467376709,-0.9932024478912354,0.07156292349100113,-0.3070494532585144,-0.09659898281097412,-0.946778416633606,0.4185865521430969,0.07732534408569336,-0.03100006654858589,0.075234055519104,0.997165858745575,1.5092557532625506e-06,-0.997165858745575,0.075234055519104,1.5297373465728015e-06,0.2969461977481842,-0.02230551838874817,-0.031000055372714996,0.540226936340332,0.1769562065601349,-0.031000077724456787
70,-0.021979104727506638,-0.07040854543447495,-0.906143307685852,0.5886223316192627,-0.1820543110370636,0.08148859441280365,0.9503868222236633,0.7309655547142029,0.025586986914277077,-0.23464354872703552,-0.2693622410297394,-0.08006779104471207,-0.033394794911146164,-0.12375660985708237,0.28982874751091003,0.03987856209278107,0.23956702649593353,-0.5756052732467651,1.0513569116592407,0.6333158612251282,0.7648177742958069,1.3067059516906738,0.7085062265396118,0.7310872673988342,0.10760515928268433,-0.29150426387786865,0.37169191241264343,0.07935883104801178,0.3404867351055145,0.04844179376959801,-0.11607688665390015,-0.036905113607645035,0.354532390832901,-0.10981988906860352,0.05379219353199005,-0.9168459177017212,0.05910539627075195,-0.39484190940856934,0.34067583084106445,-0.39983856678009033,-0.8509225249290466,-0.03413146734237671,-0.019711971282958984,0.03081183135509491,0.11265885829925537,-0.9915358424186707,0.06453526765108109,-0.3031251132488251,-0.09614872932434082,-0.9480879306793213,0.4185866117477417,0.07732534408569336,-0.031000062823295593,0.075234055519104,0.9971659779548645,1.6424751265731174e-06,-0.9971659779548645,0.075234055519104,7.775462904646702e-07,0.2969462275505066,-0.022305533289909363,-0.031000152230262756,0.5402269959449768,0.17695622146129608,-0.03099997341632843
71,-0.015540027990937233,-0.08500757068395615,-0.926662802696228,0.5853837132453918,-0.18664605915546417,0.07420151680707932,0.9738267660140991,0.730991005897522,0.034216560423374176,-0.22216731309890747,-0.2997051477432251,-0.03926714137196541,-0.04419570043683052,-0.10979434102773666,0.31592807173728943,0.009228933602571487,0.24415223300457,-0.592815101146698,1.0755670070648193,0.638879656791687,0.7874663472175598,1.3093512058258057,0.6997058391571045,0.7311129570007324,0.13032256066799164,-0.275383323431015,0.3739001154899597,0.09198214113712311,0.32310396432876587,0.03703036159276962,-0.12068715691566467,-0.0439852774143219,0.3521782159805298,-0.11432075500488281,0.058572158217430115,-0.9044106006622314,0.08816446363925934,-0.4174548387527466,0.35012680292129517,-0.40578508377075195,-0.8442450761795044,-0.04327303171157837,-0.0156097412109375,0.03011345863342285,0.13682252168655396,-0.9889920949935913,0.05634148418903351,-0.29719725251197815,-0.09523916244506836,-0.9500545263290405,0.4185865521430969,0.07732534408569336,-0.03100006654858589,0.07523393630981445,0.9971659779548645,1.5274123370545567e-06,-0.9971659779548645,0.07523393630981445,1.577420562171028e-06,0.2969461679458618,-0.022305548191070557,-0.031000051647424698,0.540226936340332,0.17695623636245728,-0.031000081449747086
72,-0.011100075207650661,-0.10015394538640976,-0.9475899338722229,0.5801471471786499,-0.1898743212223053,0.07210187613964081,0.9981035590171814,0.7310393452644348,-0.014364995062351227,-0.21936553716659546,-0.3163498640060425,-0.09320401400327682,-0.012853706255555153,-0.03228890895843506,0.3167418837547302,-0.042362526059150696,0.2501913905143738,-0.6069679856300354,1.101016879081726,0.6447837948799133,0.8084613680839539,1.3099887371063232,0.686077356338501,0.7311292886734009,0.1574845165014267,-0.2254485934972763,0.39949503540992737,0.08840328454971313,0.30097830295562744,0.010222556069493294,-0.1876775026321411,-0.0386703722178936,0.34718093276023865,-0.11771821975708008,0.06089131534099579,-0.8914352655410767,0.12353707104921341,-0.4359837770462036,0.35493311285972595,-0.407794713973999,-0.841264545917511,-0.053133487701416016,-0.012038230895996094,0.028758004307746887,0.1687164306640625,-0.9845049381256104,0.04780171066522598,-0.2914218008518219,-0.0961529016494751,-0.9517500400543213,0.4185866117477417,0.07732534408569336,-0.031000062823295593,0.07523423433303833,0.997165858745575,1.6764605561547796e-06,-0.997165858745575,0.07523423433303833,8.530475952284178e-07,0.2969462275505066,-0.022305496037006378,-0.031000148504972458,0.5402269959449768,0.1769561767578125,-0.03099997714161873
73,-0.011669091880321503,-0.11378272622823715,-0.97003573179245,0.5765073299407959,-0.19442613422870636,0.07140421122312546,1.0225019454956055,0.7310540676116943,-0.12024052441120148,-0.20254963636398315,-0.3491547107696533,-0.054533831775188446,-0.030553769320249557,-0.016460377722978592,0.32477831840515137,-0.05950815603137016,0.2608284652233124,-0.6196992993354797,1.1277517080307007,0.6506498456001282,0.8284144401550293,1.309186339378357,0.6684827208518982,0.7311513423919678,0.24582719802856445,-0.2178031951189041,0.4279218912124634,0.09648720175027847,0.28639593720436096,-0.009994236752390862,-0.2425987273454666,-0.04304277524352074,0.3390873670578003,-0.12349128723144531,0.06282415986061096,-0.876887321472168,0.16352953016757965,-0.4520252048969269,0.3555978536605835,-0.41206443309783936,-0.8389000296592712,-0.06465137004852295,-0.009366989135742188,0.02675483375787735,0.210004985332489,-0.9769091010093689,0.039324283599853516,-0.2848513722419739,-0.09961128234863281,-0.9533820152282715,0.4185865521430969,0.07732534408569336,-0.03100006654858589,0.07523393630981445,0.9971659779548645,1.5552415106867556e-06,-0.9971659779548645,0.07523393630981445,1.6263126099147485e-06,0.2969461679458618,-0.022305548191070557,-0.031000051647424698,0.540226936340332,0.17695623636245728,-0.031000081449747086
74,-0.018662068992853165,-0.12674126029014587,-0.9939284324645996,0.5761452913284302,-0.20107607543468475,0.07253854721784592,1.047839641571045,0.731054425239563,-0.2487378865480423,-0.18723829090595245,-0.4328969717025757,0.037593498826026917,-0.1589343100786209,-0.01977882906794548,0.5223174095153809,0.04913923889398575,0.27052953839302063,-0.6313555240631104,1.1559052467346191,0.6564542651176453,0.8467895984649658,1.3078413009643555,0.6490024328231812,0.7311468720436096,0.2919484078884125,-0.22417378425598145,0.41799288988113403,0.08673445880413055,0.2374769151210785,-0.05832738056778908,-0.2907498776912689,-0.008262276649475098,0.32763198018074036,-0.1325840950012207,0.0654364824295044,-0.859229326248169,0.20868654549121857,-0.4670921564102173,0.35255688428878784,-0.42006194591522217,-0.8362127542495728,-0.0760810375213623,-0.007742404937744141,0.024078965187072754,0.25354307889938354,-0.9667772054672241,0.032523129135370255,-0.27776649594306946,-0.10496938228607178,-0.9548964500427246,0.4185866117477417,0.07732534408569336,-0.031000062823295593,0.07523423433303833,0.997165858745575,1.5421865100506693e-06,-0.997165858745575,0.07523423433303833,5.926252697463497e-07,0.296946257352829,-0.022305496037006378,-0.03100016340613365,0.5402269959449768,0.1769561767578125,-0.030999962240457535
75,-0.025670113041996956,-0.13915885984897614,-1.0176619291305542,0.577645480632782,-0.20723606646060944,0.07579908519983292,1.0746314525604248,0.7310475707054138,-0.17109766602516174,-0.19196130335330963,-0.3543838560581207,0.013986117206513882,-0.009252388030290604,0.03685835003852844,0.3232857584953308,-0.007190302014350891,0.2785021960735321,-0.6435866951942444,1.1859782934188843,0.6605398654937744,0.8639921545982361,1.3085476160049438,0.6294841766357422,0.7311559915542603,0.1599491685628891,-0.17030338943004608,0.4594573378562927,0.057997699826955795,0.23830752074718475,0.0027157319709658623,-0.2622449994087219,-0.029140349477529526,0.3158531188964844,-0.14166593551635742,0.06803227961063385,-0.8387507200241089,0.25489044189453125,-0.4811737537384033,0.3484797477722168,-0.42773449420928955,-0.8340294361114502,-0.08736646175384521,-0.008524894714355469,0.020267218351364136,0.2963588833808899,-0.9545834064483643,0.030691329389810562,-0.27063286304473877,-0.11475145816802979,-0.9558190703392029,0.41858652234077454,0.07732534408569336,-0.03100006654858589,0.07523393630981445,0.9971659779548645,1.550280330775422e-06,-0.9971659779548645,0.07523393630981445,1.6727141201045015e-06,0.2969461679458618,-0.022305548191070557,-0.0310000441968441,0.5402268767356873,0.17695623636245728,-0.031000088900327682
76,-0.0315735787153244,-0.15007583796977997,-1.0410168170928955,0.5824316143989563,-0.218947634100914,0.07542700320482254,1.1024919748306274,0.7310020923614502,-0.1836351901292801,-0.17973919212818146,-0.35036829113960266,0.09353064000606537,-0.09102585166692734,-0.01889633759856224,0.34062469005584717,0.02771776169538498,0.282694011926651,-0.660198986530304,1.216459035873413,0.667427122592926,0.8830349445343018,1.3054852485656738,0.6088209748268127,0.7311208248138428,0.12504248321056366,-0.2607286870479584,0.467118501663208,0.12357811629772186,0.27300676703453064,-0.05167832225561142,-0.282120019197464,-0.023039672523736954,0.3056004047393799,-0.1520237922668457,0.07264770567417145,-0.8170192241668701,0.2928042411804199,-0.496734619140625,0.3462570309638977,-0.4397130012512207,-0.8287090063095093,-0.09642791748046875,-0.006525516510009766,0.01683272421360016,0.33626556396484375,-0.9414535760879517,0.024302512407302856,-0.2585141360759735,-0.11708784103393555,-0.9588852524757385,0.4185866117477417,0.07732534408569336,-0.031000062823295593,0.075234055519104,0.9971659779548645,1.5455168522748863e-06,-0.9971659779548645,0.075234055519104,6.536952810165531e-07,0.296946257352829,-0.022305533289909363,-0.031000155955553055,0.5402269959449768,0.17695622146129608,-0.03099996969103813
77,-0.03902413323521614,-0.16069485247135162,-1.0640438795089722,0.5877165794372559,-0.23628538846969604,0.07241763919591904,1.130922555923462,0.7309978008270264,-0.2421783059835434,-0.16864442825317383,-0.3582877218723297,0.12041258066892624,-0.23506604135036469,-0.04779938980937004,0.3939610421657562,-0.0022493996657431126,0.2794860899448395,-0.67982417345047,1.2482450008392334,0.6760539412498474,0.9039764404296875,1.2991352081298828,0.5897674560546875,0.7310479879379272,0.008939329534769058,-0.2977663576602936,0.4924929141998291,0.1696743667125702,0.287887841463089,-0.08794575184583664,-0.2663062810897827,-0.007125564385205507,0.29499369859695435,-0.16306114196777344,0.07797230780124664,-0.7947099208831787,0.3253844976425171,-0.5124074816703796,0.34386777877807617,-0.454304575920105,-0.821804404258728,-0.10276752710342407,-0.0021905899047851562,0.013219475746154785,0.36787891387939453,-0.9297325611114502,0.016203373670578003,-0.24377822875976562,-0.11324548721313477,-0.9631966352462769,0.4185865521430969,0.07732534408569336,-0.031000062823295593,0.075234055519104,0.997165858745575,1.4249251307774102e-06,-0.997165858745575,0.075234055519104,1.416033569512365e-06,0.2969461977481842,-0.02230551838874817,-0.031000055372714996,0.540226936340332,0.1769562065601349,-0.03100007027387619
78,-0.050021737813949585,-0.1686939150094986,-1.0874119997024536,0.5923886299133301,-0.2580260634422302,0.064339779317379,1.1594213247299194,0.7310003638267517,-0.2572450637817383,-0.12047169357538223,-0.3644440770149231,0.07326453179121017,-0.2880932092666626,-0.11573855578899384,0.3923685848712921,0.003626995487138629,0.2717634439468384,-0.701897144317627,1.281741738319397,0.6892953515052795,0.9269979596138,1.2869380712509155,0.5737553834915161,0.7310203313827515,-0.055521562695503235,-0.34528177976608276,0.5047743320465088,0.22142215073108673,0.32527104020118713,-0.17469409108161926,-0.22384171187877655,0.009097915142774582,0.282381147146225,-0.17545080184936523,0.08334451913833618,-0.7717576026916504,0.35467496514320374,-0.5278218984603882,0.33895716071128845,-0.47284626960754395,-0.8133416175842285,-0.10756230354309082,0.006186485290527344,0.010035298764705658,0.3945292830467224,-0.9188751578330994,0.0038939714431762695,-0.22507232427597046,-0.10074412822723389,-0.9691197276115417,0.4185866117477417,0.07732534408569336,-0.031000062823295593,0.075234055519104,0.9971659779548645,1.569071628182428e-06,-0.9971659779548645,0.075234055519104,7.037681371002691e-07,0.2969462275505066,-0.022305533289909363,-0.031000152230262756,0.5402269959449768,0.17695622146129608,-0.03099997341632843
79,-0.06356875598430634,-0.17747627198696136,-1.111146330833435,0.5975627899169922,-0.2810102701187134,0.05235174670815468,1.18743097782135,0.7309298515319824,-0.3213358521461487,-0.14831143617630005,-0.37240779399871826,0.11292009055614471,-0.30481085181236267,-0.17540989816188812,0.38704362511634827,0.08993896096944809,0.2618485689163208,-0.7234687805175781,1.3155853748321533,0.7058194875717163,0.9519033432006836,1.2719100713729858,0.5634039640426636,0.7310007214546204,-0.08118357509374619,-0.33088213205337524,0.5207136273384094,0.2659919857978821,0.3515169322490692,-0.21061745285987854,-0.14456626772880554,0.009525729343295097,0.26859647035598755,-0.1891474723815918,0.09015564620494843,-0.7455387115478516,0.38163626194000244,-0.5463751554489136,0.33437883853912354,-0.4949687719345093,-0.8019955158233643,-0.11264097690582275,0.016867637634277344,0.007287457585334778,0.4152320623397827,-0.9096560478210449,-0.010402172803878784,-0.2072717845439911,-0.08346748352050781,-0.9747161865234375,0.4185865521430969,0.07732534408569336,-0.03100006654858589,0.075234055519104,0.997165858745575,1.4694364836032037e-06,-0.997165858745575,0.075234055519104,1.4706479305459652e-06,0.2969461977481842,-0.02230551838874817,-0.031000059098005295,0.540226936340332,0.1769562065601349,-0.03100007399916649
80,-0.08051026612520218,-0.18828554451465607,-1.1350505352020264,0.5993767380714417,-0.3051891028881073,0.0368238165974617,1.2147480249404907,0.7309355139732361,-0.3538500964641571,-0.15993212163448334,-0.37969499826431274,0.029391005635261536,-0.327035129070282,-0.2208150327205658,0.3791316747665405,0.12366777658462524,0.2514607310295105,-0.7450438737869263,1.3494861125946045,0.7236177325248718,0.9785659909248352,1.253743052482605,0.5601202845573425,0.7309814095497131,-0.0726471096277237,-0.35013464093208313,0.5188528895378113,0.2927258014678955,0.3771986961364746,-0.25364527106285095,-0.04624228924512863,0.10800113528966904,0.25294607877731323,-0.20225811004638672,0.09658673405647278,-0.7163463830947876,0.4077688157558441,-0.5661910772323608,0.3294672667980194,-0.517621636390686,-0.7896322011947632,-0.11807501316070557,0.02892303466796875,0.0045301541686058044,0.4291868805885315,-0.9028541445732117,-0.025554779917001724,-0.1900676190853119,-0.06261992454528809,-0.9797719717025757,0.4185866117477417,0.07732534408569336,-0.031000062823295593,0.075234055519104,0.9971659779548645,1.5788667724336847e-06,-0.9971659779548645,0.075234055519104,7.579346856800839e-07,0.296946257352829,-0.022305533289909363,-0.031000148504972458,0.5402269959449768,0.17695622146129608,-0.03099997714161873
81,-0.09965436160564423,-0.19895052909851074,-1.1592320203781128,0.5988624095916748,-0.3291655480861664,0.018123384565114975,1.2420172691345215,0.7309214472770691,-0.40044426918029785,-0.1652417778968811,-0.39248621463775635,0.0033496632240712643,-0.3223412334918976,-0.2623752951622009,0.37814974784851074,0.10983185470104218,0.24117296934127808,-0.7684375643730164,1.3813508749008179,0.7449658513069153,1.0058817863464355,1.2331249713897705,0.5629881620407104,0.73093181848526,-0.08757123351097107,-0.36648309230804443,0.4711624085903168,0.37072160840034485,0.3834914565086365,-0.2966245412826538,0.039573803544044495,0.07347322255373001,0.23567482829093933,-0.21474027633666992,0.10242898762226105,-0.6843085289001465,0.4333571493625641,-0.586449921131134,0.3231464922428131,-0.5407372713088989,-0.7766463160514832,-0.12362003326416016,0.04341316223144531,0.0028728917241096497,0.43846213817596436,-0.8976925611495972,-0.04357809200882912,-0.17170701920986176,-0.03607583045959473,-0.9844872951507568,0.4185865521430969,0.07732534408569336,-0.03100006654858589,0.075234055519104,0.997165858745575,1.5061707472341368e-06,-0.997165858745575,0.075234055519104,1.5162055433393107e-06,0.2969461679458618,-0.02230551838874817,-0.031000059098005295,0.540226936340332,0.1769562065601349,-0.03100007399916649
82,-0.12103387713432312,-0.2088167518377304,-1.1836200952529907,0.5974819660186768,-0.35113921761512756,-0.0013976686168462038,1.2695136070251465,0.7309203743934631,-0.4220965504646301,-0.15315018594264984,-0.393968403339386,-0.008488799445331097,-0.2935625910758972,-0.2730781137943268,0.3803517520427704,0.11112762987613678,0.2322893589735031,-0.7919004559516907,1.4106733798980713,0.7674877643585205,1.033219814300537,1.2121009826660156,0.5685315728187561,0.7309541702270508,-0.06357969343662262,-0.362613707780838,0.45199692249298096,0.36214300990104675,0.38510727882385254,-0.2955179512500763,0.07718104869127274,0.04642308130860329,0.21639040112495422,-0.22670888900756836,0.10763557255268097,-0.6486412286758423,0.46007704734802246,-0.6062950491905212,0.31410038471221924,-0.5637890100479126,-0.7638604640960693,-0.12994074821472168,0.05840349197387695,0.001875266432762146,0.44612157344818115,-0.8927507996559143,-0.0630202367901802,-0.15480537712574005,-0.007620573043823242,-0.987915575504303,0.4185866117477417,0.07732534408569336,-0.031000062823295593,0.075234055519104,0.9971659779548645,1.6601069319222006e-06,-0.9971659779548645,0.075234055519104,7.637074190824933e-07,0.2969462275505066,-0.022305533289909363,-0.031000155955553055,0.5402269959449768,0.17695622146129608,-0.03099996969103813
83,-0.1432218700647354,-0.21959133446216583,-1.2071073055267334,0.5961394906044006,-0.3700440526008606,-0.021245090290904045,1.2971874475479126,0.7308998107910156,-0.4288133382797241,-0.17122235894203186,-0.37929829955101013,-0.0018840540433302522,-0.24904708564281464,-0.27908751368522644,0.38141581416130066,0.14143016934394836,0.2248947024345398,-0.8153252005577087,1.4376132488250732,0.7900984287261963,1.060470461845398,1.192178726196289,0.5764535069465637,0.7309525012969971,-0.04600950703024864,-0.3604920208454132,0.4141301214694977,0.36416566371917725,0.3833393156528473,-0.28019484877586365,0.11032785475254059,0.07754157483577728,0.19661802053451538,-0.23796749114990234,0.11317378282546997,-0.6084450483322144,0.4861171543598175,-0.6272837519645691,0.30476030707359314,-0.586696982383728,-0.7502718567848206,-0.13716238737106323,0.07288074493408203,0.0011888593435287476,0.45211082696914673,-0.888137698173523,-0.08250579237937927,-0.14019203186035156,0.020594775676727295,-0.9899101257324219,0.4185865521430969,0.07732534408569336,-0.03100006654858589,0.07523393630981445,0.9971659779548645,1.535183741907531e-06,-0.9971659779548645,0.07523393630981445,1.56695534769824e-06,0.2969461679458618,-0.022305548191070557,-0.031000055372714996,0.540226936340332,0.17695623636245728,-0.031000077724456787
84,-0.1667521446943283,-0.2307056188583374,-1.226223111152649,0.5948619842529297,-0.38536879420280457,-0.04363754764199257,1.3251867294311523,0.7308600544929504,-0.4247492849826813,-0.17647099494934082,-0.30748170614242554,0.0015949365915730596,-0.19741681218147278,-0.317449152469635,0.38346704840660095,0.1840129941701889,0.21769246459007263,-0.8330692052841187,1.463571548461914,0.8130282163619995,1.0874749422073364,1.1713021993637085,0.5916158556938171,0.7309259176254272,-0.056208714842796326,-0.26699140667915344,0.3903675079345703,0.3645986318588257,0.38007891178131104,-0.29319533705711365,0.2114764004945755,0.12439055740833282,0.1780540645122528,-0.24858379364013672,0.12002292275428772,-0.5642483234405518,0.5079962611198425,-0.6508176326751709,0.2969322204589844,-0.61067795753479,-0.7341006398200989,-0.14617007970809937,0.08701848983764648,0.0008691772818565369,0.4513183832168579,-0.8863560557365417,-0.10336676239967346,-0.13195866346359253,0.04827165603637695,-0.9900791645050049,0.4185866117477417,0.07732534408569336,-0.031000062823295593,0.07523423433303833,0.997165858745575,1.6665430848661344e-06,-0.997165858745575,0.07523423433303833,8.510824045515619e-07,0.2969462275505066,-0.022305496037006378,-0.031000148504972458,0.5402269959449768,0.1769561767578125,-0.03099997714161873
85,-0.19220766425132751,-0.2403155416250229,-1.2378350496292114,0.5918184518814087,-0.39875465631484985,-0.06802386045455933,1.3537026643753052,0.7308453917503357,-0.42140233516693115,-0.14874053001403809,-0.18985095620155334,-0.03294677287340164,-0.17153312265872955,-0.34371137619018555,0.3884570002555847,0.19767819344997406,0.20884186029434204,-0.8454930782318115,1.4884309768676758,0.8358441591262817,1.1143138408660889,1.1490387916564941,0.611030638217926,0.7309154868125916,-0.09609708935022354,-0.18577547371387482,0.36683765053749084,0.3544125258922577,0.377903014421463,-0.3135935366153717,0.2717861235141754,0.09246468544006348,0.16200697422027588,-0.25733327865600586,0.1270168572664261,-0.5204191207885742,0.5241723656654358,-0.6740974187850952,0.29047858715057373,-0.6336727142333984,-0.7169945240020752,-0.15584826469421387,0.10117673873901367,0.001031145453453064,0.4439539313316345,-0.8870877027511597,-0.1264130026102066,-0.12949110567569733,0.07608163356781006,-0.9886574149131775,0.4185865521430969,0.07732534408569336,-0.03100006654858589,0.07523393630981445,0.9971659779548645,1.5464592024727608e-06,-0.9971659779548645,0.07523393630981445,1.6228883623625734e-06,0.2969461679458618,-0.022305548191070557,-0.0310000479221344,0.540226936340332,0.17695623636245728,-0.031000085175037384
86,-0.21766646206378937,-0.24936622381210327,-1.2438772916793823,0.5878994464874268,-0.41070809960365295,-0.09311186522245407,1.3823577165603638,0.7308276295661926,-0.417525976896286,-0.14440642297267914,-0.1098928228020668,-0.04205884039402008,-0.14849530160427094,-0.355438232421875,0.38773876428604126,0.21593065559864044,0.19913026690483093,-0.8523792028427124,1.5123865604400635,0.8579657673835754,1.1410690546035767,1.126120686531067,0.6324068903923035,0.7308946251869202,-0.10956844687461853,-0.10208753496408463,0.35083699226379395,0.34263113141059875,0.37404289841651917,-0.320790559053421,0.29870370030403137,0.1811821609735489,0.14867663383483887,-0.2645707130432129,0.13439659774303436,-0.47755467891693115,0.5349275469779968,-0.696989119052887,0.2859964668750763,-0.6554445028305054,-0.6989982724189758,-0.1664867401123047,0.11482572555541992,0.0016230419278144836,0.4319974184036255,-0.8891108632087708,-0.15119615197181702,-0.13318440318107605,0.1029159426689148,-0.9857333898544312,0.4185866117477417,0.07732534408569336,-0.031000062823295593,0.07523423433303833,0.997165858745575,1.5345069641625741e-06,-0.997165858745575,0.07523423433303833,5.87690237807692e-07,0.296946257352829,-0.022305496037006378,-0.03100016340613365,0.5402269959449768,0.1769561767578125,-0.030999962240457535
87,-0.2431105524301529,-0.26203617453575134,-1.2425689697265625,0.587158739566803,-0.42404574155807495,-0.11838684976100922,1.4109786748886108,0.7307460904121399,-0.3983604907989502,-0.21076713502407074,0.013286268338561058,0.029799381271004677,-0.1757277250289917,-0.36470845341682434,0.3953019976615906,0.319120317697525,0.1874183565378189,-0.8530219793319702,1.5363245010375977,0.8810648322105408,1.167657494544983,1.1045119762420654,0.6529272794723511,0.7308542132377625,-0.14826038479804993,-0.002736021764576435,0.3413213789463043,0.35864171385765076,0.3691308796405792,-0.3020764887332916,0.2889416217803955,0.18173500895500183,0.13956254720687866,-0.27202320098876953,0.14578796923160553,-0.4359142780303955,0.5352939963340759,-0.7234908938407898,0.28731802105903625,-0.679051399230957,-0.6755276918411255,-0.17882269620895386,0.12787342071533203,0.002906978130340576,0.41815972328186035,-0.8909238576889038,-0.17719250917434692,-0.1444186270236969,0.1273801326751709,-0.9812836647033691,0.41858652234077454,0.07732534408569336,-0.03100006654858589,0.07523393630981445,0.9971659779548645,1.570893005009566e-06,-0.9971659779548645,0.07523393630981445,1.654870061429392e-06,0.2969461679458618,-0.022305548191070557,-0.0310000479221344,0.5402268767356873,0.17695623636245728,-0.031000085175037384
88,-0.26907357573509216,-0.28016725182533264,-1.2265666723251343,0.5915931463241577,-0.43993330001831055,-0.14374256134033203,1.4396637678146362,0.7306216955184937,-0.36223259568214417,-0.29792818427085876,0.26280301809310913,0.13478997349739075,-0.22409294545650482,-0.3723675608634949,0.40074607729911804,0.4548161029815674,0.17208890616893768,-0.8405932784080505,1.5614792108535767,0.9032799005508423,1.1939115524291992,1.086860179901123,0.6716355085372925,0.7308319211006165,-0.24032431840896606,0.20978954434394836,0.3529268205165863,0.3120478689670563,0.37162989377975464,-0.24056047201156616,0.2612367868423462,0.19536958634853363,0.1384977400302887,-0.279876708984375,0.1642192304134369,-0.3987225294113159,0.5193319916725159,-0.7558536529541016,0.29955172538757324,-0.7052419185638428,-0.6425750255584717,-0.193841814994812,0.13855266571044922,0.004638954997062683,0.39990031719207764,-0.8939805030822754,-0.202184796333313,-0.16999581456184387,0.14442074298858643,-0.9748046398162842,0.4185866117477417,0.07732534408569336,-0.031000062823295593,0.075234055519104,0.9971659779548645,1.5519576663791668e-06,-0.9971659779548645,0.075234055519104,6.431737915590929e-07,0.296946257352829,-0.022305533289909363,-0.031000159680843353,0.5402269959449768,0.17695622146129608,-0.030999965965747833
89,-0.2957330048084259,-0.30086156725883484,-1.2047045230865479,0.5978455543518066,-0.45651233196258545,-0.1688816100358963,1.4683623313903809,0.7306097149848938,-0.4451844096183777,-0.3419770300388336,0.2945340871810913,0.14308437705039978,-0.22748523950576782,-0.36455604434013367,0.39989402890205383,0.45394042134284973,0.15306101739406586,-0.8169173002243042,1.5871033668518066,0.9148339629173279,1.220706820487976,1.0707008838653564,0.6899698376655579,0.7309198379516602,-0.3479103446006775,0.3744199275970459,0.3318808674812317,0.10447043180465698,0.37873905897140503,-0.22281472384929657,0.2566591501235962,0.07979519665241241,0.1398930847644806,-0.28734922409057617,0.1860356330871582,-0.36204373836517334,0.496101051568985,-0.7891819477081299,0.3151683807373047,-0.7316101789474487,-0.6044960021972656,-0.2066287398338318,0.1453256607055664,0.004907339811325073,0.3680710792541504,-0.9030410647392273,-0.2214510142803192,-0.20503100752830505,0.15348023176193237,-0.9666469097137451,0.4185865521430969,0.07732534408569336,-0.031000062823295593,0.075234055519104,0.997165858745575,1.4290039871411864e-06,-0.997165858745575,0.075234055519104,1.4052219512450392e-06,0.2969461977481842,-0.02230551838874817,-0.031000059098005295,0.540226936340332,0.1769562065601349,-0.03100006654858589
90,-0.3227764964103699,-0.32232770323753357,-1.1800897121429443,0.6038901805877686,-0.4719349145889282,-0.1947474628686905,1.4972593784332275,0.730599045753479,-0.33059316873550415,-0.3239736557006836,0.3987616300582886,0.11145880073308945,-0.21659506857395172,-0.3735712468624115,0.39949047565460205,0.46805667877197266,0.13388195633888245,-0.7893538475036621,1.6136343479156494,0.9179998636245728,1.2473877668380737,1.0516499280929565,0.7112857103347778,0.7310004234313965,-0.23043403029441833,0.39566314220428467,0.40969640016555786,0.0532371811568737,0.37847650051116943,-0.25709500908851624,0.2985619008541107,0.017547108232975006,0.14196816086769104,-0.29388952255249023,0.20955559611320496,-0.3239274024963379,0.46919363737106323,-0.8215402364730835,0.3314552307128906,-0.757042646408081,-0.5630485415458679,-0.2168239951133728,0.14997434616088867,0.003916189074516296,0.32578182220458984,-0.9157295227050781,-0.23517167568206787,-0.24013516306877136,0.16043949127197266,-0.9573893547058105,0.4185866117477417,0.07732534408569336,-0.031000062823295593,0.075234055519104,0.9971659779548645,1.5766278238515952e-06,-0.9971659779548645,0.075234055519104,6.917595669619914e-07,0.2969462275505066,-0.022305533289909363,-0.031000155955553055,0.5402269959449768,0.17695622146129608,-0.03099996969103813
91,-0.3495733439922333,-0.34410354495048523,-1.1523752212524414,0.6098797917366028,-0.48891565203666687,-0.22093608975410461,1.526380181312561,0.7305658459663391,-0.4399990141391754,-0.35952028632164,0.38318729400634766,0.15324550867080688,-0.2332097291946411,-0.3821638524532318,0.4059864580631256,0.5049784779548645,0.11439747363328934,-0.7602863907814026,1.6421102285385132,0.9125512838363647,1.274105191230774,1.0314420461654663,0.7340093851089478,0.7310073971748352,-0.3588324785232544,0.4288923442363739,0.37879061698913574,-0.14593878388404846,0.369722455739975,-0.28136342763900757,0.31825876235961914,-0.003437967970967293,0.14557579159736633,-0.29903221130371094,0.2346937656402588,-0.28762197494506836,0.4373660087585449,-0.8520472645759583,0.3491792678833008,-0.7805191278457642,-0.518520712852478,-0.22434848546981812,0.15165090560913086,0.0006622076034545898,0.2758520245552063,-0.9307150840759277,-0.24015676975250244,-0.2733512222766876,0.16357433795928955,-0.9479044079780579,0.4185865521430969,0.07732534408569336,-0.031000062823295593,0.075234055519104,0.997165858745575,1.4792713045608252e-06,-0.997165858745575,0.075234055519104,1.455820893170312e-06,0.2969461977481842,-0.02230551838874817,-0.031000059098005295,0.540226936340332,0.1769562065601349,-0.03100006654858589
92,-0.37932199239730835,-0.36673426628112793,-1.1255639791488647,0.6177064180374146,-0.5088305473327637,-0.24805451929569244,1.5554801225662231,0.7305479049682617,-0.4401557147502899,-0.3653225600719452,0.39301541447639465,0.1664656549692154,-0.27511724829673767,-0.3955119252204895,0.40559569001197815,0.5255939960479736,0.09238914400339127,-0.730722188949585,1.6702125072479248,0.9071379899978638,1.3003002405166626,1.0088344812393188,0.7560861706733704,0.7309638857841492,-0.316535621881485,0.4313763678073883,0.394499272108078,-0.07767650485038757,0.36876872181892395,-0.31520962715148926,0.30908283591270447,0.04099946841597557,0.14628145098686218,-0.304196834564209,0.26227378845214844,-0.25019657611846924,0.40101441740989685,-0.8812429308891296,0.3634466528892517,-0.80472731590271,-0.46938297152519226,-0.23006290197372437,0.1547551155090332,-0.00147971510887146,0.22246980667114258,-0.943859338760376,-0.24420642852783203,-0.30409860610961914,0.17080724239349365,-0.9372028112411499,0.4185866117477417,0.07732534408569336,-0.031000062823295593,0.075234055519104,0.9971659779548645,1.5781120055180509e-06,-0.9971659779548645,0.075234055519104,7.483091621907079e-07,0.296946257352829,-0.022305533289909363,-0.031000148504972458,0.5402269959449768,0.17695622146129608,-0.03099997714161873
93,-0.40901345014572144,-0.38955116271972656,-1.0981240272521973,0.6274504065513611,-0.5303316712379456,-0.2761083245277405,1.5838091373443604,0.7305163741111755,-0.44099777936935425,-0.374560683965683,0.40540653467178345,0.20228137075901031,-0.2971927523612976,-0.4110957682132721,0.3948429524898529,0.5608537197113037,0.07612290978431702,-0.701250433921814,1.6987437009811401,0.9109323024749756,1.3262585401535034,0.9826284646987915,0.7797306180000305,0.7309465408325195,-0.18807078897953033,0.43648838996887207,0.4090607166290283,0.10034193098545074,0.36918824911117554,-0.3638365864753723,0.3307373821735382,0.05767207220196724,0.14657777547836304,-0.30854225158691406,0.2923745810985565,-0.21403706073760986,0.3586997389793396,-0.9085828065872192,0.37687554955482483,-0.8277989625930786,-0.41558849811553955,-0.24125909805297852,0.16057586669921875,0.00030647963285446167,0.17690157890319824,-0.9509074091911316,-0.25393128395080566,-0.33527830243110657,0.1843477487564087,-0.9239072203636169,0.4185865521430969,0.07732534408569336,-0.03100006654858589,0.075234055519104,0.997165858745575,1.5065450043039164e-06,-0.997165858745575,0.075234055519104,1.505207706031797e-06,0.2969461679458618,-0.02230551838874817,-0.031000059098005295,0.540226936340332,0.1769562065601349,-0.03100007399916649
94,-0.4385477900505066,-0.4130253493785858,-1.0701149702072144,0.6402834057807922,-0.5518351197242737,-0.30493423342704773,1.6107444763183594,0.7304755449295044,-0.4435795545578003,-0.39285364747047424,0.4156729578971863,0.2563142776489258,-0.29675039649009705,-0.42469996213912964,0.3753599226474762,0.6061162948608398,0.07121627777814865,-0.6714960336685181,1.7270973920822144,0.9210657477378845,1.3525913953781128,0.9541279077529907,0.8064659237861633,0.730968177318573,0.012136122211813927,0.43870630860328674,0.4312807321548462,0.20307494699954987,0.3754085600376129,-0.38970738649368286,0.37379318475723267,0.04044034332036972,0.1459258794784546,-0.31215524673461914,0.3258075416088104,-0.1779574155807495,0.3098439872264862,-0.9339849948883057,0.38885360956192017,-0.8497443199157715,-0.35598811507225037,-0.25990915298461914,0.16638803482055664,0.005556181073188782,0.14032942056655884,-0.9535067081451416,-0.26670679450035095,-0.36902520060539246,0.19959384202957153,-0.9077349305152893,0.4185866117477417,0.07732534408569336,-0.031000062823295593,0.075234055519104,0.9971659779548645,1.643906671233708e-06,-0.9971659779548645,0.075234055519104,7.59714794185129e-07,0.2969462275505066,-0.022305533289909363,-0.031000155955553055,0.5402269959449768,0.17695622146129608,-0.03099996969103813
95,-0.46811696887016296,-0.4371444880962372,-1.0415685176849365,0.6548947691917419,-0.5710359811782837,-0.3342725932598114,1.6333417892456055,0.7304543256759644,-0.4459119439125061,-0.4050882160663605,0.42265838384628296,0.2801772356033325,-0.2648404538631439,-0.4318835139274597,0.31464770436286926,0.6287494897842407,0.08082254230976105,-0.6417320966720581,1.7552177906036377,0.9381975531578064,1.3788057565689087,0.9245784282684326,0.8351163268089294,0.7310041785240173,0.269857257604599,0.44272831082344055,0.4525645673274994,0.3341396749019623,0.3762810230255127,-0.3984728455543518,0.4006999433040619,-0.006500940769910812,0.14391177892684937,-0.3144388198852539,0.3616459369659424,-0.14315426349639893,0.2553649842739105,-0.9561881422996521,0.3985571265220642,-0.8694612979888916,-0.2918725609779358,-0.28808313608169556,0.17030048370361328,0.014652982354164124,0.11740636825561523,-0.9521641135215759,-0.2821335196495056,-0.40712541341781616,0.21297824382781982,-0.8881943225860596,0.4185865521430969,0.07732534408569336,-0.03100006654858589,0.075234055519104,0.997165858745575,1.5158307178353425e-06,-0.997165858745575,0.075234055519104,1.5514158349105855e-06,0.2969461679458618,-0.02230551838874817,-0.031000055372714996,0.540226936340332,0.1769562065601349,-0.031000077724456787
96,-0.49757927656173706,-0.4619904160499573,-1.0126510858535767,0.67108553647995,-0.586103618144989,-0.3638618588447571,1.6433244943618774,0.7304291129112244,-0.4493238031864166,-0.42262375354766846,0.4278487265110016,0.3080531358718872,-0.20676495134830475,-0.43695181608200073,0.13810046017169952,0.6565731167793274,0.10215771943330765,-0.6121216416358948,1.7838523387908936,0.9616246819496155,1.404919147491455,0.8947640657424927,0.8644829392433167,0.7310025095939636,0.4518934488296509,0.44352486729621887,0.46819084882736206,0.4314334988594055,0.3748510479927063,-0.3996393084526062,0.41054272651672363,0.03586075082421303,0.14009419083595276,-0.3151717185974121,0.3996241092681885,-0.11591577529907227,0.19288520514965057,-0.9743505120277405,0.4051078259944916,-0.8864833116531372,-0.22368532419204712,-0.3247140049934387,0.17091703414916992,0.027398936450481415,0.10642755031585693,-0.9483357071876526,-0.2988854944705963,-0.4500594139099121,0.22209352254867554,-0.8649398684501648,0.4185866117477417,0.07732534408569336,-0.031000062823295593,0.07523423433303833,0.997165858745575,1.6515505194547586e-06,-0.997165858745575,0.07523423433303833,8.262065875896951e-07,0.2969462275505066,-0.022305496037006378,-0.031000148504972458,0.5402269959449768,0.1769561767578125,-0.03099997714161873
97,-0.5272091031074524,-0.48716461658477783,-0.9835271239280701,0.6871782541275024,-0.5979225039482117,-0.3935543894767761,1.6457786560058594,0.73042893409729,-0.4505866765975952,-0.426808625459671,0.43003344535827637,0.3000965714454651,-0.16195502877235413,-0.43728315830230713,0.03276737406849861,0.655489981174469,0.12766869366168976,-0.5825622081756592,1.8135050535202026,0.9867140650749207,1.4310824871063232,0.8650833368301392,0.8940264582633972,0.7310082316398621,0.4875252842903137,0.4425731897354126,0.4742533266544342,0.43542131781578064,0.37378817796707153,-0.3996763527393341,0.41338035464286804,-0.012295417487621307,0.13468196988105774,-0.313753604888916,0.43829894065856934,-0.09335565567016602,0.12619318068027496,-0.9876031279563904,0.40849560499191284,-0.8997466564178467,-0.15358123183250427,-0.3644443154335022,0.16771554946899414,0.042113468050956726,0.09861987829208374,-0.9446702599525452,-0.3128453195095062,-0.4952242970466614,0.2260945439338684,-0.838828980922699,0.4185865521430969,0.07732534408569336,-0.03100006654858589,0.075234055519104,0.997165858745575,1.53831638272095e-06,-0.997165858745575,0.075234055519104,1.6194743466257933e-06,0.2969461679458618,-0.02230551838874817,-0.0310000479221344,0.540226936340332,0.1769562065601349,-0.031000085175037384
98,-0.5566719770431519,-0.5127719044685364,-0.9542354345321655,0.7032585144042969,-0.6043556332588196,-0.4231347143650055,1.6432608366012573,0.7304181456565857,-0.45333996415138245,-0.4395068287849426,0.43127501010894775,0.30424320697784424,-0.08590366691350937,-0.43668681383132935,-0.036884184926748276,0.6675722599029541,0.15435467660427094,-0.5528573393821716,1.8433305025100708,1.0104773044586182,1.4572958946228027,0.8354673981666565,0.923619270324707,0.7309897541999817,0.5001062154769897,0.44449079036712646,0.47666507959365845,0.40960097312927246,0.3738172948360443,-0.3990786373615265,0.4140659272670746,0.005988474935293198,0.12739047408103943,-0.31025218963623047,0.4775817394256592,-0.07174849510192871,0.057420454919338226,-0.9957684874534607,0.40800756216049194,-0.9093036651611328,-0.08183284848928452,-0.4039585590362549,0.16092538833618164,0.057897284626960754,0.08955729007720947,-0.9425126314163208,-0.3219464123249054,-0.5404005646705627,0.2255437970161438,-0.8106153607368469,0.4185866117477417,0.07732534408569336,-0.031000062823295593,0.07523423433303833,0.997165858745575,1.5263551631505834e-06,-0.997165858745575,0.07523423433303833,5.794313437945675e-07,0.296946257352829,-0.022305496037006378,-0.03100016340613365,0.5402269959449768,0.1769561767578125,-0.030999962240457535
99,-0.5862261056900024,-0.5386496782302856,-0.9251017570495605,0.7198388576507568,-0.6085031628608704,-0.45268887281417847,1.643879771232605,0.7304090857505798,-0.45599663257598877,-0.44757765531539917,0.43003231287002563,0.3123769462108612,-0.053972017019987106,-0.4368935227394104,0.006999183911830187,0.6770815849304199,0.18067750334739685,-0.5232667326927185,1.8733195066452026,1.0340383052825928,1.4833065271377563,0.8059645891189575,0.9531887769699097,0.7309986352920532,0.49338409304618835,0.4466798007488251,0.47497817873954773,0.4104391038417816,0.3709011375904083,-0.39871400594711304,0.4139738380908966,0.06057490035891533,0.11834853887557983,-0.30445432662963867,0.5174443125724792,-0.04664623737335205,-0.011213931255042553,-0.998848557472229,0.40391960740089417,-0.9147541522979736,-0.008593248203396797,-0.44254744052886963,0.1514415740966797,0.0750679075717926,0.07907968759536743,-0.9417893886566162,-0.3267706632614136,-0.5848766565322876,0.22161471843719482,-0.7802603244781494,0.4185865521430969,0.07732534408569336,-0.03100006654858589,0.07523393630981445,0.9971659779548645,1.5461484963452676e-06,-0.9971659779548645,0.07523393630981445,1.6536067732886295e-06,0.2969461679458618,-0.022305548191070557,-0.0310000479221344,0.540226936340332,0.17695623636245728,-0.031000085175037384
100,-0.6157420873641968,-0.5648338198661804,-0.896102249622345,0.7370096445083618,-0.6087963581085205,-0.4821823537349701,1.6497275829315186,0.7303963899612427,-0.4596734344959259,-0.45750412344932556,0.4269515872001648,0.32333528995513916,0.000548980780877173,-0.43678805232048035,0.08023055642843246,0.6910462379455566,0.2060062289237976,-0.49368444085121155,1.9033069610595703,1.0572848320007324,1.5090351104736328,0.7766446471214294,0.9827210903167725,0.7310041189193726,0.4753078520298004,0.44836801290512085,0.471905916929245,0.4035409390926361,0.36591076850891113,-0.39636486768722534,0.41311195492744446,0.051571596413850784,0.10731726884841919,-0.29633617401123047,0.5578083395957947,-0.015178680419921875,-0.07829491049051285,-0.9968146681785583,0.3956429362297058,-0.9160351753234863,0.06592556089162827,-0.47955322265625,0.1397237777709961,0.09359300136566162,0.06698846817016602,-0.9426189661026001,-0.32708102464675903,-0.628094494342804,0.21487247943878174,-0.7478817105293274,0.4185866117477417,0.07732534408569336,-0.031000062823295593,0.075234055519104,0.9971659779548645,1.5479686226171907e-06,-0.9971659779548645,0.075234055519104,6.14460077486001e-07,0.296946257352829,-0.022305533289909363,-0.031000159680843353,0.5402269959449768,0.17695622146129608,-0.030999965965747833
101,-0.6451775431632996,-0.591403067111969,-0.8673373460769653,0.7553439736366272,-0.6033974289894104,-0.5115933418273926,1.6601601839065552,0.730375349521637,-0.4645988941192627,-0.470591276884079,0.4219556450843811,0.3449278473854065,0.08106629550457001,-0.4366956055164337,0.14429248869419098,0.7147401571273804,0.230077862739563,-0.46411338448524475,1.9331012964248657,1.0800832509994507,1.534592628479004,0.7476485371589661,1.012218952178955,0.7310168147087097,0.45443400740623474,0.45077940821647644,0.46608930826187134,0.39648517966270447,0.36348262429237366,-0.3930925130844116,0.4128495454788208,0.0011650781380012631,0.09366494417190552,-0.28592443466186523,0.5988906025886536,0.02336221933364868,-0.1440061628818512,-0.9893010258674622,0.3819502592086792,-0.9132163524627686,0.14195074141025543,-0.5145436525344849,0.12618255615234375,0.11339980363845825,0.05335116386413574,-0.9450246691703796,-0.3226173222064972,-0.6696423292160034,0.20580720901489258,-0.7135981917381287,0.4185865521430969,0.07732534408569336,-0.031000062823295593,0.075234055519104,0.997165858745575,1.5546728491244721e-06,-0.997165858745575,0.075234055519104,1.693161607363436e-06,0.2969461679458618,-0.02230551838874817,-0.031000040471553802,0.540226936340332,0.1769562065601349,-0.031000085175037384
102,-0.6747252345085144,-0.6182518601417542,-0.838923990726471,0.7745978236198425,-0.5937345623970032,-0.5409088134765625,1.6761448383331299,0.730360209941864,-0.4679885506629944,-0.4782004952430725,0.4169370234012604,0.3577371835708618,0.14064957201480865,-0.43570879101753235,0.2220844328403473,0.7313288450241089,0.2518109977245331,-0.4346155822277069,1.9626468420028687,1.1021575927734375,1.5600388050079346,0.7192190885543823,1.0416793823242188,0.7310212254524231,0.4097942113876343,0.45249855518341064,0.45431870222091675,0.3819331228733063,0.3613366186618805,-0.3870094418525696,0.41229087114334106,0.009280442260205746,0.07760345935821533,-0.2729034423828125,0.6401823163032532,0.06818461418151855,-0.2081460952758789,-0.9757183194160461,0.3631117343902588,-0.9057412147521973,0.21859297156333923,-0.5467756986618042,0.11162519454956055,0.1342446357011795,0.037717223167419434,-0.9490163922309875,-0.3129621148109436,-0.7089071869850159,0.19531989097595215,-0.6777173280715942,0.4185866117477417,0.07732534408569336,-0.031000062823295593,0.07523423433303833,0.997165858745575,1.5464147509192117e-06,-0.997165858745575,0.07523423433303833,6.640824494752451e-07,0.296946257352829,-0.022305496037006378,-0.031000155955553055,0.5402269959449768,0.1769561767578125,-0.03099996969103813
103,-0.7043977379798889,-0.6451566815376282,-0.8104459047317505,0.7940786480903625,-0.5815144777297974,-0.5699149966239929,1.6954411268234253,0.7303532958030701,-0.46777257323265076,-0.4801763594150543,0.42106667160987854,0.358491986989975,0.17533014714717865,-0.4312601685523987,0.2683325409889221,0.7380818128585815,0.26985737681388855,-0.40522944927215576,1.9918231964111328,1.1238734722137451,1.583906650543213,0.6916415095329285,1.0710421800613403,0.7310233116149902,0.34463414549827576,0.4559445381164551,0.43814465403556824,0.37518516182899475,0.3374286890029907,-0.3758045434951782,0.41086480021476746,-0.000285448448266834,0.06014597415924072,-0.2569460868835449,0.6808847784996033,0.11508125066757202,-0.2711353600025177,-0.9556368589401245,0.3406069576740265,-0.892937421798706,0.29436323046684265,-0.5755785703659058,0.09717750549316406,0.15602292120456696,0.02065485715866089,-0.9540934562683105,-0.29879602789878845,-0.7450671792030334,0.18459409475326538,-0.6409367322921753,0.4185865521430969,0.07732534408569336,-0.031000062823295593,0.075234055519104,0.997165858745575,1.4262593595049111e-06,-0.997165858745575,0.075234055519104,1.4170507256494602e-06,0.2969461977481842,-0.02230551838874817,-0.031000055372714996,0.540226936340332,0.1769562065601349,-0.03100007027387619
104,-0.7338823676109314,-0.6722180247306824,-0.7815173864364624,0.8119685053825378,-0.5649278163909912,-0.5980636477470398,1.7159489393234253,0.7303635478019714,-0.4632917046546936,-0.4799480736255646,0.42703285813331604,0.3292226195335388,0.23562836647033691,-0.4178203046321869,0.28527018427848816,0.725278913974762,0.2835093140602112,-0.37569665908813477,2.020165205001831,1.1429526805877686,1.6042829751968384,0.6658080220222473,1.1002970933914185,0.7310230731964111,0.2610224187374115,0.45655253529548645,0.4163666069507599,0.3229445517063141,0.28714117407798767,-0.35316768288612366,0.40927401185035706,0.01354614645242691,0.041960954666137695,-0.23828697204589844,0.7196807265281677,0.16317379474639893,-0.3310089409351349,-0.9294123649597168,0.31507137417793274,-0.8752264976501465,0.367026686668396,-0.5997060537338257,0.08343648910522461,0.17727941274642944,0.003050088882446289,-0.9601683616638184,-0.2794056534767151,-0.776673436164856,0.1737235188484192,-0.6054738759994507,0.4185866117477417,0.07732534408569336,-0.031000062823295593,0.075234055519104,0.9971659779548645,1.5703224107710412e-06,-0.9971659779548645,0.075234055519104,7.047787562441954e-07,0.2969462275505066,-0.022305533289909363,-0.031000152230262756,0.5402269959449768,0.17695622146129608,-0.03099997341632843
105,-0.7626716494560242,-0.6989040374755859,-0.7524992823600769,0.8267841935157776,-0.5441835522651672,-0.6237786412239075,1.7378830909729004,0.7304067611694336,-0.44789502024650574,-0.46497246623039246,0.427374005317688,0.27413225173950195,0.29257920384407043,-0.38056620955467224,0.3052067756652832,0.6742900013923645,0.2933993339538574,-0.3458057940006256,2.0468087196350098,1.15554940700531,1.618455171585083,0.6433365345001221,1.1292575597763062,0.7310474514961243,0.18898674845695496,0.4532037377357483,0.38908055424690247,0.20905782282352448,0.199235200881958,-0.30746933817863464,0.40519991517066956,0.012505163438618183,0.0240134596824646,-0.21793651580810547,0.7547596096992493,0.21183431148529053,-0.38420870900154114,-0.8986155986785889,0.28782039880752563,-0.8541779518127441,0.4330582618713379,-0.618070125579834,0.07016897201538086,0.1954542100429535,-0.012335062026977539,-0.9671003222465515,-0.25409603118896484,-0.8020302653312683,0.16132718324661255,-0.5750833749771118,0.4185865521430969,0.07732534408569336,-0.03100006654858589,0.075234055519104,0.997165858745575,1.4707263744639931e-06,-0.997165858745575,0.075234055519104,1.4716740679432405e-06,0.2969461977481842,-0.02230551838874817,-0.031000059098005295,0.540226936340332,0.1769562065601349,-0.03100007399916649
106,-0.7903533577919006,-0.7240336537361145,-0.7236706018447876,0.8386340737342834,-0.5210773348808289,-0.6446179747581482,1.7606420516967773,0.730478048324585,-0.424566388130188,-0.43026676774024963,0.42575711011886597,0.221780464053154,0.3242242634296417,-0.30896127223968506,0.31684690713882446,0.6079906821250916,0.3014298379421234,-0.31589198112487793,2.0713040828704834,1.163624882698059,1.623748540878296,0.6248186826705933,1.157424807548523,0.7310912609100342,0.16756927967071533,0.4562563896179199,0.35993093252182007,0.14927566051483154,0.07492546737194061,-0.25213438272476196,0.3942236304283142,-0.0030971018131822348,0.0075234174728393555,-0.19741106033325195,0.7849537134170532,0.25817161798477173,-0.4282565712928772,-0.8659930229187012,0.2608779966831207,-0.8321783542633057,0.4893077611923218,-0.6322706937789917,0.056853294372558594,0.21101918816566467,-0.02114427089691162,-0.9735661149024963,-0.22742420434951782,-0.8220009207725525,0.14641231298446655,-0.5503433346748352,0.4185866117477417,0.07732534408569336,-0.031000062823295593,0.075234055519104,0.9971659779548645,1.5692941133238492e-06,-0.9971659779548645,0.075234055519104,7.636792815901572e-07,0.296946257352829,-0.022305533289909363,-0.03100014477968216,0.5402269959449768,0.17695622146129608,-0.030999980866909027
107,-0.8164994120597839,-0.7466083765029907,-0.6953203082084656,0.8479012250900269,-0.49687445163726807,-0.6586461067199707,1.7838010787963867,0.7305727601051331,-0.39451518654823303,-0.37908658385276794,0.4195583164691925,0.1743679642677307,0.33842018246650696,-0.21002380549907684,0.3227689266204834,0.4940436780452728,0.3092363774776459,-0.286077618598938,2.093587636947632,1.1704726219177246,1.6217488050460815,0.6104164719581604,1.183907151222229,0.7311273217201233,0.1698426455259323,0.46104463934898376,0.32811373472213745,0.14038808643817902,-0.02682509459555149,-0.19487443566322327,0.37072888016700745,-0.0075426553376019,-0.0065514445304870605,-0.17828798294067383,0.8097369074821472,0.3006565570831299,-0.4614954888820648,-0.834642231464386,0.23607909679412842,-0.8118865489959717,0.5339542031288147,-0.6444722414016724,0.04300260543823242,0.2259964644908905,-0.022234559059143066,-0.9789577126502991,-0.20284807682037354,-0.8391678929328918,0.12856078147888184,-0.5284594297409058,0.4185865521430969,0.07732534408569336,-0.03100006654858589,0.075234055519104,0.997165858745575,1.5075490864546737e-06,-0.997165858745575,0.075234055519104,1.5172314533629105e-06,0.2969461679458618,-0.02230551838874817,-0.031000059098005295,0.540226936340332,0.1769562065601349,-0.03100007399916649
108,-0.8401147127151489,-0.7668333053588867,-0.6670671701431274,0.8551384210586548,-0.47200503945350647,-0.6653650999069214,1.8041207790374756,0.730663537979126,-0.3501073718070984,-0.3351679742336273,0.4235956072807312,0.13875256478786469,0.34577155113220215,-0.10456965863704681,0.28255459666252136,0.3950135409832001,0.3187895119190216,-0.2561783492565155,2.114832639694214,1.1797544956207275,1.6122665405273438,0.5975367426872253,1.2083592414855957,0.7311745882034302,0.22175805270671844,0.47017788887023926,0.32107895612716675,0.1926003098487854,-0.1315610706806183,-0.17201335728168488,0.3423823416233063,-0.016512829810380936,-0.017398953437805176,-0.16118717193603516,0.8298093676567078,0.337327778339386,-0.4852668046951294,-0.8066759705543518,0.21516753733158112,-0.7944740056991577,0.5679031610488892,-0.6566293239593506,0.027881622314453125,0.24249407649040222,-0.014517068862915039,-0.9826434254646301,-0.18493539094924927,-0.8549994826316833,0.10809469223022461,-0.507239043712616,0.4185866117477417,0.07732534408569336,-0.031000062823295593,0.075234055519104,0.9971659779548645,1.6615797449048841e-06,-0.9971659779548645,0.075234055519104,7.647139455002616e-07,0.2969462275505066,-0.022305533289909363,-0.031000155955553055,0.5402269959449768,0.17695622146129608,-0.03099996969103813
109,-0.8612768054008484,-0.7844818830490112,-0.6386793255805969,0.8611400723457336,-0.4467662572860718,-0.6655750870704651,1.8216947317123413,0.7307454347610474,-0.3091789484024048,-0.288894385099411,0.4288444221019745,0.11573510617017746,0.3500475287437439,-0.01206141896545887,0.24475784599781036,0.2998851537704468,0.3310564458370209,-0.22606641054153442,2.136279821395874,1.1912829875946045,1.5969955921173096,0.5850100517272949,1.2304857969284058,0.7312120795249939,0.2756066918373108,0.47326934337615967,0.32872968912124634,0.22591710090637207,-0.21286703646183014,-0.1665555089712143,0.30987921357154846,-0.02122311480343342,-0.02496969699859619,-0.14635086059570312,0.8461018800735474,0.36890774965286255,-0.5009355545043945,-0.7829245328903198,0.19853469729423523,-0.7804291248321533,0.5928868055343628,-0.6692345142364502,0.01052093505859375,0.2605701982975006,0.0015415549278259277,-0.984779953956604,-0.17379917204380035,-0.869857668876648,0.0844147801399231,-0.48602670431137085,0.4185865521430969,0.07732534408569336,-0.03100006654858589,0.07523393630981445,0.9971659779548645,1.5265361525962362e-06,-0.9971659779548645,0.07523393630981445,1.5729158349131467e-06,0.2969461679458618,-0.022305548191070557,-0.031000051647424698,0.540226936340332,0.17695623636245728,-0.031000081449747086
110,-0.8802026510238647,-0.7992119193077087,-0.6101943254470825,0.8656099438667297,-0.4212799072265625,-0.6599621772766113,1.8367960453033447,0.730835497379303,-0.2694476842880249,-0.23285548388957977,0.43265318870544434,0.08396859467029572,0.35247334837913513,0.07212736457586288,0.21057134866714478,0.181636780500412,0.34595170617103577,-0.19586224853992462,2.1582889556884766,1.2037149667739868,1.5777738094329834,0.5721834897994995,1.2500348091125488,0.7312387228012085,0.32353338599205017,0.4745076596736908,0.3400669991970062,0.2376512587070465,-0.2675212621688843,-0.1720643937587738,0.2740880846977234,-0.28770214319229126,-0.029144704341888428,-0.13426923751831055,0.858727216720581,0.3961127996444702,-0.5086754560470581,-0.7644239068031311,0.1865372508764267,-0.7705808877944946,0.6094333529472351,-0.6817907094955444,-0.009088993072509766,0.2795698344707489,0.023974299430847168,-0.9854061603546143,-0.16852325201034546,-0.8834080696105957,0.05803060531616211,-0.4649975001811981,0.4185866117477417,0.07732534408569336,-0.031000062823295593,0.07523423433303833,0.997165858745575,1.6756805507611716e-06,-0.997165858745575,0.07523423433303833,8.485437774652382e-07,0.2969462275505066,-0.022305496037006378,-0.031000148504972458,0.5402269959449768,0.1769561767578125,-0.03099997714161873
111,-0.8982476592063904,-0.8105422854423523,-0.5817440748214722,0.8688213229179382,-0.39581727981567383,-0.6505801677703857,1.8495320081710815,0.7309275269508362,-0.25472134351730347,-0.17771857976913452,0.431887149810791,0.062093354761600494,0.35212498903274536,0.12612231075763702,0.17775380611419678,0.08036129176616669,0.36367762088775635,-0.16554294526576996,2.1812307834625244,1.2163491249084473,1.5567042827606201,0.5578793883323669,1.266964077949524,0.7312650680541992,0.38260623812675476,0.4765148460865021,0.3577485680580139,0.24108368158340454,-0.29348626732826233,-0.19269560277462006,0.23753225803375244,-0.32030540704727173,-0.030593693256378174,-0.12483644485473633,0.8683022260665894,0.4187561273574829,-0.5106142163276672,-0.7509437203407288,0.17814359068870544,-0.7646815776824951,0.6192954182624817,-0.6940754652023315,-0.03093242645263672,0.2993188202381134,0.05061173439025879,-0.9844628572463989,-0.1681404560804367,-0.8956775665283203,0.02973562479019165,-0.44370871782302856,0.4185865521430969,0.07732534408569336,-0.03100006654858589,0.07523393630981445,0.9971659779548645,1.5446407815034036e-06,-0.9971659779548645,0.07523393630981445,1.625112190595246e-06,0.2969461679458618,-0.022305548191070557,-0.0310000479221344,0.540226936340332,0.17695623636245728,-0.031000085175037384
112,-0.914920449256897,-0.818769633769989,-0.5533815622329712,0.8695869445800781,-0.37017595767974854,-0.637404203414917,1.8605380058288574,0.7310070395469666,-0.22543232142925262,-0.11513954401016235,0.43290475010871887,0.013262991793453693,0.353645384311676,0.1821524202823639,0.1542070060968399,0.017268270254135132,0.3836265206336975,-0.13529841601848602,2.204725980758667,1.2281339168548584,1.5340272188186646,0.5431190729141235,1.2814806699752808,0.7312764525413513,0.41687652468681335,0.4752342104911804,0.3642321527004242,0.22398553788661957,-0.3161635100841522,-0.19999098777770996,0.2038213312625885,-0.33227473497390747,-0.028930723667144775,-0.11855125427246094,0.8743333220481873,0.43826109170913696,-0.505508542060852,-0.7432283163070679,0.1740712821483612,-0.7634813785552979,0.6219286918640137,-0.7054663896560669,-0.05478382110595703,0.31912434101104736,0.08070892095565796,-0.9818638563156128,-0.17155031859874725,-0.9062296152114868,-0.0006232261657714844,-0.42278552055358887,0.4185866117477417,0.07732534408569336,-0.031000062823295593,0.07523423433303833,0.997165858745575,1.5417356280522654e-06,-0.997165858745575,0.07523423433303833,5.864743002348405e-07,0.296946257352829,-0.022305496037006378,-0.03100016340613365,0.5402269959449768,0.1769561767578125,-0.030999962240457535
113,-0.9302746653556824,-0.8244033455848694,-0.5250295996665955,0.867102324962616,-0.34438127279281616,-0.6219081878662109,1.8709344863891602,0.731060802936554,-0.20307554304599762,-0.07046442478895187,0.43303561210632324,-0.040128130465745926,0.3554266095161438,0.216249018907547,0.14603246748447418,-0.005687528755515814,0.40471452474594116,-0.10512109100818634,2.2282071113586426,1.2378637790679932,1.5108087062835693,0.5284810066223145,1.2948111295700073,0.7312795519828796,0.43089428544044495,0.4736161231994629,0.3617691397666931,0.1885128915309906,-0.32380256056785583,-0.199245885014534,0.18727707862854004,-0.33425888419151306,-0.024225056171417236,-0.11514472961425781,0.8769251108169556,0.4561062455177307,-0.4936365485191345,-0.7404661178588867,0.1742878258228302,-0.7663925886154175,0.6182768940925598,-0.7152423858642578,-0.07972908020019531,0.33832281827926636,0.11189991235733032,-0.9779772162437439,-0.1761789172887802,-0.914819061756134,-0.032149672508239746,-0.4025822579860687,0.41858652234077454,0.07732534408569336,-0.03100006654858589,0.07523393630981445,0.9971659779548645,1.5580432091155672e-06,-0.9971659779548645,0.07523393630981445,1.6617873370705638e-06,0.2969461679458618,-0.022305548191070557,-0.0310000479221344,0.5402268767356873,0.17695623636245728,-0.031000085175037384
114,-0.9456994533538818,-0.8277794718742371,-0.49686169624328613,0.8618536591529846,-0.3187280595302582,-0.6056661009788513,1.8813830614089966,0.7311064004898071,-0.20404517650604248,-0.034661199897527695,0.4280675947666168,-0.08280985802412033,0.35360756516456604,0.22803938388824463,0.14642725884914398,-0.011034037917852402,0.42624086141586304,-0.07514792680740356,2.25136661529541,1.2463892698287964,1.4880274534225464,0.513529360294342,1.3074742555618286,0.731270968914032,0.43726617097854614,0.4757477343082428,0.3549060523509979,0.173395574092865,-0.3177720308303833,-0.2044983208179474,0.17794056236743927,-0.3233002722263336,-0.017604410648345947,-0.11395454406738281,0.8767318725585938,0.4722769856452942,-0.477105975151062,-0.7411641478538513,0.17704898118972778,-0.7723634243011475,0.6100069880485535,-0.7233617305755615,-0.10477495193481445,0.357462614774704,0.14208567142486572,-0.9730566740036011,-0.18158361315727234,-0.9219125509262085,-0.06329619884490967,-0.3821924328804016,0.4185866117477417,0.07732534408569336,-0.031000062823295593,0.075234055519104,0.9971659779548645,1.556667029944947e-06,-0.9971659779548645,0.075234055519104,6.415434086193272e-07,0.296946257352829,-0.022305533289909363,-0.031000159680843353,0.5402269959449768,0.17695622146129608,-0.030999965965747833
115,-0.9622140526771545,-0.8285855650901794,-0.4692020118236542,0.8546680212020874,-0.2934483289718628,-0.5891568660736084,1.8917163610458374,0.7311469316482544,-0.21825797855854034,0.009389090351760387,0.4179392457008362,-0.1155184954404831,0.3485680818557739,0.23404596745967865,0.1445571631193161,0.0069879405200481415,0.4481082856655121,-0.04527692869305611,2.2743210792541504,1.255035638809204,1.465980052947998,0.49742329120635986,1.318963885307312,0.7312582731246948,0.4463205635547638,0.4805964529514313,0.3522590398788452,0.17961978912353516,-0.3077065050601959,-0.2212047427892685,0.16151461005210876,-0.311013787984848,-0.009955108165740967,-0.11486101150512695,0.8740577101707458,0.4858994483947754,-0.4573494791984558,-0.7448041439056396,0.18090851604938507,-0.7810819149017334,0.5976480841636658,-0.7300635576248169,-0.12947750091552734,0.3774768114089966,0.17037367820739746,-0.9671026468276978,-0.1889054775238037,-0.9281330108642578,-0.09310781955718994,-0.360416442155838,0.4185865521430969,0.07732534408569336,-0.031000062823295593,0.075234055519104,0.997165858745575,1.416105419593805e-06,-0.997165858745575,0.075234055519104,1.4119643765297951e-06,0.2969461977481842,-0.02230551838874817,-0.031000055372714996,0.540226936340332,0.1769562065601349,-0.03100007027387619
116,-0.9796534776687622,-0.8271170854568481,-0.44225820899009705,0.8461850881576538,-0.26855379343032837,-0.5724989175796509,1.901710033416748,0.731174886226654,-0.23084226250648499,0.045428566634655,0.40544068813323975,-0.1367618441581726,0.34368619322776794,0.23686008155345917,0.1399543732404709,0.006845565978437662,0.47046396136283875,-0.015391937457025051,2.2972512245178223,1.2642278671264648,1.4447053670883179,0.48025786876678467,1.3291902542114258,0.7312486171722412,0.45656445622444153,0.48517948389053345,0.35419201850891113,0.18946531414985657,-0.29720649123191833,-0.23621971905231476,0.1438225954771042,-0.3057348430156708,-0.0017732977867126465,-0.11758661270141602,0.8692531585693359,0.497092604637146,-0.43519580364227295,-0.7506687641143799,0.18519385159015656,-0.7919809818267822,0.5817815065383911,-0.7354520559310913,-0.1540055274963379,0.39869746565818787,0.19691389799118042,-0.9601824879646301,-0.19817796349525452,-0.9336641430854797,-0.12197387218475342,-0.336739718914032,0.4185866117477417,0.07732534408569336,-0.031000062823295593,0.075234055519104,0.9971659779548645,1.5638293007214088e-06,-0.9971659779548645,0.075234055519104,6.984417382227548e-07,0.2969462275505066,-0.022305533289909363,-0.031000152230262756,0.5402269959449768,0.17695622146129608,-0.03099997341632843
117,-0.9986696243286133,-0.8238237500190735,-0.4163905382156372,0.8378630876541138,-0.24436533451080322,-0.5567870140075684,1.9118577241897583,0.7311674356460571,-0.25767743587493896,0.06618177145719528,0.38487523794174194,-0.13021762669086456,0.3350546658039093,0.22307264804840088,0.1420448124408722,0.009271549060940742,0.4934006333351135,0.014569317921996117,2.320918321609497,1.273935317993164,1.424989104270935,0.46127501130104065,1.3387991189956665,0.7312432527542114,0.47238025069236755,0.48956358432769775,0.3693583309650421,0.19840998947620392,-0.2757539451122284,-0.26150670647621155,0.13517121970653534,-0.2982889711856842,0.005697369575500488,-0.12126779556274414,0.8634624481201172,0.5064159631729126,-0.4131888449192047,-0.7568473219871521,0.1880541443824768,-0.8036696910858154,0.5645800828933716,-0.7395862340927124,-0.17864036560058594,0.4212145209312439,0.22118371725082397,-0.9527515172958374,-0.20818832516670227,-0.9385855197906494,-0.1499946117401123,-0.31073933839797974,0.4185865521430969,0.07732534408569336,-0.031000062823295593,0.075234055519104,0.997165858745575,1.4887771158100804e-06,-0.997165858745575,0.075234055519104,1.4544071973432438e-06,0.2969461977481842,-0.02230551838874817,-0.031000059098005295,0.540226936340332,0.1769562065601349,-0.03100006654858589
118,-1.0191954374313354,-0.8193454742431641,-0.39220428466796875,0.8303491473197937,-0.22097384929656982,-0.54238361120224,1.9221851825714111,0.7311533093452454,-0.28216975927352905,0.08146063983440399,0.3549596071243286,-0.117696113884449,0.3251377046108246,0.20482216775417328,0.14454062283039093,0.009738739579916,0.5173413157463074,0.04454439878463745,2.3454575538635254,1.2841143608093262,1.4072980880737305,0.44069236516952515,1.3478952646255493,0.7312400937080383,0.49131569266319275,0.49278581142425537,0.38699179887771606,0.20633982121944427,-0.24788887798786163,-0.2835107743740082,0.12800027430057526,-0.288264662027359,0.011581778526306152,-0.12547540664672852,0.8572987914085388,0.5145883560180664,-0.39265283942222595,-0.7622484564781189,0.1883387565612793,-0.8155126571655273,0.5472366213798523,-0.7424237728118896,-0.20381975173950195,0.44500237703323364,0.24368774890899658,-0.945006787776947,-0.2181246429681778,-0.942699134349823,-0.17794954776763916,-0.2822272777557373,0.4185866117477417,0.07732534408569336,-0.031000062823295593,0.075234055519104,0.9971659779548645,1.5699425830462133e-06,-0.9971659779548645,0.075234055519104,7.552876013505738e-07,0.296946257352829,-0.022305533289909363,-0.031000148504972458,0.5402269959449768,0.17695622146129608,-0.03099997714161873
119,-1.040927767753601,-0.8141041994094849,-0.37022095918655396,0.8238304853439331,-0.19838868081569672,-0.5294554829597473,1.9326976537704468,0.7311317324638367,-0.30304205417633057,0.08976587653160095,0.31694531440734863,-0.10198981314897537,0.31545454263687134,0.18349160254001617,0.14742782711982727,-0.010069523938000202,0.5424337983131409,0.0745038092136383,2.3708133697509766,1.2946162223815918,1.3919614553451538,0.41888776421546936,1.3566701412200928,0.7312376499176025,0.5082647204399109,0.49483340978622437,0.40386348962783813,0.2114415168762207,-0.21551305055618286,-0.3000251054763794,0.12350720912218094,-0.28211548924446106,0.015395760536193848,-0.13002586364746094,0.8510562777519226,0.5223129987716675,-0.3741718530654907,-0.7662797570228577,0.18547849357128143,-0.8272331953048706,0.5303613543510437,-0.7437810897827148,-0.2296915054321289,0.4699355959892273,0.2648060917854309,-0.9371846318244934,-0.22707414627075195,-0.9456860423088074,-0.2063448429107666,-0.2511964738368988,0.4185865521430969,0.07732534408569336,-0.03100006654858589,0.075234055519104,0.997165858745575,1.5006668263595202e-06,-0.997165858745575,0.075234055519104,1.512351900601061e-06,0.2969461679458618,-0.02230551838874817,-0.031000059098005295,0.540226936340332,0.1769562065601349,-0.03100007399916649
120,-1.0636471509933472,-0.8085207939147949,-0.35099783539772034,0.8185867071151733,-0.1766274869441986,-0.5182739496231079,1.9434274435043335,0.7310981750488281,-0.3222975432872772,0.08987659215927124,0.2697526514530182,-0.08073201775550842,0.30556389689445496,0.15844564139842987,0.15041308104991913,-0.006413895171135664,0.5686050057411194,0.1044338122010231,2.3969309329986572,1.305284857749939,1.379379391670227,0.39611658453941345,1.3653746843338013,0.7312349081039429,0.5212936997413635,0.4960053563117981,0.4199426472187042,0.214056134223938,-0.1776461899280548,-0.31281524896621704,0.1225242093205452,-0.27686288952827454,0.016599655151367188,-0.1346588134765625,0.8451470136642456,0.5302723050117493,-0.35857945680618286,-0.7682656049728394,0.17882616817951202,-0.8384678363800049,0.5147749185562134,-0.7434383630752563,-0.25617218017578125,0.495863676071167,0.2847279906272888,-0.9296014308929443,-0.23403266072273254,-0.9472253322601318,-0.2353219985961914,-0.21768738329410553,0.4185866117477417,0.07732534408569336,-0.031000062823295593,0.075234055519104,0.9971659779548645,1.6454960132250562e-06,-0.9971659779548645,0.075234055519104,7.633041150256759e-07,0.2969462275505066,-0.022305533289909363,-0.031000155955553055,0.5402269959449768,0.17695622146129608,-0.03099996969103813
121,-1.0870455503463745,-0.8036134839057922,-0.3340974450111389,0.815056562423706,-0.15560828149318695,-0.5094894170761108,1.9553853273391724,0.7310450077056885,-0.33620378375053406,0.06914441287517548,0.23455585539340973,-0.04850631579756737,0.29581043124198914,0.12284597009420395,0.16748127341270447,-0.0006584232905879617,0.5955211520195007,0.13445349037647247,2.4237868785858154,1.3150402307510376,1.370029091835022,0.3726617097854614,1.3753972053527832,0.7312331199645996,0.5245571136474609,0.49435165524482727,0.4336628019809723,0.19667500257492065,-0.13295280933380127,-0.32152023911476135,0.1409856081008911,-0.2717164158821106,0.01516735553741455,-0.13843107223510742,0.8406155705451965,0.5400266647338867,-0.3470400869846344,-0.7667688131332397,0.1684669703245163,-0.8480252027511597,0.5024662017822266,-0.7411179542541504,-0.2830371856689453,0.5220212936401367,0.30378037691116333,-0.9229397773742676,-0.2364313304424286,-0.9468473196029663,-0.26489484310150146,-0.182513028383255,0.4185865521430969,0.07732534408569336,-0.03100006654858589,0.075234055519104,0.997165858745575,1.5289280099750613e-06,-0.997165858745575,0.075234055519104,1.5517296105826972e-06,0.2969461679458618,-0.02230551838874817,-0.031000055372714996,0.540226936340332,0.1769562065601349,-0.031000077724456787
122,-1.1115609407424927,-0.7977851033210754,-0.3222661316394806,0.8139016032218933,-0.1360875964164734,-0.5027356743812561,1.9666447639465332,0.7310062050819397,-0.3628411293029785,0.08712387830018997,0.1397412270307541,-0.01750199683010578,0.2789217531681061,0.09589622914791107,0.1578056663274765,0.0005277289892546833,0.6233965158462524,0.1641090214252472,2.4513306617736816,1.3262171745300293,1.363911509513855,0.3479703664779663,1.3839980363845825,0.7312270402908325,0.5381883978843689,0.49840810894966125,0.4526936709880829,0.2272133082151413,-0.08900873363018036,-0.3379842936992645,0.12104079127311707,-0.26235467195510864,0.009504437446594238,-0.14246892929077148,0.8368178009986877,0.5494055151939392,-0.34050026535987854,-0.7630289196968079,0.15214847028255463,-0.8571630716323853,0.49205929040908813,-0.7368913888931274,-0.3099532127380371,0.5497140884399414,0.32174092531204224,-0.9164887070655823,-0.23776325583457947,-0.9447867274284363,-0.2942805290222168,-0.14414240419864655,0.4185866117477417,0.07732534408569336,-0.031000062823295593,0.07523423433303833,0.997165858745575,1.6535889244551072e-06,-0.997165858745575,0.07523423433303833,8.312729278259212e-07,0.2969462275505066,-0.022305496037006378,-0.031000148504972458,0.5402269959449768,0.1769561767578125,-0.03099997714161873
123,-1.1367099285125732,-0.7909421324729919,-0.31683698296546936,0.8146132230758667,-0.11792705953121185,-0.49747082591056824,1.9770594835281372,0.7309895753860474,-0.3802359402179718,0.09910696744918823,0.03437766432762146,0.00967503897845745,0.26248493790626526,0.0750952884554863,0.14589112997055054,0.009550487622618675,0.6523032188415527,0.19373531639575958,2.479525089263916,1.3389588594436646,1.3609648942947388,0.3225471079349518,1.3909885883331299,0.7312193512916565,0.5445148944854736,0.49926161766052246,0.4667450487613678,0.2501503825187683,-0.04559509456157684,-0.3473264276981354,0.09847504645586014,-0.24889104068279266,-0.0009996891021728516,-0.14711284637451172,0.8331456780433655,0.5587360858917236,-0.3383296728134155,-0.7571969032287598,0.12922336161136627,-0.8663389682769775,0.482450395822525,-0.7304363250732422,-0.3368682861328125,0.5790902972221375,0.3392369747161865,-0.9101666808128357,-0.2377285659313202,-0.9405620694160461,-0.32383525371551514,-0.10234061628580093,0.4185865521430969,0.07732534408569336,-0.03100006654858589,0.07523393630981445,0.9971659779548645,1.5282482763723237e-06,-0.9971659779548645,0.07523393630981445,1.587487190590764e-06,0.2969461679458618,-0.022305548191070557,-0.031000051647424698,0.540226936340332,0.17695623636245728,-0.031000081449747086
124,-1.161178708076477,-0.7837328910827637,-0.3166145086288452,0.8158732652664185,-0.10062184929847717,-0.4919981360435486,1.987790584564209,0.7309879064559937,-0.3706374764442444,0.10868364572525024,-0.04187308996915817,0.01229857373982668,0.25089535117149353,0.0790930986404419,0.1502866894006729,0.01662895642220974,0.6816444993019104,0.22342133522033691,2.507972478866577,1.3516350984573364,1.3605365753173828,0.2971396744251251,1.396804690361023,0.7312110662460327,0.536231279373169,0.4960767328739166,0.4707862138748169,0.24404588341712952,-0.01097243931144476,-0.34650394320487976,0.08200857788324356,-0.23439346253871918,-0.014826953411102295,-0.15231943130493164,0.8287714719772339,0.5693005323410034,-0.3374430239200592,-0.749686062335968,0.102194644510746,-0.8757646083831787,0.4717975854873657,-0.7215589284896851,-0.3632063865661621,0.6087948083877563,0.3569163680076599,-0.9039704203605652,-0.23547445237636566,-0.9336604475975037,-0.353259801864624,-0.05903962254524231,0.4185866117477417,0.07732534408569336,-0.031000062823295593,0.07523423433303833,0.997165858745575,1.6750639133533696e-06,-0.997165858745575,0.07523423433303833,8.660967978357803e-07,0.2969462275505066,-0.022305496037006378,-0.03100014477968216,0.5402269959449768,0.1769561767578125,-0.030999980866909027
125,-1.1843953132629395,-0.7762373685836792,-0.3212669789791107,0.8173565864562988,-0.08390320092439651,-0.48607686161994934,1.998301386833191,0.7309770584106445,-0.3586376905441284,0.11149006336927414,-0.12022919207811356,0.014718420803546906,0.24422472715377808,0.08571232855319977,0.14711792767047882,0.024637339636683464,0.7110480666160583,0.25293540954589844,2.5364086627960205,1.364175796508789,1.3623992204666138,0.27193430066108704,1.4012631177902222,0.7312042713165283,0.5267438292503357,0.493791401386261,0.4732639193534851,0.24234287440776825,0.02025683969259262,-0.3430910110473633,0.06298799812793732,-0.22334423661231995,-0.03151601552963257,-0.15789318084716797,0.8234802484512329,0.5808669328689575,-0.3375243842601776,-0.7407231330871582,0.07183972746133804,-0.8851733207702637,0.45968174934387207,-0.7103579044342041,-0.38842105865478516,0.6384490132331848,0.3747456669807434,-0.8978161811828613,-0.23128290474414825,-0.9240932464599609,-0.38187694549560547,-0.014893908053636551,0.4185865521430969,0.07732534408569336,-0.03100006654858589,0.07523393630981445,0.9971659779548645,1.5602131497871596e-06,-0.9971659779548645,0.07523393630981445,1.6372240452255937e-06,0.2969461679458618,-0.022305548191070557,-0.0310000479221344,0.540226936340332,0.17695623636245728,-0.031000085175037384
126,-1.2057056427001953,-0.7699258327484131,-0.3296155631542206,0.8204079866409302,-0.06736422330141068,-0.480482816696167,2.0087730884552,0.730911374092102,-0.3362002670764923,0.07756134867668152,-0.1719474345445633,0.04905563220381737,0.24156959354877472,0.0777532085776329,0.14639709889888763,0.11287049949169159,0.7403976917266846,0.28240278363227844,2.564908027648926,1.376280426979065,1.3666338920593262,0.24717870354652405,1.4054620265960693,0.7312026619911194,0.517137348651886,0.4912148714065552,0.4761146306991577,0.2341618537902832,0.05283829942345619,-0.3361305892467499,0.05936627835035324,-0.21899789571762085,-0.05061608552932739,-0.16216087341308594,0.819104015827179,0.5941412448883057,-0.340855211019516,-0.7285698056221008,0.038943350315093994,-0.8925230503082275,0.44931724667549133,-0.6968890428543091,-0.41240835189819336,0.667758047580719,0.3933762311935425,-0.8917000889778137,-0.22388875484466553,-0.9117525219917297,-0.40966808795928955,0.02965463325381279,0.4185866117477417,0.07732534408569336,-0.031000062823295593,0.07523423433303833,0.997165858745575,1.5327107121265726e-06,-0.997165858745575,0.07523423433303833,6.094826403568732e-07,0.296946257352829,-0.022305496037006378,-0.031000159680843353,0.5402269959449768,0.1769561767578125,-0.030999965965747833
127,-1.2248214483261108,-0.7664414048194885,-0.33978939056396484,0.8260310888290405,-0.0504026859998703,-0.47558391094207764,2.0188000202178955,0.7308374047279358,-0.3073517978191376,0.020938772708177567,-0.19284969568252563,0.09712079912424088,0.24665506184101105,0.06441787630319595,0.14018581807613373,0.20598849654197693,0.7697291970252991,0.31175944209098816,2.593461036682129,1.3881908655166626,1.3723143339157104,0.22321106493473053,1.4099328517913818,0.731204092502594,0.5088403820991516,0.48990148305892944,0.47944945096969604,0.23185239732265472,0.07228799909353256,-0.32449883222579956,0.06319393217563629,-0.21852248907089233,-0.07121157646179199,-0.16362667083740234,0.8173360824584961,0.6089227795600891,-0.3492209315299988,-0.712220311164856,0.0048102885484695435,-0.896232008934021,0.4435594975948334,-0.6812353134155273,-0.43514442443847656,0.6966959238052368,0.4133935570716858,-0.885094165802002,-0.21380895376205444,-0.8965451717376709,-0.4366823434829712,0.07426651567220688,0.41858652234077454,0.07732534408569336,-0.03100006654858589,0.07523393630981445,0.9971659779548645,1.5742837149446132e-06,-0.9971659779548645,0.07523393630981445,1.676027522989898e-06,0.2969461679458618,-0.022305548191070557,-0.0310000479221344,0.5402268767356873,0.17695623636245728,-0.031000085175037384
128,-1.2421040534973145,-0.7640590071678162,-0.3536014258861542,0.8321888446807861,-0.03331640735268593,-0.4699065387248993,2.0264675617218018,0.7308414578437805,-0.2860696613788605,0.0215980913490057,-0.2604615390300751,0.08952967822551727,0.2509079575538635,0.07922589778900146,0.10712326318025589,0.19633890688419342,0.7992442846298218,0.3403596580028534,2.621633529663086,1.402550458908081,1.3788659572601318,0.20025591552257538,1.411530613899231,0.7311937808990479,0.5012423992156982,0.486804723739624,0.4778794050216675,0.27516868710517883,0.08306235820055008,-0.31013044714927673,0.02293429523706436,-0.20311394333839417,-0.09378302097320557,-0.16415977478027344,0.8153747320175171,0.6229392290115356,-0.3597496747970581,-0.6946414709091187,-0.031202618032693863,-0.8987016677856445,0.4374491274356842,-0.663433313369751,-0.45616579055786133,0.7265762686729431,0.433552622795105,-0.8774336576461792,-0.20528574287891388,-0.8785098791122437,-0.462276816368103,0.12050074338912964,0.4185866117477417,0.07732534408569336,-0.031000062823295593,0.075234055519104,0.9971659779548645,1.559772726977826e-06,-0.9971659779548645,0.075234055519104,6.634898568336212e-07,0.296946257352829,-0.022305533289909363,-0.031000155955553055,0.5402269959449768,0.17695622146129608,-0.03099996969103813
129,-1.2542790174484253,-0.7602459788322449,-0.37515777349472046,0.8372103571891785,-0.017115749418735504,-0.461717426776886,2.030273199081421,0.7309312224388123,-0.21531109511852264,0.06366387754678726,-0.38794127106666565,0.05459604039788246,0.24126364290714264,0.119652658700943,0.05316074565052986,0.07188895344734192,0.8286935687065125,0.36688947677612305,2.6488680839538574,1.4207438230514526,1.3885475397109985,0.17874236404895782,1.4065042734146118,0.7311841249465942,0.4922880232334137,0.4523010551929474,0.4647553563117981,0.32776153087615967,0.12618541717529297,-0.28974449634552,-0.06979870051145554,-0.19105172157287598,-0.1184965968132019,-0.1663355827331543,0.8097707629203796,0.6358164548873901,-0.3675585389137268,-0.678703248500824,-0.06827197968959808,-0.9026666879653931,0.42489027976989746,-0.6438689231872559,-0.4750552177429199,0.7573970556259155,0.4526937007904053,-0.8689180612564087,-0.20012439787387848,-0.8577171564102173,-0.48568975925445557,0.16860246658325195,0.4185865521430969,0.07732534408569336,-0.031000062823295593,0.075234055519104,0.997165858745575,1.4244029671317548e-06,-0.997165858745575,0.075234055519104,1.4333289755086298e-06,0.2969461977481842,-0.02230551838874817,-0.031000055372714996,0.540226936340332,0.1769562065601349,-0.03100007027387619
130,-1.26573646068573,-0.7565187215805054,-0.39914873242378235,0.8409621715545654,-0.00065893295686692,-0.4539884924888611,2.0326151847839355,0.7308847308158875,-0.20846202969551086,0.041298266500234604,-0.41243746876716614,0.05039209872484207,0.24335744976997375,0.10864376276731491,0.032621145248413086,0.13964785635471344,0.8578529357910156,0.39129820466041565,2.675314426422119,1.4406392574310303,1.4004456996917725,0.15849193930625916,1.400491714477539,0.7311813831329346,0.4817960262298584,0.41418445110321045,0.4519333839416504,0.34461709856987,0.15727117657661438,-0.27170613408088684,-0.08357087522745132,-0.18813252449035645,-0.14442044496536255,-0.16789770126342773,0.8027001023292542,0.6478904485702515,-0.3764635920524597,-0.662203311920166,-0.10659559071063995,-0.9055912494659424,0.4105384051799774,-0.6229954957962036,-0.4920196533203125,0.787520170211792,0.4723358750343323,-0.8599482774734497,-0.19335947930812836,-0.8344771862030029,-0.5069239139556885,0.21604666113853455,0.4185866117477417,0.07732534408569336,-0.031000062823295593,0.075234055519104,0.9971659779548645,1.5765228909003781e-06,-0.9971659779548645,0.075234055519104,7.190817541413708e-07,0.2969462275505066,-0.022305533289909363,-0.031000152230262756,0.5402269959449768,0.17695622146129608,-0.03099997341632843
131,-1.2786973714828491,-0.7549731135368347,-0.423286110162735,0.8444408774375916,0.016606904566287994,-0.4481581747531891,2.0345284938812256,0.7308055758476257,-0.23774288594722748,-0.005793278105556965,-0.4163772165775299,0.05580328032374382,0.2546536326408386,0.07950343191623688,0.02618376538157463,0.24249520897865295,0.8868840932846069,0.4144362211227417,2.7011470794677734,1.4609004259109497,1.4137561321258545,0.13949409127235413,1.39599609375,0.7311796545982361,0.47253090143203735,0.39664214849472046,0.44261735677719116,0.3484957814216614,0.17679308354854584,-0.2539289593696594,-0.06232183799147606,-0.18504224717617035,-0.171705961227417,-0.16669988632202148,0.7964578866958618,0.6590902209281921,-0.3902260363101959,-0.6429026126861572,-0.14706186950206757,-0.9052213430404663,0.39868220686912537,-0.6008814573287964,-0.507225513458252,0.8164370656013489,0.49381452798843384,-0.8500639200210571,-0.18313531577587128,-0.8088853359222412,-0.5263462066650391,0.2620387375354767,0.4185865521430969,0.07732534408569336,-0.031000062823295593,0.075234055519104,0.997165858745575,1.484876406721014e-06,-0.997165858745575,0.075234055519104,1.4839826008028467e-06,0.2969461977481842,-0.02230551838874817,-0.031000055372714996,0.540226936340332,0.1769562065601349,-0.03100007027387619
132,-1.2935326099395752,-0.7557708621025085,-0.44766342639923096,0.8479280471801758,0.03434346988797188,-0.4446216821670532,2.0365612506866455,0.7307550311088562,-0.2693459689617157,-0.04615093395113945,-0.42298004031181335,0.05932893604040146,0.2620023787021637,0.04529779404401779,0.028146281838417053,0.28858110308647156,0.9156626462936401,0.43634992837905884,2.7263526916503906,1.4814915657043457,1.4287338256835938,0.12147249281406403,1.3932442665100098,0.7311784029006958,0.4623432159423828,0.37577298283576965,0.43189573287963867,0.35008805990219116,0.20007768273353577,-0.24022342264652252,-0.03787415847182274,-0.18338611721992493,-0.20053040981292725,-0.16228914260864258,0.7913562655448914,0.668929398059845,-0.40960052609443665,-0.620290994644165,-0.19008105993270874,-0.900994062423706,0.38997313380241394,-0.5778124332427979,-0.520505428314209,0.8440828919410706,0.517241358757019,-0.8389551043510437,-0.1691616177558899,-0.7814152836799622,-0.5435628890991211,0.3064793348312378,0.4185866117477417,0.07732534408569336,-0.031000062823295593,0.075234055519104,0.9971659779548645,1.588030727361911e-06,-0.9971659779548645,0.075234055519104,7.756864306429634e-07,0.296946257352829,-0.022305533289909363,-0.031000148504972458,0.5402269959449768,0.17695622146129608,-0.03099997714161873
133,-1.3109077215194702,-0.7584517002105713,-0.47253185510635376,0.8507134318351746,0.052142221480607986,-0.4441348612308502,2.0399792194366455,0.7307031750679016,-0.3113813102245331,-0.07828668504953384,-0.4357652962207794,0.05028071627020836,0.26371198892593384,0.0016621635295450687,0.04738903045654297,0.3506409823894501,0.9440892934799194,0.4570735692977905,2.750939130783081,1.501577377319336,1.4462577104568481,0.10383420437574387,1.3932273387908936,0.7311771512031555,0.45127731561660767,0.35263270139694214,0.419620156288147,0.33677980303764343,0.2362433522939682,-0.23503172397613525,0.00044337072176858783,-0.18207554519176483,-0.23104500770568848,-0.15461206436157227,0.7868790030479431,0.6770699620246887,-0.43460530042648315,-0.5938808917999268,-0.23622961342334747,-0.8926382064819336,0.38391751050949097,-0.5543088912963867,-0.5318846702575684,0.8698486685752869,0.543224036693573,-0.8261194229125977,-0.14978061616420746,-0.7528855800628662,-0.5582664012908936,0.34857118129730225,0.4185865521430969,0.07732534408569336,-0.03100006654858589,0.075234055519104,0.997165858745575,1.5216521660477156e-06,-0.997165858745575,0.075234055519104,1.5319604926844477e-06,0.2969461679458618,-0.02230551838874817,-0.031000059098005295,0.540226936340332,0.1769562065601349,-0.03100007399916649
134,-1.3302415609359741,-0.7627578973770142,-0.49804428219795227,0.8518046736717224,0.07054824382066727,-0.445544570684433,2.044390916824341,0.7306770086288452,-0.3403923213481903,-0.10049814730882645,-0.44821813702583313,0.021966317668557167,0.27269381284713745,-0.024329252541065216,0.06119765713810921,0.38118478655815125,0.9723139405250549,0.4774666726589203,2.774930715560913,1.5196136236190796,1.4656988382339478,0.08678209036588669,1.3957825899124146,0.7311811447143555,0.4425669014453888,0.34492963552474976,0.4077877700328827,0.3027116656303406,0.26353541016578674,-0.22695516049861908,0.036510735750198364,-0.18595948815345764,-0.2627071738243103,-0.1442422866821289,0.7817985415458679,0.683492124080658,-0.4630855321884155,-0.5642608404159546,-0.28463369607925415,-0.8808940649032593,0.3781661093235016,-0.5305963754653931,-0.5416927337646484,0.8931937217712402,0.5722323060035706,-0.8103685975074768,-0.12590837478637695,-0.7236148118972778,-0.5711755752563477,0.387479305267334,0.4185866117477417,0.07732534408569336,-0.031000062823295593,0.075234055519104,0.9971659779548645,1.660087946220301e-06,-0.9971659779548645,0.075234055519104,7.87051021688967e-07,0.2969462275505066,-0.022305533289909363,-0.031000152230262756,0.5402269959449768,0.17695622146129608,-0.03099997341632843
135,-1.3511061668395996,-0.7683224678039551,-0.5240911841392517,0.851180911064148,0.08945459872484207,-0.44872915744781494,2.049738883972168,0.7306488752365112,-0.3646943271160126,-0.12192618101835251,-0.45777517557144165,-0.0018354143248870969,0.2799963653087616,-0.04992452636361122,0.0742725357413292,0.41551896929740906,1.0002988576889038,0.4975096881389618,2.7982850074768066,1.5356132984161377,1.4867154359817505,0.07026450335979462,1.4006927013397217,0.7311865091323853,0.4343777298927307,0.33588480949401855,0.3958028256893158,0.2698041796684265,0.285964697599411,-0.2196873128414154,0.0695905089378357,-0.19223403930664062,-0.2949562072753906,-0.13134384155273438,0.7758684754371643,0.6877018213272095,-0.494303435087204,-0.5317238569259644,-0.3345172703266144,-0.8657748699188232,0.3721993565559387,-0.5069695711135864,-0.5500626564025879,0.914166271686554,0.6037681698799133,-0.7910541296005249,-0.0984749048948288,-0.6940743923187256,-0.582423210144043,0.4231358766555786,0.4185865521430969,0.07732534408569336,-0.03100006654858589,0.07523393630981445,0.9971659779548645,1.5227013818730484e-06,-0.9971659779548645,0.07523393630981445,1.598166363692144e-06,0.2969461679458618,-0.022305548191070557,-0.031000051647424698,0.540226936340332,0.17695623636245728,-0.031000081449747086
136,-1.37320077419281,-0.7750333547592163,-0.5505845546722412,0.8489882349967957,0.10882634669542313,-0.45343637466430664,2.0559003353118896,0.730625569820404,-0.38396742939949036,-0.1403222382068634,-0.46587249636650085,-0.024621110409498215,0.28680312633514404,-0.07169216871261597,0.08561152219772339,0.4431915581226349,1.0280739068984985,0.5172807574272156,2.8210294246673584,1.549477219581604,1.5089656114578247,0.054253801703453064,1.4076664447784424,0.7311926484107971,0.42714032530784607,0.32864347100257874,0.3843839764595032,0.23542720079421997,0.3037269115447998,-0.21231712400913239,0.09788534790277481,0.004300323314964771,-0.3273776173591614,-0.11595582962036133,0.7690090537071228,0.6892538070678711,-0.527726948261261,-0.496420681476593,-0.38527703285217285,-0.8472338914871216,0.36572709679603577,-0.48362040519714355,-0.5572152137756348,0.9328230023384094,0.6372391581535339,-0.7676215171813965,-0.06843551993370056,-0.664582371711731,-0.592312216758728,0.45551806688308716,0.4185866117477417,0.07732534408569336,-0.031000062823295593,0.07523423433303833,0.997165858745575,1.6726045259929379e-06,-0.997165858745575,0.07523423433303833,8.749518087824981e-07,0.2969462275505066,-0.022305496037006378,-0.03100014477968216,0.5402269959449768,0.1769561767578125,-0.030999980866909027
137,-1.3961044549942017,-0.7825561165809631,-0.5774086117744446,0.8457695841789246,0.12849374115467072,-0.45923084020614624,2.062631607055664,0.7306071519851685,-0.3961666226387024,-0.15346068143844604,-0.47048845887184143,-0.03879949450492859,0.29090556502342224,-0.08741520345211029,0.09352197498083115,0.4646584093570709,1.0556994676589966,0.5367048978805542,2.8432981967926025,1.5617834329605103,1.5319916009902954,0.03858449310064316,1.4160183668136597,0.7311978936195374,0.42145487666130066,0.3224583864212036,0.37622395157814026,0.21186353266239166,0.31471341848373413,-0.20755715668201447,0.11717543751001358,0.0035360632464289665,-0.3594908118247986,-0.09825944900512695,0.7612850069999695,0.6876504421234131,-0.5626778602600098,-0.45883601903915405,-0.436132550239563,-0.8253709077835083,0.3585403263568878,-0.4605594873428345,-0.5632429122924805,0.949574887752533,0.671617865562439,-0.7399671077728271,-0.037122830748558044,-0.6352665424346924,-0.600925087928772,0.4851035475730896,0.4185865521430969,0.07732534408569336,-0.031000062823295593,0.075234055519104,0.997165858745575,1.5495280649702181e-06,-0.997165858745575,0.075234055519104,1.6357267895728e-06,0.2969461679458618,-0.02230551838874817,-0.0310000441968441,0.540226936340332,0.1769562065601349,-0.031000081449747086
138,-1.419649600982666,-0.7907832264900208,-0.6044677495956421,0.8416285514831543,0.1484193354845047,-0.4659900367259979,2.0698721408843994,0.7305901646614075,-0.40663015842437744,-0.1652088463306427,-0.47476881742477417,-0.05208178982138634,0.29467928409576416,-0.10139859467744827,0.10062078386545181,0.48449110984802246,1.0831849575042725,0.5558928847312927,2.865150213241577,1.5726650953292847,1.55565345287323,0.023237844929099083,1.4255855083465576,0.7312027812004089,0.41598328948020935,0.3171021044254303,0.3680092394351959,0.18908336758613586,0.3241502046585083,-0.20320750772953033,0.1339941918849945,0.002178753260523081,-0.39096832275390625,-0.07836151123046875,0.7526624202728271,0.6825964450836182,-0.5986406803131104,-0.4191555678844452,-0.48660147190093994,-0.8002407550811768,0.35047659277915955,-0.43781137466430664,-0.5682272911071777,0.964625895023346,0.7062597274780273,-0.7079349160194397,-0.0050363545306026936,-0.6062198281288147,-0.608428955078125,0.5121636986732483,0.4185866117477417,0.07732534408569336,-0.031000062823295593,0.07523423433303833,0.997165858745575,1.5364746559498599e-06,-0.997165858745575,0.07523423433303833,5.96408369801793e-07,0.296946257352829,-0.022305496037006378,-0.03100016340613365,0.5402269959449768,0.1769561767578125,-0.030999962240457535
139,-1.4436547756195068,-0.7995391488075256,-0.6317266821861267,0.8366942405700684,0.16859221458435059,-0.47335538268089294,2.0774574279785156,0.7305788993835449,-0.4134955108165741,-0.1731833815574646,-0.4778243899345398,-0.06412374973297119,0.29821333289146423,-0.11016032099723816,0.10541921854019165,0.4972115159034729,1.1105767488479614,0.5749950408935547,2.88667368888855,1.5821696519851685,1.5797475576400757,0.008161083795130253,1.4360363483428955,0.7312074303627014,0.4116123616695404,0.3151843249797821,0.3617081642150879,0.16785697638988495,0.33054882287979126,-0.1993354707956314,0.14611738920211792,0.017788806930184364,-0.421512246131897,-0.05648660659790039,0.7430310845375061,0.6739305257797241,-0.6349172592163086,-0.37775349617004395,-0.5361722707748413,-0.7720949649810791,0.34115779399871826,-0.4153634309768677,-0.5722503662109375,0.9781414866447449,0.7404574751853943,-0.6715536713600159,0.02717401459813118,-0.5774771571159363,-0.6150020360946655,0.5369290709495544,0.41858652234077454,0.07732534408569336,-0.03100006654858589,0.07523393630981445,0.9971659779548645,1.5591878081977484e-06,-0.9971659779548645,0.07523393630981445,1.6699225398042472e-06,0.2969461679458618,-0.022305548191070557,-0.0310000441968441,0.5402268767356873,0.17695623636245728,-0.031000088900327682
140,-1.4679409265518188,-0.8086228370666504,-0.6591311693191528,0.8310838341712952,0.18898993730545044,-0.4810095429420471,2.0852394104003906,0.7305715680122375,-0.41752853989601135,-0.1779259294271469,-0.47984108328819275,-0.0745852142572403,0.30138909816741943,-0.11439025402069092,0.10815383493900299,0.5051739811897278,1.1379159688949585,0.5941678881645203,2.907975912094116,1.5904265642166138,1.6041115522384644,-0.0067007835023105145,1.4470754861831665,0.7312123775482178,0.40806591510772705,0.31620877981185913,0.3570783734321594,0.14907406270503998,0.3346005082130432,-0.1968921571969986,0.1547100841999054,0.001010160194709897,-0.45083701610565186,-0.032919883728027344,0.7323032021522522,0.6616142988204956,-0.6708225607872009,-0.33505764603614807,-0.5843355059623718,-0.7412699460983276,0.3302590250968933,-0.3931506872177124,-0.5753321647644043,0.9903284907341003,0.7735574841499329,-0.6309770345687866,0.058964356780052185,-0.5489963889122009,-0.620747447013855,0.5597103238105774,0.4185866117477417,0.07732534408569336,-0.031000062823295593,0.075234055519104,0.9971659779548645,1.5543430436082417e-06,-0.9971659779548645,0.075234055519104,6.509006311716803e-07,0.296946257352829,-0.022305533289909363,-0.031000155955553055,0.5402269959449768,0.17695622146129608,-0.03099996969103813
141,-1.4925442934036255,-0.8181396722793579,-0.6865975856781006,0.825525164604187,0.209236741065979,-0.4898095726966858,2.093506336212158,0.7305477857589722,-0.4258800745010376,-0.1897381693124771,-0.4802778363227844,-0.06897715479135513,0.29903650283813477,-0.13214726746082306,0.11487633734941483,0.5338238477706909,1.165075659751892,0.6124265789985657,2.9289462566375732,1.5991544723510742,1.6288617849349976,-0.021531585603952408,1.4587911367416382,0.7312129735946655,0.4031316041946411,0.30173102021217346,0.3512842655181885,0.1555197834968567,0.3400774896144867,-0.19608575105667114,0.1636933982372284,0.022900179028511047,-0.47889041900634766,-0.0072040557861328125,0.7212068438529968,0.6448033452033997,-0.7069123387336731,-0.2906951904296875,-0.6311659216880798,-0.7069494724273682,0.3191429078578949,-0.37130606174468994,-0.5773477554321289,1.0017297267913818,0.8047980070114136,-0.5866268873214722,0.09038271009922028,-0.5209745168685913,-0.6251921653747559,0.5811372995376587,0.4185865521430969,0.07732534408569336,-0.031000062823295593,0.075234055519104,0.997165858745575,1.4243263422031305e-06,-0.997165858745575,0.075234055519104,1.4161680610413896e-06,0.2969461977481842,-0.02230551838874817,-0.031000055372714996,0.540226936340332,0.1769562065601349,-0.03100007027387619
142,-1.5183117389678955,-0.8294654488563538,-0.7142858505249023,0.8185839056968689,0.22966140508651733,-0.5018239617347717,2.103355884552002,0.7305043935775757,-0.4510197937488556,-0.22381161153316498,-0.49032771587371826,-0.08744154125452042,0.30276012420654297,-0.17906974256038666,0.1370180994272232,0.5715112090110779,1.1916555166244507,0.6294034123420715,2.9486851692199707,1.6063361167907715,1.654835820198059,-0.03568744286894798,1.4734066724777222,0.731210470199585,0.39358505606651306,0.2675481140613556,0.32556968927383423,0.12022057920694351,0.35944753885269165,-0.1883966624736786,0.20463146269321442,0.0029852031730115414,-0.5058867931365967,0.021758079528808594,0.7096239328384399,0.6225932836532593,-0.744096040725708,-0.24227795004844666,-0.6776453256607056,-0.6674864292144775,0.3086397647857666,-0.3508678674697876,-0.5792112350463867,1.0110809803009033,0.8341670036315918,-0.5374503135681152,0.1237439289689064,-0.49449029564857483,-0.6294947862625122,0.5993464589118958,0.4185866117477417,0.07732534408569336,-0.031000062823295593,0.075234055519104,0.9971659779548645,1.5684740901633631e-06,-0.9971659779548645,0.075234055519104,7.039193405944388e-07,0.2969462275505066,-0.022305533289909363,-0.031000152230262756,0.5402269959449768,0.17695622146129608,-0.03099997341632843
143,-1.544551968574524,-0.8414297103881836,-0.7422434687614441,0.8122900724411011,0.24986594915390015,-0.5147354006767273,2.1135313510894775,0.7304907441139221,-0.45502540469169617,-0.23088647425174713,-0.48848870396614075,-0.07595167309045792,0.29858943819999695,-0.19194291532039642,0.1415354460477829,0.5845124125480652,1.2181766033172607,0.64455646276474,2.968048334121704,1.6141828298568726,1.6810321807861328,-0.04996703192591667,1.488287329673767,0.7312125563621521,0.3916724920272827,0.24892273545265198,0.3253636658191681,0.13654349744319916,0.361309677362442,-0.1890297383069992,0.20828038454055786,0.003366017248481512,-0.5314044952392578,0.053154945373535156,0.6977733373641968,0.5948823690414429,-0.7804868221282959,-0.1922374665737152,-0.7224318981170654,-0.6239972114562988,0.29785847663879395,-0.33110129833221436,-0.5808448791503906,1.0195207595825195,0.8603901267051697,-0.4851529598236084,0.15606240928173065,-0.4687952399253845,-0.6333069801330566,0.6157546043395996,0.4185865521430969,0.07732534408569336,-0.03100006654858589,0.075234055519104,0.997165858745575,1.4688155260955682e-06,-0.997165858745575,0.075234055519104,1.4708584785694256e-06,0.2969461977481842,-0.02230551838874817,-0.031000059098005295,0.540226936340332,0.1769562065601349,-0.03100007399916649
144,-1.5708624124526978,-0.8532810807228088,-0.770296573638916,0.8047558069229126,0.2707502841949463,-0.5262807607650757,2.1232168674468994,0.7305142879486084,-0.4486646354198456,-0.2195328325033188,-0.49163079261779785,-0.10616429150104523,0.30896681547164917,-0.17006519436836243,0.13472406566143036,0.5535055994987488,1.2449853420257568,0.6616984009742737,2.9876677989959717,1.618652105331421,1.7070648670196533,-0.06386426091194153,1.5030455589294434,0.7312199473381042,0.39300334453582764,0.28367841243743896,0.32626429200172424,0.0863737240433693,0.3601548373699188,-0.18403968214988708,0.20620615780353546,0.022992094978690147,-0.5547827482223511,0.08491039276123047,0.6837843656539917,0.5642037391662598,-0.8132343888282776,-0.1425623893737793,-0.7640501856803894,-0.5797134637832642,0.2831249535083771,-0.31114286184310913,-0.5819859504699707,1.0265562534332275,0.8837332725524902,-0.429192453622818,0.18657267093658447,-0.4427582323551178,-0.6376317739486694,0.6303894519805908,0.4185866117477417,0.07732534408569336,-0.031000062823295593,0.075234055519104,0.9971659779548645,1.5782600257807644e-06,-0.9971659779548645,0.075234055519104,7.58093108288449e-07,0.296946257352829,-0.022305533289909363,-0.031000148504972458,0.5402269959449768,0.17695622146129608,-0.03099997714161873
145,-1.5971603393554688,-0.8642545938491821,-0.7984005808830261,0.7949806451797485,0.29250678420066833,-0.5357391834259033,2.131375312805176,0.7305424213409424,-0.44359904527664185,-0.20118121802806854,-0.4923168420791626,-0.14506469666957855,0.32165783643722534,-0.13943804800510406,0.11340056359767914,0.5194571018218994,1.2719719409942627,0.6799936890602112,3.006816864013672,1.6212798357009888,1.7326823472976685,-0.07698433101177216,1.516955018043518,0.7312248945236206,0.3933483362197876,0.300089031457901,0.3162859380245209,0.060459572821855545,0.3546003997325897,-0.17456883192062378,0.1950838267803192,-0.0035653163213282824,-0.5757794380187988,0.11582565307617188,0.6668399572372437,0.5316563248634338,-0.8415768146514893,-0.09534168988466263,-0.801959753036499,-0.5364135503768921,0.26290908455848694,-0.2913033962249756,-0.5822486877441406,1.0326905250549316,0.9034837484359741,-0.3710590600967407,0.2145514339208603,-0.41649556159973145,-0.6417920589447021,0.6439212560653687,0.4185865521430969,0.07732534408569336,-0.03100006654858589,0.075234055519104,0.997165858745575,1.5055798030516598e-06,-0.997165858745575,0.075234055519104,1.5163345779001247e-06,0.2969461679458618,-0.02230551838874817,-0.031000059098005295,0.540226936340332,0.1769562065601349,-0.03100007399916649
146,-1.6236451864242554,-0.8738303184509277,-0.8264884948730469,0.7824129462242126,0.315272718667984,-0.5423784255981445,2.136786460876465,0.7305783033370972,-0.4401490092277527,-0.17414484918117523,-0.4922736883163452,-0.19347146153450012,0.3364720940589905,-0.09816078096628189,0.07501770555973053,0.4765830934047699,1.2991160154342651,0.6982746720314026,3.0246803760528564,1.623836636543274,1.7575007677078247,-0.08883187919855118,1.5291392803192139,0.731225311756134,0.3929482698440552,0.30052751302719116,0.29317155480384827,0.06044813618063927,0.34351709485054016,-0.15717625617980957,0.17061787843704224,0.014991623349487782,-0.5943191051483154,0.14513635635375977,0.6465305089950562,0.49809372425079346,-0.8655310869216919,-0.052521806210279465,-0.8359006643295288,-0.4953845739364624,0.23635631799697876,-0.27198344469070435,-0.581390380859375,1.0384440422058105,0.9193482398986816,-0.3124142587184906,0.23915714025497437,-0.3901306986808777,-0.6451280117034912,0.6569689512252808,0.4185866117477417,0.07732534408569336,-0.031000062823295593,0.075234055519104,0.9971659779548645,1.6595965917076683e-06,-0.9971659779548645,0.075234055519104,7.638918759766966e-07,0.2969462275505066,-0.022305533289909363,-0.031000155955553055,0.5402269959449768,0.17695622146129608,-0.03099996969103813
147,-1.6499356031417847,-0.8823835253715515,-0.8545576333999634,0.7680936455726624,0.33857542276382446,-0.5472666025161743,2.1407883167266846,0.7305945158004761,-0.4378643035888672,-0.16031040251255035,-0.4907433092594147,-0.217152938246727,0.34389516711235046,-0.07423814386129379,0.055356547236442566,0.4586482048034668,1.3263189792633057,0.7169479131698608,3.041834831237793,1.6257299184799194,1.7818576097488403,-0.10001670569181442,1.5404672622680664,0.7312287092208862,0.39289236068725586,0.30745771527290344,0.2829686403274536,0.050517428666353226,0.3373807966709137,-0.14851690828800201,0.1590861678123474,-0.005823665298521519,-0.6104639768600464,0.17334461212158203,0.6239656209945679,0.46344369649887085,-0.8860394954681396,-0.012413717806339264,-0.8659971952438354,-0.45584070682525635,0.20556798577308655,-0.253079354763031,-0.5795364379882812,1.043654203414917,0.9314719438552856,-0.2530076503753662,0.2614329159259796,-0.3638131618499756,-0.6477522850036621,0.6693708300590515,0.4185865521430969,0.07732534408569336,-0.03100006654858589,0.07523393630981445,0.9971659779548645,1.5347081898653414e-06,-0.9971659779548645,0.07523393630981445,1.567110984979081e-06,0.2969461679458618,-0.022305548191070557,-0.031000055372714996,0.540226936340332,0.17695623636245728,-0.031000077724456787
148,-1.6760576963424683,-0.8904777765274048,-0.8826166391372681,0.752964973449707,0.36212536692619324,-0.5512866973876953,2.1442832946777344,0.7306014895439148,-0.4365255832672119,-0.1543542593717575,-0.4898829758167267,-0.22786393761634827,0.3473220765590668,-0.06266805529594421,0.04828892648220062,0.4503788948059082,1.35355806350708,0.7361540198326111,3.058802366256714,1.6267192363739014,1.806033730506897,-0.11093801259994507,1.5515246391296387,0.7312315702438354,0.39260441064834595,0.31604138016700745,0.2801884114742279,0.037229299545288086,0.33520928025245667,-0.14502876996994019,0.15535160899162292,-0.006841134279966354,-0.6243419647216797,0.20118188858032227,0.6000961661338806,0.4270826578140259,-0.9038246273994446,0.02648615464568138,-0.8925538659095764,-0.4167063236236572,0.1723467856645584,-0.23441362380981445,-0.5768609046936035,1.0482542514801025,0.9398968815803528,-0.1925751268863678,0.28197282552719116,-0.3374629318714142,-0.6498368978500366,0.6810513138771057,0.4185866117477417,0.07732534408569336,-0.031000062823295593,0.07523423433303833,0.997165858745575,1.6661169865983538e-06,-0.997165858745575,0.07523423433303833,8.512727163179079e-07,0.2969462275505066,-0.022305496037006378,-0.031000148504972458,0.5402269959449768,0.1769561767578125,-0.03099997714161873
149,-1.702011227607727,-0.898478090763092,-0.9106920957565308,0.7375644445419312,0.3857622444629669,-0.5549890398979187,2.1478967666625977,0.7306036949157715,-0.43535056710243225,-0.15342481434345245,-0.4893620014190674,-0.23100824654102325,0.3484615981578827,-0.05879464000463486,0.04993860423564911,0.4472249746322632,1.3808239698410034,0.7560667991638184,3.0759620666503906,1.6264562606811523,1.8302359580993652,-0.12186991423368454,1.5627357959747314,0.7312344312667847,0.3923698365688324,0.3269873261451721,0.2831951975822449,0.018706267699599266,0.336031049489975,-0.1453363448381424,0.15749473869800568,-0.007629562634974718,-0.6360183954238892,0.2290205955505371,0.575469434261322,0.388613760471344,-0.9190958738327026,0.0651324987411499,-0.9157359600067139,-0.3774319887161255,0.1377418041229248,-0.21584707498550415,-0.5735235214233398,1.0521302223205566,0.9445263147354126,-0.1310068517923355,0.30117639899253845,-0.3109939992427826,-0.6516029834747314,0.6918789148330688,0.4185865521430969,0.07732534408569336,-0.03100006654858589,0.07523393630981445,0.9971659779548645,1.5459677342732903e-06,-0.9971659779548645,0.07523393630981445,1.6229347465923638e-06,0.2969461679458618,-0.022305548191070557,-0.0310000479221344,0.540226936340332,0.17695623636245728,-0.031000085175037384
150,-1.7275267839431763,-0.9068951606750488,-0.9388538599014282,0.7224568128585815,0.4093235731124878,-0.5589346885681152,2.152927875518799,0.7306014895439148,-0.43115127086639404,-0.16066458821296692,-0.4896731972694397,-0.22477059066295624,0.3471616208553314,-0.06303995847702026,0.0698021724820137,0.4486466646194458,1.4081391096115112,0.777866542339325,3.094205141067505,1.6226304769515991,1.8548550605773926,-0.13332372903823853,1.575069546699524,0.731238842010498,0.3934800922870636,0.35357341170310974,0.3020571768283844,-0.035596538335084915,0.3427674472332001,-0.15278616547584534,0.17358283698558807,-0.007862051017582417,-0.6455447673797607,0.2571225166320801,0.5506168603897095,0.34776461124420166,-0.9316575527191162,0.10523335635662079,-0.9356451034545898,-0.3376426696777344,0.10278990864753723,-0.19696909189224243,-0.570073127746582,1.0545625686645508,0.9450476765632629,-0.06770289689302444,0.3198455572128296,-0.28411293029785156,-0.6541142463684082,0.7010097503662109,0.4185866117477417,0.07732534408569336,-0.031000062823295593,0.07523423433303833,0.997165858745575,1.5339697938543395e-06,-0.997165858745575,0.07523423433303833,5.875736519556085e-07,0.296946257352829,-0.022305496037006378,-0.03100016340613365,0.5402269959449768,0.1769561767578125,-0.030999962240457535
151,-1.7528005838394165,-0.9156245589256287,-0.9670869708061218,0.7075453400611877,0.4328697621822357,-0.5629333257675171,2.158841371536255,0.7306036353111267,-0.4275072515010834,-0.16386626660823822,-0.49000853300094604,-0.22323234379291534,0.3469533324241638,-0.06384038180112839,0.08211187273263931,0.4445228576660156,1.4355300664901733,0.8008175492286682,3.1132452487945557,1.6161576509475708,1.8797345161437988,-0.1450795978307724,1.5881119966506958,0.7312401533126831,0.3939678966999054,0.36957836151123047,0.31269240379333496,-0.07392443716526031,0.3470883369445801,-0.15719661116600037,0.18314503133296967,-0.009223323315382004,-0.6529321670532227,0.2852773666381836,0.5254567265510559,0.30455148220062256,-0.9412388205528259,0.14600642025470734,-0.9522883296012878,-0.2976868152618408,0.06730084866285324,-0.17786473035812378,-0.566521167755127,1.0557756423950195,0.9412859082221985,-0.0036554639227688313,0.33759066462516785,-0.2567128539085388,-0.6571879386901855,0.7086625695228577,0.41858652234077454,0.07732534408569336,-0.03100006654858589,0.07523393630981445,0.9971659779548645,1.5703676581324544e-06,-0.9971659779548645,0.07523393630981445,1.6547262475796742e-06,0.2969461679458618,-0.022305548191070557,-0.0310000479221344,0.5402268767356873,0.17695623636245728,-0.031000085175037384
152,-1.7778699398040771,-0.9250620007514954,-0.9952937960624695,0.6933872103691101,0.45604759454727173,-0.567401111125946,2.165424108505249,0.730597734451294,-0.42883339524269104,-0.1762935370206833,-0.48844653367996216,-0.2079615294933319,0.34128454327583313,-0.07182847708463669,0.09147435426712036,0.45071157813072205,1.4628760814666748,0.8241366147994995,3.1329293251037598,1.6086039543151855,1.9049280881881714,-0.15676917135715485,1.601141333580017,0.731244683265686,0.39286577701568604,0.3760962188243866,0.3232671022415161,-0.08818267285823822,0.3515057861804962,-0.15567293763160706,0.1826258897781372,0.009360075928270817,-0.6582283973693848,0.31374216079711914,0.5005544424057007,0.2586222290992737,-0.9476593732833862,0.1872330904006958,-0.9658191204071045,-0.25719666481018066,0.03229931741952896,-0.1584765911102295,-0.5625777244567871,1.056290626525879,0.9333902597427368,0.06034518778324127,0.3537527620792389,-0.22849270701408386,-0.6601848602294922,0.7155048251152039,0.4185866117477417,0.07732534408569336,-0.031000062823295593,0.075234055519104,0.9971659779548645,1.5514495999013889e-06,-0.9971659779548645,0.075234055519104,6.429647214645229e-07,0.296946257352829,-0.022305533289909363,-0.031000159680843353,0.5402269959449768,0.17695622146129608,-0.030999965965747833
153,-1.8030140399932861,-0.9363295435905457,-1.023298740386963,0.6803702712059021,0.47832775115966797,-0.5705599784851074,2.1707324981689453,0.7306069731712341,-0.4330917298793793,-0.20476973056793213,-0.48457393050193787,-0.18859633803367615,0.32816654443740845,-0.05428612232208252,0.07365808635950089,0.4381457269191742,1.4900065660476685,0.8482187390327454,3.1533823013305664,1.599337100982666,1.9302631616592407,-0.1658063679933548,1.610636591911316,0.731269896030426,0.3902185559272766,0.3875022232532501,0.33921223878860474,-0.11300109326839447,0.3533179759979248,-0.11819054186344147,0.13389939069747925,-0.011916073970496655,-0.6614298820495605,0.3421635627746582,0.47624117136001587,0.21165555715560913,-0.9505221843719482,0.2273973822593689,-0.9760051965713501,-0.21774065494537354,-0.0017161222640424967,-0.13788247108459473,-0.5582599639892578,1.056422233581543,0.9231618642807007,0.12264129519462585,0.3643229603767395,-0.19698652625083923,-0.6629260778427124,0.7223056554794312,0.4185865521430969,0.07732534408569336,-0.031000062823295593,0.075234055519104,0.997165858745575,1.421796582690149e-06,-0.997165858745575,0.075234055519104,1.4086176634009462e-06,0.2969461977481842,-0.02230551838874817,-0.031000055372714996,0.540226936340332,0.1769562065601349,-0.03100007027387619
154,-1.828505516052246,-0.9492408633232117,-1.0510517358779907,0.6680256724357605,0.49977585673332214,-0.5714186429977417,2.173535108566284,0.7306296825408936,-0.43715745210647583,-0.22684790194034576,-0.4801023602485657,-0.18057923018932343,0.316434770822525,-0.021871648728847504,0.03865627944469452,0.4090310335159302,1.516919493675232,0.8727723360061646,3.1743075847625732,1.5888501405715942,1.9554661512374878,-0.17110538482666016,1.6149367094039917,0.731299102306366,0.38694843649864197,0.395574152469635,0.34718602895736694,-0.12945261597633362,0.35149580240249634,-0.06518573313951492,0.06069487705826759,0.00010667135939002037,-0.6625934839248657,0.3698387145996094,0.4521667957305908,0.16513383388519287,-0.9499638676643372,0.26514068245887756,-0.9828994870185852,-0.18072104454040527,-0.03533407673239708,-0.11594623327255249,-0.5532622337341309,1.0565040111541748,0.9119112491607666,0.1821494847536087,0.3677491843700409,-0.16149885952472687,-0.6645181179046631,0.7296121120452881,0.4185866117477417,0.07732534408569336,-0.031000062823295593,0.075234055519104,0.9971659779548645,1.5694211015215842e-06,-0.9971659779548645,0.075234055519104,6.951077580197307e-07,0.2969462275505066,-0.022305533289909363,-0.031000152230262756,0.5402269959449768,0.17695622146129608,-0.03099997341632843
155,-1.8542487621307373,-0.963716983795166,-1.0785057544708252,0.6562737226486206,0.5202798247337341,-0.5698225498199463,2.1736655235290527,0.7306552529335022,-0.4410591423511505,-0.24879956245422363,-0.47437772154808044,-0.17113454639911652,0.3028382956981659,0.012184971012175083,0.00135548016987741,0.3776076138019562,1.543581485748291,0.8978121876716614,3.1956560611724854,1.577163815498352,1.9805163145065308,-0.1722782552242279,1.613471269607544,0.7313316464424133,0.38322713971138,0.4034463167190552,0.35612642765045166,-0.14591611921787262,0.349376380443573,-0.008262383751571178,-0.018092602491378784,-0.3729628622531891,-0.6618674993515015,0.39632749557495117,0.4283882975578308,0.12006813287734985,-0.9462543725967407,0.3003099858760834,-0.9867894649505615,-0.146895170211792,-0.06832405924797058,-0.09261423349380493,-0.5472989082336426,1.0566034317016602,0.9004743695259094,0.23858630657196045,0.36362409591674805,-0.12186691164970398,-0.6641745567321777,0.7375775575637817,0.4185865521430969,0.07732534408569336,-0.031000062823295593,0.075234055519104,0.997165858745575,1.474449618399376e-06,-0.997165858745575,0.075234055519104,1.4593362038795021e-06,0.2969461977481842,-0.02230551838874817,-0.031000055372714996,0.540226936340332,0.1769562065601349,-0.03100007027387619
156,-1.8799511194229126,-0.9788579344749451,-1.105730414390564,0.644586980342865,0.5405775904655457,-0.5671749114990234,2.173224687576294,0.7306773066520691,-0.436850905418396,-0.25486668944358826,-0.46978747844696045,-0.17344792187213898,0.3000231981277466,0.027424924075603485,-0.006613871548324823,0.3499677777290344,1.5699893236160278,0.9230433106422424,3.216993570327759,1.5647611618041992,2.0054357051849365,-0.1715940237045288,1.610372543334961,0.7313405275344849,0.3790859580039978,0.4074374735355377,0.3523586690425873,-0.15611155331134796,0.34815219044685364,0.016964126378297806,-0.04122928902506828,-0.35128092765808105,-0.6593952178955078,0.4214358329772949,0.40456852316856384,0.0757341980934143,-0.939282238483429,0.3346838057041168,-0.9881183505058289,-0.1157149076461792,-0.10115411132574081,-0.06902611255645752,-0.5401692390441895,1.0563807487487793,0.8871445059776306,0.2932147681713104,0.35637015104293823,-0.08078103512525558,-0.6616264581680298,0.7454695105552673,0.4185866117477417,0.07732534408569336,-0.031000062823295593,0.075234055519104,0.9971659779548645,1.573286112943606e-06,-0.9971659779548645,0.075234055519104,7.518384563809377e-07,0.296946257352829,-0.022305533289909363,-0.031000148504972458,0.5402269959449768,0.17695622146129608,-0.03099997714161873
157,-1.9023491144180298,-0.9969890713691711,-1.1302717924118042,0.6309003233909607,0.5615289211273193,-0.5584160685539246,2.173811912536621,0.7308103442192078,-0.35429200530052185,-0.2856365144252777,-0.4130508303642273,-0.22223883867263794,0.3072469234466553,0.12100519239902496,0.008039036765694618,0.19716186821460724,1.5924725532531738,0.9495875239372253,3.2344138622283936,1.5473929643630981,2.0290589332580566,-0.16041399538516998,1.6041209697723389,0.7313545346260071,0.32230401039123535,0.4169186055660248,0.28271666169166565,-0.2335534542798996,0.3307267129421234,0.16075094044208527,-0.08464184403419495,-0.40725842118263245,-0.6553951501846313,0.4393134117126465,0.3807942867279053,0.042187511920928955,-0.9273334741592407,0.3718505799770355,-0.9861315488815308,-0.09844183921813965,-0.1336180567741394,-0.04615873098373413,-0.532414436340332,1.0557880401611328,0.874900221824646,0.34325340390205383,0.3416529595851898,-0.0371028296649456,-0.6558734178543091,0.7539582848548889,0.4185865521430969,0.07732534408569336,-0.03100006654858589,0.075234055519104,0.997165858745575,1.504127567386604e-06,-0.997165858745575,0.075234055519104,1.508881496192771e-06,0.2969461679458618,-0.02230551838874817,-0.031000059098005295,0.540226936340332,0.1769562065601349,-0.03100007399916649
158,-1.919092059135437,-1.0162979364395142,-1.15127694606781,0.6149707436561584,0.5834723711013794,-0.5463829040527344,2.176854372024536,0.7309343218803406,-0.25223296880722046,-0.29289510846138,-0.3494240641593933,-0.2622314691543579,0.3196577727794647,0.17046469449996948,0.04269448295235634,0.06010601297020912,1.6100994348526,0.9763391613960266,3.2472832202911377,1.5270721912384033,2.0516250133514404,-0.14435842633247375,1.598868489265442,0.7313272953033447,0.25168105959892273,0.4202359914779663,0.20582231879234314,-0.27467602491378784,0.31630176305770874,0.2262052595615387,-0.0707266628742218,-0.3788166046142578,-0.6506474018096924,0.4486575126647949,0.35776472091674805,0.01945781707763672,-0.9112128615379333,0.411476194858551,-0.9817407727241516,-0.09530484676361084,-0.16462764143943787,-0.026498258113861084,-0.5243334770202637,1.054450511932373,0.8620580434799194,0.3875342011451721,0.3266085982322693,0.0026143640279769897,-0.6478322744369507,0.7617785334587097,0.4185866117477417,0.07732534408569336,-0.031000062823295593,0.075234055519104,0.9971659779548645,1.6490056395923602e-06,-0.9971659779548645,0.075234055519104,7.598681577292155e-07,0.2969462275505066,-0.022305533289909363,-0.031000155955553055,0.5402269959449768,0.17695622146129608,-0.03099996969103813
159,-1.9294346570968628,-1.0359673500061035,-1.1687852144241333,0.5971993207931519,0.6064242720603943,-0.5326732397079468,2.182837724685669,0.7310115694999695,-0.14131461083889008,-0.29060792922973633,-0.2882450819015503,-0.29656484723091125,0.3327751159667969,0.19711318612098694,0.08416282385587692,0.001661364221945405,1.6227612495422363,1.0031830072402954,3.25551438331604,1.5050901174545288,2.0733296871185303,-0.12611325085163116,1.5966483354568481,0.7312842607498169,0.18047276139259338,0.4212692975997925,0.12984681129455566,-0.29824838042259216,0.3045259118080139,0.25483471155166626,-0.028566302731633186,-0.33108291029930115,-0.6456887722015381,0.44979333877563477,0.33597132563591003,0.006049513816833496,-0.8914219737052917,0.4531340003013611,-0.9754906296730042,-0.10493505001068115,-0.19340863823890686,-0.010958671569824219,-0.5159978866577148,1.0525016784667969,0.8481037616729736,0.4264093041419983,0.31447580456733704,0.035764504224061966,-0.6382609605789185,0.768988847732544,0.4185865521430969,0.07732534408569336,-0.03100006654858589,0.075234055519104,0.997165858745575,1.5123696357477456e-06,-0.997165858745575,0.075234055519104,1.5565822195640067e-06,0.2969461679458618,-0.02230551838874817,-0.031000051647424698,0.540226936340332,0.1769562065601349,-0.031000081449747086
160,-1.9373286962509155,-1.052781581878662,-1.1864182949066162,0.5782955884933472,0.6292970180511475,-0.5224636793136597,2.1953341960906982,0.7309989333152771,-0.1254854053258896,-0.25266924500465393,-0.3039023280143738,-0.30573809146881104,0.333741694688797,0.1436927169561386,0.17524798214435577,-0.006600232794880867,1.6341757774353027,1.0292209386825562,3.262153148651123,1.4838956594467163,2.096022129058838,-0.11378662288188934,1.603654384613037,0.7312263250350952,0.1640898734331131,0.40878766775131226,0.10906270891427994,-0.2885362207889557,0.31944942474365234,0.17219151556491852,0.0997726246714592,-0.23811745643615723,-0.640252947807312,0.44879627227783203,0.3140687346458435,-0.010450482368469238,-0.8680390119552612,0.49638617038726807,-0.9681130647659302,-0.11547374725341797,-0.22231271862983704,0.0010119080543518066,-0.5080842971801758,1.0494213104248047,0.8278471827507019,0.46524399518966675,0.31339597702026367,0.06094534695148468,-0.6299734115600586,0.7742215394973755,0.4185866117477417,0.07732534408569336,-0.031000062823295593,0.07523423433303833,0.997165858745575,1.6456483535876032e-06,-0.997165858745575,0.07523423433303833,8.310921657539438e-07,0.2969462275505066,-0.022305496037006378,-0.031000148504972458,0.5402269959449768,0.1769561767578125,-0.03099997714161873
161,-1.9460530281066895,-1.0659679174423218,-1.2057929039001465,0.5595400333404541,0.6515030264854431,-0.5189269781112671,2.213796377182007,0.7309508323669434,-0.15194575488567352,-0.2021886706352234,-0.3339602053165436,-0.29481005668640137,0.32471320033073425,0.046373117715120316,0.2584569752216339,0.05610458180308342,1.6453258991241455,1.0533607006072998,3.268650770187378,1.4654961824417114,2.1201703548431396,-0.11176891624927521,1.6194217205047607,0.7311471700668335,0.16043391823768616,0.3793664276599884,0.1029832512140274,-0.25048795342445374,0.3405395448207855,0.02749478816986084,0.2211662381887436,-0.012437042780220509,-0.634042501449585,0.45032405853271484,0.2917640209197998,-0.03758859634399414,-0.8415195345878601,0.538917601108551,-0.9603964686393738,-0.11857879161834717,-0.25214651226997375,0.009414315223693848,-0.5011310577392578,1.0451321601867676,0.8008012771606445,0.502859890460968,0.3253448009490967,0.07684594392776489,-0.6249864101409912,0.776844322681427,0.4185865521430969,0.07732534408569336,-0.03100006654858589,0.075234055519104,0.997165858745575,1.5415428151754895e-06,-0.997165858745575,0.075234055519104,1.620931584511709e-06,0.2969461679458618,-0.02230551838874817,-0.0310000479221344,0.540226936340332,0.1769562065601349,-0.031000085175037384
162,-1.9560266733169556,-1.0795940160751343,-1.2253901958465576,0.5424527525901794,0.6735105514526367,-0.5190417766571045,2.2327945232391357,0.730897843837738,-0.17493242025375366,-0.21271099150180817,-0.3330300450325012,-0.26273781061172485,0.3197233974933624,-0.005391621962189674,0.265617698431015,0.11108914017677307,1.6561076641082764,1.0747926235198975,3.2741363048553467,1.4515066146850586,2.1446542739868164,-0.11152717471122742,1.6367605924606323,0.731137216091156,0.1565449833869934,0.3421722948551178,0.08831580728292465,-0.1816108375787735,0.34317871928215027,0.004466695711016655,0.24335235357284546,-0.011355798691511154,-0.6272834539413452,0.4540390968322754,0.2705647647380829,-0.07058322429656982,-0.8119274973869324,0.5794755220413208,-0.9528064727783203,-0.11707496643066406,-0.2800954580307007,0.01629728078842163,-0.49393653869628906,1.0416786670684814,0.7707703113555908,0.5392276048660278,0.3393327593803406,0.08990254998207092,-0.6193331480026245,0.779964029788971,0.4185866117477417,0.07732534408569336,-0.031000062823295593,0.07523423433303833,0.997165858745575,1.5370558230642928e-06,-0.997165858745575,0.07523423433303833,5.774934379587648e-07,0.296946257352829,-0.022305496037006378,-0.03100016340613365,0.5402269959449768,0.1769561767578125,-0.030999962240457535
163,-1.9689719676971436,-1.0963618755340576,-1.244657039642334,0.5292434692382812,0.6950727701187134,-0.5215312242507935,2.2484519481658936,0.7308377027511597,-0.23995079100131989,-0.2649889886379242,-0.33104628324508667,-0.18674422800540924,0.312178373336792,-0.04436754062771797,0.21899835765361786,0.174174502491951,1.6679348945617676,1.0918341875076294,3.2793478965759277,1.446219563484192,2.1690454483032227,-0.10771182924509048,1.6510283946990967,0.7311971783638,0.173722505569458,0.28543031215667725,0.09115356206893921,-0.04506571218371391,0.3388798236846924,0.05918465927243233,0.19990301132202148,0.0005338690243661404,-0.6203083992004395,0.4615020751953125,0.2518024742603302,-0.10750734806060791,-0.7794171571731567,0.6172123551368713,-0.9464301466941833,-0.10989904403686523,-0.30363190174102783,0.024006187915802002,-0.4844064712524414,1.0414512157440186,0.739159882068634,0.577416718006134,0.3467458188533783,0.1059146374464035,-0.6080619096755981,0.7867929339408875,0.4185865521430969,0.07732534408569336,-0.03100006654858589,0.075234055519104,0.997165858745575,1.5570573168588453e-06,-0.997165858745575,0.075234055519104,1.6676598306730739e-06,0.2969461679458618,-0.02230551838874817,-0.0310000441968441,0.540226936340332,0.1769562065601349,-0.031000088900327682
164,-1.9832446575164795,-1.1153855323791504,-1.261825442314148,0.519263744354248,0.7153374552726746,-0.5238466858863831,2.262418031692505,0.7308715581893921,-0.2420559972524643,-0.29125773906707764,-0.2860977053642273,-0.14458489418029785,0.29116037487983704,-0.03820367157459259,0.1951790153980255,0.133636012673378,1.6786116361618042,1.1071159839630127,3.2833313941955566,1.4440317153930664,2.193565845489502,-0.09991084784269333,1.6627449989318848,0.7312118411064148,0.15594609081745148,0.2534360885620117,0.06772954761981964,-0.009397854097187519,0.34163472056388855,0.11240347474813461,0.16496233642101288,-0.016819605603814125,-0.6136001348495483,0.4698367118835449,0.23609808087348938,-0.14260852336883545,-0.7442750334739685,0.6524702906608582,-0.9412156343460083,-0.10197842121124268,-0.3220459818840027,0.03157246112823486,-0.47367429733276367,1.0427513122558594,0.7072435617446899,0.6146873235702515,0.34923645853996277,0.12273670732975006,-0.5932459831237793,0.7956099510192871,0.4185866117477417,0.07732534408569336,-0.031000062823295593,0.07523423433303833,0.997165858745575,1.5456998880836181e-06,-0.997165858745575,0.07523423433303833,6.373373366841406e-07,0.296946257352829,-0.022305496037006378,-0.031000159680843353,0.5402269959449768,0.1769561767578125,-0.030999965965747833
165,-1.99456787109375,-1.1361953020095825,-1.272602915763855,0.5102402567863464,0.7344686985015869,-0.5224066972732544,2.2757785320281982,0.7309978008270264,-0.16280312836170197,-0.3077586889266968,-0.16700854897499084,-0.14358417689800262,0.27212926745414734,0.02164439484477043,0.1872166395187378,-0.0026809710543602705,1.6862612962722778,1.1233644485473633,3.283146858215332,1.4374114274978638,2.218230962753296,-0.08654392510652542,1.6735659837722778,0.7311881184577942,0.11325625330209732,0.2572993040084839,-0.008043819107115269,-0.08513569086790085,0.3457224667072296,0.1859983652830124,0.1520499438047409,-0.0031369482167065144,-0.6080862283706665,0.4729127883911133,0.224919855594635,-0.16577184200286865,-0.708466112613678,0.6859996318817139,-0.9371356964111328,-0.10343670845031738,-0.33328306674957275,0.0371127724647522,-0.46407604217529297,1.0434577465057373,0.675869345664978,0.6483464241027832,0.35049617290496826,0.1376030594110489,-0.5781996250152588,0.8042082190513611,0.4185865521430969,0.07732534408569336,-0.031000062823295593,0.075234055519104,0.997165858745575,1.559422003083455e-06,-0.997165858745575,0.075234055519104,1.7372074125887593e-06,0.2969461977481842,-0.02230551838874817,-0.031000033020973206,0.540226936340332,0.1769562065601349,-0.03100009262561798
166,-2.001089096069336,-1.1579896211624146,-1.2772908210754395,0.5005007982254028,0.7534275650978088,-0.5176603198051453,2.2893013954162598,0.731065034866333,-0.07771284878253937,-0.31860506534576416,-0.07286078482866287,-0.16290342807769775,0.2688411772251129,0.07193934172391891,0.18941077589988708,-0.012384099885821342,1.6891758441925049,1.1402250528335571,3.27903151512146,1.4270331859588623,2.242605686187744,-0.06926918774843216,1.6834384202957153,0.7311672568321228,0.04308184236288071,0.2655833959579468,-0.06534901261329651,-0.1385112851858139,0.34147003293037415,0.23955091834068298,0.1391439139842987,-0.017356742173433304,-0.603856086730957,0.4693264961242676,0.21737805008888245,-0.1770707368850708,-0.6728630661964417,0.7182627320289612,-0.9336872100830078,-0.11594855785369873,-0.33879825472831726,0.0400925874710083,-0.4558291435241699,1.0436062812805176,0.6470270752906799,0.6766691207885742,0.35138988494873047,0.14838498830795288,-0.5637973546981812,0.8124741911888123,0.4185866117477417,0.07732534408569336,-0.031000062823295593,0.07523423433303833,0.997165858745575,1.5548719147773227e-06,-0.997165858745575,0.07523423433303833,6.899049367348198e-07,0.296946257352829,-0.022305496037006378,-0.031000152230262756,0.5402269959449768,0.1769561767578125,-0.03099997341632843
167,-2.0050745010375977,-1.1795403957366943,-1.280693769454956,0.489983469247818,0.7728234529495239,-0.5132626295089722,2.3040177822113037,0.7310654520988464,-0.05405205860733986,-0.3171479105949402,-0.06833972781896591,-0.17211320996284485,0.2773387134075165,0.06392930448055267,0.20612403750419617,-0.01251920871436596,1.6901183128356934,1.156211018562317,3.2734298706054688,1.4169336557388306,2.2668395042419434,-0.05226593464612961,1.6949286460876465,0.7311551570892334,0.016391852870583534,0.25399094820022583,-0.08426332473754883,-0.1309202015399933,0.33919650316238403,0.2368595004081726,0.16150714457035065,-0.017712745815515518,-0.5999001264572144,0.4631838798522949,0.21052542328834534,-0.18627524375915527,-0.6358839869499207,0.7489680051803589,-0.9299349188804626,-0.13188838958740234,-0.3432585299015045,0.041486501693725586,-0.44813108444213867,1.0437753200531006,0.6173262596130371,0.7027428150177002,0.3536394536495209,0.1558723747730255,-0.5498650074005127,0.8205804228782654,0.4185865521430969,0.07732534408569336,-0.031000062823295593,0.075234055519104,0.997165858745575,1.4409988580155186e-06,-0.997165858745575,0.075234055519104,1.4437129038924468e-06,0.2969461977481842,-0.02230551838874817,-0.031000055372714996,0.540226936340332,0.1769562065601349,-0.03100007027387619
168,-2.0086300373077393,-1.2007455825805664,-1.285659670829773,0.4789096713066101,0.7928656339645386,-0.5102277398109436,2.3197388648986816,0.7310442328453064,-0.053785283118486404,-0.31356894969940186,-0.09860392659902573,-0.18071645498275757,0.2878636121749878,0.04343383014202118,0.22020672261714935,-0.010664437897503376,1.6894489526748657,1.1711649894714355,3.2678754329681396,1.4087616205215454,2.2907516956329346,-0.036243338137865067,1.7071338891983032,0.7311558127403259,-0.00810222141444683,0.24294070899486542,-0.07811596244573593,-0.09965363889932632,0.33405789732933044,0.22446739673614502,0.1716432124376297,-0.017253775149583817,-0.5955890417098999,0.4568805694580078,0.2027592957019806,-0.19831466674804688,-0.5963671207427979,0.7778286933898926,-0.9254531860351562,-0.14743947982788086,-0.34899580478668213,0.04224509000778198,-0.44008779525756836,1.0444087982177734,0.587401270866394,0.7270985841751099,0.3553694784641266,0.1612207591533661,-0.53544020652771,0.8290426731109619,0.4185866117477417,0.07732534408569336,-0.031000062823295593,0.07523423433303833,0.997165858745575,1.5764981071697548e-06,-0.997165858745575,0.07523423433303833,7.439756473104353e-07,0.2969462275505066,-0.022305496037006378,-0.031000148504972458,0.5402269959449768,0.1769561767578125,-0.03099997714161873
169,-2.012760639190674,-1.2215063571929932,-1.2935101985931396,0.4672585725784302,0.8136242628097534,-0.5088465213775635,2.336228370666504,0.7310115098953247,-0.06684929877519608,-0.30824926495552063,-0.14649249613285065,-0.18991997838020325,0.2996661365032196,0.01857217773795128,0.2310434877872467,-0.0030915800016373396,1.687602162361145,1.1853371858596802,3.263366222381592,1.4031498432159424,2.3142290115356445,-0.02157438173890114,1.7195062637329102,0.7311646342277527,-0.026078423485159874,0.23631660640239716,-0.058272138237953186,-0.05959273502230644,0.32753700017929077,0.2068532407283783,0.1739291548728943,-0.01722601428627968,-0.5906035900115967,0.4512653350830078,0.19328701496124268,-0.21517741680145264,-0.5538763999938965,0.804313063621521,-0.9199968576431274,-0.16129302978515625,-0.3571978807449341,0.04304945468902588,-0.43108320236206055,1.0456531047821045,0.5576297044754028,0.7501955032348633,0.35532495379447937,0.16539810597896576,-0.519888162612915,0.8380690813064575,0.4185865521430969,0.07732534408569336,-0.03100006654858589,0.075234055519104,0.997165858745575,1.5014279597380664e-06,-0.997165858745575,0.075234055519104,1.489810870225483e-06,0.2969461977481842,-0.02230551838874817,-0.031000059098005295,0.540226936340332,0.1769562065601349,-0.03100007399916649
170,-2.0178563594818115,-1.241965413093567,-1.3035918474197388,0.4553925693035126,0.8347527384757996,-0.5087555050849915,2.3530828952789307,0.7310060858726501,-0.08264244347810745,-0.30402883887290955,-0.17794400453567505,-0.1914031058549881,0.3047091066837311,-5.329409032128751e-05,0.23609228432178497,-0.009055526927113533,1.6854791641235352,1.1990394592285156,3.2599496841430664,1.3996256589889526,2.337480306625366,-0.008026912808418274,1.731926441192627,0.7311729788780212,-0.02959657646715641,0.2309930920600891,-0.041794680058956146,-0.029003838077187538,0.32429128885269165,0.19167326390743256,0.17456741631031036,-0.014310057274997234,-0.5850551128387451,0.4463839530944824,0.1826934814453125,-0.2358415126800537,-0.5088832378387451,0.8278989791870117,-0.9138941764831543,-0.17352283000946045,-0.3669975996017456,0.044145047664642334,-0.42109012603759766,1.0473597049713135,0.5274363160133362,0.772628903388977,0.35334908962249756,0.16917946934700012,-0.5030875205993652,0.847514808177948,0.4185866117477417,0.07732534408569336,-0.031000062823295593,0.07523423433303833,0.997165858745575,1.5947872498145443e-06,-0.997165858745575,0.07523423433303833,7.871370826251223e-07,0.2969462275505066,-0.022305496037006378,-0.03100014477968216,0.5402269959449768,0.1769561767578125,-0.030999980866909027
171,-2.0235307216644287,-1.2623252868652344,-1.3142940998077393,0.4436592161655426,0.855904757976532,-0.5091346502304077,2.3699891567230225,0.7310069799423218,-0.08801943808794022,-0.3018556535243988,-0.18203017115592957,-0.18882033228874207,0.3041481077671051,-0.0059786527417600155,0.23681621253490448,-0.001823924481868744,1.683854579925537,1.2126672267913818,3.2569198608398438,1.3967002630233765,2.3607959747314453,0.0050330082885921,1.7446517944335938,0.731175422668457,-0.020948955789208412,0.22852517664432526,-0.03929455205798149,-0.022378498688340187,0.32548758387565613,0.18433919548988342,0.17888756096363068,-0.013513858430087566,-0.5792975425720215,0.4415707588195801,0.17212972044944763,-0.25766289234161377,-0.462335467338562,0.8484431505203247,-0.90760737657547,-0.18540465831756592,-0.3766615390777588,0.04531848430633545,-0.41063928604125977,1.0491271018981934,0.4958866834640503,0.7946323752403259,0.3502223789691925,0.17280112206935883,-0.4855325222015381,0.8569701910018921,0.4185865521430969,0.07732534408569336,-0.03100006654858589,0.075234055519104,0.997165858745575,1.5131010968616465e-06,-0.997165858745575,0.075234055519104,1.5520434999416466e-06,0.2969461977481842,-0.02230551838874817,-0.031000055372714996,0.540226936340332,0.1769562065601349,-0.031000077724456787
172,-2.0297927856445312,-1.2825804948806763,-1.325484275817871,0.4320884048938751,0.8770038485527039,-0.5098580121994019,2.386829137802124,0.7310063242912292,-0.09749785810709,-0.3003862202167511,-0.18924380838871002,-0.185909241437912,0.30349841713905334,-0.01124617550522089,0.23585307598114014,-0.00927285198122263,1.6829116344451904,1.2261475324630737,3.254265785217285,1.3941727876663208,2.3841946125030518,0.017634836956858635,1.7574487924575806,0.7311810255050659,-0.011261763982474804,0.2271333932876587,-0.032841652631759644,-0.016120625659823418,0.3266308307647705,0.17827123403549194,0.17990869283676147,-0.013774494640529156,-0.5733689069747925,0.43676328659057617,0.16171087324619293,-0.2802165746688843,-0.41454556584358215,0.8658121228218079,-0.9011956453323364,-0.19706344604492188,-0.3860211968421936,0.046588003635406494,-0.399899959564209,1.0508670806884766,0.4630458950996399,0.8159973621368408,0.3460300862789154,0.17636258900165558,-0.4674241542816162,0.8662625551223755,0.4185866117477417,0.07732534408569336,-0.031000062823295593,0.075234055519104,0.9971659779548645,1.6492678014401463e-06,-0.9971659779548645,0.075234055519104,7.970267006385257e-07,0.2969462275505066,-0.022305533289909363,-0.031000152230262756,0.5402269959449768,0.17695622146129608,-0.03099997341632843
173,-2.036628246307373,-1.302790880203247,-1.337079644203186,0.42065611481666565,0.8980371356010437,-0.5106905102729797,2.403489589691162,0.7310076951980591,-0.10505992919206619,-0.2995968163013458,-0.194048210978508,-0.18408504128456116,0.3022835850715637,-0.012595768086612225,0.23329170048236847,-0.011515079997479916,1.6825567483901978,1.23967707157135,3.252032518386841,1.3917819261550903,2.4076428413391113,0.030032800510525703,1.7700426578521729,0.7311875820159912,-0.0029875272884964943,0.22878465056419373,-0.0262686088681221,-0.013731592334806919,0.3273756802082062,0.1756526380777359,0.17707890272140503,-0.014158857986330986,-0.5672988891601562,0.4318275451660156,0.1515248715877533,-0.30305612087249756,-0.3657364845275879,0.8799965381622314,-0.8946859836578369,-0.20879745483398438,-0.39489343762397766,0.04802083969116211,-0.38883352279663086,1.0525343418121338,0.42925339937210083,0.8365437984466553,0.3404940366744995,0.17999480664730072,-0.44866442680358887,0.8753869533538818,0.4185865521430969,0.07732534408569336,-0.031000062823295593,0.075234055519104,0.997165858745575,1.5344172652476118e-06,-0.997165858745575,0.075234055519104,1.585088739375351e-06,0.2969461679458618,-0.02230551838874817,-0.0310000479221344,0.540226936340332,0.1769562065601349,-0.031000077724456787
174,-2.0443367958068848,-1.3229663372039795,-1.3492276668548584,0.4094734489917755,0.9189056754112244,-0.5117102861404419,2.419839382171631,0.7309970259666443,-0.12002565711736679,-0.2990667223930359,-0.20212775468826294,-0.17863056063652039,0.3001643419265747,-0.01613989844918251,0.2289770394563675,-0.007294385228306055,1.6830542087554932,1.2531808614730835,3.250462532043457,1.3897477388381958,2.431183099746704,0.04214951768517494,1.7822078466415405,0.731196403503418,0.009263675659894943,0.22948677837848663,-0.01534400973469019,-0.007588068954646587,0.3286243677139282,0.17221930623054504,0.1711360216140747,-0.01752607151865959,-0.5610834360122681,0.42703771591186523,0.14154863357543945,-0.32619595527648926,-0.3160448670387268,0.8909050822257996,-0.8881840705871582,-0.22017014026641846,-0.40330421924591064,0.049770236015319824,-0.37733888626098633,1.0541553497314453,0.39447253942489624,0.856275737285614,0.33344152569770813,0.18395371735095978,-0.42910802364349365,0.8843231201171875,0.4185866117477417,0.07732534408569336,-0.031000062823295593,0.07523423433303833,0.997165858745575,1.6645321920805145e-06,-0.997165858745575,0.07523423433303833,8.632722483525868e-07,0.2969462275505066,-0.022305496037006378,-0.03100014477968216,0.5402269959449768,0.1769561767578125,-0.030999980866909027
175,-2.052860975265503,-1.343177318572998,-1.361781120300293,0.39852046966552734,0.939602792263031,-0.5126099586486816,2.4357523918151855,0.7309972643852234,-0.1306922733783722,-0.29940706491470337,-0.2067055106163025,-0.17556904256343842,0.2975147068500519,-0.014183606021106243,0.22286835312843323,-0.00894177332520485,1.68423330783844,1.2669216394424438,3.249546527862549,1.387704849243164,2.454765796661377,0.05433496832847595,1.7936241626739502,0.7312057018280029,0.018665844574570656,0.23421354591846466,-0.005078503396362066,-0.007148161996155977,0.3294116258621216,0.17343606054782867,0.16048002243041992,-0.0186952855437994,-0.5547821521759033,0.42220115661621094,0.13192524015903473,-0.34904563426971436,-0.26571887731552124,0.8986438512802124,-0.8817533254623413,-0.23157060146331787,-0.410957932472229,0.051866114139556885,-0.36536741256713867,1.0556654930114746,0.3591896891593933,0.8749911785125732,0.32461225986480713,0.18831002712249756,-0.4086207151412964,0.8930668830871582,0.4185865521430969,0.07732534408569336,-0.03100006654858589,0.07523393630981445,0.9971659779548645,1.5586022072966443e-06,-0.9971659779548645,0.07523393630981445,1.6278432894978323e-06,0.2969461679458618,-0.022305548191070557,-0.031000051647424698,0.540226936340332,0.17695623636245728,-0.031000081449747086
176,-2.061892032623291,-1.3633931875228882,-1.3746367692947388,0.38758885860443115,0.9602316617965698,-0.5131818056106567,2.451263666152954,0.7309955358505249,-0.13596974313259125,-0.2992880344390869,-0.20987798273563385,-0.1766013354063034,0.29645878076553345,-0.009238340891897678,0.2172066569328308,0.007584710605442524,1.6860073804855347,1.2811564207077026,3.2491791248321533,1.385246753692627,2.4783477783203125,0.06667482852935791,1.8043842315673828,0.7312132716178894,0.027157356962561607,0.2424766570329666,0.0029334421269595623,-0.012798957526683807,0.3294731080532074,0.17563141882419586,0.15134866535663605,-0.01926915906369686,-0.5484097003936768,0.4169340133666992,0.12269943952560425,-0.3712584972381592,-0.2150358259677887,0.9032866954803467,-0.8752908706665039,-0.2436227798461914,-0.4177486300468445,0.05421411991119385,-0.3529667854309082,1.056948184967041,0.32350409030914307,0.8925358057022095,0.31420543789863586,0.19292595982551575,-0.3873026371002197,0.9015411138534546,0.4185866117477417,0.07732534408569336,-0.031000062823295593,0.07523423433303833,0.997165858745575,1.5345671044997289e-06,-0.997165858745575,0.07523423433303833,5.987564009046764e-07,0.296946257352829,-0.022305496037006378,-0.031000159680843353,0.5402269959449768,0.1769561767578125,-0.030999965965747833
177,-2.0717179775238037,-1.3836230039596558,-1.3879830837249756,0.37671202421188354,0.9807034730911255,-0.5133804678916931,2.4661452770233154,0.7310088276863098,-0.14897601306438446,-0.29941970109939575,-0.21668541431427002,-0.17458508908748627,0.29397404193878174,-0.004270187579095364,0.20836926996707916,-0.013191343285143375,1.688745379447937,1.295928716659546,3.2496514320373535,1.3823938369750977,2.5019588470458984,0.07913929224014282,1.814113736152649,0.7312235832214355,0.04092288017272949,0.25197625160217285,0.016841011121869087,-0.017247410491108894,0.32994529604911804,0.17782902717590332,0.13697317242622375,-0.0200958251953125,-0.5419572591781616,0.4114198684692383,0.1138465404510498,-0.39279139041900635,-0.16420890390872955,0.9048482179641724,-0.8688852787017822,-0.25604963302612305,-0.4236471354961395,0.05699664354324341,-0.3400540351867676,1.0579688549041748,0.28746497631073,0.9089055061340332,0.3020838797092438,0.19813212752342224,-0.3650052547454834,0.9096784591674805,0.41858652234077454,0.07732534408569336,-0.03100006654858589,0.07523393630981445,0.9971659779548645,1.557193854750949e-06,-0.9971659779548645,0.07523393630981445,1.6721535303076962e-06,0.2969461679458618,-0.022305548191070557,-0.0310000441968441,0.5402268767356873,0.17695623636245728,-0.031000088900327682
178,-2.0821430683135986,-1.4039108753204346,-1.4016424417495728,0.3657419681549072,1.0010771751403809,-0.512744665145874,2.480253219604492,0.7310046553611755,-0.15473614633083344,-0.30027419328689575,-0.21952030062675476,-0.17775925993919373,0.29284006357192993,0.007909378968179226,0.197585329413414,-0.006954050622880459,1.692262053489685,1.311667799949646,3.250915765762329,1.378501057624817,2.5255229473114014,0.09213864803314209,1.8224772214889526,0.7312335968017578,0.051703620702028275,0.26763588190078735,0.029152940958738327,-0.03176923841238022,0.32940977811813354,0.18535858392715454,0.1179010272026062,-0.021091658622026443,-0.5354869365692139,0.40529394149780273,0.1055549681186676,-0.4130929708480835,-0.11360825598239899,0.9035747051239014,-0.8625460863113403,-0.26951730251312256,-0.4282227158546448,0.06021183729171753,-0.32660627365112305,1.0585880279541016,0.2516631484031677,0.9239387512207031,0.2881026268005371,0.20395058393478394,-0.34162819385528564,0.9174391627311707,0.4185866117477417,0.07732534408569336,-0.031000062823295593,0.075234055519104,0.9971659779548645,1.5524246919085272e-06,-0.9971659779548645,0.075234055519104,6.53189317745273e-07,0.296946257352829,-0.022305533289909363,-0.031000155955553055,0.5402269959449768,0.17695622146129608,-0.03099996969103813
179,-2.093090534210205,-1.4243083000183105,-1.4155182838439941,0.3546733856201172,1.0213063955307007,-0.5112466216087341,2.493532419204712,0.7309994101524353,-0.1615939885377884,-0.30178946256637573,-0.22126002609729767,-0.1790509819984436,0.29079005122184753,0.020007209852337837,0.1860305368900299,0.00791260227560997,1.696427345275879,1.328291416168213,3.2529470920562744,1.373657464981079,2.5490429401397705,0.1057555228471756,1.8292962312698364,0.7312429547309875,0.06062111258506775,0.28140130639076233,0.04120367020368576,-0.04454687237739563,0.32871246337890625,0.19414016604423523,0.0965263769030571,-0.02123045176267624,-0.5290610790252686,0.39852046966552734,0.09795647859573364,-0.4319535493850708,-0.06351523101329803,0.8996566534042358,-0.8563682436943054,-0.28404319286346436,-0.4312226474285126,0.0638076663017273,-0.31261539459228516,1.0588135719299316,0.21641451120376587,0.9375627040863037,0.27228841185569763,0.2102464735507965,-0.31710970401763916,0.9247907996177673,0.4185865521430969,0.07732534408569336,-0.031000062823295593,0.075234055519104,0.997165858745575,1.4224469850887544e-06,-0.997165858745575,0.075234055519104,1.418397687302786e-06,0.2969461977481842,-0.02230551838874817,-0.031000055372714996,0.540226936340332,0.1769562065601349,-0.03100007027387619
180,-2.104325532913208,-1.444859504699707,-1.429389238357544,0.3434278666973114,1.0414204597473145,-0.508640706539154,2.505948305130005,0.7310031652450562,-0.1628587543964386,-0.30414140224456787,-0.21932528913021088,-0.18313823640346527,0.2888074815273285,0.03644079715013504,0.17387598752975464,-0.004729068838059902,1.7009437084197998,1.3459088802337646,3.2555792331695557,1.3675696849822998,2.572467088699341,0.1202472373843193,1.8344005346298218,0.7312512993812561,0.06507381051778793,0.2966034412384033,0.050461746752262115,-0.062133852392435074,0.3275761306285858,0.20644444227218628,0.07239168882369995,-0.022527173161506653,-0.522761344909668,0.3908805847167969,0.09126096963882446,-0.4490489959716797,-0.014270337298512459,0.8933931589126587,-0.8504036664962769,-0.2999807596206665,-0.4322327673435211,0.0676717758178711,-0.29814910888671875,1.0585830211639404,0.18225252628326416,0.9496893882751465,0.2547042965888977,0.21680134534835815,-0.2914813756942749,0.9316844940185547,0.4185866117477417,0.07732534408569336,-0.031000062823295593,0.075234055519104,0.9971659779548645,1.584242568242189e-06,-0.9971659779548645,0.075234055519104,6.97682082773099e-07,0.2969462275505066,-0.022305533289909363,-0.031000155955553055,0.5402269959449768,0.17695622146129608,-0.03099996969103813
181,-2.115304708480835,-1.4657429456710815,-1.4426053762435913,0.3320873975753784,1.0613511800765991,-0.5049313902854919,2.517733573913574,0.7310106158256531,-0.1555747091770172,-0.3092532455921173,-0.20654523372650146,-0.1851949393749237,0.2858504354953766,0.05287256836891174,0.16509057581424713,0.005915678106248379,1.704725742340088,1.3641650676727295,3.2582027912139893,1.3605622053146362,2.595754384994507,0.1359940469264984,1.8377680778503418,0.7312564849853516,0.053223155438899994,0.30478259921073914,0.05033084377646446,-0.07499227672815323,0.3252227306365967,0.22313781082630157,0.04935815930366516,-0.3006344139575958,-0.5167962312698364,0.38220787048339844,0.08589404821395874,-0.46388256549835205,0.033744070678949356,0.8852537274360657,-0.8448400497436523,-0.31753313541412354,-0.43060174584388733,0.07142102718353271,-0.28330135345458984,1.0580530166625977,0.1502063274383545,0.9602437019348145,0.23530864715576172,0.2227996587753296,-0.2647637128829956,0.9382220506668091,0.4185865521430969,0.07732534408569336,-0.031000062823295593,0.075234055519104,0.997165858745575,1.4857542964819004e-06,-0.997165858745575,0.075234055519104,1.46322486216377e-06,0.2969461977481842,-0.02230551838874817,-0.031000059098005295,0.540226936340332,0.1769562065601349,-0.03100006654858589
182,-2.1277754306793213,-1.4865480661392212,-1.4569326639175415,0.3211584687232971,1.0809358358383179,-0.5017010569572449,2.5288050174713135,0.7310101985931396,-0.18726813793182373,-0.3066288232803345,-0.22584941983222961,-0.17267751693725586,0.2806834578514099,0.0435238815844059,0.15503576397895813,-0.011753079481422901,1.71030592918396,1.3822455406188965,3.262237071990967,1.3542799949645996,2.6192545890808105,0.15101037919521332,1.8403348922729492,0.7312659621238708,0.08150329440832138,0.30517199635505676,0.07224911451339722,-0.061356980353593826,0.328438401222229,0.21456873416900635,0.03728700801730156,-0.02189224772155285,-0.5107946395874023,0.37426328659057617,0.08071108162403107,-0.47849130630493164,0.08156159520149231,0.8742960691452026,-0.8397417068481445,-0.3335447311401367,-0.42846426367759705,0.07561856508255005,-0.26787710189819336,1.0572483539581299,0.11691927909851074,0.9695551991462708,0.21515725553035736,0.2292875051498413,-0.23714256286621094,0.9440289735794067,0.4185866117477417,0.07732534408569336,-0.031000062823295593,0.075234055519104,0.9971659779548645,1.573495637785527e-06,-0.9971659779548645,0.075234055519104,7.604524512316857e-07,0.296946257352829,-0.022305533289909363,-0.031000148504972458,0.5402269959449768,0.17695622146129608,-0.03099997714161873
183,-2.137911796569824,-1.508130669593811,-1.4682384729385376,0.3097538948059082,1.1004992723464966,-0.4955725073814392,2.5394108295440674,0.7310336828231812,-0.12786754965782166,-0.3217678666114807,-0.17043277621269226,-0.19419115781784058,0.279619038105011,0.09144101291894913,0.1485096663236618,-0.009526881389319897,1.7118312120437622,1.4017757177352905,3.264336109161377,1.3452954292297363,2.642165184020996,0.16947773098945618,1.8400641679763794,0.7312629222869873,0.016312336549162865,0.32132014632225037,0.042749058455228806,-0.10597887635231018,0.31982576847076416,0.2602638006210327,-0.001346352742984891,-0.3102825880050659,-0.5057203769683838,0.36367034912109375,0.0784393697977066,-0.4885828495025635,0.12645801901817322,0.8633047342300415,-0.8352154493331909,-0.3539997339248657,-0.4208316206932068,0.07881796360015869,-0.25244617462158203,1.0560784339904785,0.09030985832214355,0.9771685600280762,0.19231700897216797,0.2334761619567871,-0.20849788188934326,0.9497461318969727,0.4185865521430969,0.07732534408569336,-0.03100006654858589,0.075234055519104,0.997165858745575,1.5117321936486405e-06,-0.997165858745575,0.075234055519104,1.5139598872337956e-06,0.2969461679458618,-0.02230551838874817,-0.031000059098005295,0.540226936340332,0.1769562065601349,-0.03100007399916649
184,-2.1495323181152344,-1.5295045375823975,-1.4812355041503906,0.2984791696071625,1.1198296546936035,-0.4904124438762665,2.549523115158081,0.7310284972190857,-0.1730867177248001,-0.31448283791542053,-0.2045106142759323,-0.17802058160305023,0.27677252888679504,0.07111896574497223,0.14161773025989532,-0.009685828350484371,1.7158936262130737,1.4207639694213867,3.2681386470794678,1.3372762203216553,2.6654067039489746,0.1865045726299286,1.8399193286895752,0.7312732338905334,0.0603148527443409,0.3183872699737549,0.06892640888690948,-0.08527915924787521,0.32454898953437805,0.24199390411376953,0.0005192108219489455,-0.3238206207752228,-0.5004037618637085,0.3538541793823242,0.07594570517539978,-0.4994063377380371,0.17116066813468933,0.8492922782897949,-0.8307967185974121,-0.37262439727783203,-0.41343414783477783,0.08250880241394043,-0.2367238998413086,1.0545547008514404,0.06096470355987549,0.983588695526123,0.1698136180639267,0.23824849724769592,-0.17955219745635986,0.9544625282287598,0.4185866117477417,0.07732534408569336,-0.031000062823295593,0.075234055519104,0.9971659779548645,1.6479609712405363e-06,-0.9971659779548645,0.075234055519104,7.699476896050328e-07,0.2969462275505066,-0.022305533289909363,-0.031000152230262756,0.5402269959449768,0.17695622146129608,-0.03099997341632843
185,-2.161198139190674,-1.5511634349822998,-1.4935024976730347,0.2874661087989807,1.1389011144638062,-0.4843258857727051,2.559034585952759,0.7310401797294617,-0.1607813537120819,-0.32127106189727783,-0.1867949515581131,-0.18089145421981812,0.2724401354789734,0.08795122057199478,0.1332005262374878,-0.013159504160284996,1.71904718875885,1.4402824640274048,3.2717435359954834,1.3286709785461426,2.6885037422180176,0.20474518835544586,1.8379911184310913,0.7312757968902588,0.04235120862722397,0.32446059584617615,0.06636680662631989,-0.0962350070476532,0.3224702477455139,0.2584284543991089,-0.02460513822734356,-0.3085084855556488,-0.4955613613128662,0.3437643051147461,0.07488928735256195,-0.5081787109375,0.21438366174697876,0.8341426849365234,-0.8271099925041199,-0.39147627353668213,-0.40328067541122437,0.08588671684265137,-0.22057723999023438,1.0527267456054688,0.034154534339904785,0.9887579679489136,0.1455720067024231,0.2420407235622406,-0.1495041847229004,0.958678662776947,0.4185865521430969,0.07732534408569336,-0.03100006654858589,0.07523393630981445,0.9971659779548645,1.5332396969824913e-06,-0.9971659779548645,0.07523393630981445,1.5682874163758243e-06,0.2969461679458618,-0.022305548191070557,-0.031000055372714996,0.540226936340332,0.17695623636245728,-0.031000077724456787
186,-2.1721503734588623,-1.5731614828109741,-1.5046844482421875,0.27637073397636414,1.1578055620193481,-0.4773636758327484,2.568254232406616,0.7310477495193481,-0.14875152707099915,-0.3265020251274109,-0.16960389912128448,-0.18248078227043152,0.2702016532421112,0.10070860385894775,0.12919208407402039,-0.011120841838419437,1.7208184003829956,1.4600530862808228,3.2748734951019287,1.3194754123687744,2.711444854736328,0.22400078177452087,1.834821343421936,0.7312766313552856,0.022036710754036903,0.3270970284938812,0.05914803221821785,-0.10499736666679382,0.3201580345630646,0.272422730922699,-0.041809409856796265,-0.3072386682033539,-0.49115264415740967,0.3329482078552246,0.07538819313049316,-0.5151607990264893,0.2556866407394409,0.8180671334266663,-0.82379150390625,-0.41118431091308594,-0.3902500569820404,0.0888170599937439,-0.20438909530639648,1.0506033897399902,0.00993567705154419,0.9926952123641968,0.12023907899856567,0.24450957775115967,-0.11900663375854492,0.9623161554336548,0.4185866117477417,0.07732534408569336,-0.031000062823295593,0.07523423433303833,0.997165858745575,1.666921434662072e-06,-0.997165858745575,0.07523423433303833,8.524856411895598e-07,0.2969462275505066,-0.022305496037006378,-0.031000148504972458,0.5402269959449768,0.1769561767578125,-0.03099997714161873
187,-2.1822314262390137,-1.5954407453536987,-1.5147433280944824,0.2650788128376007,1.1766419410705566,-0.4694729447364807,2.577256202697754,0.7310534715652466,-0.13341154158115387,-0.33119282126426697,-0.15216228365898132,-0.1871882826089859,0.2688365876674652,0.11472532898187637,0.12608523666858673,-0.01027720421552658,1.7212167978286743,1.480146884918213,3.277423143386841,1.3094732761383057,2.7342023849487305,0.244181826710701,1.8306111097335815,0.7312761545181274,0.0018002474680542946,0.33112332224845886,0.0508885383605957,-0.11713862419128418,0.3175402879714966,0.2850145399570465,-0.05618033558130264,-0.3169703185558319,-0.48710036277770996,0.3213644027709961,0.07743522524833679,-0.5206905603408813,0.2949375808238983,0.8011823892593384,-0.8206176161766052,-0.4317781925201416,-0.37437188625335693,0.09126168489456177,-0.18832826614379883,1.0481345653533936,-0.011760711669921875,0.9954937696456909,0.09409493207931519,0.24562010169029236,-0.08834230899810791,0.9653322696685791,0.4185865521430969,0.07732534408569336,-0.03100006654858589,0.07523393630981445,0.9971659779548645,1.5468367564608343e-06,-0.9971659779548645,0.07523393630981445,1.6243185427811113e-06,0.2969461679458618,-0.022305548191070557,-0.0310000479221344,0.540226936340332,0.17695623636245728,-0.031000085175037384
188,-2.191131114959717,-1.6180815696716309,-1.523254156112671,0.2536444067955017,1.1953566074371338,-0.46068376302719116,2.586183547973633,0.7310598492622375,-0.11385802179574966,-0.3372851610183716,-0.12772472202777863,-0.18992330133914948,0.2670240104198456,0.1281847357749939,0.12504129111766815,-0.013448070734739304,1.719650387763977,1.5003886222839355,3.2790534496307373,1.2988680601119995,2.7567524909973145,0.2653733491897583,1.8253566026687622,0.7312746047973633,-0.027881111949682236,0.3317475914955139,0.03792427480220795,-0.12636461853981018,0.3145107328891754,0.29898470640182495,-0.07074236124753952,-0.32686856389045715,-0.4834367036819458,0.30907678604125977,0.08120568096637726,-0.5247817039489746,0.33190611004829407,0.7838639616966248,-0.8175158500671387,-0.4531298875808716,-0.3554452359676361,0.09310990571975708,-0.17247724533081055,1.0454177856445312,-0.03031456470489502,0.9972876310348511,0.06706920266151428,0.2451067864894867,-0.05763435363769531,0.9677814245223999,0.4185866117477417,0.07732534408569336,-0.031000062823295593,0.07523423433303833,0.997165858745575,1.5440481320183608e-06,-0.997165858745575,0.07523423433303833,5.856161351402989e-07,0.296946257352829,-0.022305496037006378,-0.03100016340613365,0.5402269959449768,0.1769561767578125,-0.030999962240457535
189,-2.198014259338379,-1.6412674188613892,-1.5290343761444092,0.24226395785808563,1.2138268947601318,-0.45106273889541626,2.595472574234009,0.7310659885406494,-0.0807834044098854,-0.34637293219566345,-0.08536772429943085,-0.1899907886981964,0.2629236578941345,0.14142438769340515,0.1300695240497589,-0.01022821944206953,1.7145562171936035,1.5203359127044678,3.2788422107696533,1.2881429195404053,2.779027223587036,0.28783562779426575,1.8191510438919067,0.7312697768211365,-0.081313356757164,0.3239786624908447,0.011543290689587593,-0.1294531524181366,0.3104225993156433,0.31648075580596924,-0.08402905613183975,-0.32092854380607605,-0.48031532764434814,0.29610395431518555,0.0871499627828598,-0.5271499156951904,0.3661414086818695,0.7668462991714478,-0.8144357204437256,-0.47521257400512695,-0.3329673707485199,0.09403157234191895,-0.15700626373291016,1.0427086353302002,-0.044257521629333496,0.9982602000236511,0.03896099328994751,0.24223273992538452,-0.027112483978271484,0.969839334487915,0.41858652234077454,0.07732534408569336,-0.03100006654858589,0.07523393630981445,0.9971659779548645,1.5603528709107195e-06,-0.9971659779548645,0.07523393630981445,1.660940711190051e-06,0.2969461679458618,-0.022305548191070557,-0.0310000479221344,0.5402268767356873,0.17695623636245728,-0.031000085175037384
190,-2.2027041912078857,-1.665651798248291,-1.5318999290466309,0.2321925163269043,1.2325094938278198,-0.4405584931373596,2.604072332382202,0.7310804128646851,-0.049753040075302124,-0.3649757206439972,-0.04087347909808159,-0.1666519045829773,0.26419082283973694,0.15470115840435028,0.1204095259308815,0.027615822851657867,1.7061671018600464,1.5390293598175049,3.274779796600342,1.2781968116760254,2.800139904022217,0.3114592730998993,1.8125228881835938,0.7312620878219604,-0.12013109773397446,0.3002329468727112,-0.058245353400707245,-0.11990244686603546,0.29370731115341187,0.3317156732082367,-0.08998090773820877,-0.29931485652923584,-0.4780052900314331,0.28310585021972656,0.09542928636074066,-0.5273014307022095,0.3980916142463684,0.7506507039070129,-0.8116855025291443,-0.4972282648086548,-0.3064815402030945,0.0926358699798584,-0.1422262191772461,1.0404901504516602,-0.053475379943847656,0.9985188245773315,0.010028899647295475,0.23556900024414062,0.0028547048568725586,0.971853494644165,0.4185866117477417,0.07732534408569336,-0.031000062823295593,0.075234055519104,0.9971659779548645,1.5590010207233718e-06,-0.9971659779548645,0.075234055519104,6.406559691640723e-07,0.296946257352829,-0.022305533289909363,-0.031000159680843353,0.5402269959449768,0.17695622146129608,-0.030999965965747833
191,-2.204927444458008,-1.6919893026351929,-1.5303163528442383,0.2262292206287384,1.2513726949691772,-0.4292440116405487,2.610523223876953,0.7311192154884338,-0.01930088736116886,-0.3938261866569519,0.029645642265677452,-0.09299209713935852,0.2645222246646881,0.16601017117500305,0.09045780450105667,-0.008346542716026306,1.6935259103775024,1.5538444519042969,3.2635295391082764,1.2716915607452393,2.8185105323791504,0.3365614712238312,1.8050416707992554,0.7312475442886353,-0.17114484310150146,0.23110219836235046,-0.18079614639282227,-0.07400453090667725,0.25489628314971924,0.35214659571647644,-0.10302263498306274,-0.020109927281737328,-0.47750258445739746,0.27190399169921875,0.10668443143367767,-0.5228749513626099,0.428188681602478,0.7370592951774597,-0.8107953667640686,-0.5167015790939331,-0.27501022815704346,0.086833655834198,-0.12842321395874023,1.0398707389831543,-0.0552523136138916,0.9982665777206421,-0.020272254943847656,0.22275137901306152,0.032115399837493896,0.9743461608886719,0.4185865521430969,0.07732534408569336,-0.031000062823295593,0.075234055519104,0.997165858745575,1.4183530083755613e-06,-0.997165858745575,0.075234055519104,1.4110731854088954e-06,0.2969461977481842,-0.02230551838874817,-0.031000055372714996,0.540226936340332,0.1769562065601349,-0.03100007027387619
192,-2.2011594772338867,-1.7197191715240479,-1.5216959714889526,0.22358998656272888,1.2712793350219727,-0.414963036775589,2.6147804260253906,0.7311328649520874,0.08208699524402618,-0.4176265597343445,0.13454677164554596,-0.05542903393507004,0.2795829772949219,0.2119668871164322,0.05973900109529495,-0.010256543755531311,1.6756374835968018,1.5658903121948242,3.2443888187408447,1.2650843858718872,2.8319194316864014,0.36348456144332886,1.7966670989990234,0.7312142252922058,-0.24530604481697083,0.18049243092536926,-0.29969531297683716,-0.08659546077251434,0.18582464754581451,0.3751879036426544,-0.11601382493972778,-0.018092352896928787,-0.4784865379333496,0.26043224334716797,0.12213626503944397,-0.5139601230621338,0.45431116223335266,0.7276307940483093,-0.8096479177474976,-0.5371531248092651,-0.23651008307933807,0.07673627138137817,-0.11700725555419922,1.040191888809204,-0.04570305347442627,0.9976918697357178,-0.050222884863615036,0.2046927660703659,0.058561623096466064,0.9770729541778564,0.4185866117477417,0.07732534408569336,-0.031000062823295593,0.075234055519104,0.9971659779548645,1.565888283039385e-06,-0.9971659779548645,0.075234055519104,6.975998303460074e-07,0.2969462275505066,-0.022305533289909363,-0.031000152230262756,0.5402269959449768,0.17695622146129608,-0.03099997341632843
193,-2.193789482116699,-1.748534917831421,-1.5090018510818481,0.22597460448741913,1.2922053337097168,-0.3992813527584076,2.615567922592163,0.7311666011810303,0.11924479901790619,-0.4305344223976135,0.19407311081886292,0.03504524007439613,0.2902814745903015,0.22953692078590393,0.011165558360517025,0.02424539066851139,1.655362844467163,1.5722472667694092,3.220216989517212,1.2613903284072876,2.838899612426758,0.39113447070121765,1.7884008884429932,0.7311829924583435,-0.2737679183483124,0.08549943566322327,-0.3756675720214844,-0.04775477945804596,0.09573417156934738,0.3854449689388275,-0.1146300807595253,-0.014987943693995476,-0.4808386564254761,0.2508878707885742,0.1400861293077469,-0.501250147819519,0.4789394736289978,0.7206699848175049,-0.8089333176612854,-0.5550506114959717,-0.19376735389232635,0.06408923864364624,-0.10765838623046875,1.0417869091033936,-0.027161717414855957,0.9965218901634216,-0.07878086715936661,0.18485493957996368,0.08245790004730225,0.9793004989624023,0.4185865521430969,0.07732534408569336,-0.031000062823295593,0.075234055519104,0.997165858745575,1.4909272749719094e-06,-0.997165858745575,0.075234055519104,1.4535055470332736e-06,0.2969461977481842,-0.02230551838874817,-0.031000059098005295,0.540226936340332,0.1769562065601349,-0.03100006654858589
194,-2.1880719661712646,-1.7780256271362305,-1.4928971529006958,0.23431824147701263,1.3103039264678955,-0.3794705867767334,2.608978509902954,0.7312600016593933,0.07454707473516464,-0.43873685598373413,0.250810444355011,0.1435394436120987,0.2473931610584259,0.28562653064727783,-0.09200091660022736,-0.015651099383831024,1.6332318782806396,1.5772911310195923,3.1939358711242676,1.25529944896698,2.839893102645874,0.4197195768356323,1.7702436447143555,0.7311607003211975,-0.307202011346817,0.072957843542099,-0.3951397240161896,-0.0867631807923317,0.01236475259065628,0.3980215787887573,-0.253705769777298,0.007828343659639359,-0.48563694953918457,0.24658584594726562,0.1613122820854187,-0.4775545597076416,0.5023916959762573,0.720794141292572,-0.8123376965522766,-0.565032958984375,-0.14437921345233917,0.051117658615112305,-0.10035848617553711,1.042961597442627,0.009636342525482178,0.9942575693130493,-0.10657839477062225,0.1665245145559311,0.10349935293197632,0.9805903434753418,0.4185866117477417,0.07732534408569336,-0.031000062823295593,0.075234055519104,0.9971659779548645,1.5719440398243023e-06,-0.9971659779548645,0.075234055519104,7.543677043031494e-07,0.296946257352829,-0.022305533289909363,-0.031000148504972458,0.5402269959449768,0.17695622146129608,-0.03099997714161873
195,-2.183121681213379,-1.8077468872070312,-1.4724057912826538,0.24658995866775513,1.320218801498413,-0.35574445128440857,2.6010921001434326,0.7313368916511536,0.062361110001802444,-0.4429415166378021,0.3188318610191345,0.20272661745548248,0.13161319494247437,0.3420962691307068,-0.11012427508831024,-0.01860104687511921,1.6074858903884888,1.5853886604309082,3.166466236114502,1.2405803203582764,2.837061643600464,0.44879022240638733,1.7456493377685547,0.7311086654663086,-0.3667815327644348,0.11358848959207535,-0.404836505651474,-0.22373658418655396,-0.040300242602825165,0.4008912444114685,-0.3436645567417145,-0.007542990148067474,-0.49252068996429443,0.24723196029663086,0.18628528714179993,-0.4416314363479614,0.5246860384941101,0.7277818322181702,-0.8189305067062378,-0.5670896768569946,-0.08810541778802872,0.03884410858154297,-0.09634017944335938,1.042266845703125,0.06097674369812012,0.9896788001060486,-0.12968340516090393,0.15031439065933228,0.1193385124206543,0.9814091920852661,0.4185865521430969,0.07732534408569336,-0.03100006654858589,0.075234055519104,0.997165858745575,1.5027660538180498e-06,-0.997165858745575,0.075234055519104,1.511366917839041e-06,0.2969461679458618,-0.02230551838874817,-0.031000059098005295,0.540226936340332,0.1769562065601349,-0.03100007399916649
196,-2.178722381591797,-1.8373138904571533,-1.4483405351638794,0.25195372104644775,1.3192592859268188,-0.32917338609695435,2.586883068084717,0.7313334941864014,0.07435134798288345,-0.4429815709590912,0.3636817932128906,0.06278165429830551,-0.014346267096698284,0.3854096829891205,-0.198695570230484,-0.015309900045394897,1.5787793397903442,1.5993489027023315,3.1386349201202393,1.2175400257110596,2.823942184448242,0.4781411588191986,1.7188873291015625,0.7311182618141174,-0.4096454977989197,0.22550168633460999,-0.40808025002479553,-0.32888051867485046,-0.18458038568496704,0.4067336916923523,-0.37419381737709045,-0.018976638093590736,-0.49747228622436523,0.24688434600830078,0.21442323923110962,-0.3945612907409668,0.5349547863006592,0.7470910549163818,-0.8219437003135681,-0.568942666053772,-0.026701634749770164,0.02832937240600586,-0.0933537483215332,1.0389971733093262,0.12664389610290527,0.9805293083190918,-0.15007935464382172,0.1397525519132614,0.13215124607086182,0.9813284277915955,0.4185866117477417,0.07732534408569336,-0.031000062823295593,0.075234055519104,0.9971659779548645,1.6475781876579276e-06,-0.9971659779548645,0.075234055519104,7.623886517649225e-07,0.2969462275505066,-0.022305533289909363,-0.031000155955553055,0.5402269959449768,0.17695622146129608,-0.03099996969103813
197,-2.1732752323150635,-1.8664894104003906,-1.4216912984848022,0.24237169325351715,1.3092185258865356,-0.3011111319065094,2.5654845237731934,0.7312710285186768,0.11458957940340042,-0.43852725625038147,0.39216887950897217,-0.19600039720535278,-0.13455379009246826,0.4100017845630646,-0.29921966791152954,-0.009573902934789658,1.5490820407867432,1.6185790300369263,3.110520839691162,1.1908636093139648,2.800776243209839,0.5076828598976135,1.6916427612304688,0.7311391234397888,-0.41973036527633667,0.31364792585372925,-0.41587769985198975,-0.37021926045417786,-0.32556959986686707,0.41091156005859375,-0.380596786737442,-0.02285834588110447,-0.4967660903930664,0.2395162582397461,0.24450266361236572,-0.34047210216522217,0.5284179449081421,0.7777230739593506,-0.8144131302833557,-0.579108715057373,0.03693670779466629,0.019480764865875244,-0.08862972259521484,1.0335907936096191,0.20129477977752686,0.9644970893859863,-0.1709555834531784,0.13512198626995087,0.14551794528961182,0.980085015296936,0.4185865521430969,0.07732534408569336,-0.03100006654858589,0.07523393630981445,0.9971659779548645,1.5329610505432356e-06,-0.9971659779548645,0.07523393630981445,1.560651980980765e-06,0.2969461679458618,-0.022305548191070557,-0.031000055372714996,0.540226936340332,0.17695623636245728,-0.031000077724456787
198,-2.1667613983154297,-1.8942646980285645,-1.3939619064331055,0.21940045058727264,1.293766736984253,-0.27248886227607727,2.5395734310150146,0.7312203049659729,0.13408640027046204,-0.41516703367233276,0.4026576578617096,-0.39885711669921875,-0.20860011875629425,0.4177769720554352,-0.36255720257759094,-0.012657170183956623,1.519268274307251,1.6407716274261475,3.0821971893310547,1.163530945777893,2.7730977535247803,0.5373280048370361,1.6656484603881836,0.7311534881591797,-0.42166727781295776,0.3578502833843231,-0.41824984550476074,-0.3754609525203705,-0.3886057734489441,0.41254669427871704,-0.3624843955039978,-0.19326812028884888,-0.4898388385772705,0.22516679763793945,0.2745741605758667,-0.2817269563674927,0.5093883275985718,0.8131134510040283,-0.795367956161499,-0.5979812145233154,0.09903675317764282,0.01195746660232544,-0.08189678192138672,1.0268175601959229,0.27639782428741455,0.9416139125823975,-0.19226935505867004,0.13442564010620117,0.1602168083190918,0.9778856039047241,0.4185866117477417,0.07732534408569336,-0.031000062823295593,0.07523423433303833,0.997165858745575,1.6661246036164812e-06,-0.997165858745575,0.07523423433303833,8.434030291937233e-07,0.2969462275505066,-0.022305496037006378,-0.031000148504972458,0.5402269959449768,0.1769561767578125,-0.03099997714161873
199,0.42591267824172974,-0.6695400476455688,0.055460087954998016,0.6983739137649536,0.39042359590530396,1.65898859500885,0.31837987899780273,0.8285224437713623,0.0,0.0,0.0,0.0,0.0,0.0,0.0,0.0,0.3079889714717865,-0.22946757078170776,0.4807451665401459,1.2845604419708252,0.10905862599611282,1.3320969343185425,0.1580847203731537,0.6616007685661316,0.0,0.0,0.0,0.0,0.0,0.0,0.0,0.0,0.0984160304069519,0.5371270179748535,0.18004298210144043,0.07303190231323242,-0.9691928625106812,-0.2352270483970642,-0.4006906747817993,0.18747061491012573,-0.896828830242157,0.3114370107650757,0.02890634536743164,0.2554140090942383,0.5749643445014954,-0.8177024126052856,-0.02790844812989235,0.11017642915248871,0.11117976903915405,-0.9876741170883179,0.33466118574142456,-0.0009684562683105469,-0.03099999949336052,-0.9473676681518555,-0.3201475143432617,-0.0,0.3201475143432617,-0.9473676681518555,0.0,0.47388339042663574,-0.07404287904500961,-0.03099999949336052,0.19543898105621338,0.07210597395896912,-0.03099999949336052
