step,next_obs_0,next_obs_1,next_obs_2,next_obs_3,next_obs_4,next_obs_5,next_obs_6,next_obs_7,next_obs_8,next_obs_9,next_obs_10,next_obs_11,next_obs_12,next_obs_13,next_obs_14,next_obs_15,next_obs_16,next_obs_17,next_obs_18,next_obs_19,next_obs_20,next_obs_21,next_obs_22,next_obs_23,next_obs_24,next_obs_25,next_obs_26,next_obs_27,next_obs_28,next_obs_29,next_obs_30,next_obs_31,next_obs_32,next_obs_33,next_obs_34,next_obs_35,next_obs_36,next_obs_37,next_obs_38,next_obs_39,next_obs_40,next_obs_41,next_obs_42,next_obs_43,next_obs_44,next_obs_45,next_obs_46,next_obs_47,next_obs_48,next_obs_49,next_obs_50,next_obs_51,next_obs_52,next_obs_53,next_obs_54,next_obs_55,next_obs_56,next_obs_57,next_obs_58,next_obs_59,next_obs_60,next_obs_61,next_obs_62,next_obs_63,next_obs_64
0,-0.09555003046989441,-0.436939537525177,0.030093910172581673,1.31014883518219,0.47967466711997986,1.0398995876312256,0.03886551409959793,0.7312498688697815,-0.2977232038974762,0.4747503101825714,-0.43159449100494385,0.42836427688598633,-0.20557180047035217,-0.4420860707759857,0.06605762988328934,-0.03356529772281647,0.11823215335607529,-0.02942490763962269,0.011036074720323086,1.2585474252700806,-0.4096079468727112,1.2647554874420166,-0.39330947399139404,0.7304992079734802,0.39260217547416687,0.5597971677780151,0.39897775650024414,-0.5471557974815369,0.3917088508605957,0.39133191108703613,0.049926988780498505,0.6266064047813416,0.5494973659515381,0.42528438568115234,0.4866417646408081,-0.009519338607788086,-0.8848123550415039,-0.4658504128456116,0.6576125025749207,0.34541571140289307,-0.6695027351379395,0.4997137784957886,-0.39776182174682617,0.1956998109817505,0.5823767185211182,-0.7321750521659851,0.3532096743583679,0.0938388854265213,-0.3710418939590454,-0.9238626956939697,0.3401057720184326,0.006682872772216797,-0.03100002557039261,0.238242506980896,0.9712057709693909,4.133451625421003e-07,-0.9712057709693909,0.238242506980896,1.4543602446792647e-06,0.20373323559761047,-0.07158095389604568,-0.030999906361103058,0.47647830843925476,0.08494669944047928,-0.03100014477968216
1,-0.10375417768955231,-0.4067471921443939,0.003408722346648574,1.3394110202789307,0.4727482497692108,1.0099011659622192,0.05181046947836876,0.7311357855796814,-0.19110633432865143,0.4581551253795624,-0.43060073256492615,0.4198434352874756,-0.09895830601453781,-0.4314339756965637,0.1813966929912567,0.0011732866987586021,0.1394912600517273,0.0005819851066917181,0.03745558485388756,1.22811758518219,-0.3815365135669708,1.2927546501159668,-0.40625640749931335,0.730539858341217,0.5801639556884766,0.5530848503112793,0.4297374188899994,-0.53191077709198,0.3969481587409973,0.40495961904525757,-0.18447256088256836,0.5559369921684265,0.5672793984413147,0.3981456756591797,0.49722379446029663,-0.04788696765899658,-0.8768532872200012,-0.47836706042289734,0.6906415224075317,0.3169213533401489,-0.6500577330589294,0.4759179949760437,-0.3717327117919922,0.16348987817764282,0.6418790221214294,-0.7102741003036499,0.2889672517776489,0.021775513887405396,-0.35980939865112305,-0.9327717423439026,0.3401057720184326,0.006682872772216797,-0.031000029295682907,0.238242506980896,0.9712057709693909,4.160338562542165e-07,-0.9712057709693909,0.238242506980896,1.3075747347102151e-06,0.20373323559761047,-0.07158095389604568,-0.03099992498755455,0.47647830843925476,0.08494669944047928,-0.031000133603811264
2,-0.11715510487556458,-0.37688109278678894,-0.02287673018872738,1.3673571348190308,0.472670316696167,0.9800461530685425,0.07163139432668686,0.7311646342277527,-0.3219829499721527,0.4637739360332489,-0.46023687720298767,0.39518260955810547,-0.006699255667626858,-0.43199166655540466,0.27783381938934326,0.0018533268012106419,0.1662265807390213,0.030478406697511673,0.06445679813623428,1.1978819370269775,-0.3528231382369995,1.3210415840148926,-0.4178241193294525,0.7305814027786255,0.6193267107009888,0.5496629476547241,0.4301966428756714,-0.5316389203071594,0.40568897128105164,0.4108651280403137,-0.16489778459072113,0.49553006887435913,0.5838617086410522,0.368619441986084,0.5074245929718018,-0.0938030481338501,-0.8610405325889587,-0.499810129404068,0.7226177453994751,0.2864527702331543,-0.6291012167930603,0.4486943185329437,-0.3450441360473633,0.1341710090637207,0.6969471573829651,-0.6821848154067993,0.22110781073570251,-0.04998619481921196,-0.35378968715667725,-0.9339884519577026,0.3401057720184326,0.006682872772216797,-0.031000029295682907,0.238242506980896,0.9712057709693909,5.09564415551722e-07,-0.9712057709693909,0.238242506980896,1.505522959632799e-06,0.20373323559761047,-0.07158095389604568,-0.030999913811683655,0.47647830843925476,0.08494669944047928,-0.03100014477968216
3,-0.13595622777938843,-0.3471248149871826,-0.05020739510655403,1.392210602760315,0.4757080376148224,0.9501258730888367,0.09783783555030823,0.7311921119689941,-0.40823623538017273,0.4701631963253021,-0.4746933579444885,0.3414410352706909,0.03818134963512421,-0.4306657016277313,0.3672811985015869,-0.19355876743793488,0.1932065486907959,0.059814587235450745,0.09160386025905609,1.167588233947754,-0.3240978717803955,1.349660873413086,-0.42399823665618896,0.7306123375892639,0.5995283722877502,0.533539891242981,0.4287678599357605,-0.5293330550193787,0.4057755470275879,0.4158185124397278,-0.08933833241462708,0.4509710669517517,0.5988357067108154,0.3345675468444824,0.5156345367431641,-0.1485157012939453,-0.8367732763290405,-0.5270233750343323,0.7525442838668823,0.25012093782424927,-0.6091934442520142,0.41811424493789673,-0.32104063034057617,0.10812705755233765,0.7405335903167725,-0.6544870138168335,0.15250158309936523,-0.12207210063934326,-0.3541632890701294,-0.927182137966156,0.3401057720184326,0.006682872772216797,-0.031000029295682907,0.238242506980896,0.9712057709693909,4.3365815827201004e-07,-0.9712057709693909,0.238242506980896,1.3808628409606172e-06,0.20373323559761047,-0.07158095389604568,-0.030999917536973953,0.47647830843925476,0.08494669944047928,-0.03100014105439186
4,-0.15769349038600922,-0.3174337148666382,-0.07810904085636139,1.4126839637756348,0.47629332542419434,0.9201725125312805,0.12574559450149536,0.7312473654747009,-0.45913276076316833,0.47946035861968994,-0.4811025559902191,0.2684585154056549,0.0042152199894189835,-0.42856040596961975,0.3910788595676422,-0.2852328419685364,0.21911834180355072,0.08811601251363754,0.11837892234325409,1.1372759342193604,-0.296063095331192,1.3783249855041504,-0.4208914339542389,0.730646014213562,0.5677288174629211,0.511459469795227,0.42180243134498596,-0.5257481336593628,0.3976466655731201,0.416842520236969,0.041384194046258926,0.3861560523509979,0.6114354133605957,0.2964954376220703,0.5202521681785583,-0.2073068618774414,-0.8076332211494446,-0.5520437955856323,0.7778547406196594,0.2061336636543274,-0.5936757326126099,0.38507673144340515,-0.3008279800415039,0.08576062321662903,0.7699410915374756,-0.6321109533309937,0.08732917904853821,-0.1928863227367401,-0.3609973192214966,-0.9124011397361755,0.340105801820755,0.006682872772216797,-0.031000029295682907,0.238242506980896,0.9712057709693909,5.180966695661482e-07,-0.9712057709693909,0.238242506980896,1.593197112015332e-06,0.20373326539993286,-0.07158095389604568,-0.03099990263581276,0.47647833824157715,0.08494669944047928,-0.031000155955553055
5,-0.18152707815170288,-0.28787705302238464,-0.10602579265832901,1.4272493124008179,0.4707983434200287,0.8902121782302856,0.15399169921875,0.7313256859779358,-0.5004547238349915,0.4906858205795288,-0.4804474115371704,0.17146450281143188,-0.08033445477485657,-0.42560431361198425,0.395722359418869,-0.38337215781211853,0.2433251142501831,0.11512432992458344,0.14460456371307373,1.1069685220718384,-0.2688242793083191,1.4070734977722168,-0.4133915305137634,0.7306772470474243,0.5250133872032166,0.4860399663448334,0.4119926989078522,-0.5221310257911682,0.38664716482162476,0.4178718328475952,0.10300694406032562,0.3473498821258545,0.620981752872467,0.25482606887817383,0.5198696255683899,-0.2694660425186157,-0.7757072448730469,-0.5706719160079956,0.7961521148681641,0.15394192934036255,-0.5851868987083435,0.3503965437412262,-0.28470420837402344,0.0671984851360321,0.7892443537712097,-0.6135359406471252,0.025826070457696915,-0.26128777861595154,-0.37358200550079346,-0.8900365829467773,0.3401057720184326,0.006682872772216797,-0.031000029295682907,0.238242506980896,0.9712057709693909,4.6088257477094885e-07,-0.9712057709693909,0.238242506980896,1.7506786207377445e-06,0.20373323559761047,-0.07158095389604568,-0.03099988028407097,0.47647830843925476,0.08494669944047928,-0.031000178307294846
6,-0.20786790549755096,-0.2586701810359955,-0.1339379847049713,1.4330198764801025,0.45663323998451233,0.8602492213249207,0.18254245817661285,0.7314375042915344,-0.5584079623222351,0.5070694088935852,-0.48478272557258606,0.0262308306992054,-0.20132432878017426,-0.42137813568115234,0.39983218908309937,-0.5250808596611023,0.2637633681297302,0.1415509730577469,0.17037205398082733,1.0767587423324585,-0.2419443130493164,1.4358330965042114,-0.40511348843574524,0.7306823134422302,0.43275341391563416,0.47782769799232483,0.39812520146369934,-0.5206568241119385,0.38003870844841003,0.4177091717720032,0.11324142664670944,0.362371027469635,0.6265516877174377,0.20938539505004883,0.5124993920326233,-0.33709919452667236,-0.7412731051445007,-0.5804121494293213,0.8044968843460083,0.09342479705810547,-0.5865634083747864,0.3147335648536682,-0.27298545837402344,0.0521429181098938,0.8002191185951233,-0.5987828969955444,-0.033292368054389954,-0.3277585804462433,-0.39017975330352783,-0.860426664352417,0.340105801820755,0.006682872772216797,-0.031000029295682907,0.238242506980896,0.9712057709693909,4.6999278424664226e-07,-0.9712057709693909,0.238242506980896,1.532297233097779e-06,0.20373326539993286,-0.07158095389604568,-0.030999906361103058,0.47647833824157715,0.08494669944047928,-0.031000152230262756
7,-0.23615050315856934,-0.2301737666130066,-0.1623615175485611,1.4245771169662476,0.438641756772995,0.8302192091941833,0.21159471571445465,0.7315347194671631,-0.5979156494140625,0.5317471623420715,-0.4915994703769684,-0.2089318037033081,-0.25446197390556335,-0.4144935607910156,0.4066101014614105,-0.6450300812721252,0.27732667326927185,0.1675458699464798,0.1926669180393219,1.0464725494384766,-0.21816320717334747,1.464716911315918,-0.40130725502967834,0.7306517362594604,0.23878507316112518,0.46803030371665955,0.3239377439022064,-0.5185031294822693,0.33322712779045105,0.41977712512016296,0.05053510516881943,0.4030110538005829,0.6272889971733093,0.16204833984375,0.4954450726509094,-0.4108724594116211,-0.6998105645179749,-0.5843362808227539,0.7998355627059937,0.0309140682220459,-0.5994226336479187,0.279564768075943,-0.2679023742675781,0.04064705967903137,0.8034632802009583,-0.5884669423103333,-0.09029614180326462,-0.3927639126777649,-0.4099435806274414,-0.8232150077819824,0.3401057720184326,0.006682872772216797,-0.031000029295682907,0.238242506980896,0.9712057709693909,4.244435842792882e-07,-0.9712057709693909,0.238242506980896,1.3691131925952504e-06,0.20373323559761047,-0.07158095389604568,-0.03099992126226425,0.47647830843925476,0.08494669944047928,-0.031000137329101562
8,-0.2649925649166107,-0.20063675940036774,-0.19143447279930115,1.4059330224990845,0.422899454832077,0.8004158139228821,0.24094606935977936,0.7315564155578613,-0.608914315700531,0.5503129363059998,-0.4946369528770447,-0.3580300509929657,-0.22101399302482605,-0.40888580679893494,0.4104824662208557,-0.6720131635665894,0.2799503803253174,0.19336485862731934,0.20854440331459045,1.0161705017089844,-0.1984667032957077,1.4933249950408936,-0.4024026393890381,0.7305665612220764,-0.010238459333777428,0.46547698974609375,0.2048325538635254,-0.5156611204147339,0.27322569489479065,0.41605013608932495,-0.017777949571609497,0.49464109539985657,0.6235881447792053,0.11526107788085938,0.4707474708557129,-0.4860110282897949,-0.6484605669975281,-0.5859115719795227,0.7840917706489563,-0.02743351459503174,-0.6200383901596069,0.24631541967391968,-0.2704281806945801,0.03249989449977875,0.795903742313385,-0.5878979563713074,-0.1446141004562378,-0.45802873373031616,-0.4285014867782593,-0.7788428664207458,0.3401057720184326,0.006682872772216797,-0.031000029295682907,0.238242506980896,0.9712057709693909,5.241364533503656e-07,-0.9712057709693909,0.238242506980896,1.5675170743634226e-06,0.20373323559761047,-0.07158095389604568,-0.030999906361103058,0.47647830843925476,0.08494669944047928,-0.031000152230262756
9,-0.2934001386165619,-0.1699763536453247,-0.22084207832813263,1.3834400177001953,0.40658289194107056,0.7714278697967529,0.2698497474193573,0.7315653562545776,-0.6082504987716675,0.5569393634796143,-0.4927149713039398,-0.4058327078819275,-0.2270881086587906,-0.3975916802883148,0.4038362503051758,-0.6860514283180237,0.27233418822288513,0.21862757205963135,0.21020464599132538,0.9859578609466553,-0.17972581088542938,1.5214807987213135,-0.4007231593132019,0.7304022312164307,-0.2688330113887787,0.45416539907455444,-0.033308837562799454,-0.510306715965271,0.254122793674469,0.40924888849258423,0.019947554916143417,0.7191070914268494,0.6154377460479736,0.06970453262329102,0.44213443994522095,-0.5582469701766968,-0.5910910964012146,-0.5822126865386963,0.7598309516906738,-0.08242201805114746,-0.6448748111724854,0.21522456407546997,-0.2797565460205078,0.02748045325279236,0.7694651484489441,-0.6091960072517395,-0.19184261560440063,-0.5277703404426575,-0.43731212615966797,-0.7281597852706909,0.3401057720184326,0.006682872772216797,-0.031000029295682907,0.238242506980896,0.9712057709693909,4.7255872459572856e-07,-0.9712057709693909,0.238242506980896,1.7630285356062814e-06,0.20373323559761047,-0.07158095389604568,-0.03099988028407097,0.47647830843925476,0.08494669944047928,-0.031000178307294846
10,-0.32130005955696106,-0.1395723521709442,-0.2505621612071991,1.3573373556137085,0.3880625367164612,0.7500373125076294,0.2951352596282959,0.7316082715988159,-0.604922354221344,0.5630293488502502,-0.4917466938495636,-0.4720411002635956,-0.2567620873451233,-0.2862529754638672,0.35274431109428406,-0.7417805790901184,0.2557070255279541,0.240247905254364,0.19300949573516846,0.9569087028503418,-0.16184523701667786,1.5481446981430054,-0.3900412619113922,0.7302467823028564,-0.47749191522598267,0.3735387623310089,-0.32898107171058655,-0.4752287268638611,0.23608790338039398,0.38592612743377686,0.14444908499717712,0.921859085559845,0.6015622615814209,0.02739238739013672,0.4088115990161896,-0.6270344257354736,-0.5317379832267761,-0.569282591342926,0.7245569825172424,-0.12971818447113037,-0.6768975257873535,0.1875896453857422,-0.29409074783325195,0.025844283401966095,0.7205417156219482,-0.6565859317779541,-0.2229675054550171,-0.6000759601593018,-0.42931318283081055,-0.6749807000160217,0.340105801820755,0.006682872772216797,-0.031000029295682907,0.238242506980896,0.9712057709693909,4.6779859985690564e-07,-0.9712057709693909,0.238242506980896,1.5517629208261496e-06,0.20373326539993286,-0.07158095389604568,-0.03099990263581276,0.47647833824157715,0.08494669944047928,-0.031000155955553055
11,-0.3485279381275177,-0.10836995393037796,-0.2803502082824707,1.3305654525756836,0.36889755725860596,0.7304387092590332,0.3027251958847046,0.7316051125526428,-0.6004697680473328,0.5629964470863342,-0.4862465560436249,-0.47131142020225525,-0.2643648386001587,-0.26281943917274475,0.1046893447637558,-0.7376555800437927,0.22932147979736328,0.25010761618614197,0.16968974471092224,0.9364942908287048,-0.13896511495113373,1.570961594581604,-0.3729659616947174,0.7302670478820801,-0.5509680509567261,0.1124323233962059,-0.38915058970451355,-0.28559988737106323,0.307433545589447,0.3216893672943115,0.23274973034858704,0.9152897596359253,0.5834450125694275,-0.012228012084960938,0.37407630681991577,-0.6863425970077515,-0.48353371024131775,-0.5432578325271606,0.6829066872596741,-0.17155849933624268,-0.7100748419761658,0.16713368892669678,-0.30479907989501953,0.027888864278793335,0.6563879251480103,-0.7161009311676025,-0.23739075660705566,-0.662533164024353,-0.396653413772583,-0.6353864669799805,0.3401057720184326,0.006682872772216797,-0.031000029295682907,0.238242506980896,0.9712057709693909,4.290036486054305e-07,-0.9712057709693909,0.238242506980896,1.6973815490928246e-06,0.20373323559761047,-0.07158095389604568,-0.030999884009361267,0.47647830843925476,0.08494669944047928,-0.031000174582004547
12,-0.3749927580356598,-0.07731838524341583,-0.3101275861263275,1.3029100894927979,0.3450023829936981,0.7118721604347229,0.27999961376190186,0.7316306233406067,-0.594655454158783,0.5619388818740845,-0.48108476400375366,-0.4880547821521759,-0.32982802391052246,-0.24662315845489502,-0.3200996518135071,-0.7717974781990051,0.20019574463367462,0.2422063946723938,0.1554531753063202,0.9471049308776855,-0.11157695204019547,1.5762553215026855,-0.3504749834537506,0.7306327819824219,-0.46346569061279297,-0.28747519850730896,-0.20706693828105927,0.2985646724700928,0.37702929973602295,0.05080234259366989,0.31072795391082764,0.47130465507507324,0.5608069896697998,-0.049311161041259766,0.3385922610759735,-0.7350174188613892,-0.4614570736885071,-0.4967966675758362,0.6344946622848511,-0.20973575115203857,-0.7439272403717041,0.16923674941062927,-0.302034854888916,0.030574336647987366,0.601324200630188,-0.7655890583992004,-0.22865396738052368,-0.6822855472564697,-0.3430807590484619,-0.645586371421814,0.3401057720184326,0.006682872772216797,-0.031000029295682907,0.238242506980896,0.9712057709693909,4.923985557070409e-07,-0.9712057709693909,0.238242506980896,1.4950784361644764e-06,0.20373323559761047,-0.07158095389604568,-0.030999913811683655,0.47647830843925476,0.08494669944047928,-0.03100014477968216
13,-0.40106654167175293,-0.04640369117259979,-0.3399259150028229,1.2745147943496704,0.319648802280426,0.6994293928146362,0.25479426980018616,0.7316432595252991,-0.590704619884491,0.5614664554595947,-0.47645777463912964,-0.5055146217346191,-0.34904131293296814,-0.15774522721767426,-0.3551693558692932,-0.7894810438156128,0.1754426509141922,0.23338302969932556,0.1424093097448349,0.9646087884902954,-0.08336169272661209,1.570375680923462,-0.3243006467819214,0.7306244969367981,-0.4578171670436859,-0.12986907362937927,-0.21996569633483887,0.2658960819244385,0.3888607919216156,-0.08935775607824326,0.36365756392478943,0.4882296919822693,0.5335443615913391,-0.08197546005249023,0.30163294076919556,-0.7802350521087646,-0.440146803855896,-0.44441449642181396,0.57879638671875,-0.2386997938156128,-0.7797545194625854,0.17845690250396729,-0.29566383361816406,0.03143179416656494,0.5485137701034546,-0.8081109523773193,-0.2146841585636139,-0.6848419904708862,-0.2868931293487549,-0.669838547706604,0.3401057720184326,0.006682872772216797,-0.031000029295682907,0.238242506980896,0.9712057709693909,4.334531240601791e-07,-0.9712057709693909,0.238242506980896,1.3613007467938587e-06,0.20373323559761047,-0.07158095389604568,-0.03099992126226425,0.47647830843925476,0.08494669944047928,-0.031000137329101562
14,-0.4249974489212036,-0.015326065011322498,-0.37022531032562256,1.2473126649856567,0.29486948251724243,0.695439875125885,0.2286856770515442,0.7316145896911621,-0.5379403233528137,0.5564665198326111,-0.47306814789772034,-0.4856870472431183,-0.3407294750213623,-0.038303524255752563,-0.36805135011672974,-0.7504317760467529,0.1475580930709839,0.22033393383026123,0.1322324424982071,0.987485408782959,-0.056648753583431244,1.5688772201538086,-0.297055721282959,0.7306820750236511,-0.5142086744308472,-0.29362815618515015,-0.18000447750091553,0.4026455283164978,0.36613520979881287,-0.030647145584225655,0.3788973391056061,0.39041435718536377,0.5028592944145203,-0.1087193489074707,0.26409912109375,-0.820401668548584,-0.41911423206329346,-0.3889532685279846,0.517637312412262,-0.25544238090515137,-0.8165788650512695,0.19110107421875,-0.2898383140563965,0.03499334305524826,0.4928942918777466,-0.8468523621559143,-0.1997404396533966,-0.6789006590843201,-0.230737566947937,-0.6970323324203491,0.3401057720184326,0.006682872772216797,-0.031000029295682907,0.238242506980896,0.9712057709693909,5.076327056485752e-07,-0.9712057709693909,0.238242506980896,1.5712042795712478e-06,0.20373323559761047,-0.07158095389604568,-0.030999906361103058,0.47647830843925476,0.08494669944047928,-0.031000152230262756
15,-0.44390252232551575,0.015891756862401962,-0.4012102782726288,1.2252212762832642,0.27231931686401367,0.7059309482574463,0.20226897299289703,0.7315493226051331,-0.4204675853252411,0.5448283553123474,-0.4684593677520752,-0.40364885330200195,-0.31001266837120056,0.16441479325294495,-0.3723367154598236,-0.6656674146652222,0.11911089718341827,0.20657671988010406,0.12350162863731384,1.0134186744689941,-0.033829402178525925,1.5755728483200073,-0.2704037129878998,0.7306907773017883,-0.5126814246177673,-0.25239378213882446,-0.15762120485305786,0.40783748030662537,0.3122522830963135,0.08948231488466263,0.3708437979221344,0.3818764388561249,0.4707871079444885,-0.12727594375610352,0.22739088535308838,-0.8535853624343872,-0.4007691740989685,-0.3328307569026947,0.45305120944976807,-0.25568246841430664,-0.8540323376655579,0.20396992564201355,-0.28631114959716797,0.04138743877410889,0.43655925989151,-0.8802105188369751,-0.18613320589065552,-0.6701260209083557,-0.18009483814239502,-0.7200673222541809,0.3401057720184326,0.006682872772216797,-0.031000029295682907,0.238242506980896,0.9712057709693909,4.741542056763137e-07,-0.9712057709693909,0.238242506980896,1.7583687395017478e-06,0.20373323559761047,-0.07158095389604568,-0.03099988028407097,0.47647830843925476,0.08494669944047928,-0.031000178307294846
16,-0.4529536962509155,0.048240114003419876,-0.43314582109451294,1.217613697052002,0.2554280161857605,0.723642885684967,0.17689092457294464,0.7313933372497559,-0.19741001725196838,0.5113244652748108,-0.4615490436553955,-0.14160363376140594,-0.23102164268493652,0.25369030237197876,-0.3573482930660248,-0.46597689390182495,0.09126969426870346,0.199248805642128,0.12191447615623474,1.0410882234573364,-0.011897018179297447,1.5778847932815552,-0.24480926990509033,0.7307491302490234,-0.42566749453544617,-0.1349743902683258,-0.030125537887215614,0.4292076826095581,0.3045121729373932,0.02377033606171608,0.3558012843132019,0.3376866281032562,0.4437171220779419,-0.14020061492919922,0.1985306441783905,-0.8763600587844849,-0.3895040452480316,-0.28333690762519836,0.3963112533092499,-0.24880075454711914,-0.8837622404098511,0.2177404761314392,-0.2816195487976074,0.04639437794685364,0.385547935962677,-0.9055216908454895,-0.1771533489227295,-0.6566596627235413,-0.13440394401550293,-0.7421143054962158,0.340105801820755,0.006682872772216797,-0.031000029295682907,0.238242506980896,0.9712057709693909,4.620782192432671e-07,-0.9712057709693909,0.238242506980896,1.5503488839385682e-06,0.20373326539993286,-0.07158095389604568,-0.03099990263581276,0.47647833824157715,0.08494669944047928,-0.031000155955553055
17,-0.4502560496330261,0.08003774285316467,-0.4651471972465515,1.227141261100769,0.24355646967887878,0.7466244697570801,0.15383696556091309,0.7312714457511902,0.02988593652844429,0.4752691090106964,-0.4498950242996216,0.13439342379570007,-0.16146743297576904,0.3204250633716583,-0.3242468535900116,-0.3159155547618866,0.06903089582920074,0.19431158900260925,0.12394066154956818,1.069264531135559,0.006419983692467213,1.5808322429656982,-0.21991129219532013,0.7308235764503479,-0.34075629711151123,-0.11737808585166931,0.022379320114850998,0.44089362025260925,0.25410035252571106,0.03407122567296028,0.34660258889198303,0.24039684236049652,0.4249698519706726,-0.1492919921875,0.18001002073287964,-0.8891525268554688,-0.38816335797309875,-0.24235738813877106,0.35179638862609863,-0.2411109209060669,-0.9044914841651917,0.23118123412132263,-0.2767982482910156,0.051659613847732544,0.3435034155845642,-0.9237580299377441,-0.16934143006801605,-0.6405114531517029,-0.09856247901916504,-0.7615974545478821,0.3401057720184326,0.006682872772216797,-0.031000029295682907,0.238242506980896,0.9712057709693909,5.655048767039261e-07,-0.9712057709693909,0.238242506980896,2.041410425590584e-06,0.20373323559761047,-0.07158095389604568,-0.030999857932329178,0.47647830843925476,0.08494669944047928,-0.031000200659036636
18,-0.43712013959884644,0.10963912308216095,-0.4966937303543091,1.2481982707977295,0.23696136474609375,0.7734047174453735,0.13336217403411865,0.7311897873878479,0.21100342273712158,0.4345669448375702,-0.43610912561416626,0.3054170310497284,-0.08848722279071808,0.3721522092819214,-0.2876306474208832,-0.2198880910873413,0.0523797944188118,0.19157230854034424,0.12354499846696854,1.0975830554962158,0.016799814999103546,1.5920377969741821,-0.19581882655620575,0.7308667898178101,-0.2962516248226166,-0.07137605547904968,-0.024278994649648666,0.4282529652118683,0.14084848761558533,0.15361694991588593,0.3360303044319153,0.18138350546360016,0.4140996038913727,-0.15500545501708984,0.1694217026233673,-0.894538402557373,-0.39469823241233826,-0.20979608595371246,0.31844663619995117,-0.23336589336395264,-0.9187666177749634,0.24196413159370422,-0.2752833366394043,0.058280348777770996,0.3073498010635376,-0.9382191896438599,-0.15899960696697235,-0.6288072466850281,-0.0748286247253418,-0.7739522457122803,0.3401057720184326,0.006682872772216797,-0.031000029295682907,0.238242506980896,0.9712057709693909,5.03310900512588e-07,-0.9712057709693909,0.238242506980896,1.520534283372399e-06,0.20373323559761047,-0.07158095389604568,-0.030999910086393356,0.47647830843925476,0.08494669944047928,-0.031000148504972458
19,-0.41861262917518616,0.13242052495479584,-0.5266788005828857,1.2724896669387817,0.23273319005966187,0.8015268445014954,0.11524318903684616,0.731138288974762,0.2642192840576172,0.3085918724536896,-0.42009878158569336,0.36167365312576294,-0.05567852407693863,0.3894939422607422,-0.2542688548564911,-0.16693711280822754,0.039434414356946945,0.19482095539569855,0.11651801317930222,1.123896837234497,0.027033766731619835,1.6034252643585205,-0.17317365109920502,0.7308191657066345,-0.26971232891082764,0.053527720272541046,-0.12578226625919342,0.3797755539417267,0.13798877596855164,0.1558203399181366,0.3151220977306366,0.24193185567855835,0.4079255163669586,-0.15827369689941406,0.1648864448070526,-0.8951530456542969,-0.40577787160873413,-0.18451417982578278,0.2942201793193817,-0.22688806056976318,-0.9284160137176514,0.2505902051925659,-0.2753562927246094,0.06336072087287903,0.2677375078201294,-0.9516029953956604,-0.15089227259159088,-0.6226425170898438,-0.05137157440185547,-0.7808183431625366,0.3401057720184326,0.006682872772216797,-0.031000029295682907,0.238242506980896,0.9712057709693909,4.347687649897125e-07,-0.9712057709693909,0.238242506980896,1.3927170812166878e-06,0.20373323559761047,-0.07158095389604568,-0.030999917536973953,0.47647830843925476,0.08494669944047928,-0.03100014105439186
20,-0.3983934223651886,0.14019159972667694,-0.5554211735725403,1.2974404096603394,0.2282394915819168,0.830495297908783,0.09957420825958252,0.7310386300086975,0.2710438668727875,0.01513708010315895,-0.4133783280849457,0.41737547516822815,-0.05898476764559746,0.39405280351638794,-0.21957173943519592,-0.004167021252214909,0.028484951704740524,0.20304787158966064,0.10368672758340836,1.1460834741592407,0.03908310830593109,1.6153775453567505,-0.1519356667995453,0.7307631373405457,-0.24754537642002106,0.13472895324230194,-0.20951294898986816,0.3108021318912506,0.16269898414611816,0.1652747094631195,0.29489636421203613,0.31039610505104065,0.4044411778450012,-0.1608295440673828,0.16939175128936768,-0.8921897411346436,-0.41872450709342957,-0.16931478679180145,0.28276705741882324,-0.22551703453063965,-0.9323009252548218,0.25617310404777527,-0.27656030654907227,0.06674501299858093,0.2227569818496704,-0.9638785123825073,-0.14600540697574615,-0.6234717965126038,-0.025719881057739258,-0.7814227342605591,0.340105801820755,0.006682872772216797,-0.031000029295682907,0.238242506980896,0.9712057709693909,4.949846470481134e-07,-0.9712057709693909,0.238242506980896,1.5831217297090916e-06,0.20373326539993286,-0.07158095389604568,-0.03099990263581276,0.47647833824157715,0.08494669944047928,-0.031000155955553055
21,-0.37978655099868774,0.1372639536857605,-0.5838438868522644,1.3245480060577393,0.22422350943088531,0.8594610095024109,0.08661944419145584,0.7310100793838501,0.2221837192773819,-0.13016392290592194,-0.4170086681842804,0.4427957236766815,-0.05330716073513031,0.3947051167488098,-0.18140669167041779,-0.006493902765214443,0.019670942798256874,0.215425044298172,0.08627574145793915,1.1651164293289185,0.05278632789850235,1.6280959844589233,-0.13208132982254028,0.7307257652282715,-0.21379399299621582,0.2036944180727005,-0.2737064063549042,0.2600325345993042,0.1865292489528656,0.1766287237405777,0.27606531977653503,0.350077360868454,0.40171146392822266,-0.16468143463134766,0.18122291564941406,-0.8886055946350098,-0.428875595331192,-0.1626228541135788,0.2814919948577881,-0.2299896478652954,-0.9315939545631409,0.25931301712989807,-0.27838659286499023,0.06873247027397156,0.17424899339675903,-0.974215030670166,-0.14332598447799683,-0.6297105550765991,0.001655876636505127,-0.7768280506134033,0.3401057720184326,0.006682872772216797,-0.031000029295682907,0.238242506980896,0.9712057709693909,4.548770107248856e-07,-0.9712057709693909,0.238242506980896,1.7314085880570929e-06,0.20373323559761047,-0.07158095389604568,-0.03099988028407097,0.47647830843925476,0.08494669944047928,-0.031000178307294846
22,-0.36322882771492004,0.13063952326774597,-0.6126722097396851,1.3528746366500854,0.2207123190164566,0.8885111212730408,0.07227311283349991,0.7310055494308472,0.19106978178024292,-0.16629120707511902,-0.42234566807746887,0.45007461309432983,-0.04698443412780762,0.39762410521507263,-0.20083607733249664,-0.0007056562462821603,0.010957219637930393,0.22843219339847565,0.06526421010494232,1.1830493211746216,0.06475299596786499,1.6443116664886475,-0.11402932554483414,0.7307116389274597,-0.2438701093196869,0.19108141958713531,-0.33531561493873596,0.2545171082019806,0.1587565541267395,0.22559049725532532,0.24973276257514954,0.3720724880695343,0.39809322357177734,-0.1695857048034668,0.19580858945846558,-0.8848812580108643,-0.4380847215652466,-0.15832579135894775,0.2836368978023529,-0.23711371421813965,-0.929154098033905,0.26092857122421265,-0.28221607208251953,0.07093948125839233,0.1241949200630188,-0.9824098348617554,-0.13945114612579346,-0.6386215686798096,0.028423845767974854,-0.7689957618713379,0.340105801820755,0.006682872772216797,-0.03100002557039261,0.238242506980896,0.9712057709693909,4.6094649519545783e-07,-0.9712057709693909,0.238242506980896,1.5132902717596153e-06,0.20373326539993286,-0.07158095389604568,-0.03099990263581276,0.47647833824157715,0.08494669944047928,-0.031000148504972458
23,-0.34778478741645813,0.12440937012434006,-0.6418210864067078,1.3816107511520386,0.21832075715065002,0.9175947308540344,0.056810811161994934,0.7310095429420471,0.18028531968593597,-0.14576204121112823,-0.4242582321166992,0.44701260328292847,-0.03175361827015877,0.39965251088142395,-0.21644411981105804,-0.0019794709514826536,-0.000699768541380763,0.24176740646362305,0.04206772893667221,1.1991758346557617,0.07515843212604523,1.6638013124465942,-0.10024254769086838,0.7306825518608093,-0.302940309047699,0.2096092402935028,-0.37397581338882446,0.21744690835475922,0.13535314798355103,0.2730661928653717,0.1897406131029129,0.41041383147239685,0.3936424255371094,-0.17464971542358398,0.21042218804359436,-0.8814313411712646,-0.44641920924186707,-0.15423576533794403,0.2858833074569702,-0.24432802200317383,-0.926593005657196,0.2607962191104889,-0.2882390022277832,0.07335558533668518,0.07288187742233276,-0.988024115562439,-0.13600189983844757,-0.6501051783561707,0.05634969472885132,-0.7577518224716187,0.3401057720184326,0.006682872772216797,-0.031000029295682907,0.238242506980896,0.9712057709693909,4.303237517433445e-07,-0.9712057709693909,0.238242506980896,1.342011955784983e-06,0.20373323559761047,-0.07158095389604568,-0.03099992498755455,0.47647830843925476,0.08494669944047928,-0.031000133603811264
24,-0.332974374294281,0.12095817923545837,-0.6711026430130005,1.4104795455932617,0.21533164381980896,0.9465425610542297,0.03960684686899185,0.7310364246368408,0.17306989431381226,-0.09129811078310013,-0.42479798197746277,0.4401000440120697,-0.04120786488056183,0.3991186320781708,-0.24082104861736298,0.007451668847352266,-0.014223427511751652,0.2561001181602478,0.019115034490823746,1.213094711303711,0.08792158216238022,1.6845757961273193,-0.0916164293885231,0.7306571006774902,-0.29440298676490784,0.22858493030071259,-0.3587493300437927,0.18269753456115723,0.17022523283958435,0.2912895083427429,0.11721833795309067,0.4705377519130707,0.38819587230682373,-0.17974424362182617,0.22359734773635864,-0.8780734539031982,-0.4554325342178345,-0.1468612104654312,0.28505825996398926,-0.2513192892074585,-0.9249758720397949,0.25909021496772766,-0.2937769889831543,0.07558411359786987,0.022220909595489502,-0.990308940410614,-0.1370926946401596,-0.6632037162780762,0.08800959587097168,-0.7432462573051453,0.3401057720184326,0.006682872772216797,-0.031000029295682907,0.238242506980896,0.9712057709693909,5.110336473990174e-07,-0.9712057709693909,0.238242506980896,1.547856982142548e-06,0.20373323559761047,-0.07158095389604568,-0.030999910086393356,0.47647830843925476,0.08494669944047928,-0.031000148504972458
25,-0.3183840811252594,0.123040571808815,-0.7007522583007812,1.4393941164016724,0.21122927963733673,0.9754296541213989,0.021103329956531525,0.7310813665390015,0.17909397184848785,0.013714887201786041,-0.42607009410858154,0.425291508436203,-0.057111114263534546,0.4006592631340027,-0.25899240374565125,-0.009072927758097649,-0.027377160266041756,0.27203986048698425,-0.0028153483290225267,1.2255576848983765,0.10328077524900436,1.7055916786193848,-0.08711913973093033,0.7306420803070068,-0.27828413248062134,0.2587306797504425,-0.3416612446308136,0.15912671387195587,0.20833039283752441,0.2945270538330078,0.060295358300209045,0.4549041986465454,0.38169190287590027,-0.18481731414794922,0.23387420177459717,-0.8752164840698242,-0.4648458957672119,-0.1338447481393814,0.27825143933296204,-0.25745177268981934,-0.9253619909286499,0.2564380168914795,-0.2977938652038574,0.07746034860610962,-0.02564406394958496,-0.9894771575927734,-0.14239779114723206,-0.676733136177063,0.12202560901641846,-0.7260453701019287,0.3401057720184326,0.006682872772216797,-0.031000029295682907,0.238242506980896,0.9712057709693909,4.654713734453253e-07,-0.9712057709693909,0.238242506980896,1.773698500073806e-06,0.20373323559761047,-0.07158095389604568,-0.03099987655878067,0.47647830843925476,0.08494669944047928,-0.031000182032585144
26,-0.3024088144302368,0.1304529309272766,-0.7307238578796387,1.4675594568252563,0.20582664012908936,1.0044656991958618,0.0010482417419552803,0.7311104536056519,0.21991199254989624,0.10032786428928375,-0.4243549406528473,0.40892019867897034,-0.07598432153463364,0.4038783311843872,-0.28075313568115234,0.006656201556324959,-0.039947591722011566,0.2905389368534088,-0.02375807985663414,1.2364519834518433,0.12118152529001236,1.7257691621780396,-0.08626113831996918,0.7306277751922607,-0.2618608772754669,0.30934345722198486,-0.32575830817222595,0.12976065278053284,0.2441258430480957,0.2826519310474396,0.00923085305839777,0.4705008864402771,0.37489569187164307,-0.18906879425048828,0.24102771282196045,-0.8718112707138062,-0.47617387771606445,-0.11490777134895325,0.26531147956848145,-0.261826753616333,-0.9279314875602722,0.2531324028968811,-0.3002324104309082,0.0785726010799408,-0.07104790210723877,-0.9859064221382141,-0.1514619141817093,-0.690326452255249,0.15820634365081787,-0.7059887051582336,0.340105801820755,0.006682872772216797,-0.031000029295682907,0.238242506980896,0.9712057709693909,4.756053613164113e-07,-0.9712057709693909,0.238242506980896,1.5560923429802642e-06,0.20373326539993286,-0.07158095389604568,-0.03099990263581276,0.47647833824157715,0.08494669944047928,-0.031000155955553055
27,-0.28470420837402344,0.14353591203689575,-0.760711669921875,1.4946966171264648,0.20053765177726746,1.0335322618484497,-0.020309701561927795,0.7311388850212097,0.25874438881874084,0.20073670148849487,-0.41881126165390015,0.3824268877506256,-0.07516100257635117,0.40626221895217896,-0.29904696345329285,0.014056777581572533,-0.0508955754339695,0.31172075867652893,-0.043491851538419724,1.2447059154510498,0.14103297889232635,1.7443304061889648,-0.08804232627153397,0.7306296825408936,-0.21692904829978943,0.35977813601493835,-0.30069583654403687,0.08485483378171921,0.27080386877059937,0.26018768548965454,-0.029220666736364365,0.47383102774620056,0.36855846643447876,-0.19211244583129883,0.24497941136360168,-0.8672800064086914,-0.48937979340553284,-0.09128587692975998,0.24695077538490295,-0.26371240615844727,-0.9324544072151184,0.2489994764328003,-0.3009614944458008,0.07865005731582642,-0.11349761486053467,-0.9800741672515869,-0.16301198303699493,-0.7042203545570374,0.1950950026512146,-0.6826503872871399,0.3401057720184326,0.006682872772216797,-0.031000029295682907,0.238242506980896,0.9712057709693909,4.463485083761043e-07,-0.9712057709693909,0.238242506980896,1.6974772734101862e-06,0.20373323559761047,-0.07158095389604568,-0.030999884009361267,0.47647830843925476,0.08494669944047928,-0.031000174582004547
28,-0.2648761570453644,0.16198520362377167,-0.7905539870262146,1.5202968120574951,0.19606804847717285,1.0625964403152466,-0.04158605635166168,0.7311554551124573,0.307113379240036,0.2905293405056,-0.40926820039749146,0.3534810543060303,-0.06279031187295914,0.40763258934020996,-0.2976972460746765,-0.011425289325416088,-0.05826827883720398,0.33557966351509094,-0.06135563179850578,1.2476803064346313,0.1626591980457306,1.7617686986923218,-0.09244463592767715,0.7306483387947083,-0.13167327642440796,0.4199250340461731,-0.2604956030845642,-0.005692250095307827,0.2971744239330292,0.24642664194107056,-0.06580837070941925,0.447211354970932,0.3631558120250702,-0.1936039924621582,0.24584084749221802,-0.8614687919616699,-0.5037063956260681,-0.06443414837121964,0.2237987518310547,-0.26269257068634033,-0.9385664463043213,0.24274328351020813,-0.29923009872436523,0.07764466106891632,-0.15127336978912354,-0.9725398421287537,-0.17686915397644043,-0.7208304405212402,0.23096805810928345,-0.6534961462020874,0.3401057720184326,0.006682872772216797,-0.031000029295682907,0.238242506980896,0.9712057709693909,4.884362283519295e-07,-0.9712057709693909,0.238242506980896,1.5054422419780167e-06,0.20373323559761047,-0.07158095389604568,-0.030999910086393356,0.47647830843925476,0.08494669944047928,-0.031000148504972458
29,-0.242481991648674,0.18375229835510254,-0.819915771484375,1.5442460775375366,0.18959172070026398,1.0915114879608154,-0.06254146993160248,0.7311810851097107,0.3537631630897522,0.338152676820755,-0.3987070620059967,0.3313204050064087,-0.0905752182006836,0.4056812822818756,-0.2931029200553894,-0.016874773427844048,-0.05988004803657532,0.3613669276237488,-0.07494234293699265,1.2457730770111084,0.18694964051246643,1.7762328386306763,-0.09635858237743378,0.7307030558586121,0.007997583597898483,0.44984936714172363,-0.17442117631435394,-0.07479023188352585,0.33881810307502747,0.20496070384979248,-0.05821831524372101,0.41238799691200256,0.35844185948371887,-0.19373512268066406,0.2447083294391632,-0.8534035682678223,-0.5201916098594666,-0.03321019187569618,0.19564566016197205,-0.26061034202575684,-0.9454125165939331,0.2352537214756012,-0.2936086654663086,0.0756245106458664,-0.1829373836517334,-0.9642136693000793,-0.19190098345279694,-0.7389020919799805,0.26360589265823364,-0.6201093792915344,0.3401057720184326,0.006682872772216797,-0.031000029295682907,0.238242506980896,0.9712057709693909,4.3693998463822936e-07,-0.9712057709693909,0.238242506980896,1.368447669847228e-06,0.20373323559761047,-0.07158095389604568,-0.03099992126226425,0.47647830843925476,0.08494669944047928,-0.031000137329101562
30,-0.21822117269039154,0.20815274119377136,-0.8489675521850586,1.5667448043823242,0.17900590598583221,1.1193079948425293,-0.08303959667682648,0.7312285900115967,0.37989500164985657,0.38242068886756897,-0.3924716114997864,0.30776822566986084,-0.14819476008415222,0.3904835283756256,-0.2865527272224426,-0.024363847449421883,-0.05289894714951515,0.3881531357765198,-0.07773410528898239,1.2373188734054565,0.21364334225654602,1.7860255241394043,-0.09828589856624603,0.7308884263038635,0.23603960871696472,0.4825797975063324,0.027368158102035522,-0.1791248321533203,0.3795022666454315,0.142070472240448,-0.029660427942872047,0.13485020399093628,0.35355475544929504,-0.19352245330810547,0.24240005016326904,-0.8428765535354614,-0.538092851638794,0.003934294916689396,0.16159489750862122,-0.2600851058959961,-0.9519680142402649,0.2259482443332672,-0.2818760871887207,0.0725899487733841,-0.201454758644104,-0.9570186734199524,-0.20864154398441315,-0.7605907320976257,0.2870592474937439,-0.5823218822479248,0.3401057720184326,0.006682872772216797,-0.031000029295682907,0.238242506980896,0.9712057709693909,5.153682991476671e-07,-0.9712057709693909,0.238242506980896,1.577115540385421e-06,0.20373323559761047,-0.07158095389604568,-0.030999906361103058,0.47647830843925476,0.08494669944047928,-0.031000152230262756
31,-0.19245778024196625,0.2350691705942154,-0.877534806728363,1.5866819620132446,0.16115956008434296,1.1453535556793213,-0.10238596051931381,0.7312975525856018,0.4045795202255249,0.4315589666366577,-0.38087335228919983,0.26359882950782776,-0.2514640986919403,0.3673597276210785,-0.27061787247657776,0.004667478613555431,-0.04161262884736061,0.4154987335205078,-0.06979720294475555,1.2222232818603516,0.24145063757896423,1.7968310117721558,-0.09621242433786392,0.7309511303901672,0.26822203397750854,0.4935264587402344,0.16780303418636322,-0.2824164032936096,0.3936415910720825,0.15948206186294556,0.027303427457809448,0.05234764143824577,0.3473171889781952,-0.1935253143310547,0.23876738548278809,-0.8293805122375488,-0.5564701557159424,0.04968841373920441,0.11879792809486389,-0.2625640630722046,-0.957573652267456,0.2128101885318756,-0.2656879425048828,0.0704297423362732,-0.21261370182037354,-0.9509599804878235,-0.2246563732624054,-0.788555920124054,0.3027575612068176,-0.5352731943130493,0.3401057720184326,0.006682872772216797,-0.031000029295682907,0.238242506980896,0.9712057709693909,4.81883944303263e-07,-0.9712057709693909,0.238242506980896,1.7643106957621058e-06,0.20373323559761047,-0.07158095389604568,-0.03099988028407097,0.47647830843925476,0.08494669944047928,-0.031000178307294846
32,-0.16534774005413055,0.26303672790527344,-0.9048761129379272,1.6043819189071655,0.14320765435695648,1.1663916110992432,-0.11549292504787445,0.7312999963760376,0.43983694911003113,0.4392258822917938,-0.3573806583881378,0.24321912229061127,-0.24911651015281677,0.2952776849269867,-0.18281327188014984,-0.0327138751745224,-0.030010100454092026,0.44259998202323914,-0.05109241604804993,1.2016921043395996,0.2694527506828308,1.8114020824432373,-0.09387797117233276,0.7309959530830383,0.30740004777908325,0.4886918365955353,0.33807963132858276,-0.3635096549987793,0.39834755659103394,0.21527810394763947,0.03132465109229088,-0.01669532060623169,0.34256383776664734,-0.19363164901733398,0.23538488149642944,-0.8156490325927734,-0.5707369446754456,0.09474334865808487,0.07627600431442261,-0.26841533184051514,-0.9602788090705872,0.19554951786994934,-0.24678802490234375,0.0707201361656189,-0.2176835536956787,-0.9454312920570374,-0.2424326241016388,-0.8215771317481995,0.3115875720977783,-0.47741416096687317,0.340105801820755,0.006682872772216797,-0.031000029295682907,0.238242506980896,0.9712057709693909,4.845077228310402e-07,-0.9712057709693909,0.238242506980896,1.5498929997193045e-06,0.20373326539993286,-0.07158095389604568,-0.030999906361103058,0.47647833824157715,0.08494669944047928,-0.031000152230262756
33,-0.13696593046188354,0.29129013419151306,-0.9308640956878662,1.618288278579712,0.1291462481021881,1.1767159700393677,-0.11961502581834793,0.731285810470581,0.45936596393585205,0.45116662979125977,-0.332634836435318,0.18729233741760254,-0.19352920353412628,0.1447320580482483,-0.05699866637587547,-0.03214142471551895,-0.015789739787578583,0.46927982568740845,-0.02505659870803356,1.179510474205017,0.29759642481803894,1.8246890306472778,-0.0881744846701622,0.7310189604759216,0.354950487613678,0.47033408284187317,0.44747036695480347,-0.3774171471595764,0.40206825733184814,0.19591820240020752,0.07937455177307129,-0.02844182588160038,0.341177374124527,-0.19457721710205078,0.23260262608528137,-0.8045026063919067,-0.578457772731781,0.13476771116256714,0.04036823287606239,-0.2796288728713989,-0.9592592120170593,0.1768927276134491,-0.2265329360961914,0.07254695892333984,-0.217926025390625,-0.9412043690681458,-0.258152037858963,-0.8540895581245422,0.31191587448120117,-0.416220486164093,0.3401057720184326,0.006682872772216797,-0.031000029295682907,0.238242506980896,0.9712057709693909,4.3710571162591805e-07,-0.9712057709693909,0.238242506980896,1.699589120107703e-06,0.20373323559761047,-0.07158095389604568,-0.030999884009361267,0.47647830843925476,0.08494669944047928,-0.031000174582004547
34,-0.10805126279592514,0.3199153244495392,-0.9558094143867493,1.6283537149429321,0.12327084690332413,1.178809642791748,-0.11372599750757217,0.7312393188476562,0.46890953183174133,0.4603905975818634,-0.31327810883522034,0.13122552633285522,-0.07766076177358627,0.02997031807899475,0.08334880322217941,-0.028655674308538437,0.001730316667817533,0.4941282570362091,0.0032500966917723417,1.1596475839614868,0.3256604075431824,1.8340942859649658,-0.08237878978252411,0.731057345867157,0.3915015757083893,0.4193101227283478,0.4753137230873108,-0.3273477852344513,0.40192198753356934,0.13920243084430695,0.08153196424245834,-0.08587955683469772,0.3434698283672333,-0.1952810287475586,0.22958019375801086,-0.798766016960144,-0.5784193873405457,0.16554199159145355,0.013407768681645393,-0.2921956777572632,-0.9562646150588989,0.1593860685825348,-0.20655298233032227,0.07510529458522797,-0.21339905261993408,-0.9379436373710632,-0.2733544111251831,-0.8816863894462585,0.30541670322418213,-0.3596523106098175,0.3401057720184326,0.006682872772216797,-0.031000029295682907,0.238242506980896,0.9712057709693909,4.897914891444088e-07,-0.9712057709693909,0.238242506980896,1.5024287449705298e-06,0.20373323559761047,-0.07158095389604568,-0.030999910086393356,0.47647830843925476,0.08494669944047928,-0.031000148504972458
35,-0.07893300801515579,0.348845899105072,-0.9797505140304565,1.6350412368774414,0.12685401737689972,1.1785904169082642,-0.10283895581960678,0.7311781048774719,0.4741141200065613,0.47068819403648376,-0.2926214337348938,0.07801990211009979,0.05476773530244827,-0.0005851071327924728,0.15312717854976654,-0.022595558315515518,0.01881992816925049,0.5158020853996277,0.032419972121715546,1.1459178924560547,0.3533507287502289,1.8357181549072266,-0.07665641605854034,0.7310665845870972,0.3571464419364929,0.3456873297691345,0.47398513555526733,-0.21677976846694946,0.3972196877002716,0.025856303051114082,0.08087877929210663,-0.10000646859407425,0.348574697971344,-0.1940288543701172,0.2252521514892578,-0.7967321872711182,-0.5748096704483032,0.1865796446800232,-0.006238759495317936,-0.30089712142944336,-0.9536363482475281,0.14597088098526,-0.18760204315185547,0.07675263285636902,-0.20663928985595703,-0.9347684383392334,-0.28897780179977417,-0.9007668495178223,0.29706430435180664,-0.3168153166770935,0.3401057720184326,0.006682872772216797,-0.031000029295682907,0.238242506980896,0.9712057709693909,4.383350358239113e-07,-0.9712057709693909,0.238242506980896,1.3654238273375086e-06,0.20373323559761047,-0.07158095389604568,-0.03099992126226425,0.47647830843925476,0.08494669944047928,-0.031000137329101562
36,-0.04966454207897186,0.37812766432762146,-1.0026249885559082,1.6393725872039795,0.1382378488779068,1.1777585744857788,-0.09086283296346664,0.7311282157897949,0.4798198938369751,0.47632527351379395,-0.2732243835926056,0.04623587802052498,0.16302677989006042,-0.009121662005782127,0.16787081956863403,-0.018816357478499413,0.03336882218718529,0.533404529094696,0.06168542802333832,1.1407421827316284,0.3808278441429138,1.8290395736694336,-0.07069461047649384,0.7310677170753479,0.3047837018966675,0.2606315314769745,0.46843263506889343,-0.07296812534332275,0.3957311809062958,-0.09385364502668381,0.08433905243873596,-0.10163427144289017,0.3558509051799774,-0.19077825546264648,0.21969544887542725,-0.7961485385894775,-0.5709419846534729,0.2004319131374359,-0.020355941727757454,-0.30577850341796875,-0.9518851041793823,0.1381111741065979,-0.16931772232055664,0.07679997384548187,-0.19932270050048828,-0.9308846592903137,-0.3061442971229553,-0.9111042618751526,0.2910655736923218,-0.29183873534202576,0.3401057720184326,0.006682872772216797,-0.031000029295682907,0.238242506980896,0.9712057709693909,5.27377210346458e-07,-0.9712057709693909,0.238242506980896,1.5689394103901577e-06,0.20373323559761047,-0.07158095389604568,-0.030999906361103058,0.47647830843925476,0.08494669944047928,-0.031000152230262756
37,-0.020138831809163094,0.40689414739608765,-1.0241200923919678,1.6399343013763428,0.1579192578792572,1.1811082363128662,-0.08006587624549866,0.7310689091682434,0.48141607642173767,0.47856518626213074,-0.24674762785434723,-0.01988361030817032,0.27901023626327515,0.053322914987802505,0.151608407497406,-0.005264795385301113,0.043543070554733276,0.5463740229606628,0.0908706933259964,1.1423419713974,0.40861043334007263,1.8173929452896118,-0.06892214715480804,0.731039822101593,0.21988430619239807,0.17881391942501068,0.45671549439430237,0.03299083188176155,0.3998507559299469,-0.16421613097190857,0.025533948093652725,-0.05980457365512848,0.36409786343574524,-0.18371343612670898,0.21155664324760437,-0.796234130859375,-0.5688372850418091,0.20599855482578278,-0.031170576810836792,-0.30147504806518555,-0.9529644250869751,0.13488417863845825,-0.15125656127929688,0.07625485956668854,-0.19242703914642334,-0.9243301153182983,-0.32952356338500977,-0.9148166179656982,0.2904781699180603,-0.2805941700935364,0.3401057720184326,0.006682872772216797,-0.031000029295682907,0.238242506980896,0.9712057709693909,4.7582761908415705e-07,-0.9712057709693909,0.238242506980896,1.7644471199673717e-06,0.20373323559761047,-0.07158095389604568,-0.03099988028407097,0.47647830843925476,0.08494669944047928,-0.031000178307294846
38,0.009264647029340267,0.4349907636642456,-1.0429871082305908,1.6374552249908447,0.18306292593479156,1.192641258239746,-0.07406600564718246,0.7310195565223694,0.48621684312820435,0.4732835590839386,-0.20261505246162415,-0.06673630326986313,0.3550761044025421,0.17025451362133026,0.08420813828706741,0.03012079931795597,0.048279035836458206,0.5571494102478027,0.11964017152786255,1.1490561962127686,0.4363134801387787,1.8027490377426147,-0.07398628443479538,0.7310085892677307,0.12194328755140305,0.1508435755968094,0.4395007789134979,0.10662844777107239,0.3973056375980377,-0.2072370946407318,-0.07065801322460175,-0.012915235944092274,0.37208837270736694,-0.17197847366333008,0.20052236318588257,-0.7939469814300537,-0.5719376802444458,0.20624136924743652,-0.042612913995981216,-0.2860386371612549,-0.957270085811615,0.13519978523254395,-0.13352251052856445,0.07541590929031372,-0.18698084354400635,-0.9138419032096863,-0.3604596257209778,-0.9138227105140686,0.2964591979980469,-0.2775609493255615,0.340105801820755,0.006682872772216797,-0.031000029295682907,0.238242506980896,0.9712057709693909,4.67855016950125e-07,-0.9712057709693909,0.238242506980896,1.5552109289274085e-06,0.20373326539993286,-0.07158095389604568,-0.03099990263581276,0.47647833824157715,0.08494669944047928,-0.031000155955553055
39,0.03853032737970352,0.4617977738380432,-1.0577443838119507,1.632521152496338,0.21107831597328186,1.2114759683609009,-0.07716087251901627,0.7309973835945129,0.49352341890335083,0.4585449695587158,-0.13729141652584076,-0.10197720676660538,0.3972843289375305,0.27400970458984375,-0.042945485562086105,-0.00772068789228797,0.045273177325725555,0.5666869282722473,0.1481810361146927,1.1590584516525269,0.4639827609062195,1.7862268686294556,-0.08666251599788666,0.7309357523918152,-0.022008489817380905,0.1282176375389099,0.41772720217704773,0.1583072543144226,0.3949326276779175,-0.23467427492141724,-0.1777408868074417,0.04796816036105156,0.3798927962779999,-0.1557159423828125,0.1871817708015442,-0.7854351997375488,-0.5845498442649841,0.20345328748226166,-0.05537060648202896,-0.2610321044921875,-0.963740885257721,0.13868269324302673,-0.11636161804199219,0.07469028234481812,-0.18499243259429932,-0.8981389403343201,-0.39890360832214355,-0.9085318446159363,0.31103724241256714,-0.2789725065231323,0.3401057720184326,0.006682872772216797,-0.031000029295682907,0.238242506980896,0.9712057709693909,4.472049113246612e-07,-0.9712057709693909,0.238242506980896,1.6925076806728612e-06,0.20373323559761047,-0.07158095389604568,-0.030999884009361267,0.47647830843925476,0.08494669944047928,-0.031000174582004547
40,0.06832610815763474,0.4863438308238983,-1.0698169469833374,1.6272412538528442,0.23980839550495148,1.2345070838928223,-0.0861717164516449,0.7310065627098083,0.5030862092971802,0.40825605392456055,-0.10556492209434509,-0.09182330220937729,0.40645384788513184,0.33054119348526,-0.12610706686973572,-0.006362182088196278,0.031829994171857834,0.5765175223350525,0.176181361079216,1.1661250591278076,0.4919756054878235,1.7683180570602417,-0.10347720980644226,0.7308101654052734,-0.2081136852502823,0.16028793156147003,0.3848517835140228,0.09778591990470886,0.3938065469264984,-0.2536710202693939,-0.23680835962295532,0.208282470703125,0.3878094553947449,-0.1366567611694336,0.17384880781173706,-0.772202730178833,-0.6036729216575623,0.19819682836532593,-0.06782732158899307,-0.2318331003189087,-0.9703879952430725,0.1434706151485443,-0.10063695907592773,0.07424779236316681,-0.19251155853271484,-0.8775948286056519,-0.43905186653137207,-0.8999185562133789,0.33628594875335693,-0.27759361267089844,0.3401057720184326,0.006682872772216797,-0.031000029295682907,0.238242506980896,0.9712057709693909,4.818584216081945e-07,-0.9712057709693909,0.238242506980896,1.5036789591249544e-06,0.20373323559761047,-0.07158095389604568,-0.030999910086393356,0.47647830843925476,0.08494669944047928,-0.031000148504972458
41,0.09991464018821716,0.5034558176994324,-1.0843853950500488,1.6231037378311157,0.26873016357421875,1.2600390911102295,-0.09439615160226822,0.7310099601745605,0.5061792135238647,0.24176034331321716,-0.17523826658725739,-0.04469658434391022,0.40880537033081055,0.36051198840141296,-0.1150834783911705,-0.006645325571298599,0.012028844095766544,0.5893399715423584,0.20130960643291473,1.170956015586853,0.5203180909156799,1.7458919286727905,-0.12148070335388184,0.7307249307632446,-0.3036579191684723,0.21579478681087494,0.33767059445381165,0.06441548466682434,0.39695170521736145,-0.31938761472702026,-0.25444692373275757,0.3210206627845764,0.39554697275161743,-0.11700439453125,0.1644650101661682,-0.7608880996704102,-0.621405839920044,0.1868271827697754,-0.07427553832530975,-0.2026205062866211,-0.9764364957809448,0.15000516176223755,-0.08622503280639648,0.07233969867229462,-0.20892155170440674,-0.8540219068527222,-0.4764435589313507,-0.8872320055961609,0.37043511867523193,-0.27494946122169495,0.3401057720184326,0.006682872772216797,-0.031000029295682907,0.238242506980896,0.9712057709693909,4.2299740243834094e-07,-0.9712057709693909,0.238242506980896,1.3698773955184151e-06,0.20373323559761047,-0.07158095389604568,-0.030999917536973953,0.47647830843925476,0.08494669944047928,-0.03100014105439186
42,0.13179944455623627,0.5092480182647705,-1.1026661396026611,1.6217548847198486,0.2976604998111725,1.2863123416900635,-0.10032545030117035,0.7309343814849854,0.49906453490257263,0.03568042814731598,-0.2520535886287689,0.02022927813231945,0.40801161527633667,0.3664562702178955,-0.083457350730896,0.05640237778425217,-0.009305351413786411,0.6030126810073853,0.2239244431257248,1.1797267198562622,0.5489880442619324,1.7199769020080566,-0.13992542028427124,0.7307207584381104,-0.3183028995990753,0.19363123178482056,0.3105412721633911,0.14661133289337158,0.4050043523311615,-0.3705136179924011,-0.2608555257320404,0.3305574059486389,0.4036572575569153,-0.09851741790771484,0.16145817935466766,-0.75411057472229,-0.6352644562721252,0.1666022688150406,-0.06916529685258865,-0.17544591426849365,-0.9820564985275269,0.16022399067878723,-0.07207393646240234,0.06951543688774109,-0.22639727592468262,-0.8279258608818054,-0.5131112337112427,-0.8693495392799377,0.4093364477157593,-0.27690279483795166,0.3401057720184326,0.006682872772216797,-0.031000029295682907,0.238242506980896,0.9712057709693909,5.226772827882087e-07,-0.9712057709693909,0.238242506980896,1.5682398952776566e-06,0.20373323559761047,-0.07158095389604568,-0.030999906361103058,0.47647830843925476,0.08494669944047928,-0.031000152230262756
43,0.16345413029193878,0.5044240355491638,-1.1251020431518555,1.6251949071884155,0.3255486488342285,1.3130005598068237,-0.10401426255702972,0.730840265750885,0.48945116996765137,-0.1464884877204895,-0.3289016783237457,0.10870549082756042,0.39330828189849854,0.3685525059700012,-0.052481625229120255,0.23436033725738525,-0.028287595137953758,0.6148213744163513,0.24485649168491364,1.1964926719665527,0.5771349668502808,1.6934573650360107,-0.1569727063179016,0.7307770848274231,-0.27134138345718384,0.13831311464309692,0.29992756247520447,0.2793957591056824,0.4014539420604706,-0.37954866886138916,-0.2409171611070633,0.26152706146240234,0.41248244047164917,-0.08209609985351562,0.16536405682563782,-0.7509703636169434,-0.645525336265564,0.13907088339328766,-0.05224771052598953,-0.15185976028442383,-0.9870202541351318,0.1747215986251831,-0.057683467864990234,0.06718221306800842,-0.237906813621521,-0.8006789088249207,-0.5498305559158325,-0.8468888401985168,0.44817835092544556,-0.28620871901512146,0.3401057720184326,0.006682872772216797,-0.031000029295682907,0.238242506980896,0.9712057709693909,4.711110364041815e-07,-0.9712057709693909,0.238242506980896,1.7637748896959238e-06,0.20373323559761047,-0.07158095389604568,-0.03099988028407097,0.47647830843925476,0.08494669944047928,-0.031000178307294846
44,0.19404947757720947,0.4980381727218628,-1.1516671180725098,1.628524661064148,0.34703192114830017,1.3379087448120117,-0.10969845205545425,0.730937123298645,0.4506451189517975,-0.11780551820993423,-0.37723085284233093,0.06698330491781235,0.2985832691192627,0.3486216962337494,-0.08103591948747635,0.11844326555728912,-0.03863254189491272,0.6256273984909058,0.26665326952934265,1.2179425954818726,0.6046112179756165,1.667217493057251,-0.1706712394952774,0.7308875322341919,-0.07598573714494705,0.134701207280159,0.35440850257873535,0.3310483694076538,0.3955315351486206,-0.37146732211112976,-0.1931961327791214,0.12332185357809067,0.4180455803871155,-0.06920099258422852,0.17131805419921875,-0.7473647594451904,-0.6540024280548096,0.11716172099113464,-0.03809767961502075,-0.1338658332824707,-0.9902669191360474,0.18933063745498657,-0.04160499572753906,0.06609369814395905,-0.23931527137756348,-0.7749151587486267,-0.5850082039833069,-0.8253970742225647,0.4796667695045471,-0.29772377014160156,0.340105801820755,0.006682872772216797,-0.031000029295682907,0.238242506980896,0.9712057709693909,4.6637742912025715e-07,-0.9712057709693909,0.238242506980896,1.5525122307735728e-06,0.20373326539993286,-0.07158095389604568,-0.03099990263581276,0.47647833824157715,0.08494669944047928,-0.031000155955553055
45,0.22042307257652283,0.49786490201950073,-1.179534912109375,1.6323254108428955,0.35370907187461853,1.3569127321243286,-0.11730744689702988,0.7310041189193726,0.3755832016468048,-0.006786261219531298,-0.39887768030166626,0.06394310295581818,0.09141780436038971,0.2649213373661041,-0.10641183704137802,-0.006039599422365427,-0.03523067757487297,0.630901575088501,0.29058343172073364,1.241716980934143,0.6317852735519409,1.642041802406311,-0.18051031231880188,0.7310242056846619,0.1729450523853302,0.008303691633045673,0.42688223719596863,0.3791331350803375,0.3975851535797119,-0.35228538513183594,-0.13788552582263947,-0.036321915686130524,0.4181500971317291,-0.063232421875,0.17693790793418884,-0.7418538331985474,-0.6605129837989807,0.11565257608890533,-0.03834069147706032,-0.1304076910018921,-0.9907188415527344,0.20147889852523804,-0.022244930267333984,0.06781977415084839,-0.2256540060043335,-0.7520618438720703,-0.6192604303359985,-0.8083248138427734,0.49934202432632446,-0.3118792176246643,0.3401057720184326,0.006682872772216797,-0.031000029295682907,0.238242506980896,0.9712057709693909,4.276241725165164e-07,-0.9712057709693909,0.238242506980896,1.6981028920781682e-06,0.20373323559761047,-0.07158095389604568,-0.030999884009361267,0.47647830843925476,0.08494669944047928,-0.031000174582004547
46,0.2398310899734497,0.5007849931716919,-1.2067614793777466,1.6383742094039917,0.346946120262146,1.3720518350601196,-0.12463054805994034,0.7311224341392517,0.24905231595039368,0.013064300641417503,-0.4141026437282562,0.10111133009195328,-0.0996861532330513,0.20814624428749084,-0.10294198244810104,0.042718466371297836,-0.022586936131119728,0.6310750246047974,0.31637731194496155,1.266373634338379,0.6588380932807922,1.6190557479858398,-0.18851061165332794,0.7310972213745117,0.2936234474182129,-0.06231231987476349,0.4491083025932312,0.3860718905925751,0.3956204950809479,-0.31984958052635193,-0.11111993342638016,-0.14570312201976776,0.41328978538513184,-0.06393671035766602,0.183353990316391,-0.7374117374420166,-0.6627933382987976,0.13011188805103302,-0.049328483641147614,-0.13927185535430908,-0.989024817943573,0.21075105667114258,-0.0002617835998535156,0.07286244630813599,-0.2013639211654663,-0.7297125458717346,-0.6534311771392822,-0.7952515482902527,0.5112558007240295,-0.32587194442749023,0.3401057720184326,0.006682872772216797,-0.031000029295682907,0.238242506980896,0.9712057709693909,4.909568360744743e-07,-0.9712057709693909,0.238242506980896,1.4957847724872408e-06,0.20373323559761047,-0.07158095389604568,-0.030999913811683655,0.47647830843925476,0.08494669944047928,-0.03100014477968216
47,0.2608194053173065,0.49796852469444275,-1.2314614057540894,1.6448520421981812,0.34269529581069946,1.3913743495941162,-0.13352234661579132,0.7312667965888977,0.426413357257843,-0.07094946503639221,-0.32356736063957214,0.18647471070289612,-0.028268683701753616,0.25667569041252136,-0.10075290501117706,-0.10464273393154144,-0.008773432113230228,0.6308125853538513,0.33897456526756287,1.2889500856399536,0.6834790706634521,1.597349762916565,-0.19533397257328033,0.7308673858642578,0.15370917320251465,0.030278323218226433,0.31390389800071716,0.31519022583961487,0.3539902865886688,-0.29936349391937256,-0.1294640302658081,0.06218826398253441,0.41027528047561646,-0.061079978942871094,0.19065147638320923,-0.7305033206939697,-0.6692417860031128,0.1359422206878662,-0.05453038215637207,-0.14126431941986084,-0.9884688854217529,0.21832367777824402,0.020447254180908203,0.07843461632728577,-0.17801976203918457,-0.7084351181983948,-0.6829558610916138,-0.7833371162414551,0.5220774412155151,-0.33736956119537354,0.3401057720184326,0.006682872772216797,-0.031000029295682907,0.238242506980896,0.9712057709693909,4.3202663846386713e-07,-0.9712057709693909,0.238242506980896,1.3620166328109917e-06,0.20373323559761047,-0.07158095389604568,-0.03099992126226425,0.47647830843925476,0.08494669944047928,-0.031000137329101562
48,0.2879565954208374,0.49195417761802673,-1.2482798099517822,1.6543184518814087,0.34347042441368103,1.410429835319519,-0.14469172060489655,0.7315381169319153,0.4806062877178192,-0.11889985203742981,-0.28400465846061707,0.0993499904870987,0.36407580971717834,0.2292066216468811,-0.23642730712890625,0.4412040412425995,0.0011238943552598357,0.6310974359512329,0.3531365990638733,1.3077397346496582,0.70476895570755,1.574577808380127,-0.20142748951911926,0.730639636516571,0.15162241458892822,-0.014406685717403889,0.18558324873447418,0.2632633149623871,0.23591233789920807,-0.27887699007987976,-0.9995664358139038,0.120818130671978,0.4148712158203125,-0.05184364318847656,0.19804823398590088,-0.7135597467422485,-0.6879355311393738,0.13257867097854614,-0.049793899059295654,-0.13895976543426514,-0.9890453219413757,0.22730478644371033,0.0368494987487793,0.08186693489551544,-0.16242969036102295,-0.6903485059738159,-0.7050073742866516,-0.767745316028595,0.5372456312179565,-0.3491908013820648,0.3401057720184326,0.006682872772216797,-0.031000029295682907,0.238242506980896,0.9712057709693909,5.242883389655617e-07,-0.9712057709693909,0.238242506980896,1.563538035043166e-06,0.20373323559761047,-0.07158095389604568,-0.030999910086393356,0.47647830843925476,0.08494669944047928,-0.031000148504972458
49,0.31575244665145874,0.4914587438106537,-1.2629653215408325,1.6627676486968994,0.3408313989639282,1.426257610321045,-0.15545423328876495,0.7317937016487122,0.44290891289711,0.029478998854756355,-0.23833432793617249,0.07162349671125412,0.05236469954252243,0.29561492800712585,0.39122718572616577,-0.31074175238609314,0.010628831572830677,0.6306094527244568,0.360355019569397,1.3224886655807495,0.7235499620437622,1.553304672241211,-0.2001969814300537,0.7304800748825073,0.18573805689811707,0.011169332079589367,0.08750038594007492,0.1802876889705658,0.2199047952890396,-0.2429734170436859,-0.89565110206604,0.522864818572998,0.4191781282424927,-0.043005943298339844,0.2034023106098175,-0.6935951709747314,-0.707186758518219,0.13715867698192596,-0.05164063721895218,-0.1410996913909912,-0.9886475801467896,0.2359999418258667,0.04995155334472656,0.08408083021640778,-0.15548408031463623,-0.6791998744010925,-0.7172950506210327,-0.751630425453186,0.5525165796279907,-0.36024603247642517,0.3401057720184326,0.006682872772216797,-0.031000029295682907,0.238242506980896,0.9712057709693909,4.727234568235872e-07,-0.9712057709693909,0.238242506980896,1.7590433571967878e-06,0.20373323559761047,-0.07158095389604568,-0.03099988028407097,0.47647830843925476,0.08494669944047928,-0.031000178307294846
50,0.3398998975753784,0.48904746770858765,-1.2751281261444092,1.6716681718826294,0.33892616629600525,1.4361140727996826,-0.16491568088531494,0.7317842245101929,0.32604843378067017,-0.029226399958133698,-0.17066895961761475,0.23307731747627258,0.29869627952575684,-0.10229842364788055,-0.12048190087080002,-0.15628203749656677,0.018014682456851006,0.6279078722000122,0.3644983470439911,1.33633553981781,0.7421121597290039,1.5336965322494507,-0.1957819014787674,0.7303884029388428,0.009982073679566383,-0.08919507265090942,0.04959840700030327,0.2949329614639282,0.25454050302505493,-0.2502135634422302,-0.8712188005447388,0.604814350605011,0.42457225918769836,-0.03614187240600586,0.20949453115463257,-0.6752911806106567,-0.7242075800895691,0.13966117799282074,-0.04769445210695267,-0.14608323574066162,-0.9881219267845154,0.24590319395065308,0.06135368347167969,0.08693118393421173,-0.15281379222869873,-0.6699377298355103,-0.7265199422836304,-0.7332220077514648,0.5697583556175232,-0.37116140127182007,0.340105801820755,0.006682872772216797,-0.031000029295682907,0.238242506980896,0.9712057709693909,4.786849672200333e-07,-0.9712057709693909,0.238242506980896,1.5426894606207497e-06,0.20373326539993286,-0.07158095389604568,-0.030999906361103058,0.47647833824157715,0.08494669944047928,-0.031000152230262756
51,0.3595057427883148,0.4916204512119293,-1.2855709791183472,1.6901901960372925,0.3389907777309418,1.4330556392669678,-0.17081864178180695,0.7318710684776306,0.2963707149028778,0.05725764110684395,-0.173566997051239,0.3480152487754822,0.058515533804893494,0.08714517951011658,0.49705806374549866,-0.3045949637889862,0.016053346917033195,0.6199772953987122,0.36508193612098694,1.355357050895691,0.7620154023170471,1.5147311687469482,-0.18645033240318298,0.7305277585983276,-0.061752233654260635,-0.1826099157333374,-0.012204190716147423,0.36084723472595215,0.3301205635070801,-0.22178886830806732,-0.5323060750961304,0.7044429183006287,0.435288667678833,-0.03445720672607422,0.2190793752670288,-0.6585606336593628,-0.7379149794578552,0.14757834374904633,-0.03331512585282326,-0.16732895374298096,-0.9853380918502808,0.2638058662414551,0.07007646560668945,0.09218278527259827,-0.15612709522247314,-0.6599966287612915,-0.7348663806915283,-0.7026796340942383,0.5970795154571533,-0.3869589865207672,0.3401057720184326,0.006682872772216797,-0.031000029295682907,0.238242506980896,0.9712057709693909,4.22785831233341e-07,-0.9712057709693909,0.238242506980896,1.350325419480214e-06,0.20373323559761047,-0.07158095389604568,-0.03099992126226425,0.47647830843925476,0.08494669944047928,-0.031000137329101562
52,0.38101649284362793,0.49054399132728577,-1.2989033460617065,1.709307074546814,0.3414212763309479,1.4341189861297607,-0.17705033719539642,0.7316934466362,0.35856539011001587,-0.04967823252081871,-0.25019246339797974,0.29745739698410034,0.37164896726608276,-0.11931271106004715,-0.1315101683139801,0.1878109574317932,0.01562526449561119,0.6128777861595154,0.368570476770401,1.3768887519836426,0.7835384607315063,1.4951509237289429,-0.17714224755764008,0.7305774688720703,-0.013258040882647038,-0.14967258274555206,0.07678914070129395,0.33147773146629333,0.2400939017534256,-0.23027975857257843,-1.016456127166748,0.23920103907585144,0.4457435607910156,-0.031002044677734375,0.23017331957817078,-0.6425187587738037,-0.7513641119003296,0.15040457248687744,-0.01507517695426941,-0.18384873867034912,-0.9828388690948486,0.2815227508544922,0.08050203323364258,0.09944269061088562,-0.15711772441864014,-0.6472604274749756,-0.7459007501602173,-0.6716141700744629,0.6237683296203613,-0.39980924129486084,0.3401057720184326,0.006682872772216797,-0.031000029295682907,0.238242506980896,0.9712057709693909,5.108903451400693e-07,-0.9712057709693909,0.238242506980896,1.5530840755673125e-06,0.20373323559761047,-0.07158095389604568,-0.030999906361103058,0.47647830843925476,0.08494669944047928,-0.031000152230262756
53,0.3995508551597595,0.4938559830188751,-1.3099790811538696,1.7291274070739746,0.3427225947380066,1.4332377910614014,-0.17679859697818756,0.7318600416183472,0.29772230982780457,0.0890045166015625,-0.2057037353515625,0.31470850110054016,0.2132466435432434,-0.003324465826153755,0.587112307548523,-0.3092333674430847,0.014966154471039772,0.606920599937439,0.3708118796348572,1.3972101211547852,0.80434650182724,1.4748594760894775,-0.16115623712539673,0.7305512428283691,-0.027067463845014572,-0.11489319056272507,0.024307159706950188,0.34392404556274414,0.2884221374988556,-0.23203888535499573,-0.7741187214851379,0.5269647836685181,0.45594924688339233,-0.028392314910888672,0.24023738503456116,-0.630968451499939,-0.7596169710159302,0.15767309069633484,-0.0001036226749420166,-0.2031545639038086,-0.9791466593742371,0.2992072105407715,0.08982706069946289,0.10647180676460266,-0.1647578477859497,-0.6377454400062561,-0.7524198293685913,-0.6395694613456726,0.6498105525970459,-0.4107276201248169,0.3401057720184326,0.006682872772216797,-0.031000029295682907,0.238242506980896,0.9712057709693909,4.727927489511785e-07,-0.9712057709693909,0.238242506980896,1.7757711248123087e-06,0.20373323559761047,-0.07158095389604568,-0.03099988028407097,0.47647830843925476,0.08494669944047928,-0.031000178307294846
54,0.41819265484809875,0.4967362880706787,-1.322685956954956,1.745296835899353,0.3482509255409241,1.4357484579086304,-0.17691609263420105,0.7316872477531433,0.2797835171222687,0.03651433438062668,-0.18994943797588348,0.24051108956336975,0.15876959264278412,0.16521227359771729,0.57989102602005,-0.27119892835617065,0.01705283671617508,0.6061199903488159,0.37509214878082275,1.4174212217330933,0.8258880376815796,1.4533237218856812,-0.14675474166870117,0.7305942177772522,0.03704661503434181,-0.019541239365935326,0.056106820702552795,0.3386961817741394,0.3492116630077362,-0.2592577040195465,-0.38907507061958313,0.6313704252243042,0.46474239230155945,-0.023955345153808594,0.2487403154373169,-0.6214718818664551,-0.7669703960418701,0.15977950394153595,0.014257075265049934,-0.21498513221740723,-0.9765133261680603,0.3146437704563141,0.10056114196777344,0.11312560737133026,-0.17302143573760986,-0.6262297034263611,-0.7601973414421082,-0.6107098460197449,0.673761248588562,-0.41602805256843567,0.340105801820755,0.006682872772216797,-0.031000029295682907,0.238242506980896,0.9712057709693909,4.904306933894986e-07,-0.9712057709693909,0.238242506980896,1.55497832565743e-06,0.20373326539993286,-0.07158095389604568,-0.030999906361103058,0.47647833824157715,0.08494669944047928,-0.031000152230262756
55,0.4358406066894531,0.501130223274231,-1.3348292112350464,1.7572554349899292,0.35597312450408936,1.4389522075653076,-0.1744275540113449,0.7316493988037109,0.2859835922718048,0.091945581138134,-0.2028232365846634,0.17336896061897278,0.26730161905288696,-0.06506244838237762,0.10036538541316986,-0.2384820580482483,0.020965667441487312,0.6108819246292114,0.3801685571670532,1.4364794492721558,0.8478736877441406,1.4318331480026245,-0.13098359107971191,0.7305954694747925,0.07181986421346664,0.0800456553697586,0.08028296381235123,0.27487999200820923,0.26753148436546326,-0.28439265489578247,-0.4259515404701233,0.29717281460762024,0.47230398654937744,-0.018601417541503906,0.2547559440135956,-0.6152608394622803,-0.7719554901123047,0.15980879962444305,0.02568814530968666,-0.22224462032318115,-0.9746525287628174,0.32769501209259033,0.11184930801391602,0.11867696046829224,-0.18639063835144043,-0.614501416683197,-0.7665810585021973,-0.5858537554740906,0.6958736181259155,-0.41537368297576904,0.3401057720184326,0.006682872772216797,-0.031000029295682907,0.238242506980896,0.9712057709693909,4.397996917759883e-07,-0.9712057709693909,0.238242506980896,1.706649186417053e-06,0.20373323559761047,-0.07158095389604568,-0.030999884009361267,0.47647830843925476,0.08494669944047928,-0.031000174582004547
56,0.45197537541389465,0.5061604976654053,-1.346728801727295,1.7708611488342285,0.3644285500049591,1.4402726888656616,-0.16767531633377075,0.7316155433654785,0.24577847123146057,0.0669378861784935,-0.19657862186431885,0.24821294844150543,0.19217287003993988,0.14299602806568146,0.571039617061615,-0.2396845668554306,0.02505984716117382,0.6135889291763306,0.38352715969085693,1.4558998346328735,0.8696672916412354,1.4093860387802124,-0.11144187301397324,0.7306071519851685,0.04908255487680435,-0.004650925751775503,0.03597697988152504,0.3389532268047333,0.34425169229507446,-0.28972291946411133,-0.13881993293762207,0.6106687784194946,0.48053157329559326,-0.013951778411865234,0.2615235447883606,-0.6127352714538574,-0.7740252017974854,0.15950094163417816,0.03930032625794411,-0.23142027854919434,-0.9720597267150879,0.34203243255615234,0.12235307693481445,0.12491527199745178,-0.20197618007659912,-0.6036971211433411,-0.771203875541687,-0.5580012202262878,0.7180619239807129,-0.4159587323665619,0.3401057720184326,0.006682872772216797,-0.031000029295682907,0.238242506980896,0.9712057709693909,5.074430191598367e-07,-0.9712057709693909,0.238242506980896,1.5031619113869965e-06,0.20373323559761047,-0.07158095389604568,-0.030999913811683655,0.47647830843925476,0.08494669944047928,-0.03100014477968216
57,0.46937295794487,0.5081236958503723,-1.3601105213165283,1.7799248695373535,0.37762176990509033,1.4480795860290527,-0.16071639955043793,0.7314524054527283,0.27469852566719055,0.029987268149852753,-0.18832002580165863,0.10079817473888397,0.24488627910614014,0.23366481065750122,0.4559282660484314,-0.21160201728343964,0.03293272852897644,0.6227185130119324,0.39048439264297485,1.4759564399719238,0.8927251100540161,1.3863638639450073,-0.09264694899320602,0.7306812405586243,0.14961493015289307,0.16696390509605408,0.09971527755260468,0.3049238622188568,0.35381096601486206,-0.3044430911540985,-0.09632393717765808,0.4155803322792053,0.4868740439414978,-0.006256580352783203,0.26646775007247925,-0.6121219396591187,-0.7763665914535522,0.15020513534545898,0.05204647779464722,-0.22909283638000488,-0.9720121026039124,0.35294631123542786,0.13553094863891602,0.13071385025978088,-0.2189502716064453,-0.5904363989830017,-0.7768177390098572,-0.5362011790275574,0.7379559278488159,-0.4097674787044525,0.3401057720184326,0.006682872772216797,-0.031000029295682907,0.238242506980896,0.9712057709693909,4.2407634737173794e-07,-0.9712057709693909,0.238242506980896,1.3816651289744186e-06,0.20373323559761047,-0.07158095389604568,-0.030999917536973953,0.47647830843925476,0.08494669944047928,-0.03100014105439186
58,0.4856911897659302,0.5083157420158386,-1.3720035552978516,1.7882728576660156,0.39008021354675293,1.4548777341842651,-0.1509455293416977,0.7313439846038818,0.24991567432880402,-0.015922561287879944,-0.18728116154670715,0.15606938302516937,0.2044619917869568,0.21542596817016602,0.5278795957565308,-0.15808816254138947,0.041713591665029526,0.6316182613372803,0.3960784077644348,1.495951771736145,0.9168300032615662,1.3649622201919556,-0.07134541869163513,0.7307040095329285,0.1263200342655182,0.1009761244058609,0.07535034418106079,0.3325488269329071,0.37295299768447876,-0.2901676893234253,0.13024336099624634,0.46151837706565857,0.49301451444625854,0.0012941360473632812,0.27145013213157654,-0.6135662794113159,-0.7772882580757141,0.1391388475894928,0.06573145091533661,-0.22586846351623535,-0.9719377756118774,0.3634204864501953,0.14844131469726562,0.13720713555812836,-0.23937880992889404,-0.5767008662223816,-0.7810978293418884,-0.5149957537651062,0.7574102878570557,-0.4013839066028595,0.340105801820755,0.006682872772216797,-0.031000029295682907,0.238242506980896,0.9712057709693909,5.265142704047321e-07,-0.9712057709693909,0.238242506980896,1.5857689277254394e-06,0.20373326539993286,-0.07158095389604568,-0.030999906361103058,0.47647833824157715,0.08494669944047928,-0.031000152230262756
59,0.5012365579605103,0.5032305121421814,-1.3834222555160522,1.7950140237808228,0.4032251834869385,1.4605923891067505,-0.1401396095752716,0.7311611175537109,0.2233635038137436,-0.10432277619838715,-0.16308577358722687,0.11932076513767242,0.1906384378671646,0.2614743113517761,0.5099018812179565,-0.07663612067699432,0.04974782466888428,0.6403830647468567,0.4022800922393799,1.51638925075531,0.9430949091911316,1.3473095893859863,-0.04988252744078636,0.7307654023170471,0.1271943300962448,0.11200907826423645,0.0792975127696991,0.32698726654052734,0.4163580536842346,-0.23997020721435547,0.29581135511398315,0.4589584469795227,0.49883803725242615,0.008695602416992188,0.2772999405860901,-0.6168043613433838,-0.7776010036468506,0.12202157080173492,0.08386293798685074,-0.2190636396408081,-0.9720998406410217,0.3730446696281433,0.16136884689331055,0.14564742147922516,-0.2618839740753174,-0.5597389340400696,-0.7861990928649902,-0.4955952763557434,0.7770142555236816,-0.3881162703037262,0.3401057720184326,0.006682872772216797,-0.031000029295682907,0.238242506980896,0.9712057709693909,4.618106004272704e-07,-0.9712057709693909,0.238242506980896,1.7463571566622704e-06,0.20373323559761047,-0.07158095389604568,-0.03099988028407097,0.47647830843925476,0.08494669944047928,-0.031000178307294846
60,0.5141832232475281,0.49526044726371765,-1.3916560411453247,1.7993704080581665,0.4151531159877777,1.4661004543304443,-0.12868085503578186,0.7310807704925537,0.17945820093154907,-0.13165505230426788,-0.1082991361618042,0.07804929465055466,0.1499166339635849,0.2688772678375244,0.5358926057815552,-0.041288554668426514,0.057818375527858734,0.6498000025749207,0.4080946147441864,1.5344257354736328,0.9706520438194275,1.334220290184021,-0.028826167806982994,0.7308077216148376,0.12781070172786713,0.13595308363437653,0.0727805495262146,0.28283166885375977,0.43703019618988037,-0.17981350421905518,0.4005652666091919,0.439413845539093,0.503572404384613,0.01588916778564453,0.2822698950767517,-0.6208219528198242,-0.7772699594497681,0.10213498771190643,0.10132582485675812,-0.2087467908859253,-0.9727064967155457,0.38022318482398987,0.1737518310546875,0.15440289676189423,-0.2874727249145508,-0.5415360331535339,-0.7899988293647766,-0.48077720403671265,0.7949607968330383,-0.3699873387813568,0.340105801820755,0.006682872772216797,-0.03100002557039261,0.238242506980896,0.9712057709693909,4.6360790406652086e-07,-0.9712057709693909,0.238242506980896,1.5311684364860412e-06,0.20373326539993286,-0.07158095389604568,-0.03099990263581276,0.47647833824157715,0.08494669944047928,-0.031000148504972458
61,0.5226343870162964,0.48574700951576233,-1.394907832145691,1.8041101694107056,0.4252481460571289,1.4682707786560059,-0.11756791919469833,0.7310174107551575,0.1340542584657669,-0.1648016721010208,-0.053474824875593185,0.1257573366165161,0.17439045011997223,0.003547194181010127,0.14972318708896637,0.09358911216259003,0.0668250173330307,0.6593324542045593,0.4129602015018463,1.546988606452942,0.9988790154457092,1.3281370401382446,-0.008187310770154,0.730851411819458,0.20519483089447021,0.15332743525505066,0.1064659059047699,0.14411364495754242,0.3859241306781769,-0.07316904515028,0.2454087734222412,0.20153413712978363,0.508611261844635,0.021763324737548828,0.28725212812423706,-0.6241469383239746,-0.7769833207130432,0.08208202570676804,0.12003529071807861,-0.19916951656341553,-0.9725857973098755,0.38274139165878296,0.18531274795532227,0.16259586811065674,-0.31660914421081543,-0.5243894457817078,-0.7904267907142639,-0.47440940141677856,0.8091273307800293,-0.3467690348625183,0.3401057720184326,0.006682872772216797,-0.031000029295682907,0.238242506980896,0.9712057709693909,4.2052505477840896e-07,-0.9712057709693909,0.238242506980896,1.3317561524672783e-06,0.20373323559761047,-0.07158095389604568,-0.03099992498755455,0.47647830843925476,0.08494669944047928,-0.031000133603811264
62,0.5228525400161743,0.47975286841392517,-1.3969154357910156,1.815131425857544,0.43051061034202576,1.4633457660675049,-0.10797770321369171,0.7310429811477661,-0.09806502610445023,-0.06381855905056,-0.13170892000198364,0.23977501690387726,0.05889395996928215,-0.14755389094352722,0.12847749888896942,-0.026803776621818542,0.08282814919948578,0.6672793626785278,0.4170271158218384,1.554905652999878,1.0262072086334229,1.325906753540039,0.01347559317946434,0.7309602499008179,0.41037896275520325,0.10860710591077805,0.16878339648246765,0.09329887479543686,0.37983864545822144,-0.01623792201280594,0.30187463760375977,0.04468550160527229,0.5137534141540527,0.02119159698486328,0.2949661314487457,-0.6295702457427979,-0.7736287713050842,0.07169390469789505,0.13962669670581818,-0.20343363285064697,-0.969081699848175,0.3788343071937561,0.19835710525512695,0.17018002271652222,-0.34418153762817383,-0.5121080279350281,-0.7869463562965393,-0.47826337814331055,0.8168904185295105,-0.32241931557655334,0.3401057720184326,0.006682872772216797,-0.031000029295682907,0.238242506980896,0.9712057709693909,5.150614583726565e-07,-0.9712057709693909,0.238242506980896,1.5305244005503482e-06,0.20373323559761047,-0.07158095389604568,-0.030999910086393356,0.47647830843925476,0.08494669944047928,-0.031000148504972458
63,0.5205211043357849,0.46678364276885986,-1.3932167291641235,1.8200063705444336,0.43246668577194214,1.4626593589782715,-0.09846456348896027,0.731062650680542,-0.01602133736014366,-0.16403764486312866,0.13323083519935608,-0.00518073420971632,-0.051984965801239014,0.10658525675535202,0.0760992020368576,0.02090979367494583,0.10148416459560394,0.6734381318092346,0.4202732741832733,1.5595389604568481,1.0550845861434937,1.3296420574188232,0.035024311393499374,0.7309454679489136,0.10934333503246307,0.08498387783765793,-0.02216264046728611,0.1216239407658577,0.414692759513855,0.03274213522672653,-0.11767074465751648,0.17631617188453674,0.5157801508903503,0.02184152603149414,0.3001137971878052,-0.6351044178009033,-0.7704247236251831,0.055571287870407104,0.15496259927749634,-0.19756436347961426,-0.9679642915725708,0.3707953095436096,0.21159791946411133,0.17868700623512268,-0.37205255031585693,-0.5014767050743103,-0.7810876965522766,-0.48888149857521057,0.8211881518363953,-0.29435503482818604,0.3401057720184326,0.006682872772216797,-0.031000029295682907,0.238242506980896,0.9712057709693909,4.400725401865202e-07,-0.9712057709693909,0.238242506980896,1.4066355333852698e-06,0.20373323559761047,-0.07158095389604568,-0.030999917536973953,0.47647830843925476,0.08494669944047928,-0.03100014105439186
64,0.515883207321167,0.45834484696388245,-1.3800139427185059,1.8137110471725464,0.4313969314098358,1.4659922122955322,-0.09003014862537384,0.7310338616371155,-0.09154431521892548,-0.08197138458490372,0.2507760226726532,-0.176598459482193,-0.06725804507732391,0.13995273411273956,0.28754884004592896,0.020849375054240227,0.11073000729084015,0.6811779737472534,0.416058748960495,1.5562156438827515,1.0856972932815552,1.3382980823516846,0.055318865925073624,0.7310006022453308,0.16103915870189667,0.17056846618652344,-0.04130954295396805,-0.06800653785467148,0.43532583117485046,0.13411486148834229,0.07405267655849457,0.2151561975479126,0.514980137348175,0.025712966918945312,0.29623305797576904,-0.638141393661499,-0.7686918377876282,0.04345715418457985,0.15339107811450958,-0.18224656581878662,-0.9712143540382385,0.36654138565063477,0.21793699264526367,0.18292191624641418,-0.41244709491729736,-0.49112048745155334,-0.7672600746154785,-0.49364134669303894,0.8283510804176331,-0.2648635506629944,0.340105801820755,0.006682872772216797,-0.031000029295682907,0.238242506980896,0.9712057709693909,4.899813461634039e-07,-0.9712057709693909,0.238242506980896,1.5678715499234386e-06,0.20373326539993286,-0.07158095389604568,-0.03099990263581276,0.47647833824157715,0.08494669944047928,-0.031000155955553055
65,0.5076638460159302,0.4528273344039917,-1.3604127168655396,1.8048906326293945,0.4258071780204773,1.4708303213119507,-0.08245114982128143,0.7310388088226318,-0.13199061155319214,-0.04601676017045975,0.3199869990348816,-0.17404206097126007,-0.13494306802749634,0.15584787726402283,0.2873951494693756,0.04502975195646286,0.12343719601631165,0.6906634569168091,0.4080026149749756,1.5482211112976074,1.1161136627197266,1.3494938611984253,0.07591038197278976,0.7309943437576294,0.20514899492263794,0.17658138275146484,-0.10702366381883621,-0.12421583384275436,0.433210551738739,0.16361138224601746,0.02544724941253662,0.17862437665462494,0.5126889944076538,0.02996826171875,0.28885123133659363,-0.6397106647491455,-0.7676999568939209,0.03751125931739807,0.14246875047683716,-0.16639184951782227,-0.975713312625885,0.3596435785293579,0.22353553771972656,0.1841132938861847,-0.455220103263855,-0.48541757464408875,-0.7464211583137512,-0.5019829273223877,0.8323037028312683,-0.2351248562335968,0.3401057720184326,0.006682872772216797,-0.031000029295682907,0.238242506980896,0.9712057709693909,4.5636693357664626e-07,-0.9712057709693909,0.238242506980896,1.7122224562626798e-06,0.20373323559761047,-0.07158095389604568,-0.030999884009361267,0.47647830843925476,0.08494669944047928,-0.031000174582004547
66,0.5014743208885193,0.4448063373565674,-1.3421006202697754,1.7984514236450195,0.4226900637149811,1.4773194789886475,-0.07470273971557617,0.7309718132019043,-0.07463745027780533,-0.12716487050056458,0.2770634591579437,-0.1284693032503128,-0.04183584451675415,0.11690326780080795,0.10122920572757721,0.046647995710372925,0.13803504407405853,0.7020692825317383,0.40043362975120544,1.5398542881011963,1.1463080644607544,1.3595713376998901,0.09689096361398697,0.7310147881507874,0.236714169383049,0.19576524198055267,-0.09561078995466232,-0.1367095410823822,0.42499735951423645,0.14382101595401764,0.26272937655448914,0.007502051070332527,0.5114404559135437,0.03581857681274414,0.28348487615585327,-0.6398519277572632,-0.7680100798606873,0.027388252317905426,0.1361687183380127,-0.1483769416809082,-0.9795113801956177,0.35189008712768555,0.22975587844848633,0.18431591987609863,-0.4973193407058716,-0.4813743233680725,-0.721770167350769,-0.5104871988296509,0.8350465893745422,-0.20518279075622559,0.3401057720184326,0.006682872772216797,-0.031000029295682907,0.238242506980896,0.9712057709693909,4.4679558186544455e-07,-0.9712057709693909,0.238242506980896,1.5108379329831223e-06,0.20373323559761047,-0.07158095389604568,-0.030999906361103058,0.47647830843925476,0.08494669944047928,-0.031000152230262756
67,0.4986511766910553,0.4317258894443512,-1.3275965452194214,1.7999718189239502,0.42544692754745483,1.4848253726959229,-0.0664617121219635,0.7308543920516968,0.0008369041024707258,-0.25204160809516907,0.19069871306419373,0.06129699572920799,0.043968141078948975,0.11413249373435974,0.11579157412052155,0.22965922951698303,0.15692658722400665,0.7145636677742004,0.3942289650440216,1.5352438688278198,1.1750150918960571,1.3641172647476196,0.11841803044080734,0.7310083508491516,0.33834609389305115,0.21678411960601807,-0.06343390047550201,-0.09358019381761551,0.4036400318145752,0.06506626307964325,0.3054924011230469,0.025472959503531456,0.5134960412979126,0.04343414306640625,0.2840240001678467,-0.6375727653503418,-0.77034592628479,0.008255749940872192,0.14355137944221497,-0.12932443618774414,-0.9811565279960632,0.3442189395427704,0.238067626953125,0.18417620658874512,-0.5340713262557983,-0.4791831970214844,-0.6965281367301941,-0.5173552632331848,0.8368362784385681,-0.17902123928070068,0.3401057720184326,0.006682872772216797,-0.031000029295682907,0.238242506980896,0.9712057709693909,4.3466465626806894e-07,-0.9712057709693909,0.238242506980896,1.3551261872635223e-06,0.20373323559761047,-0.07158095389604568,-0.03099992126226425,0.47647830843925476,0.08494669944047928,-0.031000137329101562
68,0.4985980987548828,0.4151601791381836,-1.3200938701629639,1.8097822666168213,0.4334790110588074,1.4899235963821411,-0.05781049281358719,0.730789303779602,0.010023237206041813,-0.30340641736984253,0.0707610473036766,0.19407036900520325,0.11637496948242188,0.0628250315785408,0.119652658700943,0.2616443336009979,0.18184000253677368,0.7294355630874634,0.3926844894886017,1.5319052934646606,1.202358603477478,1.364841103553772,0.13998499512672424,0.7310091853141785,0.49917328357696533,0.26114973425865173,0.0425700917840004,-0.09292774647474289,0.3781619369983673,0.018606707453727722,0.30187925696372986,0.018544239923357964,0.5185286998748779,0.04999876022338867,0.2913609743118286,-0.6349947452545166,-0.7723243832588196,-0.01722821779549122,0.16561849415302277,-0.1143186092376709,-0.979541540145874,0.3323778212070465,0.24969100952148438,0.1836833655834198,-0.5656439065933228,-0.481243371963501,-0.6696653366088867,-0.5289634466171265,0.8347269296646118,-0.15306420624256134,0.3401057720184326,0.006682872772216797,-0.031000029295682907,0.238242506980896,0.9712057709693909,5.195352628106775e-07,-0.9712057709693909,0.238242506980896,1.5598531035720953e-06,0.20373323559761047,-0.07158095389604568,-0.030999906361103058,0.47647830843925476,0.08494669944047928,-0.031000152230262756
69,0.49937766790390015,0.39599719643592834,-1.3161274194717407,1.8220629692077637,0.4438602924346924,1.4941344261169434,-0.0486380010843277,0.7307660579681396,0.017848392948508263,-0.33068904280662537,0.028599387034773827,0.21516773104667664,0.14779838919639587,0.053413476794958115,0.1266183853149414,0.2923922836780548,0.2107658088207245,0.7433519959449768,0.39517849683761597,1.5325689315795898,1.2292953729629517,1.3639330863952637,0.16160939633846283,0.7310054302215576,0.516446053981781,0.19841468334197998,0.09602796286344528,-0.002623451640829444,0.3773518204689026,-0.0057649631053209305,0.3025321364402771,-0.0002863651607185602,0.5239944458007812,0.05570793151855469,0.30178597569465637,-0.6327981948852539,-0.7729070782661438,-0.04670516029000282,0.1940104067325592,-0.09986937046051025,-0.9759027361869812,0.31821924448013306,0.26384592056274414,0.1856846809387207,-0.5904223918914795,-0.4849998950958252,-0.6451175808906555,-0.5430500507354736,0.8300384283065796,-0.1270151287317276,0.3401057720184326,0.006682872772216797,-0.031000029295682907,0.238242506980896,0.9712057709693909,4.889000138064148e-07,-0.9712057709693909,0.238242506980896,1.7793503275242983e-06,0.20373323559761047,-0.07158095389604568,-0.03099988028407097,0.47647830843925476,0.08494669944047928,-0.031000178307294846
70,0.5000925064086914,0.376664400100708,-1.3159421682357788,1.8336124420166016,0.45653942227363586,1.4956721067428589,-0.03903046250343323,0.7307615876197815,-0.00398490484803915,-0.33470121026039124,-0.03087347373366356,0.19696243107318878,0.17807739973068237,0.015812627971172333,0.13262785971164703,0.29829835891723633,0.23964224755764008,0.7567397356033325,0.4007941484451294,1.5337244272232056,1.256346344947815,1.3634463548660278,0.18231694400310516,0.7310091257095337,0.5254966616630554,0.22372156381607056,0.134391188621521,-0.01830550655722618,0.3750721216201782,0.0009282568353228271,0.2896120846271515,0.007903389632701874,0.5291472673416138,0.05954122543334961,0.3134308159351349,-0.6325511932373047,-0.770567774772644,-0.07813102006912231,0.22558552026748657,-0.08679306507110596,-0.9703495502471924,0.30253273248672485,0.278378963470459,0.18920981884002686,-0.6123031377792358,-0.48956701159477234,-0.6208133101463318,-0.558143675327301,0.8237994313240051,-0.09914733469486237,0.340105801820755,0.006682872772216797,-0.031000029295682907,0.238242506980896,0.9712057709693909,4.852024062529381e-07,-0.9712057709693909,0.238242506980896,1.5688376606703969e-06,0.20373326539993286,-0.07158095389604568,-0.03099990263581276,0.47647833824157715,0.08494669944047928,-0.031000155955553055
71,0.4985630214214325,0.3567383885383606,-1.3145978450775146,1.8450984954833984,0.4687878489494324,1.4941275119781494,-0.02851753495633602,0.7307571768760681,-0.028360655531287193,-0.3382132351398468,-0.009744985029101372,0.1976758986711502,0.1741485446691513,-0.027478722855448723,0.14583304524421692,0.30236780643463135,0.269305557012558,0.7685532569885254,0.4053172767162323,1.5339728593826294,1.2831463813781738,1.3670397996902466,0.20276769995689392,0.7310227751731873,0.5240333676338196,0.18124006688594818,0.11844765394926071,-0.021401172503829002,0.37156441807746887,0.058603789657354355,0.2859097421169281,0.0031369782518595457,0.5342355966567993,0.06179046630859375,0.3258408010005951,-0.6328380107879639,-0.7664300799369812,-0.11000575125217438,0.258970707654953,-0.07562291622161865,-0.9629202485084534,0.2851947247982025,0.2918128967285156,0.19359561800956726,-0.6316055059432983,-0.49693259596824646,-0.5950902700424194,-0.5751178860664368,0.8150525093078613,-0.07020533829927444,0.3401057720184326,0.006682872772216797,-0.031000029295682907,0.238242506980896,0.9712057709693909,4.51543655799469e-07,-0.9712057709693909,0.238242506980896,1.713135134195909e-06,0.20373323559761047,-0.07158095389604568,-0.030999884009361267,0.47647830843925476,0.08494669944047928,-0.031000174582004547
72,0.4932436943054199,0.3386478126049042,-1.3123376369476318,1.8547884225845337,0.47867539525032043,1.4898490905761719,-0.017712220549583435,0.7308031320571899,-0.11104056239128113,-0.3022717237472534,-4.3318090320099145e-05,0.15253208577632904,0.1372700333595276,-0.06441313028335571,0.15008985996246338,0.24524430930614471,0.2989979088306427,0.7791343927383423,0.4079008996486664,1.531855583190918,1.3098787069320679,1.373890995979309,0.2226695567369461,0.7310374975204468,0.5215873122215271,0.18295834958553314,0.0819220170378685,-0.06681191921234131,0.36958178877830505,0.10313276946544647,0.2788979411125183,0.006476018577814102,0.537966251373291,0.06111574172973633,0.3373192250728607,-0.6358158588409424,-0.7593535780906677,-0.13827712833881378,0.28942057490348816,-0.06847679615020752,-0.9547495245933533,0.2669120728969574,0.3035717010498047,0.19779476523399353,-0.6493469476699829,-0.5069722533226013,-0.566857635974884,-0.5924386382102966,0.8045753240585327,-0.0409257747232914,0.3401057720184326,0.006682872772216797,-0.031000029295682907,0.238242506980896,0.9712057709693909,4.419516983489302e-07,-0.9712057709693909,0.238242506980896,1.5117743714654353e-06,0.20373323559761047,-0.07158095389604568,-0.030999906361103058,0.47647830843925476,0.08494669944047928,-0.031000152230262756
73,0.48142001032829285,0.32456040382385254,-1.3089261054992676,1.8619506359100342,0.4831465482711792,1.4817709922790527,-0.007389586418867111,0.730888307094574,-0.22615692019462585,-0.23330190777778625,0.014294983819127083,0.10092176496982574,0.05775446444749832,-0.11713042110204697,0.14339476823806763,0.15010865032672882,0.3285296559333801,0.7901695966720581,0.4081016182899475,1.5245213508605957,1.3368006944656372,1.3846980333328247,0.24207638204097748,0.731054961681366,0.5217694640159607,0.21261286735534668,0.0409398190677166,-0.1562659591436386,0.36883190274238586,0.1582324206829071,0.2717347741127014,0.004106947686523199,0.539271891117096,0.055151939392089844,0.3466630280017853,-0.6443865299224854,-0.7482064962387085,-0.1579655557870865,0.31332114338874817,-0.06989407539367676,-0.9470717310905457,0.24697238206863403,0.3130669593811035,0.2002391219139099,-0.6670732498168945,-0.5210326313972473,-0.5324832797050476,-0.6103973984718323,0.7920281887054443,-0.010315418243408203,0.3401057720184326,0.006682872772216797,-0.031000029295682907,0.238242506980896,0.9712057709693909,4.191794573671359e-07,-0.9712057709693909,0.238242506980896,1.3612562952403096e-06,0.20373323559761047,-0.07158095389604568,-0.03099992126226425,0.47647830843925476,0.08494669944047928,-0.031000137329101562
74,0.46394917368888855,0.313751220703125,-1.3023539781570435,1.8657912015914917,0.48162660002708435,1.4728296995162964,0.0023228961508721113,0.7309565544128418,-0.30366939306259155,-0.17148855328559875,0.06803446263074875,0.041957296431064606,-0.026916369795799255,-0.1266683042049408,0.13524281978607178,0.0663372278213501,0.3586340546607971,0.8027181029319763,0.4037759006023407,1.511393427848816,1.3638170957565308,1.3987720012664795,0.26126939058303833,0.7310537695884705,0.5195910334587097,0.2560805678367615,-0.037685129791498184,-0.24977220594882965,0.36829066276550293,0.20160263776779175,0.26869887113571167,0.015441767871379852,0.5379395484924316,0.04593324661254883,0.3527664542198181,-0.657097339630127,-0.7344900369644165,-0.16955074667930603,0.3282954692840576,-0.0763700008392334,-0.9414827823638916,0.2260698676109314,0.3199319839477539,0.1993408203125,-0.6847891807556152,-0.5395329594612122,-0.489865243434906,-0.6275073885917664,0.7783555388450623,0.019927682355046272,0.3401057720184326,0.006682872772216797,-0.031000029295682907,0.238242506980896,0.9712057709693909,5.040339488004975e-07,-0.9712057709693909,0.238242506980896,1.565974002915027e-06,0.20373323559761047,-0.07158095389604568,-0.030999906361103058,0.47647830843925476,0.08494669944047928,-0.031000152230262756
75,0.4462086260318756,0.3033795952796936,-1.2943990230560303,1.8678538799285889,0.4797888994216919,1.4662284851074219,0.012235680595040321,0.7309443950653076,-0.28754183650016785,-0.17544333636760712,0.08987564593553543,0.030271561816334724,-0.02807956375181675,-0.09395817667245865,0.1381910890340805,0.08119475096464157,0.38862529397010803,0.8167294263839722,0.39684414863586426,1.497428297996521,1.3905295133590698,1.4122145175933838,0.2806260585784912,0.7310409545898438,0.5099818110466003,0.2597392201423645,-0.0721304789185524,-0.2473209947347641,0.3663071095943451,0.1917010396718979,0.27095088362693787,0.019299734383821487,0.535768449306488,0.037754058837890625,0.35733017325401306,-0.6694793701171875,-0.7204564809799194,-0.18094177544116974,0.33979734778404236,-0.0804142951965332,-0.9370545744895935,0.2064582109451294,0.3254718780517578,0.1963283121585846,-0.7009029388427734,-0.5588873028755188,-0.44314810633659363,-0.641011118888855,0.7660459280014038,0.04773377999663353,0.3401057720184326,0.006682872772216797,-0.031000029295682907,0.238242506980896,0.9712057709693909,4.6620544935649377e-07,-0.9712057709693909,0.238242506980896,1.7542502064316068e-06,0.20373323559761047,-0.07158095389604568,-0.03099988028407097,0.47647830843925476,0.08494669944047928,-0.031000178307294846
76,0.4297540485858917,0.29219475388526917,-1.289515733718872,1.8676738739013672,0.4809543490409851,1.4629770517349243,0.02283209189772606,0.7309330105781555,-0.29871320724487305,-0.20108674466609955,0.03495696559548378,-0.006751006469130516,0.011512297205626965,-0.046603668481111526,0.14759935438632965,0.08855237066745758,0.418424129486084,0.8301450610160828,0.38893795013427734,1.4888707399368286,1.416398048400879,1.4208239316940308,0.2995479106903076,0.7310263514518738,0.49273866415023804,0.21911565959453583,-0.0821983739733696,-0.14500583708286285,0.3591584265232086,0.1226651668548584,0.2648753821849823,0.018903812393546104,0.5323759317398071,0.03040027618408203,0.3612233102321625,-0.6826937198638916,-0.7039130926132202,-0.19604989886283875,0.35056808590888977,-0.08011734485626221,-0.9331040382385254,0.1903979480266571,0.3314833641052246,0.1932612657546997,-0.7134517431259155,-0.5749180316925049,-0.4005695879459381,-0.6493741273880005,0.757265567779541,0.069729283452034,0.340105801820755,0.006682872772216797,-0.031000029295682907,0.238242506980896,0.9712057709693909,4.828199848816439e-07,-0.9712057709693909,0.238242506980896,1.5327495930250734e-06,0.20373326539993286,-0.07158095389604568,-0.030999906361103058,0.47647833824157715,0.08494669944047928,-0.031000152230262756
77,0.41357728838920593,0.2822010815143585,-1.2863504886627197,1.8703819513320923,0.48176640272140503,1.460710048675537,0.03143549710512161,0.7309443950653076,-0.2594507932662964,-0.17545290291309357,0.018863702192902565,0.05168318748474121,0.010033111087977886,-0.03518122062087059,0.11970614641904831,0.07938629388809204,0.44755110144615173,0.8400091528892517,0.3803686797618866,1.4890551567077637,1.439693808555603,1.426573395729065,0.3192881941795349,0.7310295701026917,0.46774131059646606,0.12775510549545288,-0.08451227098703384,0.0058988891541957855,0.3271869421005249,0.08346555382013321,0.2765277624130249,0.009880004450678825,0.5287647247314453,0.022547245025634766,0.3661636412143707,-0.6943957805633545,-0.6886486411094666,-0.20875248312950134,0.36131298542022705,-0.08278942108154297,-0.9287620782852173,0.17829272150993347,0.33824872970581055,0.19262701272964478,-0.7210979461669922,-0.5872743129730225,-0.3675958514213562,-0.6550450325012207,0.7507240176200867,0.08561212569475174,0.3401057720184326,0.006682872772216797,-0.031000029295682907,0.238242506980896,0.9712057709693909,5.605900241789641e-07,-0.9712057709693909,0.238242506980896,2.035241777775809e-06,0.20373323559761047,-0.07158095389604568,-0.030999857932329178,0.47647830843925476,0.08494669944047928,-0.031000200659036636
78,0.40032416582107544,0.27499568462371826,-1.2862664461135864,1.874087929725647,0.48371437191963196,1.459397554397583,0.03865721821784973,0.7309917211532593,-0.21758772432804108,-0.12347207963466644,-0.017918933182954788,0.056755658239126205,0.025724761188030243,-0.020446887239813805,0.1009354367852211,0.028460703790187836,0.47524651885032654,0.8471862077713013,0.37233784794807434,1.4961717128753662,1.4597262144088745,1.4290860891342163,0.33910152316093445,0.7310457825660706,0.4445779323577881,0.09481533616781235,-0.08039561659097672,0.10270648449659348,0.28115910291671753,0.03741545230150223,0.2770582139492035,-0.0037194746546447277,0.5254641175270081,0.015405654907226562,0.37093889713287354,-0.7046399116516113,-0.6748520135879517,-0.21922029554843903,0.3706927001476288,-0.08667278289794922,-0.9247025847434998,0.16915413737297058,0.34565258026123047,0.19375282526016235,-0.7251296043395996,-0.5968306064605713,-0.3434829115867615,-0.6593198776245117,0.7456814050674438,0.09621072560548782,0.3401057720184326,0.006682872772216797,-0.031000029295682907,0.238242506980896,0.9712057709693909,5.016506179345015e-07,-0.9712057709693909,0.238242506980896,1.5124056744753034e-06,0.20373323559761047,-0.07158095389604568,-0.030999910086393356,0.47647830843925476,0.08494669944047928,-0.031000148504972458
79,0.3890189826488495,0.27125364542007446,-1.2890645265579224,1.8812702894210815,0.4859594404697418,1.4543554782867432,0.04447591304779053,0.7309996485710144,-0.1793540120124817,-0.08081821352243423,-0.06332339346408844,0.12298737466335297,0.03317216411232948,-0.07654646039009094,0.08170902729034424,0.008968866430222988,0.5013783574104309,0.8508923649787903,0.36677083373069763,1.5090256929397583,1.4766017198562622,1.4309636354446411,0.35921233892440796,0.7310794591903687,0.42811769247055054,0.007581508252769709,-0.027285514399409294,0.20228898525238037,0.24025221168994904,0.03201739117503166,0.28215137124061584,-0.0035626571625471115,0.5235249996185303,0.007116794586181641,0.3772953152656555,-0.713650107383728,-0.6630152463912964,-0.2260851114988327,0.38176584243774414,-0.09751236438751221,-0.9191007614135742,0.16113883256912231,0.35361576080322266,0.19833341240882874,-0.7253152132034302,-0.6050698757171631,-0.3283418118953705,-0.6646885275840759,0.7396707534790039,0.10524465888738632,0.3401057720184326,0.006682872772216797,-0.031000029295682907,0.238242506980896,0.9712057709693909,4.256801560131862e-07,-0.9712057709693909,0.238242506980896,1.387740894642775e-06,0.20373323559761047,-0.07158095389604568,-0.030999917536973953,0.47647830843925476,0.08494669944047928,-0.03100014105439186
80,0.3791155517101288,0.2683761715888977,-1.2965168952941895,1.8877736330032349,0.49100756645202637,1.4482622146606445,0.05070367455482483,0.7309970855712891,-0.19741186499595642,-0.07800217717885971,-0.13780918717384338,0.09880969673395157,0.06831087172031403,-0.08963030576705933,0.08687763661146164,0.019293803721666336,0.5267540812492371,0.8528985381126404,0.36431580781936646,1.5253663063049316,1.4925439357757568,1.4301583766937256,0.3785553276538849,0.7310946583747864,0.42496174573898315,0.0014089599717408419,0.013823898509144783,0.24140170216560364,0.22560903429985046,-0.006308986339718103,0.2712114155292511,-0.011861527338624,0.5211916565895081,-0.002154827117919922,0.38409632444381714,-0.7239598035812378,-0.6486823558807373,-0.23472009599208832,0.39405858516693115,-0.10959756374359131,-0.9125273823738098,0.15335887670516968,0.36255931854248047,0.20516836643218994,-0.7238435745239258,-0.6117392778396606,-0.31910115480422974,-0.6700773239135742,0.7335184216499329,0.11378549039363861,0.340105801820755,0.006682872772216797,-0.031000029295682907,0.238242506980896,0.9712057709693909,5.175236879040312e-07,-0.9712057709693909,0.238242506980896,1.5969510513968999e-06,0.20373326539993286,-0.07158095389604568,-0.03099990263581276,0.47647833824157715,0.08494669944047928,-0.031000155955553055
81,0.3685428202152252,0.26509058475494385,-1.3078429698944092,1.893279790878296,0.4983837306499481,1.4411835670471191,0.057345643639564514,0.7310047745704651,-0.2163374274969101,-0.09263455122709274,-0.19800932705402374,0.0872403159737587,0.10126111656427383,-0.10411641001701355,0.09295693784952164,-0.007095336448401213,0.5517880320549011,0.8547760844230652,0.36419644951820374,1.5434961318969727,1.5077804327011108,1.4274542331695557,0.39719173312187195,0.731101930141449,0.42323315143585205,-0.0024967456702142954,0.04892313852906227,0.2670954167842865,0.2154282033443451,-0.03226902708411217,0.26079726219177246,-0.013393602333962917,0.5176176428794861,-0.0132598876953125,0.3915073275566101,-0.7361472845077515,-0.6305475831031799,-0.2459610402584076,0.407732754945755,-0.12308979034423828,-0.9047667384147644,0.14509475231170654,0.37199878692626953,0.2130393087863922,-0.7214537858963013,-0.6179379224777222,-0.3125019371509552,-0.675696611404419,0.726926863193512,0.12252116203308105,0.3401057720184326,0.006682872772216797,-0.031000029295682907,0.238242506980896,0.9712057709693909,4.6771475581408595e-07,-0.9712057709693909,0.238242506980896,1.7512269323560758e-06,0.20373323559761047,-0.07158095389604568,-0.03099988028407097,0.47647830843925476,0.08494669944047928,-0.031000178307294846
82,0.35819584131240845,0.26048916578292847,-1.3228055238723755,1.897965431213379,0.5088284611701965,1.4343936443328857,0.06400328874588013,0.7309925556182861,-0.21673275530338287,-0.11810310184955597,-0.2518123686313629,0.07776231318712234,0.14362701773643494,-0.10006638616323471,0.09270026534795761,0.029075156897306442,0.5763227939605713,0.8565152883529663,0.3658447861671448,1.5640394687652588,1.5204768180847168,1.4218370914459229,0.4150852859020233,0.731106698513031,0.410508394241333,-0.010341089218854904,0.07176034152507782,0.30528804659843445,0.1805359572172165,-0.07350190728902817,0.25060051679611206,-0.017542243003845215,0.5129339694976807,-0.025139331817626953,0.39972200989723206,-0.7484371662139893,-0.6096206307411194,-0.2611600458621979,0.4233936369419098,-0.13610410690307617,-0.8956637382507324,0.1366802155971527,0.38173341751098633,0.2212871015071869,-0.717644214630127,-0.6238940358161926,-0.30942368507385254,-0.681743323802948,0.7200833559036255,0.1292516142129898,0.340105801820755,0.006682872772216797,-0.031000029295682907,0.238242506980896,0.9712057709693909,4.768766643792333e-07,-0.9712057709693909,0.238242506980896,1.5328500921896193e-06,0.20373326539993286,-0.07158095389604568,-0.030999906361103058,0.47647833824157715,0.08494669944047928,-0.031000152230262756
83,0.34808075428009033,0.25689297914505005,-1.3418546915054321,1.9022027254104614,0.521407425403595,1.4272480010986328,0.07053472846746445,0.7310007214546204,-0.21526077389717102,-0.09584590792655945,-0.3071218729019165,0.06733138859272003,0.17279425263404846,-0.10496676713228226,0.09106111526489258,0.004315782338380814,0.5992744565010071,0.8569801449775696,0.3695676326751709,1.587202787399292,1.5288336277008057,1.4127464294433594,0.43244025111198425,0.73111492395401,0.38073262572288513,-0.04451652616262436,0.10194961726665497,0.35124266147613525,0.12056060135364532,-0.12158623337745667,0.24296720325946808,-0.016977284103631973,0.5071019530296326,-0.03826904296875,0.40822336077690125,-0.7614049911499023,-0.5860016345977783,-0.27724459767341614,0.43887150287628174,-0.15118074417114258,-0.8857405185699463,0.1285577118396759,0.3915081024169922,0.2301807999610901,-0.7119714021682739,-0.6294004321098328,-0.31137073040008545,-0.6883918642997742,0.7131229639053345,0.1325603723526001,0.3401057720184326,0.006682872772216797,-0.031000029295682907,0.238242506980896,0.9712057709693909,4.3874265998056217e-07,-0.9712057709693909,0.238242506980896,1.366493620480469e-06,0.20373323559761047,-0.07158095389604568,-0.03099992126226425,0.47647830843925476,0.08494669944047928,-0.031000137329101562
84,0.33837199211120605,0.2550167739391327,-1.3633161783218384,1.9064311981201172,0.5352264642715454,1.4190254211425781,0.0773070901632309,0.7309992909431458,-0.20079049468040466,-0.0666627436876297,-0.33774179220199585,0.06921186298131943,0.18920759856700897,-0.12025950849056244,0.09334581345319748,0.17504043877124786,0.6200974583625793,0.8548863530158997,0.37506166100502014,1.6120824813842773,1.5334471464157104,1.4018934965133667,0.4495622217655182,0.7311211228370667,0.34382590651512146,-0.09469425678253174,0.12810319662094116,0.3820379972457886,0.06864318996667862,-0.14541319012641907,0.2396022528409958,0.007161666639149189,0.5007593631744385,-0.05212259292602539,0.41687583923339844,-0.7743148803710938,-0.560870885848999,-0.29301971197128296,0.4535098075866699,-0.16891264915466309,-0.8750985264778137,0.12085157632827759,0.40094566345214844,0.24067136645317078,-0.7046988010406494,-0.6340727210044861,-0.31835752725601196,-0.6955669522285461,0.7059099674224854,0.13370776176452637,0.3401057720184326,0.006682872772216797,-0.031000029295682907,0.238242506980896,0.9712057709693909,5.278608909975446e-07,-0.9712057709693909,0.238242506980896,1.570000677020289e-06,0.20373323559761047,-0.07158095389604568,-0.030999906361103058,0.47647830843925476,0.08494669944047928,-0.031000152230262756
85,0.3293885886669159,0.2542210519313812,-1.3847267627716064,1.9085826873779297,0.5488228797912598,1.4137269258499146,0.08448012918233871,0.7310084700584412,-0.18734900653362274,-0.038593024015426636,-0.3265860676765442,0.025542723014950752,0.1842230260372162,-0.07587378472089767,0.09894299507141113,0.17043788731098175,0.6398873329162598,0.8521963357925415,0.37890443205833435,1.6375254392623901,1.5365891456604004,1.3899600505828857,0.46676090359687805,0.7310993075370789,0.31637075543403625,-0.07918800413608551,0.08825499564409256,0.37954553961753845,0.04735904186964035,-0.16365142166614532,0.2407979816198349,-0.013112311251461506,0.49357762932777405,-0.06464719772338867,0.423550546169281,-0.786811113357544,-0.5349493622779846,-0.30782705545425415,0.4640551507472992,-0.18392634391784668,-0.866500973701477,0.11444622278213501,0.4098973274230957,0.2507777214050293,-0.6980016231536865,-0.6374013423919678,-0.3263636827468872,-0.7014435529708862,0.7003066539764404,0.1324668526649475,0.3401057720184326,0.006682872772216797,-0.031000029295682907,0.238242506980896,0.9712057709693909,4.7631743882448063e-07,-0.9712057709693909,0.238242506980896,1.7654917883191956e-06,0.20373323559761047,-0.07158095389604568,-0.03099988028407097,0.47647830843925476,0.08494669944047928,-0.031000178307294846
86,0.3226195275783539,0.25194674730300903,-1.4047582149505615,1.9084076881408691,0.5638575553894043,1.4100083112716675,0.0934850424528122,0.7309977412223816,-0.14816796779632568,-0.06781976670026779,-0.3070344030857086,-0.0002656739379744977,0.2084832340478897,-0.05432721599936485,0.12583333253860474,0.00024829618632793427,0.6580018997192383,0.8500399589538574,0.38066989183425903,1.662232756614685,1.540364384651184,1.379217505455017,0.4836271405220032,0.731072187423706,0.2843448221683502,-0.07072699069976807,0.05506550893187523,0.3695467412471771,0.056168679147958755,-0.14710727334022522,0.2359953671693802,0.009825175628066063,0.4870608448982239,-0.07468509674072266,0.4292413592338562,-0.7966649532318115,-0.5088109970092773,-0.3262462913990021,0.4751823842525482,-0.19366919994354248,-0.8583089709281921,0.10965293645858765,0.41806554794311523,0.2603692412376404,-0.6933102607727051,-0.6390325427055359,-0.3331039249897003,-0.7052883505821228,0.6966004967689514,0.13159051537513733,0.340105801820755,0.006682872772216797,-0.031000029295682907,0.238242506980896,0.9712057709693909,4.683951431161404e-07,-0.9712057709693909,0.238242506980896,1.5562628732368466e-06,0.20373326539993286,-0.07158095389604568,-0.03099990263581276,0.47647833824157715,0.08494669944047928,-0.031000155955553055
87,0.31814298033714294,0.2465917468070984,-1.4229928255081177,1.90786612033844,0.5805158019065857,1.4059064388275146,0.10467810928821564,0.730962336063385,-0.1108417883515358,-0.12024375051259995,-0.28522905707359314,0.004917764104902744,0.2329207956790924,-0.06119395047426224,0.15620727837085724,0.04265158995985985,0.6743401885032654,0.8469896912574768,0.38113197684288025,1.6861488819122314,1.5457677841186523,1.3709501028060913,0.5003404021263123,0.7310538291931152,0.2544769048690796,-0.0973944142460823,0.040059320628643036,0.3656451106071472,0.0798763558268547,-0.11145906150341034,0.23388226330280304,-0.008959590457379818,0.48189249634742737,-0.08271646499633789,0.4358515739440918,-0.8024652004241943,-0.4832589626312256,-0.3500153124332428,0.49041736125946045,-0.1999955177307129,-0.8482292294502258,0.10609638690948486,0.42545223236083984,0.2710482180118561,-0.6902670860290527,-0.6389198303222656,-0.33957764506340027,-0.7076907157897949,0.6938990354537964,0.13295841217041016,0.3401057720184326,0.006682872772216797,-0.031000029295682907,0.238242506980896,0.9712057709693909,4.4768898987967987e-07,-0.9712057709693909,0.238242506980896,1.6935214262048248e-06,0.20373323559761047,-0.07158095389604568,-0.030999884009361267,0.47647830843925476,0.08494669944047928,-0.031000174582004547
88,0.3131771683692932,0.24037262797355652,-1.4410334825515747,1.9048980474472046,0.5974904298782349,1.4023947715759277,0.11910542100667953,0.7309812903404236,-0.14751631021499634,-0.12700946629047394,-0.28259143233299255,-0.04979200288653374,0.23076966404914856,-0.05060947686433792,0.20006011426448822,0.2060336023569107,0.6898176074028015,0.8445622324943542,0.3814217448234558,1.7092705965042114,1.5555282831192017,1.3609052896499634,0.5170724987983704,0.7310143113136292,0.24768681824207306,-0.06836961954832077,0.03268596529960632,0.3448635935783386,0.14030830562114716,-0.13795296847820282,0.23409993946552277,-0.005169223994016647,0.4758949875831604,-0.09070396423339844,0.44144225120544434,-0.8082127571105957,-0.4530603587627411,-0.37620261311531067,0.5050137042999268,-0.20463454723358154,-0.8385021686553955,0.1039995551109314,0.4333181381225586,0.2820430397987366,-0.6915161609649658,-0.6356571316719055,-0.34314078092575073,-0.7063271403312683,0.6945371627807617,0.13682183623313904,0.3401057720184326,0.006682872772216797,-0.031000029295682907,0.238242506980896,0.9712057709693909,4.897955818705668e-07,-0.9712057709693909,0.238242506980896,1.501502083556261e-06,0.20373323559761047,-0.07158095389604568,-0.030999910086393356,0.47647830843925476,0.08494669944047928,-0.031000148504972458
89,0.3072136342525482,0.2318539172410965,-1.4585745334625244,1.8999841213226318,0.6154175400733948,1.3979647159576416,0.13620619475841522,0.7309401035308838,-0.16846317052841187,-0.1726323813199997,-0.28248336911201477,-0.06930305063724518,0.24585267901420593,-0.0650041252374649,0.23773027956485748,0.2196453958749771,0.7050719261169434,0.8432442545890808,0.3819570243358612,1.730729103088379,1.5694801807403564,1.3510288000106812,0.5335472226142883,0.7310079336166382,0.252235472202301,-0.05228133127093315,0.040347691625356674,0.3194027245044708,0.19867245852947235,-0.13476617634296417,0.23065119981765747,-0.008375841192901134,0.46914976835250854,-0.09914636611938477,0.4470783472061157,-0.8122649192810059,-0.4183855354785919,-0.40642255544662476,0.5214134454727173,-0.20850789546966553,-0.8274372816085815,0.10201311111450195,0.44124746322631836,0.2933117747306824,-0.695794939994812,-0.6311142444610596,-0.34287649393081665,-0.7029311656951904,0.6963988542556763,0.14462542533874512,0.3401057720184326,0.006682872772216797,-0.031000029295682907,0.238242506980896,0.9712057709693909,4.383644807148812e-07,-0.9712057709693909,0.238242506980896,1.3645798162542633e-06,0.20373323559761047,-0.07158095389604568,-0.03099992126226425,0.47647830843925476,0.08494669944047928,-0.031000137329101562
90,0.30060380697250366,0.21923942863941193,-1.4752613306045532,1.8954977989196777,0.6347988247871399,1.3905328512191772,0.15555675327777863,0.7308590412139893,-0.18444257974624634,-0.24591539800167084,-0.2802687883377075,-0.05026736482977867,0.2694108784198761,-0.10967118293046951,0.26953592896461487,0.19055050611495972,0.720497190952301,0.8411745429039001,0.383635550737381,1.7506591081619263,1.5872622728347778,1.3434889316558838,0.5497751235961914,0.7310003042221069,0.2636800706386566,-0.08092857897281647,0.06807895749807358,0.3045693635940552,0.2519015669822693,-0.09921561926603317,0.22690898180007935,-0.00044715870171785355,0.46220168471336365,-0.1083831787109375,0.45500653982162476,-0.8117623329162598,-0.38112014532089233,-0.44248074293136597,0.5430289506912231,-0.21385622024536133,-0.812025249004364,0.09883332252502441,0.4488191604614258,0.30670085549354553,-0.7009873390197754,-0.6264941096305847,-0.34076637029647827,-0.6995874047279358,0.6968796253204346,0.15791165828704834,0.3401057720184326,0.006682872772216797,-0.031000029295682907,0.238242506980896,0.9712057709693909,5.274338832350622e-07,-0.9712057709693909,0.238242506980896,1.5680979004173423e-06,0.20373323559761047,-0.07158095389604568,-0.030999906361103058,0.47647830843925476,0.08494669944047928,-0.031000152230262756
91,0.2927646040916443,0.20330339670181274,-1.4917831420898438,1.8917335271835327,0.6551753282546997,1.380778193473816,0.1764710247516632,0.730813205242157,-0.21655716001987457,-0.2968743145465851,-0.28179362416267395,-0.040655191987752914,0.2806682884693146,-0.1423247754573822,0.29016828536987305,0.27476319670677185,0.7365031242370605,0.8373526334762573,0.386768639087677,1.7699356079101562,1.607681155204773,1.3375855684280396,0.5658412575721741,0.7310012578964233,0.2766839563846588,-0.11457103490829468,0.0939798504114151,0.2985653579235077,0.28890863060951233,-0.0753064677119255,0.22478777170181274,0.0020008115097880363,0.4542544186115265,-0.11885976791381836,0.46498245000839233,-0.8066271543502808,-0.3411504626274109,-0.48266881704330444,0.5680509209632874,-0.22181344032287598,-0.7925383448600769,0.0940888524055481,0.45600223541259766,0.3227807879447937,-0.7058814764022827,-0.6221441030502319,-0.3386268615722656,-0.6970033049583435,0.6952306032180786,0.1756153255701065,0.3401057720184326,0.006682872772216797,-0.031000029295682907,0.238242506980896,0.9712057709693909,4.758956038131146e-07,-0.9712057709693909,0.238242506980896,1.7635935591897578e-06,0.20373323559761047,-0.07158095389604568,-0.03099988028407097,0.47647830843925476,0.08494669944047928,-0.031000178307294846
92,0.28291240334510803,0.18575087189674377,-1.5089627504348755,1.8878411054611206,0.675896406173706,1.3696256875991821,0.19836686551570892,0.7308032512664795,-0.26399365067481995,-0.32017895579338074,-0.2932811677455902,-0.047450438141822815,0.2869338393211365,-0.1619766652584076,0.30528879165649414,0.25402188301086426,0.753393828868866,0.8327486515045166,0.39148271083831787,1.7888233661651611,1.6299899816513062,1.3315045833587646,0.5817665457725525,0.7310093641281128,0.2980782091617584,-0.12013734132051468,0.11787687987089157,0.28894710540771484,0.3143869936466217,-0.07747582346200943,0.2226799726486206,-0.004396836273372173,0.444319486618042,-0.13100051879882812,0.47579705715179443,-0.7978216409683228,-0.29757457971572876,-0.5243379473686218,0.5933149456977844,-0.23311495780944824,-0.7704771161079407,0.08783930540084839,0.46297311782836914,0.3405057191848755,-0.7106446027755737,-0.6183018088340759,-0.33568888902664185,-0.6947504878044128,0.6919554471969604,0.1962634027004242,0.340105801820755,0.006682872772216797,-0.031000029295682907,0.238242506980896,0.9712057709693909,4.7112445145103266e-07,-0.9712057709693909,0.238242506980896,1.5523423826380167e-06,0.20373326539993286,-0.07158095389604568,-0.03099990263581276,0.47647833824157715,0.08494669944047928,-0.031000155955553055
93,0.27113649249076843,0.16813170909881592,-1.5271375179290771,1.8839671611785889,0.6963269114494324,1.3573846817016602,0.22042986750602722,0.7308123111724854,-0.2968800961971283,-0.3170261085033417,-0.3059883415699005,-0.04736962541937828,0.28141719102859497,-0.17709344625473022,0.30725210905075073,0.2667165994644165,0.7714831829071045,0.8292063474655151,0.3978577256202698,1.8069736957550049,1.6530722379684448,1.3246628046035767,0.5976882576942444,0.7310219407081604,0.32653331756591797,-0.09000393748283386,0.14047640562057495,0.26888710260391235,0.32385629415512085,-0.0884459912776947,0.22287000715732574,-0.0018914062529802322,0.43220949172973633,-0.14474105834960938,0.4868687391281128,-0.7857699394226074,-0.25149038434028625,-0.5650826692581177,0.6167046427726746,-0.24863052368164062,-0.7468991279602051,0.07977056503295898,0.46970033645629883,0.35815712809562683,-0.7150263786315918,-0.616324245929718,-0.32997259497642517,-0.6930283904075623,0.6869539022445679,0.218645840883255,0.3401057720184326,0.006682872772216797,-0.031000029295682907,0.238242506980896,0.9712057709693909,4.3238139824097743e-07,-0.9712057709693909,0.238242506980896,1.6979438441921957e-06,0.20373323559761047,-0.07158095389604568,-0.030999884009361267,0.47647830843925476,0.08494669944047928,-0.031000174582004547
94,0.257607102394104,0.15071022510528564,-1.545952320098877,1.8800325393676758,0.7158823013305664,1.3444253206253052,0.2420060783624649,0.7308287024497986,-0.3363178074359894,-0.314784973859787,-0.3158782720565796,-0.04991942271590233,0.26903289556503296,-0.18723265826702118,0.3005126118659973,0.2502707540988922,0.7908304929733276,0.8274692296981812,0.4059050381183624,1.8237934112548828,1.6770092248916626,1.3173937797546387,0.6127728819847107,0.7310311794281006,0.3537038564682007,-0.05690159276127815,0.16505034267902374,0.24422983825206757,0.33440375328063965,-0.09395960718393326,0.2108953446149826,-0.004998502321541309,0.4178853929042816,-0.159698486328125,0.4978008270263672,-0.7705204486846924,-0.20416975021362305,-0.603831946849823,0.6372544169425964,-0.2680295705795288,-0.7225420475006104,0.06977331638336182,0.47609710693359375,0.37502220273017883,-0.7188906669616699,-0.616617739200592,-0.3209032714366913,-0.691731870174408,0.6801362037658691,0.24273821711540222,0.3401057720184326,0.006682872772216797,-0.031000029295682907,0.238242506980896,0.9712057709693909,4.957274768457864e-07,-0.9712057709693909,0.238242506980896,1.4956531231291592e-06,0.20373323559761047,-0.07158095389604568,-0.030999913811683655,0.47647830843925476,0.08494669944047928,-0.03100014477968216
95,0.241712749004364,0.1326626092195511,-1.5647492408752441,1.8765894174575806,0.7330024242401123,1.3304359912872314,0.26139122247695923,0.7308496236801147,-0.3917861580848694,-0.3292861580848694,-0.32097792625427246,-0.0409909263253212,0.23523332178592682,-0.20250380039215088,0.2700297236442566,0.22214387357234955,0.8111395239830017,0.8276385068893433,0.41660717129707336,1.83792245388031,1.7024052143096924,1.3119151592254639,0.6246054768562317,0.7310541868209839,0.3850419819355011,-0.020324978977441788,0.20714882016181946,0.19702740013599396,0.35326144099235535,-0.06798867136240005,0.1657106578350067,-0.005314704030752182,0.4006793200969696,-0.1760725975036621,0.5087748169898987,-0.7523884773254395,-0.15778325498104095,-0.6395437121391296,0.6542208194732666,-0.29226720333099365,-0.6975494027137756,0.05708056688308716,0.48163414001464844,0.39132195711135864,-0.7213059663772583,-0.6197052597999573,-0.3093269467353821,-0.6914785504341125,0.6699061393737793,0.27033913135528564,0.3401057720184326,0.006682872772216797,-0.031000029295682907,0.238242506980896,0.9712057709693909,4.261796107130067e-07,-0.9712057709693909,0.238242506980896,1.3669952068084967e-06,0.20373323559761047,-0.07158095389604568,-0.03099992126226425,0.47647830843925476,0.08494669944047928,-0.031000137329101562
96,0.2236238718032837,0.11341220140457153,-1.5833003520965576,1.8727232217788696,0.7474735379219055,1.3163831233978271,0.2779839336872101,0.7308716773986816,-0.4386250078678131,-0.34565281867980957,-0.3155881464481354,-0.052519116550683975,0.19703608751296997,-0.20226214826107025,0.23069992661476135,0.17222291231155396,0.8324695825576782,0.830239474773407,0.4294644296169281,1.8476959466934204,1.728824257850647,1.3092113733291626,0.632086992263794,0.7310691475868225,0.4094772934913635,0.036893632262945175,0.23225213587284088,0.12061451375484467,0.36567744612693787,-0.029965566471219063,0.10477453470230103,-0.006131851114332676,0.3803884983062744,-0.19323110580444336,0.5190597176551819,-0.7317395210266113,-0.11273078620433807,-0.6721973419189453,0.6672726273536682,-0.3195282220840454,-0.6727919578552246,0.041499197483062744,0.48599767684936523,0.40571892261505127,-0.7215580940246582,-0.6265023946762085,-0.2947012782096863,-0.6923353672027588,0.6560325026512146,0.30048802495002747,0.3401057720184326,0.006682872772216797,-0.031000029295682907,0.238242506980896,0.9712057709693909,5.258812620922981e-07,-0.9712057709693909,0.238242506980896,1.56535861606244e-06,0.20373323559761047,-0.07158095389604568,-0.030999906361103058,0.47647830843925476,0.08494669944047928,-0.031000152230262756
97,0.20503437519073486,0.09139648824930191,-1.6013227701187134,1.8663394451141357,0.7582759857177734,1.3044228553771973,0.2912537753582001,0.7309174537658691,-0.47894591093063354,-0.3672890365123749,-0.30664345622062683,-0.10132871568202972,0.1435927450656891,-0.17102909088134766,0.18462452292442322,0.09328390657901764,0.8424339294433594,0.8395990133285522,0.43514537811279297,1.8536906242370605,1.758727788925171,1.3048250675201416,0.6347151398658752,0.7310321927070618,0.11821947991847992,0.18456175923347473,0.07712198048830032,0.05393117293715477,0.4096693694591522,-0.047103188931941986,0.05926615744829178,-0.010139185935258865,0.35733336210250854,-0.2097468376159668,0.5270488858222961,-0.7092094421386719,-0.06905762106180191,-0.7016074061393738,0.676808774471283,-0.34529340267181396,-0.6501556038856506,0.03970462083816528,0.4909663200378418,0.41164883971214294,-0.7337472438812256,-0.6222907900810242,-0.2727071940898895,-0.6790269017219543,0.6579598188400269,0.32559388875961304,0.3401057720184326,0.006682872772216797,-0.031000029295682907,0.238242506980896,0.9712057709693909,4.7436839167858125e-07,-0.9712057709693909,0.238242506980896,1.7608599591767415e-06,0.20373323559761047,-0.07158095389604568,-0.03099988028407097,0.47647830843925476,0.08494669944047928,-0.031000178307294846
98,0.183612659573555,0.06995338946580887,-1.6182236671447754,1.8540751934051514,0.7628418803215027,1.2984706163406372,0.29867202043533325,0.7309927940368652,-0.5146041512489319,-0.3684297800064087,-0.27414005994796753,-0.21158921718597412,0.054130006581544876,-0.08082374930381775,0.10336126387119293,0.004146921448409557,0.8486950397491455,0.8544467091560364,0.44127601385116577,1.849463939666748,1.7895135879516602,1.3028699159622192,0.6290432810783386,0.7310126423835754,0.10056812316179276,0.3144587576389313,0.07171174138784409,-0.10519593954086304,0.44885697960853577,-0.03101421520113945,-0.014129191637039185,0.05308270454406738,0.3311220407485962,-0.2248845100402832,0.5285051465034485,-0.6912806034088135,-0.025020364671945572,-0.7221530079841614,0.6785145998001099,-0.3661644458770752,-0.6368212103843689,0.03915315866470337,0.49536991119384766,0.40971171855926514,-0.7471227645874023,-0.618403434753418,-0.2436898648738861,-0.6624757647514343,0.662914514541626,0.3488124907016754,0.340105801820755,0.006682872772216797,-0.031000029295682907,0.238242506980896,0.9712057709693909,4.696186977071193e-07,-0.9712057709693909,0.238242506980896,1.549649368826067e-06,0.20373326539993286,-0.07158095389604568,-0.03099990263581276,0.47647833824157715,0.08494669944047928,-0.031000155955553055
99,0.16153846681118011,0.0479082353413105,-1.633709192276001,1.8386133909225464,0.7655990123748779,1.2964868545532227,0.3021635413169861,0.7309873104095459,-0.48665234446525574,-0.3754396140575409,-0.2828011214733124,-0.2519552409648895,0.03173838183283806,-0.028044722974300385,0.04719094932079315,0.01821790263056755,0.8540263772010803,0.8734927177429199,0.44644540548324585,1.840353012084961,1.8208444118499756,1.3037352561950684,0.6191712021827698,0.7310231328010559,0.07955969870090485,0.35238969326019287,0.059266600757837296,-0.15507018566131592,0.46691733598709106,-0.0040687923319637775,-0.40330037474632263,0.09971937537193298,0.30440375208854675,-0.23767757415771484,0.5264858603477478,-0.6734983921051025,0.01728859730064869,-0.7389866709709167,0.6786569952964783,-0.38175415992736816,-0.627446174621582,0.03901016712188721,0.49942827224731445,0.40271705389022827,-0.7600475549697876,-0.6149778962135315,-0.2100716084241867,-0.6440095901489258,0.6694536209106445,0.3702479302883148,0.3401057720184326,0.006682872772216797,-0.031000029295682907,0.238242506980896,0.9712057709693909,5.730038310503005e-07,-0.9712057709693909,0.238242506980896,2.040652134382981e-06,0.20373323559761047,-0.07158095389604568,-0.030999857932329178,0.47647830843925476,0.08494669944047928,-0.031000200659036636
100,0.1407632976770401,0.025322893634438515,-1.6492969989776611,1.8222163915634155,0.7713577151298523,1.2956587076187134,0.3045569956302643,0.730982780456543,-0.4914211928844452,-0.37920451164245605,-0.2550470232963562,-0.257251113653183,0.07450802624225616,-0.010402166284620762,0.033245328813791275,0.015123210847377777,0.8574686050415039,0.8936069011688232,0.44967085123062134,1.8318116664886475,1.852286696434021,1.30647873878479,0.6082381010055542,0.7310264706611633,0.04090852662920952,0.3507276177406311,0.03258391097187996,-0.14187373220920563,0.4562114477157593,0.03244898468255997,-0.1290946751832962,0.06542899459600449,0.27879607677459717,-0.2483959197998047,0.5239484310150146,-0.65132737159729,0.05760335922241211,-0.7566072344779968,0.6813831329345703,-0.39436936378479004,-0.6165953278541565,0.041431546211242676,0.5032176971435547,0.39462417364120483,-0.7734745740890503,-0.6086696982383728,-0.17680035531520844,-0.6228318810462952,0.6781567335128784,0.3901073932647705,0.3401057720184326,0.006682872772216797,-0.031000029295682907,0.238242506980896,0.9712057709693909,5.001660952075326e-07,-0.9712057709693909,0.238242506980896,1.5249768239300465e-06,0.20373323559761047,-0.07158095389604568,-0.030999910086393356,0.47647830843925476,0.08494669944047928,-0.031000148504972458
101,0.12144026160240173,0.0026681479066610336,-1.665627121925354,1.805715799331665,0.7797936201095581,1.294567584991455,0.3071451783180237,0.7309271097183228,-0.46749213337898254,-0.3820644021034241,-0.2681543529033661,-0.25800371170043945,0.1114000678062439,-0.014238533563911915,0.03547578677535057,0.092251718044281,0.8606211543083191,0.9139418601989746,0.4529682695865631,1.8241227865219116,1.8836538791656494,1.3100074529647827,0.5978237986564636,0.7310371398925781,0.0348140150308609,0.3509010374546051,0.0345161110162735,-0.12534256279468536,0.4577140212059021,0.04345741495490074,-0.11766593158245087,0.06080162152647972,0.25405943393707275,-0.2577967643737793,0.5215473175048828,-0.6246535778045654,0.0964491218328476,-0.7749229669570923,0.6859362721443176,-0.4065171480178833,-0.6035190224647522,0.044342875480651855,0.5068397521972656,0.38659173250198364,-0.7859888076782227,-0.6014260053634644,-0.14320741593837738,-0.600341796875,0.6871412992477417,0.40917789936065674,0.3401057720184326,0.006682872772216797,-0.031000029295682907,0.238242506980896,0.9712057709693909,4.390686569877289e-07,-0.9712057709693909,0.238242506980896,1.3939851442046347e-06,0.20373323559761047,-0.07158095389604568,-0.030999917536973953,0.47647830843925476,0.08494669944047928,-0.03100014105439186
102,0.10350055247545242,-0.019933728501200676,-1.6821695566177368,1.7889795303344727,0.7910323143005371,1.294602870941162,0.3089946210384369,0.7308785319328308,-0.42603975534439087,-0.37745022773742676,-0.2698558568954468,-0.26437249779701233,0.1498303860425949,0.0025159548968076706,0.025023071095347404,0.18544892966747284,0.8636002540588379,0.934406578540802,0.45560044050216675,1.8170931339263916,1.9144041538238525,1.315216064453125,0.5879416465759277,0.7310576438903809,0.031240975484251976,0.352939248085022,0.024747848510742188,-0.11562622338533401,0.448310911655426,0.06666313111782074,-0.12918448448181152,0.014249475672841072,0.2307358980178833,-0.2654991149902344,0.518997073173523,-0.5942192077636719,0.1328127384185791,-0.793261706829071,0.6926589012145996,-0.41680121421813965,-0.5886427164077759,0.047653138637542725,0.5100746154785156,0.37843236327171326,-0.7971551418304443,-0.5936816930770874,-0.1099347323179245,-0.5772169828414917,0.695945143699646,0.4271777868270874,0.340105801820755,0.006682872772216797,-0.031000029295682907,0.238242506980896,0.9712057709693909,4.886086344413343e-07,-0.9712057709693909,0.238242506980896,1.5895557226031087e-06,0.20373326539993286,-0.07158095389604568,-0.03099990263581276,0.47647833824157715,0.08494669944047928,-0.031000155955553055
103,0.08860640227794647,-0.04219314083456993,-1.6981165409088135,1.7715928554534912,0.8057842254638672,1.2966779470443726,0.3117806017398834,0.730827808380127,-0.3375594913959503,-0.3651694059371948,-0.2570052444934845,-0.2770332098007202,0.19833165407180786,0.032614558935165405,0.03742587938904762,0.23046809434890747,0.8667177557945251,0.9548850059509277,0.4563615322113037,1.8099770545959473,1.9434548616409302,1.322144627571106,0.5796257853507996,0.7310615181922913,0.034379784017801285,0.3593064546585083,-0.0066093094646930695,-0.1220000684261322,0.4207251965999603,0.08951623737812042,-0.11757131665945053,0.005197703838348389,0.21076101064682007,-0.2708292007446289,0.5161720514297485,-0.5597324371337891,0.16702671349048615,-0.8116660118103027,0.7031224370002747,-0.4226212501525879,-0.5718479156494141,0.05114138126373291,0.5128030776977539,0.3692045509815216,-0.8064209222793579,-0.5863624811172485,-0.07658069580793381,-0.5544819831848145,0.7047796249389648,0.4425329864025116,0.3401057720184326,0.006682872772216797,-0.031000029295682907,0.238242506980896,0.9712057709693909,4.5596101472256123e-07,-0.9712057709693909,0.238242506980896,1.7346665117656812e-06,0.20373323559761047,-0.07158095389604568,-0.03099988028407097,0.47647830843925476,0.08494669944047928,-0.031000178307294846
104,0.0791279748082161,-0.06487371772527695,-1.7123697996139526,1.752671241760254,0.8243488669395447,1.301393985748291,0.3175603747367859,0.7307648658752441,-0.2101985514163971,-0.36581873893737793,-0.23056674003601074,-0.30593588948249817,0.2513003945350647,0.07190646231174469,0.07910026609897614,0.3179139196872711,0.8700426816940308,0.9754732251167297,0.45429128408432007,1.801133155822754,1.9707274436950684,1.3311558961868286,0.5724701285362244,0.7310444116592407,0.03772607073187828,0.3718607723712921,-0.05483672395348549,-0.15577144920825958,0.39049825072288513,0.11850423365831375,-0.10038413107395172,0.027776742354035378,0.19633811712265015,-0.27318525314331055,0.512954831123352,-0.5203768014907837,0.19997760653495789,-0.8301910161972046,0.7196597456932068,-0.4206271171569824,-0.5524152517318726,0.05463379621505737,0.514838695526123,0.35780516266822815,-0.8137446641921997,-0.5796560049057007,-0.04264431074261665,-0.5325253009796143,0.7141579389572144,0.4543074369430542,0.340105801820755,0.006682872772216797,-0.03100002557039261,0.238242506980896,0.9712057709693909,4.695097004514537e-07,-0.9712057709693909,0.238242506980896,1.5133473425521515e-06,0.20373326539993286,-0.07158095389604568,-0.03099990263581276,0.47647833824157715,0.08494669944047928,-0.031000148504972458
105,0.07617107778787613,-0.08774549514055252,-1.7252954244613647,1.7328318357467651,0.8459931015968323,1.3074241876602173,0.32648149132728577,0.7307349443435669,-0.08649973571300507,-0.3661310374736786,-0.2046925276517868,-0.3194352388381958,0.29632532596588135,0.08975238353013992,0.1234966367483139,0.3440300524234772,0.8744994401931763,0.9967253804206848,0.4494837820529938,1.7906129360198975,1.9953476190567017,1.3416227102279663,0.5670326352119446,0.7310279011726379,0.07146646082401276,0.39941632747650146,-0.09860856831073761,-0.19572100043296814,0.34026408195495605,0.13767746090888977,-0.09619085490703583,-0.020508553832769394,0.18766376376152039,-0.27324867248535156,0.5099306106567383,-0.4771459102630615,0.23147395253181458,-0.8477922081947327,0.74141925573349,-0.4119102954864502,-0.5297426581382751,0.05709487199783325,0.516230583190918,0.3436582386493683,-0.8183823823928833,-0.5746225714683533,-0.007705376483500004,-0.5126201510429382,0.723886251449585,0.461745947599411,0.3401057720184326,0.006682872772216797,-0.031000029295682907,0.238242506980896,0.9712057709693909,4.282302654701198e-07,-0.9712057709693909,0.238242506980896,1.3472130149239092e-06,0.20373323559761047,-0.07158095389604568,-0.03099992126226425,0.47647830843925476,0.08494669944047928,-0.031000137329101562
106,0.07907578349113464,-0.110673688352108,-1.7371251583099365,1.7128483057022095,0.8696413040161133,1.3137061595916748,0.33801233768463135,0.7307199239730835,0.019240641966462135,-0.36001673340797424,-0.19234907627105713,-0.32096174359321594,0.3245013952255249,0.09371446073055267,0.15998339653015137,0.36136487126350403,0.879994809627533,1.0191514492034912,0.44261693954467773,1.7794032096862793,2.0176987648010254,1.3530480861663818,0.563713014125824,0.730991542339325,0.07426419109106064,0.40436819195747375,-0.125791534781456,-0.1979796290397644,0.31615737080574036,0.15213517844676971,-0.04676763713359833,0.05609456077218056,0.18374615907669067,-0.27182769775390625,0.5075361728668213,-0.43144118785858154,0.26168665289878845,-0.8633531332015991,0.7664793133735657,-0.39838624000549316,-0.5037835836410522,0.05864107608795166,0.5170836448669434,0.32717233896255493,-0.820580244064331,-0.5708150863647461,0.028604060411453247,-0.4943854510784149,0.7340390682220459,0.4655853509902954,0.3401057720184326,0.006682872772216797,-0.031000029295682907,0.238242506980896,0.9712057709693909,5.163134915164846e-07,-0.9712057709693909,0.238242506980896,1.5499713299504947e-06,0.20373323559761047,-0.07158095389604568,-0.030999910086393356,0.47647830843925476,0.08494669944047928,-0.031000148504972458
107,0.08638472110033035,-0.1330367773771286,-1.7477612495422363,1.6925444602966309,0.8943902850151062,1.3205796480178833,0.352098673582077,0.7307247519493103,0.10464536398649216,-0.3464345633983612,-0.1725923717021942,-0.3284001052379608,0.338480144739151,0.1030178964138031,0.19518142938613892,0.3576868176460266,0.8853408098220825,1.041603446006775,0.4341992139816284,1.7678124904632568,2.0383448600769043,1.3645354509353638,0.5626513361930847,0.7310050129890442,0.070284903049469,0.40714919567108154,-0.15049317479133606,-0.2055923491716385,0.29122593998908997,0.15227442979812622,-0.015338130295276642,0.0317404568195343,0.1837075650691986,-0.26915740966796875,0.505424976348877,-0.38495397567749023,0.2921655774116516,-0.8754711151123047,0.7930805087089539,-0.3804490566253662,-0.4756908416748047,0.060271382331848145,0.5174045562744141,0.30936673283576965,-0.8212975263595581,-0.5667165517807007,0.0655960887670517,-0.4768916368484497,0.7450915575027466,0.46627557277679443,0.3401057720184326,0.006682872772216797,-0.031000029295682907,0.238242506980896,0.9712057709693909,4.782343694387237e-07,-0.9712057709693909,0.238242506980896,1.7726306396070868e-06,0.20373323559761047,-0.07158095389604568,-0.03099988028407097,0.47647830843925476,0.08494669944047928,-0.031000178307294846
108,0.09696042537689209,-0.15495547652244568,-1.7570918798446655,1.6719391345977783,0.9197790026664734,1.327825665473938,0.36798396706581116,0.7307314872741699,0.15513944625854492,-0.34152278304100037,-0.15124626457691193,-0.33380764722824097,0.34886643290519714,0.10830864310264587,0.2210148423910141,0.34132444858551025,0.8915476202964783,1.064037799835205,0.4244030714035034,1.755064606666565,2.0570905208587646,1.3760555982589722,0.5628466606140137,0.7308964133262634,0.16149786114692688,0.4213188886642456,-0.16784392297267914,-0.26769426465034485,0.23074254393577576,0.15094774961471558,-0.002860773354768753,0.1243060901761055,0.18668252229690552,-0.2655000686645508,0.5036334991455078,-0.3386802673339844,0.3232274055480957,-0.8836399912834167,0.8201440572738647,-0.3588731288909912,-0.44561612606048584,0.06074649095535278,0.5170822143554688,0.2899996042251587,-0.8199725151062012,-0.5630909204483032,0.10282940417528152,-0.461333304643631,0.7564575672149658,0.463620126247406,0.340105801820755,0.006682872772216797,-0.031000029295682907,0.238242506980896,0.9712057709693909,4.776873083756072e-07,-0.9712057709693909,0.238242506980896,1.5602033727191156e-06,0.20373326539993286,-0.07158095389604568,-0.03099990263581276,0.47647833824157715,0.08494669944047928,-0.031000155955553055
109,0.10971224308013916,-0.17674490809440613,-1.7650060653686523,1.6514346599578857,0.9455254673957825,1.3353676795959473,0.3851214647293091,0.7307446599006653,0.20141367614269257,-0.3353239595890045,-0.13009963929653168,-0.3316420316696167,0.3528701663017273,0.11262712627649307,0.23813496530056,0.3597826063632965,0.902028501033783,1.0876835584640503,0.4143984019756317,1.7402288913726807,2.073345184326172,1.3877477645874023,0.5644345283508301,0.7308670878410339,0.19333240389823914,0.4414539933204651,-0.15973202884197235,-0.273078590631485,0.22074459493160248,0.15539303421974182,0.021349281072616577,0.17743682861328125,0.19181549549102783,-0.26106739044189453,0.5024200081825256,-0.293198823928833,0.35483384132385254,-0.8877653479576111,0.8468533754348755,-0.33456242084503174,-0.4134092926979065,0.05623441934585571,0.5160560607910156,0.26832687854766846,-0.8136913776397705,-0.5636252760887146,0.1422429084777832,-0.4508271813392639,0.7663504481315613,0.45767003297805786,0.3401057720184326,0.006682872772216797,-0.031000029295682907,0.238242506980896,0.9712057709693909,5.788746761936636e-07,-0.9712057709693909,0.238242506980896,2.053167008853052e-06,0.20373323559761047,-0.07158095389604568,-0.030999857932329178,0.47647830843925476,0.08494669944047928,-0.031000200659036636
110,0.12427116930484772,-0.1984017789363861,-1.7725176811218262,1.6314114332199097,0.9716664552688599,1.341766119003296,0.40368932485580444,0.7307555675506592,0.22049309313297272,-0.33568963408470154,-0.12670330703258514,-0.3230117857456207,0.359017550945282,0.09545662999153137,0.2581820785999298,0.3066764175891876,0.9133874177932739,1.1112803220748901,0.40457430481910706,1.7263964414596558,2.089475631713867,1.3991976976394653,0.5677735209465027,0.7308664321899414,0.19476184248924255,0.42480555176734924,-0.15566325187683105,-0.2483760267496109,0.22018557786941528,0.15305067598819733,0.04584484547376633,0.1865435540676117,0.197920024394989,-0.2566366195678711,0.5020260810852051,-0.24806594848632812,0.38743650913238525,-0.8878942131996155,0.8719457387924194,-0.31006360054016113,-0.37890782952308655,0.05096787214279175,0.5146689414978027,0.24706915020942688,-0.8057336807250977,-0.5636568665504456,0.18189029395580292,-0.4410013258457184,0.775945782661438,0.45102766156196594,0.3401057720184326,0.006682872772216797,-0.031000029295682907,0.238242506980896,0.9712057709693909,4.996446136829036e-07,-0.9712057709693909,0.238242506980896,1.5414598237839527e-06,0.20373323559761047,-0.07158095389604568,-0.030999906361103058,0.47647830843925476,0.08494669944047928,-0.031000152230262756
111,0.13886898756027222,-0.22007593512535095,-1.780556082725525,1.6124595403671265,0.9979276061058044,1.3459922075271606,0.42297905683517456,0.7307347655296326,0.20381256937980652,-0.341637521982193,-0.14017198979854584,-0.30384698510169983,0.36210188269615173,0.06278912723064423,0.2687416672706604,0.33090999722480774,0.925371527671814,1.1337891817092896,0.39571326971054077,1.7151235342025757,2.1063084602355957,1.4102258682250977,0.5724337697029114,0.7308846712112427,0.21015334129333496,0.39304545521736145,-0.13212744891643524,-0.20385436713695526,0.2308221161365509,0.14874990284442902,0.064651258289814,0.15087458491325378,0.20305079221725464,-0.2532176971435547,0.5025397539138794,-0.20264554023742676,0.4207063317298889,-0.8842743039131165,0.8940272927284241,-0.2889697551727295,-0.34236210584640503,0.045584022998809814,0.5133223533630371,0.22801131010055542,-0.7969448566436768,-0.5626581907272339,0.21976101398468018,-0.431130588054657,0.7846459746360779,0.4454852342605591,0.3401057720184326,0.006682872772216797,-0.031000029295682907,0.238242506980896,0.9712057709693909,4.4273781441006577e-07,-0.9712057709693909,0.238242506980896,1.4092316860114806e-06,0.20373323559761047,-0.07158095389604568,-0.030999917536973953,0.47647830843925476,0.08494669944047928,-0.03100014105439186
112,0.1519862562417984,-0.2418399602174759,-1.7890781164169312,1.5950947999954224,1.0238163471221924,1.3484656810760498,0.4416761100292206,0.7307265400886536,0.17392027378082275,-0.3450896441936493,-0.14884500205516815,-0.277380108833313,0.3561193346977234,0.037430908530950546,0.2597193717956543,0.34920063614845276,0.9347518086433411,1.1539280414581299,0.38747909665107727,1.7097699642181396,2.125783920288086,1.4205483198165894,0.5776007771492004,0.7309917211532593,0.09324127435684204,0.30848702788352966,-0.1431213766336441,-0.08693824708461761,0.2655610740184784,0.1438707858324051,0.06972172111272812,0.04205368831753731,0.2062627077102661,-0.2510972023010254,0.5038815140724182,-0.15734660625457764,0.4532302916049957,-0.8773964047431946,0.9126733541488647,-0.27260422706604004,-0.30449020862579346,0.04456210136413574,0.5128188133239746,0.21345862746238708,-0.7915081977844238,-0.5567132234573364,0.25216057896614075,-0.4169294238090515,0.7935373187065125,0.44324755668640137,0.340105801820755,0.006682872772216797,-0.031000029295682907,0.238242506980896,0.9712057709693909,4.82017071590235e-07,-0.9712057709693909,0.238242506980896,1.5755989579702145e-06,0.20373326539993286,-0.07158095389604568,-0.03099990263581276,0.47647833824157715,0.08494669944047928,-0.031000155955553055
113,0.1625562310218811,-0.26403188705444336,-1.7976713180541992,1.5786830186843872,1.0491060018539429,1.3501231670379639,0.45902395248413086,0.730713963508606,0.12817534804344177,-0.3583531081676483,-0.1570538580417633,-0.2639702558517456,0.34755101799964905,0.025007499381899834,0.24085508286952972,0.3602202832698822,0.9418318271636963,1.1709864139556885,0.37992727756500244,1.7069180011749268,2.1465189456939697,1.43166983127594,0.5812535285949707,0.7310033440589905,0.09932812303304672,0.28046438097953796,-0.1159372553229332,-0.050344906747341156,0.297788143157959,0.15015637874603271,0.04613345116376877,0.03300797939300537,0.2072995901107788,-0.2500767707824707,0.5055939555168152,-0.11227071285247803,0.48468753695487976,-0.8674521446228027,0.9281967878341675,-0.2605011463165283,-0.2656872868537903,0.04632711410522461,0.5125594139099121,0.20271050930023193,-0.7886894941329956,-0.5481141209602356,0.2784601151943207,-0.40029290318489075,0.8015959858894348,0.44408273696899414,0.3401057720184326,0.006682872772216797,-0.031000029295682907,0.238242506980896,0.9712057709693909,4.4510454699775437e-07,-0.9712057709693909,0.238242506980896,1.7219044821104035e-06,0.20373323559761047,-0.07158095389604568,-0.03099988028407097,0.47647830843925476,0.08494669944047928,-0.031000178307294846
114,0.16951021552085876,-0.2870992124080658,-1.8057807683944702,1.5630286931991577,1.0732979774475098,1.3515595197677612,0.4740093946456909,0.7306984663009644,0.06559276580810547,-0.3768450617790222,-0.15623456239700317,-0.2509932219982147,0.33223360776901245,0.021010305732488632,0.20774690806865692,0.38077571988105774,0.9488261342048645,1.1860498189926147,0.37389612197875977,1.7052574157714844,2.168994665145874,1.4443695545196533,0.5818685293197632,0.7310617566108704,0.03921711817383766,0.22927510738372803,-0.0758877620100975,0.0718519389629364,0.3323391377925873,0.17614659667015076,0.13025164604187012,-0.008194760419428349,0.20583748817443848,-0.2500338554382324,0.5074583888053894,-0.06760621070861816,0.5140473246574402,-0.8550935387611389,0.9407505393028259,-0.25260186195373535,-0.2262323498725891,0.04854005575180054,0.5125112533569336,0.19507166743278503,-0.7872323989868164,-0.5388662219047546,0.2998141050338745,-0.3822486996650696,0.807942271232605,0.4484587013721466,0.3401057720184326,0.006682872772216797,-0.031000029295682907,0.238242506980896,0.9712057709693909,4.429888349477551e-07,-0.9712057709693909,0.238242506980896,1.5173303609117283e-06,0.20373323559761047,-0.07158095389604568,-0.030999906361103058,0.47647830843925476,0.08494669944047928,-0.031000152230262756
115,0.17444449663162231,-0.3110901117324829,-1.8132779598236084,1.5472290515899658,1.0968091487884521,1.354175329208374,0.4873671531677246,0.7307097315788269,0.05321987718343735,-0.38743534684181213,-0.14403462409973145,-0.2582448422908783,0.32195836305618286,0.03875138983130455,0.18489766120910645,0.3702385723590851,0.952892541885376,1.1973594427108765,0.3680454194545746,1.7049298286437988,2.1917576789855957,1.4588284492492676,0.5801074504852295,0.7310000658035278,0.049507446587085724,0.18276359140872955,-0.0908873975276947,-0.010850553400814533,0.3236919045448303,0.19894908368587494,-0.061764851212501526,0.018173139542341232,0.20327472686767578,-0.25002384185791016,0.5091822743415833,-0.024093031883239746,0.5422653555870056,-0.8398617506027222,0.9513701796531677,-0.24563992023468018,-0.1858917772769928,0.05379265546798706,0.5124392509460449,0.19125640392303467,-0.7890726327896118,-0.527921199798584,0.3141077756881714,-0.36220476031303406,0.8128212094306946,0.45621198415756226,0.3401057720184326,0.006682872772216797,-0.031000029295682907,0.238242506980896,0.9712057709693909,4.2026198343592114e-07,-0.9712057709693909,0.238242506980896,1.3668005749423173e-06,0.20373323559761047,-0.07158095389604568,-0.030999917536973953,0.47647830843925476,0.08494669944047928,-0.03100014105439186
116,0.17811258137226105,-0.3354286551475525,-1.8197778463363647,1.5311230421066284,1.1193311214447021,1.3579128980636597,0.49853721261024475,0.7307177186012268,0.035652030259370804,-0.3928208649158478,-0.1303374469280243,-0.26203468441963196,0.3093707263469696,0.05365597456693649,0.15505553781986237,0.35858961939811707,0.9566320776939392,1.2083752155303955,0.362372487783432,1.703438639640808,2.21500563621521,1.474348545074463,0.5759073495864868,0.7309951782226562,0.039390794932842255,0.1841057986021042,-0.09513197094202042,-0.02680911310017109,0.32241132855415344,0.214206725358963,-0.07212647050619125,0.004476457834243774,0.20041102170944214,-0.2497267723083496,0.5106428265571594,0.0167238712310791,0.5686314105987549,-0.8224223852157593,0.9601683616638184,-0.23858880996704102,-0.14543777704238892,0.05923515558242798,0.5120067596435547,0.18744823336601257,-0.7917863130569458,-0.5160752534866333,0.32671236991882324,-0.3412984013557434,0.8174155950546265,0.4640551805496216,0.3401057720184326,0.006682872772216797,-0.031000029295682907,0.238242506980896,0.9712057709693909,5.231869977251336e-07,-0.9712057709693909,0.238242506980896,1.563184014230501e-06,0.20373323559761047,-0.07158095389604568,-0.030999906361103058,0.47647830843925476,0.08494669944047928,-0.031000152230262756
117,0.17978781461715698,-0.3598417341709137,-1.825706124305725,1.5149987936019897,1.1404951810836792,1.3622013330459595,0.5069110989570618,0.7307136058807373,-0.0022118145134299994,-0.39827123284339905,-0.12778060138225555,-0.25951623916625977,0.29057180881500244,0.06011221930384636,0.11592544615268707,0.36307960748672485,0.9599952101707458,1.2192445993423462,0.3571338951587677,1.701416015625,2.2390003204345703,1.4906200170516968,0.5691776275634766,0.7309974431991577,0.03969578444957733,0.1800065040588379,-0.08340701460838318,-0.035181354731321335,0.3403654396533966,0.22431407868862152,-0.1293463110923767,0.034638650715351105,0.1965387761592865,-0.24956703186035156,0.5117713212966919,0.0551074743270874,0.5923534631729126,-0.8037914633750916,0.9666962027549744,-0.23315048217773438,-0.10554389655590057,0.06509649753570557,0.5113649368286133,0.18382400274276733,-0.7957097291946411,-0.5029186010360718,0.3375188112258911,-0.31909385323524475,0.8217364549636841,0.4721528887748718,0.3401057720184326,0.006682872772216797,-0.031000029295682907,0.238242506980896,0.9712057709693909,4.7168390437946073e-07,-0.9712057709693909,0.238242506980896,1.7586423837201437e-06,0.20373323559761047,-0.07158095389604568,-0.03099988028407097,0.47647830843925476,0.08494669944047928,-0.031000178307294846
118,0.17997273802757263,-0.3845120370388031,-1.8316707611083984,1.4985777139663696,1.160945177078247,1.367139220237732,0.5136591792106628,0.7307149767875671,-0.020117541775107384,-0.4031020700931549,-0.12930989265441895,-0.2657823860645294,0.2802940607070923,0.06911217421293259,0.09317706525325775,0.3624885082244873,0.9632372260093689,1.2302289009094238,0.3522011339664459,1.6986790895462036,2.263552665710449,1.507313847541809,0.5608563423156738,0.7309961318969727,0.03573150932788849,0.18914912641048431,-0.08175165206193924,-0.04388386756181717,0.35057124495506287,0.22895675897598267,-0.1446504145860672,0.03926490247249603,0.19170686602592468,-0.24953746795654297,0.5125728845596313,0.09215259552001953,0.6145915389060974,-0.7834445238113403,0.9711605906486511,-0.22922730445861816,-0.0655900239944458,0.0711095929145813,0.5104823112487793,0.17991071939468384,-0.8002372980117798,-0.48862695693969727,0.34765544533729553,-0.2958947718143463,0.8259738087654114,0.4798057973384857,0.340105801820755,0.006682872772216797,-0.031000029295682907,0.238242506980896,0.9712057709693909,4.775701540893351e-07,-0.9712057709693909,0.238242506980896,1.5422773458340089e-06,0.20373326539993286,-0.07158095389604568,-0.030999906361103058,0.47647833824157715,0.08494669944047928,-0.031000152230262756
119,0.1808074712753296,-0.4091797471046448,-1.8381205797195435,1.4814021587371826,1.1822988986968994,1.3707512617111206,0.5193108320236206,0.7307174205780029,0.0015968267107382417,-0.39977338910102844,-0.1329236477613449,-0.27990639209747314,0.29169297218322754,0.05114232003688812,0.07728063315153122,0.3884432017803192,0.9668330550193787,1.2419688701629639,0.3453476130962372,1.6954015493392944,2.2869255542755127,1.5253982543945312,0.5505028367042542,0.7309932112693787,0.035483360290527344,0.20918363332748413,-0.11637178063392639,-0.061347782611846924,0.331413596868515,0.2478727549314499,-0.18021954596042633,0.02747047133743763,0.1867818832397461,-0.2500290870666504,0.5131556987762451,0.1290149688720703,0.6359577775001526,-0.760863184928894,0.9735448956489563,-0.22714781761169434,-0.02478054165840149,0.07703334093093872,0.5089111328125,0.17470383644104004,-0.8057754039764404,-0.47377362847328186,0.35533764958381653,-0.27377840876579285,0.8300437927246094,0.48587310314178467,0.3401057720184326,0.006682872772216797,-0.031000029295682907,0.238242506980896,0.9712057709693909,5.810235848002776e-07,-0.9712057709693909,0.238242506980896,2.0333397969807265e-06,0.20373323559761047,-0.07158095389604568,-0.030999861657619476,0.47647830843925476,0.08494669944047928,-0.031000196933746338
120,0.18307428061962128,-0.43347132205963135,-1.8450462818145752,1.463501214981079,1.2050390243530273,1.3720533847808838,0.5242803692817688,0.7307115197181702,0.026557734236121178,-0.3932100534439087,-0.13871853053569794,-0.29104289412498474,0.31216007471084595,0.017790719866752625,0.06820452958345413,0.3669775128364563,0.9713612198829651,1.2543463706970215,0.33636918663978577,1.692718505859375,2.3084335327148438,1.5449103116989136,0.5393127202987671,0.7309889197349548,0.0427522286772728,0.20358219742774963,-0.13904598355293274,-0.04484090581536293,0.3019726276397705,0.2693086564540863,-0.24965442717075348,0.023752084001898766,0.18214213848114014,-0.25127220153808594,0.5135051608085632,0.16578590869903564,0.6566715836524963,-0.7357292175292969,0.9736878871917725,-0.22728443145751953,0.01654505915939808,0.08245968818664551,0.50677490234375,0.1687772274017334,-0.8118294477462769,-0.45963314175605774,0.36009788513183594,-0.25399550795555115,0.8333026170730591,0.491012305021286,0.3401057720184326,0.006682872772216797,-0.031000029295682907,0.238242506980896,0.9712057709693909,5.082122243038611e-07,-0.9712057709693909,0.238242506980896,1.5176713077380555e-06,0.20373323559761047,-0.07158095389604568,-0.030999910086393356,0.47647830843925476,0.08494669944047928,-0.031000148504972458
121,0.1872953474521637,-0.4580337405204773,-1.850790023803711,1.4444494247436523,1.2290747165679932,1.3726391792297363,0.5282966494560242,0.7307371497154236,0.07657678425312042,-0.3901398777961731,-0.11122258007526398,-0.31356969475746155,0.328679621219635,0.010121682658791542,0.05436285585165024,0.35608822107315063,0.977340817451477,1.2651606798171997,0.3255476653575897,1.6906394958496094,2.327022075653076,1.5665568113327026,0.5277632474899292,0.7310362458229065,0.06573356688022614,0.17519615590572357,-0.14907331764698029,-0.01503166276961565,0.2645877003669739,0.30258095264434814,-0.19397056102752686,0.03418804705142975,0.17909672856330872,-0.25218629837036133,0.5139212608337402,0.2005159854888916,0.677060067653656,-0.7080840468406677,0.9723107814788818,-0.22607767581939697,0.05916783958673477,0.08655917644500732,0.5041484832763672,0.1641654074192047,-0.8180136680603027,-0.4486961364746094,0.3598965108394623,-0.2386985421180725,0.8340764045715332,0.49733245372772217,0.34096023440361023,0.005980014801025391,-0.031000658869743347,0.24125170707702637,0.9704626202583313,2.3726252038613893e-06,-0.9704626202583313,0.24125170707702637,7.009854925854597e-06,0.20434576272964478,-0.07186073809862137,-0.03100011870265007,0.4775747060775757,0.08382076770067215,-0.031001199036836624
122,0.19412028789520264,-0.48205769062042236,-1.8560559749603271,1.4247204065322876,1.2538349628448486,1.3724262714385986,0.5327081680297852,0.7307522296905518,0.11714565008878708,-0.3803829848766327,-0.10267848521471024,-0.32342657446861267,0.33985644578933716,-0.0019847846124321222,0.06048132851719856,0.31511640548706055,0.9831106662750244,1.274886965751648,0.3142932951450348,1.688674807548523,2.3441598415374756,1.5905238389968872,0.5260916948318481,0.7309634685516357,0.046355240046978,0.12067120522260666,-0.14832516014575958,-0.03532913327217102,0.241172656416893,0.38630589842796326,0.2671792507171631,0.06726579368114471,0.17775484919548035,-0.2528872489929199,0.5141451358795166,0.23207628726959229,0.6980535984039307,-0.6773933172225952,0.9693423509597778,-0.22376680374145508,0.10150694847106934,0.09060996770858765,0.5010294914245605,0.16101427376270294,-0.8192046880722046,-0.44258883595466614,0.36471739411354065,-0.22486332058906555,0.8329074382781982,0.5056695342063904,0.3431611657142639,0.004410743713378906,-0.030999984592199326,0.25064992904663086,0.9680778384208679,-8.127338446684007e-07,-0.9680778384208679,0.25064992904663086,-1.0901878795266384e-06,0.20579838752746582,-0.07210174202919006,-0.03100002184510231,0.480523943901062,0.08092322945594788,-0.03099994733929634
123,0.20029766857624054,-0.50522780418396,-1.8621430397033691,1.4056882858276367,1.278220534324646,1.37026047706604,0.5366346836090088,0.7307129502296448,0.0771917924284935,-0.3785533905029297,-0.13011115789413452,-0.30255046486854553,0.336032897233963,-0.0328972190618515,0.05375160276889801,0.3634912967681885,0.9892462491989136,1.280876874923706,0.3054620921611786,1.689239740371704,2.362144708633423,1.615951418876648,0.5342441201210022,0.7310013771057129,0.09264322370290756,0.0934261679649353,-0.11257176101207733,0.0124043058604002,0.2554679811000824,0.3571607172489166,0.024484016001224518,-0.0020554708316922188,0.17526957392692566,-0.2547745704650879,0.5137943625450134,0.26295799016952515,0.7173896431922913,-0.6451395153999329,0.9637918472290039,-0.2259887456893921,0.1415424793958664,0.09475910663604736,0.49855566024780273,0.1632099747657776,-0.8157092332839966,-0.44236326217651367,0.3727373778820038,-0.21104836463928223,0.8275291919708252,0.5202441215515137,0.3443503975868225,0.0035758018493652344,-0.030999988317489624,0.25571197271347046,0.9667530059814453,-2.0171708001726074e-06,-0.9667530059814453,0.25571197271347046,-1.8319631180929719e-06,0.20658916234970093,-0.07221688330173492,-0.03099997714161873,0.4821116328239441,0.0793684870004654,-0.03099999949336052
124,0.20674902200698853,-0.5293980836868286,-1.8669862747192383,1.3868045806884766,1.3025285005569458,1.368876338005066,0.5397205352783203,0.7307596802711487,0.11655503511428833,-0.38126319646835327,-0.09285092353820801,-0.3106313943862915,0.3327745199203491,-0.01782427541911602,0.041360486298799515,0.3099217116832733,0.9957224130630493,1.2865270376205444,0.2964211106300354,1.6882810592651367,2.3785603046417236,1.6423286199569702,0.5389535427093506,0.7309755682945251,0.07370568811893463,0.09611516445875168,-0.1345851719379425,-0.024944765493273735,0.2254563719034195,0.37684178352355957,0.15881246328353882,0.08611398190259933,0.17325451970100403,-0.25624799728393555,0.5137258172035217,0.29129254817962646,0.735757052898407,-0.6114002466201782,0.9566214084625244,-0.22732150554656982,0.18221017718315125,0.09786295890808105,0.4955167770385742,0.1651509702205658,-0.8133455514907837,-0.4427456855773926,0.377419114112854,-0.19913673400878906,0.8214105367660522,0.5344429016113281,0.3449997305870056,0.0031032562255859375,-0.03100001811981201,0.2585448622703552,0.9659993052482605,5.050519007454568e-07,-0.9659993052482605,0.2585448622703552,2.199215941800503e-06,0.20701688528060913,-0.07228526473045349,-0.03099982440471649,0.4829825758934021,0.07849177718162537,-0.031000211834907532
125,0.21469299495220184,-0.553367018699646,-1.8704171180725098,1.367923378944397,1.3264429569244385,1.3679630756378174,0.5423694849014282,0.7307809591293335,0.13813291490077972,-0.37646061182022095,-0.07153862714767456,-0.3089241087436676,0.3276762068271637,-0.01169416680932045,0.035415101796388626,0.2825567126274109,0.999211311340332,1.2927976846694946,0.2859857976436615,1.6852930784225464,2.3942883014678955,1.6693693399429321,0.5511379241943359,0.730912983417511,0.03933446481823921,0.11271201819181442,-0.16764815151691437,-0.05500641465187073,0.22272497415542603,0.37611234188079834,0.16394315659999847,0.0982772707939148,0.1727970838546753,-0.2570357322692871,0.513775646686554,0.31510215997695923,0.7537961006164551,-0.5766299962997437,0.9483472108840942,-0.22657740116119385,0.22203677892684937,0.10319679975509644,0.49146032333374023,0.16541263461112976,-0.8080047369003296,-0.44328856468200684,0.3881029784679413,-0.1855037659406662,0.8166282176971436,0.5465406179428101,0.34557631611824036,0.0027294158935546875,-0.03100007399916649,0.26039379835128784,0.9655025005340576,-5.248494403531367e-07,-0.9655025005340576,0.26039379835128784,1.0854060974452295e-06,0.20744940638542175,-0.07239479571580887,-0.030999895185232162,0.48370322585105896,0.07785362750291824,-0.031000252813100815
126,0.2240956425666809,-0.5776493549346924,-1.871666431427002,1.3487317562103271,1.3503484725952148,1.3681163787841797,0.5444074273109436,0.7308212518692017,0.17503048479557037,-0.3750244081020355,-0.030600065365433693,-0.3174634873867035,0.32729434967041016,0.0046700951643288136,0.02703194133937359,0.23190562427043915,1.002484917640686,1.2965503931045532,0.27491873502731323,1.6807293891906738,2.408128499984741,1.6939077377319336,0.540034294128418,0.7310188412666321,0.08339444547891617,-0.04919244349002838,-0.14610175788402557,-0.08635763078927994,0.16930848360061646,0.2983291447162628,-0.3096967339515686,-0.006760686635971069,0.17419835925102234,-0.2567481994628906,0.5143818855285645,0.3340558409690857,0.7718246579170227,-0.5410115122795105,0.938987672328949,-0.2226327657699585,0.2621772885322571,0.10803568363189697,0.4874281883239746,0.1657024621963501,-0.8160635232925415,-0.4355839788913727,0.3798776865005493,-0.17456911504268646,0.8123376369476318,0.5564469695091248,0.3466885983943939,0.0023670196533203125,-0.0310000479221344,0.2651026248931885,0.9642201662063599,4.876524144492578e-06,-0.9642201662063599,0.2651026248931885,1.9886767859134125e-06,0.2081966996192932,-0.07208219170570374,-0.031000349670648575,0.48518049716949463,0.07681623101234436,-0.030999746173620224
127,0.23596735298633575,-0.6017841696739197,-1.8711556196212769,1.3286116123199463,1.374711036682129,1.3695658445358276,0.5467588305473328,0.7308627963066101,0.2242007702589035,-0.3682655990123749,0.0013485726667568088,-0.3360311985015869,0.33316341042518616,0.023565636947751045,0.03166311979293823,0.17851394414901733,1.0073391199111938,1.293323278427124,0.26535746455192566,1.6743220090866089,2.419689416885376,1.717262864112854,0.5228652358055115,0.7310211658477783,0.06558360159397125,-0.04183175042271614,-0.13602998852729797,-0.08400720357894897,0.15605594217777252,0.3377896249294281,-0.23723331093788147,0.033808156847953796,0.17801731824874878,-0.255155086517334,0.5154355764389038,0.34711337089538574,0.7911548018455505,-0.5035735964775085,0.9285979866981506,-0.21481680870056152,0.30258798599243164,0.11031681299209595,0.48396778106689453,0.1704232394695282,-0.8266665935516357,-0.4300592839717865,0.3628656566143036,-0.1689213365316391,0.8048009872436523,0.5689998865127563,0.3470289409160614,0.0022139549255371094,-0.0310000479221344,0.2659798264503479,0.9639785289764404,-1.7904119431477739e-07,-0.9639785289764404,0.2659798264503479,9.091569950214762e-07,0.20846936106681824,-0.07210921496152878,-0.03099992498755455,0.48558852076530457,0.076537124812603,-0.03100017085671425
128,0.24929411709308624,-0.6256502866744995,-1.8697929382324219,1.3077975511550903,1.3989471197128296,1.3738784790039062,0.5512188076972961,0.7309187650680542,0.24037052690982819,-0.3657623827457428,0.012055412866175175,-0.34442684054374695,0.3317161500453949,0.06328873336315155,0.061422329396009445,0.103482186794281,1.0116710662841797,1.2903684377670288,0.25649285316467285,1.6679335832595825,2.4323203563690186,1.7406220436096191,0.5072628855705261,0.7310075759887695,0.058522388339042664,-0.039497192949056625,-0.12501387298107147,-0.0873454362154007,0.1723930686712265,0.3337388336658478,-0.2135859876871109,0.03025868535041809,0.18333056569099426,-0.25211477279663086,0.5169302821159363,0.35380929708480835,0.8123995065689087,-0.4634934067726135,0.9169473648071289,-0.20354509353637695,0.3431864380836487,0.11325383186340332,0.48044443130493164,0.1752135157585144,-0.8364936113357544,-0.42342180013656616,0.347839891910553,-0.16159814596176147,0.7971526980400085,0.5817504525184631,0.34745240211486816,0.0020241737365722656,-0.031000036746263504,0.2671862840652466,0.9636449217796326,-3.6320301433079294e-08,-0.9636449217796326,0.2671862840652466,9.347866125608562e-07,0.20879989862442017,-0.07212550938129425,-0.03099992498755455,0.48610490560531616,0.07617385685443878,-0.031000148504972458
129,0.26233959197998047,-0.6497140526771545,-1.8669508695602417,1.288811445236206,1.423833966255188,1.3798964023590088,0.5563822984695435,0.7309820652008057,0.14783614873886108,-0.3481971025466919,0.12655870616436005,-0.11799348145723343,0.40006643533706665,0.09160848706960678,-0.1978539526462555,-0.12613260746002197,1.0154757499694824,1.2876828908920288,0.24832172691822052,1.6616089344024658,2.4458398818969727,1.7637720108032227,0.4925151467323303,0.7310042381286621,0.033876512199640274,-0.02838030830025673,-0.08705908060073853,-0.08561551570892334,0.20007985830307007,0.33505359292030334,-0.21437489986419678,-0.004626222886145115,0.18824592232704163,-0.2487187385559082,0.5201182961463928,0.3574959635734558,0.8323912620544434,-0.4234636425971985,0.9027912616729736,-0.19193267822265625,0.38487640023231506,0.11678925156593323,0.4768681526184082,0.1800014078617096,-0.8459734916687012,-0.41545915603637695,0.33424919843673706,-0.15279565751552582,0.7894333600997925,0.594515323638916,0.34791243076324463,0.0018177032470703125,-0.031000040471553802,0.2684798836708069,0.9632853269577026,-3.9813244256947655e-07,-0.9632853269577026,0.2684798836708069,1.161204750133038e-06,0.20916050672531128,-0.0721457451581955,-0.030999865382909775,0.486664354801178,0.07578115165233612,-0.03100021556019783
130,0.2676217257976532,-0.6715511679649353,-1.8602330684661865,1.2810840606689453,1.450693130493164,1.385462999343872,0.5595273375511169,0.7310130596160889,0.05731862038373947,-0.3364035487174988,0.08242038637399673,-0.10264258086681366,0.3825220763683319,0.07612618058919907,-0.04024640843272209,0.03836316242814064,1.0191220045089722,1.2853453159332275,0.24072198569774628,1.655742883682251,2.460930585861206,1.7860335111618042,0.4774433374404907,0.7309945821762085,0.04611969739198685,-0.031593382358551025,-0.09768155962228775,-0.08675862848758698,0.2192024290561676,0.31702014803886414,-0.21708332002162933,-0.008811729960143566,0.1868906021118164,-0.24817276000976562,0.5290472507476807,0.36937761306762695,0.8416424989700317,-0.393951952457428,0.8844515085220337,-0.1883246898651123,0.4269419312477112,0.12097540497779846,0.47344970703125,0.18463599681854248,-0.8558962345123291,-0.40513792634010315,0.32141128182411194,-0.1422344297170639,0.7819545269012451,0.606890857219696,0.3483385443687439,0.0016293525695800781,-0.03099972754716873,0.2694861888885498,0.9630042910575867,-9.80269760475494e-07,-0.9630042910575867,0.2694861888885498,-2.0941988623235375e-06,0.20950940251350403,-0.0721890851855278,-0.030999857932329178,0.48716768622398376,0.07544779032468796,-0.030999597162008286
131,0.2709518074989319,-0.6938881278038025,-1.8556981086730957,1.27376127243042,1.477626919746399,1.3920263051986694,0.5650436282157898,0.7310044169425964,0.039358679205179214,-0.3442762792110443,0.057085562497377396,-0.09974657744169235,0.38364240527153015,0.09134230762720108,-0.024262413382530212,0.04926338046789169,1.022886037826538,1.2832211256027222,0.2334110289812088,1.6503279209136963,2.477280378341675,1.8067442178726196,0.464862197637558,0.7309888005256653,0.0454581119120121,-0.02815704047679901,-0.09198635816574097,-0.0801333636045456,0.2387246936559677,0.29652589559555054,-0.1800154596567154,0.013784889131784439,0.18270370364189148,-0.24867677688598633,0.5373127460479736,0.38178491592407227,0.8508886694908142,-0.3608722686767578,0.8631879687309265,-0.18869328498840332,0.4682963490486145,0.12554651498794556,0.4702935218811035,0.18888768553733826,-0.8648272752761841,-0.3939894139766693,0.31120142340660095,-0.13060995936393738,0.7750438451766968,0.6182621121406555,0.34882858395576477,0.0014042854309082031,-0.03100006654858589,0.27083003520965576,0.9626271724700928,-2.639851288677164e-07,-0.9626271724700928,0.27083003520965576,1.1910880175491911e-06,0.20989656448364258,-0.07222031056880951,-0.03099990263581276,0.48776060342788696,0.07502888143062592,-0.031000230461359024
132,0.27229082584381104,-0.7157649993896484,-1.8539347648620605,1.2672241926193237,1.5048553943634033,1.3981976509094238,0.5728058218955994,0.7309918403625488,-0.011306257918477058,-0.3450492024421692,0.0030969525687396526,-0.07969973981380463,0.3897401988506317,0.07851331681013107,-0.1666851043701172,0.033988259732723236,1.0271506309509277,1.2812941074371338,0.226192906498909,1.6457322835922241,2.494910717010498,1.8245196342468262,0.4553449749946594,0.730972409248352,0.055910855531692505,-0.027532251551747322,-0.09783145040273666,-0.0699397623538971,0.253411203622818,0.2520257234573364,-0.13307733833789825,0.03094307892024517,0.17552581429481506,-0.2508859634399414,0.5444366335868835,0.3955073356628418,0.859233021736145,-0.32448822259902954,0.8394173383712769,-0.1947716474533081,0.5073879361152649,0.13030585646629333,0.46772193908691406,0.1924172043800354,-0.8726060390472412,-0.3822839856147766,0.30400264263153076,-0.11837893724441528,0.7693893909454346,0.6277151703834534,0.3491693437099457,0.0012426376342773438,-0.031000085175037384,0.2716115117073059,0.9624069929122925,-4.925299776914471e-07,-0.9624069929122925,0.2716115117073059,1.5315504242607858e-06,0.21017757058143616,-0.07226913422346115,-0.030999857932329178,0.4881611168384552,0.07475440949201584,-0.03100031241774559
133,0.27226001024246216,-0.737330436706543,-1.8545646667480469,1.2613807916641235,1.5328959226608276,1.403551459312439,0.5832672715187073,0.7309959530830383,0.0028313766233623028,-0.33619123697280884,-0.012515837326645851,-0.07533474266529083,0.3998846709728241,0.06150788813829422,-0.44440245628356934,0.0839366614818573,1.03236722946167,1.2799216508865356,0.21933098137378693,1.6426903009414673,2.5132765769958496,1.8393630981445312,0.44941776990890503,0.7309738397598267,0.07579854875802994,-0.018743203952908516,-0.09728486835956573,-0.04264122247695923,0.2597164511680603,0.20928598940372467,-0.08452160656452179,0.029433267191052437,0.16581624746322632,-0.2547426223754883,0.5504308938980103,0.4098827838897705,0.8667794466018677,-0.2840590476989746,0.8131167888641357,-0.206099271774292,0.5443934202194214,0.13470745086669922,0.4658503532409668,0.1953737735748291,-0.8787151575088501,-0.37142711877822876,0.29983580112457275,-0.10630811750888824,0.7646275162696838,0.6356440782546997,0.3491879999637604,0.0012350082397460938,-0.031000077724456787,0.2716439366340637,0.9623978734016418,6.10744621099002e-07,-0.9623978734016418,0.2716439366340637,9.713277222545003e-07,0.21019375324249268,-0.07227207720279694,-0.031000033020973206,0.4881822466850281,0.07474209368228912,-0.03100012242794037
134,0.27236950397491455,-0.7575929164886475,-1.8563185930252075,1.2554985284805298,1.5616997480392456,1.4077367782592773,0.5971285700798035,0.7309950590133667,-0.005631753243505955,-0.3137776255607605,-0.02321970835328102,-0.08413486927747726,0.40688464045524597,0.06630883365869522,0.17913492023944855,0.030281074345111847,1.0397226810455322,1.2797552347183228,0.21435955166816711,1.6421105861663818,2.5321898460388184,1.8509708642959595,0.4479537904262543,0.7309982180595398,0.13526996970176697,0.004537912085652351,-0.05478557571768761,-0.00047859689220786095,0.2607796788215637,0.16708411276340485,-0.022114412859082222,0.002510703867301345,0.1554945707321167,-0.25945234298706055,0.5553473830223083,0.42167121171951294,0.8744840621948242,-0.23973125219345093,0.7854284048080444,-0.2201446294784546,0.5784795880317688,0.13740256428718567,0.46506738662719727,0.1980133056640625,-0.8818670511245728,-0.36373957991600037,0.3000071942806244,-0.09491103887557983,0.7602061033248901,0.6427119374275208,0.3491884171962738,0.0012345314025878906,-0.03100002184510231,0.27164334058761597,0.9623980522155762,1.6201103392177174e-07,-0.9623980522155762,0.27164334058761597,1.309015942752012e-06,0.21019423007965088,-0.0722726508975029,-0.030999891459941864,0.48818260431289673,0.07474171370267868,-0.031000152230262756
135,0.2714642584323883,-0.7745094895362854,-1.858971357345581,1.2519924640655518,1.5898598432540894,1.410536289215088,0.6146441698074341,0.7308022975921631,-0.07728502154350281,-0.2072817087173462,-0.036477189511060715,-0.02398870140314102,0.37695419788360596,0.046013083308935165,0.2121690958738327,0.27970460057258606,1.048608660697937,1.2802852392196655,0.2102181315422058,1.6430696249008179,2.550203561782837,1.8605618476867676,0.4514334797859192,0.7309937477111816,0.14237798750400543,0.008698441088199615,-0.05163312703371048,0.012619094923138618,0.25261521339416504,0.13686083257198334,0.04812932759523392,0.01454775221645832,0.1441527009010315,-0.2651352882385254,0.5596982836723328,0.43162333965301514,0.8806494474411011,-0.19534006714820862,0.7581548690795898,-0.23682379722595215,0.6075489521026611,0.138502836227417,0.46490907669067383,0.20037341117858887,-0.8819923400878906,-0.3603707253932953,0.3036813735961914,-0.08538947254419327,0.7559372186660767,0.6490512490272522,0.3491884171962738,0.0012345314025878906,-0.03100002184510231,0.27164334058761597,0.9623980522155762,2.2961646095609467e-07,-0.9623980522155762,0.27164334058761597,1.4613749499403639e-06,0.21019423007965088,-0.0722726508975029,-0.03099988028407097,0.48818260431289673,0.07474171370267868,-0.03100016340613365
136,0.2695094048976898,-0.7878944277763367,-1.8601908683776855,1.2519716024398804,1.618627667427063,1.4127408266067505,0.634753942489624,0.7308019995689392,-0.0420217290520668,-0.21234717965126038,-0.039810165762901306,-0.00015854620141908526,0.40357354283332825,0.029654668644070625,0.23496459424495697,0.23967288434505463,1.0579921007156372,1.281044363975525,0.20572103559970856,1.6449863910675049,2.5670382976531982,1.8685373067855835,0.4585587680339813,0.7310023903846741,0.15055188536643982,0.013675346970558167,-0.05484715849161148,0.02940921112895012,0.23389992117881775,0.11417891085147858,0.09918186813592911,-0.003696708008646965,0.13207650184631348,-0.27110815048217773,0.5653699040412903,0.44004201889038086,0.884749710559845,-0.1535610407590866,0.7308200001716614,-0.25348544120788574,0.6337565183639526,0.1389773190021515,0.465059757232666,0.20236071944236755,-0.8803462982177734,-0.3597967326641083,0.3090904653072357,-0.07764478772878647,0.7521535158157349,0.6543976664543152,0.3491884171962738,0.0012345314025878906,-0.03100002184510231,0.27164334058761597,0.9623980522155762,2.410104116279399e-07,-0.9623980522155762,0.27164334058761597,1.6577547512497404e-06,0.21019423007965088,-0.0722726508975029,-0.030999857932329178,0.48818260431289673,0.07474171370267868,-0.031000185757875443
137,0.267005056142807,-0.8013886213302612,-1.8627636432647705,1.2513231039047241,1.6473703384399414,1.41461980342865,0.6546273827552795,0.730706512928009,-0.0639239028096199,-0.22473058104515076,-0.07974328100681305,-0.012647818773984909,0.4002074599266052,0.020174654200673103,0.2223985195159912,0.38452693819999695,1.0677013397216797,1.2818039655685425,0.20160548388957977,1.6467591524124146,2.5841169357299805,1.8761663436889648,0.46541082859039307,0.7309985160827637,0.16035780310630798,0.013226143084466457,-0.049094270914793015,0.026367321610450745,0.23813675343990326,0.10948950797319412,0.0958644300699234,0.010869265533983707,0.11896851658821106,-0.27752065658569336,0.5696702599525452,0.44747090339660645,0.88743656873703,-0.11057136952877045,0.7021158933639526,-0.27203619480133057,0.6580497622489929,0.13913622498512268,0.4652824401855469,0.20427027344703674,-0.8785852193832397,-0.3592698574066162,0.31466352939605713,-0.06983128190040588,0.7484209537506104,0.6595374345779419,0.3491884171962738,0.0012345314025878906,-0.03100002184510231,0.27164334058761597,0.9623980522155762,1.8621959441134095e-07,-0.9623980522155762,0.27164334058761597,1.4740295455339947e-06,0.21019423007965088,-0.0722726508975029,-0.03099987283349037,0.48818260431289673,0.07474171370267868,-0.03100017085671425
138,0.26359617710113525,-0.815429151058197,-1.8668913841247559,1.2498807907104492,1.676140546798706,1.416868805885315,0.674407422542572,0.7306944727897644,-0.07513617724180222,-0.22282885015010834,-0.10692372918128967,-0.025878693908452988,0.3765360414981842,0.014076088555157185,0.236488476395607,0.38223686814308167,1.0775994062423706,1.282212495803833,0.1972634494304657,1.6477805376052856,2.601121664047241,1.8837662935256958,0.47191980481147766,0.7309956550598145,0.15705911815166473,0.00723758852109313,-0.05291971191763878,0.01386159285902977,0.23784808814525604,0.10880757123231888,0.09045189619064331,0.014433127827942371,0.10447865724563599,-0.28424835205078125,0.5725595355033875,0.4539005756378174,0.888597846031189,-0.06609121710062027,0.671518862247467,-0.2923746109008789,0.6808665990829468,0.13906818628311157,0.46541643142700195,0.2060278356075287,-0.8768748044967651,-0.35876449942588806,0.3199668824672699,-0.06236603111028671,0.7448763847351074,0.6642813086509705,0.3491884469985962,0.0012345314025878906,-0.03100002184510231,0.27164334058761597,0.9623980522155762,1.3068277127104011e-08,-0.9623980522155762,0.27164334058761597,9.402906471223105e-07,0.21019423007965088,-0.0722726508975029,-0.030999917536973953,0.4881826639175415,0.07474171370267868,-0.031000126153230667
139,0.25910425186157227,-0.8289278745651245,-1.8706402778625488,1.248335838317871,1.7047009468078613,1.4207009077072144,0.6939839124679565,0.7307186126708984,-0.08292187005281448,-0.21860723197460175,-0.08369076251983643,-0.02629007212817669,0.3987342119216919,0.05240354686975479,0.23560211062431335,0.35427457094192505,1.0873843431472778,1.2823625802993774,0.19267527759075165,1.6481833457946777,2.618238925933838,1.8918228149414062,0.4788033366203308,0.7310008406639099,0.1558195799589157,0.003952352330088615,-0.056915607303380966,0.006108301691710949,0.23873770236968994,0.11501055210828781,0.0956498384475708,-0.0012406022287905216,0.08933544158935547,-0.29032230377197266,0.5754241347312927,0.4581388831138611,0.8885756731033325,-0.02328038215637207,0.6396694183349609,-0.31139397621154785,0.7027494311332703,0.13911160826683044,0.46534061431884766,0.20778492093086243,-0.875035285949707,-0.3584030866622925,0.32536226511001587,-0.05483268201351166,0.7412179112434387,0.6690212488174438,0.3491884171962738,0.0012345314025878906,-0.03100002184510231,0.27164334058761597,0.9623979926109314,4.8843453726021835e-08,-0.9623979926109314,0.27164334058761597,1.072064492291247e-06,0.21019423007965088,-0.0722726434469223,-0.030999906361103058,0.48818260431289673,0.07474170625209808,-0.031000137329101562
140,0.25311198830604553,-0.8437482714653015,-1.8719898462295532,1.2451682090759277,1.7331843376159668,1.4289189577102661,0.7120241522789001,0.730748176574707,-0.10631880909204483,-0.2392592877149582,-0.041837964206933975,-0.047941334545612335,0.39928513765335083,0.11740429699420929,0.21812108159065247,0.3246832489967346,1.0985925197601318,1.283258318901062,0.18978235125541687,1.6491528749465942,2.636793851852417,1.9015388488769531,0.48873960971832275,0.7310028076171875,0.20403359830379486,0.01750263199210167,-0.018381735309958458,0.014866341836750507,0.2565065920352936,0.13996225595474243,0.13869708776474,0.002698662457987666,0.07385414838790894,-0.29438209533691406,0.5793264508247375,0.45832449197769165,0.888630211353302,0.016586367040872574,0.6048856377601624,-0.32554352283477783,0.7267289161682129,0.13815170526504517,0.46522092819213867,0.21018081903457642,-0.8707865476608276,-0.36104288697242737,0.33373475074768066,-0.04623651131987572,0.7359161376953125,0.6754921078681946,0.3491884171962738,0.0012345314025878906,-0.03100002184510231,0.27164334058761597,0.9623979926109314,1.28894058093465e-07,-0.9623979926109314,0.27164334058761597,1.219924683937279e-06,0.21019423007965088,-0.0722726434469223,-0.030999895185232162,0.48818260431289673,0.07474170625209808,-0.031000148504972458
141,0.2460845410823822,-0.8603370189666748,-1.8708399534225464,1.2403581142425537,1.7616162300109863,1.4411510229110718,0.7285695672035217,0.7308169007301331,-0.11146857589483261,-0.26561570167541504,0.0010951238218694925,-0.08563835918903351,0.3956861197948456,0.17802183330059052,0.1929478496313095,0.22077137231826782,1.1084692478179932,1.2841873168945312,0.18572837114334106,1.6502653360366821,2.653977394104004,1.9127025604248047,0.5015636086463928,0.7309496402740479,0.045454882085323334,-0.0009988186648115516,-0.0770518109202385,-0.010893031023442745,0.24385981261730194,0.16093991696834564,0.1736481934785843,0.11468992382287979,0.05813109874725342,-0.29653310775756836,0.5841887593269348,0.4542614817619324,0.889259397983551,0.05351901054382324,0.5668643116950989,-0.33487117290496826,0.7526793479919434,0.13806426525115967,0.4644646644592285,0.2127978503704071,-0.8657127618789673,-0.3654574751853943,0.3420269787311554,-0.03840692341327667,0.7297994494438171,0.6825816631317139,0.3491884171962738,0.0012345314025878906,-0.03100002184510231,0.27164334058761597,0.9623979926109314,1.76478252456036e-07,-0.9623979926109314,0.27164334058761597,1.386547182846698e-06,0.21019423007965088,-0.0722726434469223,-0.030999884009361267,0.48818260431289673,0.07474170625209808,-0.031000159680843353
142,0.23761394619941711,-0.8787307143211365,-1.8714604377746582,1.2314672470092773,1.7894550561904907,1.454968810081482,0.7430168390274048,0.7307039499282837,-0.15461939573287964,-0.3337581157684326,-0.0952521562576294,-0.16121800243854523,0.3893987834453583,0.18266895413398743,0.1892269253730774,0.38114166259765625,1.1120021343231201,1.284907579421997,0.1803806573152542,1.6513336896896362,2.6721408367156982,1.9237455129623413,0.5162544846534729,0.7309696078300476,0.0518663190305233,0.009507345035672188,-0.07909973710775375,0.01253118272870779,0.2521883249282837,0.16049079596996307,0.20235340297222137,0.060494113713502884,0.04146212339401245,-0.29831981658935547,0.5865176916122437,0.44853901863098145,0.8890459537506104,0.09170606732368469,0.5261728763580322,-0.34560954570770264,0.7769788503646851,0.14369931817054749,0.46270275115966797,0.21522971987724304,-0.8627032041549683,-0.3643823564052582,0.35066908597946167,-0.025702064856886864,0.7241145968437195,0.6892006397247314,0.3491884469985962,0.0012345314025878906,-0.03100002184510231,0.27164334058761597,0.9623979926109314,2.3687576344855188e-07,-0.9623979926109314,0.27164334058761597,1.5611176422680728e-06,0.21019423007965088,-0.0722726434469223,-0.030999869108200073,0.4881826639175415,0.07474170625209808,-0.031000174582004547
143,0.2280217856168747,-0.9003989100456238,-1.8736577033996582,1.220039963722229,1.8173174858093262,1.4705289602279663,0.7566618323326111,0.7307471036911011,-0.15379293262958527,-0.35763877630233765,-0.07515087723731995,-0.18522438406944275,0.38953301310539246,0.2180999219417572,0.1797940880060196,0.32325300574302673,1.1158523559570312,1.285666823387146,0.17493095993995667,1.6522225141525269,2.6906564235687256,1.9357483386993408,0.5322002172470093,0.7309690713882446,0.05257531628012657,0.010950732044875622,-0.08008639514446259,0.012215325608849525,0.25850793719291687,0.17264103889465332,0.220419242978096,0.06113278120756149,0.02297157049179077,-0.299959659576416,0.5867841839790344,0.4407966732978821,0.8878616094589233,0.13190977275371552,0.48090678453445435,-0.3576853275299072,0.800493597984314,0.14917665719985962,0.46065378189086914,0.21783912181854248,-0.8589590787887573,-0.364547997713089,0.35957521200180054,-0.01307839434593916,0.7176246643066406,0.6963072419166565,0.3491884171962738,0.0012345314025878906,-0.03100002184510231,0.27164334058761597,0.9623979926109314,1.691083895138945e-07,-0.9623979926109314,0.27164334058761597,1.369245296700683e-06,0.21019423007965088,-0.0722726434469223,-0.030999884009361267,0.48818260431289673,0.07474170625209808,-0.031000159680843353
144,0.21764187514781952,-0.9243491291999817,-1.8731609582901,1.2053718566894531,1.8448923826217651,1.4896419048309326,0.7678255438804626,0.7307634353637695,-0.15179182589054108,-0.3925623893737793,-0.04405749961733818,-0.2616133391857147,0.3773510754108429,0.2671307921409607,0.156796395778656,0.34092381596565247,1.1194398403167725,1.287166953086853,0.16959360241889954,1.6542532444000244,2.710008382797241,1.9495574235916138,0.5510327219963074,0.7309548258781433,0.05184221267700195,0.020383546128869057,-0.07556738704442978,0.028404053300619125,0.2741115987300873,0.19678054749965668,0.26326337456703186,0.0695314109325409,0.004856765270233154,-0.29962730407714844,0.5873097777366638,0.42846691608428955,0.8876370191574097,0.1688690036535263,0.4319453835487366,-0.3653740882873535,0.824575662612915,0.15520703792572021,0.4581155776977539,0.22102487087249756,-0.8540064096450806,-0.3665245473384857,0.36923304200172424,0.0003884137549903244,0.7092556357383728,0.704951286315918,0.3491884469985962,0.0012345314025878906,-0.03100002184510231,0.27164334058761597,0.9623979926109314,2.3575145746690396e-07,-0.9623979926109314,0.27164334058761597,1.5390269254567102e-06,0.21019423007965088,-0.0722726434469223,-0.03099987283349037,0.4881826639175415,0.07474170625209808,-0.03100017085671425
145,0.20587848126888275,-0.9504050612449646,-1.8691389560699463,1.18844735622406,1.8722927570343018,1.512197494506836,0.7766760587692261,0.730870246887207,-0.16380757093429565,-0.40796664357185364,0.033603280782699585,-0.2655368447303772,0.3825755715370178,0.3181343674659729,0.11874235421419144,0.1776888221502304,1.1234933137893677,1.2876315116882324,0.16436491906642914,1.6562933921813965,2.7296302318573,1.965409517288208,0.5721941590309143,0.7309966683387756,0.06347322463989258,0.001601904397830367,-0.07474887371063232,0.03253697603940964,0.273718923330307,0.22509752213954926,0.2956315279006958,-0.0003583403304219246,-0.013465523719787598,-0.2972569465637207,0.5888091921806335,0.41267913579940796,0.8883930444717407,0.20113107562065125,0.37877634167671204,-0.3681851625442505,0.8490984439849854,0.1608831286430359,0.4551105499267578,0.2256757915019989,-0.8478052616119385,-0.37164151668548584,0.37829717993736267,0.013200491666793823,0.6983436346054077,0.7156409025192261,0.3491884171962738,0.0012345314025878906,-0.03100002184510231,0.27164334058761597,0.9623979926109314,1.5597062485994684e-07,-0.9623979926109314,0.27164334058761597,1.3507086578101735e-06,0.21019423007965088,-0.0722726434469223,-0.030999884009361267,0.48818260431289673,0.07474170625209808,-0.031000159680843353
146,0.1937069296836853,-0.9781216382980347,-1.8599148988723755,1.1702526807785034,1.8996542692184448,1.5374647378921509,0.7825535535812378,0.730952262878418,-0.1753581166267395,-0.41775956749916077,0.13003024458885193,-0.26682254672050476,0.38334745168685913,0.36228978633880615,0.07686636596918106,0.05514223501086235,1.1290614604949951,1.2853491306304932,0.1606905311346054,1.6597460508346558,2.7503128051757812,1.9834656715393066,0.595659077167511,0.731062650680542,0.09486663341522217,-0.07581329345703125,-0.03655202314257622,0.07848426699638367,0.29346397519111633,0.2608315646648407,0.32847973704338074,-0.010454417206346989,-0.031291961669921875,-0.29270267486572266,0.5922655463218689,0.39384061098098755,0.8908154964447021,0.2265777885913849,0.32193225622177124,-0.36456894874572754,0.8737558126449585,0.16546490788459778,0.45194292068481445,0.23407918214797974,-0.8400574922561646,-0.3818194270133972,0.3853799104690552,0.02515644207596779,0.6821994781494141,0.7307331562042236,0.3491884171962738,0.0012345314025878906,-0.03100002184510231,0.27164334058761597,0.9623979926109314,1.0376608372553164e-07,-0.9623979926109314,0.27164334058761597,1.1696052979459637e-06,0.21019423007965088,-0.0722726434469223,-0.03099989891052246,0.48818260431289673,0.07474170625209808,-0.03100014477968216
147,0.1821247935295105,-1.0069681406021118,-1.8471283912658691,1.1482905149459839,1.9262418746948242,1.5641906261444092,0.785262405872345,0.7309399247169495,-0.17610278725624084,-0.43421000242233276,0.17179521918296814,-0.3193100690841675,0.37100696563720703,0.38317155838012695,0.036308661103248596,0.08556314557790756,1.1370270252227783,1.2775859832763672,0.16053980588912964,1.6654658317565918,2.7726705074310303,2.0031888484954834,0.6207467317581177,0.7313926219940186,0.23121115565299988,-0.19721083343029022,-0.10476256906986237,0.15977434813976288,0.12651993334293365,0.28574109077453613,0.3428725600242615,-0.588951826095581,-0.04721313714981079,-0.28645753860473633,0.5959302186965942,0.3712100386619568,0.8949640989303589,0.24747201800346375,0.26336076855659485,-0.35704731941223145,0.8961911797523499,0.16809186339378357,0.4489278793334961,0.24885061383247375,-0.8305639028549194,-0.39881131052970886,0.3887331783771515,0.0361422635614872,0.6579314470291138,0.7522100806236267,0.3491884171962738,0.0012345314025878906,-0.03100002184510231,0.27164334058761597,0.9623979926109314,1.5568839728530293e-07,-0.9623979926109314,0.27164334058761597,1.339372147413087e-06,0.21019423007965088,-0.0722726434469223,-0.030999887734651566,0.48818260431289673,0.07474170625209808,-0.031000155955553055
148,0.17133954167366028,-1.0366586446762085,-1.8320614099502563,1.1267096996307373,1.953190803527832,1.5920614004135132,0.7879874110221863,0.7309967279434204,-0.1600319743156433,-0.44230127334594727,0.21770717203617096,-0.30015498399734497,0.38121524453163147,0.3959149122238159,0.022825315594673157,0.0007064894307404757,1.147076964378357,1.2660555839538574,0.16044777631759644,1.6713721752166748,2.794757127761841,2.024364709854126,0.6462382674217224,0.7312020063400269,0.21624042093753815,-0.23227305710315704,-0.08716440945863724,0.11951351910829544,0.19610920548439026,0.3066944479942322,0.35044071078300476,-0.3029787540435791,-0.06345170736312866,-0.27937841415405273,0.6002294421195984,0.34644246101379395,0.9001120328903198,0.2641514241695404,0.20187297463417053,-0.34652984142303467,0.916059136390686,0.16884708404541016,0.44548988342285156,0.2668873965740204,-0.8203999996185303,-0.4205743968486786,0.38737747073173523,0.04407474026083946,0.628951907157898,0.7761938571929932,0.3491884171962738,0.0012345314025878906,-0.03100002184510231,0.27164334058761597,0.9623979926109314,1.0664605554211448e-07,-0.9623979926109314,0.27164334058761597,1.1558976211745176e-06,0.21019423007965088,-0.0722726434469223,-0.03099990263581276,0.48818260431289673,0.07474170625209808,-0.03100014105439186
149,0.1611369401216507,-1.0679415464401245,-1.8143867254257202,1.1064715385437012,1.9813380241394043,1.6203845739364624,0.7911733984947205,0.7309985160827637,-0.15172433853149414,-0.46601709723472595,0.2535865604877472,-0.27263790369033813,0.3996763527393341,0.40504586696624756,0.042239584028720856,0.025656750425696373,1.1563825607299805,1.2544748783111572,0.16638636589050293,1.6824191808700562,2.819814443588257,2.043869972229004,0.6723129749298096,0.7312213778495789,0.24300333857536316,-0.23081479966640472,0.27160903811454773,0.18755307793617249,0.44210582971572876,0.2855134904384613,0.36955076456069946,-0.33221763372421265,-0.08098095655441284,-0.2717781066894531,0.6050986647605896,0.3203384280204773,0.9058625102043152,0.2771216630935669,0.13625355064868927,-0.3335552215576172,0.9328321218490601,0.17018723487854004,0.4420289993286133,0.28758737444877625,-0.8087975978851318,-0.44348403811454773,0.38622334599494934,0.05711261183023453,0.5944072008132935,0.8021335601806641,0.3491884171962738,0.0012345314025878906,-0.03100002184510231,0.27164334058761597,0.9623979926109314,1.5023944399672473e-07,-0.9623979926109314,0.27164334058761597,1.3179273992136586e-06,0.21019423007965088,-0.0722726434469223,-0.030999887734651566,0.48818260431289673,0.07474170625209808,-0.031000155955553055
150,0.1515345573425293,-1.1015610694885254,-1.7957631349563599,1.0908775329589844,2.011516571044922,1.6498218774795532,0.7961503267288208,0.7310039401054382,-0.14110180735588074,-0.49967673420906067,0.2815229296684265,-0.17682863771915436,0.43585285544395447,0.42307955026626587,0.05682691931724548,0.07805601507425308,1.1762722730636597,1.2415372133255005,0.18543854355812073,1.6986290216445923,2.8482511043548584,2.062314033508301,0.6992180943489075,0.7312479019165039,0.4320754408836365,-0.3016222417354584,0.360720157623291,0.27806556224823,0.3842538893222809,0.27186334133148193,0.37857064604759216,-0.314018189907074,-0.10223543643951416,-0.264127254486084,0.6100770831108093,0.2953299283981323,0.9114415645599365,0.2864518165588379,0.06451287865638733,-0.31816577911376953,0.9458376169204712,0.16215780377388,0.440152645111084,0.3128904700279236,-0.7869956493377686,-0.4800071716308594,0.3875963091850281,0.07309937477111816,0.5512645840644836,0.8311220407485962,0.3491884171962738,0.0012345314025878906,-0.03100002184510231,0.27164334058761597,0.9623979926109314,2.148574651528179e-07,-0.9623979926109314,0.27164334058761597,1.488180259912042e-06,0.21019423007965088,-0.0722726434469223,-0.03099987655878067,0.48818260431289673,0.07474170625209808,-0.03100016713142395
151,0.14354531466960907,-1.1363427639007568,-1.7779847383499146,1.0790743827819824,2.0429656505584717,1.6795605421066284,0.8053690195083618,0.7310078144073486,-0.12345561385154724,-0.5222809910774231,0.2572500705718994,-0.13138066232204437,0.4492151141166687,0.4243449866771698,0.1314096301794052,-0.006054862402379513,1.1992043256759644,1.2276262044906616,0.2085036039352417,1.718761682510376,2.8766746520996094,2.07831072807312,0.7260577082633972,0.7312085032463074,0.41551122069358826,-0.2944186329841614,0.3900587856769562,0.32650813460350037,0.3901885747909546,0.23542216420173645,0.37744900584220886,-0.2566283047199249,-0.1258920431137085,-0.256894588470459,0.6136592626571655,0.26888006925582886,0.9173495769500732,0.2935526967048645,-0.010459662415087223,-0.3019775152206421,0.9532576203346252,0.15155526995658875,0.4381370544433594,0.3399636745452881,-0.761172890663147,-0.5208231210708618,0.38647034764289856,0.0907483622431755,0.5045058727264404,0.8586260080337524,0.3491884171962738,0.0012345314025878906,-0.03100002184510231,0.27164334058761597,0.9623979926109314,1.429906006933379e-07,-0.9623979926109314,0.27164334058761597,1.300610279031389e-06,0.21019423007965088,-0.0722726434469223,-0.030999887734651566,0.48818260431289673,0.07474170625209808,-0.031000155955553055
152,0.13737337291240692,-1.1717227697372437,-1.7607098817825317,1.0649429559707642,2.072751045227051,1.70919930934906,0.8046075701713562,0.7310752868652344,-0.07068505138158798,-0.5209253430366516,0.2425905466079712,-0.12581102550029755,0.3819427192211151,0.36060088872909546,0.8123608827590942,-0.012733343988656998,1.2051903009414673,1.2190918922424316,0.2234516590833664,1.7377419471740723,2.913116455078125,2.0936758518218994,0.7477187514305115,0.7312328219413757,0.024283885955810547,-0.16156433522701263,0.2597557604312897,0.28835445642471313,0.4515976905822754,0.24432455003261566,0.218895822763443,-0.3005411922931671,-0.1478886604309082,-0.24953365325927734,0.6148085594177246,0.24918502569198608,0.9213482141494751,0.298369437456131,-0.08405245095491409,-0.2863503694534302,0.9544310569763184,0.15867260098457336,0.43251657485961914,0.36014243960380554,-0.7517601251602173,-0.5344386696815491,0.38630539178848267,0.12232403457164764,0.462627649307251,0.8780731558799744,0.3491884171962738,0.0012345314025878906,-0.03100002184510231,0.27164334058761597,0.9623979926109314,2.0625648744498903e-07,-0.9623979926109314,0.27164334058761597,1.4690652960780426e-06,0.21019423007965088,-0.0722726434469223,-0.03099987655878067,0.48818260431289673,0.07474170625209808,-0.03100016713142395
153,0.12966786324977875,-1.2068153619766235,-1.7433385848999023,1.0517257452011108,2.1004109382629395,1.7388604879379272,0.795175313949585,0.7310083508491516,-0.10317904502153397,-0.5210912823677063,0.26628997921943665,-0.18732069432735443,0.39018183946609497,0.42872825264930725,-0.13215899467468262,0.005774929188191891,1.2088671922683716,1.2105120420455933,0.23835106194019318,1.752925157546997,2.9480772018432617,2.112769365310669,0.7657064199447632,0.7312328219413757,0.05213894695043564,-0.17633478343486786,0.2231905162334442,0.24729205667972565,0.5003297924995422,0.262667715549469,0.11963199079036713,-0.2836464047431946,-0.17078781127929688,-0.24133634567260742,0.6147946715354919,0.2410271167755127,0.9227948784828186,0.3005918860435486,-0.15605944395065308,-0.2688412666320801,0.9504576921463013,0.16668885946273804,0.42475271224975586,0.37866055965423584,-0.7450995445251465,-0.5454182028770447,0.3838565945625305,0.15405236184597015,0.4192328453063965,0.8947132229804993,0.3491884171962738,0.0012345314025878906,-0.03100002184510231,0.27164334058761597,0.9623979926109314,1.3058236447704985e-07,-0.9623979926109314,0.27164334058761597,1.289082433686417e-06,0.21019423007965088,-0.0722726434469223,-0.030999887734651566,0.48818260431289673,0.07474170625209808,-0.031000155955553055
154,0.12173755466938019,-1.24204683303833,-1.725390076637268,1.0372862815856934,2.124940872192383,1.7688989639282227,0.7778595685958862,0.7309891581535339,-0.10119236260652542,-0.5296077728271484,0.25110602378845215,-0.22370047867298126,0.33890974521636963,0.42963650822639465,-0.2405458688735962,0.012467140331864357,1.2127890586853027,1.2027130126953125,0.25564518570899963,1.7663583755493164,2.9822871685028076,2.1340065002441406,0.7735387086868286,0.7312004566192627,0.06559548527002335,-0.1673535257577896,0.26915574073791504,0.21487577259540558,0.48642876744270325,0.3037106692790985,0.10356979072093964,-0.2201647013425827,-0.19264715909957886,-0.23205900192260742,0.6136600375175476,0.24020534753799438,0.9226409196853638,0.30172011256217957,-0.22520294785499573,-0.24937379360198975,0.9418578147888184,0.17371833324432373,0.4158473014831543,0.39558807015419006,-0.7433571815490723,-0.5505213737487793,0.3799296021461487,0.18677683174610138,0.37456732988357544,0.9081926345825195,0.3491884171962738,0.0012345314025878906,-0.03100002184510231,0.27164334058761597,0.9623979926109314,1.8937672052743437e-07,-0.9623979926109314,0.27164334058761597,1.458086217098753e-06,0.21019423007965088,-0.0722726434469223,-0.03099987655878067,0.48818260431289673,0.07474170625209808,-0.03100016713142395
155,0.11423727124929428,-1.2780635356903076,-1.7085754871368408,1.0213947296142578,2.1460111141204834,1.7988317012786865,0.7567740678787231,0.7310012578964233,-0.09168101847171783,-0.5353432297706604,0.23871424794197083,-0.2325676530599594,0.2973414361476898,0.4261234700679779,-0.2949625253677368,-0.0020632464438676834,1.2169277667999268,1.1972675323486328,0.27409783005714417,1.7763086557388306,3.0160768032073975,2.1565396785736084,0.7685831189155579,0.7311149835586548,0.05964743345975876,-0.08496464043855667,0.26795265078544617,0.14653301239013672,0.4801309406757355,0.313682496547699,-0.1923263818025589,-0.12800496816635132,-0.21318185329437256,-0.22242069244384766,0.610522985458374,0.24207568168640137,0.921352744102478,0.3041521906852722,-0.29111337661743164,-0.2300623655319214,0.9286141991615295,0.18005973100662231,0.40654850006103516,0.40853437781333923,-0.7481400966644287,-0.5452102422714233,0.3781963586807251,0.2207854688167572,0.3329479694366455,0.9167331457138062,0.3491884171962738,0.0012345314025878906,-0.03100002184510231,0.27164334058761597,0.9623979926109314,1.4541980419835454e-07,-0.9623979926109314,0.27164334058761597,1.2718138577838545e-06,0.21019423007965088,-0.0722726434469223,-0.030999891459941864,0.48818260431289673,0.07474170625209808,-0.031000152230262756
156,0.10815680772066116,-1.31486976146698,-1.6934030055999756,1.00574791431427,2.1660430431365967,1.82853102684021,0.73497474193573,0.731001615524292,-0.07563022524118423,-0.5541181564331055,0.20469701290130615,-0.22235865890979767,0.28592196106910706,0.42156368494033813,-0.30451011657714844,-0.002559264190495014,1.220814824104309,1.1975655555725098,0.29369571805000305,1.785163402557373,3.04968523979187,2.1781156063079834,0.7542481422424316,0.731018602848053,0.05673172324895859,0.02343648672103882,0.28048568964004517,0.12250089645385742,0.476072758436203,0.29091018438339233,-0.4823543429374695,-0.00909478310495615,-0.2332003116607666,-0.21324634552001953,0.605164110660553,0.24418902397155762,0.9190589189529419,0.309358149766922,-0.3553946912288666,-0.21200251579284668,0.910356879234314,0.18657124042510986,0.39797306060791016,0.4156148433685303,-0.756807804107666,-0.5295916199684143,0.38311174511909485,0.2572416663169861,0.2975030541419983,0.9194121360778809,0.3491884171962738,0.0012345314025878906,-0.03100002184510231,0.27164334058761597,0.9623979926109314,1.8909148025159084e-07,-0.9623979926109314,0.27164334058761597,1.4467455002886709e-06,0.21019423007965088,-0.0722726434469223,-0.03099987655878067,0.48818260431289673,0.07474170625209808,-0.03100016713142395
157,0.10416101664304733,-1.3528904914855957,-1.680840253829956,0.9905253052711487,2.1878018379211426,1.8578053712844849,0.7147082686424255,0.7309343814849854,-0.02754049189388752,-0.5738399028778076,0.15397395193576813,-0.23076903820037842,0.30784955620765686,0.4124487340450287,-0.28098636865615845,0.08057502657175064,1.220790982246399,1.2044975757598877,0.30896317958831787,1.7922452688217163,3.0799314975738525,2.1975061893463135,0.7348393201828003,0.7308979630470276,-0.1013435497879982,0.1457502841949463,0.17880459129810333,0.08323153108358383,0.4206595718860626,0.2750284671783447,-0.2730381488800049,0.1139281764626503,-0.2532236576080322,-0.20559453964233398,0.5965338349342346,0.24358731508255005,0.9156233072280884,0.3198425769805908,-0.419883668422699,-0.1977144479751587,0.885780394077301,0.1955222189426422,0.39029645919799805,0.41572606563568115,-0.7697014808654785,-0.5029916763305664,0.3931400179862976,0.2911577522754669,0.27146244049072266,0.9173523783683777,0.3491884171962738,0.0012345314025878906,-0.03100002184510231,0.27164334058761597,0.9623979926109314,1.3368448037454073e-07,-0.9623979926109314,0.27164334058761597,1.2551158761198167e-06,0.21019423007965088,-0.0722726434469223,-0.030999895185232162,0.48818260431289673,0.07474170625209808,-0.031000148504972458
158,0.10151813924312592,-1.391336441040039,-1.6719176769256592,0.9748551845550537,2.211249589920044,1.8856362104415894,0.6967976689338684,0.7309394478797913,-0.017456749454140663,-0.5725973844528198,0.06439794600009918,-0.17257629334926605,0.32149356603622437,0.36951395869255066,-0.21759971976280212,0.10439616441726685,1.213392972946167,1.2160661220550537,0.3219476342201233,1.801604151725769,3.1101179122924805,2.2135019302368164,0.7133020758628845,0.7308515906333923,-0.1245831698179245,0.17907372117042542,0.22022496163845062,0.13555853068828583,0.4095708429813385,0.2254233956336975,-0.31351619958877563,0.1818533092737198,-0.27252352237701416,-0.19995689392089844,0.5841804146766663,0.238966703414917,0.9108834266662598,0.33643174171447754,-0.4827597141265869,-0.18916988372802734,0.8550776243209839,0.2103906273841858,0.3822770118713379,0.4120595455169678,-0.7862718105316162,-0.4645805060863495,0.4073597490787506,0.3260282278060913,0.24808955192565918,0.9122265577316284,0.3491884171962738,0.0012345314025878906,-0.03100002184510231,0.27164334058761597,0.9623979926109314,1.8676283275453898e-07,-0.9623979926109314,0.27164334058761597,1.422934815309418e-06,0.21019423007965088,-0.0722726434469223,-0.03099988028407097,0.48818260431289673,0.07474170625209808,-0.03100016340613365
159,0.09890156239271164,-1.4299848079681396,-1.6665924787521362,0.9598748683929443,2.236359119415283,1.9123245477676392,0.6816239953041077,0.7308919429779053,-0.016985192894935608,-0.5858452320098877,0.05734364688396454,-0.19630801677703857,0.35905420780181885,0.381588339805603,-0.19659005105495453,0.14534421265125275,1.2052242755889893,1.2279772758483887,0.3354012370109558,1.812982201576233,3.14013934135437,2.2267422676086426,0.6922112107276917,0.7308604717254639,-0.12497115135192871,0.17824861407279968,0.20569494366645813,0.16495199501514435,0.4181802272796631,0.1872728019952774,-0.3008285462856293,0.16560980677604675,-0.2918611764907837,-0.19581890106201172,0.5683467984199524,0.23174118995666504,0.9045409560203552,0.3579130470752716,-0.5437847375869751,-0.1846175193786621,0.818666398525238,0.22573551535606384,0.37436676025390625,0.40802910923957825,-0.8002078533172607,-0.4244171977043152,0.4237186014652252,0.36039653420448303,0.2244107723236084,0.9054027199745178,0.3491884171962738,0.0012345314025878906,-0.03100002184510231,0.27164334058761597,0.9623979926109314,1.2701379148438718e-07,-0.9623979926109314,0.27164334058761597,1.248533067155222e-06,0.21019423007965088,-0.0722726434469223,-0.030999895185232162,0.48818260431289673,0.07474170625209808,-0.031000148504972458
160,0.09662642329931259,-1.4690735340118408,-1.6618292331695557,0.9456305503845215,2.261793375015259,1.938968300819397,0.6659401655197144,0.7308744788169861,-0.01567891240119934,-0.5880060791969299,0.06462117284536362,-0.19123318791389465,0.3654138445854187,0.38464561104774475,-0.21608373522758484,0.15358512103557587,1.1992837190628052,1.2395037412643433,0.35073500871658325,1.8291802406311035,3.1704626083374023,2.2383949756622314,0.6706032156944275,0.7308871150016785,-0.08924968540668488,0.14778238534927368,0.23204034566879272,0.2721378207206726,0.427878201007843,0.17251551151275635,-0.30534499883651733,0.14096026122570038,-0.3105970621109009,-0.19186830520629883,0.5507445335388184,0.22375112771987915,0.8969852328300476,0.3812517523765564,-0.6024235486984253,-0.18022024631500244,0.7775644659996033,0.2397371232509613,0.36640357971191406,0.4055233895778656,-0.8107788562774658,-0.3854427933692932,0.44053584337234497,0.39419931173324585,0.1968170404434204,0.897702693939209,0.3491884171962738,0.0012345314025878906,-0.03100002184510231,0.27164334058761597,0.9623979926109314,1.726439933236179e-07,-0.9623979926109314,0.27164334058761597,1.4192296475812327e-06,0.21019423007965088,-0.0722726434469223,-0.03099988028407097,0.48818260431289673,0.07474170625209808,-0.03100016340613365
161,0.0945550948381424,-1.50785493850708,-1.6551295518875122,0.9304217100143433,2.2865209579467773,1.9660530090332031,0.6486997604370117,0.7308356165885925,-0.030577633529901505,-0.5808958411216736,0.10891949385404587,-0.23197731375694275,0.3487688899040222,0.39415237307548523,-0.24302810430526733,0.19888707995414734,1.1937506198883057,1.2492164373397827,0.3669220507144928,1.8487786054611206,3.200961112976074,2.2497687339782715,0.6477048397064209,0.730858325958252,-0.07703622430562973,0.12796008586883545,0.23452913761138916,0.2893717885017395,0.4282625913619995,0.16379809379577637,-0.32296857237815857,0.17942467331886292,-0.3275776505470276,-0.18718194961547852,0.5330550670623779,0.21442091464996338,0.8893676400184631,0.40379321575164795,-0.6573415994644165,-0.17438113689422607,0.7331393957138062,0.2535460293292999,0.3575005531311035,0.40508541464805603,-0.8195962905883789,-0.34592074155807495,0.4567285478115082,0.4265156090259552,0.16389042139053345,0.8895080089569092,0.3491884171962738,0.0012345314025878906,-0.03100002184510231,0.27164334058761597,0.9623979926109314,1.379370502263555e-07,-0.9623979926109314,0.27164334058761597,1.22295693927299e-06,0.21019423007965088,-0.0722726434469223,-0.03099989891052246,0.48818260431289673,0.07474170625209808,-0.03100014477968216
162,0.09220681339502335,-1.546345591545105,-1.6477468013763428,0.9142856597900391,2.30902099609375,1.9930907487869263,0.6291652321815491,0.7308211326599121,-0.01865510828793049,-0.5765644311904907,0.09557151794433594,-0.22329045832157135,0.31988808512687683,0.38773906230926514,-0.2753908336162567,0.23111434280872345,1.1885243654251099,1.258540153503418,0.3840336203575134,1.8689532279968262,3.231503486633301,2.2615344524383545,0.6225982308387756,0.7308510541915894,-0.07142102718353271,0.12261516600847244,0.25079846382141113,0.29593563079833984,0.4330155551433563,0.16969408094882965,-0.35258030891418457,0.17380951344966888,-0.34269195795059204,-0.18184280395507812,0.51521235704422,0.20490920543670654,0.8811418414115906,0.4261472225189209,-0.707412600517273,-0.16757559776306152,0.6866482496261597,0.2669098973274231,0.3479757308959961,0.4045504033565521,-0.825919508934021,-0.3042440712451935,0.4746500253677368,0.45797884464263916,0.1289438009262085,0.8795617818832397,0.3491884171962738,0.0012345314025878906,-0.03100002184510231,0.27164334058761597,0.9623979926109314,1.716246771366059e-07,-0.9623979926109314,0.27164334058761597,1.39715939440066e-06,0.21019423007965088,-0.0722726434469223,-0.03099988028407097,0.48818260431289673,0.07474170625209808,-0.03100016340613365
163,0.09015866369009018,-1.5852994918823242,-1.641618013381958,0.8979615569114685,2.329406976699829,2.0195248126983643,0.6077966094017029,0.730834424495697,0.0009422982693649828,-0.5784599184989929,0.10582542419433594,-0.22774095833301544,0.2903826832771301,0.38175976276397705,-0.29978060722351074,0.23145653307437897,1.1832923889160156,1.2726362943649292,0.39910414814949036,1.8805259466171265,3.258784294128418,2.2728939056396484,0.5953042507171631,0.7305192351341248,-0.10731001943349838,0.05970166623592377,0.18445979058742523,-0.0971193015575409,0.2577687203884125,0.19050440192222595,-0.45651155710220337,0.41620197892189026,-0.3560613989830017,-0.17668628692626953,0.4962118864059448,0.19440436363220215,0.8715105056762695,0.45019593834877014,-0.7529281377792358,-0.16159534454345703,0.637954592704773,0.27850955724716187,0.3403310775756836,0.3968925178050995,-0.8281168937683105,-0.2575957179069519,0.4978626072406769,0.4876503646373749,0.10694503784179688,0.8664640784263611,0.3491884171962738,0.0012345314025878906,-0.03100002184510231,0.27164334058761597,0.9623979926109314,2.579825775228528e-07,-0.9623979926109314,0.27164334058761597,1.5604929330947925e-06,0.21019423007965088,-0.0722726434469223,-0.03099987283349037,0.48818260431289673,0.07474170625209808,-0.03100017085671425
164,0.08960386365652084,-1.6234095096588135,-1.6330047845840454,0.8814194202423096,2.3517565727233887,2.0444436073303223,0.5894538760185242,0.7307782173156738,0.004937079735100269,-0.5694795250892639,0.10853882879018784,-0.23168323934078217,0.31813186407089233,0.35573169589042664,-0.25741228461265564,0.2977871596813202,1.1753262281417847,1.278269648551941,0.41300666332244873,1.8771674633026123,3.2798023223876953,2.2795495986938477,0.5668644309043884,0.7303157448768616,-0.11524120718240738,0.0883917436003685,0.19315272569656372,-0.09517192095518112,0.21997176110744476,0.1379556506872177,-0.5181743502616882,0.5300227403640747,-0.3674556016921997,-0.17223072052001953,0.4774438738822937,0.17761045694351196,0.8632834553718567,0.47243642807006836,-0.7945860028266907,-0.15742671489715576,0.5863871574401855,0.2879984676837921,0.3351268768310547,0.3893473744392395,-0.8267807960510254,-0.21215704083442688,0.5209829211235046,0.5127346515655518,0.09672778844833374,0.8530809283256531,0.3491884171962738,0.0012345314025878906,-0.03100002184510231,0.27164334058761597,0.9623979926109314,1.726795204604059e-07,-0.9623979926109314,0.27164334058761597,1.3875784361516708e-06,0.21019423007965088,-0.0722726434469223,-0.030999884009361267,0.48818260431289673,0.07474170625209808,-0.031000159680843353
165,0.08986874669790268,-1.661792278289795,-1.6248927116394043,0.8654527068138123,2.3766238689422607,2.0677993297576904,0.5751279592514038,0.7307533621788025,0.018466603010892868,-0.5759605765342712,0.10193178057670593,-0.2227141261100769,0.3537394404411316,0.3335071802139282,-0.19872401654720306,0.3238561749458313,1.1671148538589478,1.2842754125595093,0.4269573390483856,1.8741240501403809,3.300358533859253,2.282773494720459,0.5384113192558289,0.730265200138092,-0.11332113295793533,0.0963139608502388,0.18088218569755554,-0.08512803912162781,0.20834574103355408,0.09376848489046097,-0.515950083732605,0.5548533201217651,-0.3776792287826538,-0.16903400421142578,0.45696789026260376,0.15480107069015503,0.8551312685012817,0.4947597086429596,-0.8329747915267944,-0.15630412101745605,0.5307747721672058,0.29750415682792664,0.33087778091430664,0.3809967041015625,-0.8218345642089844,-0.16604557633399963,0.5449923872947693,0.5378806591033936,0.0892033576965332,0.8382881879806519,0.3491884469985962,0.0012345314025878906,-0.03100002184510231,0.27164334058761597,0.9623979926109314,2.3307612195822003e-07,-0.9623979926109314,0.27164334058761597,1.5621120610376238e-06,0.21019423007965088,-0.0722726434469223,-0.030999869108200073,0.4881826639175415,0.07474170625209808,-0.031000174582004547
166,0.09087853878736496,-1.7003530263900757,-1.6168678998947144,0.8498650193214417,2.4032444953918457,2.0898070335388184,0.5647749900817871,0.7307268381118774,0.02807791158556938,-0.5750866532325745,0.10313218832015991,-0.218551367521286,0.3758692741394043,0.3158780336380005,-0.14274321496486664,0.3614968955516815,1.159374713897705,1.29011869430542,0.44004276394844055,1.8715488910675049,3.3207483291625977,2.2837719917297363,0.5104119777679443,0.7302204966545105,-0.10032947361469269,0.09154561907052994,0.1481432467699051,-0.07678298652172089,0.20190095901489258,0.06619499623775482,-0.5007904171943665,0.5913453102111816,-0.38643038272857666,-0.16678524017333984,0.4352882504463196,0.12652581930160522,0.8475379347801208,0.5154325366020203,-0.8674381375312805,-0.15752184391021729,0.47195133566856384,0.30666351318359375,0.32722902297973633,0.3724428713321686,-0.81402587890625,-0.12023213505744934,0.5682483911514282,0.5621386170387268,0.08310484886169434,0.8228570818901062,0.3491884171962738,0.0012345314025878906,-0.03100002184510231,0.27164334058761597,0.9623979926109314,1.578035409011136e-07,-0.9623979926109314,0.27164334058761597,1.373182499264658e-06,0.21019423007965088,-0.0722726434469223,-0.030999884009361267,0.48818260431289673,0.07474170625209808,-0.031000159680843353
167,0.09367503225803375,-1.7386813163757324,-1.6066921949386597,0.8331199288368225,2.4307892322540283,2.11145281791687,0.5585815906524658,0.7306625843048096,0.03804511949419975,-0.5207340121269226,0.12824518978595734,-0.32125118374824524,0.3740648627281189,0.306382954120636,-0.09238456189632416,0.5312333106994629,1.1531513929367065,1.2938616275787354,0.45090124011039734,1.8678958415985107,3.3408098220825195,2.284588098526001,0.4836134910583496,0.7301737666130066,-0.07198794931173325,0.060539912432432175,0.09729190915822983,-0.09225539863109589,0.17763741314411163,0.07722441852092743,-0.4900396764278412,0.6042171120643616,-0.39268672466278076,-0.16507673263549805,0.4139266610145569,0.09212338924407959,0.8425114154815674,0.5307427048683167,-0.8973495960235596,-0.16078436374664307,0.41098931431770325,0.31448987126350403,0.32383298873901367,0.3648998439311981,-0.8049070835113525,-0.07680366188287735,0.5884095430374146,0.5835501551628113,0.07747745513916016,0.8083727359771729,0.3491884171962738,0.0012345314025878906,-0.03100002184510231,0.27164334058761597,0.9623979926109314,1.0682624917990324e-07,-0.9623979926109314,0.27164334058761597,1.1938994930460467e-06,0.21019423007965088,-0.0722726434469223,-0.03099989891052246,0.48818260431289673,0.07474170625209808,-0.03100014477968216
168,0.11397082358598709,-1.771336317062378,-1.5799964666366577,0.8056666851043701,2.4551472663879395,2.131174325942993,0.5653948187828064,0.7305324673652649,0.3776303231716156,-0.4418294131755829,0.4012860059738159,-0.49036186933517456,0.32096025347709656,0.2691343426704407,0.09233767539262772,0.562522828578949,1.1496953964233398,1.2946360111236572,0.4575597941875458,1.8627313375473022,3.3606810569763184,2.2993381023406982,0.45969560742378235,0.7302430272102356,-0.020617589354515076,0.011902116239070892,0.007258549332618713,-0.10408766567707062,0.19078895449638367,0.2563723623752594,-0.40565577149391174,0.561331033706665,-0.38521456718444824,-0.16754913330078125,0.40392133593559265,0.033152878284454346,0.8554929494857788,0.5167519450187683,-0.9160773754119873,-0.18072569370269775,0.3579671084880829,0.31945478916168213,0.31630516052246094,0.36130958795547485,-0.7997703552246094,-0.038361553102731705,0.5990791916847229,0.5965670943260193,0.06042075157165527,0.8002855777740479,0.3491884171962738,0.0012345314025878906,-0.03100002184510231,0.27164334058761597,0.9623979926109314,1.6014173809253407e-07,-0.9623979926109314,0.27164334058761597,1.3654815802510711e-06,0.21019423007965088,-0.0722726434469223,-0.030999884009361267,0.48818260431289673,0.07474170625209808,-0.031000159680843353
169,0.13913126289844513,-1.802403450012207,-1.551376461982727,0.7762762308120728,2.472060441970825,2.150846242904663,0.5756508111953735,0.7305662631988525,0.4464043974876404,-0.43284133076667786,0.4185914397239685,-0.46636295318603516,0.22480642795562744,0.26939842104911804,0.13766174018383026,0.5158820152282715,1.1480109691619873,1.2939274311065674,0.46106764674186707,1.8572722673416138,3.3809757232666016,2.326010227203369,0.4406549334526062,0.7303129434585571,0.001215670257806778,-0.007900265045464039,-0.030766978859901428,-0.14249509572982788,0.1325976401567459,0.4549374282360077,-0.4255051612854004,0.3044242262840271,-0.37371826171875,-0.17012882232666016,0.3977026343345642,-0.027382254600524902,0.8710485100746155,0.49043336510658264,-0.9279692769050598,-0.20455586910247803,0.3114963471889496,0.3224831223487854,0.30498743057250977,0.36061573028564453,-0.7975888252258301,-0.005220562685281038,0.6031790375709534,0.6027188897132874,0.03310096263885498,0.7972667217254639,0.3491884171962738,0.0012345314025878906,-0.03100002184510231,0.27164334058761597,0.9623979926109314,1.0159500618556194e-07,-0.9623979926109314,0.27164334058761597,1.1891236226801993e-06,0.21019423007965088,-0.0722726434469223,-0.03099989891052246,0.48818260431289673,0.07474170625209808,-0.03100014477968216
170,0.16769158840179443,-1.832628846168518,-1.5219037532806396,0.7486903071403503,2.4750027656555176,2.169191598892212,0.5853511691093445,0.7306878566741943,0.13365134596824646,-0.4631277918815613,0.45740941166877747,-0.212760329246521,0.11172601580619812,0.26619476079940796,0.9919870495796204,0.8282716274261475,1.146073341369629,1.293515920639038,0.4650437533855438,1.8522206544876099,3.400207996368408,2.355658769607544,0.420389324426651,0.730259358882904,-0.025268811732530594,0.017217503860592842,0.05602715164422989,-0.13216376304626465,0.24995851516723633,0.4625610411167145,-0.3925182521343231,0.5557140111923218,-0.360418438911438,-0.17114591598510742,0.3962286412715912,-0.08133244514465332,0.8879270553588867,0.4527367353439331,-0.9341435432434082,-0.2262871265411377,0.27598902583122253,0.3248142600059509,0.29268550872802734,0.3604131042957306,-0.7947616577148438,0.028841529041528702,0.606235921382904,0.6065571904182434,0.0031346678733825684,0.7950336933135986,0.3491884171962738,0.0012345314025878906,-0.03100002184510231,0.27164334058761597,0.9623979926109314,1.5804450015366456e-07,-0.9623979926109314,0.27164334058761597,1.3582465498984675e-06,0.21019423007965088,-0.0722726434469223,-0.030999884009361267,0.48818260431289673,0.07474170625209808,-0.031000159680843353
171,0.1811978667974472,-1.864382028579712,-1.4888770580291748,0.7305148243904114,2.4649109840393066,2.191450357437134,0.5836570858955383,0.7306510806083679,0.36832061409950256,-0.40735071897506714,0.47484225034713745,-0.41651394963264465,-0.16739876568317413,0.2572610676288605,-0.002107450272887945,0.4511614143848419,1.1427077054977417,1.2942535877227783,0.471687376499176,1.8473719358444214,3.4207756519317627,2.3854942321777344,0.3946624994277954,0.7303628325462341,-0.00455893948674202,-0.002049284055829048,-0.028982937335968018,-0.14200003445148468,0.12509068846702576,0.4985264241695404,-0.5300998687744141,0.2611177861690521,-0.3599476218223572,-0.16165685653686523,0.3971964716911316,-0.10007643699645996,0.9051153659820557,0.4132201373577118,-0.9451572895050049,-0.21625137329101562,0.24477142095565796,0.3276897072792053,0.27985143661499023,0.3590633273124695,-0.7875937223434448,0.07015332579612732,0.612188458442688,0.611913800239563,-0.027864575386047363,0.790433406829834,0.3491884171962738,0.0012345314025878906,-0.03100002184510231,0.27164334058761597,0.9623979926109314,1.1338597971644049e-07,-0.9623979926109314,0.27164334058761597,1.1742046126528294e-06,0.21019423007965088,-0.0722726434469223,-0.03099989891052246,0.48818260431289673,0.07474170625209808,-0.03100014477968216
172,0.20028182864189148,-1.8956834077835083,-1.4567933082580566,0.7164191007614136,2.444347381591797,2.1928958892822266,0.5866744518280029,0.7308514714241028,0.2850816547870636,-0.43534359335899353,0.48630139231681824,-0.22099000215530396,-0.29926031827926636,0.020082319155335426,0.03960936516523361,0.18288500607013702,1.1302785873413086,1.2954037189483643,0.48636701703071594,1.8505945205688477,3.443336009979248,2.4149582386016846,0.36657124757766724,0.7306268811225891,-0.2791009545326233,-0.08759195357561111,0.22143082320690155,0.21330326795578003,0.35988369584083557,0.41804635524749756,-0.3907637894153595,0.38941690325737,-0.35476142168045044,-0.15754127502441406,0.4032486379146576,-0.1254044771194458,0.9220245480537415,0.3662574291229248,-0.9479863047599792,-0.2202303409576416,0.22982758283615112,0.33627745509147644,0.26307153701782227,0.35920923948287964,-0.7722986936569214,0.11741107702255249,0.624315083026886,0.620238721370697,-0.07308578491210938,0.7810009121894836,0.3491884171962738,0.0012345314025878906,-0.03100002184510231,0.27164334058761597,0.9623979926109314,1.621887832925495e-07,-0.9623979926109314,0.27164334058761597,1.3463651384881814e-06,0.21019423007965088,-0.0722726434469223,-0.030999887734651566,0.48818260431289673,0.07474170625209808,-0.031000155955553055
173,0.22488030791282654,-1.9261761903762817,-1.4254372119903564,0.7010927796363831,2.417677640914917,2.1955411434173584,0.5732617974281311,0.7307825088500977,0.4553091526031494,-0.40813305974006653,0.4412582218647003,-0.3108120262622833,-0.3844499886035919,0.01934150420129299,-0.18798990547657013,0.27836936712265015,1.1072918176651,1.2950621843338013,0.5012383460998535,1.8661293983459473,3.4698588848114014,2.4446332454681396,0.3373776078224182,0.7306949496269226,-0.4416106045246124,-0.08190019428730011,0.17795440554618835,0.3096161186695099,0.3882785737514496,0.4276788532733917,-0.41304418444633484,0.3074871897697449,-0.34748607873916626,-0.15304088592529297,0.41036370396614075,-0.14609801769256592,0.9328503012657166,0.32931116223335266,-0.9494232535362244,-0.22574186325073242,0.21825729310512543,0.35223573446273804,0.23976945877075195,0.36319807171821594,-0.7505290508270264,0.17260140180587769,0.6378991007804871,0.6226412653923035,-0.1387239694595337,0.7701127529144287,0.3491884171962738,0.0012345314025878906,-0.03100002184510231,0.27164334058761597,0.9623979926109314,1.099893012224129e-07,-0.9623979926109314,0.27164334058761597,1.165259618574055e-06,0.21019423007965088,-0.0722726434469223,-0.03099990263581276,0.48818260431289673,0.07474170625209808,-0.03100014105439186
174,0.252056360244751,-1.956135869026184,-1.3942660093307495,0.6925340294837952,2.3884668350219727,2.1928656101226807,0.5553756356239319,0.7309229969978333,0.39404627680778503,-0.41878873109817505,0.4639926850795746,-0.13248448073863983,-0.4163801670074463,-0.036078378558158875,-0.2523079514503479,0.09953675419092178,1.0817018747329712,1.2769399881362915,0.5288536548614502,1.892067551612854,3.49824857711792,2.4737353324890137,0.30819305777549744,0.7308061122894287,-0.422130823135376,-0.559471070766449,0.4164125919342041,0.4987890422344208,0.3880767524242401,0.43201005458831787,-0.41156232357025146,0.20869338512420654,-0.34145867824554443,-0.14937686920166016,0.4176661968231201,-0.16155195236206055,0.9408783912658691,0.2977393865585327,-0.9503822326660156,-0.22960436344146729,0.20989394187927246,0.3679518699645996,0.21216917037963867,0.3798640966415405,-0.721104621887207,0.21026645600795746,0.6601486206054688,0.6201308965682983,-0.22899949550628662,0.7503312230110168,0.3491884171962738,0.0012345314025878906,-0.03100002184510231,0.27164334058761597,0.9623979926109314,1.3964076117645163e-07,-0.9623979926109314,0.27164334058761597,1.3349597338674357e-06,0.21019423007965088,-0.0722726434469223,-0.030999884009361267,0.48818260431289673,0.07474170625209808,-0.031000159680843353
175,0.2808839678764343,-1.9855481386184692,-1.3639695644378662,0.6945491433143616,2.3586716651916504,2.184113025665283,0.5323718786239624,0.7309614419937134,0.4390287697315216,-0.41763031482696533,0.4226209223270416,0.021724317222833633,-0.418391615152359,-0.12633998692035675,-0.3222285509109497,0.05213390290737152,1.0542606115341187,1.2485222816467285,0.5584655404090881,1.921739935874939,3.525067090988159,2.503377914428711,0.27870121598243713,0.7307156920433044,-0.4926348626613617,-0.5835639834403992,0.42130720615386963,0.5088818669319153,0.3781810998916626,0.43345409631729126,-0.4166981875896454,0.3342522084712982,-0.3379431366920471,-0.14728307723999023,0.42392903566360474,-0.16923928260803223,0.9459882974624634,0.2765212655067444,-0.9517631530761719,-0.229728102684021,0.2034001350402832,0.3819469213485718,0.18125152587890625,0.40245702862739563,-0.6895350217819214,0.2367265522480011,0.6844722628593445,0.6063103079795837,-0.32824909687042236,0.7243207097053528,0.3491884171962738,0.0012345314025878906,-0.03100002184510231,0.27164334058761597,0.9623979926109314,2.0111068010919553e-07,-0.9623979926109314,0.27164334058761597,1.5075900137162535e-06,0.21019423007965088,-0.0722726434469223,-0.03099987283349037,0.48818260431289673,0.07474170625209808,-0.03100017085671425
176,0.30617642402648926,-2.014983654022217,-1.3343844413757324,0.7018905282020569,2.328813076019287,2.181041717529297,0.5048642754554749,0.7310559153556824,0.3364914655685425,-0.42557471990585327,0.4315461814403534,0.1156945452094078,-0.4202604591846466,-0.03669016435742378,-0.38473182916641235,-0.0639716237783432,1.0259109735488892,1.2188180685043335,0.5884721875190735,1.9520254135131836,3.5531740188598633,2.5330817699432373,0.24922481179237366,0.7306724190711975,-0.5074012875556946,-0.5869659781455994,0.419070839881897,0.5081712603569031,0.3926631212234497,0.4335981011390686,-0.41784700751304626,0.38890141248703003,-0.3395965099334717,-0.14252185821533203,0.42674726247787476,-0.16387760639190674,0.9507476091384888,0.26310279965400696,-0.9571675062179565,-0.21778225898742676,0.19079093635082245,0.3941227197647095,0.14852619171142578,0.42335182428359985,-0.6525022983551025,0.25794708728790283,0.7125335931777954,0.5853237509727478,-0.42563414573669434,0.6900954842567444,0.3491884171962738,0.0012345314025878906,-0.03100002184510231,0.27164334058761597,0.9623979926109314,1.5590400437304197e-07,-0.9623979926109314,0.27164334058761597,1.319557554779749e-06,0.21019423007965088,-0.0722726434469223,-0.030999887734651566,0.48818260431289673,0.07474170625209808,-0.031000155955553055
177,0.300094872713089,-2.0441362857818604,-1.3066178560256958,0.7174050807952881,2.2989227771759033,2.170764446258545,0.4759213626384735,0.7314884662628174,-0.29981109499931335,-0.4451107680797577,0.47447824478149414,0.31305041909217834,-0.42045506834983826,-0.11235401779413223,-0.3999367356300354,-0.623744547367096,0.9971355199813843,1.1899009943008423,0.6184951663017273,1.9818580150604248,3.582576036453247,2.562832832336426,0.21976926922798157,0.7306337356567383,-0.5121163129806519,-0.5591939091682434,0.4189775288105011,0.4952142834663391,0.4107794463634491,0.4326378405094147,-0.41807547211647034,0.4367966651916504,-0.3572225570678711,-0.12896728515625,0.4284213185310364,-0.12415719032287598,0.9579328298568726,0.2587464451789856,-0.9679845571517944,-0.17425906658172607,0.1806643307209015,0.4041525423526764,0.11503887176513672,0.44099652767181396,-0.6097878217697144,0.2740490436553955,0.7436774373054504,0.5583444237709045,-0.5174095630645752,0.6484898328781128,0.3491884171962738,0.0012345314025878906,-0.03100002184510231,0.27164334058761597,0.9623979926109314,2.0981943293918448e-07,-0.9623979926109314,0.27164334058761597,1.495097421866376e-06,0.21019423007965088,-0.0722726434469223,-0.03099987283349037,0.48818260431289673,0.07474170625209808,-0.03100017085671425
178,0.2727119028568268,-2.058997869491577,-1.2790281772613525,0.7411667108535767,2.2693021297454834,2.159647226333618,0.4460340142250061,0.7317091822624207,-0.5543105006217957,-0.000208335040952079,0.5158081650733948,0.3765503466129303,-0.42715978622436523,-0.14494222402572632,-0.4090050458908081,-0.9030282497406006,0.967524528503418,1.1639492511749268,0.6486363410949707,2.0039312839508057,3.612248420715332,2.592728614807129,0.1903407871723175,0.7306213974952698,-0.5085328221321106,-0.4547547996044159,0.41627901792526245,0.358602374792099,0.4161894917488098,0.4302750527858734,-0.41842058300971985,0.4606145918369293,-0.38421839475631714,-0.1063852310180664,0.4345855116844177,-0.053020596504211426,0.964394748210907,0.2590976655483246,-0.9779040217399597,-0.10268604755401611,0.18209685385227203,0.41181737184524536,0.08326148986816406,0.45305460691452026,-0.5611729621887207,0.2874819040298462,0.77616947889328,0.5295171737670898,-0.5960438251495361,0.6036084890365601,0.3491884171962738,0.0012345314025878906,-0.03100002184510231,0.27164334058761597,0.9623979926109314,1.493895780413368e-07,-0.9623979926109314,0.27164334058761597,1.313006237069203e-06,0.21019423007965088,-0.0722726434469223,-0.030999887734651566,0.48818260431289673,0.07474170625209808,-0.031000155955553055
179,0.2424420565366745,-2.0589966773986816,-1.24884033203125,0.766522228717804,2.2390992641448975,2.1519405841827393,0.41585442423820496,0.731705904006958,-0.5603540539741516,-0.0003744478744920343,0.5079889893531799,0.39625951647758484,-0.425714373588562,-0.09270154684782028,-0.41176342964172363,-0.8908398747444153,0.9367225170135498,1.1399519443511963,0.6785372495651245,2.00555157661438,3.642023801803589,2.622706651687622,0.16089078783988953,0.7306613922119141,-0.48908331990242004,-0.3781682848930359,0.413926899433136,0.0428825281560421,0.4183647036552429,0.42730513215065,-0.41779863834381104,0.42925146222114563,-0.4101240634918213,-0.07836532592773438,0.4468904733657837,0.02953636646270752,0.9663214683532715,0.25563713908195496,-0.9808758497238159,-0.0212022066116333,0.19347603619098663,0.41682371497154236,0.05649566650390625,0.4587429165840149,-0.50734543800354,0.30262333154678345,0.8068580031394958,0.505631685256958,-0.6536498069763184,0.563097357749939,0.3491884171962738,0.0012345314025878906,-0.03100002184510231,0.27164334058761597,0.9623979926109314,1.9875145085279655e-07,-0.9623979926109314,0.27164334058761597,1.4891613773215795e-06,0.21019423007965088,-0.0722726434469223,-0.03099987283349037,0.48818260431289673,0.07474170625209808,-0.03100017085671425
180,0.2119583934545517,-2.0589964389801025,-1.2187644243240356,0.7883248329162598,2.2089459896087646,2.1559786796569824,0.3855956196784973,0.7317173480987549,-0.5639787912368774,-0.000368360779248178,0.5132064819335938,0.33418986201286316,-0.42734986543655396,0.07319498807191849,-0.4125202000141144,-0.9027730822563171,0.9059371948242188,1.1237784624099731,0.7086198925971985,1.986374020576477,3.671691656112671,2.6527962684631348,0.13141164183616638,0.730756402015686,-0.46362870931625366,-0.1674753725528717,0.40675345063209534,-0.290469229221344,0.42250320315361023,0.4235251247882843,-0.4168296158313751,0.31167858839035034,-0.43435192108154297,-0.04567670822143555,0.4558367133140564,0.11407870054244995,0.9614434242248535,0.2502254545688629,-0.978701114654541,0.06548887491226196,0.19456487894058228,0.41991209983825684,0.03648948669433594,0.4561930298805237,-0.4465113878250122,0.32468247413635254,0.8337919116020203,0.49176278710365295,-0.6894457340240479,0.5318216681480408,0.3491884171962738,0.0012345314025878906,-0.03100002184510231,0.27164334058761597,0.9623979926109314,1.4148146476600232e-07,-0.9623979926109314,0.27164334058761597,1.3046261528870673e-06,0.21019423007965088,-0.0722726434469223,-0.030999887734651566,0.48818260431289673,0.07474170625209808,-0.031000155955553055
181,0.18128004670143127,-2.0589962005615234,-1.1886372566223145,0.8070140480995178,2.178770065307617,2.164607048034668,0.35533595085144043,0.7317060232162476,-0.5631571412086487,-0.00035451771691441536,0.5132578015327454,0.28653684258461,-0.4277763366699219,0.13611379265785217,-0.41257771849632263,-0.888151228427887,0.8778572082519531,1.1116489171981812,0.7377932071685791,1.9639900922775269,3.7017550468444824,2.6825544834136963,0.10191762447357178,0.7308142781257629,-0.4355548620223999,-0.21399445831775665,0.40739330649375916,-0.29313191771507263,0.42120587825775146,0.42306384444236755,-0.41697537899017334,0.22137390077114105,-0.45565617084503174,-0.010234355926513672,0.4631516933441162,0.19710195064544678,0.9496665000915527,0.2434839904308319,-0.9698044061660767,0.15248054265975952,0.19033971428871155,0.42112040519714355,0.019473552703857422,0.4513061046600342,-0.382190465927124,0.34613552689552307,0.8568084239959717,0.480091392993927,-0.7178699970245361,0.5041577816009521,0.3491884171962738,0.0012345314025878906,-0.03100002184510231,0.27164334058761597,0.9623979926109314,2.12344247074725e-07,-0.9623979926109314,0.27164334058761597,1.470162487748894e-06,0.21019423007965088,-0.0722726434469223,-0.03099987655878067,0.48818260431289673,0.07474170625209808,-0.03100016713142395
182,0.150537371635437,-2.0589959621429443,-1.1586190462112427,0.8229612112045288,2.1485884189605713,2.1752517223358154,0.32508325576782227,0.7316887378692627,-0.5619389414787292,-0.0003381074930075556,0.5117717385292053,0.24430298805236816,-0.42826807498931885,0.16365334391593933,-0.41267457604408264,-0.8650819659233093,0.8511223793029785,1.0968397855758667,0.7667525410652161,1.9413304328918457,3.7318053245544434,2.712306261062622,0.07242774218320847,0.7307924628257751,-0.4102793037891388,-0.2635096609592438,0.40848037600517273,-0.2947919964790344,0.42063215374946594,0.4233047068119049,-0.4155920147895813,0.2658572196960449,-0.47358226776123047,0.02687978744506836,0.4693484902381897,0.27701497077941895,0.9314314723014832,0.2360045313835144,-0.9540708661079407,0.2374722957611084,0.18263542652130127,0.42035990953445435,0.0032024383544921875,0.4483497738838196,-0.31818830966949463,0.3620709478855133,0.876162588596344,0.4665340185165405,-0.7447400093078613,0.4771881103515625,0.3491884171962738,0.0012345314025878906,-0.03100002184510231,0.27164334058761597,0.9623979926109314,1.514296883442512e-07,-0.9623979926109314,0.27164334058761597,1.2939220823682263e-06,0.21019423007965088,-0.0722726434469223,-0.030999891459941864,0.48818260431289673,0.07474170625209808,-0.031000152230262756
183,0.11960692703723907,-2.058995485305786,-1.1285834312438965,0.8333978056907654,2.118441104888916,2.187913656234741,0.29485780000686646,0.7316505312919617,-0.5572308301925659,-0.0003135881561320275,0.5141809582710266,0.1531825214624405,-0.43052852153778076,0.19058769941329956,-0.4128533601760864,-0.8112960457801819,0.8274716138839722,1.0779612064361572,0.7950789332389832,1.918493628501892,3.761918306350708,2.742017984390259,0.04294540360569954,0.7307422757148743,-0.3376854658126831,-0.3482218384742737,0.4113086760044098,-0.29600989818573,0.41615790128707886,0.4234897196292877,-0.41915807127952576,0.32538536190986633,-0.48735368251800537,0.06531763076782227,0.4748497009277344,0.3516201376914978,0.9084019064903259,0.22620651125907898,-0.9323514103889465,0.31809335947036743,0.1718648076057434,0.41707491874694824,-0.011794567108154297,0.4480421543121338,-0.2568472623825073,0.37177085876464844,0.8920851945877075,0.4521125257015228,-0.7696011066436768,0.4508976340293884,0.3491884171962738,0.0012345314025878906,-0.03100002184510231,0.27164334058761597,0.9623979926109314,2.071707001505274e-07,-0.9623979926109314,0.27164334058761597,1.4652948721050052e-06,0.21019423007965088,-0.0722726434469223,-0.03099987655878067,0.48818260431289673,0.07474170625209808,-0.03100016713142395
184,0.08854828774929047,-2.0589945316314697,-1.0984116792678833,0.8354432582855225,2.088318347930908,2.2025442123413086,0.2646944224834442,0.731593132019043,-0.5492459535598755,-0.0002851415774784982,0.5176206231117249,0.01888640783727169,-0.43367889523506165,0.21655356884002686,-0.4129560887813568,-0.7285239100456238,0.8106830716133118,1.054969310760498,0.8225581645965576,1.89778733253479,3.7920265197753906,2.77166748046875,0.013466213829815388,0.7307158708572388,-0.19786491990089417,-0.42590683698654175,0.41510266065597534,-0.27049222588539124,0.41434550285339355,0.42284050583839417,-0.4171324670314789,0.3557162880897522,-0.49625062942504883,0.10457277297973633,0.48006224632263184,0.41900211572647095,0.882840633392334,0.21220217645168304,-0.9062104225158691,0.39199674129486084,0.15849722921848297,0.41038209199905396,-0.024482250213623047,0.4505895972251892,-0.20040547847747803,0.37410685420036316,0.9054732918739319,0.4388604760169983,-0.7920310497283936,0.4243684709072113,0.3491884171962738,0.0012345314025878906,-0.03100002184510231,0.27164334058761597,0.9623979926109314,1.3864463710433483e-07,-0.9623979926109314,0.27164334058761597,1.2920584140374558e-06,0.21019423007965088,-0.0722726434469223,-0.030999891459941864,0.48818260431289673,0.07474170625209808,-0.031000152230262756
185,0.05768876522779465,-2.0589935779571533,-1.0681425333023071,0.8272324800491333,2.0582125186920166,2.2212350368499756,0.2346096634864807,0.7315248250961304,-0.536414384841919,-0.000259186839684844,0.519195556640625,-0.14109396934509277,-0.4369696378707886,0.27247583866119385,-0.4130125045776367,-0.6350746154785156,0.8021127581596375,1.0292041301727295,0.8481848835945129,1.8823716640472412,3.8219807147979736,2.8011879920959473,-0.01598273031413555,0.73069167137146,-0.0705961063504219,-0.4758419096469879,0.3952566683292389,-0.19556093215942383,0.41041821241378784,0.42141109704971313,-0.41797351837158203,0.40271469950675964,-0.4999861717224121,0.1443767547607422,0.4844238758087158,0.4784806966781616,0.8567250370979309,0.19255763292312622,-0.8774967789649963,0.4584003686904907,0.1409558653831482,0.40047645568847656,-0.03498411178588867,0.45552557706832886,-0.14926517009735107,0.36959174275398254,0.9171270132064819,0.42648130655288696,-0.8127448558807373,0.3969379961490631,0.3491884171962738,0.0012345314025878906,-0.03100002184510231,0.27164334058761597,0.9623979926109314,2.0505572706497333e-07,-0.9623979926109314,0.27164334058761597,1.4580811011910555e-06,0.21019423007965088,-0.0722726434469223,-0.03099987655878067,0.48818260431289673,0.07474170625209808,-0.03100016713142395
186,0.027839483693242073,-2.058993101119995,-1.037798285484314,0.8138261437416077,2.028068780899048,2.24025297164917,0.20472769439220428,0.7314805388450623,-0.5181593298912048,-0.0002015968639170751,0.5148956775665283,-0.211390882730484,-0.4371631145477295,0.2763134241104126,-0.41174039244651794,-0.5386901497840881,0.8055644035339355,1.002102255821228,0.8722330927848816,1.8723158836364746,3.851914644241333,2.8303792476654053,-0.04539016634225845,0.7306767702102661,0.1772114634513855,-0.4994857907295227,0.39500129222869873,-0.14018937945365906,0.40911728143692017,0.4162796437740326,-0.4159623384475708,0.40466833114624023,-0.49977195262908936,0.1833486557006836,0.4881032705307007,0.5318108797073364,0.8296282887458801,0.16998286545276642,-0.8467665314674377,0.5178954601287842,0.12153519690036774,0.38675642013549805,-0.04178762435913086,0.4618055820465088,-0.103493332862854,0.3593194782733917,0.9274581670761108,0.4195277988910675,-0.8296892642974854,0.36825576424598694,0.3491884171962738,0.0012345314025878906,-0.03100002184510231,0.27164334058761597,0.9623979926109314,1.3961944489437883e-07,-0.9623979926109314,0.27164334058761597,1.2824292525692726e-06,0.21019423007965088,-0.0722726434469223,-0.030999891459941864,0.48818260431289673,0.07474170625209808,-0.031000152230262756
187,0.0012428174959495664,-2.0589938163757324,-1.0073212385177612,0.8039110898971558,1.9978463649749756,2.254054307937622,0.17685924470424652,0.7314630746841431,-0.4637026786804199,-1.7826445400714874e-05,0.5034424066543579,-0.14763997495174408,-0.4358793795108795,0.2017272263765335,-0.3864217698574066,-0.019574182108044624,0.826472282409668,0.9750972986221313,0.8982109427452087,1.8719286918640137,3.8820483684539795,2.8553950786590576,-0.07470632344484329,0.7306293249130249,0.5012636780738831,-0.5267125964164734,0.4497647285461426,-0.016424551606178284,0.40835094451904297,0.3572274148464203,-0.41574573516845703,0.4698276221752167,-0.4975252151489258,0.21956157684326172,0.49164122343063354,0.5812423825263977,0.80016028881073,0.1479892134666443,-0.813728928565979,0.5719077587127686,0.10376326739788055,0.3693140745162964,-0.04276227951049805,0.46843820810317993,-0.06155037879943848,0.3404310941696167,0.9382527470588684,0.42701178789138794,-0.8406809568405151,0.33304110169410706,0.3491884171962738,0.0012345314025878906,-0.03100002184510231,0.27164334058761597,0.9623979926109314,1.9849298382723646e-07,-0.9623979926109314,0.27164334058761597,1.4514766917272937e-06,0.21019423007965088,-0.0722726434469223,-0.03099987655878067,0.48818260431289673,0.07474170625209808,-0.03100016713142395
188,-0.018859202042222023,-2.0589935779571533,-0.9763953685760498,0.7957441806793213,1.9676597118377686,2.2640252113342285,0.15667736530303955,0.7313963174819946,-0.34262901544570923,5.390404112404212e-06,0.49618110060691833,-0.13419905304908752,-0.4362346827983856,0.1446056216955185,-0.28122344613075256,0.015218816697597504,0.8554201722145081,0.9463661313056946,0.9270368814468384,1.875913381576538,3.9120397567749023,2.870140314102173,-0.10400053858757019,0.7306118011474609,0.5600653290748596,-0.5534041523933411,0.47757211327552795,0.056761275976896286,0.40728503465652466,0.21226638555526733,-0.41629087924957275,0.4947147071361542,-0.4930582046508789,0.2517528533935547,0.4950184226036072,0.6240004301071167,0.7721856832504272,0.11980311572551727,-0.7813926935195923,0.6179705858230591,0.08682095259428024,0.352299302816391,-0.0397028923034668,0.47544771432876587,-0.02101445198059082,0.31752946972846985,0.9480156302452087,0.4504297971725464,-0.8435320854187012,0.29251813888549805,0.3491884171962738,0.0012345314025878906,-0.03100002184510231,0.27164334058761597,0.9623979926109314,1.362817130257099e-07,-0.9623979926109314,0.27164334058761597,1.2734905112665729e-06,0.21019423007965088,-0.0722726434469223,-0.030999891459941864,0.48818260431289673,0.07474170625209808,-0.031000152230262756
189,-0.027357876300811768,-2.0485923290252686,-0.9455615878105164,0.7924467325210571,1.9376171827316284,2.2724974155426025,0.1457214206457138,0.7313121557235718,-0.1295117735862732,0.2373913824558258,0.48892590403556824,-0.09029161930084229,-0.43553173542022705,0.11054859310388565,-0.15233959257602692,0.02639186754822731,0.8860222101211548,0.9168797731399536,0.9566631317138672,1.8849695920944214,3.941981792449951,2.8695335388183594,-0.13328009843826294,0.7306118607521057,0.5650719404220581,-0.5627996921539307,0.4849679470062256,0.13190238177776337,0.4063672721385956,-0.005531035363674164,-0.41608861088752747,0.48845139145851135,-0.485060453414917,0.2776145935058594,0.5020970106124878,0.6592605710029602,0.747671365737915,0.07976841926574707,-0.7518993020057678,0.6548497676849365,0.07628410309553146,0.3391483724117279,-0.033878326416015625,0.48229706287384033,0.020209014415740967,0.2942076027393341,0.9555278420448303,0.4872063994407654,-0.8374652862548828,0.2475518435239792,0.3491884171962738,0.0012345314025878906,-0.03100002184510231,0.27164334058761597,0.9623979926109314,1.9066297340941674e-07,-0.9623979926109314,0.27164334058761597,1.4430970622925088e-06,0.21019423007965088,-0.0722726434469223,-0.03099987655878067,0.48818260431289673,0.07474170625209808,-0.03100016713142395
190,-0.02225096896290779,-2.028536558151245,-0.9145380854606628,0.7918298244476318,1.9075706005096436,2.2820982933044434,0.1429930031299591,0.7312045693397522,0.0920170322060585,0.37388044595718384,0.47343480587005615,-0.057481855154037476,-0.4329163134098053,0.12457945942878723,-0.03678146004676819,0.0021501732990145683,0.916827380657196,0.8871431350708008,0.9864610433578491,1.898301362991333,3.9718949794769287,2.8613572120666504,-0.1625484824180603,0.7306168079376221,0.5615447759628296,-0.5712441802024841,0.4862426221370697,0.1936180293560028,0.406415194272995,-0.11078859120607376,-0.41590166091918945,0.48204106092453003,-0.47390472888946533,0.2967500686645508,0.5117703676223755,0.6840822696685791,0.7289086580276489,0.026899512857198715,-0.7287137508392334,0.681364119052887,0.06869637966156006,0.32785966992378235,-0.027174949645996094,0.48892784118652344,0.0626789927482605,0.27196523547172546,0.9602636694908142,0.5288344621658325,-0.8250303268432617,0.1991460621356964,0.3491884171962738,0.0012345314025878906,-0.03100002184510231,0.27164334058761597,0.9623979926109314,-3.4236227186568158e-09,-0.9623979926109314,0.27164334058761597,9.247320349459187e-07,0.21019423007965088,-0.0722726434469223,-0.030999917536973953,0.48818260431289673,0.07474170625209808,-0.031000126153230667
191,-0.012210598215460777,-2.00528621673584,-0.884209930896759,0.7925136685371399,1.8775761127471924,2.291210412979126,0.1433711051940918,0.7311915755271912,0.13385292887687683,0.4021149277687073,0.4724688231945038,-0.0281360000371933,-0.43183091282844543,0.12189190089702606,0.0075714257545769215,0.0006470968946814537,0.9472907781600952,0.8570831418037415,1.0163463354110718,1.9121605157852173,4.001759052276611,2.846210479736328,-0.19184595346450806,0.7306583523750305,0.5622704029083252,-0.5685381293296814,0.486162394285202,0.19472670555114746,0.4066224694252014,-0.20962150394916534,-0.41599807143211365,0.430626779794693,-0.46163296699523926,0.31291770935058594,0.521528422832489,0.7026538848876953,0.710896372795105,-0.0300630833953619,-0.7085951566696167,0.7029637694358826,0.061113230884075165,0.3180038332939148,-0.01897573471069336,0.4952162504196167,0.10508787631988525,0.2543007433414459,0.9613987803459167,0.5755146741867065,-0.8039638996124268,0.1497495174407959,0.3491884171962738,0.0012345314025878906,-0.03100002184510231,0.27164334058761597,0.9623980522155762,2.818460700382275e-07,-0.9623980522155762,0.27164334058761597,1.7793461211113026e-06,0.21019423007965088,-0.0722726508975029,-0.03099985048174858,0.48818260431289673,0.07474171370267868,-0.03100019320845604
192,-0.0055355108343064785,-1.9826538562774658,-0.8543304800987244,0.7927066087722778,1.847617268562317,2.298929452896118,0.14489924907684326,0.7312275767326355,0.057569339871406555,0.3826586902141571,0.4788002669811249,-0.02911991998553276,-0.4327835142612457,0.10559263825416565,0.02231590449810028,-0.004344085231423378,0.9774519205093384,0.8271864652633667,1.0462520122528076,1.9229907989501953,4.031564235687256,2.826463222503662,-0.22118517756462097,0.7307339906692505,0.5673583149909973,-0.5558680891990662,0.48475849628448486,0.14339032769203186,0.4073522984981537,-0.274793416261673,-0.416018545627594,0.3470557928085327,-0.4490717649459839,0.3300189971923828,0.530137836933136,0.7198421359062195,0.6885676383972168,-0.08776064962148666,-0.6869871616363525,0.7248105406761169,0.05194581300020218,0.3084610104560852,-0.008951187133789062,0.5009666085243225,0.14574718475341797,0.24484293162822723,0.9585455656051636,0.62604820728302,-0.7730488777160645,0.10227034986019135,0.3491884171962738,0.0012345314025878906,-0.03100002184510231,0.27164334058761597,0.9623980522155762,1.210825786301939e-07,-0.9623980522155762,0.27164334058761597,1.269509539270075e-06,0.21019423007965088,-0.0722726508975029,-0.030999891459941864,0.48818260431289673,0.07474171370267868,-0.031000152230262756
193,-0.00613785395398736,-1.9603699445724487,-0.8246669173240662,0.7907942533493042,1.8176859617233276,2.305795669555664,0.14932331442832947,0.7312740683555603,-0.06424855440855026,0.38058045506477356,0.4883049428462982,-0.06098759174346924,-0.435780793428421,0.09457676112651825,0.06142900511622429,0.03214183449745178,1.007383942604065,0.7980368733406067,1.0760962963104248,1.9280282258987427,4.061295032501221,2.803971529006958,-0.2505301535129547,0.7308383584022522,0.5756872892379761,-0.5309760570526123,0.48177334666252136,0.05119074508547783,0.4086584746837616,-0.314067006111145,-0.41501080989837646,0.22257263958454132,-0.43568968772888184,0.34978818893432617,0.5376943349838257,0.7369840145111084,0.6592739224433899,-0.14903847873210907,-0.6615023016929626,0.748806357383728,0.04127730056643486,0.29824298620224,0.003097057342529297,0.5060195922851562,0.18252432346343994,0.24651645123958588,0.9517953991889954,0.6790478229522705,-0.7316956520080566,0.05929034948348999,0.3491884469985962,0.0012345314025878906,-0.03100002184510231,0.27164334058761597,0.9623980522155762,1.8074817376145802e-07,-0.9623980522155762,0.27164334058761597,1.4396048300113762e-06,0.21019423007965088,-0.0722726508975029,-0.03099987655878067,0.4881826639175415,0.07474171370267868,-0.03100016713142395
194,-0.014740390703082085,-1.9377210140228271,-0.7950072884559631,0.7853879332542419,1.7877459526062012,2.311469316482544,0.15796436369419098,0.7313090562820435,-0.187604159116745,0.3905904293060303,0.49635952711105347,-0.11550533026456833,-0.4367550313472748,0.0774635598063469,0.12213263660669327,-0.010475165210664272,1.0372154712677002,0.7703132033348083,1.1058802604675293,1.9257628917694092,4.09094762802124,2.779528856277466,-0.2798650562763214,0.7309611439704895,0.5861757397651672,-0.4951801300048828,0.4789438545703888,-0.06264105439186096,0.4105483591556549,-0.3423044681549072,-0.4130478799343109,0.06707319617271423,-0.420635461807251,0.3723163604736328,0.5446842312812805,0.7523503303527832,0.6221969723701477,-0.21642529964447021,-0.6318182349205017,0.7745240926742554,0.030301135033369064,0.28665074706077576,0.017344951629638672,0.5101785063743591,0.21316832304000854,0.2610478103160858,0.9414952993392944,0.7332630157470703,-0.6795759201049805,0.02240401692688465,0.3491884171962738,0.0012345314025878906,-0.03100002184510231,0.27164334058761597,0.9623980522155762,1.294994405043326e-07,-0.9623980522155762,0.27164334058761597,1.2700575098278932e-06,0.21019423007965088,-0.0722726508975029,-0.030999891459941864,0.48818260431289673,0.07474171370267868,-0.031000152230262756
195,-0.030954306945204735,-1.9147207736968994,-0.7653695344924927,0.7755681872367859,1.7577866315841675,2.316829204559326,0.17185112833976746,0.7313313484191895,-0.3028498888015747,0.39645084738731384,0.5013886094093323,-0.18236340582370758,-0.4381643533706665,0.07331838458776474,0.19747485220432281,-0.00856793113052845,1.0670571327209473,0.7451266646385193,1.1356956958770752,1.9153382778167725,4.12051248550415,2.753420352935791,-0.30911824107170105,0.731097936630249,0.5983321070671082,-0.43664732575416565,0.4761884808540344,-0.19068358838558197,0.4132672846317291,-0.36700594425201416,-0.40947362780570984,-0.09424331784248352,-0.4034099578857422,0.3971290588378906,0.5507056713104248,0.7631754875183105,0.576982319355011,-0.2909546494483948,-0.5984563231468201,0.8009402751922607,0.018563637509942055,0.2731427550315857,0.03397846221923828,0.5130043029785156,0.23541420698165894,0.2894347906112671,0.927797257900238,0.7873353958129883,-0.6164798736572266,-0.007457735016942024,0.3491884469985962,0.0012345314025878906,-0.03100002184510231,0.27164334058761597,0.9623980522155762,1.8908698962150083e-07,-0.9623980522155762,0.27164334058761597,1.4401323369384045e-06,0.21019423007965088,-0.0722726508975029,-0.03099988028407097,0.4881826639175415,0.07474171370267868,-0.03100016340613365
196,-0.05037172883749008,-1.8909997940063477,-0.7355163097381592,0.7613685131072998,1.7277971506118774,2.3240795135498047,0.1889319270849228,0.7313036322593689,-0.3335975408554077,0.41205450892448425,0.4976383149623871,-0.25205251574516296,-0.4394271969795227,0.09860913455486298,0.24040737748146057,-0.0029234508983790874,1.0973109006881714,0.7233980298042297,1.1654783487319946,1.899795413017273,4.150047302246094,2.725600004196167,-0.3382422626018524,0.7312061786651611,0.6036126613616943,-0.3765881061553955,0.4738808572292328,-0.2668721079826355,0.41595521569252014,-0.3917762041091919,-0.4047749936580658,-0.2476854771375656,-0.38415825366973877,0.42223358154296875,0.5549079775810242,0.7654950618743896,0.526282787322998,-0.37019413709640503,-0.5651556253433228,0.8249737024307251,0.004175141453742981,0.2575240433216095,0.052590370178222656,0.5141353607177734,0.2487318515777588,0.3290517032146454,0.910965085029602,0.8385768532752991,-0.5438109636306763,-0.03253570571541786,0.3491884171962738,0.0012345314025878906,-0.03100002184510231,0.27164334058761597,0.9623980522155762,1.2022043449633202e-07,-0.9623980522155762,0.27164334058761597,1.250797936336312e-06,0.21019423007965088,-0.0722726508975029,-0.030999891459941864,0.48818260431289673,0.07474171370267868,-0.031000152230262756
197,-0.06697577238082886,-1.8780009746551514,-0.7220778465270996,0.7703040838241577,1.6943095922470093,2.333765745162964,0.20442132651805878,0.7309874296188354,-0.19538193941116333,0.18917864561080933,0.17633554339408875,0.023800592869520187,-0.47433269023895264,0.14574360847473145,0.21565482020378113,0.16319015622138977,1.09581458568573,0.7178850769996643,1.1790388822555542,1.9000649452209473,4.174650192260742,2.6962952613830566,-0.3679358661174774,0.7306385040283203,-0.19209209084510803,0.04503216966986656,0.1634429693222046,0.025553103536367416,0.3743753135204315,-0.3998681902885437,-0.41841238737106323,0.42637673020362854,-0.37186527252197266,0.4394698143005371,0.5527011156082153,0.7773705124855042,0.4717562198638916,-0.4161023199558258,-0.524739682674408,0.8511240482330322,-0.01536666601896286,0.2588728070259094,0.06271219253540039,0.509787917137146,0.27432990074157715,0.3636433482170105,0.8902284502983093,0.8572611212730408,-0.511929988861084,-0.05505603551864624,0.3491884171962738,0.0012345314025878906,-0.03100002184510231,0.27164334058761597,0.9623980522155762,1.7208613201091794e-07,-0.9623980522155762,0.27164334058761597,1.4047748209122801e-06,0.21019423007965088,-0.0722726508975029,-0.03099988028407097,0.48818260431289673,0.07474171370267868,-0.03100016340613365
198,-0.08043985813856125,-1.861053466796875,-0.7090089917182922,0.7790806293487549,1.6611820459365845,2.336085081100464,0.22279241681098938,0.7310431003570557,-0.24055367708206177,0.2760568857192993,0.22495491802692413,0.12843964993953705,-0.47226032614707947,0.027425911277532578,0.2592041492462158,0.11555752903223038,1.0874738693237305,0.7175590991973877,1.1897711753845215,1.9050277471542358,4.200829029083252,2.667372226715088,-0.396605908870697,0.7306239604949951,-0.14174863696098328,-0.024339905008673668,0.15207484364509583,0.08668281137943268,0.3547206521034241,-0.4085049033164978,-0.41207191348075867,0.4381963014602661,-0.35756200551986694,0.45419883728027344,0.5541477203369141,0.779367208480835,0.4191279709339142,-0.46574506163597107,-0.48566338419914246,0.8737469911575317,-0.0264056995511055,0.26379409432411194,0.0710897445678711,0.5026311278343201,0.30447131395339966,0.39724552631378174,0.8657327890396118,0.8679693341255188,-0.4900681972503662,-0.08038774877786636,0.3491884171962738,0.0012345314025878906,-0.03100002184510231,0.27164334058761597,0.9623980522155762,2.42281060991445e-07,-0.9623980522155762,0.27164334058761597,1.585896484357363e-06,0.21019423007965088,-0.0722726508975029,-0.030999869108200073,0.48818260431289673,0.07474171370267868,-0.031000174582004547
199,-0.0231152456253767,-0.4900520443916321,-0.13498525321483612,1.0059616565704346,0.09197186678647995,1.2876240015029907,-0.4376413822174072,0.7188501954078674,0.0,0.0,0.0,0.0,0.0,0.0,0.0,0.0,0.2200038731098175,-0.06800088286399841,0.27264589071273804,0.33612385392189026,0.3761707544326782,0.9700827598571777,-0.46024948358535767,0.6428448557853699,0.0,0.0,0.0,0.0,0.0,0.0,0.0,0.0,0.4076915383338928,0.3027667999267578,0.25468724966049194,0.2749897241592407,-0.9598645567893982,-0.05514267832040787,0.2226904332637787,0.11938250064849854,-0.9675518870353699,0.06166815757751465,-0.19274616241455078,-0.07179055362939835,0.4890817403793335,-0.7955421805381775,-0.35764747858047485,-0.563738226890564,0.024581074714660645,-0.8255876898765564,0.340200275182724,-0.017943382263183594,-0.03099999949336052,0.3098015785217285,0.9508012533187866,0.0,-0.9508012533187866,0.3098015785217285,0.0,0.1983855962753296,-0.08584990352392197,-0.03099999949336052,0.4820149540901184,0.04996313899755478,-0.03099999949336052
