step,next_obs_0,next_obs_1,next_obs_2,next_obs_3,next_obs_4,next_obs_5,next_obs_6,next_obs_7,next_obs_8,next_obs_9,next_obs_10,next_obs_11,next_obs_12,next_obs_13,next_obs_14,next_obs_15,next_obs_16,next_obs_17,next_obs_18,next_obs_19,next_obs_20,next_obs_21,next_obs_22,next_obs_23,next_obs_24,next_obs_25,next_obs_26,next_obs_27,next_obs_28,next_obs_29,next_obs_30,next_obs_31,next_obs_32,next_obs_33,next_obs_34,next_obs_35,next_obs_36,next_obs_37,next_obs_38,next_obs_39,next_obs_40,next_obs_41,next_obs_42,next_obs_43,next_obs_44,next_obs_45,next_obs_46,next_obs_47,next_obs_48,next_obs_49,next_obs_50,next_obs_51,next_obs_52,next_obs_53,next_obs_54,next_obs_55,next_obs_56,next_obs_57,next_obs_58,next_obs_59,next_obs_60,next_obs_61,next_obs_62,next_obs_63,next_obs_64
0,0.14859534800052643,-0.1903207004070282,0.3800947964191437,0.43504422903060913,0.44961056113243103,1.389493703842163,-0.3780372738838196,0.7305544018745422,-0.2885313630104065,0.6752646565437317,-0.4227908253669739,0.13415835797786713,-0.08478322625160217,0.016476355493068695,1.081400990486145,0.6612294912338257,0.1079135462641716,-0.10368268191814423,0.09786132723093033,1.2054907083511353,0.012748690322041512,1.4135082960128784,0.47845637798309326,0.7307398319244385,-0.374417245388031,0.49759140610694885,-0.39582645893096924,0.2037121057510376,0.39802971482276917,-0.4131465256214142,-0.10790584236383438,0.2841501235961914,0.002651691436767578,0.4880695343017578,0.019771873950958252,0.38516825437545776,-0.815068244934082,-0.432792603969574,-0.7283369898796082,0.01951378583908081,-0.6849412322044373,0.4001716375350952,-0.24213695526123047,0.17114365100860596,-0.2704927921295166,-0.9616122245788574,0.04621365666389465,-0.1029355525970459,-0.01883983612060547,-0.9945096373558044,0.3228231370449066,-0.010730266571044922,-0.03100002557039261,0.997649073600769,-0.06852986663579941,1.354327537228528e-06,0.06852986663579941,0.997649073600769,1.0934397778328275e-06,0.22237691283226013,0.11023768782615662,-0.0310000479221344,0.4232693612575531,-0.13169822096824646,-0.031000003218650818
1,0.13572224974632263,-0.15118378400802612,0.35166114568710327,0.44919395446777344,0.4382631480693817,1.3906134366989136,-0.3513687551021576,0.7307050228118896,-0.24865873157978058,0.5646666288375854,-0.4277667999267578,0.1888769119977951,-0.27267104387283325,-0.09351281076669693,0.4002590775489807,1.1614360809326172,0.08715735375881195,-0.07349900901317596,0.07223935425281525,1.22350013256073,0.040953729301691055,1.3846973180770874,0.47405296564102173,0.7306793332099915,-0.5142327547073364,0.46336033940315247,-0.412285715341568,0.2567923367023468,0.3848798871040344,-0.4095236361026764,-0.06309287250041962,0.41144219040870667,0.0061986446380615234,0.48742151260375977,0.0200258269906044,0.33367568254470825,-0.8409445881843567,-0.42599618434906006,-0.7446572184562683,0.041968584060668945,-0.6661263108253479,0.4170748293399811,-0.24805593490600586,0.1670839786529541,-0.3183126449584961,-0.9479356408119202,0.009761007502675056,-0.09198852628469467,0.020637989044189453,-0.9955462217330933,0.3228231966495514,-0.010730266571044922,-0.03100006654858589,0.997649073600769,-0.0685298889875412,1.6606668395979796e-06,0.0685298889875412,0.997649073600769,1.4576348803529982e-06,0.2223769724369049,0.11023768782615662,-0.031000081449747086,0.4232694208621979,-0.13169822096824646,-0.031000051647424698
2,0.12455963343381882,-0.1129918321967125,0.32370781898498535,0.4639874994754791,0.4277772009372711,1.3919577598571777,-0.32537469267845154,0.7306792736053467,-0.21576833724975586,0.57632976770401,-0.41477787494659424,0.18073834478855133,-0.2317717969417572,-0.06931646168231964,0.39597803354263306,1.1642749309539795,0.06281624734401703,-0.04354090616106987,0.046519290655851364,1.2453879117965698,0.06910298019647598,1.3558694124221802,0.4652620553970337,0.7306758165359497,-0.540488600730896,0.4601641297340393,-0.40458089113235474,0.3140910267829895,0.3839089870452881,-0.4100077748298645,-0.12529566884040833,0.4054359793663025,0.009922921657562256,0.48667192459106445,0.020025521516799927,0.28342509269714355,-0.8635289669036865,-0.41711872816085815,-0.7590192556381226,0.06385248899459839,-0.6479295492172241,0.4361180067062378,-0.25726985931396484,0.16477280855178833,-0.3654409646987915,-0.9304361939430237,-0.027231696993112564,-0.07303256541490555,0.05782485008239746,-0.9956518411636353,0.32282310724258423,-0.010730266571044922,-0.031000062823295593,0.997649073600769,-0.06852994114160538,2.0401364508870756e-06,0.06852994114160538,0.997649073600769,1.2173936738690827e-06,0.22237688302993774,0.11023769527673721,-0.03100014477968216,0.4232693314552307,-0.13169822096824646,-0.030999980866909027
3,0.11597363650798798,-0.07481259107589722,0.29685863852500916,0.4786021411418915,0.41977930068969727,1.3944717645645142,-0.3013027012348175,0.7306733131408691,-0.1795884668827057,0.5768300294876099,-0.3855263888835907,0.17527779936790466,-0.19319400191307068,-0.048955321311950684,0.3814028799533844,1.1786348819732666,0.03765136003494263,-0.013582147657871246,0.021600594744086266,1.2699662446975708,0.09724511206150055,1.3270715475082397,0.4539792537689209,0.7306850552558899,-0.5473882555961609,0.45856788754463196,-0.3908440172672272,0.3525756597518921,0.3835350275039673,-0.40950366854667664,-0.16052702069282532,0.40474414825439453,0.012642085552215576,0.4861273765563965,0.020024709403514862,0.2344961166381836,-0.8823282718658447,-0.40805450081825256,-0.7734187841415405,0.08496403694152832,-0.6281754970550537,0.4563232660293579,-0.2686467170715332,0.1636771857738495,-0.4095325469970703,-0.9100574851036072,-0.06386277079582214,-0.0477023720741272,0.09126782417297363,-0.9946831464767456,0.3228231370449066,-0.010730266571044922,-0.03100002557039261,0.997649073600769,-0.06852993369102478,1.5386971199404798e-06,0.06852993369102478,0.997649073600769,1.4376608987731743e-06,0.22237691283226013,0.11023769527673721,-0.031000029295682907,0.4232693612575531,-0.13169822096824646,-0.03100002184510231
4,0.10970955342054367,-0.03683580830693245,0.27169251441955566,0.49322742223739624,0.4140813946723938,1.3979909420013428,-0.2792741060256958,0.7307938933372498,-0.14293472468852997,0.5770529508590698,-0.3371954560279846,0.13634639978408813,-0.153032124042511,-0.0755230039358139,0.33467531204223633,1.1580716371536255,0.012366600334644318,0.016327477991580963,-0.0025828564539551735,1.2961821556091309,0.125619575381279,1.2982171773910522,0.4400891363620758,0.7307006120681763,-0.5457900762557983,0.45691347122192383,-0.3797108232975006,0.3755326569080353,0.3871200680732727,-0.4104335308074951,-0.19662190973758698,0.4095749258995056,0.014533936977386475,0.4858717918395996,0.020034804940223694,0.18794649839401245,-0.8975816965103149,-0.3987770974636078,-0.7875421047210693,0.104891836643219,-0.6072686314582825,0.4770817756652832,-0.2820014953613281,0.16343125700950623,-0.4495340585708618,-0.8876633644104004,-0.09986372292041779,-0.017364593222737312,0.12045937776565552,-0.9925663471221924,0.3228231966495514,-0.010730266571044922,-0.03100006654858589,0.997649073600769,-0.0685298964381218,1.6536537259526085e-06,0.0685298964381218,0.997649073600769,1.4568474853149382e-06,0.2223769724369049,0.11023768782615662,-0.031000081449747086,0.4232694208621979,-0.13169822096824646,-0.031000051647424698
5,0.10503984987735748,0.0007199501269496977,0.2486012876033783,0.508014440536499,0.4098445475101471,1.402381181716919,-0.26009899377822876,0.7308270931243896,-0.14646919071674347,0.5732996463775635,-0.32177719473838806,0.1408645510673523,0.17452409863471985,0.117222860455513,0.06032504141330719,-0.5824657082557678,-0.012823599390685558,0.046117231249809265,-0.02435828559100628,1.3225297927856445,0.1541559100151062,1.2693507671356201,0.4249899983406067,0.7307637333869934,-0.5125958919525146,0.4586930274963379,-0.3403228223323822,0.3732756972312927,0.39077579975128174,-0.4100275933742523,-0.2131321132183075,0.33682066202163696,0.015853583812713623,0.4857358932495117,0.020027272403240204,0.1451168656349182,-0.9094621539115906,-0.3896403908729553,-0.8010998368263245,0.12311822175979614,-0.5857311487197876,0.49754005670547485,-0.2964644432067871,0.16344788670539856,-0.48489677906036377,-0.8641811609268188,-0.1344100683927536,0.01575842685997486,0.1450284719467163,-0.9893020391464233,0.32282310724258423,-0.010730266571044922,-0.031000062823295593,0.997649073600769,-0.06852994114160538,2.0492377643677173e-06,0.06852994114160538,0.997649073600769,1.2080389524271595e-06,0.22237688302993774,0.11023769527673721,-0.031000148504972458,0.4232693314552307,-0.13169822096824646,-0.03099997714161873
6,0.10095764696598053,0.037721604108810425,0.22820107638835907,0.5232906937599182,0.40635189414024353,1.4076759815216064,-0.24273940920829773,0.730831503868103,-0.1467897593975067,0.5566123127937317,-0.27207034826278687,0.18274299800395966,0.03662322461605072,0.07229632139205933,0.13897043466567993,-0.07192066311836243,-0.0372496098279953,0.0759681984782219,-0.04142008721828461,1.3492810726165771,0.18306368589401245,1.2403157949447632,0.40868523716926575,0.7308070659637451,-0.45793676376342773,0.45727425813674927,-0.2662815749645233,0.381268173456192,0.3974490463733673,-0.412934809923172,-0.22974230349063873,0.2923825979232788,0.016858398914337158,0.4856109619140625,0.020018547773361206,0.10602355003356934,-0.9188851714134216,-0.38001206517219543,-0.8139344453811646,0.1393328309059143,-0.5640010237693787,0.5177063941955566,-0.3102684020996094,0.16378191113471985,-0.5131328105926514,-0.8417008519172668,-0.16803158819675446,0.05083982273936272,0.1656206250190735,-0.9848782420158386,0.3228231370449066,-0.010730266571044922,-0.03100002557039261,0.997649073600769,-0.06852997094392776,1.5197692846413702e-06,0.06852997094392776,0.997649073600769,1.4220647699403344e-06,0.22237691283226013,0.11023769527673721,-0.031000029295682907,0.4232693612575531,-0.13169822096824646,-0.03100002184510231
7,0.0956980362534523,0.07345770299434662,0.21020275354385376,0.5386415719985962,0.40334975719451904,1.4137046337127686,-0.22804327309131622,0.7308404445648193,-0.16642162203788757,0.5405758023262024,-0.2408214509487152,0.18212741613388062,0.04379700496792793,0.08262401819229126,0.10013464838266373,-0.07670221477746964,-0.05870750918984413,0.10562540590763092,-0.05366670712828636,1.3754749298095703,0.2120230793952942,1.2112849950790405,0.3923323154449463,0.7308446168899536,-0.3708605170249939,0.45909661054611206,-0.19039955735206604,0.36941179633140564,0.40035128593444824,-0.4122695028781891,-0.2300426959991455,0.18240311741828918,0.017877161502838135,0.4853968620300293,0.02001558244228363,0.06974858045578003,-0.9261212944984436,-0.3707215189933777,-0.8256201148033142,0.1549890637397766,-0.542521595954895,0.5372047424316406,-0.3218879699707031,0.1641128957271576,-0.5336403846740723,-0.8216425180435181,-0.2003282904624939,0.0858965814113617,0.18299269676208496,-0.9793545007705688,0.3228231966495514,-0.010730266571044922,-0.03100006654858589,0.997649073600769,-0.06852987408638,1.6612581248409697e-06,0.06852987408638,0.997649073600769,1.4468856761595816e-06,0.2223769724369049,0.11023768782615662,-0.031000081449747086,0.4232694208621979,-0.13169822096824646,-0.031000051647424698
8,0.08925990760326385,0.10734079778194427,0.19443179666996002,0.5534346699714661,0.40094614028930664,1.4201277494430542,-0.21577990055084229,0.7308562994003296,-0.17404675483703613,0.5125603675842285,-0.21244953572750092,0.17328140139579773,0.05322029069066048,0.08596103638410568,0.061022885143756866,-0.11314015090465546,-0.07686574757099152,0.13494747877120972,-0.06085745245218277,1.3989527225494385,0.2409416139125824,1.1823968887329102,0.37637466192245483,0.7308825254440308,-0.2935677170753479,0.46439245343208313,-0.11274097859859467,0.3221476972103119,0.4005122482776642,-0.4082864224910736,-0.22410094738006592,0.1720942258834839,0.01884603500366211,0.4851250648498535,0.02001531422138214,0.035965919494628906,-0.9315043687820435,-0.3619477450847626,-0.8360350131988525,0.17037612199783325,-0.5215530395507812,0.5553216934204102,-0.33040761947631836,0.16349822282791138,-0.5472263097763062,-0.8045727610588074,-0.23066428303718567,0.1180981993675232,0.19860905408859253,-0.9729374051094055,0.32282310724258423,-0.010730266571044922,-0.031000062823295593,0.997649073600769,-0.06852991878986359,2.0506213331827894e-06,0.06852991878986359,0.997649073600769,1.2016541859338759e-06,0.22237688302993774,0.11023768782615662,-0.031000148504972458,0.4232693314552307,-0.13169822096824646,-0.03099997714161873
9,0.08226944506168365,0.13792254030704498,0.1807202398777008,0.5666479468345642,0.39925920963287354,1.426412582397461,-0.21042148768901825,0.7308681607246399,-0.1547061949968338,0.46708986163139343,-0.20549450814723969,0.15995539724826813,0.15869592130184174,0.1464020311832428,-0.11351098120212555,-0.4846908748149872,-0.08956768363714218,0.16397815942764282,-0.06351572275161743,1.418327808380127,0.26907098293304443,1.153874397277832,0.36134645342826843,0.7309243083000183,-0.15807904303073883,0.47017914056777954,-0.03431161120533943,0.2556285560131073,0.39208561182022095,-0.4010254144668579,-0.21097013354301453,0.08593226969242096,0.019663095474243164,0.4848136901855469,0.020015187561511993,0.0076261162757873535,-0.9338828921318054,-0.3574976921081543,-0.8448360562324524,0.18524479866027832,-0.5019326210021973,0.571559727191925,-0.3344721794128418,0.16112354397773743,-0.5538867712020874,-0.7915884256362915,-0.25806498527526855,0.14491842687129974,0.2135624885559082,-0.9661210179328918,0.3228231370449066,-0.010730266571044922,-0.03100002557039261,0.997649073600769,-0.06852994859218597,1.5201007954601664e-06,0.06852994859218597,0.997649073600769,1.4159303418637137e-06,0.22237691283226013,0.11023769527673721,-0.031000029295682907,0.4232693612575531,-0.13169822096824646,-0.03100002184510231
10,0.07544552534818649,0.16262173652648926,0.16857723891735077,0.5775400400161743,0.39726492762565613,1.432212471961975,-0.21238797903060913,0.730961799621582,-0.1593947559595108,0.3700723350048065,-0.13781900703907013,0.09669475257396698,-0.04148273542523384,-0.0014028400182724,-0.04324907064437866,0.33704236149787903,-0.094246506690979,0.1924925446510315,-0.0623263381421566,1.4309029579162598,0.29572755098342896,1.125916838645935,0.3478509187698364,0.7310003638267517,0.004332262556999922,0.4817199409008026,0.03487830609083176,0.14305157959461212,0.37226036190986633,-0.3888288736343384,-0.18936990201473236,-0.0005312999710440636,0.020585477352142334,0.4841327667236328,0.020025543868541718,-0.013409852981567383,-0.9336603283882141,-0.35790854692459106,-0.8512771725654602,0.19843298196792603,-0.48574841022491455,0.5848825573921204,-0.33243513107299805,0.15567749738693237,-0.5539208650588989,-0.783657968044281,-0.2811615765094757,0.16283529996871948,0.229209303855896,-0.9596601724624634,0.3228231966495514,-0.010730266571044922,-0.03100006654858589,0.997649073600769,-0.0685298964381218,1.6434227063655271e-06,0.0685298964381218,0.997649073600769,1.4311688119050814e-06,0.2223769724369049,0.11023768782615662,-0.031000081449747086,0.4232694208621979,-0.13169822096824646,-0.031000051647424698
11,0.06812333315610886,0.17958293855190277,0.15666607022285461,0.5861512422561646,0.39330363273620605,1.4374651908874512,-0.2181740403175354,0.7308380603790283,-0.19279220700263977,0.23831981420516968,-0.14406169950962067,0.10963709652423859,-0.17928798496723175,0.017027970403432846,0.058303482830524445,0.9856579303741455,-0.09133492410182953,0.22210179269313812,-0.058049630373716354,1.4426263570785522,0.32017412781715393,1.0984328985214233,0.332639217376709,0.7309932708740234,0.13094300031661987,0.48478513956069946,0.08682741224765778,0.14422261714935303,0.3418697118759155,-0.3840937614440918,-0.21368175745010376,0.2579561471939087,0.02231156826019287,0.48250389099121094,0.020015396177768707,-0.02881765365600586,-0.932386577129364,-0.36031243205070496,-0.8545407056808472,0.20998746156692505,-0.4750426709651947,0.5972614288330078,-0.3249783515930176,0.1488710343837738,-0.544797420501709,-0.7825475335121155,-0.3013553321361542,0.17568182945251465,0.24488258361816406,-0.9535032510757446,0.32282310724258423,-0.010730266571044922,-0.031000062823295593,0.997649073600769,-0.06852992624044418,2.0297600258345483e-06,0.06852992624044418,0.997649073600769,1.1867491593875457e-06,0.22237688302993774,0.11023769527673721,-0.031000148504972458,0.4232693314552307,-0.13169822096824646,-0.03099997714161873
12,0.05964585393667221,0.19022652506828308,0.14435860514640808,0.5931950211524963,0.38793569803237915,1.442304015159607,-0.2277253270149231,0.7309143543243408,-0.2007611095905304,0.14545468986034393,-0.16118015348911285,0.0865148976445198,-0.19499793648719788,0.006347037851810455,-0.020006686449050903,0.7142008543014526,-0.08259667456150055,0.25200921297073364,-0.05088069289922714,1.4557667970657349,0.34262192249298096,1.0710731744766235,0.3160254657268524,0.7309785485267639,0.23208940029144287,0.4835267961025238,0.13713622093200684,0.16863593459129333,0.3165282905101776,-0.3830623924732208,-0.23274922370910645,0.002487270161509514,0.025001823902130127,0.48013973236083984,0.020014777779579163,-0.04063260555267334,-0.9300721287727356,-0.3651229739189148,-0.8549520373344421,0.22148531675338745,-0.46904295682907104,0.6095831394195557,-0.31296539306640625,0.14226657152175903,-0.5274720191955566,-0.7868087291717529,-0.3204769492149353,0.18678346276283264,0.26059120893478394,-0.94720858335495,0.3228231370449066,-0.010730266571044922,-0.03100002557039261,0.997649073600769,-0.06852994859218597,1.515786834715982e-06,0.06852994859218597,0.997649073600769,1.3919881212132168e-06,0.22237691283226013,0.11023769527673721,-0.031000033020973206,0.4232693612575531,-0.13169822096824646,-0.03100001811981201
13,0.04943878948688507,0.19836682081222534,0.13181918859481812,0.5982617735862732,0.38216155767440796,1.4467005729675293,-0.23685485124588013,0.7308585047721863,-0.23077483475208282,0.11707629263401031,-0.17099733650684357,0.05418076366186142,-0.19144192337989807,0.00023622065782546997,-0.02798273414373398,0.7613075971603394,-0.06986622512340546,0.2810010313987732,-0.041893959045410156,1.4656380414962769,0.36269745230674744,1.0448185205459595,0.2984367907047272,0.7309979200363159,0.28201770782470703,0.4871658384799957,0.16256222128868103,0.10439793020486832,0.283031702041626,-0.36349624395370483,-0.24574413895606995,0.03000137396156788,0.027585864067077637,0.4772930145263672,0.02001427859067917,-0.053783535957336426,-0.9278661608695984,-0.3690146207809448,-0.8543131947517395,0.2340795397758484,-0.464064359664917,0.6195944547653198,-0.2976541519165039,0.13420197367668152,-0.505547046661377,-0.7944628000259399,-0.3365281820297241,0.1923198103904724,0.27646690607070923,-0.9415833950042725,0.3228231966495514,-0.010730266571044922,-0.03100006654858589,0.997649073600769,-0.0685298964381218,1.6327455796272261e-06,0.0685298964381218,0.997649073600769,1.4079330412641866e-06,0.2223769724369049,0.11023768782615662,-0.031000085175037384,0.4232694208621979,-0.13169822096824646,-0.0310000479221344
14,0.03760967776179314,0.2064104527235031,0.11860473453998566,0.6029946208000183,0.3763448894023895,1.4511547088623047,-0.24654783308506012,0.7308179140090942,-0.2593201994895935,0.11781877279281616,-0.18224047124385834,0.052296385169029236,-0.19166645407676697,0.00461752712726593,-0.02892088145017624,0.8037208318710327,-0.05548817291855812,0.30995720624923706,-0.030245861038565636,1.4721328020095825,0.3807678520679474,1.0187935829162598,0.2786649167537689,0.7310073375701904,0.31565630435943604,0.4899933338165283,0.20659379661083221,0.05323496088385582,0.2554616630077362,-0.3590816259384155,-0.27678439021110535,-0.004388829693198204,0.030238568782806396,0.47420692443847656,0.020013846457004547,-0.0688023567199707,-0.9252593517303467,-0.37304338812828064,-0.8530385494232178,0.2484530806541443,-0.45890769362449646,0.6272600889205933,-0.2798619270324707,0.12423475086688995,-0.4795166254043579,-0.8047098517417908,-0.3500085175037384,0.19256803393363953,0.29263919591903687,-0.9366322755813599,0.32282310724258423,-0.010730266571044922,-0.031000062823295593,0.997649073600769,-0.06852992624044418,2.034870249190135e-06,0.06852992624044418,0.997649073600769,1.1549431064850069e-06,0.22237688302993774,0.11023769527673721,-0.031000152230262756,0.4232693314552307,-0.13169822096824646,-0.03099997341632843
15,0.024326985701918602,0.21444621682167053,0.10477942228317261,0.6080634593963623,0.36989182233810425,1.4559134244918823,-0.25645309686660767,0.7308101654052734,-0.28208762407302856,0.11703646928071976,-0.19516977667808533,0.05633663386106491,-0.19878935813903809,0.010640699416399002,-0.03579597920179367,0.7854034304618835,-0.03965529054403305,0.3386739492416382,-0.016531122848391533,1.4755222797393799,0.39804789423942566,0.9930427074432373,0.2585342228412628,0.7310163378715515,0.3388439118862152,0.48929455876350403,0.2379232943058014,0.0052423737943172455,0.24323922395706177,-0.35354727506637573,-0.2816895842552185,-0.02450380101799965,0.0331195592880249,0.47072267532348633,0.020013295114040375,-0.08497023582458496,-0.9223540425300598,-0.3768858015537262,-0.8510751128196716,0.26387929916381836,-0.4539148807525635,0.632560670375824,-0.2597775459289551,0.11274141073226929,-0.45168960094451904,-0.8153647780418396,-0.3621559143066406,0.18827278912067413,0.30967098474502563,-0.9320178627967834,0.3228231370449066,-0.010730266571044922,-0.03100002557039261,0.997649073600769,-0.06852994859218597,1.4947751196814352e-06,0.06852994859218597,0.997649073600769,1.3693854725715937e-06,0.22237691283226013,0.11023769527673721,-0.031000033020973206,0.4232693612575531,-0.13169822096824646,-0.03100001811981201
16,0.009918268769979477,0.22246742248535156,0.08964446932077408,0.6137861609458923,0.36110228300094604,1.4614332914352417,-0.2683555781841278,0.7307993173599243,-0.3104458749294281,0.11243771016597748,-0.21661683917045593,0.07681770622730255,-0.21040064096450806,0.024356622248888016,-0.07864173501729965,0.7918936610221863,-0.022045744583010674,0.36634838581085205,-0.0018529897788539529,1.474727988243103,0.41626209020614624,0.9684944748878479,0.2380359172821045,0.7310110330581665,0.37067317962646484,0.477609246969223,0.2565120458602905,-0.06052442267537117,0.25608357787132263,-0.33428409695625305,-0.2870199978351593,-0.01554456539452076,0.03615140914916992,0.46619701385498047,0.020012199878692627,-0.10017812252044678,-0.9189814925193787,-0.381362646818161,-0.8487386107444763,0.27895355224609375,-0.4492524564266205,0.6347478628158569,-0.23743867874145508,0.09979024529457092,-0.42343270778656006,-0.8252180814743042,-0.37379130721092224,0.17867974936962128,0.3284262418746948,-0.9274749755859375,0.3228231966495514,-0.010730266571044922,-0.03100006654858589,0.997649073600769,-0.0685298964381218,1.6307747046084842e-06,0.0685298964381218,0.997649073600769,1.3766682513960404e-06,0.2223769724369049,0.11023768782615662,-0.031000085175037384,0.4232694208621979,-0.13169822096824646,-0.0310000479221344
17,-0.005696718581020832,0.22928071022033691,0.07362030446529388,0.6199091672897339,0.3507026731967926,1.4672826528549194,-0.2595919966697693,0.7308059930801392,-0.3244955539703369,0.09662280976772308,-0.24104362726211548,0.0701967403292656,-0.22101926803588867,0.017851345241069794,0.16396766901016235,0.6593761444091797,-0.0022202038671821356,0.39096498489379883,0.013132122345268726,1.463097095489502,0.4316270053386688,0.9501688480377197,0.21742962300777435,0.7310264110565186,0.40962040424346924,0.46070775389671326,0.2649692893028259,-0.24587444961071014,0.21387328207492828,-0.2388111650943756,-0.2884591817855835,0.014262791723012924,0.03953289985656738,0.46086931228637695,0.0200125053524971,-0.12609493732452393,-0.921066403388977,-0.368424654006958,-0.8453629016876221,0.2941064238548279,-0.4459405839443207,0.6291092038154602,-0.21351051330566406,0.08270871639251709,-0.3956869840621948,-0.8364992141723633,-0.3790792226791382,0.15394096076488495,0.34651511907577515,-0.9253267049789429,0.32282310724258423,-0.010730266571044922,-0.031000062823295593,0.997649073600769,-0.06852992624044418,2.013785433518933e-06,0.06852992624044418,0.997649073600769,1.1318061297060922e-06,0.22237688302993774,0.11023769527673721,-0.031000152230262756,0.4232693314552307,-0.13169822096824646,-0.03099997341632843
18,-0.022746438160538673,0.2419956624507904,0.056263942271471024,0.6288585662841797,0.34411171078681946,1.4740791320800781,-0.23836009204387665,0.7307330369949341,-0.35005196928977966,0.19879154860973358,-0.2543940246105194,0.11473697423934937,-0.14810164272785187,0.03801131621003151,0.33504244685173035,0.727688193321228,0.016651757061481476,0.4121168553829193,0.027157513424754143,1.4470106363296509,0.44855165481567383,0.9360356330871582,0.19514045119285583,0.7310186624526978,0.3492996096611023,0.36288630962371826,0.2335854172706604,-0.27631279826164246,0.23536327481269836,-0.1862349808216095,-0.3121274411678314,0.017798958346247673,0.04318135976791382,0.4566178321838379,0.020012646913528442,-0.16556990146636963,-0.9236211776733398,-0.3457031548023224,-0.8416061401367188,0.3150600790977478,-0.4386757016181946,0.6196468472480774,-0.19038629531860352,0.06562626361846924,-0.36951446533203125,-0.8460544347763062,-0.3842538595199585,0.12445759773254395,0.3647330403327942,-0.9227568507194519,0.3228231370449066,-0.010730266571044922,-0.03100002557039261,0.997649073600769,-0.06852994859218597,1.4975850035625626e-06,0.06852994859218597,0.997649073600769,1.3334813502297038e-06,0.22237691283226013,0.11023769527673721,-0.031000036746263504,0.4232693612575531,-0.13169822096824646,-0.031000014394521713
19,-0.041334368288517,0.2575971782207489,0.03740042448043823,0.6389114856719971,0.3414822220802307,1.4812127351760864,-0.21170833706855774,0.7306748628616333,-0.3792879581451416,0.23570172488689423,-0.28306853771209717,0.12867245078086853,-0.08801373094320297,0.05027003958821297,0.4065692722797394,0.7413756251335144,0.026574013754725456,0.4253505766391754,0.040390849113464355,1.4334814548492432,0.46480631828308105,0.9272190928459167,0.1708175241947174,0.7310202717781067,0.1413135677576065,0.1870345026254654,0.18843016028404236,-0.19715620577335358,0.2280322015285492,-0.12118708342313766,-0.3403206169605255,-0.016529519110918045,0.047203779220581055,0.45331573486328125,0.020012110471725464,-0.21428263187408447,-0.9234300255775452,-0.31837064027786255,-0.8359531760215759,0.34196937084198,-0.4292309880256653,0.6113795042037964,-0.17324113845825195,0.054332345724105835,-0.3458923101425171,-0.8523708581924438,-0.3922021687030792,0.10244545340538025,0.38119614124298096,-0.9188005924224854,0.3228231966495514,-0.010730266571044922,-0.03100006654858589,0.997649073600769,-0.0685298964381218,1.6143793573064613e-06,0.0685298964381218,0.997649073600769,1.348300202153041e-06,0.2223769724369049,0.11023768782615662,-0.031000088900327682,0.4232694208621979,-0.13169822096824646,-0.0310000441968441
20,-0.061682213097810745,0.2780510485172272,0.018374226987361908,0.6486539840698242,0.34342050552368164,1.4885183572769165,-0.18492253124713898,0.7306095957756042,-0.39704886078834534,0.32122519612312317,-0.27805855870246887,0.1179836243391037,-0.022959019988775253,0.058490999042987823,0.4229053854942322,0.8843517899513245,0.026134584099054337,0.43042200803756714,0.05544598400592804,1.4199665784835815,0.47210103273391724,0.9188839197158813,0.14656350016593933,0.7310030460357666,-0.0025900020264089108,0.07696741074323654,0.21322579681873322,-0.20189830660820007,0.10224790126085281,-0.11368297040462494,-0.33954674005508423,0.006149042397737503,0.0504685640335083,0.4512748718261719,0.02001184970140457,-0.26951372623443604,-0.9182199239730835,-0.2902316153049469,-0.8292537927627563,0.37451696395874023,-0.41481927037239075,0.6051764488220215,-0.16340351104736328,0.04742686450481415,-0.3224172592163086,-0.858963131904602,-0.3977806866168976,0.08926951885223389,0.39075779914855957,-0.9161546230316162,0.32282310724258423,-0.010730266571044922,-0.031000062823295593,0.997649073600769,-0.06852992624044418,2.0046272766194306e-06,0.06852992624044418,0.997649073600769,1.0998073776136152e-06,0.22237688302993774,0.11023769527673721,-0.031000155955553055,0.4232693314552307,-0.13169822096824646,-0.03099996969103813
21,-0.08293378353118896,0.30196911096572876,0.0002907854795921594,0.6567081212997437,0.3489058017730713,1.4955089092254639,-0.1597844958305359,0.7305494546890259,-0.40290430188179016,0.37414970993995667,-0.2587150037288666,0.08907585591077805,0.01793331652879715,0.058266423642635345,0.4251423478126526,1.0197930335998535,0.020762739703059196,0.43187475204467773,0.07093550264835358,1.4117748737335205,0.47685670852661133,0.9106530547142029,0.12206116318702698,0.7309806942939758,-0.06899777054786682,9.910303924698383e-05,0.22168385982513428,-0.1018880233168602,0.06964482367038727,-0.11708371341228485,-0.34324827790260315,0.027469035238027573,0.05252450704574585,0.4503660202026367,0.02001071721315384,-0.32692062854766846,-0.9079524278640747,-0.26219311356544495,-0.8215553760528564,0.41016507148742676,-0.3959941864013672,0.60268634557724,-0.15674114227294922,0.04496943950653076,-0.29778194427490234,-0.8643864393234253,-0.40516915917396545,0.08556146174669266,0.39854907989501953,-0.9131472706794739,0.3228231370449066,-0.010730266571044922,-0.03100002557039261,0.997649073600769,-0.06852994859218597,1.4787545978833805e-06,0.06852994859218597,0.997649073600769,1.3029202818870544e-06,0.22237691283226013,0.11023769527673721,-0.031000036746263504,0.4232693612575531,-0.13169822096824646,-0.031000014394521713
22,-0.10513503104448318,0.3259774148464203,-0.015197303146123886,0.6636021137237549,0.35404321551322937,1.50213623046875,-0.14111384749412537,0.7305432558059692,-0.4042510986328125,0.3673168420791626,-0.2227245569229126,0.0730852335691452,0.00292360782623291,0.06516490876674652,0.3448987603187561,1.0516248941421509,0.017214033752679825,0.4309433400630951,0.08540177345275879,1.4126348495483398,0.4759396016597748,0.9017646312713623,0.09660175442695618,0.7310082912445068,-0.008083636872470379,-0.05690594017505646,0.22673766314983368,0.04616343602538109,-0.009449675679206848,-0.12918850779533386,-0.356414794921875,-0.012505910359323025,0.053856611251831055,0.4495048522949219,0.020008280873298645,-0.3781982660293579,-0.8944545984268188,-0.23857316374778748,-0.8130362629890442,0.44417041540145874,-0.37641027569770813,0.6047378778457642,-0.1507096290588379,0.047464579343795776,-0.26390349864959717,-0.8720705509185791,-0.41212597489356995,0.09184503555297852,0.40261203050613403,-0.9107513427734375,0.3228231966495514,-0.010730266571044922,-0.03100006654858589,0.997649073600769,-0.0685298964381218,1.6028432128223358e-06,0.0685298964381218,0.997649073600769,1.3122889868100174e-06,0.2223769724369049,0.11023768782615662,-0.03100009262561798,0.4232694208621979,-0.13169822096824646,-0.031000040471553802
23,-0.12902070581912994,0.3480295240879059,-0.026740845292806625,0.6691654324531555,0.35772985219955444,1.5078766345977783,-0.1333504468202591,0.7308089733123779,-0.3915709853172302,0.3375353515148163,-0.1880958527326584,0.04150209575891495,-0.03524778410792351,0.07282804697751999,0.19042164087295532,0.3691422939300537,0.01687740907073021,0.4287826418876648,0.09703467786312103,1.4212331771850586,0.4715018570423126,0.8941487669944763,0.07078033685684204,0.7309958338737488,0.01680098846554756,-0.07352893054485321,0.1768188327550888,0.1562647819519043,-0.05799895524978638,-0.1125069335103035,-0.36168158054351807,0.01302950456738472,0.05475395917892456,0.4484992027282715,0.020004287362098694,-0.4199552536010742,-0.8793349266052246,-0.22451674938201904,-0.8037192821502686,0.4752516746520996,-0.35801008343696594,0.6098851561546326,-0.14492225646972656,0.053644388914108276,-0.2235029935836792,-0.8807452321052551,-0.41753366589546204,0.1044284850358963,0.4042667746543884,-0.9086601138114929,0.32282310724258423,-0.010730266571044922,-0.031000062823295593,0.997649073600769,-0.06852987408638,1.99168675862893e-06,0.06852987408638,0.997649073600769,1.0839752349056653e-06,0.22237688302993774,0.11023768782615662,-0.031000155955553055,0.4232693314552307,-0.13169822096824646,-0.03099996969103813
24,-0.15491977334022522,0.36847245693206787,-0.03426441177725792,0.6721417307853699,0.3620336055755615,1.5119092464447021,-0.1400594413280487,0.7306506037712097,-0.42258715629577637,0.31476619839668274,-0.1539326310157776,-0.00212020892649889,0.2384747564792633,0.08588474988937378,-0.3462156653404236,-0.3623804748058319,0.014719112776219845,0.42332524061203003,0.10303682833909988,1.4274731874465942,0.46428215503692627,0.8893781900405884,0.04625605791807175,0.7310221195220947,-0.077773317694664,-0.10579951107501984,0.06228967756032944,0.1041763499379158,-0.10063038766384125,-0.07075662910938263,-0.34321072697639465,-0.013089151121675968,0.05506420135498047,0.4481620788574219,0.02000487595796585,-0.45375752449035645,-0.8624761700630188,-0.22414042055606842,-0.7930572628974915,0.5055490732192993,-0.3398239016532898,0.6147298812866211,-0.14420652389526367,0.059975385665893555,-0.18829381465911865,-0.8889535665512085,-0.4175008237361908,0.11760519444942474,0.4016370177268982,-0.9082162380218506,0.3228231370449066,-0.010730266571044922,-0.03100002557039261,0.997649073600769,-0.0685298964381218,1.4686929716845043e-06,0.0685298964381218,0.997649073600769,1.2845107448811177e-06,0.22237691283226013,0.11023768782615662,-0.031000040471553802,0.4232693612575531,-0.13169822096824646,-0.031000010669231415
25,-0.18137811124324799,0.38856041431427,-0.04248799756169319,0.6742826700210571,0.36604732275009155,1.515604853630066,-0.15544605255126953,0.7306134104728699,-0.44323161244392395,0.3148268461227417,-0.1812693327665329,0.0034415340051054955,0.2514111399650574,0.06672198325395584,-0.5262976884841919,-0.3607535660266876,0.008658953942358494,0.41692182421684265,0.10368857532739639,1.4243639707565308,0.45800498127937317,0.8900405168533325,0.022962482646107674,0.7310701012611389,-0.13580814003944397,-0.06777717173099518,-0.018142476677894592,-0.06928542256355286,-0.09023545682430267,0.013342355377972126,-0.3258824944496155,-0.09163285046815872,0.05524212121963501,0.4476914405822754,0.019991084933280945,-0.4844437837600708,-0.8437979221343994,-0.23090976476669312,-0.7804514169692993,0.5361073017120361,-0.3216902017593384,0.6151726245880127,-0.14888715744018555,0.06184600293636322,-0.16564834117889404,-0.8956943154335022,-0.41266509890556335,0.1213957816362381,0.3967438340187073,-0.9098666906356812,0.3228231966495514,-0.010730266571044922,-0.03100006654858589,0.997649073600769,-0.06852984428405762,1.5895831211309996e-06,0.06852984428405762,0.997649073600769,1.2949568599651684e-06,0.2223769724369049,0.11023768037557602,-0.03100009262561798,0.4232694208621979,-0.13169822096824646,-0.031000040471553802
26,-0.2089553326368332,0.4075770378112793,-0.05209669470787048,0.6749272346496582,0.3705993592739105,1.5186914205551147,-0.17323611676692963,0.7305889129638672,-0.4692170321941376,0.29884952306747437,-0.17795933783054352,-0.01971866749227047,0.12718647718429565,0.05937493219971657,-0.3467535078525543,0.2629125416278839,-3.229354479117319e-05,0.41346535086631775,0.10302454978227615,1.4198052883148193,0.4645494222640991,0.8971000909805298,-0.0006096456199884415,0.7309719920158386,-0.15147651731967926,-0.04211817681789398,-0.02202833816409111,-0.07235702127218246,0.09050468355417252,0.10058692842721939,-0.3298344016075134,0.0365896038711071,0.05548173189163208,0.4472494125366211,0.01998666673898697,-0.5162026882171631,-0.822404682636261,-0.2391349822282791,-0.7646048665046692,0.5683116912841797,-0.3039758503437042,0.6131755709648132,-0.15263938903808594,0.061859115958213806,-0.15457665920257568,-0.8963233232498169,-0.41558459401130676,0.11788307130336761,0.40090280771255493,-0.9085045456886292,0.32282310724258423,-0.010730266571044922,-0.031000062823295593,0.997649073600769,-0.06852987408638,1.9884828361682594e-06,0.06852987408638,0.997649073600769,1.0408341495349305e-06,0.22237688302993774,0.11023768782615662,-0.031000159680843353,0.4232693314552307,-0.13169822096824646,-0.030999965965747833
27,-0.23741421103477478,0.42620301246643066,-0.06304042041301727,0.6743326187133789,0.37568774819374084,1.52131986618042,-0.18601667881011963,0.7305757403373718,-0.4752274453639984,0.29093867540359497,-0.2123834192752838,-0.058797188103199005,0.23719695210456848,0.05443305894732475,-0.4445236325263977,-0.1759212762117386,-0.009319458156824112,0.4122369885444641,0.10000026971101761,1.417977213859558,0.4816667437553406,0.9045563340187073,-0.025024691596627235,0.7309116125106812,-0.18514187633991241,-0.01736726611852646,-0.0668763592839241,-0.022232521325349808,0.23846878111362457,0.10205009579658508,-0.34157198667526245,0.10890453308820724,0.0556986927986145,0.4468812942504883,0.019994191825389862,-0.5515056848526001,-0.798366367816925,-0.24177005887031555,-0.7456264495849609,0.6017550230026245,-0.2862377166748047,0.6127355694770813,-0.15579509735107422,0.06270253658294678,-0.15042829513549805,-0.8921735882759094,-0.42590805888175964,0.11712415516376495,0.411693274974823,-0.9037647247314453,0.3228231370449066,-0.010730266571044922,-0.03100002557039261,0.997649073600769,-0.0685298964381218,1.4529564396070782e-06,0.0685298964381218,0.997649073600769,1.2425970226104255e-06,0.22237691283226013,0.11023768782615662,-0.031000040471553802,0.4232693612575531,-0.13169822096824646,-0.031000010669231415
28,-0.26763126254081726,0.4443756639957428,-0.07461279630661011,0.6721819639205933,0.38078850507736206,1.5231150388717651,-0.2006339579820633,0.7305128574371338,-0.5043923854827881,0.2884943187236786,-0.24229298532009125,-0.04476504400372505,0.2658582031726837,0.014982474967837334,-0.5556340217590332,-0.15065838396549225,-0.01865588128566742,0.4127645790576935,0.08793170750141144,1.4194318056106567,0.5025118589401245,0.9126838445663452,-0.04833531379699707,0.7309284806251526,-0.24812555313110352,0.010683226399123669,-0.2253154218196869,0.0250974390655756,0.28943169116973877,0.10843650996685028,-0.325969398021698,0.08340702950954437,0.055760860443115234,0.446530818939209,0.019973501563072205,-0.5872235298156738,-0.7714219093322754,-0.24510599672794342,-0.7234210968017578,0.6360222697257996,-0.2685844600200653,0.6148249506950378,-0.16379690170288086,0.0637798011302948,-0.1559509038925171,-0.8861008286476135,-0.43646857142448425,0.12159760296344757,0.421291708946228,-0.8987365961074829,0.3228231966495514,-0.010730266571044922,-0.03100006654858589,0.997649073600769,-0.06852986663579941,1.5714066421423922e-06,0.06852986663579941,0.997649073600769,1.254900894309685e-06,0.2223769724369049,0.11023768782615662,-0.03100009262561798,0.4232694208621979,-0.13169822096824646,-0.031000040471553802
29,-0.3000425398349762,0.4593016803264618,-0.08472442626953125,0.6679694056510925,0.38497474789619446,1.5234441757202148,-0.22298860549926758,0.7305464148521423,-0.5331916213035583,0.2349053919315338,-0.18781670928001404,-0.0885794460773468,0.10613559186458588,0.003905355464667082,-0.4087924659252167,0.42620226740837097,-0.028503548353910446,0.41358116269111633,0.06981922686100006,1.4277348518371582,0.5252412557601929,0.9221293330192566,-0.06881536543369293,0.730895459651947,-0.2316455990076065,-0.024641823023557663,-0.2951909899711609,0.14856059849262238,0.3184657096862793,0.12313477694988251,-0.2865510880947113,0.1313052922487259,0.055863142013549805,0.44611263275146484,0.019973278045654297,-0.6186097860336304,-0.7427734136581421,-0.25614410638809204,-0.6986162662506104,0.6691722869873047,-0.25326618552207947,0.6205307841300964,-0.17539310455322266,0.06764021515846252,-0.1673799753189087,-0.878250777721405,-0.44795045256614685,0.1343114972114563,0.42981112003326416,-0.8928734064102173,0.32282310724258423,-0.010730266571044922,-0.031000062823295593,0.997649073600769,-0.06852990388870239,1.951516651388374e-06,0.06852990388870239,0.997649073600769,9.99918597699434e-07,0.22237688302993774,0.11023768782615662,-0.031000159680843353,0.4232693314552307,-0.13169822096824646,-0.030999965965747833
30,-0.33605071902275085,0.47226816415786743,-0.09090442210435867,0.662242591381073,0.387041836977005,1.5220993757247925,-0.24899573624134064,0.730554461479187,-0.5830023884773254,0.20520810782909393,-0.1389179527759552,-0.10300541669130325,0.0940035730600357,-0.028853725641965866,-0.4976300895214081,0.3464568555355072,-0.03861521929502487,0.4116409122943878,0.046401266008615494,1.441640019416809,0.5495079755783081,0.9296177625656128,-0.08586184680461884,0.7309046387672424,-0.277143269777298,-0.08671649545431137,-0.3888997435569763,0.24212303757667542,0.34100332856178284,0.09138613939285278,-0.23845790326595306,0.11797348409891129,0.05563843250274658,0.4456472396850586,0.01995595544576645,-0.6457234621047974,-0.7136002779006958,-0.2716907262802124,-0.6728595495223999,0.699982762336731,-0.2393411099910736,0.6305997967720032,-0.19073104858398438,0.07595399022102356,-0.18286824226379395,-0.868759036064148,-0.46023550629615784,0.1595993936061859,0.4356873035430908,-0.8858355283737183,0.3228231370449066,-0.010730266571044922,-0.03100002557039261,0.997649073600769,-0.06852994114160538,1.5744972188258544e-06,0.06852994114160538,0.997649073600769,1.5426535355800297e-06,0.22237691283226013,0.11023769527673721,-0.03100002184510231,0.4232693612575531,-0.13169822096824646,-0.031000029295682907
31,-0.3710446059703827,0.48395299911499023,-0.10338407754898071,0.6515427231788635,0.38710522651672363,1.5189701318740845,-0.276699960231781,0.7305247187614441,-0.6044043898582458,0.19747506082057953,-0.24419176578521729,-0.17969535291194916,-0.06793591380119324,-0.05819842964410782,-0.32254838943481445,0.7770667672157288,-0.042179301381111145,0.4041052460670471,0.02203044295310974,1.464418649673462,0.5631263256072998,0.922771692276001,-0.1001780703663826,0.7309117317199707,-0.07590192556381226,-0.242514505982399,-0.34682947397232056,0.41884031891822815,0.19810715317726135,-0.11482518166303635,-0.2006952464580536,0.14017190039157867,0.05358153581619263,0.4447207450866699,0.01994887739419937,-0.6739978790283203,-0.6816928386688232,-0.2846432030200958,-0.6442018747329712,0.730955958366394,-0.22518286108970642,0.6483911275863647,-0.20754575729370117,0.09218244254589081,-0.1839892864227295,-0.8657525777816772,-0.46542486548423767,0.20678532123565674,0.4288187623023987,-0.8794056177139282,0.3228231966495514,-0.010730266571044922,-0.03100006654858589,0.997649073600769,-0.0685298964381218,1.551243713038275e-06,0.0685298964381218,0.997649073600769,1.2123601891289582e-06,0.2223769724369049,0.11023768782615662,-0.03100009635090828,0.4232694208621979,-0.13169822096824646,-0.031000036746263504
32,-0.40202462673187256,0.4871830642223358,-0.10834856331348419,0.6460896730422974,0.38378581404685974,1.5171425342559814,-0.29026374220848083,0.7323755621910095,-0.3481596112251282,-0.032125137746334076,-0.0035972371697425842,0.01896989345550537,0.4275549054145813,-0.05052685737609863,0.3052852749824524,1.2363767623901367,-0.031414274126291275,0.39829498529434204,-0.0015919499564915895,1.49424409866333,0.5570977926254272,0.9037282466888428,-0.12222494184970856,0.7310648560523987,0.19134032726287842,-0.13520647585391998,-0.3133210837841034,0.47183024883270264,-0.0779406800866127,-0.27733635902404785,-0.30895400047302246,-0.003878022776916623,0.05367457866668701,0.4428291320800781,0.020006127655506134,-0.6930742263793945,-0.6591954231262207,-0.29173535108566284,-0.621945858001709,0.7514224052429199,-0.2203352451324463,0.6688207387924194,-0.22109079360961914,0.11052703857421875,-0.15441584587097168,-0.8780202865600586,-0.4530298411846161,0.25885725021362305,0.4065588712692261,-0.8761864900588989,0.32282310724258423,-0.010730266571044922,-0.031000062823295593,0.997649073600769,-0.06852994114160538,2.0831455458392156e-06,0.06852994114160538,0.997649073600769,1.3113018439980806e-06,0.22237688302993774,0.11023769527673721,-0.03100014105439186,0.4232693314552307,-0.13169822096824646,-0.030999984592199326
33,-0.42699044942855835,0.4845230281352997,-0.10850770026445389,0.6466869115829468,0.378990113735199,1.5175269842147827,-0.30768436193466187,0.7321316599845886,-0.3971000015735626,-0.035052280873060226,-0.07587099075317383,0.02228941209614277,0.394506573677063,-0.01961948350071907,-0.5973901748657227,1.0154407024383545,-0.011686607263982296,0.4031291604042053,-0.023821908980607986,1.52586030960083,0.534910261631012,0.8864732384681702,-0.14903928339481354,0.7312029600143433,0.31241536140441895,0.0955808013677597,-0.2999330461025238,0.44778764247894287,-0.308342844247818,-0.24446094036102295,-0.37542635202407837,-0.030523549765348434,0.055924832820892334,0.4399576187133789,0.02000652253627777,-0.6992368698120117,-0.645018994808197,-0.3082507848739624,-0.6060704588890076,0.76353919506073,-0.22290465235710144,0.6849573850631714,-0.2306065559387207,0.12190167605876923,-0.1099395751953125,-0.899432897567749,-0.42300570011138916,0.29388004541397095,0.37714195251464844,-0.878292977809906,0.3228231370449066,-0.010730266571044922,-0.03100002557039261,0.997649073600769,-0.06852991878986359,1.5792202248121612e-06,0.06852991878986359,0.997649073600769,1.5374885151686613e-06,0.22237691283226013,0.11023768782615662,-0.03100002184510231,0.4232693612575531,-0.13169822096824646,-0.031000029295682907
34,-0.45307818055152893,0.48472335934638977,-0.11079126596450806,0.6504451632499695,0.3727870285511017,1.5200403928756714,-0.33102601766586304,0.7320512533187866,-0.39920249581336975,0.011307003907859325,-0.10609711706638336,0.0713483989238739,0.38442370295524597,0.020713407546281815,-0.910245418548584,0.8042231202125549,0.007757717277854681,0.41229137778282166,-0.043996524065732956,1.555193543434143,0.5074764490127563,0.8683003187179565,-0.17676351964473724,0.7312382459640503,0.2622855007648468,0.10834382474422455,-0.2904409170150757,0.4415298104286194,-0.3776572644710541,-0.26234835386276245,-0.38833773136138916,-0.03506406396627426,0.05829387903213501,0.43608665466308594,0.020005464553833008,-0.7039815187454224,-0.6294485330581665,-0.328944593667984,-0.5892500877380371,0.7762091755867004,-0.22424021363258362,0.6991969347000122,-0.23976802825927734,0.1297455132007599,-0.06506454944610596,-0.9208582043647766,-0.3844306170940399,0.32279250025749207,0.3451119661331177,-0.8813074827194214,0.3228231966495514,-0.010730266571044922,-0.03100006654858589,0.997649073600769,-0.06852987408638,1.569487380947976e-06,0.06852987408638,0.997649073600769,1.2094654948668904e-06,0.2223769724369049,0.11023768782615662,-0.031000100076198578,0.4232694208621979,-0.13169822096824646,-0.031000033020973206
35,-0.4785025119781494,0.48680344223976135,-0.1149659976363182,0.6563185453414917,0.36633652448654175,1.524034023284912,-0.3555566072463989,0.7321147322654724,-0.3901806175708771,0.021119553595781326,-0.13874457776546478,0.09924840927124023,0.39557090401649475,0.037191905081272125,-0.4165375828742981,0.8845900893211365,0.021310459822416306,0.42368122935295105,-0.062343914061784744,1.584794282913208,0.4789407253265381,0.8474167585372925,-0.20434686541557312,0.7312829494476318,0.1455414742231369,0.15256954729557037,-0.2814563810825348,0.440095454454422,-0.393067330121994,-0.3012159466743469,-0.3863997161388397,-0.03802594169974327,0.0606992244720459,0.43168210983276367,0.02000652253627777,-0.7083215713500977,-0.6131860017776489,-0.3496905267238617,-0.571945309638977,0.7888858318328857,-0.224806010723114,0.7142506241798401,-0.25208473205566406,0.13744068145751953,-0.02586662769317627,-0.9396402835845947,-0.3411845266819,0.35406315326690674,0.31056326627731323,-0.8821505904197693,0.32282310724258423,-0.010730266571044922,-0.031000062823295593,0.997649073600769,-0.06852991878986359,2.072141569442465e-06,0.06852991878986359,0.997649073600769,1.3151350231055403e-06,0.22237688302993774,0.11023768782615662,-0.031000137329101562,0.4232693314552307,-0.13169822096824646,-0.030999988317489624
36,-0.5020569562911987,0.4886719286441803,-0.12197844684123993,0.6624432802200317,0.35800281167030334,1.5285964012145996,-0.38099268078804016,0.7316849231719971,-0.38301366567611694,0.0380776971578598,-0.22155091166496277,0.12921729683876038,0.08685439825057983,0.0756562203168869,-1.1101725101470947,0.5841553211212158,0.03182993456721306,0.4387527406215668,-0.08118335902690887,1.6146533489227295,0.4497736990451813,0.8227375149726868,-0.2319285124540329,0.7313039898872375,0.11530124396085739,0.22138254344463348,-0.2823573052883148,0.4353330433368683,-0.4034094512462616,-0.353243887424469,-0.3860935568809509,-0.03876575082540512,0.062320828437805176,0.42646217346191406,0.020007625222206116,-0.7111101150512695,-0.5980316996574402,-0.36970314383506775,-0.5555663704872131,0.8002188205718994,-0.22582250833511353,0.7300748229026794,-0.26729440689086914,0.14414529502391815,0.0074729323387146,-0.9561982154846191,-0.29262468218803406,0.38671624660491943,0.27262771129608154,-0.8809794187545776,0.3228231370449066,-0.010730266571044922,-0.03100002557039261,0.997649073600769,-0.0685298964381218,1.578143837832613e-06,0.0685298964381218,0.997649073600769,1.529770202068903e-06,0.22237691283226013,0.11023768782615662,-0.03100002184510231,0.4232693612575531,-0.13169822096824646,-0.031000029295682907
37,-0.5228509306907654,0.4930000901222229,-0.13493075966835022,0.6686738133430481,0.345145583152771,1.5341215133666992,-0.40927624702453613,0.7315296530723572,-0.3410777151584625,0.058948639780282974,-0.2435692399740219,0.12653762102127075,0.03304438292980194,0.07789653539657593,-0.8367363214492798,0.6667213439941406,0.04372742772102356,0.4526086449623108,-0.08838227391242981,1.6418219804763794,0.4201453626155853,0.7996260523796082,-0.2572195827960968,0.7311244010925293,0.2935093939304352,0.1827717125415802,-0.04096943885087967,0.4042600691318512,-0.41010069847106934,-0.32537761330604553,-0.35436469316482544,0.0027107372879981995,0.06160938739776611,0.419924259185791,0.02000754326581955,-0.7126297950744629,-0.5844268202781677,-0.38807734847068787,-0.5416517853736877,0.8099154829978943,-0.22505608201026917,0.7436197400093079,-0.2726278305053711,0.15099254250526428,0.048519253730773926,-0.9679069519042969,-0.24658069014549255,0.41336649656295776,0.2441960573196411,-0.877209484577179,0.3228231966495514,-0.010730266571044922,-0.03100006654858589,0.997649073600769,-0.06852991133928299,1.5597040601278422e-06,0.06852991133928299,0.997649073600769,1.1935934480789001e-06,0.2223769724369049,0.11023768782615662,-0.031000100076198578,0.4232694208621979,-0.13169822096824646,-0.031000033020973206
38,-0.5405033230781555,0.4928077161312103,-0.14744141697883606,0.6719836592674255,0.3332964777946472,1.5377099514007568,-0.4378472566604614,0.7315701842308044,-0.2831295132637024,-0.016288354992866516,-0.21948795020580292,0.0789610892534256,0.05181285738945007,0.04184795171022415,-0.8954054117202759,0.7493879795074463,0.06324359774589539,0.46414804458618164,-0.08555003255605698,1.6668297052383423,0.3905312716960907,0.7781930565834045,-0.2803242802619934,0.7310425639152527,0.4189537763595581,0.1476794183254242,0.10805991291999817,0.37377676367759705,-0.4106209874153137,-0.3013705313205719,-0.3237878382205963,-0.0011015099007636309,0.060670316219329834,0.4139676094055176,0.020007111132144928,-0.7110193967819214,-0.573122501373291,-0.40740910172462463,-0.5288798809051514,0.8176972270011902,-0.2272823452949524,0.755096435546875,-0.26416969299316406,0.1588066816329956,0.10255450010299683,-0.9735832810401917,-0.20400533080101013,0.4352107048034668,0.2283315658569336,-0.8708939552307129,0.32282310724258423,-0.010730266571044922,-0.031000062823295593,0.997649073600769,-0.0685298964381218,2.079116711684037e-06,0.0685298964381218,0.997649073600769,1.316597945333342e-06,0.22237688302993774,0.11023768782615662,-0.031000137329101562,0.4232693314552307,-0.13169822096824646,-0.030999988317489624
39,-0.5545622706413269,0.49344930052757263,-0.1579984873533249,0.6752572059631348,0.3245754837989807,1.5409040451049805,-0.4634132981300354,0.7316842675209045,-0.21251535415649414,0.006221536081284285,-0.17989076673984528,0.09271740913391113,0.13391298055648804,0.04103493690490723,-0.725331723690033,0.6922449469566345,0.08646415174007416,0.4734486937522888,-0.07376918941736221,1.6837815046310425,0.36113256216049194,0.7610588669776917,-0.2971683740615845,0.7310013175010681,0.4886431396007538,0.1547081023454666,0.24147401750087738,0.22759751975536346,-0.4115400016307831,-0.23371967673301697,-0.23626798391342163,0.002946268767118454,0.06000328063964844,0.40927886962890625,0.020008064806461334,-0.7088569402694702,-0.5630549192428589,-0.42484238743782043,-0.5177619457244873,0.8243918418884277,-0.22869360446929932,0.7616863250732422,-0.2452688217163086,0.16337311267852783,0.160241961479187,-0.9725173115730286,-0.16891613602638245,0.446391761302948,0.22402644157409668,-0.8663409352302551,0.3228231370449066,-0.010730266571044922,-0.03100002557039261,0.997649073600769,-0.06852993369102478,1.5834506257306202e-06,0.06852993369102478,0.997649073600769,1.5211286381600075e-06,0.22237691283226013,0.11023769527673721,-0.03100002557039261,0.4232693612575531,-0.13169822096824646,-0.03100002557039261
40,-0.5662174820899963,0.4954114258289337,-0.1682300716638565,0.6779912710189819,0.3193737268447876,1.5437532663345337,-0.469287246465683,0.7315662503242493,-0.26663970947265625,0.06548510491847992,-0.14149771630764008,0.11120325326919556,0.2770910859107971,0.06301560997962952,-0.4460635781288147,0.5513213872909546,0.11482187360525131,0.47666653990745544,-0.06460494548082352,1.6839642524719238,0.3317784368991852,0.7495583295822144,-0.3053117096424103,0.7310141921043396,0.5128539800643921,0.06536894291639328,0.18048825860023499,-0.022777710109949112,-0.41356050968170166,-0.15169323980808258,-0.11436807364225388,-0.021090898662805557,0.05966675281524658,0.4058036804199219,0.020009845495224,-0.7165803909301758,-0.5529900193214417,-0.42510560154914856,-0.5060623288154602,0.8316121101379395,-0.22874054312705994,0.7608650326728821,-0.22372961044311523,0.1618931144475937,0.2109217643737793,-0.9674685001373291,-0.1397024244070053,0.4438537061214447,0.22212469577789307,-0.8681328296661377,0.3228231966495514,-0.010730266571044922,-0.03100006654858589,0.997649073600769,-0.0685298889875412,1.5563181250399793e-06,0.0685298889875412,0.997649073600769,1.1930325172215817e-06,0.2223769724369049,0.11023768782615662,-0.031000100076198578,0.4232694208621979,-0.13169822096824646,-0.031000033020973206
41,-0.5785509347915649,0.4972653388977051,-0.1753978729248047,0.6779248118400574,0.3220953941345215,1.5447719097137451,-0.4705168604850769,0.7318497896194458,-0.1830064058303833,0.02093905583024025,-0.1505548655986786,0.02018522098660469,0.34118980169296265,-0.00027964357286691666,-0.08475521206855774,1.1325924396514893,0.14375564455986023,0.47635480761528015,-0.05806129053235054,1.6714189052581787,0.30252087116241455,0.7461789846420288,-0.3114720284938812,0.7310044765472412,0.5159971117973328,0.04131127521395683,0.14152072370052338,-0.22060830891132355,-0.41352301836013794,-0.03369060158729553,-0.08692057430744171,0.0047774300910532475,0.0610162615776062,0.4048938751220703,0.02000793069601059,-0.7290955781936646,-0.5378177762031555,-0.42328694462776184,-0.489008367061615,0.8420613408088684,-0.22760391235351562,0.7533432245254517,-0.20344305038452148,0.15408673882484436,0.2577592134475708,-0.9594368934631348,-0.1141977459192276,0.4275129735469818,0.21924227476119995,-0.8770208358764648,0.32282310724258423,-0.010730266571044922,-0.031000062823295593,0.997649073600769,-0.06852987408638,2.078347733913688e-06,0.06852987408638,0.997649073600769,1.3081772749501397e-06,0.22237688302993774,0.11023768782615662,-0.03100014105439186,0.4232693314552307,-0.13169822096824646,-0.030999984592199326
42,-0.5914679169654846,0.49442487955093384,-0.17790159583091736,0.6754847764968872,0.32336944341659546,1.5437171459197998,-0.47384554147720337,0.7315455079078674,-0.20704036951065063,-0.047471169382333755,-0.06416232883930206,-0.003932729363441467,0.1682499647140503,-0.027006469666957855,-0.6340228319168091,0.9308048486709595,0.17150098085403442,0.4785827100276947,-0.04938295856118202,1.653564214706421,0.2736113965511322,0.7492178678512573,-0.3206213116645813,0.7309993505477905,0.5208054780960083,0.10685863345861435,0.18160191178321838,-0.3087124228477478,-0.4098779261112213,0.058489665389060974,-0.12857265770435333,-0.005942067131400108,0.06224316358566284,0.4042177200317383,0.020006656646728516,-0.736015796661377,-0.5263071060180664,-0.4257716238498688,-0.4748567044734955,0.8496405482292175,-0.22939488291740417,0.7409766316413879,-0.18285846710205078,0.14014366269111633,0.30795884132385254,-0.94693523645401,-0.09206006675958633,0.3989264965057373,0.21636831760406494,-0.8910906314849854,0.3228231370449066,-0.010730266571044922,-0.03100002557039261,0.997649073600769,-0.06852991133928299,1.557775817673246e-06,0.06852991133928299,0.997649073600769,1.5297160871341475e-06,0.22237691283226013,0.11023768782615662,-0.03100002184510231,0.4232693612575531,-0.13169822096824646,-0.031000029295682907
43,-0.5974748730659485,0.49076956510543823,-0.18115821480751038,0.672572135925293,0.32603922486305237,1.5425004959106445,-0.4768923819065094,0.730968713760376,-0.0637260302901268,-0.03838770464062691,-0.032236695289611816,0.05019509047269821,0.0513167642056942,0.0415780171751976,-0.8426793217658997,-0.28193649649620056,0.19792328774929047,0.47502589225769043,-0.03301875293254852,1.6270630359649658,0.2444804310798645,0.755336582660675,-0.3181159198284149,0.7309218049049377,0.5398730039596558,-0.040496088564395905,0.30847159028053284,-0.40184956789016724,-0.411161869764328,0.09828586876392365,0.0344565249979496,0.09249992668628693,0.06342631578445435,0.4041123390197754,0.020000427961349487,-0.7401747703552246,-0.5185074210166931,-0.42812561988830566,-0.46461594104766846,0.8546358346939087,-0.23179656267166138,0.7234528064727783,-0.15897035598754883,0.1254047453403473,0.3536207675933838,-0.9319114685058594,-0.08058071881532669,0.3637244701385498,0.21636080741882324,-0.9060311317443848,0.3228231966495514,-0.010730266571044922,-0.03100006654858589,0.997649073600769,-0.06852992624044418,1.5487786413359572e-06,0.06852992624044418,0.997649073600769,1.1889210327353794e-06,0.2223769724369049,0.11023769527673721,-0.031000100076198578,0.4232694208621979,-0.13169822096824646,-0.031000033020973206
44,-0.5997369289398193,0.4901632070541382,-0.1848425269126892,0.6714398264884949,0.3336941599845886,1.542482852935791,-0.4793248772621155,0.7304961681365967,-0.051220230758190155,0.001628479571081698,-0.029390282928943634,0.04645060747861862,-0.1208067536354065,0.0488719679415226,-0.2488880753517151,0.13682283461093903,0.22934353351593018,0.4550504982471466,-0.025184545665979385,1.5949434041976929,0.214863583445549,0.758162260055542,-0.30226418375968933,0.7310057878494263,0.5257747173309326,-0.3942551612854004,0.1489865630865097,-0.41270068287849426,-0.4115644693374634,0.03835303708910942,0.22155281901359558,-0.008506095968186855,0.06585782766342163,0.40502262115478516,0.019983068108558655,-0.7456463575363159,-0.5088945627212524,-0.43016043305397034,-0.45334166288375854,0.8605515956878662,-0.23223313689231873,0.7068531513214111,-0.13867902755737305,0.12055760622024536,0.3862096071243286,-0.9199230670928955,-0.06770343333482742,0.3431566059589386,0.21142077445983887,-0.9151747822761536,0.32282310724258423,-0.010730266571044922,-0.031000062823295593,0.997649073600769,-0.06852991133928299,2.0685868094005855e-06,0.06852991133928299,0.997649073600769,1.3054334431217285e-06,0.22237688302993774,0.11023768782615662,-0.031000137329101562,0.4232693314552307,-0.13169822096824646,-0.030999988317489624
45,-0.5987869501113892,0.47852540016174316,-0.18384568393230438,0.6646102070808411,0.33363229036331177,1.5381659269332886,-0.4683187007904053,0.7307244539260864,-0.008557766675949097,-0.17871049046516418,0.07528580725193024,-0.06803926080465317,-0.23312295973300934,-0.08370813727378845,-1.0181784629821777,0.6403253078460693,0.2575327754020691,0.42887312173843384,-0.017778409644961357,1.5674197673797607,0.1853756159543991,0.7549836039543152,-0.29305800795555115,0.7310228943824768,0.5041018128395081,-0.4244735836982727,0.15398001670837402,-0.36811041831970215,-0.41068339347839355,-0.044066864997148514,0.1283506602048874,-0.013631917536258698,0.06617152690887451,0.4052867889404297,0.01994490623474121,-0.7473398447036743,-0.5123865604400635,-0.42301663756370544,-0.4528999626636505,0.8586673140525818,-0.23994174599647522,0.6949518918991089,-0.12111568450927734,0.12406149506568909,0.4211626648902893,-0.9057066440582275,-0.0481400191783905,0.33963683247566223,0.2067047357559204,-0.9175618886947632,0.3228231370449066,-0.010730266571044922,-0.03100002557039261,0.997649073600769,-0.06852994859218597,1.5631579799446627e-06,0.06852994859218597,0.997649073600769,1.5056018582981778e-06,0.22237691283226013,0.11023769527673721,-0.03100002557039261,0.4232693612575531,-0.13169822096824646,-0.03100002557039261
46,-0.6022244691848755,0.4731365144252777,-0.17945286631584167,0.6617750525474548,0.3332706391811371,1.5358763933181763,-0.45251670479774475,0.7306488752365112,-0.0830240324139595,-0.060555074363946915,0.11550932377576828,0.018874801695346832,-0.266954630613327,-0.028010493144392967,-1.574816107749939,0.47712287306785583,0.2824110984802246,0.4040973484516144,0.0003716989594977349,1.5399527549743652,0.1560584008693695,0.7545245289802551,-0.28067290782928467,0.7309886813163757,0.5404742360115051,-0.3551197350025177,0.341378778219223,-0.40237632393836975,-0.40950146317481995,0.0026077490765601397,0.1725708395242691,-0.008385516703128815,0.06661462783813477,0.40553808212280273,0.019945435225963593,-0.7527503967285156,-0.5135974287986755,-0.41180646419525146,-0.45233872532844543,0.8580254912376404,-0.24327340722084045,0.6799260377883911,-0.09915924072265625,0.12611591815948486,0.45905208587646484,-0.887730598449707,-0.03472110629081726,0.3310060501098633,0.20717263221740723,-0.9206055402755737,0.3228231966495514,-0.010730266571044922,-0.03100006654858589,0.997649073600769,-0.06852990388870239,1.5524440186709398e-06,0.06852990388870239,0.997649073600769,1.177060994450585e-06,0.2223769724369049,0.11023768782615662,-0.031000100076198578,0.4232694208621979,-0.13169822096824646,-0.031000033020973206
47,-0.605033814907074,0.46755966544151306,-0.17447665333747864,0.6590457558631897,0.33273741602897644,1.5335601568222046,-0.43388187885284424,0.7306087017059326,-0.057116374373435974,-0.0723348930478096,0.10383538901805878,-0.0019401460886001587,-0.24017265439033508,-0.027634410187602043,-2.0974197387695312,0.21532930433750153,0.3115156292915344,0.37836983799934387,0.019489653408527374,1.5103329420089722,0.1266341209411621,0.7560356259346008,-0.2615627646446228,0.730994701385498,0.5739142298698425,-0.4077853858470917,0.3405626714229584,-0.41481533646583557,-0.4097093939781189,0.026669858023524284,0.2665433883666992,0.008753679692745209,0.0670209527015686,0.40581560134887695,0.0199422687292099,-0.7585897445678711,-0.5156616568565369,-0.39828968048095703,-0.45282211899757385,0.8567648530006409,-0.24679166078567505,0.6616276502609253,-0.0749197006225586,0.12725365161895752,0.4957559108734131,-0.8681323528289795,-0.023925993591547012,0.31943291425704956,0.20789551734924316,-0.9245226383209229,0.32282310724258423,-0.010730266571044922,-0.031000062823295593,0.997649073600769,-0.0685298889875412,2.0779211808985565e-06,0.0685298889875412,0.997649073600769,1.29731097331387e-06,0.22237688302993774,0.11023768782615662,-0.03100014105439186,0.4232693314552307,-0.13169822096824646,-0.030999984592199326
48,-0.6098796725273132,0.465852826833725,-0.1684417873620987,0.6585978865623474,0.3323218524456024,1.5324596166610718,-0.4169321060180664,0.7306784391403198,-0.08937744051218033,-0.009126967750489712,0.13437625765800476,0.03580523654818535,-0.29320332407951355,-0.03510861098766327,-1.5750395059585571,0.47824567556381226,0.341802716255188,0.3507164716720581,0.03757711499929428,1.4805985689163208,0.09712353348731995,0.7575286030769348,-0.2400192767381668,0.7309956550598145,0.5811838507652283,-0.4367370903491974,0.3196534216403961,-0.41514235734939575,-0.4109702408313751,0.02533174864947796,0.30081433057785034,-0.0022547170519828796,0.06750386953353882,0.4060802459716797,0.019942931830883026,-0.7647675275802612,-0.5159670114517212,-0.38588711619377136,-0.45285743474960327,0.8564826250076294,-0.2477048933506012,0.6426849961280823,-0.051690101623535156,0.12963885068893433,0.5302976369857788,-0.8477253913879395,-0.012090237811207771,0.31078124046325684,0.20763856172561646,-0.9275243282318115,0.3228231370449066,-0.010730266571044922,-0.03100002557039261,0.997649073600769,-0.06852992624044418,1.5750076727272244e-06,0.06852992624044418,0.997649073600769,1.5025379980215803e-06,0.22237691283226013,0.11023769527673721,-0.03100002557039261,0.4232693612575531,-0.13169822096824646,-0.03100002557039261
49,-0.6174101829528809,0.46401792764663696,-0.1618378758430481,0.6580415964126587,0.3320150077342987,1.5313552618026733,-0.3973950743675232,0.7306355834007263,-0.14816506206989288,-0.02341892383992672,0.1363537460565567,0.01833779737353325,-0.2697087824344635,0.0276043564081192,-1.2151670455932617,0.42287296056747437,0.3730594515800476,0.32288169860839844,0.05258483067154884,1.4513086080551147,0.06755851954221725,0.7551010847091675,-0.223725363612175,0.7310035228729248,0.5814846158027649,-0.43542155623435974,0.2680796980857849,-0.40816110372543335,-0.41197943687438965,-0.031108995899558067,0.22740715742111206,-0.005307044368237257,0.06821691989898682,0.4062790870666504,0.019988499581813812,-0.7730706930160522,-0.514254093170166,-0.3713549077510834,-0.4508811831474304,0.8572819828987122,-0.24854321777820587,0.624997615814209,-0.030516624450683594,0.13308073580265045,0.5663926601409912,-0.8241218328475952,0.004756600130349398,0.3081904947757721,0.20644956827163696,-0.928653359413147,0.3228231966495514,-0.010730266571044922,-0.03100006654858589,0.997649073600769,-0.0685298815369606,1.5426303434651345e-06,0.0685298815369606,0.997649073600769,1.1750752264561015e-06,0.2223769724369049,0.11023768782615662,-0.031000100076198578,0.4232694208621979,-0.13169822096824646,-0.031000033020973206
50,-0.629270076751709,0.46386849880218506,-0.15456075966358185,0.6580142378807068,0.3322306275367737,1.5303641557693481,-0.37820765376091003,0.7310009598731995,-0.21743054687976837,0.0037952158600091934,0.13724103569984436,0.003845047205686569,-0.14975884556770325,0.04177933558821678,-0.02024635672569275,0.5843422412872314,0.40520843863487244,0.2949908375740051,0.06283455342054367,1.4221465587615967,0.037950120866298676,0.7488309741020203,-0.2089305967092514,0.7310426831245422,0.5771145224571228,-0.4376041293144226,0.1919856071472168,-0.40469643473625183,-0.4122212529182434,-0.08586051315069199,0.20638658106327057,-0.0231630876660347,0.06926679611206055,0.40644216537475586,0.019990280270576477,-0.7834430932998657,-0.5087227821350098,-0.3569566309452057,-0.44548338651657104,0.8602012395858765,-0.2481900453567505,0.6090813279151917,-0.012204647064208984,0.13728216290473938,0.5994688272476196,-0.8000036478042603,0.025125354528427124,0.3115364611148834,0.20429879426956177,-0.9280123710632324,0.32282310724258423,-0.010730266571044922,-0.031000062823295593,0.997649073600769,-0.06852992624044418,2.0656925698858686e-06,0.06852992624044418,0.997649073600769,1.2690300081885653e-06,0.22237688302993774,0.11023769527673721,-0.03100014105439186,0.4232693314552307,-0.13169822096824646,-0.030999984592199326
51,-0.6446865200996399,0.4624738395214081,-0.14573784172534943,0.657680332660675,0.33032676577568054,1.5289931297302246,-0.36013564467430115,0.7310003638267517,-0.23756612837314606,-0.021149523556232452,0.11078714579343796,-0.004324788227677345,0.022933784872293472,-0.025703810155391693,0.06318604946136475,-0.0004948684945702553,0.43965065479278564,0.26826196908950806,0.06276000291109085,1.394105076789856,0.008371615782380104,0.7329843044281006,-0.20283101499080658,0.7311203479766846,0.5567629933357239,-0.4205275774002075,0.025015773251652718,-0.38149410486221313,-0.4117487668991089,-0.22322607040405273,0.08481637388467789,-0.034272242337465286,0.07007050514221191,0.40608644485473633,0.02000255137681961,-0.7928210496902466,-0.5030971169471741,-0.34398889541625977,-0.4397156238555908,0.8630078434944153,-0.2487320601940155,0.5982896089553833,0.002070903778076172,0.1431480050086975,0.630993664264679,-0.7739419341087341,0.0534881129860878,0.3262999951839447,0.2022155523300171,-0.9233835935592651,0.3228231370449066,-0.010730266571044922,-0.03100002557039261,0.997649073600769,-0.06852990388870239,1.5606069609930273e-06,0.06852990388870239,0.997649073600769,1.4918108490746818e-06,0.22237691283226013,0.11023768782615662,-0.03100002557039261,0.4232693612575531,-0.13169822096824646,-0.03100002557039261
52,-0.6617681980133057,0.4682829678058624,-0.13880719244480133,0.6616188883781433,0.32813137769699097,1.530310869216919,-0.3598117530345917,0.7310806512832642,-0.26672491431236267,0.09229031950235367,0.10224983841180801,0.07107163220643997,-0.017431411892175674,-0.007583064958453178,0.05424027144908905,0.42919954657554626,0.47153422236442566,0.2414570301771164,0.05842604115605354,1.3665411472320557,-0.021296292543411255,0.7140535116195679,-0.19693832099437714,0.7311318516731262,0.5237523317337036,-0.42397066950798035,-0.03417380526661873,-0.3751679062843323,-0.4123759865760803,-0.26590481400489807,0.0817384421825409,-0.028916869312524796,0.07071620225906372,0.405271053314209,0.020006492733955383,-0.7975102663040161,-0.4948884844779968,-0.34505516290664673,-0.4326015114784241,0.8677447438240051,-0.24469363689422607,0.5903938412666321,0.012738704681396484,0.15002188086509705,0.6558828353881836,-0.7502405643463135,0.08340839296579361,0.34603312611579895,0.20061755180358887,-0.9165226221084595,0.3228231966495514,-0.010730266571044922,-0.03100006654858589,0.997649073600769,-0.06852991878986359,1.553462084302737e-06,0.06852991878986359,0.997649073600769,1.1489183862067875e-06,0.2223769724369049,0.11023768782615662,-0.031000103801488876,0.4232694208621979,-0.13169822096824646,-0.031000029295682907
53,-0.6808092594146729,0.4819655120372772,-0.13529255986213684,0.6691532731056213,0.3252964913845062,1.534199595451355,-0.36342769861221313,0.7310190796852112,-0.30643531680107117,0.20521284639835358,0.03936180844902992,0.13469764590263367,-0.09109917283058167,0.038812968879938126,0.002455940470099449,0.44626957178115845,0.5043279528617859,0.21478097140789032,0.046131595969200134,1.339503288269043,-0.050787873566150665,0.6935448050498962,-0.18779392540454865,0.731173574924469,0.4961349368095398,-0.41974005103111267,-0.16082985699176788,-0.36799147725105286,-0.4083881378173828,-0.2878274619579315,0.12692345678806305,-0.23532836139202118,0.07075643539428711,0.4040403366088867,0.02000771462917328,-0.8044873476028442,-0.482265442609787,-0.3467278480529785,-0.4231703579425812,0.874994695186615,-0.23518311977386475,0.5851402282714844,0.019723892211914062,0.1575092226266861,0.6720414161682129,-0.7317925691604614,0.11331348121166229,0.36919543147087097,0.19846582412719727,-0.9079130291938782,0.32282310724258423,-0.010730266571044922,-0.031000062823295593,0.997649073600769,-0.06852990388870239,2.06462368623761e-06,0.06852990388870239,0.997649073600769,1.2687967227975605e-06,0.22237688302993774,0.11023768782615662,-0.03100014105439186,0.4232693314552307,-0.13169822096824646,-0.030999984592199326
54,-0.6998324394226074,0.4974791705608368,-0.1363198161125183,0.6787620186805725,0.3194600045681,1.539885401725769,-0.36958402395248413,0.731001079082489,-0.3120151162147522,0.22313377261161804,-0.027424611151218414,0.15721729397773743,-0.13212057948112488,0.06253564357757568,-0.03846772760152817,0.5132049918174744,0.5355013012886047,0.18728996813297272,0.02882198989391327,1.3119819164276123,-0.08023054152727127,0.672633945941925,-0.17019106447696686,0.731185257434845,0.46190503239631653,-0.43610215187072754,-0.2350083440542221,-0.37335315346717834,-0.4074772596359253,-0.2936371862888336,0.2451920211315155,-0.2438633292913437,0.06991535425186157,0.40149688720703125,0.02000734955072403,-0.8115822076797485,-0.469018816947937,-0.3483615219593048,-0.4133215546607971,0.8823423981666565,-0.2250271439552307,0.5819082856178284,0.023084640502929688,0.1654883623123169,0.677154541015625,-0.7224676609039307,0.13965052366256714,0.3941042721271515,0.19581276178359985,-0.8979639410972595,0.3228231370449066,-0.010730266571044922,-0.03100002557039261,0.997649073600769,-0.06852994859218597,1.5518091913691023e-06,0.06852994859218597,0.997649073600769,1.4739619018655503e-06,0.22237691283226013,0.11023769527673721,-0.03100002557039261,0.4232693612575531,-0.13169822096824646,-0.03100002557039261
55,-0.720289409160614,0.5129273533821106,-0.13612636923789978,0.6887511014938354,0.3121258318424225,1.5456140041351318,-0.37560343742370605,0.7309888601303101,-0.3193984031677246,0.2214929610490799,-0.0018977122381329536,0.16219563782215118,-0.15239423513412476,0.06590203940868378,-0.026036689057946205,0.5336979031562805,0.5648750066757202,0.15925341844558716,0.008864624425768852,1.2842732667922974,-0.10947045683860779,0.6512316465377808,-0.14905358850955963,0.7311679124832153,0.4307362735271454,-0.44264915585517883,-0.2740604877471924,-0.3762648105621338,-0.40466174483299255,-0.300709992647171,0.29451462626457214,-0.21266613900661469,0.0687340497970581,0.3987159729003906,0.020006559789180756,-0.817887544631958,-0.45647773146629333,-0.35026878118515015,-0.40417245030403137,0.8890771865844727,-0.21491023898124695,0.5800082683563232,0.024263381958007812,0.17395538091659546,0.6764408946037292,-0.7181799411773682,0.1632336676120758,0.419808954000473,0.19388294219970703,-0.8866621851921082,0.3228231966495514,-0.010730266571044922,-0.03100006654858589,0.997649073600769,-0.06852991878986359,1.6693086308805505e-06,0.06852991878986359,0.997649073600769,1.495321157563012e-06,0.2223769724369049,0.11023768782615662,-0.031000077724456787,0.4232694208621979,-0.13169822096824646,-0.031000055372714996
56,-0.7415168285369873,0.5294073224067688,-0.12822115421295166,0.6991456151008606,0.30882352590560913,1.5505996942520142,-0.37306955456733704,0.7321391701698303,-0.28025346994400024,0.23831288516521454,0.15173394978046417,0.14928101003170013,0.21232309937477112,0.03818279504776001,1.4190185070037842,1.6621772050857544,0.5931264162063599,0.13096898794174194,-0.013706758618354797,1.2562750577926636,-0.1382271647453308,0.6283526420593262,-0.12580962479114532,0.7311295866966248,0.39888009428977966,-0.44595441222190857,-0.31532391905784607,-0.3801853358745575,-0.3982059955596924,-0.32174497842788696,0.3239903151988983,-0.15671201050281525,0.06906193494796753,0.3976325988769531,0.020015470683574677,-0.8255153894424438,-0.44411003589630127,-0.348268061876297,-0.39593541622161865,0.8954693675041199,-0.20339557528495789,0.5792848467826843,0.023899555206298828,0.18283972144126892,0.6715140342712402,-0.7177741527557373,0.18403583765029907,0.4461435377597809,0.1933422088623047,-0.8738276362419128,0.32282310724258423,-0.010730266571044922,-0.031000062823295593,0.997649073600769,-0.06852991133928299,2.0546924588416005e-06,0.06852991133928299,0.997649073600769,1.2693096778093604e-06,0.22237688302993774,0.11023768782615662,-0.03100014105439186,0.4232693314552307,-0.13169822096824646,-0.030999984592199326
57,-0.7606567144393921,0.544682502746582,-0.12008771300315857,0.7087119221687317,0.3068828582763672,1.555053949356079,-0.36823680996894836,0.7324210405349731,-0.2842150628566742,0.22096316516399384,0.0803782194852829,0.1454107165336609,0.3228454291820526,0.016732480376958847,1.4750252962112427,2.0900747776031494,0.6194325685501099,0.10428329557180405,-0.03917038068175316,1.2314528226852417,-0.16507591307163239,0.6018433570861816,-0.10725217312574387,0.7311566472053528,0.3410414159297943,-0.4282242953777313,-0.3630823791027069,-0.32478147745132446,-0.37050506472587585,-0.3754687011241913,0.2583014667034149,-0.19341810047626495,0.06974613666534424,0.3969893455505371,0.020009845495224,-0.8331304788589478,-0.43241068720817566,-0.3448401093482971,-0.3880699574947357,0.9012835025787354,-0.19258707761764526,0.5812839865684509,0.02260112762451172,0.19341474771499634,0.6650962829589844,-0.7183206677436829,0.20411396026611328,0.47510865330696106,0.19616228342056274,-0.8577833771705627,0.3228231370449066,-0.010730266571044922,-0.03100002557039261,0.997649073600769,-0.06852995604276657,1.5536967339357943e-06,0.06852995604276657,0.997649073600769,1.470111442358757e-06,0.22237691283226013,0.11023769527673721,-0.03100002557039261,0.4232693612575531,-0.13169822096824646,-0.03100002557039261
58,-0.7807634472846985,0.561744213104248,-0.11105941236019135,0.7194833755493164,0.3046969473361969,1.5601152181625366,-0.3626088500022888,0.7324936985969543,-0.2845090329647064,0.24766981601715088,0.0880909264087677,0.16941504180431366,0.3333640396595001,0.033531591296195984,1.6577003002166748,2.1095550060272217,0.6423296928405762,0.0772567093372345,-0.0658411905169487,1.2073805332183838,-0.18974240124225616,0.5753577351570129,-0.08846408128738403,0.7311357259750366,0.2794691026210785,-0.4326494038105011,-0.38276436924934387,-0.3198365569114685,-0.340747207403183,-0.3736162781715393,0.26163816452026367,-0.16280841827392578,0.07047688961029053,0.3963613510131836,0.02000938355922699,-0.8409258127212524,-0.420203298330307,-0.3409882187843323,-0.38013771176338196,0.9071606993675232,-0.1804293692111969,0.5844132304191589,0.019346237182617188,0.20465034246444702,0.6547682285308838,-0.7230517268180847,0.22016967833042145,0.5034487247467041,0.19994968175888062,-0.8405709862709045,0.3228231966495514,-0.010730266571044922,-0.03100006654858589,0.997649073600769,-0.06852992624044418,1.6710936279196176e-06,0.06852992624044418,0.997649073600769,1.4914904795659822e-06,0.2223769724369049,0.11023769527673721,-0.031000077724456787,0.4232694208621979,-0.13169822096824646,-0.031000055372714996
59,-0.7996046543121338,0.5731167793273926,-0.10452473908662796,0.7323715090751648,0.30319273471832275,1.5812709331512451,-0.2569980025291443,0.7307093143463135,-0.054057467728853226,-0.1688099056482315,-0.22581428289413452,0.021191757172346115,-0.31111449003219604,-0.1520260125398636,0.46929481625556946,0.3257415294647217,0.6622008085250854,0.050006527453660965,-0.0931735634803772,1.183719277381897,-0.2116285115480423,0.5491164326667786,-0.06851744651794434,0.7311177253723145,0.22446349263191223,-0.436694860458374,-0.3942565619945526,-0.31382355093955994,-0.30251964926719666,-0.37041234970092773,0.2781735956668854,-0.13783571124076843,0.07207763195037842,0.3958554267883301,0.02515748143196106,-0.8827979564666748,-0.4007330536842346,-0.2451140582561493,-0.37083691358566284,0.9148098230361938,-0.16000913083553314,0.58812016248703,0.01451253890991211,0.21611711382865906,0.6407822370529175,-0.7321564555168152,0.2309655100107193,0.5303135514259338,0.20458650588989258,-0.8227466940879822,0.32282310724258423,-0.010730266571044922,-0.031000062823295593,0.997649073600769,-0.06852991878986359,2.06331037588825e-06,0.06852991878986359,0.997649073600769,1.262048840544594e-06,0.22237688302993774,0.11023768782615662,-0.03100014477968216,0.4232693314552307,-0.13169822096824646,-0.030999980866909027
60,-0.8238570690155029,0.585449755191803,-0.10884063690900803,0.751610517501831,0.28741875290870667,1.5786473751068115,-0.18867453932762146,0.7315754890441895,-0.424516886472702,0.2539227306842804,0.018454119563102722,0.16485054790973663,0.137566477060318,0.09175548702478409,0.392938494682312,1.1938295364379883,0.6827573776245117,0.02079045958817005,-0.1195341944694519,1.1560730934143066,-0.23857037723064423,0.5286006331443787,-0.0451446995139122,0.7310819625854492,0.29378360509872437,-0.44916146993637085,-0.36767667531967163,-0.39047446846961975,-0.3763578236103058,-0.28567031025886536,0.3264138102531433,-0.08937136828899384,0.07121515274047852,0.38611841201782227,0.020003430545330048,-0.9047971963882446,-0.388222873210907,-0.17499978840351105,-0.36057373881340027,0.917073130607605,-0.1701866239309311,0.5890311002731323,0.008527755737304688,0.22491997480392456,0.6281871795654297,-0.7397432923316956,0.24116550385951996,0.5519697666168213,0.2052440047264099,-0.808210551738739,0.3228231370449066,-0.010730266571044922,-0.03100002557039261,0.997649073600769,-0.06852997094392776,1.550916181258799e-06,0.06852997094392776,0.997649073600769,1.4729513395650429e-06,0.22237691283226013,0.11023769527673721,-0.03100002557039261,0.4232693612575531,-0.13169822096824646,-0.03100002557039261
61,-0.848041832447052,0.607138454914093,-0.10410234332084656,0.7650334239006042,0.2855978310108185,1.586197018623352,-0.15670254826545715,0.7313134074211121,-0.36580637097358704,0.341994971036911,0.03713630884885788,0.18005605041980743,0.10193965584039688,0.12289667874574661,0.35664939880371094,0.885070264339447,0.701209545135498,-0.007235961966216564,-0.14581355452537537,1.1293748617172241,-0.25963109731674194,0.5090219974517822,-0.02365007996559143,0.7311055660247803,0.16912741959095,-0.44049957394599915,-0.38625723123550415,-0.36381015181541443,-0.2924555540084839,-0.2753782570362091,0.30034929513931274,-0.12772858142852783,0.07182371616363525,0.3848385810852051,0.01999981701374054,-0.9193238019943237,-0.3668419122695923,-0.1423754245042801,-0.34543144702911377,0.9256364107131958,-0.1545131653547287,0.5898152589797974,0.002109527587890625,0.23281767964363098,0.6145845651626587,-0.7498168349266052,0.24507232010364532,0.5702431797981262,0.20762097835540771,-0.7948058247566223,0.3228231966495514,-0.010730266571044922,-0.03100006654858589,0.997649073600769,-0.06852987408638,1.5481335822187248e-06,0.06852987408638,0.997649073600769,1.1553552212717477e-06,0.2223769724369049,0.11023768782615662,-0.031000103801488876,0.4232694208621979,-0.13169822096824646,-0.031000029295682907
62,-0.8723576664924622,0.6257858276367188,-0.09742560982704163,0.7771095037460327,0.28247788548469543,1.592658519744873,-0.1283329278230667,0.7314052581787109,-0.3714434504508972,0.2822089195251465,0.078657366335392,0.15348805487155914,0.06591299176216125,0.0978328064084053,0.3190740942955017,1.0080353021621704,0.714798092842102,-0.03529609367251396,-0.17293278872966766,1.1037765741348267,-0.2774772346019745,0.4907377064228058,-0.0026841387152671814,0.7311015129089355,0.09480880200862885,-0.44258156418800354,-0.39955252408981323,-0.3487851023674011,-0.2477508783340454,-0.2570432126522064,0.2930889129638672,-0.11928626894950867,0.072299063205719,0.38350391387939453,0.019996240735054016,-0.9302605390548706,-0.34852486848831177,-0.11465578526258469,-0.33205562829971313,0.9326698184013367,-0.14094707369804382,0.5919236540794373,-0.007263660430908203,0.2406521737575531,0.596646785736084,-0.7643739581108093,0.24442806839942932,0.5875741243362427,0.20863860845565796,-0.7818098068237305,0.32282310724258423,-0.010730266571044922,-0.031000062823295593,0.997649073600769,-0.06852992624044418,2.054091055470053e-06,0.06852992624044418,0.997649073600769,1.262928094547533e-06,0.22237688302993774,0.11023769527673721,-0.03100014105439186,0.4232693314552307,-0.13169822096824646,-0.030999984592199326
63,-0.8971236944198608,0.6433653831481934,-0.08917133510112762,0.7890035510063171,0.27840596437454224,1.598769187927246,-0.10083962231874466,0.7313726544380188,-0.38122010231018066,0.2708177864551544,0.09920109808444977,0.1505383998155594,0.039460618048906326,0.08966583758592606,0.3204698860645294,0.9219471216201782,0.7241352200508118,-0.06278855353593826,-0.20036914944648743,1.0801986455917358,-0.2928779423236847,0.4736694395542145,0.016548531129956245,0.7311068773269653,0.015411850064992905,-0.43462643027305603,-0.4091661870479584,-0.3186228573322296,-0.21337226033210754,-0.2402084767818451,0.2689325213432312,-0.12475557625293732,0.07271993160247803,0.3821134567260742,0.01998487114906311,-0.9390588998794556,-0.3320683240890503,-0.08887705206871033,-0.31983697414398193,0.9387670159339905,-0.12814360857009888,0.5952158570289612,-0.018917083740234375,0.2486148178577423,0.5757233500480652,-0.7813849449157715,0.24079085886478424,0.604407012462616,0.20836925506591797,-0.7689437866210938,0.3228231370449066,-0.010730266571044922,-0.03100002557039261,0.997649073600769,-0.06852997839450836,1.5427190191985574e-06,0.06852997839450836,0.997649073600769,1.4735699096490862e-06,0.22237691283226013,0.11023769527673721,-0.03100002557039261,0.4232693612575531,-0.13169822096824646,-0.03100002557039261
64,-0.9223942160606384,0.6604135632514954,-0.08019300550222397,0.8005826473236084,0.27397143840789795,1.6045963764190674,-0.07341815531253815,0.7320975065231323,-0.4242919385433197,0.24502922594547272,0.21033860743045807,0.16541042923927307,0.09499529749155045,0.05938442796468735,-0.037497878074645996,2.130552053451538,0.7316004037857056,-0.08974680304527283,-0.2281610518693924,1.0573900938034058,-0.30731430649757385,0.45758724212646484,0.03444718196988106,0.731091320514679,0.009909060783684254,-0.4205300509929657,-0.41150784492492676,-0.3133333623409271,-0.20054733753204346,-0.22541126608848572,0.25036299228668213,-0.10240239650011063,0.07312941551208496,0.38076162338256836,0.019969679415225983,-0.9465633630752563,-0.3161543011665344,-0.06375367194414139,-0.3076600432395935,0.9444459676742554,-0.11561645567417145,0.5986752510070801,-0.03177976608276367,0.256014347076416,0.5538108348846436,-0.7987280488014221,0.23521719872951508,0.6200810074806213,0.20709991455078125,-0.7567094564437866,0.3228231966495514,-0.010730266571044922,-0.03100006654858589,0.997649073600769,-0.0685298889875412,1.678161311247095e-06,0.0685298889875412,0.997649073600769,1.5028687130325125e-06,0.2223769724369049,0.11023768782615662,-0.031000077724456787,0.4232694208621979,-0.13169822096824646,-0.031000055372714996
65,-0.9472261071205139,0.6805750131607056,-0.06616108864545822,0.8157603144645691,0.2693578898906708,1.611722707748413,-0.03871733695268631,0.7322714328765869,-0.34613025188446045,0.3037966191768646,0.16623608767986298,0.2159661501646042,0.25249239802360535,0.0629279613494873,-0.1202322244644165,1.5393760204315186,0.7356775403022766,-0.11684693396091461,-0.2556137442588806,1.0333917140960693,-0.31131207942962646,0.4410577416419983,0.05601707845926285,0.7310866713523865,-0.08140668272972107,-0.42194461822509766,-0.42003941535949707,-0.33454805612564087,-0.05379290506243706,-0.23019853234291077,0.30194011330604553,-0.10001682490110397,0.07424688339233398,0.37961816787719727,0.019873835146427155,-0.9519971609115601,-0.30415287613868713,-0.03453556448221207,-0.29943421483039856,0.9487268924713135,-0.10127387195825577,0.6016958951950073,-0.0456395149230957,0.26219671964645386,0.525383710861206,-0.822981059551239,0.21604211628437042,0.6324639320373535,0.207879900932312,-0.7461737394332886,0.32282310724258423,-0.010730266571044922,-0.031000062823295593,0.997649073600769,-0.06852994114160538,2.0710174339910736e-06,0.06852994114160538,0.997649073600769,1.2569047385113663e-06,0.22237688302993774,0.11023769527673721,-0.03100014477968216,0.4232693314552307,-0.13169822096824646,-0.030999980866909027
66,-0.9714046120643616,0.6986477971076965,-0.052279844880104065,0.8296846151351929,0.26432493329048157,1.617982029914856,-0.005986605305224657,0.7321634888648987,-0.3471167981624603,0.12219706177711487,0.16692736744880676,0.12455231696367264,0.10879682749509811,-0.004146713763475418,0.010930299758911133,1.7693994045257568,0.7390161752700806,-0.1429741382598877,-0.28374171257019043,1.0109091997146606,-0.31631481647491455,0.42463186383247375,0.07523499429225922,0.7310650944709778,-0.047484152019023895,-0.4087708294391632,-0.4207647740840912,-0.3073369562625885,-0.06837417930364609,-0.23056522011756897,0.26910218596458435,-0.0687209814786911,0.07528865337371826,0.37842893600463867,0.019727207720279694,-0.9559277296066284,-0.2934982180595398,-0.007820790633559227,-0.2916907072067261,0.9524011611938477,-0.08859207481145859,0.6050546169281006,-0.060155391693115234,0.268290638923645,0.49711811542510986,-0.844931960105896,0.19739225506782532,0.6450982689857483,0.20776259899139404,-0.7353113889694214,0.322829008102417,-0.010755538940429688,-0.030994102358818054,0.997651994228363,-0.06848712265491486,-2.9895078114350326e-05,0.06848712265491486,0.997651994228363,0.00020589226915035397,0.22237759828567505,0.11020810902118683,-0.030967429280281067,0.42328041791915894,-0.1317191869020462,-0.03102077543735504
67,-0.9959803223609924,0.7156096696853638,-0.04355757310986519,0.8457033634185791,0.2600021958351135,1.6260631084442139,0.031531937420368195,0.7318179607391357,-0.3938923478126526,0.25285807251930237,0.07117465138435364,0.22726520895957947,0.12323850393295288,0.06925061345100403,0.45565930008888245,1.5575287342071533,0.7435793280601501,-0.16725210845470428,-0.3112795650959015,0.992455005645752,-0.32677456736564636,0.40833523869514465,0.09380640834569931,0.7310653328895569,-0.016591565683484077,-0.38490888476371765,-0.4099808931350708,-0.2425471991300583,-0.14434728026390076,-0.23070189356803894,0.2600632905960083,-0.0684572234749794,0.07670873403549194,0.3757185935974121,0.019442327320575714,-0.9602627754211426,-0.2779234051704407,0.02557450905442238,-0.2790840268135071,0.9570805430412292,-0.07815990597009659,0.6087605953216553,-0.07344818115234375,0.27551209926605225,0.47169893980026245,-0.8625815510749817,0.18290184438228607,0.6595179438591003,0.2074568271636963,-0.7224941253662109,0.3231356739997864,-0.010870933532714844,-0.03100002557039261,0.9977266788482666,-0.06739038974046707,1.5034420357551426e-06,0.06739038974046707,0.9977266788482666,1.3683618362847483e-06,0.2225513458251953,0.1099822148680687,-0.031000033020973206,0.42372000217437744,-0.13172408938407898,-0.03100001811981201
68,-1.0211372375488281,0.7293615341186523,-0.0405629500746727,0.8609640598297119,0.2537422776222229,1.635214924812317,0.06194562092423439,0.731211245059967,-0.4155671298503876,0.18730571866035461,-0.03497355803847313,0.21508286893367767,-0.04521854966878891,0.13435833156108856,-0.0018628835678100586,0.8205529451370239,0.7506638765335083,-0.18794992566108704,-0.33823162317276,0.9815277457237244,-0.34201571345329285,0.3902412950992584,0.10939887911081314,0.73105788230896,0.0471576564013958,-0.338500052690506,-0.3927551209926605,-0.12108954787254333,-0.21024730801582336,-0.2600463628768921,0.2183103859424591,-0.058200571686029434,0.07701975107192993,0.37164974212646484,0.01936175674200058,-0.9640107154846191,-0.26013675332069397,0.054884519428014755,-0.26360610127449036,0.9620813727378845,-0.0700807124376297,0.613757312297821,-0.08409786224365234,0.28572359681129456,0.45136165618896484,-0.875141978263855,0.17435383796691895,0.6775990724563599,0.2089989185333252,-0.7051092386245728,0.32313573360443115,-0.010870933532714844,-0.03100006654858589,0.9977266788482666,-0.06739051640033722,1.6795311239548028e-06,0.06739051640033722,0.9977266788482666,1.4135604260445689e-06,0.22255143523216248,0.10998222976922989,-0.031000088900327682,0.42372003197669983,-0.13172408938407898,-0.0310000441968441
69,-1.0472997426986694,0.7372713088989258,-0.040313851088285446,0.875054121017456,0.24332429468631744,1.6450082063674927,0.07272221893072128,0.7314625978469849,-0.4121556282043457,0.10294681042432785,-0.044919490814208984,0.201852947473526,0.01563885807991028,0.10879666358232498,-0.7822350263595581,0.751205325126648,0.7590563297271729,-0.20633134245872498,-0.3626168370246887,0.9751742482185364,-0.3586611747741699,0.37740570306777954,0.11840841919183731,0.7310853004455566,0.07176191359758377,-0.292354941368103,-0.3565906286239624,-0.070642851293087,-0.23039759695529938,-0.18285484611988068,0.12574023008346558,-0.08745581656694412,0.07585561275482178,0.3659939765930176,0.01962508261203766,-0.967353105545044,-0.2447885274887085,0.06562621146440506,-0.24900585412979126,0.9662250280380249,-0.06637222319841385,0.6179649829864502,-0.09310626983642578,0.2957985997200012,0.43780940771102905,-0.8824353814125061,0.17213568091392517,0.6936225891113281,0.209702730178833,-0.6891388893127441,0.32313573360443115,-0.010870933532714844,-0.03100006654858589,0.9977266788482666,-0.06739050894975662,1.6269362959064892e-06,0.06739050894975662,0.9977266788482666,1.3238494602774153e-06,0.22255143523216248,0.10998222976922989,-0.03100009262561798,0.42372003197669983,-0.13172408938407898,-0.031000040471553802
70,-1.0719176530838013,0.741400420665741,-0.04056814685463905,0.889556348323822,0.23184698820114136,1.6555101871490479,0.06539764255285263,0.7309345006942749,-0.285164475440979,-0.058559782803058624,-0.02958500385284424,0.23237913846969604,-0.08578558266162872,0.15848398208618164,-0.5263820886611938,0.5753243565559387,0.7664961218833923,-0.22363553941249847,-0.3857242166996002,0.9680821895599365,-0.37414267659187317,0.3701632022857666,0.12559063732624054,0.7311037182807922,0.030921464785933495,-0.2665696442127228,-0.35192883014678955,-0.09730713814496994,-0.2154085636138916,-0.09994767606258392,0.10052408277988434,-0.007862947881221771,0.0744437575340271,0.35944128036499023,0.020053133368492126,-0.9707983732223511,-0.23281259834766388,0.057870835065841675,-0.23641811311244965,0.9693998098373413,-0.06610959768295288,0.6208078265190125,-0.10291385650634766,0.3027845025062561,0.42526495456695557,-0.8889052271842957,0.17028594017028809,0.7049573659896851,0.20732659101486206,-0.6782705187797546,0.323135644197464,-0.010870933532714844,-0.031000062823295593,0.9977266788482666,-0.06739003956317902,1.9796718788711587e-06,0.06739003956317902,0.9977266788482666,1.4149120488582412e-06,0.22255128622055054,0.10998217761516571,-0.03100011497735977,0.42372000217437744,-0.1317240446805954,-0.031000010669231415
71,-1.0923535823822021,0.7473219037055969,-0.033572014421224594,0.8998662829399109,0.22713208198547363,1.6649832725524902,0.0469835065305233,0.7314198017120361,-0.2704205811023712,0.10652060061693192,0.06864633411169052,0.10902886092662811,0.08519065380096436,0.12568898499011993,0.02941390872001648,0.4283159673213959,0.7713871598243713,-0.2374766319990158,-0.40764105319976807,0.9655828475952148,-0.3904687166213989,0.36407551169395447,0.13284417986869812,0.7311144471168518,0.004822796210646629,-0.2293870449066162,-0.33023911714553833,-0.010082647204399109,-0.2255692183971405,-0.08903936296701431,0.1016123965382576,-0.006163567770272493,0.07514047622680664,0.35668325424194336,0.021469295024871826,-0.9738564491271973,-0.22447702288627625,0.03484024852514267,-0.22624260187149048,0.9722329378128052,-0.05981167033314705,0.6248587965965271,-0.11356353759765625,0.31021201610565186,0.4110204577445984,-0.8956004977226257,0.1701822280883789,0.7170165777206421,0.2023090124130249,-0.6670519709587097,0.3231356143951416,-0.010870933532714844,-0.031000062823295593,0.9977266788482666,-0.067390576004982,1.9259525743109407e-06,0.067390576004982,0.9977266788482666,9.941231837728992e-07,0.22255131602287292,0.10998223721981049,-0.031000159680843353,0.4237199127674103,-0.13172410428524017,-0.030999965965747833
72,-1.1116095781326294,0.7537837028503418,-0.026143277063965797,0.9081952571868896,0.2229689657688141,1.6736555099487305,0.028117535635828972,0.7313913702964783,-0.28109267354011536,0.08454181998968124,0.06657735258340836,0.08147941529750824,0.08331110328435898,0.10780663788318634,0.008266717195510864,0.4381990134716034,0.7744515538215637,-0.24775652587413788,-0.4294455945491791,0.9710246920585632,-0.4071865975856781,0.3538648188114166,0.13973550498485565,0.7311446070671082,-0.03002379834651947,-0.19222794473171234,-0.33094581961631775,0.12211603671312332,-0.2288559228181839,-0.15129169821739197,0.09654442220926285,-0.009077394381165504,0.07561600208282471,0.3548851013183594,0.02306157350540161,-0.9761878252029419,-0.21662376821041107,0.011476218700408936,-0.21692754328250885,0.9748105406761169,-0.05183453857898712,0.6316658854484558,-0.12439155578613281,0.3219481110572815,0.39443886280059814,-0.9027795791625977,0.1714847981929779,0.7343801856040955,0.19751441478729248,-0.649364173412323,0.3231356739997864,-0.010870933532714844,-0.03100002557039261,0.9977266788482666,-0.06739027053117752,1.5616225255143945e-06,0.06739027053117752,0.9977266788482666,1.476921966059308e-06,0.2225513458251953,0.1099822074174881,-0.03100002557039261,0.42372000217437744,-0.13172407448291779,-0.03100002557039261
73,-1.1299664974212646,0.7604626417160034,-0.01831233873963356,0.9171416163444519,0.21882303059101105,1.6825464963912964,0.01627313531935215,0.7312294244766235,-0.23009157180786133,0.08186183869838715,0.08871422708034515,0.1232096254825592,0.03265147656202316,0.11439228057861328,0.05448271334171295,0.2031620591878891,0.7767346501350403,-0.2571226954460144,-0.4507463574409485,0.9795275926589966,-0.42492392659187317,0.3423613905906677,0.14902788400650024,0.7311452627182007,-0.028955915942788124,-0.17155642807483673,-0.3207471966743469,0.15294000506401062,-0.24434010684490204,-0.16687054932117462,0.13010886311531067,0.0018044306198135018,0.0761750340461731,0.35300683975219727,0.024607188999652863,-0.9778715372085571,-0.2091384381055832,-0.005321071948856115,-0.20870967209339142,0.9769866466522217,-0.04401560500264168,0.6390915513038635,-0.13544797897338867,0.33555886149406433,0.3759191036224365,-0.9105521440505981,0.17198701202869415,0.7534650564193726,0.19230926036834717,-0.628734827041626,0.323135644197464,-0.010870933532714844,-0.03100002557039261,0.9977266788482666,-0.06739048659801483,1.3585829492512858e-06,0.06739048659801483,0.9977266788482666,1.110000653170573e-06,0.2225513458251953,0.10998222976922989,-0.0310000479221344,0.42371994256973267,-0.13172408938407898,-0.031000003218650818
74,-1.147105097770691,0.7666751146316528,-0.009916380979120731,0.926632821559906,0.2142796665430069,1.691693902015686,0.009579690173268318,0.7312767505645752,-0.24674315750598907,0.08191690593957901,0.08954465389251709,0.10985152423381805,0.05796027556061745,0.1071116253733635,0.03520198166370392,0.1926179975271225,0.7799493074417114,-0.2665436565876007,-0.4709075689315796,0.9886542558670044,-0.44442903995513916,0.3316252827644348,0.16086849570274353,0.7311318516731262,-0.0004979625809937716,-0.17338240146636963,-0.2981176972389221,0.1603214591741562,-0.26923835277557373,-0.15623098611831665,0.16566038131713867,-0.004914148710668087,0.07673430442810059,0.3509397506713867,0.026149339973926544,-0.9789879322052002,-0.20315828919410706,-0.01758953556418419,-0.20241549611091614,0.9786039590835571,-0.0369083546102047,0.6457535028457642,-0.14573335647583008,0.34940430521965027,0.35799700021743774,-0.9177320599555969,0.17206408083438873,0.7718411087989807,0.18716013431549072,-0.6076450347900391,0.32313573360443115,-0.010870933532714844,-0.03100007027387619,0.9977267384529114,-0.06738996505737305,1.3803094134345884e-06,0.06738996505737305,0.9977267384529114,1.110760308620229e-06,0.2225513458251953,0.10998217761516571,-0.03100009262561798,0.423720121383667,-0.1317240446805954,-0.0310000479221344
75,-1.1645318269729614,0.7727193832397461,-0.0014289366081357002,0.9357132315635681,0.20981262624263763,1.700860857963562,0.001686838804744184,0.731311023235321,-0.24947920441627502,0.07963644713163376,0.08895732462406158,0.10121019184589386,0.0699487030506134,0.09676308929920197,0.06789708137512207,0.21948693692684174,0.7835865020751953,-0.2766473889350891,-0.49059218168258667,0.9977422952651978,-0.4642079770565033,0.32127344608306885,0.17527933418750763,0.7311400771141052,-0.007632108870893717,-0.18668942153453827,-0.2978432774543762,0.16059836745262146,-0.27269354462623596,-0.1504340022802353,0.2017265111207962,-0.002658804412931204,0.07725375890731812,0.3489551544189453,0.027795523405075073,-0.9799691438674927,-0.1966990828514099,-0.0311454888433218,-0.1958039104938507,0.9801962375640869,-0.029600413516163826,0.651724100112915,-0.15586423873901367,0.36343878507614136,0.3394925594329834,-0.925165057182312,0.16974841058254242,0.7894741296768188,0.1821575164794922,-0.5861307382583618,0.323135644197464,-0.010870933532714844,-0.031000062823295593,0.9977266788482666,-0.0673900619149208,2.0022130229335744e-06,0.0673900619149208,0.9977266788482666,1.4962313343858114e-06,0.22255128622055054,0.10998217761516571,-0.031000111252069473,0.42372000217437744,-0.1317240446805954,-0.031000014394521713
76,-1.1821774244308472,0.7776985168457031,0.007230815943330526,0.9438156485557556,0.20543172955513,1.7091084718704224,-0.006436896976083517,0.7313649654388428,-0.25444191694259644,0.0591299869120121,0.0885796844959259,0.07044434547424316,0.10115604102611542,0.09107866883277893,-0.08080752193927765,0.19252654910087585,0.7872655987739563,-0.28764256834983826,-0.5104792714118958,1.0057604312896729,-0.4833449125289917,0.3113833963871002,0.19112731516361237,0.7311350703239441,-0.006308575626462698,-0.19574910402297974,-0.3022727370262146,0.14020901918411255,-0.26294615864753723,-0.1427072435617447,0.22139884531497955,-0.14922040700912476,0.07776707410812378,0.34700441360473633,0.029344521462917328,-0.9807754755020142,-0.1898472011089325,-0.045137643814086914,-0.1889534294605255,0.9817085266113281,-0.023344609886407852,0.6569509506225586,-0.1664748191833496,0.37694051861763,0.32020413875579834,-0.9329264163970947,0.16467472910881042,0.8058171272277832,0.17682009935379028,-0.5651490688323975,0.323135644197464,-0.010870933532714844,-0.031000062823295593,0.9977266788482666,-0.0673905462026596,1.989849351957673e-06,0.0673905462026596,0.9977266788482666,1.0892314321608865e-06,0.2225513458251953,0.10998223721981049,-0.031000155955553055,0.42371994256973267,-0.13172410428524017,-0.03099996969103813
77,-1.1999258995056152,0.7815980911254883,0.015860650688409805,0.9516580700874329,0.20118969678878784,1.7162928581237793,-0.012657330371439457,0.7313443422317505,-0.258063942193985,0.03954153135418892,0.08251144737005234,0.09759726375341415,0.09653156995773315,0.06132405996322632,0.06630265712738037,0.20853818953037262,0.7904003262519836,-0.2998894155025482,-0.5306620001792908,1.0118521451950073,-0.5005568861961365,0.3023996651172638,0.2073449194431305,0.731137216091156,-0.02344413287937641,-0.2143295705318451,-0.31269359588623047,0.11012923717498779,-0.235995814204216,-0.1287384331226349,0.22666780650615692,-0.15312981605529785,0.07837915420532227,0.34479713439941406,0.03056921809911728,-0.9815118312835693,-0.18258437514305115,-0.05742478743195534,-0.18177658319473267,0.9831556081771851,-0.019033780321478844,0.6613092422485352,-0.1780109405517578,0.38929831981658936,0.299964964389801,-0.9410657286643982,0.15625736117362976,0.8203591704368591,0.1708763837814331,-0.545721709728241,0.3231356739997864,-0.010870933532714844,-0.03100002557039261,0.9977266788482666,-0.06739047914743423,1.50038840729394e-06,0.06739047914743423,0.9977266788482666,1.3578544439951656e-06,0.2225513756275177,0.10998222976922989,-0.031000033020973206,0.42371997237205505,-0.13172408938407898,-0.03100001811981201
78,-1.2177468538284302,0.7827549576759338,0.023973681032657623,0.9610937237739563,0.19596076011657715,1.722402811050415,-0.01639726385474205,0.7312255501747131,-0.25873833894729614,-0.036520205438137054,0.06929375231266022,0.1730935126543045,0.006733648478984833,0.07343300431966782,0.03870246559381485,0.2081717699766159,0.7927372455596924,-0.3128514885902405,-0.5514426231384277,1.0165513753890991,-0.5150995850563049,0.2932703495025635,0.22412613034248352,0.7311331629753113,-0.03672121837735176,-0.22392871975898743,-0.32365691661834717,0.08992042392492294,-0.1985383927822113,-0.13038377463817596,0.23463314771652222,-0.14722725749015808,0.07900398969650269,0.34113645553588867,0.03102295845746994,-0.9820743799209595,-0.17598660290241241,-0.0675182119011879,-0.17500345408916473,0.9843594431877136,-0.02025611139833927,0.6651499271392822,-0.1905975341796875,0.4008200466632843,0.2781646251678467,-0.9497337937355042,0.14363227784633636,0.8336851000785828,0.16444671154022217,-0.5271872878074646,0.32313573360443115,-0.010870933532714844,-0.03100006654858589,0.9977266788482666,-0.06739051640033722,1.6788326320238411e-06,0.06739051640033722,0.9977266788482666,1.4152888070384506e-06,0.22255143523216248,0.10998222976922989,-0.031000088900327682,0.42372003197669983,-0.13172408938407898,-0.0310000441968441
79,-1.2353981733322144,0.779980480670929,0.03083716332912445,0.9735816717147827,0.18874268233776093,1.7278321981430054,-0.01901339925825596,0.731078565120697,-0.266743928194046,-0.08708345890045166,0.06412535160779953,0.20521250367164612,-0.06079624965786934,0.08758915960788727,-0.1152631938457489,0.0925169587135315,0.7940530180931091,-0.32644152641296387,-0.5727537274360657,1.0196059942245483,-0.5265761017799377,0.2843053340911865,0.24144744873046875,0.731132447719574,-0.05637460574507713,-0.23067772388458252,-0.3364450931549072,0.0626433864235878,-0.15572908520698547,-0.126636803150177,0.24226664006710052,-0.1461254358291626,0.07939541339874268,0.3351016044616699,0.030515804886817932,-0.9822947978973389,-0.17105510830879211,-0.07640188187360764,-0.16926339268684387,0.9851325750350952,-0.02938956953585148,0.6684234142303467,-0.2043318748474121,0.41113656759262085,0.2546636462211609,-0.9587242603302002,0.12646907567977905,0.8455731868743896,0.1573108434677124,-0.5101562142372131,0.32313573360443115,-0.010870933532714844,-0.03100006654858589,0.9977266788482666,-0.06739050894975662,1.6262457620541682e-06,0.06739050894975662,0.9977266788482666,1.3255593103167485e-06,0.22255143523216248,0.10998222976922989,-0.03100009262561798,0.42372003197669983,-0.13172408938407898,-0.031000040471553802
80,-1.2533559799194336,0.7758343815803528,0.03756800293922424,0.986316978931427,0.18157228827476501,1.7326856851577759,-0.023043792694807053,0.731109619140625,-0.26607754826545715,-0.09231896698474884,0.06780310720205307,0.19963981211185455,-0.046266112476587296,0.07820888608694077,-0.1246664822101593,0.10740974545478821,0.7942665219306946,-0.33949965238571167,-0.5943540930747986,1.0220144987106323,-0.53402179479599,0.2753467559814453,0.2596472501754761,0.7311258316040039,-0.06981389224529266,-0.21973460912704468,-0.34144309163093567,0.0523575134575367,-0.09930526465177536,-0.1260727494955063,0.25462132692337036,-0.1358330249786377,0.0798025131225586,0.32854413986206055,0.02982097864151001,-0.9823261499404907,-0.1659318208694458,-0.08661513775587082,-0.162917822599411,0.9857945442199707,-0.04082731530070305,0.6713958978652954,-0.21899747848510742,0.42034244537353516,0.22909015417099,-0.9678153991699219,0.10416902601718903,0.8561930656433105,0.14943575859069824,-0.4945729970932007,0.323135644197464,-0.010870933532714844,-0.031000062823295593,0.9977266788482666,-0.06739003956317902,1.979049784495146e-06,0.06739003956317902,0.9977266788482666,1.4165585753289633e-06,0.22255128622055054,0.10998217761516571,-0.03100011497735977,0.42372000217437744,-0.1317240446805954,-0.031000010669231415
81,-1.271630883216858,0.7709734439849854,0.0449838787317276,0.9983339309692383,0.17454767227172852,1.7364633083343506,-0.027087530121207237,0.7311816811561584,-0.2701614499092102,-0.10061733424663544,0.07317288219928741,0.18434765934944153,-0.021242938935756683,0.06320146471261978,-0.11464356631040573,0.16268059611320496,0.7936273813247681,-0.3518611192703247,-0.616744339466095,1.024728775024414,-0.5374234318733215,0.2649439871311188,0.2788499593734741,0.7311278581619263,-0.0882558599114418,-0.21418941020965576,-0.3569819927215576,0.061042752116918564,-0.04188259690999985,-0.14682677388191223,0.2687329053878784,-0.13787195086479187,0.08021020889282227,0.3220243453979492,0.02901025116443634,-0.9821723699569702,-0.16100439429283142,-0.09703217446804047,-0.156399667263031,0.9862505197525024,-0.053376708179712296,0.6743799448013306,-0.23462915420532227,0.42944401502609253,0.20125341415405273,-0.9765572547912598,0.07637397199869156,0.8665906190872192,0.14115792512893677,-0.47863897681236267,0.3231356143951416,-0.010870933532714844,-0.031000062823295593,0.9977266788482666,-0.067390576004982,1.9267056359240087e-06,0.067390576004982,0.9977266788482666,9.961767091226648e-07,0.22255131602287292,0.10998223721981049,-0.031000159680843353,0.4237199127674103,-0.13172410428524017,-0.030999965965747833
82,-1.2891907691955566,0.7638125419616699,0.05206091329455376,1.0114243030548096,0.16539043188095093,1.7395069599151611,-0.03344098478555679,0.7309899926185608,-0.25774645805358887,-0.17626267671585083,0.0652286559343338,0.24737949669361115,-0.16077883541584015,0.045473381876945496,-0.19686266779899597,0.006232440937310457,0.7918487787246704,-0.3637267053127289,-0.6401793956756592,1.0281147956848145,-0.5363470315933228,0.25265824794769287,0.29911714792251587,0.7311310768127441,-0.11001431941986084,-0.20949676632881165,-0.3764769732952118,0.07225470244884491,0.02145230397582054,-0.17314068973064423,0.28367772698402405,-0.13915617763996124,0.0799524188041687,0.3143310546875,0.027788065373897552,-0.9811934232711792,-0.15919989347457886,-0.10915572941303253,-0.15213613212108612,0.9858564734458923,-0.07029660046100616,0.6774331331253052,-0.25166940689086914,0.4389323592185974,0.1705910563468933,-0.9844318628311157,0.042340923100709915,0.8772240877151489,0.13216239213943481,-0.4615313410758972,0.3231356739997864,-0.010870933532714844,-0.03100002557039261,0.9977266788482666,-0.06739026308059692,1.411800667483476e-06,0.06739026308059692,0.9977266788482666,1.136751279773307e-06,0.2225513458251953,0.1099821999669075,-0.0310000479221344,0.42372000217437744,-0.1317240595817566,-0.031000003218650818
83,-1.3065266609191895,0.7536492347717285,0.057667557150125504,1.0268551111221313,0.15420310199260712,1.7429083585739136,-0.04836850240826607,0.7309767603874207,-0.27884092926979065,-0.19069120287895203,0.059282686561346054,0.25318461656570435,-0.14734824001789093,0.040804699063301086,-0.2838292717933655,0.029537752270698547,0.7895534634590149,-0.37486958503723145,-0.6641648411750793,1.0332553386688232,-0.5338242053985596,0.23975270986557007,0.320211797952652,0.7311282157897949,-0.11105678230524063,-0.20063850283622742,-0.3804800808429718,0.1006796658039093,0.04189044237136841,-0.18287187814712524,0.29524970054626465,-0.13395458459854126,0.07899779081344604,0.3047347068786621,0.02634880691766739,-0.9787406921386719,-0.15993447601795197,-0.12840396165847778,-0.1487412303686142,0.9845368266105652,-0.0925382524728775,0.6804565191268921,-0.26981067657470703,0.4491090774536133,0.1385071873664856,-0.9903453588485718,0.005650968756526709,0.8881678581237793,0.1216883659362793,-0.44311395287513733,0.32313573360443115,-0.010870933532714844,-0.03100007027387619,0.9977267384529114,-0.06738996505737305,1.379279183311155e-06,0.06738996505737305,0.9977267384529114,1.1132967756566359e-06,0.2225513458251953,0.10998217761516571,-0.03100009262561798,0.423720121383667,-0.1317240446805954,-0.0310000479221344
84,-1.3240128755569458,0.7420499324798584,0.06286952644586563,1.0432157516479492,0.1426295042037964,1.745904803276062,-0.06933777779340744,0.7309838533401489,-0.27482593059539795,-0.21784570813179016,0.0804605558514595,0.27455395460128784,-0.1335156261920929,0.014001252129673958,-0.29792869091033936,0.01487597357481718,0.7877641320228577,-0.3849876821041107,-0.6885274648666382,1.0402417182922363,-0.5298687219619751,0.22552721202373505,0.34091636538505554,0.7311201691627502,-0.0988849401473999,-0.18523798882961273,-0.3833293914794922,0.1279674470424652,0.062063056975603104,-0.20198066532611847,0.2897964119911194,-0.12272220849990845,0.07781463861465454,0.29422950744628906,0.024830631911754608,-0.9748883247375488,-0.16214688122272491,-0.15264782309532166,-0.1449737399816513,0.9824135303497314,-0.11767017841339111,0.6833881139755249,-0.28821802139282227,0.46016520261764526,0.10708367824554443,-0.9937229156494141,-0.03237120062112808,0.8994197845458984,0.11069577932357788,-0.42283645272254944,0.323135644197464,-0.010870933532714844,-0.031000062823295593,0.9977266788482666,-0.0673900619149208,2.0010620573884808e-06,0.0673900619149208,0.9977266788482666,1.4987267604738008e-06,0.22255128622055054,0.10998217761516571,-0.031000107526779175,0.42372000217437744,-0.1317240446805954,-0.03100001811981201
85,-1.3400096893310547,0.72833651304245,0.06921597570180893,1.061469316482544,0.1298074871301651,1.7454549074172974,-0.08578179031610489,0.7310273051261902,-0.25434404611587524,-0.26179012656211853,0.0643373355269432,0.3167286515235901,-0.19035455584526062,-0.03279376029968262,-0.37065038084983826,-0.019195832312107086,0.7888368368148804,-0.3944524824619293,-0.7131467461585999,1.0459650754928589,-0.5256727337837219,0.20991839468479156,0.360907644033432,0.7310808897018433,-0.0370759442448616,-0.16014999151229858,-0.3782151937484741,0.09488151222467422,0.06325028836727142,-0.219286248087883,0.2797695994377136,-0.07293543219566345,0.07672744989395142,0.28207921981811523,0.02214915305376053,-0.9704492092132568,-0.16911615431308746,-0.1721285581588745,-0.14380855858325958,0.978135347366333,-0.15023429691791534,0.6857336759567261,-0.30480480194091797,0.4701821804046631,0.08000296354293823,-0.9943166971206665,-0.07024135440587997,0.909550666809082,0.10164964199066162,-0.4029701352119446,0.323135644197464,-0.010870933532714844,-0.031000062823295593,0.9977266788482666,-0.0673905462026596,1.986829374800436e-06,0.0673905462026596,0.9977266788482666,1.0933921430478222e-06,0.2225513458251953,0.10998223721981049,-0.031000152230262756,0.42371994256973267,-0.13172410428524017,-0.03099997341632843
86,-1.3567078113555908,0.7125226259231567,0.07502119243144989,1.0799931287765503,0.11598946899175644,1.7446551322937012,-0.11382827907800674,0.7310013771057129,-0.30686596035957336,-0.25255468487739563,0.04469812288880348,0.20158492028713226,-0.1621529459953308,0.053278595209121704,-0.7508919835090637,0.11041820049285889,0.7925723195075989,-0.40301230549812317,-0.7375361919403076,1.0497490167617798,-0.5224975943565369,0.19346031546592712,0.3808615803718567,0.7310600280761719,0.004262057598680258,-0.14383205771446228,-0.37431588768959045,0.06389112770557404,0.0484369620680809,-0.23048366606235504,0.279288113117218,-0.05164825916290283,0.07505279779434204,0.26890993118286133,0.019762448966503143,-0.9630906581878662,-0.17914573848247528,-0.20090655982494354,-0.14214691519737244,0.9722952842712402,-0.1855698674917221,0.6875713467597961,-0.31920528411865234,0.47847652435302734,0.05744069814682007,-0.9926231503486633,-0.10677006840705872,0.9182307124137878,0.09450525045394897,-0.3846051096916199,0.3231356739997864,-0.010870933532714844,-0.03100002557039261,0.9977266788482666,-0.06739047914743423,1.4974024225011817e-06,0.06739047914743423,0.9977266788482666,1.3621066727864672e-06,0.2225513756275177,0.10998222976922989,-0.031000033020973206,0.42371997237205505,-0.13172408938407898,-0.03100001811981201
87,-1.3758463859558105,0.7001780867576599,0.08120368421077728,1.092049241065979,0.10411524027585983,1.7481542825698853,-0.16266179084777832,0.7310104370117188,-0.29074832797050476,-0.212810680270195,0.07885079830884933,0.1966814398765564,-0.1981840431690216,0.043014444410800934,-0.663543701171875,0.08568862825632095,0.7967647910118103,-0.4095376133918762,-0.7609424591064453,1.0518195629119873,-0.5211185216903687,0.1779516488313675,0.4021773636341095,0.7310582995414734,0.01643901877105236,-0.10334678739309311,-0.3611450493335724,0.029839269816875458,0.022293750196695328,-0.21475368738174438,0.29833510518074036,-0.051265064626932144,0.07254230976104736,0.2597465515136719,0.019995421171188354,-0.9502650499343872,-0.1879720687866211,-0.24831999838352203,-0.1375771313905716,0.9686664938926697,-0.20677953958511353,0.6891213655471802,-0.3323373794555664,0.48418623208999634,0.03666877746582031,-0.9893147349357605,-0.1411091387271881,0.9250311255455017,0.08703017234802246,-0.3697880804538727,0.32313573360443115,-0.010870933532714844,-0.03100006654858589,0.9977266788482666,-0.06739050894975662,1.5413601204272709e-06,0.06739050894975662,0.9977266788482666,1.1049611430280493e-06,0.22255143523216248,0.10998222976922989,-0.031000107526779175,0.42372003197669983,-0.13172408938407898,-0.03100002557039261
88,-1.3938833475112915,0.6865243911743164,0.08731472492218018,1.103617548942566,0.0900389775633812,1.750165343284607,-0.21063360571861267,0.73103266954422,-0.2858864367008209,-0.25193873047828674,0.07559126615524292,0.1982385516166687,-0.22117596864700317,0.019376832991838455,-0.62722247838974,0.06805269420146942,0.8028371334075928,-0.4107590317726135,-0.7804903388023376,1.0489531755447388,-0.5230287909507751,0.1657831221818924,0.42364853620529175,0.7310041189193726,0.1028338223695755,0.023086082190275192,-0.2792169451713562,-0.08056354522705078,-0.030392587184906006,-0.16158589720726013,0.30021145939826965,0.019864322617650032,0.06909841299057007,0.250180721282959,0.01999840885400772,-0.9348636865615845,-0.20175078511238098,-0.2921072840690613,-0.13593831658363342,0.9635453820228577,-0.2304368019104004,0.6904680132865906,-0.34012889862060547,0.48330414295196533,0.02147608995437622,-0.985721230506897,-0.16701024770736694,0.9273217916488647,0.08207184076309204,-0.365155428647995,0.32313573360443115,-0.010870933532714844,-0.03100006654858589,0.9977266788482666,-0.06739049404859543,1.6441947536804946e-06,0.06739049404859543,0.9977266788482666,1.3736835171584971e-06,0.22255143523216248,0.10998222976922989,-0.031000088900327682,0.42372003197669983,-0.13172408938407898,-0.0310000441968441
89,-1.4100559949874878,0.6718813180923462,0.09285513311624527,1.114811658859253,0.0743500366806984,1.7513549327850342,-0.25466617941856384,0.7310612201690674,-0.25373560190200806,-0.25933682918548584,0.06991421431303024,0.18937186896800995,-0.24535976350307465,0.0040628258138895035,-0.5761921405792236,0.026869231835007668,0.8125993609428406,-0.40518492460250854,-0.7904148697853088,1.0377328395843506,-0.5331548452377319,0.16005383431911469,0.445859432220459,0.7309207916259766,0.22523947060108185,0.1623833179473877,-0.10322978347539902,-0.23270414769649506,-0.1527857631444931,-0.06775747984647751,0.3103412985801697,0.12150271981954575,0.06488251686096191,0.24036455154418945,0.019998282194137573,-0.9184150695800781,-0.21954339742660522,-0.32911157608032227,-0.13718171417713165,0.9570056200027466,-0.25558045506477356,0.6911576390266418,-0.336489200592041,0.47294026613235474,0.018437683582305908,-0.9840602278709412,-0.17687727510929108,0.9227551817893982,0.08485919237136841,-0.3759280741214752,0.323135644197464,-0.010870933532714844,-0.031000062823295593,0.9977266788482666,-0.06739002466201782,1.9965757473983103e-06,0.06739002466201782,0.9977266788482666,1.4679005744255846e-06,0.22255128622055054,0.10998217761516571,-0.031000111252069473,0.42372000217437744,-0.1317240446805954,-0.031000014394521713
90,-1.4229843616485596,0.657142698764801,0.09712188690900803,1.1261054277420044,0.05699268728494644,1.752105712890625,-0.2932976186275482,0.7310910820960999,-0.20485052466392517,-0.2606474757194519,0.05250490456819534,0.19335238635540009,-0.2573797404766083,-0.0031402399763464928,-0.5797997713088989,-0.05788273364305496,0.827222466468811,-0.3945452868938446,-0.7872483134269714,1.0202507972717285,-0.5498575568199158,0.15866777300834656,0.46914392709732056,0.7308173179626465,0.34373313188552856,0.23948036134243011,0.1209135502576828,-0.31864023208618164,-0.2478797882795334,-0.01155366562306881,0.3251952528953552,0.22717158496379852,0.059882283210754395,0.2303752899169922,0.01999640464782715,-0.9021294116973877,-0.24131035804748535,-0.3576754331588745,-0.14229890704154968,0.948996901512146,-0.28134655952453613,0.6905600428581238,-0.31890392303466797,0.45683056116104126,0.03209495544433594,-0.98435378074646,-0.17325644195079803,0.9127691984176636,0.0994916558265686,-0.39617425203323364,0.3231356143951416,-0.010870933532714844,-0.031000062823295593,0.9977266788482666,-0.06739059835672379,1.9533081285771914e-06,0.06739059835672379,0.9977266788482666,1.0289068086422049e-06,0.22255131602287292,0.10998223721981049,-0.031000155955553055,0.4237199127674103,-0.13172410428524017,-0.03099996969103813
91,-1.4324548244476318,0.6446214914321899,0.09809526801109314,1.1371979713439941,0.04094215855002403,1.752873182296753,-0.330965518951416,0.7310612797737122,-0.1634778529405594,-0.21610160171985626,0.010092324577271938,0.17783419787883759,-0.22862942516803741,-0.0014315752778202295,-0.8138012886047363,-0.002818819135427475,0.8467596769332886,-0.38338425755500793,-0.77133709192276,0.9980098605155945,-0.5699635148048401,0.15886461734771729,0.49253717064857483,0.7307168245315552,0.44051453471183777,0.23873916268348694,0.3222822844982147,-0.3813762366771698,-0.29636794328689575,0.006115810014307499,0.3267422616481781,0.33995214104652405,0.054693400859832764,0.2210373878479004,0.019994720816612244,-0.8858368396759033,-0.2627190351486206,-0.38245487213134766,-0.14764320850372314,0.9410185813903809,-0.3044429123401642,0.6872852444648743,-0.28877830505371094,0.43886619806289673,0.06345927715301514,-0.9847091436386108,-0.16223707795143127,0.8989797830581665,0.12699615955352783,-0.4191746711730957,0.3231356739997864,-0.010870933532714844,-0.03100002557039261,0.9977266788482666,-0.06739045679569244,1.497588527854532e-06,0.06739045679569244,0.9977266788482666,1.3532925322579104e-06,0.2225513458251953,0.10998222231864929,-0.031000033020973206,0.42372000217437744,-0.13172408938407898,-0.03100001811981201
92,-1.4390838146209717,0.6424244046211243,0.09329771995544434,1.1423171758651733,0.030564816668629646,1.7593166828155518,-0.37792447209358215,0.730957567691803,-0.10229551047086716,0.022278405725955963,-0.05028466507792473,0.040178731083869934,-0.11856803297996521,0.10141851752996445,-0.9925029277801514,0.07564336061477661,0.868412971496582,-0.37134140729904175,-0.7472130656242371,0.9738106727600098,-0.5874374508857727,0.16014359891414642,0.513883650302887,0.7306898236274719,0.4628051817417145,0.24798384308815002,0.4293033480644226,-0.4088384211063385,-0.25960493087768555,0.022436991333961487,0.297980397939682,0.37571385502815247,0.04918479919433594,0.21806001663208008,0.021473251283168793,-0.8676265478134155,-0.2725866436958313,-0.41583725810050964,-0.1487826555967331,0.9403412938117981,-0.3059771656990051,0.6810070276260376,-0.25217294692993164,0.4198954105377197,0.10455107688903809,-0.9833208322525024,-0.148826003074646,0.8815914392471313,0.16089564561843872,-0.4437445104122162,0.32313573360443115,-0.010870933532714844,-0.03100006654858589,0.9977266788482666,-0.06739049404859543,1.6704509562259773e-06,0.06739049404859543,0.9977266788482666,1.4150119795885985e-06,0.22255143523216248,0.10998222976922989,-0.031000085175037384,0.42372003197669983,-0.13172408938407898,-0.0310000479221344
93,-1.4427666664123535,0.6457123756408691,0.08524303138256073,1.1470205783843994,0.025241250172257423,1.771276831626892,-0.4421682357788086,0.7309117913246155,-0.08040684461593628,0.04369624704122543,-0.12455339729785919,0.06954141706228256,-0.0704164057970047,0.17016805708408356,-0.9982668161392212,0.11364385485649109,0.8919063210487366,-0.36048951745033264,-0.7209063768386841,0.9507526755332947,-0.603763222694397,0.15744154155254364,0.532742440700531,0.7306634783744812,0.474855899810791,0.2043008655309677,0.45611387491226196,-0.36921069025993347,-0.2409926950931549,-0.03870994225144386,0.26372453570365906,0.4581265151500702,0.044590532779693604,0.2179427146911621,0.024302661418914795,-0.8408941030502319,-0.2767564654350281,-0.46508392691612244,-0.14681316912174225,0.9437843561172485,-0.2961704730987549,0.6723167896270752,-0.21367406845092773,0.40363526344299316,0.15199542045593262,-0.9790371656417847,-0.13558651506900787,0.8639565706253052,0.19823676347732544,-0.46290531754493713,0.323135644197464,-0.010871410369873047,-0.031000062823295593,0.9977267384529114,-0.0673895925283432,2.1207811187196057e-06,0.0673895925283432,0.9977267384529114,1.5023907735667308e-06,0.22255122661590576,0.10998166352510452,-0.03100012242794037,0.4237200617790222,-0.13172447681427002,-0.031000003218650818
94,-1.4464114904403687,0.650216817855835,0.07380101829767227,1.1533737182617188,0.021878166124224663,1.785109043121338,-0.5130396485328674,0.7308620810508728,-0.09098409116268158,0.06191275268793106,-0.17726485431194305,0.08742793649435043,-0.04383223131299019,0.2001388520002365,-1.0935500860214233,0.18610912561416626,0.9165485501289368,-0.35376471281051636,-0.6943384408950806,0.9302895069122314,-0.6226291060447693,0.15033236145973206,0.5496528744697571,0.7306342720985413,0.4844436049461365,0.12322558462619781,0.45981115102767944,-0.31484922766685486,-0.274497389793396,-0.10463821142911911,0.2359052151441574,0.442897766828537,0.039991915225982666,0.21771669387817383,0.027491480112075806,-0.8097878694534302,-0.27587801218032837,-0.5178174376487732,-0.1409435123205185,0.9481835961341858,-0.2847503125667572,0.6614755392074585,-0.17529296875,0.3924022912979126,0.20459848642349243,-0.9711673855781555,-0.1223662942647934,0.8479750752449036,0.23829913139343262,-0.4734467566013336,0.323135644197464,-0.010870933532714844,-0.031000062823295593,0.9977266788482666,-0.06739052385091782,2.017547558352817e-06,0.06739052385091782,0.9977266788482666,1.1842416824947577e-06,0.2225513458251953,0.10998222976922989,-0.031000148504972458,0.42371994256973267,-0.13172408938407898,-0.03099997714161873
95,-1.448648452758789,0.6538820862770081,0.05921465903520584,1.1608222723007202,0.018223097547888756,1.8010976314544678,-0.5769253969192505,0.7308626174926758,-0.07050680369138718,0.041946470737457275,-0.22366447746753693,0.1065446138381958,-0.05436643585562706,0.22859381139278412,-0.8365028500556946,0.20245742797851562,0.9419649839401245,-0.35094591975212097,-0.6677404046058655,0.9144126176834106,-0.6430479288101196,0.1371145248413086,0.5670793652534485,0.730583906173706,0.49617159366607666,0.047685783356428146,0.4660942554473877,-0.2286936491727829,-0.2939065396785736,-0.1956615298986435,0.2427966445684433,0.514838695526123,0.03477245569229126,0.21712255477905273,0.03140556812286377,-0.781476616859436,-0.27154237031936646,-0.5617464184761047,-0.13470549881458282,0.9525237679481506,-0.27304375171661377,0.6491333246231079,-0.1370534896850586,0.38807597756385803,0.26063764095306396,-0.9588454961776733,-0.11262010037899017,0.8347545862197876,0.2824241518974304,-0.4726746380329132,0.323135644197464,-0.010870933532714844,-0.031000062823295593,0.9977266788482666,-0.06739047169685364,2.0894244698865805e-06,0.06739047169685364,0.9977266788482666,1.3509096561392653e-06,0.2225513458251953,0.10998222231864929,-0.031000137329101562,0.42371994256973267,-0.13172408938407898,-0.030999988317489624
96,-1.451669454574585,0.6568626761436462,0.040725961327552795,1.169029712677002,0.011821862310171127,1.8190784454345703,-0.6071884036064148,0.7308325171470642,-0.13491423428058624,0.04958656430244446,-0.33244216442108154,0.11646366119384766,-0.11370494216680527,0.24221336841583252,-0.252424418926239,0.018756521865725517,0.9672381281852722,-0.3521103858947754,-0.6425119638442993,0.906020998954773,-0.6648067235946655,0.12128990143537521,0.586804211139679,0.730587363243103,0.46639344096183777,-0.035771314054727554,0.4360724687576294,-0.09707503020763397,-0.30871400237083435,-0.23616929352283478,0.27493542432785034,0.5108858942985535,0.02759486436843872,0.21611738204956055,0.03601158410310745,-0.7750574350357056,-0.2604545056819916,-0.5757167339324951,-0.1278187334537506,0.9568880796432495,-0.26082098484039307,0.6362475156784058,-0.10100698471069336,0.3914293348789215,0.31497764587402344,-0.9429882764816284,-0.1075277179479599,0.8245311975479126,0.32798439264297485,-0.4610581696033478,0.323135644197464,-0.010871410369873047,-0.031000062823295593,0.9977267384529114,-0.06738963723182678,1.9977535430371063e-06,0.06738963723182678,0.9977267384529114,1.2336914778643404e-06,0.22255122661590576,0.10998166352510452,-0.031000137329101562,0.4237200617790222,-0.13172447681427002,-0.030999988317489624
97,-1.457540512084961,0.657187283039093,0.020653752610087395,1.177398920059204,0.005615948233753443,1.8398072719573975,-0.632510781288147,0.7308291792869568,-0.14096389710903168,-0.027431808412075043,-0.31760239601135254,0.13070642948150635,-0.09401311725378036,0.2919071316719055,-0.3558494746685028,0.2123900204896927,0.9917251467704773,-0.3603992164134979,-0.6217095851898193,0.9046357870101929,-0.688686192035675,0.10395189374685287,0.609433114528656,0.730634331703186,0.41492629051208496,-0.1723496913909912,0.3562881052494049,0.02744043804705143,-0.33331039547920227,-0.26191750168800354,0.31624066829681396,0.44034111499786377,0.019894897937774658,0.21493244171142578,0.04198743402957916,-0.7731407880783081,-0.24506056308746338,-0.5849776864051819,-0.1167067214846611,0.9615568518638611,-0.24857181310653687,0.6235423684120178,-0.06969356536865234,0.40326011180877686,0.3640512228012085,-0.9249858856201172,-0.10893933475017548,0.8179104328155518,0.3734549880027771,-0.43766874074935913,0.3231356739997864,-0.010871410369873047,-0.03100002557039261,0.9977267384529114,-0.06738962233066559,1.4922262607797165e-06,0.06738962233066559,0.9977267384529114,1.2525218835435226e-06,0.22255125641822815,0.10998166352510452,-0.0310000441968441,0.4237200915813446,-0.13172447681427002,-0.031000006943941116
98,-1.4631489515304565,0.6534456610679626,0.0030062610749155283,1.1873834133148193,-0.004785081371665001,1.8601247072219849,-0.6581296324729919,0.7309138774871826,-0.12458229064941406,-0.09796521812677383,-0.27733114361763,0.1631801575422287,-0.15259619057178497,0.28507551550865173,-0.35958045721054077,0.11013448983430862,1.0138641595840454,-0.37158316373825073,-0.6122516393661499,0.910511314868927,-0.7145811319351196,0.08670450747013092,0.6311125159263611,0.7308403849601746,0.310586154460907,-0.20952953398227692,0.1485794335603714,0.12852630019187927,-0.35863196849823,-0.2528940439224243,0.30286359786987305,0.1657375991344452,0.011492431163787842,0.21220874786376953,0.04829491674900055,-0.7694690227508545,-0.23732149600982666,-0.5929555892944336,-0.11066199094057083,0.9638993144035339,-0.2421818971633911,0.6142313480377197,-0.04803180694580078,0.42012810707092285,0.4012213349342346,-0.909064769744873,-0.11235162615776062,0.815814733505249,0.4104197025299072,-0.4074336886405945,0.3231356739997864,-0.010870933532714844,-0.03100002557039261,0.9977266788482666,-0.06739043444395065,1.6012206742743729e-06,0.06739043444395065,0.9977266788482666,1.5993431361494004e-06,0.2225513458251953,0.10998222231864929,-0.03100001811981201,0.42372000217437744,-0.13172408938407898,-0.031000033020973206
99,-1.469543695449829,0.6384518146514893,-0.012322270311415195,1.1968311071395874,-0.019144395366311073,1.8772633075714111,-0.6830620765686035,0.7310289740562439,-0.1456718146800995,-0.3208129405975342,-0.251472532749176,0.18268239498138428,-0.20859582722187042,0.24201123416423798,-0.34905675053596497,-0.030747344717383385,1.0341647863388062,-0.3804384171962738,-0.6092139482498169,0.9170101284980774,-0.7418195009231567,0.07236836850643158,0.6505756974220276,0.7308531999588013,0.3317774534225464,-0.1263398826122284,0.07670094072818756,0.09557806700468063,-0.3835665285587311,-0.20651113986968994,0.2720910310745239,0.1499217450618744,0.002353489398956299,0.2069544792175293,0.05513179302215576,-0.764777421951294,-0.2407456338405609,-0.5976263284683228,-0.10833467543125153,0.9624101519584656,-0.24905887246131897,0.6066755652427673,-0.031941890716552734,0.4342114329338074,0.43079501390457153,-0.895457923412323,-0.11212025582790375,0.8133441805839539,0.439081072807312,-0.3816794753074646,0.32313570380210876,-0.010870933532714844,-0.03100006654858589,0.9977266788482666,-0.06739046424627304,1.573740632920817e-06,0.06739046424627304,0.9977266788482666,1.1637346233328572e-06,0.2225514054298401,0.10998222231864929,-0.031000103801488876,0.42372000217437744,-0.13172408938407898,-0.031000029295682907
100,-1.476677656173706,0.6160494685173035,-0.027058184146881104,1.20773446559906,-0.036201681941747665,1.8910915851593018,-0.7068641185760498,0.7311128973960876,-0.159232497215271,-0.41692832112312317,-0.24586449563503265,0.20098654925823212,-0.2459087371826172,0.19601134955883026,-0.33184894919395447,-0.1388677954673767,1.0557365417480469,-0.38595184683799744,-0.6091086864471436,0.923295795917511,-0.7699127793312073,0.0584808811545372,0.668052077293396,0.7308592200279236,0.3516509532928467,-0.0844465047121048,0.039472632110118866,0.09904494881629944,-0.39487436413764954,-0.20191603899002075,0.2440897524356842,0.13928045332431793,-0.007562816143035889,0.1993403434753418,0.061972543597221375,-0.7605410814285278,-0.25255265831947327,-0.5981594920158386,-0.10773347318172455,0.9575663208961487,-0.2673203945159912,0.5991647243499756,-0.01660013198852539,0.44557929039001465,0.4594917893409729,-0.8815901875495911,-0.10800960659980774,0.8086653351783752,0.46554291248321533,-0.3596252501010895,0.323135644197464,-0.010870933532714844,-0.031000062823295593,0.9977266788482666,-0.06739040464162827,2.0202814994263463e-06,0.06739040464162827,0.9977266788482666,1.2180618114143726e-06,0.22255131602287292,0.1099822148680687,-0.03100014477968216,0.42371997237205505,-0.13172408938407898,-0.030999980866909027
101,-1.4823110103607178,0.5901798009872437,-0.04245810583233833,1.2179968357086182,-0.05348445847630501,1.9030673503875732,-0.7295780181884766,0.7311534881591797,-0.12595419585704803,-0.4580729007720947,-0.2480117231607437,0.1854519098997116,-0.2476668804883957,0.17143464088439941,-0.31607845425605774,-0.18438556790351868,1.0777764320373535,-0.3912058174610138,-0.6116799712181091,0.9302026033401489,-0.7985171675682068,0.04182959720492363,0.6851650476455688,0.7308685183525085,0.34270235896110535,-0.09735604375600815,-0.004151368513703346,0.11977879703044891,-0.39935657382011414,-0.24153205752372742,0.23729470372200012,0.21205300092697144,-0.01755446195602417,0.19146347045898438,0.06914402544498444,-0.7571432590484619,-0.2675461173057556,-0.595947265625,-0.10811891406774521,0.9510241746902466,-0.28959158062934875,0.5916624665260315,-0.0021982192993164062,0.45759671926498413,0.48774343729019165,-0.8667485117912292,-0.10417956858873367,0.8031348586082458,0.49228453636169434,-0.3356045186519623,0.323135644197464,-0.010870933532714844,-0.031000062823295593,0.9977266788482666,-0.06739049404859543,1.966269110198482e-06,0.06739049404859543,0.9977266788482666,1.0241166137348046e-06,0.2225513458251953,0.10998222976922989,-0.031000159680843353,0.42371994256973267,-0.13172408938407898,-0.030999965965747833
102,-1.4855202436447144,0.5625909566879272,-0.058978546410799026,1.2267162799835205,-0.06957492232322693,1.9141792058944702,-0.7511201500892639,0.7311617732048035,-0.08908114582300186,-0.48003941774368286,-0.2617523968219757,0.1609857976436615,-0.2312420755624771,0.1593942791223526,-0.30046191811561584,-0.02157745324075222,1.1001174449920654,-0.3974856734275818,-0.6187300086021423,0.939185380935669,-0.8275290131568909,0.022070202976465225,0.7014687061309814,0.7309060096740723,0.3265232741832733,-0.1230480819940567,-0.07888632267713547,0.15789391100406647,-0.403306245803833,-0.28691625595092773,0.22834353148937225,0.08252419531345367,-0.02707827091217041,0.18427276611328125,0.07681077718734741,-0.7545816898345947,-0.28295812010765076,-0.5920652151107788,-0.10876142233610153,0.9437048435211182,-0.312397301197052,0.584985613822937,0.009832382202148438,0.4718098044395447,0.5141814947128296,-0.851652204990387,-0.10151832550764084,0.7979751229286194,0.518414318561554,-0.30737993121147156,0.3231356739997864,-0.010870933532714844,-0.03100002557039261,0.9977266788482666,-0.06739043444395065,1.484407221141737e-06,0.06739043444395065,0.9977266788482666,1.3434179209070862e-06,0.2225513458251953,0.10998222231864929,-0.031000033020973206,0.42372000217437744,-0.13172408938407898,-0.03100001811981201
103,-1.485886573791504,0.5338925719261169,-0.07618802040815353,1.2340948581695557,-0.08515316247940063,1.923290491104126,-0.770891010761261,0.7311886548995972,-0.038366157561540604,-0.4964943826198578,-0.26515430212020874,0.1430722177028656,-0.2239742875099182,0.13044755160808563,-0.276658296585083,-0.0009577737655490637,1.1221933364868164,-0.4032437205314636,-0.6291157007217407,0.9501924514770508,-0.8567121028900146,0.0005614057299681008,0.7156283855438232,0.7309189438819885,0.32614803314208984,-0.10587167739868164,-0.12530376017093658,0.1804274171590805,-0.4061877131462097,-0.30975547432899475,0.19760550558567047,0.09612257778644562,-0.03617703914642334,0.17751455307006836,0.08446791768074036,-0.7527590990066528,-0.3001024127006531,-0.5859115123748779,-0.11098259687423706,0.9351571798324585,-0.33639851212501526,0.5791921019554138,0.01979684829711914,0.48696255683898926,0.5388778448104858,-0.8367404341697693,-0.09734546393156052,0.7927820086479187,0.542818009853363,-0.2772098779678345,0.32313573360443115,-0.010870933532714844,-0.03100006654858589,0.9977266788482666,-0.06739047169685364,1.6668979014866636e-06,0.06739047169685364,0.9977266788482666,1.4351088566399994e-06,0.22255143523216248,0.10998222231864929,-0.031000085175037384,0.42372003197669983,-0.13172408938407898,-0.0310000479221344
104,-1.4864022731781006,0.5047860145568848,-0.09571320563554764,1.2386207580566406,-0.10022236406803131,1.930556058883667,-0.7881293892860413,0.7311394214630127,-0.08001825213432312,-0.49273574352264404,-0.3193117380142212,0.09421693533658981,-0.21894627809524536,0.10618501156568527,-0.2394440621137619,-0.021471772342920303,1.1437028646469116,-0.4078841209411621,-0.6426407694816589,0.963668704032898,-0.8859930038452148,-0.02171589434146881,0.7274105548858643,0.7309725880622864,0.30226364731788635,-0.09528684616088867,-0.1792406290769577,0.22066210210323334,-0.4062803387641907,-0.32017451524734497,0.16504786908626556,0.015528498217463493,-0.04564112424850464,0.17207765579223633,0.0921163558959961,-0.7539054155349731,-0.31402623653411865,-0.577073872089386,-0.11089496314525604,0.9265916347503662,-0.35934701561927795,0.5746102929115295,0.027515888214111328,0.5026818513870239,0.5611082315444946,-0.8227518796920776,-0.09075737744569778,0.7879244089126587,0.5644937753677368,-0.2460121363401413,0.3231356143951416,-0.010870933532714844,-0.031000062823295593,0.9977266788482666,-0.06739062815904617,2.041025709331734e-06,0.06739062815904617,0.9977266788482666,1.2602271226569428e-06,0.22255131602287292,0.10998224467039108,-0.03100014105439186,0.4237199127674103,-0.13172411918640137,-0.030999984592199326
105,-1.4883942604064941,0.47558411955833435,-0.11800666153430939,1.2375551462173462,-0.11435381323099136,1.9363948106765747,-0.8019694685935974,0.7310667037963867,-0.10769228637218475,-0.48108506202697754,-0.3603346049785614,0.0031310406047850847,-0.20590266585350037,0.08753575384616852,-0.19185586273670197,-0.013116251677274704,1.1632264852523804,-0.4094075560569763,-0.6584704518318176,0.9789990186691284,-0.9151633381843567,-0.043841224163770676,0.7375208735466003,0.7309760451316833,0.2739843428134918,-0.03369816765189171,-0.21673452854156494,0.23466092348098755,-0.4062666594982147,-0.3144972324371338,0.14187000691890717,-0.0072199441492557526,-0.055550575256347656,0.1693572998046875,0.09979154169559479,-0.7591361999511719,-0.32073622941970825,-0.5664277672767639,-0.10637108236551285,0.919607937335968,-0.3781619668006897,0.5717325806617737,0.033014774322509766,0.5172091126441956,0.579554557800293,-0.8108916878700256,-0.08106298744678497,0.7838572859764099,0.5818969011306763,-0.21671146154403687,0.3231356739997864,-0.010870933532714844,-0.03100002557039261,0.9977266788482666,-0.06739035993814468,1.5056649544931133e-06,0.06739035993814468,0.9977266788482666,1.3686916418009787e-06,0.2225513458251953,0.1099822148680687,-0.031000033020973206,0.42372000217437744,-0.13172408938407898,-0.03100001811981201
106,-1.4904690980911255,0.4467994272708893,-0.14138543605804443,1.230628252029419,-0.1274227499961853,1.944151520729065,-0.8142541646957397,0.7310338020324707,-0.09829315543174744,-0.4657714068889618,-0.3676156997680664,-0.08860429376363754,-0.19140514731407166,0.11440825462341309,-0.17330804467201233,0.1415882408618927,1.1814526319503784,-0.40824586153030396,-0.6770287156105042,0.9956857562065125,-0.9444288015365601,-0.06574202328920364,0.7508601546287537,0.7309867143630981,0.24480608105659485,0.0013208684977144003,-0.2629343569278717,0.25560614466667175,-0.4064984619617462,-0.3107825517654419,0.1871894896030426,0.03489524871110916,-0.0650128722190857,0.1701645851135254,0.10819436609745026,-0.7658932209014893,-0.31995829939842224,-0.5577046871185303,-0.0990719124674797,0.9157587289810181,-0.38932088017463684,0.5704907774925232,0.03652000427246094,0.5303171873092651,0.59356689453125,-0.8014512658119202,-0.07317321747541428,0.7806565165519714,0.5954831838607788,-0.18967145681381226,0.32313570380210876,-0.010870933532714844,-0.03100006654858589,0.9977266788482666,-0.06739059090614319,1.6773064999142662e-06,0.06739059090614319,0.9977266788482666,1.4273562101152493e-06,0.2225514054298401,0.10998223721981049,-0.031000085175037384,0.42372000217437744,-0.13172410428524017,-0.0310000479221344
107,-1.4951739311218262,0.4194764196872711,-0.16515393555164337,1.2244560718536377,-0.1407456248998642,1.9514001607894897,-0.8247017860412598,0.7310123443603516,-0.16763247549533844,-0.4571346342563629,-0.3889465928077698,-0.06509840488433838,-0.19679316878318787,0.10563768446445465,-0.14682339131832123,-0.0027404017746448517,1.1952861547470093,-0.40852221846580505,-0.6983158588409424,1.0158567428588867,-0.9737676382064819,-0.08641476929187775,0.7660446166992188,0.7309994101524353,0.13728590309619904,-0.05824645608663559,-0.32409924268722534,0.33370697498321533,-0.40187057852745056,-0.2934156358242035,0.21224455535411835,-0.01709934137761593,-0.07484620809555054,0.17158126831054688,0.11624245345592499,-0.7746927738189697,-0.31578364968299866,-0.5478429198265076,-0.08889198303222656,0.9121591448783875,-0.4000799357891083,0.5721147656440735,0.034822940826416016,0.5454440116882324,0.6005110740661621,-0.7967587113380432,-0.06754225492477417,0.7816876769065857,0.6027352809906006,-0.16023248434066772,0.32313570380210876,-0.010870933532714844,-0.03100006654858589,0.9977266788482666,-0.06739047914743423,1.6201779544644523e-06,0.06739047914743423,0.9977266788482666,1.2602876040546107e-06,0.2225514054298401,0.10998222976922989,-0.031000100076198578,0.42372000217437744,-0.13172408938407898,-0.031000033020973206
108,-1.503137230873108,0.39317524433135986,-0.18984542787075043,1.218676209449768,-0.1516130268573761,1.9565773010253906,-0.8340024948120117,0.7309945821762085,-0.2194419950246811,-0.43479928374290466,-0.4022675156593323,-0.06475610285997391,-0.16185910999774933,0.07608434557914734,-0.13071101903915405,-0.0031385011970996857,1.2046386003494263,-0.4123617112636566,-0.7208930850028992,1.0360312461853027,-1.0028289556503296,-0.10541282594203949,0.7822771072387695,0.7310335636138916,0.07933048903942108,-0.10187564790248871,-0.3417782783508301,0.3208775222301483,-0.3996162414550781,-0.2684023678302765,0.22646191716194153,0.0014416377525776625,-0.08432424068450928,0.17348337173461914,0.1233661025762558,-0.7848489284515381,-0.3072286546230316,-0.5381660461425781,-0.0727243572473526,0.9081118106842041,-0.41236409544944763,0.5754693150520325,0.028349876403808594,0.5613659024238586,0.6018860340118408,-0.7959585189819336,-0.06467820703983307,0.7857542037963867,0.6047306060791016,-0.12996605038642883,0.323135644197464,-0.010870933532714844,-0.031000062823295593,0.9977266788482666,-0.06739058345556259,2.0097108972549904e-06,0.06739058345556259,0.9977266788482666,1.1436391105235089e-06,0.2225513458251953,0.10998223721981049,-0.031000152230262756,0.42371994256973267,-0.13172410428524017,-0.03099997341632843
109,-1.5144307613372803,0.3683485984802246,-0.21507582068443298,1.212222695350647,-0.16095156967639923,1.9596933126449585,-0.8407773971557617,0.7309913635253906,-0.2835614085197449,-0.4071137607097626,-0.4156563878059387,-0.07966041564941406,-0.14071160554885864,0.047671400010585785,-0.09492842853069305,0.0027905337046831846,1.2101939916610718,-0.4164685010910034,-0.7445074915885925,1.0519572496414185,-1.0316463708877563,-0.12236736714839935,0.8000439405441284,0.7310753464698792,0.023579245433211327,-0.079630546271801,-0.3698987364768982,0.23420822620391846,-0.399540513753891,-0.23311085999011993,0.2478141188621521,-0.002299250103533268,-0.09369164705276489,0.17634010314941406,0.1295141875743866,-0.7969682216644287,-0.29361692070961,-0.5278547406196594,-0.051693446934223175,0.9038501977920532,-0.42471468448638916,0.5801655650138855,0.019065380096435547,0.5732361078262329,0.5988098382949829,-0.7983396649360657,-0.06387899816036224,0.7913829684257507,0.6020693778991699,-0.10595033317804337,0.3231356739997864,-0.010870933532714844,-0.03100002557039261,0.9977266788482666,-0.06739043444395065,1.3774363196716877e-06,0.06739043444395065,0.9977266788482666,1.0891509418797796e-06,0.2225513458251953,0.10998222231864929,-0.031000051647424698,0.42372000217437744,-0.13172408938407898,-0.03099999949336052
110,-1.5269042253494263,0.3447231650352478,-0.24076223373413086,1.2048550844192505,-0.1661584973335266,1.9616881608963013,-0.8442548513412476,0.7309281229972839,-0.2846411466598511,-0.38712841272354126,-0.41222164034843445,-0.09461764246225357,-0.08107306063175201,0.031532108783721924,-0.04927847906947136,0.07964911311864853,1.211743950843811,-0.4209686815738678,-0.7692756652832031,1.0615590810775757,-1.060472846031189,-0.13820801675319672,0.8205738663673401,0.731115996837616,-0.044568877667188644,-0.08538059145212173,-0.3990190029144287,0.13781143724918365,-0.4006677567958832,-0.21513330936431885,0.28757283091545105,0.008128974586725235,-0.10154277086257935,0.18011760711669922,0.13476741313934326,-0.8099993467330933,-0.27460619807243347,-0.5181629061698914,-0.02535531297326088,0.8991602659225464,-0.4368843138217926,0.5859639048576355,0.007388114929199219,0.5799551606178284,0.5919186472892761,-0.803220808506012,-0.06684818118810654,0.7982309460639954,0.5956812500953674,-0.08939328789710999,0.32313573360443115,-0.010870933532714844,-0.03100007027387619,0.9977267384529114,-0.06738997250795364,1.3642720659845509e-06,0.06738997250795364,0.9977267384529114,1.045159137902374e-06,0.2225513458251953,0.10998217761516571,-0.031000100076198578,0.423720121383667,-0.1317240446805954,-0.031000040471553802
111,-1.5374866724014282,0.3229723572731018,-0.26626861095428467,1.1961543560028076,-0.16699416935443878,1.9633718729019165,-0.8450161814689636,0.7308793067932129,-0.23738624155521393,-0.34751614928245544,-0.3973093628883362,-0.11983248591423035,-0.01879855990409851,0.025798838585615158,-0.013468031771481037,0.1870012879371643,1.2083426713943481,-0.42545002698898315,-0.7949391603469849,1.0643130540847778,-1.0891869068145752,-0.15251977741718292,0.8437872529029846,0.7311589121818542,-0.12080783396959305,-0.07426633685827255,-0.4246671497821808,0.026201240718364716,-0.40083441138267517,-0.1894093006849289,0.3249947726726532,0.00525286141782999,-0.10709601640701294,0.18466806411743164,0.13915613293647766,-0.8220480680465698,-0.25218167901039124,-0.5105306506156921,0.003464899957180023,0.8943509459495544,-0.44735264778137207,0.5930953621864319,-0.006843090057373047,0.5809522271156311,0.5805413126945496,-0.8108920454978943,-0.07366025447845459,0.8068974614143372,0.5850679278373718,-0.081314317882061,0.3231356143951416,-0.010870933532714844,-0.031000062823295593,0.9977266788482666,-0.06739058345556259,2.0342220068414463e-06,0.06739058345556259,0.9977266788482666,1.185052610708226e-06,0.22255131602287292,0.10998223721981049,-0.031000148504972458,0.4237199127674103,-0.13172410428524017,-0.03099997714161873
112,-1.5437169075012207,0.30436259508132935,-0.2907741367816925,1.1856987476348877,-0.1630401909351349,1.9656163454055786,-0.8433331847190857,0.7308439612388611,-0.14372524619102478,-0.2850428521633148,-0.3664098083972931,-0.15193651616573334,0.05153109133243561,0.0337245874106884,0.02087865024805069,0.2108706682920456,1.200466275215149,-0.428602933883667,-0.8213673233985901,1.0598351955413818,-1.1176778078079224,-0.16479390859603882,0.869060218334198,0.7311924695968628,-0.18223577737808228,-0.040069546550512314,-0.44344258308410645,-0.09332945942878723,-0.39977478981018066,-0.15679576992988586,0.35290855169296265,-0.007570694200694561,-0.10958576202392578,0.18985319137573242,0.1426539570093155,-0.8316905498504639,-0.2277182638645172,-0.5063945651054382,0.032649461179971695,0.8903933167457581,-0.45401960611343384,0.6013644337654114,-0.022879600524902344,0.5752968192100525,0.5648097991943359,-0.8210013508796692,-0.08334654569625854,0.8170297741889954,0.5705391764640808,-0.08335140347480774,0.323135644197464,-0.010870933532714844,-0.031000062823295593,0.9977266788482666,-0.06739046424627304,1.9672677353810286e-06,0.06739046424627304,0.9977266788482666,1.048437979989103e-06,0.2225513458251953,0.10998222231864929,-0.031000155955553055,0.42371994256973267,-0.13172408938407898,-0.03099996969103813
113,-1.5428053140640259,0.290446937084198,-0.3121200501918793,1.1732196807861328,-0.15359249711036682,1.969099521636963,-0.8393567800521851,0.7308453321456909,0.018091494217514992,-0.19319742918014526,-0.2941916286945343,-0.18932196497917175,0.1330031454563141,0.050440773367881775,0.05305999889969826,0.19520488381385803,1.1895557641983032,-0.4284275472164154,-0.8484508991241455,1.048919677734375,-1.1457607746124268,-0.1759488880634308,0.8959403038024902,0.7312023639678955,-0.2149498015642166,0.02493875101208687,-0.45372235774993896,-0.20009595155715942,-0.397222101688385,-0.13909274339675903,0.3766120672225952,-0.002987299347296357,-0.10797423124313354,0.19525384902954102,0.14514517784118652,-0.8372743129730225,-0.20398291945457458,-0.5073095560073853,0.059058815240859985,0.8886415362358093,-0.45478376746177673,0.6101164817810059,-0.03927469253540039,0.5629546046257019,0.5460857152938843,-0.8323683738708496,-0.09462257474660873,0.8272819519042969,0.5536071062088013,-0.09551845490932465,0.3231356739997864,-0.010870933532714844,-0.03100002557039261,0.9977266788482666,-0.06739047914743423,1.481066647102125e-06,0.06739047914743423,0.9977266788482666,1.3383048553805565e-06,0.2225513756275177,0.10998222976922989,-0.031000033020973206,0.42371997237205505,-0.13172408938407898,-0.03100001811981201
114,-1.5341081619262695,0.2837410867214203,-0.3282371461391449,1.1591851711273193,-0.13988763093948364,1.9742377996444702,-0.8347052335739136,0.7308283448219299,0.17200805246829987,-0.05976142734289169,-0.20072579383850098,-0.22289569675922394,0.1955258995294571,0.07294882088899612,0.06240609660744667,0.23609086871147156,1.176521897315979,-0.42361027002334595,-0.875832736492157,1.0325530767440796,-1.172940969467163,-0.1875188797712326,0.9239403605461121,0.7312026023864746,-0.23680821061134338,0.10411518812179565,-0.4577122628688812,-0.28914400935173035,-0.386678546667099,-0.1433706283569336,0.3923923075199127,-0.0018317797221243382,-0.10246288776397705,0.20071935653686523,0.14660808444023132,-0.8378750085830688,-0.1832737773656845,-0.5141753554344177,0.07943109422922134,0.890988826751709,-0.44702303409576416,0.6185956001281738,-0.05500364303588867,0.544631838798523,0.5257920026779175,-0.8438946008682251,-0.10669860988855362,0.8362761735916138,0.5357802510261536,-0.11654069274663925,0.32313570380210876,-0.010870933532714844,-0.03100006654858589,0.9977266788482666,-0.06739051640033722,1.6678662859703763e-06,0.06739051640033722,0.9977266788482666,1.3925262010161532e-06,0.2225514054298401,0.10998222976922989,-0.031000088900327682,0.42372000217437744,-0.13172408938407898,-0.0310000441968441
115,-1.519311547279358,0.2853185534477234,-0.33786845207214355,1.1435468196868896,-0.12427851557731628,1.9802765846252441,-0.8320347666740417,0.730840265750885,0.28863510489463806,0.08305088430643082,-0.09593935310840607,-0.2561241388320923,0.2240876406431198,0.08542516827583313,0.03485381603240967,0.20941422879695892,1.1630626916885376,-0.4133131802082062,-0.903173565864563,1.012563943862915,-1.1989974975585938,-0.20019015669822693,0.9525708556175232,0.731182873249054,-0.2278519570827484,0.194651260972023,-0.4489261507987976,-0.3492374122142792,-0.37245774269104004,-0.15853892266750336,0.40038374066352844,0.00045953853987157345,-0.0942312479019165,0.20651817321777344,0.14706142246723175,-0.833275556564331,-0.16697023808956146,-0.5270417332649231,0.0917421281337738,0.89832603931427,-0.42964375019073486,0.6260965466499329,-0.0690913200378418,0.5215728878974915,0.5054236650466919,-0.8546895980834961,-0.11854420602321625,0.8427913188934326,0.5184466242790222,-0.1446232944726944,0.323135644197464,-0.010871410369873047,-0.031000062823295593,0.9977267384529114,-0.0673895999789238,1.9876206351909786e-06,0.0673895999789238,0.9977267384529114,1.195429604194942e-06,0.22255122661590576,0.10998166352510452,-0.03100014105439186,0.4237200617790222,-0.13172447681427002,-0.030999984592199326
116,-1.5001380443572998,0.2945179045200348,-0.34231606125831604,1.1260454654693604,-0.10774760693311691,1.987990140914917,-0.830657958984375,0.730842649936676,0.3587319850921631,0.20616021752357483,-0.018231436610221863,-0.29152458906173706,0.23750828206539154,0.10972617566585541,0.01727200858294964,0.22309492528438568,1.1516978740692139,-0.39832815527915955,-0.9293056130409241,0.9903516173362732,-1.223449468612671,-0.21546028554439545,0.9814998507499695,0.7311233878135681,-0.17557457089424133,0.2678116261959076,-0.4136759638786316,-0.38361069560050964,-0.3516359329223633,-0.19797223806381226,0.40517881512641907,0.007407951168715954,-0.08419430255889893,0.2134108543395996,0.1471901535987854,-0.8252905607223511,-0.15177255868911743,-0.5439305901527405,0.09739013761281967,0.9105209112167358,-0.4018293023109436,0.6312804222106934,-0.07967281341552734,0.4958919286727905,0.4885913133621216,-0.8627125024795532,-0.13040567934513092,0.8448389768600464,0.5051242709159851,-0.1763422191143036,0.3231356739997864,-0.010870933532714844,-0.03100002557039261,0.9977266788482666,-0.06739062070846558,1.5099644770089071e-06,0.06739062070846558,0.9977266788482666,1.3970268355478765e-06,0.2225513756275177,0.10998224467039108,-0.031000029295682907,0.42371997237205505,-0.13172411918640137,-0.03100002184510231
117,-1.4785782098770142,0.30927786231040955,-0.34308838844299316,1.1075040102005005,-0.0912117213010788,1.9975718259811401,-0.8323535919189453,0.7308192849159241,0.3923019468784332,0.2860201299190521,0.03435831889510155,-0.3075565695762634,0.23670852184295654,0.1356738805770874,-0.026649633422493935,0.23416118323802948,1.1424455642700195,-0.3797670602798462,-0.9536890387535095,0.9670215845108032,-1.2447830438613892,-0.23341217637062073,1.0105866193771362,0.7310870885848999,-0.1424134224653244,0.3172420263290405,-0.3841906189918518,-0.3973332643508911,-0.3077844977378845,-0.2366587072610855,0.4072151482105255,0.01631624437868595,-0.07343244552612305,0.2214031219482422,0.14766083657741547,-0.8143852949142456,-0.13655897974967957,-0.5640286207199097,0.09794089198112488,0.9256352186203003,-0.36552298069000244,0.6341469287872314,-0.08710575103759766,0.4692450761795044,0.4750317335128784,-0.868104100227356,-0.14401426911354065,0.8427821397781372,0.495896577835083,-0.2092960774898529,0.323135644197464,-0.010870933532714844,-0.03100002557039261,0.9977266788482666,-0.06739024072885513,1.4082411325944122e-06,0.06739024072885513,0.9977266788482666,1.2328785032877931e-06,0.22255131602287292,0.1099821999669075,-0.031000036746263504,0.42371997237205505,-0.1317240595817566,-0.031000014394521713
118,-1.4563181400299072,0.3258116841316223,-0.33974578976631165,1.0891450643539429,-0.07404475659132004,2.00870943069458,-0.8370654582977295,0.730834424495697,0.4122386574745178,0.2978392243385315,0.09645607322454453,-0.2976248264312744,0.24630297720432281,0.1577582061290741,-0.06877543032169342,0.2163945585489273,1.1355620622634888,-0.35886767506599426,-0.9771791696548462,0.9433760046958923,-1.2612930536270142,-0.2537382245063782,1.039727807044983,0.7310607433319092,-0.105727419257164,0.3488403260707855,-0.36658504605293274,-0.3994172215461731,-0.23963198065757751,-0.27056828141212463,0.4070820212364197,0.007340813521295786,-0.0621379017829895,0.22966527938842773,0.14888057112693787,-0.8006764650344849,-0.1222863718867302,-0.5864837765693665,0.09464002400636673,0.9408367872238159,-0.3253757059574127,0.63518887758255,-0.09243583679199219,0.4428236484527588,0.46297919750213623,-0.8715036511421204,-0.16165286302566528,0.8376374840736389,0.4898260831832886,-0.24173077940940857,0.32313570380210876,-0.010870933532714844,-0.03100006654858589,0.9977266788482666,-0.06739047169685364,1.618820192561543e-06,0.06739047169685364,0.9977266788482666,1.3003614185436163e-06,0.2225514054298401,0.10998222231864929,-0.03100009262561798,0.42372000217437744,-0.13172408938407898,-0.031000040471553802
119,-1.4338711500167847,0.3402850925922394,-0.33124542236328125,1.0723563432693481,-0.05518839880824089,2.021061658859253,-0.8440932035446167,0.7309125065803528,0.43103864789009094,0.2480844408273697,0.17516762018203735,-0.26334309577941895,0.2719419002532959,0.17565180361270905,-0.10013934969902039,0.11210538446903229,1.1318005323410034,-0.33712121844291687,-1.000348448753357,0.9206496477127075,-1.2720438241958618,-0.2764570415019989,1.068827509880066,0.7310318946838379,-0.0590447336435318,0.35323160886764526,-0.35469457507133484,-0.37726402282714844,-0.1576213389635086,-0.30659961700439453,0.40642276406288147,0.007861614227294922,-0.05005455017089844,0.23717784881591797,0.15100744366645813,-0.7838411331176758,-0.1113971397280693,-0.610887885093689,0.08771021664142609,0.9540519714355469,-0.28651657700538635,0.63475501537323,-0.09608268737792969,0.41828590631484985,0.4516652822494507,-0.8728739619255066,-0.18463370203971863,0.8302801251411438,0.486969530582428,-0.27110081911087036,0.323135644197464,-0.010870933532714844,-0.031000062823295593,0.9977266788482666,-0.067390576004982,2.009724084928166e-06,0.067390576004982,0.9977266788482666,1.149164859270968e-06,0.2225513458251953,0.10998223721981049,-0.031000148504972458,0.42371994256973267,-0.13172410428524017,-0.03099997714161873
120,-1.4115406274795532,0.3504452109336853,-0.31881681084632874,1.057993769645691,-0.03447578474879265,2.0341029167175293,-0.8517013788223267,0.730988085269928,0.4258682131767273,0.16687451303005219,0.22795158624649048,-0.21844173967838287,0.29799726605415344,0.1855616569519043,-0.10811537504196167,0.03231791406869888,1.1308680772781372,-0.31607764959335327,-1.0233839750289917,0.9002995491027832,-1.2757123708724976,-0.3014722466468811,1.0977578163146973,0.7310156226158142,-0.02477625384926796,0.3301715552806854,-0.34918874502182007,-0.3283645510673523,-0.05596011504530907,-0.3408428132534027,0.40399476885795593,0.006080970633774996,-0.03741168975830078,0.24349021911621094,0.15396738052368164,-0.764930009841919,-0.10428686439990997,-0.6356151700019836,0.07831431925296783,0.9644268751144409,-0.25248298048973083,0.6336026191711426,-0.0988459587097168,0.3975341022014618,0.43958890438079834,-0.8722968697547913,-0.2141488641500473,0.822396457195282,0.48674649000167847,-0.29451996088027954,0.3231356739997864,-0.010870933532714844,-0.03100002557039261,0.9977266788482666,-0.06739050894975662,1.5118207556952257e-06,0.06739050894975662,0.9977266788482666,1.391191290167626e-06,0.2225513756275177,0.10998222976922989,-0.031000033020973206,0.42371997237205505,-0.13172408938407898,-0.03100001811981201
121,-1.391374945640564,0.3558753728866577,-0.3072941303253174,1.0472126007080078,-0.01281012687832117,2.046198844909668,-0.85759037733078,0.7309946417808533,0.3496988117694855,0.07932699471712112,0.19332826137542725,-0.1568921059370041,0.30894288420677185,0.17202234268188477,-0.08307495713233948,-0.0044625019654631615,1.1320457458496094,-0.2982308864593506,-1.0457139015197754,0.8834367394447327,-1.2746988534927368,-0.3271687626838684,1.1260603666305542,0.7310336828231812,-0.00041217502439394593,0.2690289318561554,-0.33459022641181946,-0.2626391351222992,0.011858873069286346,-0.3539596199989319,0.3958567976951599,-0.0059402985498309135,-0.02536463737487793,0.2482304573059082,0.15716800093650818,-0.7472540140151978,-0.0985620990395546,-0.6571886539459229,0.07129038870334625,0.9713431596755981,-0.22673802077770233,0.6322618722915649,-0.10134601593017578,0.3818647563457489,0.42673665285110474,-0.8697534203529358,-0.24784007668495178,0.8154932856559753,0.48854124546051025,-0.31031936407089233,0.32313573360443115,-0.010870933532714844,-0.03100007027387619,0.9977267384529114,-0.06738998740911484,1.4863802562103956e-06,0.06738998740911484,0.9977267384529114,1.3413260830930085e-06,0.2225513458251953,0.10998217761516571,-0.031000077724456787,0.423720121383667,-0.1317240446805954,-0.031000062823295593
122,-1.376724123954773,0.35768944025039673,-0.29896000027656555,1.039310097694397,0.00870542973279953,2.057173252105713,-0.861125648021698,0.7309762239456177,0.2316371202468872,0.022852033376693726,0.13012011349201202,-0.11439495533704758,0.3041762709617615,0.15562812983989716,-0.0501667857170105,0.04570614919066429,1.1340768337249756,-0.28297820687294006,-1.067436933517456,0.8690043687820435,-1.2735636234283447,-0.3518699109554291,1.1530747413635254,0.7310231328010559,0.009657897055149078,0.23385435342788696,-0.32725492119789124,-0.23122531175613403,0.013302357867360115,-0.3386726379394531,0.3769819736480713,0.011518603190779686,-0.014620780944824219,0.25182294845581055,0.16041922569274902,-0.7325118780136108,-0.09040773659944534,-0.6747243404388428,0.0711817815899849,0.9755369424819946,-0.20799249410629272,0.630884051322937,-0.10408639907836914,0.3692043125629425,0.4134483337402344,-0.8662276268005371,-0.28055340051651,0.8096451759338379,0.49072206020355225,-0.32197287678718567,0.323135644197464,-0.010870933532714844,-0.031000062823295593,0.9977266788482666,-0.06739053875207901,1.991906856346759e-06,0.06739053875207901,0.9977266788482666,1.123424567595066e-06,0.2225513458251953,0.10998222976922989,-0.031000152230262756,0.42371994256973267,-0.13172408938407898,-0.03099997341632843
123,-1.368593454360962,0.35798773169517517,-0.30122053623199463,1.041081190109253,0.020293088629841805,2.0608670711517334,-0.8633728623390198,0.7304127812385559,0.043564703315496445,-0.0433063879609108,-0.018566032871603966,0.034283529967069626,0.022024184465408325,-0.029154740273952484,-0.36073362827301025,0.29553550481796265,1.1369301080703735,-0.2700496315956116,-1.0882757902145386,0.8562003970146179,-1.2725343704223633,-0.37529027462005615,1.177882194519043,0.7310139536857605,0.023949034512043,0.19672533869743347,-0.31070151925086975,-0.20371483266353607,0.011979050002992153,-0.32260385155677795,0.34684985876083374,0.012823277153074741,-0.009944498538970947,0.2512679100036621,0.1611802726984024,-0.7267067432403564,-0.08833969384431839,-0.6812439560890198,0.07548753172159195,0.9754217863082886,-0.2070121020078659,0.6293623447418213,-0.10670661926269531,0.35877498984336853,0.40068042278289795,-0.8617550730705261,-0.3111807703971863,0.8044714331626892,0.49344736337661743,-0.33065927028656006,0.323135644197464,-0.010870933532714844,-0.031000062823295593,0.9977266788482666,-0.06739048659801483,2.07234938898182e-06,0.06739048659801483,0.9977266788482666,1.284819745706045e-06,0.2225513458251953,0.10998222976922989,-0.03100014105439186,0.42371994256973267,-0.13172408938407898,-0.030999984592199326
124,-1.3689273595809937,0.35883697867393494,-0.3078153133392334,1.0437538623809814,0.032202914357185364,2.0655150413513184,-0.8650093674659729,0.7303300499916077,-0.05123551934957504,0.009629061445593834,-0.09634903818368912,0.03150167316198349,-0.008723869919776917,-0.06126374006271362,-0.3679177463054657,0.31402888894081116,1.1382933855056763,-0.25845813751220703,-1.1087483167648315,0.8448361754417419,-1.2716069221496582,-0.3974440097808838,1.200462818145752,0.7310274839401245,-0.019573455676436424,0.17310194671154022,-0.3166747987270355,-0.1792641580104828,0.012092392891645432,-0.30303362011909485,0.3151741921901703,0.007573048118501902,-0.006294369697570801,0.25062990188598633,0.16221913695335388,-0.7232062816619873,-0.07679859548807144,-0.6863489151000977,0.09190703183412552,0.9742567539215088,-0.20585636794567108,0.628394603729248,-0.11078929901123047,0.34986305236816406,0.3862859010696411,-0.857711672782898,-0.3392844498157501,0.8011183738708496,0.49429088830947876,-0.3374699354171753,0.3231356739997864,-0.010870933532714844,-0.03100002557039261,0.9977266788482666,-0.0673903152346611,1.5119784393391456e-06,0.0673903152346611,0.9977266788482666,1.3991895002618548e-06,0.2225513458251953,0.1099822074174881,-0.031000029295682907,0.42372000217437744,-0.13172407448291779,-0.03100002184510231
125,-1.374535083770752,0.36084720492362976,-0.31698983907699585,1.046707034111023,0.04652642458677292,2.071953773498535,-0.8660781383514404,0.7304657697677612,-0.1345469355583191,0.017431162297725677,-0.13360074162483215,0.028563473373651505,0.12996146082878113,0.02247224748134613,-0.2126922309398651,0.26627904176712036,1.1391891241073608,-0.2511439025402069,-1.1282602548599243,0.8368589878082275,-1.2684168815612793,-0.4197806715965271,1.2201817035675049,0.7310228943824768,-0.02501411736011505,0.09166140109300613,-0.2919050455093384,-0.10741830617189407,0.047103434801101685,-0.31197890639305115,0.27614930272102356,0.0005827422719448805,-0.0024454593658447266,0.2500643730163574,0.16373616456985474,-0.719998836517334,-0.05690851807594299,-0.691638171672821,0.11775173991918564,0.9721624255180359,-0.20257040858268738,0.6281928420066833,-0.11561870574951172,0.3457282781600952,0.37293583154678345,-0.8519285917282104,-0.36760953068733215,0.8004034757614136,0.4957854747772217,-0.3369735777378082,0.323135644197464,-0.010870933532714844,-0.03100002557039261,0.9977266788482666,-0.06739022582769394,1.3830688203597674e-06,0.06739022582769394,0.9977266788482666,1.228770202033047e-06,0.22255131602287292,0.1099821999669075,-0.031000036746263504,0.42371997237205505,-0.1317240595817566,-0.031000014394521713
126,-1.3848302364349365,0.3637409210205078,-0.3272206783294678,1.0475372076034546,0.06403570622205734,2.0813214778900146,-0.8659473061561584,0.7307022213935852,-0.21643008291721344,0.046568430960178375,-0.1705940067768097,-0.005262516438961029,0.2443447858095169,0.1350569874048233,0.00024166889488697052,0.3735407888889313,1.1411200761795044,-0.24840103089809418,-1.1462938785552979,0.8324874043464661,-1.263997197151184,-0.44282177090644836,1.237085223197937,0.730993390083313,-0.001744852284900844,0.02232905849814415,-0.2632848620414734,-0.05067607760429382,0.06481026858091354,-0.3241872489452362,0.23651641607284546,0.009370371699333191,0.002253234386444092,0.25035810470581055,0.1662944257259369,-0.7157424688339233,-0.02720155008137226,-0.6978344917297363,0.15218034386634827,0.9691533446311951,-0.19386319816112518,0.6282641291618347,-0.11974620819091797,0.34656819701194763,0.36399102210998535,-0.843233585357666,-0.39555981755256653,0.8012101650238037,0.5000333786010742,-0.32867753505706787,0.32313570380210876,-0.010870933532714844,-0.03100006654858589,0.9977266788482666,-0.06739047914743423,1.6101975006677094e-06,0.06739047914743423,0.9977266788482666,1.3051213727521827e-06,0.2225514054298401,0.10998222976922989,-0.03100009262561798,0.42372000217437744,-0.13172408938407898,-0.031000040471553802
127,-1.3986082077026367,0.36836519837379456,-0.34080392122268677,1.0499919652938843,0.08028057217597961,2.0889499187469482,-0.8651854395866394,0.730686366558075,-0.2882228493690491,0.06268108636140823,-0.23231659829616547,0.03307066857814789,0.21962909400463104,0.10195676982402802,0.005815956275910139,0.409993976354599,1.1440904140472412,-0.24888677895069122,-1.1623896360397339,0.8312535881996155,-1.2581875324249268,-0.46612390875816345,1.2511786222457886,0.7309916615486145,0.016015877947211266,-0.026168836280703545,-0.23190316557884216,-0.0009121645707637072,0.08519397675991058,-0.32892435789108276,0.1967945098876953,-0.00019187107682228088,0.00562208890914917,0.24971342086791992,0.1680651605129242,-0.7127096652984619,0.00500459223985672,-0.7014413475990295,0.190995454788208,0.9635772109031677,-0.18718884885311127,0.6285319328308105,-0.12290573120117188,0.35136479139328003,0.3596288561820984,-0.8320645689964294,-0.4222981333732605,0.8029592633247375,0.5065051317214966,-0.31418004631996155,0.323135644197464,-0.010870933532714844,-0.031000062823295593,0.9977266788482666,-0.06739058345556259,2.0280774606362684e-06,0.06739058345556259,0.9977266788482666,1.176852720163879e-06,0.2225513458251953,0.10998223721981049,-0.031000148504972458,0.42371994256973267,-0.13172410428524017,-0.03099997714161873
128,-1.414332628250122,0.37373265624046326,-0.35620859265327454,1.0525085926055908,0.09593455493450165,2.0953781604766846,-0.8638453483581543,0.7306753993034363,-0.3021824061870575,0.07910071313381195,-0.25163498520851135,0.02859489805996418,0.21345822513103485,0.08712263405323029,0.015978874638676643,0.40745779871940613,1.1470017433166504,-0.24977551400661469,-1.1776866912841797,0.829884946346283,-1.2525708675384521,-0.48882585763931274,1.2650959491729736,0.7309961915016174,0.01458017248660326,-0.01988431252539158,-0.22765444219112396,-0.01856045052409172,0.08010298013687134,-0.3175719976425171,0.19470377266407013,-0.0008338531479239464,0.00827646255493164,0.2486433982849121,0.16937166452407837,-0.7096008062362671,0.03886837139725685,-0.7035312652587891,0.23218464851379395,0.9556081891059875,-0.18139271438121796,0.6286072134971619,-0.12590456008911133,0.35625553131103516,0.355863094329834,-0.8200322389602661,-0.4482283592224121,0.8045650720596313,0.5128346681594849,-0.29945895075798035,0.3231356739997864,-0.010870933532714844,-0.03100002557039261,0.9977266788482666,-0.06739051640033722,1.5259905694620102e-06,0.06739051640033722,0.9977266788482666,1.4232343801268144e-06,0.2225513756275177,0.10998222976922989,-0.031000029295682907,0.42371997237205505,-0.13172408938407898,-0.03100002184510231
129,-1.4307241439819336,0.3801284432411194,-0.3729058802127838,1.054862380027771,0.11100131273269653,2.100433826446533,-0.8621397614479065,0.7306678891181946,-0.3164902925491333,0.09482232481241226,-0.27217525243759155,0.025308147072792053,0.20387890934944153,0.06648195534944534,0.019661320373415947,0.43167829513549805,1.1498647928237915,-0.2503907084465027,-1.1921495199203491,0.8273633718490601,-1.2474393844604492,-0.5105131268501282,1.27902352809906,0.7309937477111816,0.0207293052226305,-0.013452127575874329,-0.2133304923772812,-0.037802278995513916,0.0725029781460762,-0.30359262228012085,0.19496971368789673,0.0010515302419662476,0.010348856449127197,0.24727249145507812,0.17012733221054077,-0.7060977220535278,0.07335764914751053,-0.7043043971061707,0.2739671468734741,0.9454625248908997,-0.17618899047374725,0.6282662153244019,-0.12855195999145508,0.3601771295070648,0.3520689606666565,-0.8075658082962036,-0.47316476702690125,0.8054949045181274,0.5188832879066467,-0.2862483561038971,0.32313573360443115,-0.010870933532714844,-0.03100006654858589,0.9977266788482666,-0.06739049404859543,1.6114386198751163e-06,0.06739049404859543,0.9977266788482666,1.3126098110660678e-06,0.22255143523216248,0.10998222976922989,-0.03100009262561798,0.42372003197669983,-0.13172408938407898,-0.031000040471553802
130,-1.4475955963134766,0.3872973322868347,-0.39071619510650635,1.0570508241653442,0.1254447102546692,2.10394024848938,-0.8605062961578369,0.7306675910949707,-0.32436177134513855,0.10599230974912643,-0.2887836694717407,0.022622989490628242,0.19489851593971252,0.04443776234984398,0.018615977838635445,0.43400365114212036,1.1531553268432617,-0.2503136098384857,-1.2054280042648315,0.8232117891311646,-1.2432183027267456,-0.5310336351394653,1.2934194803237915,0.7309998273849487,0.037756241858005524,0.002089503686875105,-0.19307462871074677,-0.06738977879285812,0.058410100638866425,-0.2859034836292267,0.20058591663837433,0.03119681403040886,0.011826515197753906,0.24560022354125977,0.1702766716480255,-0.7019091844558716,0.10779385268688202,-0.7040625810623169,0.3158568739891052,0.9330803155899048,-0.17203371226787567,0.6272144913673401,-0.13016891479492188,0.36260050535202026,0.3484804630279541,-0.7946427464485168,-0.4970957636833191,0.8050350546836853,0.5253766775131226,-0.2754957973957062,0.323135644197464,-0.010870933532714844,-0.031000062823295593,0.9977266788482666,-0.06739005446434021,1.9836859337374335e-06,0.06739005446434021,0.9977266788482666,1.402955490448221e-06,0.22255128622055054,0.10998217761516571,-0.03100011870265007,0.42372000217437744,-0.1317240446805954,-0.031000006943941116
131,-1.4644635915756226,0.39542293548583984,-0.4093526601791382,1.0589505434036255,0.1392761617898941,2.1062793731689453,-0.8594513535499573,0.7306674122810364,-0.32194197177886963,0.12288666516542435,-0.29940149188041687,0.016601743176579475,0.18624992668628693,0.027873719111084938,0.010457245633006096,0.43600672483444214,1.1570466756820679,-0.24948829412460327,-1.2170188426971436,0.8176301717758179,-1.2398958206176758,-0.5502561926841736,1.308336615562439,0.7309918403625488,0.0547909215092659,0.0152836162596941,-0.1656077802181244,-0.08973541110754013,0.044937171041965485,-0.26868948340415955,0.20870748162269592,0.008867630735039711,0.012796342372894287,0.2437901496887207,0.16993620991706848,-0.6966607570648193,0.14197443425655365,-0.7032119035720825,0.35712486505508423,0.9187685251235962,-0.16830383241176605,0.6253958344459534,-0.13034629821777344,0.3636515140533447,0.345403254032135,-0.7812577486038208,-0.5199355483055115,0.8029624223709106,0.5327993631362915,-0.2671634554862976,0.323135644197464,-0.010871410369873047,-0.031000062823295593,0.9977267384529114,-0.0673896074295044,2.017845190493972e-06,0.0673896074295044,0.9977267384529114,1.2392258668114664e-06,0.22255122661590576,0.10998166352510452,-0.03100014105439186,0.4237200617790222,-0.13172447681427002,-0.030999984592199326
132,-1.4804710149765015,0.4046706557273865,-0.42819133400917053,1.0603975057601929,0.15268349647521973,2.108090400695801,-0.8592456579208374,0.7306722402572632,-0.30000439286231995,0.142610102891922,-0.29772433638572693,0.00865574087947607,0.18162976205348969,0.02140963077545166,-0.00010286504402756691,0.4179035723209381,1.16144597530365,-0.24804267287254333,-1.226636528968811,0.8115195631980896,-1.2373178005218506,-0.5682568550109863,1.3236815929412842,0.7310084104537964,0.06838297098875046,0.024860942736268044,-0.1344902217388153,-0.09600204974412918,0.034099481999874115,-0.25283005833625793,0.21592192351818085,0.0035564303398132324,0.013520598411560059,0.24203014373779297,0.16931632161140442,-0.6900231838226318,0.17552730441093445,-0.7021811008453369,0.39668041467666626,0.9031808376312256,-0.16403992474079132,0.6229991316795349,-0.12909507751464844,0.3639843761920929,0.34317898750305176,-0.7674692273139954,-0.5414972305297852,0.7995442748069763,0.5412330627441406,-0.26037609577178955,0.3231356739997864,-0.010870933532714844,-0.03100002557039261,0.9977266788482666,-0.06739060580730438,1.5160086377363768e-06,0.06739060580730438,0.9977266788482666,1.4094053994995193e-06,0.2225513756275177,0.10998223721981049,-0.031000029295682907,0.42371997237205505,-0.13172410428524017,-0.03100002184510231
133,-1.4951868057250977,0.4151180386543274,-0.4471338391304016,1.061333179473877,0.16554757952690125,2.109265089035034,-0.8598049879074097,0.7306782007217407,-0.2785356938838959,0.16249001026153564,-0.2976895868778229,5.471314943861216e-05,0.1740662157535553,0.012312466278672218,-0.010772712528705597,0.410925954580307,1.1662278175354004,-0.24596275389194489,-1.2342501878738403,0.804919421672821,-1.2357187271118164,-0.584784746170044,1.3394702672958374,0.7310061454772949,0.0809260681271553,0.03696483373641968,-0.1036476120352745,-0.1057489737868309,0.019600799307227135,-0.23156188428401947,0.22195357084274292,-0.009074436500668526,0.014017581939697266,0.24039173126220703,0.16837269067764282,-0.6823534965515137,0.2080681473016739,-0.7007861733436584,0.43395769596099854,0.8867446184158325,-0.15926291048526764,0.6200423836708069,-0.12648487091064453,0.36349886655807495,0.3415408134460449,-0.7536128759384155,-0.5616204142570496,0.7947683334350586,0.5505458116531372,-0.2554263472557068,0.323135644197464,-0.010870933532714844,-0.03100002557039261,0.9977266788482666,-0.06739022582769394,1.396314019075362e-06,0.06739022582769394,0.9977266788482666,1.2522471024567494e-06,0.22255131602287292,0.1099821999669075,-0.031000033020973206,0.42371997237205505,-0.1317240595817566,-0.03100001811981201
134,-1.5086272954940796,0.42676302790641785,-0.4662615656852722,1.0617228746414185,0.17754995822906494,2.109914779663086,-0.8611112833023071,0.7306843400001526,-0.25764599442481995,0.18210327625274658,-0.2988136410713196,-0.009204337373375893,0.16117164492607117,0.004000180400907993,-0.02244582213461399,0.41735485196113586,1.1713045835494995,-0.2431240826845169,-1.23997962474823,0.7980067729949951,-1.2352745532989502,-0.5996559858322144,1.3555488586425781,0.7309859395027161,0.0902199000120163,0.049666061997413635,-0.07449507713317871,-0.11150149255990982,0.00299701071344316,-0.20813485980033875,0.22497797012329102,0.004598394967615604,0.0142059326171875,0.23899173736572266,0.16715115308761597,-0.673979640007019,0.23966145515441895,-0.6987944841384888,0.4688413143157959,0.8697731494903564,-0.15389133989810944,0.6165948510169983,-0.12267017364501953,0.3621276021003723,0.3402673602104187,-0.7401584982872009,-0.5799857378005981,0.7887105345726013,0.560491144657135,-0.2525576949119568,0.32313570380210876,-0.010870933532714844,-0.03100006654858589,0.9977266788482666,-0.06739048659801483,1.63749916737288e-06,0.06739048659801483,0.9977266788482666,1.3244632555142744e-06,0.2225514054298401,0.10998222976922989,-0.03100009262561798,0.42372000217437744,-0.13172408938407898,-0.031000040471553802
135,-1.521543025970459,0.4394584894180298,-0.4855945110321045,1.06183922290802,0.18905231356620789,2.1099536418914795,-0.8626667261123657,0.7306862473487854,-0.2527051866054535,0.1973138451576233,-0.30325087904930115,-0.013385303318500519,0.15394166111946106,-0.004804590716958046,-0.025895023718476295,0.4158083200454712,1.176743745803833,-0.23996934294700623,-1.2446023225784302,0.7907562851905823,-1.2350804805755615,-0.613560676574707,1.371720790863037,0.7309905886650085,0.09425761550664902,0.05334990844130516,-0.06004784628748894,-0.11575641483068466,-0.0004566057468764484,-0.19496937096118927,0.2273148149251938,0.001996635925024748,0.014103293418884277,0.23769283294677734,0.16560062766075134,-0.6650553941726685,0.27077242732048035,-0.6959767937660217,0.5022304058074951,0.851889967918396,-0.14848585426807404,0.6128115653991699,-0.11810874938964844,0.36029890179634094,0.3389122486114502,-0.7266544699668884,-0.5975883603096008,0.7818295359611511,0.5708514451980591,-0.2507413625717163,0.323135644197464,-0.010870933532714844,-0.031000062823295593,0.9977266788482666,-0.06739059090614319,2.0189174847473623e-06,0.06739059090614319,0.9977266788482666,1.1786111144829192e-06,0.2225513458251953,0.10998223721981049,-0.031000148504972458,0.42371994256973267,-0.13172410428524017,-0.03099997714161873
136,-1.534482717514038,0.4532724916934967,-0.5052821636199951,1.0616530179977417,0.2000366896390915,2.1097590923309326,-0.8643696904182434,0.7306802868843079,-0.2550067603588104,0.21567267179489136,-0.3094295859336853,-0.019541030749678612,0.14707081019878387,-0.0074208928272128105,-0.02674674242734909,0.4103524088859558,1.182031273841858,-0.2367331087589264,-1.2490085363388062,0.7832052707672119,-1.2348265647888184,-0.6268647909164429,1.3879449367523193,0.7310039401054382,0.08532258868217468,0.0531122051179409,-0.06001826375722885,-0.11972130089998245,0.0008834831533022225,-0.18519440293312073,0.22626915574073792,0.16897542774677277,0.013681650161743164,0.23657751083374023,0.16384950280189514,-0.6554151773452759,0.30219998955726624,-0.6921749114990234,0.5347224473953247,0.8328939080238342,-0.14268742501735687,0.6089886426925659,-0.11365938186645508,0.3581874370574951,0.33651798963546753,-0.7131845951080322,-0.6149173974990845,0.7749004364013672,0.5807586312294006,-0.24949714541435242,0.3231356739997864,-0.010870933532714844,-0.03100002557039261,0.9977266788482666,-0.06739052385091782,1.5355003597505856e-06,0.06739052385091782,0.9977266788482666,1.4164804724714486e-06,0.2225513756275177,0.10998222976922989,-0.031000029295682907,0.42371997237205505,-0.13172408938407898,-0.03100002184510231
137,-1.547643780708313,0.469108521938324,-0.5253658294677734,1.0613040924072266,0.21012715995311737,2.109658718109131,-0.866057813167572,0.7306681871414185,-0.258892297744751,0.2510378658771515,-0.3148668706417084,-0.025351939722895622,0.13405334949493408,-0.006547970697283745,-0.02664407156407833,0.4267786741256714,1.1865333318710327,-0.23328053951263428,-1.2525379657745361,0.7761874198913574,-1.2324163913726807,-0.6392887234687805,1.4033548831939697,0.7309984564781189,0.07484637945890427,0.05486975982785225,-0.04654201120138168,-0.10720957070589066,0.031975217163562775,-0.17425382137298584,0.2164136916399002,0.007454461418092251,0.012826502323150635,0.23583602905273438,0.1619323194026947,-0.6452115774154663,0.3347819745540619,-0.686748206615448,0.5662188529968262,0.8130186796188354,-0.13563477993011475,0.6057273745536804,-0.10976696014404297,0.35655030608177185,0.3326985836029053,-0.6999406814575195,-0.631976842880249,0.7690733671188354,0.5892106294631958,-0.2477034032344818,0.3231356739997864,-0.010870933532714844,-0.03100002557039261,0.9977266788482666,-0.06739058345556259,1.475971657782793e-06,0.06739058345556259,0.9977266788482666,1.3424495364233735e-06,0.2225513756275177,0.10998223721981049,-0.031000033020973206,0.42371997237205505,-0.13172410428524017,-0.03100001811981201
138,-1.5609943866729736,0.4856208860874176,-0.5453618764877319,1.061140537261963,0.21971680223941803,2.1094186305999756,-0.8673772215843201,0.730675995349884,-0.2583528757095337,0.25401943922042847,-0.31327325105667114,-0.019313614815473557,0.1265241652727127,-0.009367579594254494,-0.02280648797750473,0.42996639013290405,1.1910419464111328,-0.22975437343120575,-1.255841612815857,0.7703632712364197,-1.2287172079086304,-0.6518729329109192,1.4179245233535767,0.7309909462928772,0.07477263361215591,0.05391799286007881,-0.04177903011441231,-0.08711609244346619,0.05064089968800545,-0.17685987055301666,0.2038411647081375,0.016097569838166237,0.011658430099487305,0.23517131805419922,0.15985292196273804,-0.6345683336257935,0.36711758375167847,-0.6801087260246277,0.5965035557746887,0.792184591293335,-0.12894606590270996,0.6028974056243896,-0.1061258316040039,0.3558836579322815,0.3291562795639038,-0.6864665150642395,-0.6483979225158691,0.7639798521995544,0.5971649885177612,-0.24439465999603271,0.323135644197464,-0.010870933532714844,-0.03100002557039261,0.9977266788482666,-0.06739024072885513,1.3767311202173005e-06,0.06739024072885513,0.9977266788482666,1.1551367151696468e-06,0.22255131602287292,0.1099821999669075,-0.0310000441968441,0.42371997237205505,-0.1317240595817566,-0.031000006943941116
139,-1.5750445127487183,0.5026898384094238,-0.565911591053009,1.061723232269287,0.22685882449150085,2.1081418991088867,-0.8688616752624512,0.7306859493255615,-0.27875688672065735,0.2611275315284729,-0.3279981017112732,-0.008754787966609001,0.09161599725484848,-0.02370663359761238,-0.023730609565973282,0.4075654447078705,1.1959021091461182,-0.2250027060508728,-1.2571942806243896,0.7657290101051331,-1.2235524654388428,-0.6633321642875671,1.4309053421020508,0.7309901714324951,0.10179714113473892,0.07843177020549774,-0.004574435297399759,-0.07254335284233093,0.06968827545642853,-0.16142383217811584,0.18191897869110107,-0.004247152712196112,0.009310007095336914,0.23482942581176758,0.1573369801044464,-0.6248294115066528,0.39825448393821716,-0.6715517640113831,0.6247643232345581,0.7708824872970581,-0.12413586676120758,0.6002790331840515,-0.10166788101196289,0.3555087745189667,0.32668131589889526,-0.6739395260810852,-0.6626348495483398,0.7587760090827942,0.6050212383270264,-0.24126377701759338,0.32313573360443115,-0.010870933532714844,-0.03100007027387619,0.9977267384529114,-0.06738996505737305,1.3992756748848478e-06,0.06738996505737305,0.9977267384529114,1.1164573834321345e-06,0.2225513458251953,0.10998217761516571,-0.03100009635090828,0.423720121383667,-0.1317240446805954,-0.0310000441968441
140,-1.5903666019439697,0.519973635673523,-0.5870239734649658,1.063226342201233,0.23196928203105927,2.10583233833313,-0.8703722953796387,0.7306985855102539,-0.2991718053817749,0.26100873947143555,-0.3383866548538208,0.005412764847278595,0.062076009809970856,-0.03922584652900696,-0.02525966800749302,0.4042333960533142,1.2022850513458252,-0.21895989775657654,-1.2567216157913208,0.7620089650154114,-1.2167011499404907,-0.6744635105133057,1.4423516988754272,0.7309783101081848,0.13072936236858368,0.09751011431217194,0.025084391236305237,-0.05864281207323074,0.09314927458763123,-0.1578473299741745,0.16057762503623962,0.06384693086147308,0.005823493003845215,0.2347579002380371,0.15441371500492096,-0.6157239675521851,0.4284437894821167,-0.6613016724586487,0.6516315937042236,0.7487187385559082,-0.12164084613323212,0.5974696278572083,-0.09561538696289062,0.3554854989051819,0.326294481754303,-0.6615549921989441,-0.6751865744590759,0.7525761127471924,0.614018976688385,-0.23792822659015656,0.3231356143951416,-0.010870933532714844,-0.031000062823295593,0.9977266788482666,-0.0673905611038208,2.0382506136229495e-06,0.0673905611038208,0.9977266788482666,1.226669496645627e-06,0.22255131602287292,0.10998223721981049,-0.03100014477968216,0.4237199127674103,-0.13172410428524017,-0.030999980866909027
141,-1.6067712306976318,0.5375585556030273,-0.608648419380188,1.0657082796096802,0.2347220778465271,2.1024012565612793,-0.871942937374115,0.7307126522064209,-0.316630095243454,0.2649259567260742,-0.34786325693130493,0.019263722002506256,0.02926330827176571,-0.05440276116132736,-0.024769669398665428,0.3796810209751129,1.210069179534912,-0.2115148901939392,-1.2544481754302979,0.7593666315078735,-1.208129644393921,-0.6851925253868103,1.4521427154541016,0.7309865951538086,0.16000522673130035,0.11932357400655746,0.054543301463127136,-0.04255782067775726,0.11697427928447723,-0.15156126022338867,0.13663744926452637,0.04256562143564224,0.0011286139488220215,0.23516273498535156,0.1510925441980362,-0.6076037883758545,0.457542359828949,-0.6492092609405518,0.6766197085380554,0.7262531518936157,-0.1214170753955841,0.5945255756378174,-0.08809280395507812,0.35580945014953613,0.32794493436813354,-0.6495856642723083,-0.6859232783317566,0.7454974055290222,0.6239174604415894,-0.23443691432476044,0.323135644197464,-0.010870933532714844,-0.031000062823295593,0.9977266788482666,-0.06739046424627304,1.970778839677223e-06,0.06739046424627304,0.9977266788482666,1.061404077518091e-06,0.2225513458251953,0.10998222231864929,-0.031000155955553055,0.42371994256973267,-0.13172408938407898,-0.03099996969103813
142,-1.6244373321533203,0.5547685623168945,-0.6305005550384521,1.0692780017852783,0.23653210699558258,2.0981552600860596,-0.8727750778198242,0.7307252287864685,-0.33585667610168457,0.25376060605049133,-0.35354119539260864,0.03715809807181358,0.016084009781479836,-0.06586654484272003,-0.014368174597620964,0.36630281805992126,1.2193509340286255,-0.20401722192764282,-1.251571536064148,0.758525013923645,-1.197878360748291,-0.6968855857849121,1.4599424600601196,0.7309880256652832,0.17421972751617432,0.11280659586191177,0.06243133917450905,-0.008990895003080368,0.14215467870235443,-0.1670353263616562,0.10926371812820435,-0.004070613067597151,-0.0043694376945495605,0.23572826385498047,0.14749868214130402,-0.5998265743255615,0.4858841001987457,-0.6357082724571228,0.7005089521408081,0.7028259634971619,-0.12378610670566559,0.5916048884391785,-0.07970094680786133,0.35772591829299927,0.3327409625053406,-0.6368284225463867,-0.695509135723114,0.738091230392456,0.634922981262207,-0.2282412052154541,0.3231356739997864,-0.010870933532714844,-0.03100002557039261,0.9977266788482666,-0.06739047914743423,1.5005618934083031e-06,0.06739047914743423,0.9977266788482666,1.3441585906548426e-06,0.2225513756275177,0.10998222976922989,-0.031000036746263504,0.42371997237205505,-0.13172408938407898,-0.031000014394521713
143,-1.6429978609085083,0.5715101361274719,-0.6525126695632935,1.0737693309783936,0.23766717314720154,2.093308925628662,-0.8728172779083252,0.7307360172271729,-0.34774327278137207,0.2457510083913803,-0.35625579953193665,0.050453707575798035,0.0065625328570604324,-0.0742972195148468,-0.0032552650664001703,0.35477322340011597,1.229236125946045,-0.1969502866268158,-1.2485979795455933,0.7597647905349731,-1.186336874961853,-0.7094650864601135,1.4659221172332764,0.7309584021568298,0.17932146787643433,0.10376521199941635,0.06314098834991455,0.024412989616394043,0.16096557676792145,-0.1794494390487671,0.08341573923826218,0.04342123121023178,-0.010509371757507324,0.2365121841430664,0.14374183118343353,-0.5922086238861084,0.5135363936424255,-0.620942234992981,0.723135769367218,0.6786670684814453,-0.12839685380458832,0.5890161991119385,-0.07128238677978516,0.36146080493927,0.3401082754135132,-0.6234261989593506,-0.7040355205535889,0.7311348915100098,0.6461408138275146,-0.21896067261695862,0.32313573360443115,-0.010870933532714844,-0.03100006654858589,0.9977266788482666,-0.06739051640033722,1.6616895663901232e-06,0.06739051640033722,0.9977266788482666,1.409071842317644e-06,0.22255143523216248,0.10998222976922989,-0.031000085175037384,0.42372003197669983,-0.13172408938407898,-0.0310000479221344
144,-1.6622287034988403,0.5881367921829224,-0.6747965216636658,1.078894019126892,0.23789192736148834,2.087869644165039,-0.8721963167190552,0.7307429313659668,-0.35890406370162964,0.243986114859581,-0.3616563379764557,0.0586884580552578,-0.006591028533875942,-0.08276987075805664,0.006094187498092651,0.34784841537475586,1.239209532737732,-0.19045747816562653,-1.2455390691757202,0.7629238367080688,-1.1739381551742554,-0.7223938703536987,1.4701900482177734,0.7309422492980957,0.17819032073020935,0.09344432502985,0.06387809664011002,0.05450156331062317,0.1735580712556839,-0.18506036698818207,0.05968453362584114,0.058069437742233276,-0.017272651195526123,0.23777055740356445,0.13986383378505707,-0.5847320556640625,0.5408163666725159,-0.6046539545059204,0.7442706227302551,0.6541643142700195,-0.13464894890785217,0.5868202447891235,-0.06314754486083984,0.36675918102264404,0.3495100736618042,-0.6097874045372009,-0.7113381624221802,0.7248145937919617,0.6570687294006348,-0.20713388919830322,0.32313573360443115,-0.010870933532714844,-0.03100006654858589,0.9977266788482666,-0.06739050894975662,1.632570388210297e-06,0.06739050894975662,0.9977266788482666,1.3084661532047903e-06,0.22255143523216248,0.10998222976922989,-0.03100009635090828,0.42372003197669983,-0.13172408938407898,-0.031000036746263504
145,-1.6816422939300537,0.6049244999885559,-0.69720458984375,1.0843318700790405,0.23721735179424286,2.082064390182495,-0.8710058331489563,0.7307509779930115,-0.35810813307762146,0.24733498692512512,-0.36163926124572754,0.062313709408044815,-0.019105760380625725,-0.08777116239070892,0.014149564318358898,0.33748382329940796,1.2490038871765137,-0.1843302845954895,-1.2425435781478882,0.7679623365402222,-1.1611133813858032,-0.7353828549385071,1.473116159439087,0.7309418320655823,0.17275398969650269,0.08657076954841614,0.06233644485473633,0.08377129584550858,0.18011803925037384,-0.1854526549577713,0.04037808999419212,0.049652159214019775,-0.024456381797790527,0.2396683692932129,0.13598234951496124,-0.5772606134414673,0.5678412318229675,-0.5867936611175537,0.7636537551879883,0.6298821568489075,-0.14170917868614197,0.5850604176521301,-0.05547761917114258,0.3733402490615845,0.36047452688217163,-0.5962799191474915,-0.7172924280166626,0.7191959023475647,0.6673644781112671,-0.19334405660629272,0.323135644197464,-0.010870933532714844,-0.031000062823295593,0.9977266788482666,-0.06739003956317902,1.9708959371200763e-06,0.06739003956317902,0.9977266788482666,1.4069028111407533e-06,0.22255128622055054,0.10998217761516571,-0.03100011497735977,0.42372000217437744,-0.1317240446805954,-0.031000010669231415
146,-1.7008954286575317,0.6223786473274231,-0.7198526859283447,1.0896111726760864,0.2355278730392456,2.0759425163269043,-0.8690117597579956,0.7307528853416443,-0.3560038208961487,0.2596798539161682,-0.36461296677589417,0.05754046514630318,-0.0336424820125103,-0.09219638258218765,0.02544117532670498,0.33627164363861084,1.2580265998840332,-0.17939400672912598,-1.240085244178772,0.7752467393875122,-1.148640751838684,-0.747924268245697,1.474605679512024,0.730940580368042,0.1460651159286499,0.06280236691236496,0.05007962882518768,0.1219264417886734,0.17693078517913818,-0.1798054426908493,0.020212510600686073,0.07381198555231094,-0.03189486265182495,0.24245738983154297,0.1321604698896408,-0.5697083473205566,0.5951762199401855,-0.566743016242981,0.7812623381614685,0.6062310934066772,-0.14870454370975494,0.5840012431144714,-0.04894828796386719,0.3814471960067749,0.3728770613670349,-0.5833009481430054,-0.7216112613677979,0.7148816585540771,0.6763831377029419,-0.17734193801879883,0.3231356143951416,-0.010870933532714844,-0.031000062823295593,0.9977266788482666,-0.067390576004982,1.923161562444875e-06,0.067390576004982,0.9977266788482666,9.83814061328303e-07,0.22255131602287292,0.10998223721981049,-0.031000159680843353,0.4237199127674103,-0.13172410428524017,-0.030999965965747833
147,-1.7189728021621704,0.6407323479652405,-0.7424669861793518,1.093886375427246,0.23362673819065094,2.0702321529388428,-0.8663562536239624,0.7307534217834473,-0.3297171890735626,0.2772100269794464,-0.3569784462451935,0.04054117575287819,-0.03589234873652458,-0.08581482619047165,0.0346929170191288,0.3345807194709778,1.265147089958191,-0.1759546399116516,-1.2389112710952759,0.7844472527503967,-1.1377477645874023,-0.7595896124839783,1.4758963584899902,0.7309704422950745,0.10042674094438553,0.03737931698560715,0.024644579738378525,0.15095384418964386,0.15589934587478638,-0.16717815399169922,0.017810290679335594,0.012112434022128582,-0.03889107704162598,0.2460927963256836,0.1286638081073761,-0.5611964464187622,0.6229681372642517,-0.5449488162994385,0.7973484992980957,0.583526611328125,-0.15405221283435822,0.5839138627052307,-0.04451704025268555,0.3906336724758148,0.3850536346435547,-0.571399450302124,-0.724731981754303,0.7125829458236694,0.6831045150756836,-0.15998046100139618,0.3231356739997864,-0.010870933532714844,-0.03100002557039261,0.9977266788482666,-0.06739029288291931,1.5426825257236487e-06,0.06739029288291931,0.9977266788482666,1.479483330513176e-06,0.2225513458251953,0.1099822074174881,-0.03100002557039261,0.42372000217437744,-0.13172407448291779,-0.03100002557039261
148,-1.7347612380981445,0.6599271893501282,-0.7646081447601318,1.0965964794158936,0.2325107753276825,2.0655643939971924,-0.8631283640861511,0.7307541370391846,-0.28628799319267273,0.2926391661167145,-0.3422833979129791,0.016748294234275818,-0.023847496137022972,-0.07045238465070724,0.04269750416278839,0.33218613266944885,1.2696146965026855,-0.17427557706832886,-1.2395970821380615,0.7950009703636169,-1.1293784379959106,-0.7702622413635254,1.4779491424560547,0.7309785485267639,0.042668797075748444,0.0076541719026863575,-0.008992305025458336,0.17153213918209076,0.12170303612947464,-0.15223287045955658,0.027572911232709885,0.06223122775554657,-0.044780731201171875,0.2502450942993164,0.1256648153066635,-0.5511956214904785,0.6507807374000549,-0.5221761465072632,0.8121164441108704,0.5620344877243042,-0.15679335594177246,0.584893524646759,-0.04281425476074219,0.4004557728767395,0.3957923650741577,-0.5608704686164856,-0.727167546749115,0.7126637101173401,0.6869874000549316,-0.14198113977909088,0.3231356739997864,-0.010870933532714844,-0.03100002557039261,0.9977266788482666,-0.06739048659801483,1.3639231610795832e-06,0.06739048659801483,0.9977266788482666,1.145466171692533e-06,0.2225513756275177,0.10998222976922989,-0.0310000441968441,0.42371997237205505,-0.13172408938407898,-0.031000006943941116
149,-1.747969627380371,0.6803727149963379,-0.7865176200866699,1.0979411602020264,0.23025010526180267,2.0614688396453857,-0.860004186630249,0.7307642698287964,-0.2465072125196457,0.3140288293361664,-0.33616289496421814,-0.004157835152000189,-0.040078360587358475,-0.0622333288192749,0.04138839989900589,0.31743335723876953,1.271036148071289,-0.17277905344963074,-1.2402745485305786,0.8066734671592712,-1.1230942010879517,-0.7782236337661743,1.4800794124603271,0.7309817671775818,0.009308387525379658,0.010517015121877193,-0.006476054899394512,0.18449464440345764,0.09165331721305847,-0.11387503147125244,0.02902020886540413,0.19803905487060547,-0.050016045570373535,0.2553853988647461,0.12316906452178955,-0.5412757396697998,0.6777669191360474,-0.4976470470428467,0.8246849775314331,0.5433876514434814,-0.15692202746868134,0.5869020223617554,-0.04307699203491211,0.40978747606277466,0.40468335151672363,-0.553795576095581,-0.7276963591575623,0.7148450016975403,0.6878496408462524,-0.12593474984169006,0.32313570380210876,-0.010870933532714844,-0.03100006654858589,0.9977266788482666,-0.06739048659801483,1.6049516489147209e-06,0.06739048659801483,0.9977266788482666,1.2344620472504175e-06,0.2225514054298401,0.10998222976922989,-0.031000100076198578,0.42372000217437744,-0.13172408938407898,-0.031000033020973206
150,-1.7569584846496582,0.7024634480476379,-0.8083996176719666,1.098014235496521,0.22525334358215332,2.0574655532836914,-0.8591598868370056,0.7308052182197571,-0.17003081738948822,0.34281688928604126,-0.3247288167476654,-0.021737515926361084,-0.07747311145067215,-0.060262881219387054,0.009762130677700043,0.2653171420097351,1.2709155082702637,-0.16976837813854218,-1.2382168769836426,0.8186130523681641,-1.118990182876587,-0.7817383408546448,1.4809855222702026,0.731010913848877,0.021323641762137413,0.04371412843465805,0.04238751903176308,0.18064820766448975,0.05849635601043701,-0.05109734460711479,0.012776344083249569,-0.015494996681809425,-0.05483090877532959,0.2618732452392578,0.12123522162437439,-0.5336042642593384,0.701752781867981,-0.4720269441604614,0.8337290287017822,0.5301826596260071,-0.15427973866462708,0.5889084935188293,-0.04270601272583008,0.41708099842071533,0.41297733783721924,-0.5516275763511658,-0.7246770858764648,0.7166916131973267,0.6878190040588379,-0.11514446139335632,0.323135644197464,-0.010870933532714844,-0.031000062823295593,0.9977266788482666,-0.06739058345556259,2.003009967666003e-06,0.06739058345556259,0.9977266788482666,1.112871586883557e-06,0.2225513458251953,0.10998223721981049,-0.031000152230262756,0.42371994256973267,-0.13172410428524017,-0.03099997341632843
151,-1.7614195346832275,0.7254698276519775,-0.8299708962440491,1.0965958833694458,0.22105497121810913,2.0540130138397217,-0.8603788018226624,0.7308316826820374,-0.09439866989850998,0.3555624783039093,-0.31246280670166016,-0.04152842238545418,-0.06447520852088928,-0.051543381065130234,-0.018847139552235603,0.2289183884859085,1.271257996559143,-0.16886191070079803,-1.2354832887649536,0.8300500512123108,-1.1184546947479248,-0.7836284041404724,1.4806602001190186,0.7309940457344055,0.0028803201857954264,0.00047670837375335395,0.04469730705022812,0.1784408688545227,0.009865247644484043,-0.0299692302942276,-0.004739205818623304,0.14359833300113678,-0.05844646692276001,0.2684307098388672,0.11971211433410645,-0.5266103744506836,0.7227953672409058,-0.44749122858047485,0.8409332036972046,0.5200368165969849,-0.14964304864406586,0.5899150371551514,-0.041536808013916016,0.4239346385002136,0.42321521043777466,-0.5502285957336426,-0.719817578792572,0.7166504859924316,0.6893891096115112,-0.10561589896678925,0.3231356739997864,-0.010870933532714844,-0.03100002557039261,0.9977266788482666,-0.06739051640033722,1.5028418829388102e-06,0.06739051640033722,0.9977266788482666,1.3528726867662044e-06,0.2225513756275177,0.10998222976922989,-0.031000033020973206,0.42371997237205505,-0.13172408938407898,-0.03100001811981201
152,-1.7620716094970703,0.7495371699333191,-0.8518628478050232,1.093681812286377,0.21574491262435913,2.0508055686950684,-0.8638277649879456,0.7308530211448669,-0.040959227830171585,0.372397780418396,-0.3165840804576874,-0.06422847509384155,-0.08082683384418488,-0.04807170853018761,-0.05021321401000023,0.20937785506248474,1.2698074579238892,-0.1690722405910492,-1.2307151556015015,0.8409833908081055,-1.1211634874343872,-0.781467854976654,1.479106068611145,0.730995774269104,-0.009178834967315197,-0.0077461120672523975,0.07590483129024506,0.16543956100940704,-0.036983784288167953,0.027825823053717613,-0.021557118743658066,0.009216783568263054,-0.06140542030334473,0.2756352424621582,0.11879304051399231,-0.5211770534515381,0.7413098812103271,-0.4228876829147339,0.8461809158325195,0.5133695602416992,-0.14293189346790314,0.5907666087150574,-0.04036140441894531,0.4293469786643982,0.4328639507293701,-0.5522773861885071,-0.7124735116958618,0.7164897322654724,0.6904115676879883,-0.09987188875675201,0.32313573360443115,-0.010870933532714844,-0.03100006654858589,0.9977266788482666,-0.06739052385091782,1.6873142385520623e-06,0.06739052385091782,0.9977266788482666,1.437938294657215e-06,0.22255143523216248,0.10998222976922989,-0.031000085175037384,0.42372003197669983,-0.13172408938407898,-0.0310000479221344
153,-1.7590546607971191,0.7742155194282532,-0.8736947774887085,1.0891622304916382,0.2114984393119812,2.048241376876831,-0.8687781691551208,0.7308731079101562,0.024072349071502686,0.38186419010162354,-0.3068053424358368,-0.08541865646839142,-0.06387802958488464,-0.037759073078632355,-0.07053530216217041,0.17219503223896027,1.267784833908081,-0.1716543287038803,-1.226237177848816,0.8512559533119202,-1.1273362636566162,-0.7779501080513,1.4772989749908447,0.7310020327568054,-0.04193703085184097,-0.05118058994412422,0.06372888386249542,0.16000677645206451,-0.08400294184684753,0.045929938554763794,-0.02469189465045929,-0.002938836580142379,-0.0632743239402771,0.28265857696533203,0.11835427582263947,-0.5161709785461426,0.7577869296073914,-0.3991573452949524,0.8505207896232605,0.5084145665168762,-0.13464418053627014,0.5912261009216309,-0.039647579193115234,0.43436819314956665,0.4426589012145996,-0.5550629496574402,-0.704243004322052,0.7159374952316284,0.6916529536247253,-0.09513028711080551,0.323135644197464,-0.010870933532714844,-0.031000062823295593,0.9977266788482666,-0.06739043444395065,1.9857311599480454e-06,0.06739043444395065,0.9977266788482666,1.0899909739237046e-06,0.2225513458251953,0.10998222231864929,-0.031000155955553055,0.42371994256973267,-0.13172408938407898,-0.03099996969103813
154,-1.7537728548049927,0.7994750142097473,-0.8955447673797607,1.083223581314087,0.2086215764284134,2.0462963581085205,-0.8748461008071899,0.7313226461410522,-0.06830716878175735,0.3761462867259979,-0.27324384450912476,0.02842959761619568,0.6554622054100037,0.29765260219573975,1.0074557065963745,1.4088733196258545,1.2636841535568237,-0.17656996846199036,-1.2224457263946533,0.8603848218917847,-1.136501431465149,-0.7726722955703735,1.476138710975647,0.7310033440589905,-0.08355570584535599,-0.08462662994861603,0.04781582951545715,0.14049510657787323,-0.12592476606369019,0.071914441883564,-0.015862539410591125,0.008478542789816856,-0.0642082691192627,0.28939342498779297,0.1183052659034729,-0.5107083320617676,0.7731273174285889,-0.37609991431236267,0.8547590970993042,0.5036683082580566,-0.12532003223896027,0.5919722318649292,-0.04065513610839844,0.4386523365974426,0.4501991868019104,-0.5592136383056641,-0.6961327195167542,0.7166430950164795,0.6913570165634155,-0.091913603246212,0.3231356739997864,-0.010871410369873047,-0.03100002557039261,0.9977267384529114,-0.0673896074295044,1.4573348607882508e-06,0.0673896074295044,0.9977267384529114,1.1868959290950443e-06,0.22255125641822815,0.10998166352510452,-0.0310000479221344,0.4237200915813446,-0.13172447681427002,-0.031000003218650818
155,-1.7566696405410767,0.823874831199646,-0.9173179864883423,1.0821738243103027,0.19986340403556824,2.040616750717163,-0.8788149952888489,0.7308531403541565,-0.13077056407928467,0.4028548300266266,-0.3824385106563568,-0.07435880601406097,-0.19457454979419708,-0.09929248690605164,-0.06456752121448517,0.2067132443189621,1.2597901821136475,-0.17626534402370453,-1.2163876295089722,0.8713634610176086,-1.1378066539764404,-0.7667821645736694,1.4724048376083374,0.7309984564781189,-0.014722242020070553,0.010800083167850971,0.10585538297891617,0.17007584869861603,-0.01687372848391533,0.08045949786901474,-0.05214439705014229,-0.005372167099267244,-0.06849473714828491,0.297818660736084,0.11794474720954895,-0.5080505609512329,0.7877880334854126,-0.3482455611228943,0.8577816486358643,0.49940919876098633,-0.12166048586368561,0.5940625667572021,-0.040882110595703125,0.4432410001754761,0.45678168535232544,-0.5652787089347839,-0.6868846416473389,0.7193641066551208,0.6889589428901672,-0.08860510587692261,0.3231356739997864,-0.010870933532714844,-0.03100002557039261,0.9977266788482666,-0.06739044934511185,1.5680026308473316e-06,0.06739044934511185,0.9977266788482666,1.5428905726366793e-06,0.2225513458251953,0.10998222231864929,-0.03100002184510231,0.42372000217437744,-0.13172408938407898,-0.031000029295682907
156,-1.7463188171386719,0.8479649424552917,-0.9393198490142822,1.0779203176498413,0.19811446964740753,2.0380775928497314,-0.8893833756446838,0.7312293648719788,0.2293066382408142,0.3567982614040375,-0.27449357509613037,-0.014420229941606522,0.09985385090112686,-0.006590072065591812,0.11915133893489838,0.07736681401729584,1.2564477920532227,-0.1794687807559967,-1.2104990482330322,0.8776035904884338,-1.150700569152832,-0.757337212562561,1.4704207181930542,0.7310342192649841,-0.0612046979367733,-0.04956936463713646,0.0749184861779213,0.07938049733638763,-0.18257048726081848,0.13317957520484924,-0.027596717700362206,-0.005657804198563099,-0.06973159313201904,0.3034987449645996,0.11799494922161102,-0.5074231624603271,0.7961342334747314,-0.32968512177467346,0.8586975336074829,0.49907928705215454,-0.11644086241722107,0.5937322378158569,-0.03976869583129883,0.44338661432266235,0.4629063010215759,-0.5734936594963074,-0.6758866906166077,0.7179320454597473,0.689793050289154,-0.09359068423509598,0.32313573360443115,-0.010870933532714844,-0.03100006654858589,0.9977266788482666,-0.06739048659801483,1.6651921441734885e-06,0.06739048659801483,0.9977266788482666,1.4149744629321503e-06,0.22255143523216248,0.10998222976922989,-0.031000085175037384,0.42372003197669983,-0.13172408938407898,-0.0310000479221344
157,-1.7388440370559692,0.8708773255348206,-0.9606622457504272,1.0753231048583984,0.20056352019309998,2.036722421646118,-0.8961970210075378,0.7311169505119324,0.03595279902219772,0.3371482789516449,-0.34791800379753113,-0.022271884605288506,0.15479233860969543,0.013751145452260971,0.197684645652771,0.2351810783147812,1.2507686614990234,-0.1882268488407135,-1.2074744701385498,0.883690595626831,-1.164180040359497,-0.7495698928833008,1.4702285528182983,0.7310395836830139,-0.1480439007282257,-0.16035981476306915,0.02438427321612835,0.1102236807346344,-0.18265438079833984,0.10491340607404709,-0.002411897061392665,-0.008418578654527664,-0.07076531648635864,0.30758190155029297,0.11763271689414978,-0.5034942626953125,0.8062365055084229,-0.3106063902378082,0.8618299961090088,0.49410903453826904,-0.11447815597057343,0.5942303538322449,-0.04242372512817383,0.44613200426101685,0.4672558903694153,-0.5786508321762085,-0.6684572100639343,0.7193944454193115,0.6883467435836792,-0.0930069237947464,0.323135644197464,-0.010870933532714844,-0.031000062823295593,0.9977266788482666,-0.06739003956317902,2.0114448489039205e-06,0.06739003956317902,0.9977266788482666,1.5114776488189818e-06,0.22255128622055054,0.10998217761516571,-0.031000107526779175,0.42372000217437744,-0.1317240446805954,-0.03100001811981201
158,-1.729351282119751,0.8936300873756409,-0.9823528528213501,1.0727121829986572,0.20031799376010895,2.0344622135162354,-0.906256914138794,0.7312628626823425,0.14362378418445587,0.3481963872909546,-0.31541872024536133,-0.009648285806179047,0.14808280766010284,0.007240884006023407,0.22142384946346283,0.15586434304714203,1.242188811302185,-0.19317923486232758,-1.202017068862915,0.8887679576873779,-1.1771327257156372,-0.7385631203651428,1.4703253507614136,0.7310491800308228,-0.09351804852485657,-0.054979514330625534,0.0841175839304924,0.06250056624412537,-0.18413656949996948,0.15599516034126282,0.0014735866570845246,-0.0034103256184607744,-0.07238960266113281,0.31236743927001953,0.11772744357585907,-0.5031414031982422,0.8131004571914673,-0.2927737534046173,0.8626021146774292,0.4931299686431885,-0.11287403106689453,0.5956327319145203,-0.04526948928833008,0.445997416973114,0.4674299359321594,-0.5885253548622131,-0.659656822681427,0.7226207852363586,0.684207558631897,-0.0983828604221344,0.323135644197464,-0.010870933532714844,-0.031000062823295593,0.9977266788482666,-0.0673905611038208,1.9899182461813325e-06,0.0673905611038208,0.9977266788482666,1.092313709705195e-06,0.2225513458251953,0.10998223721981049,-0.031000155955553055,0.42371994256973267,-0.13172410428524017,-0.03099996969103813
159,-1.7164368629455566,0.9157443642616272,-1.0023229122161865,1.0710976123809814,0.2020803838968277,2.0333659648895264,-0.9167929887771606,0.731334924697876,0.1897072196006775,0.33651864528656006,-0.2951502501964569,0.006005002185702324,0.1857627034187317,0.03581685945391655,0.25120022892951965,0.07215321063995361,1.2369650602340698,-0.19687509536743164,-1.1957570314407349,0.8932022452354431,-1.1905361413955688,-0.7284146547317505,1.469883918762207,0.7310284376144409,-0.06410976499319077,-0.0552801676094532,0.09423693269491196,0.06707120686769485,-0.18790966272354126,0.14019466936588287,-0.00566384382545948,-0.0028795383404940367,-0.07366186380386353,0.31583213806152344,0.11773161590099335,-0.5052958726882935,0.8170949220657349,-0.27754679322242737,0.8617281913757324,0.49485528469085693,-0.1119949072599411,0.5955749750137329,-0.045264244079589844,0.4451770782470703,0.4705272316932678,-0.5970169305801392,-0.6497498154640198,0.7224811315536499,0.6834096908569336,-0.1047482043504715,0.3231356739997864,-0.010870933532714844,-0.03100002557039261,0.9977266788482666,-0.06739049404859543,1.5004295619291952e-06,0.06739049404859543,0.9977266788482666,1.3608373592433054e-06,0.2225513756275177,0.10998222976922989,-0.031000033020973206,0.42371997237205505,-0.13172408938407898,-0.03100001811981201
160,-1.7014826536178589,0.9376599192619324,-1.0214983224868774,1.0695186853408813,0.20485718548297882,2.032963514328003,-0.9271591305732727,0.7312548756599426,0.21767298877239227,0.35801249742507935,-0.286638468503952,-0.014459071680903435,0.14283397793769836,0.012198856100440025,0.16304948925971985,0.059623394161462784,1.2325454950332642,-0.2006802260875702,-1.1902869939804077,0.897584855556488,-1.204445481300354,-0.7191727161407471,1.469718337059021,0.7310328483581543,-0.06828049570322037,-0.05920173227787018,0.07578872889280319,0.06593342125415802,-0.19430793821811676,0.1286560297012329,-0.001962352078408003,-0.004459035582840443,-0.07464969158172607,0.3186612129211426,0.11779487133026123,-0.5087636709213257,0.8197548389434814,-0.2629860043525696,0.8599892854690552,0.4980241060256958,-0.11131229996681213,0.5952860116958618,-0.04514312744140625,0.44448286294937134,0.474232017993927,-0.6047698259353638,-0.6398103833198547,0.7218983173370361,0.6831012964248657,-0.11061371862888336,0.32313573360443115,-0.010870933532714844,-0.03100006654858589,0.9977266788482666,-0.06739053130149841,1.6688358073224663e-06,0.06739053130149841,0.9977266788482666,1.423144681211852e-06,0.22255143523216248,0.10998222976922989,-0.031000085175037384,0.42372003197669983,-0.13172408938407898,-0.0310000479221344
161,-1.683831810951233,0.9621030688285828,-1.0403648614883423,1.0649949312210083,0.20459586381912231,2.031766414642334,-0.9391571283340454,0.731112003326416,0.2617824375629425,0.3907272219657898,-0.2598249316215515,-0.07090360671281815,0.040729593485593796,-0.02764004096388817,-0.033254459500312805,-0.01860123872756958,1.2280765771865845,-0.20322225987911224,-1.1847299337387085,0.9012158513069153,-1.2188905477523804,-0.7093690037727356,1.469472050666809,0.7310374975204468,-0.05158206447958946,-0.030835513025522232,0.08150362968444824,0.04743074253201485,-0.20376482605934143,0.13771340250968933,-0.0030598246958106756,-0.004040127620100975,-0.07519924640655518,0.3228940963745117,0.11870530247688293,-0.5146175622940063,0.8213144540786743,-0.2461938112974167,0.8566228151321411,0.5048670172691345,-0.10633310675621033,0.5950011014938354,-0.04482126235961914,0.4425426125526428,0.47714608907699585,-0.6137369871139526,-0.6290138959884644,0.7212711572647095,0.6824056506156921,-0.11870305240154266,0.32313573360443115,-0.010870933532714844,-0.03100006654858589,0.9977266788482666,-0.06739052385091782,1.6246507357209339e-06,0.06739052385091782,0.9977266788482666,1.3296839824761264e-06,0.22255143523216248,0.10998222976922989,-0.03100009262561798,0.42372003197669983,-0.13172408938407898,-0.031000040471553802
162,-1.6640056371688843,0.9873287677764893,-1.0580625534057617,1.059944987297058,0.20440401136875153,2.0306711196899414,-0.9524850249290466,0.7311598658561707,0.3061526119709015,0.3794139623641968,-0.2406010627746582,-0.05285906791687012,0.06453796476125717,-0.015137999318540096,-0.031537726521492004,-0.06001429259777069,1.2244693040847778,-0.20467720925807953,-1.1788108348846436,0.9035159945487976,-1.2342671155929565,-0.6989173889160156,1.4688812494277954,0.7310405373573303,-0.034766893833875656,-0.012906065210700035,0.0876987874507904,0.025175921618938446,-0.2176293581724167,0.14693494141101837,-0.008028450421988964,-0.0044094412587583065,-0.0755041241645813,0.3269634246826172,0.11978647112846375,-0.5223321914672852,0.8210313320159912,-0.23038414120674133,0.8519793748855591,0.5138834118843079,-0.10027483850717545,0.5942137837409973,-0.04354524612426758,0.4390244483947754,0.4800659418106079,-0.6234217882156372,-0.6171563863754272,0.7195420265197754,0.6822698712348938,-0.12948796153068542,0.323135644197464,-0.010870933532714844,-0.031000062823295593,0.9977266788482666,-0.06739005446434021,1.9773181065829704e-06,0.06739005446434021,0.9977266788482666,1.4207672620614176e-06,0.22255128622055054,0.10998217761516571,-0.03100011497735977,0.42372000217437744,-0.1317240446805954,-0.031000010669231415
163,-1.6434624195098877,1.0121893882751465,-1.0752265453338623,1.055527687072754,0.20527243614196777,2.0299465656280518,-0.9653900861740112,0.7311769127845764,0.3072740137577057,0.37368887662887573,-0.23883265256881714,-0.04334820434451103,0.0837947204709053,-0.004432181362062693,-0.018628641963005066,-0.067108653485775,1.2214847803115845,-0.20667922496795654,-1.1736905574798584,0.9059994220733643,-1.2498987913131714,-0.6892151832580566,1.4679288864135742,0.7310411930084229,-0.045053716748952866,-0.03206931799650192,0.07164806127548218,0.03723914548754692,-0.218927264213562,0.13539515435695648,-0.01322159357368946,-0.0038230610080063343,-0.07588911056518555,0.33040428161621094,0.12078136205673218,-0.5308024883270264,0.8197576403617859,-0.21504846215248108,0.8468000292778015,0.5232858657836914,-0.09540209174156189,0.5933380722999573,-0.042441368103027344,0.43596458435058594,0.48385024070739746,-0.6323994994163513,-0.6049461364746094,0.7177048325538635,0.6822893619537354,-0.139215350151062,0.323135644197464,-0.010871410369873047,-0.031000062823295593,0.9977267384529114,-0.0673896074295044,2.012321374422754e-06,0.0673896074295044,0.9977267384529114,1.235522859133198e-06,0.22255122661590576,0.10998166352510452,-0.03100014105439186,0.4237200617790222,-0.13172447681427002,-0.030999984592199326
164,-1.6227003335952759,1.036976933479309,-1.0921173095703125,1.051265001296997,0.20608431100845337,2.0292575359344482,-0.9781455397605896,0.7311884760856628,0.31149283051490784,0.3733820915222168,-0.23485392332077026,-0.041400790214538574,0.08335225284099579,-0.0012481650337576866,-0.02149619162082672,-0.07171730697154999,1.2181121110916138,-0.20888498425483704,-1.169156789779663,0.9090577363967896,-1.2653088569641113,-0.6798794865608215,1.4665170907974243,0.7310417890548706,-0.04813061282038689,-0.03273487091064453,0.06388181447982788,0.04455456882715225,-0.21593695878982544,0.13046251237392426,-0.019400106742978096,-0.0036713334266096354,-0.0764322280883789,0.3337063789367676,0.12191411852836609,-0.5399163961410522,0.817732572555542,-0.19950911402702332,0.8411110639572144,0.5331569910049438,-0.09097177535295486,0.5928526520729065,-0.042078495025634766,0.4334418773651123,0.4876648187637329,-0.641461968421936,-0.5922073125839233,0.7167375087738037,0.6814703941345215,-0.14793746173381805,0.3231356739997864,-0.010870933532714844,-0.03100002557039261,0.9977266788482666,-0.06739060580730438,1.5204985857053543e-06,0.06739060580730438,0.9977266788482666,1.400522819494654e-06,0.2225513756275177,0.10998223721981049,-0.031000033020973206,0.42371997237205505,-0.13172410428524017,-0.03100001811981201
165,-1.602328896522522,1.0622504949569702,-1.1091525554656982,1.046402096748352,0.2055189460515976,2.028167724609375,-0.9905567169189453,0.73115074634552,0.2992427945137024,0.38334232568740845,-0.2371852695941925,-0.061264388263225555,0.041864536702632904,-0.013211049139499664,-0.06662028282880783,-0.04548514261841774,1.2148915529251099,-0.2112056463956833,-1.16482412815094,0.9132418632507324,-1.2798422574996948,-0.6711654663085938,1.4640127420425415,0.7310331463813782,-0.045083291828632355,-0.03733620047569275,0.06334525346755981,0.06525220721960068,-0.20287267863750458,0.12089922279119492,-0.034680094569921494,-0.0015253355959430337,-0.07717978954315186,0.3374819755554199,0.12353312969207764,-0.5493662357330322,0.8154744505882263,-0.1822044402360916,0.8350804448127747,0.543377161026001,-0.0859183594584465,0.5926449298858643,-0.04197359085083008,0.43197059631347656,0.4925209879875183,-0.6501569151878357,-0.5785490274429321,0.7162981629371643,0.6804008483886719,-0.15482762455940247,0.323135644197464,-0.010870933532714844,-0.03100002557039261,0.9977266788482666,-0.06739022582769394,1.414379994457704e-06,0.06739022582769394,0.9977266788482666,1.238261006619723e-06,0.22255131602287292,0.1099821999669075,-0.031000036746263504,0.42371997237205505,-0.1317240595817566,-0.031000014394521713
166,-1.5821725130081177,1.0890307426452637,-1.126577377319336,1.0389366149902344,0.20125967264175415,2.026806116104126,-1.003381371498108,0.7310754060745239,0.2920483946800232,0.4069938361644745,-0.23170067369937897,-0.11955402791500092,-0.06304040551185608,-0.017622942104935646,-0.17913399636745453,-0.006701576989144087,1.2120904922485352,-0.21315358579158783,-1.1597956418991089,0.9185689091682434,-1.2933406829833984,-0.6625296473503113,1.4599360227584839,0.7310190200805664,-0.02812022529542446,-0.02905283495783806,0.07842995226383209,0.08116944134235382,-0.1887872815132141,0.11988868564367294,-0.05731324478983879,0.0390828400850296,-0.07773089408874512,0.34256887435913086,0.12659433484077454,-0.5585756301879883,0.813551664352417,-0.16163890063762665,0.8290174007415771,0.5538984537124634,-0.07698511332273483,0.5925325155258179,-0.04146575927734375,0.43130940198898315,0.49888211488723755,-0.6586870551109314,-0.5632477402687073,0.715913712978363,0.6794859766960144,-0.16051913797855377,0.32313570380210876,-0.010870933532714844,-0.03100006654858589,0.9977266788482666,-0.06739048659801483,1.6302499261655612e-06,0.06739048659801483,0.9977266788482666,1.3222203278928646e-06,0.2225514054298401,0.10998222976922989,-0.03100009262561798,0.42372000217437744,-0.13172408938407898,-0.031000040471553802
167,-1.5622131824493408,1.1163582801818848,-1.1443971395492554,1.0316441059112549,0.1948080211877823,2.024251937866211,-1.0171074867248535,0.7311014533042908,0.2962511479854584,0.4054732024669647,-0.2409782111644745,-0.10507811605930328,-0.09271152317523956,-0.03525179624557495,-0.19164933264255524,-0.008027960546314716,1.2102442979812622,-0.21472759544849396,-1.153314471244812,0.924851655960083,-1.3060431480407715,-0.6534395217895508,1.4537162780761719,0.7310018539428711,-0.0043950737453997135,-0.022540125995874405,0.10406699776649475,0.09543999284505844,-0.17789974808692932,0.12524020671844482,-0.08691919595003128,-0.0010906720999628305,-0.07904243469238281,0.34819650650024414,0.13026316463947296,-0.5694515705108643,0.8100088238716125,-0.1400385946035385,0.8216665387153625,0.565913200378418,-0.06787026673555374,0.5921636819839478,-0.03982877731323242,0.4312451481819153,0.5075368881225586,-0.6669332981109619,-0.5455331206321716,0.7148553133010864,0.6793995499610901,-0.16552376747131348,0.323135644197464,-0.010870933532714844,-0.031000062823295593,0.9977266788482666,-0.06739059090614319,2.022665739787044e-06,0.06739059090614319,0.9977266788482666,1.2062622545272461e-06,0.2225513458251953,0.10998223721981049,-0.03100014477968216,0.42371994256973267,-0.13172410428524017,-0.030999980866909027
168,-1.5428693294525146,1.1435930728912354,-1.1625920534133911,1.0249533653259277,0.18815432488918304,2.0210745334625244,-1.0302666425704956,0.7311047911643982,0.2837842106819153,0.4027078151702881,-0.24859867990016937,-0.09716888517141342,-0.0955413281917572,-0.04396600276231766,-0.18366587162017822,-0.008500969968736172,1.209237813949585,-0.21783116459846497,-1.1470080614089966,0.9330827593803406,-1.3181617259979248,-0.6455591917037964,1.4458998441696167,0.7309999465942383,-0.015817629173398018,-0.05980319157242775,0.0958353579044342,0.13546790182590485,-0.16685594618320465,0.10655196011066437,-0.10903449356555939,-4.570372402667999e-05,-0.08086889982223511,0.35369062423706055,0.13411487638950348,-0.5807292461395264,0.8055647611618042,-0.11755406856536865,0.813860297203064,0.5779560804367065,-0.059984494000673294,0.5917509198188782,-0.038153648376464844,0.4334828853607178,0.5188467502593994,-0.6734371781349182,-0.5265742540359497,0.7138252854347229,0.6802220344543457,-0.16658788919448853,0.3231356739997864,-0.010870933532714844,-0.03100002557039261,0.9977266788482666,-0.0673903375864029,1.4645826240666793e-06,0.0673903375864029,0.9977266788482666,1.2672738876062795e-06,0.2225513458251953,0.1099822074174881,-0.031000040471553802,0.42372000217437744,-0.13172407448291779,-0.031000010669231415
169,-1.5246590375900269,1.1707338094711304,-1.1811860799789429,1.019046425819397,0.18093225359916687,2.017141342163086,-1.0426620244979858,0.7311086654663086,0.2653639316558838,0.3993072509765625,-0.25745320320129395,-0.0849258080124855,-0.10399732738733292,-0.05496278405189514,-0.17308583855628967,-0.004059518221765757,1.2078580856323242,-0.22231991589069366,-1.1412630081176758,0.943529486656189,-1.329004168510437,-0.6389443874359131,1.4365953207015991,0.7310046553611755,-0.024501418694853783,-0.08220036327838898,0.08781378716230392,0.1704852133989334,-0.14813269674777985,0.08853612840175629,-0.1298978179693222,-0.006506231613457203,-0.08331841230392456,0.35915327072143555,0.13822603225708008,-0.5923037528991699,0.8002292513847351,-0.09385864436626434,0.8056123852729797,0.5900537967681885,-0.053152695298194885,0.5918909907341003,-0.037451744079589844,0.4382394552230835,0.5312509536743164,-0.6789491772651672,-0.5067546963691711,0.7141268849372864,0.680692195892334,-0.1633428931236267,0.32313573360443115,-0.010870933532714844,-0.03100006654858589,0.9977266788482666,-0.0673905611038208,1.6452983118142583e-06,0.0673905611038208,0.9977266788482666,1.3459114143188344e-06,0.22255143523216248,0.10998223721981049,-0.03100009262561798,0.42372003197669983,-0.13172410428524017,-0.031000040471553802
170,-1.5077767372131348,1.1976960897445679,-1.1999783515930176,1.0143024921417236,0.172967329621315,2.0123543739318848,-1.0542478561401367,0.731117308139801,0.246015265583992,0.39505767822265625,-0.2623792886734009,-0.06649371981620789,-0.11438372731208801,-0.06691476702690125,-0.16087499260902405,-0.009237106889486313,1.2066251039505005,-0.22758881747722626,-1.1357835531234741,0.9562604427337646,-1.337893009185791,-0.6339526176452637,1.4255497455596924,0.7310025691986084,-0.019236627966165543,-0.09622406959533691,0.08789923042058945,0.2077680230140686,-0.11996153742074966,0.06481995433568954,-0.1544657200574875,-0.0004009334370493889,-0.0865132212638855,0.36456871032714844,0.14260190725326538,-0.6043962240219116,0.7936835289001465,-0.06907898932695389,0.7966731786727905,0.6025633811950684,-0.047215282917022705,0.5923511981964111,-0.03716325759887695,0.44553011655807495,0.5450801253318787,-0.6831696629524231,-0.48596999049186707,0.7151660323143005,0.6813856363296509,-0.15572808682918549,0.32313570380210876,-0.010870933532714844,-0.03100006654858589,0.9977266788482666,-0.06739048659801483,1.5790567431395175e-06,0.06739048659801483,0.9977266788482666,1.1436030717959511e-06,0.2225514054298401,0.10998222976922989,-0.031000107526779175,0.42372000217437744,-0.13172408938407898,-0.03100002557039261
171,-1.4924980401992798,1.2243635654449463,-1.218903660774231,1.0109796524047852,0.16447538137435913,2.006722927093506,-1.064887523651123,0.7311245203018188,0.22138233482837677,0.3889118432998657,-0.2669025957584381,-0.04507265239953995,-0.12211819738149643,-0.07921543717384338,-0.1482233703136444,-0.011232664808630943,1.2060521841049194,-0.23378820717334747,-1.13031804561615,0.9713802933692932,-1.3444709777832031,-0.6310691833496094,1.4126410484313965,0.7309941053390503,-0.009867699816823006,-0.11512772738933563,0.09081974625587463,0.24807780981063843,-0.08647333085536957,0.033623602241277695,-0.1802644431591034,0.0013125468976795673,-0.09047788381576538,0.3698573112487793,0.1471778005361557,-0.6168205738067627,0.7859079241752625,-0.04337046667933464,0.7870767712593079,0.6154063940048218,-0.04224986582994461,0.5927568078041077,-0.03683900833129883,0.4557117223739624,0.5609434247016907,-0.6853808760643005,-0.46432268619537354,0.7161962389945984,0.683079719543457,-0.14305607974529266,0.323135644197464,-0.010871410369873047,-0.031000062823295593,0.9977267384529114,-0.0673895925283432,2.0419406610017177e-06,0.0673895925283432,0.9977267384529114,1.2830379318984342e-06,0.22255122661590576,0.10998166352510452,-0.031000137329101562,0.4237200617790222,-0.13172447681427002,-0.030999988317489624
172,-1.4791866540908813,1.2506306171417236,-1.2379274368286133,1.0092194080352783,0.15563789010047913,2.000300884246826,-1.0743305683135986,0.7311278581619263,0.19091714918613434,0.3815543055534363,-0.2709653079509735,-0.022121140733361244,-0.12723825871944427,-0.09078944474458694,-0.13146434724330902,-0.011756685562431812,1.2062785625457764,-0.24091897904872894,-1.124995470046997,0.988709032535553,-1.3484466075897217,-0.6306169629096985,1.3979707956314087,0.7309852242469788,0.00010026147356256843,-0.13282835483551025,0.09079539030790329,0.2839987576007843,-0.04914426431059837,-0.0011188742937520146,-0.20523490011692047,0.004624092951416969,-0.09518706798553467,0.37497520446777344,0.1519189327955246,-0.6292175054550171,0.7770496606826782,-0.016716210171580315,0.7769920825958252,0.6283482313156128,-0.03823496773838997,0.592911958694458,-0.03647327423095703,0.4688069224357605,0.5785968899726868,-0.6853793859481812,-0.44213205575942993,0.7168532609939575,0.685900092124939,-0.12514972686767578,0.32313573360443115,-0.010870933532714844,-0.03100007027387619,0.9977267384529114,-0.06739000231027603,1.4219622244127095e-06,0.06739000231027603,0.9977267384529114,7.977125733305002e-07,0.2225513458251953,0.10998218506574631,-0.031000133603811264,0.423720121383667,-0.1317240595817566,-0.031000006943941116
173,-1.468058466911316,1.2766001224517822,-1.2572261095046997,1.0090441703796387,0.14581705629825592,1.9928463697433472,-1.0829219818115234,0.7311317920684814,0.15671972930431366,0.37594276666641235,-0.2782013714313507,0.0008693832205608487,-0.14151017367839813,-0.1055624932050705,-0.11937863379716873,-0.011360214091837406,1.2074898481369019,-0.24805708229541779,-1.1193389892578125,1.0074814558029175,-1.3496252298355103,-0.6317902207374573,1.381636381149292,0.7309565544128418,0.02434604801237583,-0.12928611040115356,0.10086607933044434,0.3030785322189331,-0.010424698702991009,-0.023973150178790092,-0.22889547049999237,0.037894561886787415,-0.10076403617858887,0.3800973892211914,0.15704725682735443,-0.6416903734207153,0.7668854594230652,0.010976113379001617,0.7662277817726135,0.6416354775428772,-0.034627437591552734,0.5926274657249451,-0.03563690185546875,0.4838321805000305,0.5972735285758972,-0.6837172508239746,-0.41927921772003174,0.716655969619751,0.6896674633026123,-0.10374442487955093,0.3231356143951416,-0.010870933532714844,-0.031000062823295593,0.9977266788482666,-0.06739062070846558,2.0444335859792773e-06,0.06739062070846558,0.9977266788482666,1.2995943734495086e-06,0.22255131602287292,0.10998224467039108,-0.031000137329101562,0.4237199127674103,-0.13172411918640137,-0.030999988317489624
174,-1.460127592086792,1.302087664604187,-1.2766432762145996,1.0103015899658203,0.13533054292201996,1.9834610223770142,-1.0899165868759155,0.731126606464386,0.10277573764324188,0.3683730661869049,-0.28338390588760376,0.019103601574897766,-0.1516006737947464,-0.13402388989925385,-0.09774120897054672,0.015507014468312263,1.2114739418029785,-0.2540076971054077,-1.112221598625183,1.0259943008422852,-1.348766565322876,-0.6333681344985962,1.363512396812439,0.7308828830718994,0.09555252641439438,-0.098130002617836,0.13535037636756897,0.2897580564022064,0.015298270620405674,-0.03002987429499626,-0.2542119324207306,0.13794168829917908,-0.10727673768997192,0.3854532241821289,0.16236469149589539,-0.6537765264511108,0.7556248903274536,0.0400916151702404,0.7550195455551147,0.6549351215362549,-0.031710006296634674,0.5909411907196045,-0.03232383728027344,0.4988977909088135,0.6177688241004944,-0.6799150705337524,-0.3950660228729248,0.713398814201355,0.6959261894226074,-0.0821511372923851,0.32313570380210876,-0.010870933532714844,-0.03100006654858589,0.9977266788482666,-0.0673903077840805,1.62044352691737e-06,0.0673903077840805,0.9977266788482666,1.2032874110445846e-06,0.2225513756275177,0.1099822074174881,-0.031000103801488876,0.42372003197669983,-0.13172407448291779,-0.031000029295682907
175,-1.456295132637024,1.3270224332809448,-1.2963919639587402,1.0129568576812744,0.12434834986925125,1.9722188711166382,-1.0949304103851318,0.7311108708381653,0.035377535969018936,0.35915639996528625,-0.2924352288246155,0.03662681207060814,-0.1591600626707077,-0.16080448031425476,-0.07006581872701645,0.01860623247921467,1.2192034721374512,-0.25866660475730896,-1.1035221815109253,1.0439555644989014,-1.3460052013397217,-0.6356461644172668,1.3437578678131104,0.7308087944984436,0.15829497575759888,-0.07782392203807831,0.16418051719665527,0.2817751467227936,0.04152553901076317,-0.040645912289619446,-0.27736347913742065,0.26260194182395935,-0.11461412906646729,0.3911290168762207,0.16792502999305725,-0.6645046472549438,0.7439070343971252,0.07096295058727264,0.7440664172172546,0.6674562692642212,-0.029449190944433212,0.5873276591300964,-0.025749683380126953,0.5138347148895264,0.6408568620681763,-0.6727950572967529,-0.3696611523628235,0.7059253454208374,0.7056920528411865,-0.060566261410713196,0.3231356739997864,-0.010870933532714844,-0.03100002557039261,0.9977266788482666,-0.06739035993814468,1.5771083781146444e-06,0.06739035993814468,0.9977266788482666,1.5646894553356105e-06,0.2225513458251953,0.1099822148680687,-0.03100001811981201,0.42372000217437744,-0.13172408938407898,-0.031000033020973206
176,-1.4575048685073853,1.3511476516723633,-1.3168137073516846,1.0169442892074585,0.11361919343471527,1.959717869758606,-1.0974096059799194,0.7310762405395508,-0.048188190907239914,0.34567752480506897,-0.30700361728668213,0.0515606664121151,-0.15605272352695465,-0.1787954866886139,-0.03441634401679039,0.0058028497733175755,1.2296059131622314,-0.2635689079761505,-1.0943564176559448,1.0619959831237793,-1.341426134109497,-0.6395872235298157,1.3227838277816772,0.7307816743850708,0.18528026342391968,-0.0905136689543724,0.16874222457408905,0.28917527198791504,0.06843654066324234,-0.06500819325447083,-0.29470008611679077,0.28129544854164124,-0.12243068218231201,0.3970785140991211,0.17365071177482605,-0.6723169088363647,0.7329503297805786,0.10379691421985626,0.7346315383911133,0.6778737306594849,-0.028349682688713074,0.5820760726928711,-0.017507553100585938,0.5298157930374146,0.665724515914917,-0.6621984839439392,-0.34395354986190796,0.6951461434364319,0.7179291248321533,-0.036736708134412766,0.3231356739997864,-0.010870933532714844,-0.031000029295682907,0.9977266788482666,-0.06739011406898499,1.5798134427313926e-06,0.06739011406898499,0.9977266788482666,1.4950355762266554e-06,0.22255131602287292,0.10998218506574631,-0.031000029295682907,0.42372003197669983,-0.1317240595817566,-0.031000029295682907
177,-1.4657354354858398,1.3740023374557495,-1.3384850025177002,1.0224707126617432,0.10371760278940201,1.9468578100204468,-1.0959103107452393,0.7310092449188232,-0.16826966404914856,0.32426267862319946,-0.3327060341835022,0.0659320130944252,-0.14553242921829224,-0.18484961986541748,0.021128153428435326,0.011477639898657799,1.240194320678711,-0.2706345021724701,-1.087241291999817,1.081658959388733,-1.3341072797775269,-0.6469725966453552,1.3014051914215088,0.730813205242157,0.1481712907552719,-0.14444851875305176,0.12533949315547943,0.3274386525154114,0.11110542714595795,-0.11356855928897858,-0.300632506608963,0.23542992770671844,-0.13031691312789917,0.4033689498901367,0.17951112985610962,-0.6747918128967285,0.7246568202972412,0.13974501192569733,0.7287123203277588,0.6841975450515747,-0.029191261157393456,0.5763934254646301,-0.011135101318359375,0.5489722490310669,0.6898777484893799,-0.6494472026824951,-0.31982356309890747,0.6838252544403076,0.7296165227890015,-0.006539688445627689,0.32313573360443115,-0.010870933532714844,-0.03100006654858589,0.9977266788482666,-0.0673905685544014,1.581334117872757e-06,0.0673905685544014,0.9977266788482666,1.2158693607489113e-06,0.22255143523216248,0.10998223721981049,-0.031000100076198578,0.42372003197669983,-0.13172410428524017,-0.031000033020973206
178,-1.4800527095794678,1.3955873250961304,-1.3613661527633667,1.0297471284866333,0.09339392930269241,1.9335051774978638,-1.0916476249694824,0.7309972047805786,-0.25757166743278503,0.3037280738353729,-0.3527457118034363,0.09071872383356094,-0.152145117521286,-0.19251278042793274,0.05945576727390289,0.018687687814235687,1.249329686164856,-0.2793869972229004,-1.0819029808044434,1.103369116783142,-1.3230280876159668,-0.65720534324646,1.2794759273529053,0.7308419346809387,0.1257089227437973,-0.1709335595369339,0.10139156132936478,0.3597821891307831,0.1646624207496643,-0.1539459377527237,-0.3082103133201599,0.22648413479328156,-0.1384456753730774,0.4101567268371582,0.1859477162361145,-0.6731635332107544,0.7177331447601318,0.17807283997535706,0.7252203226089478,0.6878275871276855,-0.030800800770521164,0.570949912071228,-0.007786750793457031,0.5714247226715088,0.7116799354553223,-0.6365466713905334,-0.29718688130378723,0.6733259558677673,0.7387313842773438,0.03013461083173752,0.323135644197464,-0.010870933532714844,-0.031000062823295593,0.9977266788482666,-0.0673905611038208,1.9614258235378657e-06,0.0673905611038208,0.9977266788482666,1.0820317584148142e-06,0.2225513458251953,0.10998223721981049,-0.031000152230262756,0.42371994256973267,-0.13172410428524017,-0.03099997341632843
179,-1.4985677003860474,1.4158018827438354,-1.3850715160369873,1.0389090776443481,0.08235973864793777,1.9194540977478027,-1.0855640172958374,0.7310015559196472,-0.3162984251976013,0.2817828953266144,-0.36584022641181946,0.11858798563480377,-0.16233403980731964,-0.202779620885849,0.08508742600679398,0.03093968704342842,1.258330225944519,-0.28886547684669495,-1.0769749879837036,1.126528263092041,-1.3085333108901978,-0.6696798205375671,1.2567191123962402,0.7308250665664673,0.133719801902771,-0.17914700508117676,0.10271291434764862,0.38049113750457764,0.21221156418323517,-0.18637777864933014,-0.31979134678840637,0.24802808463573456,-0.14697444438934326,0.4173312187194824,0.1930358111858368,-0.6691930294036865,0.7105002999305725,0.21764656901359558,0.7225678563117981,0.6905328035354614,-0.03255947679281235,0.5648235082626343,-0.005855560302734375,0.5962553024291992,0.7324655652046204,-0.6228047609329224,-0.27496984601020813,0.661574125289917,0.7464548349380493,0.07158810645341873,0.323135644197464,-0.010870933532714844,-0.031000062823295593,0.9977266788482666,-0.06739050894975662,2.0652560124290176e-06,0.06739050894975662,0.9977266788482666,1.2458600622267113e-06,0.2225513458251953,0.10998222976922989,-0.03100014477968216,0.42371994256973267,-0.13172408938407898,-0.030999980866909027
180,-1.5208584070205688,1.4338785409927368,-1.4095985889434814,1.049306869506836,0.07169533520936966,1.9057343006134033,-1.0774933099746704,0.7309399247169495,-0.3773100674152374,0.24692238867282867,-0.3812132179737091,0.1317826211452484,-0.15753662586212158,-0.19824257493019104,0.11227331310510635,0.09845063835382462,1.2676405906677246,-0.2987207770347595,-1.072022795677185,1.1510885953903198,-1.2904702425003052,-0.685308575630188,1.233388066291809,0.7308130860328674,0.13447917997837067,-0.19031141698360443,0.104838527739048,0.4052662253379822,0.2633453607559204,-0.23163405060768127,-0.32827919721603394,0.22967839241027832,-0.1552301049232483,0.42465734481811523,0.20048725605010986,-0.661686897277832,0.7041113972663879,0.2576777935028076,0.7217757105827332,0.691223680973053,-0.035350460559129715,0.5573148727416992,-0.004874706268310547,0.6234802603721619,0.7531609535217285,-0.6072246432304382,-0.25303512811660767,0.6470000147819519,0.7532919645309448,0.11807730793952942,0.323135644197464,-0.010870933532714844,-0.03100002557039261,0.9977266788482666,-0.06739048659801483,1.5788788232384832e-06,0.06739048659801483,0.9977266788482666,1.5272787550202338e-06,0.2225513458251953,0.10998222976922989,-0.03100002184510231,0.42371994256973267,-0.13172408938407898,-0.031000029295682907
181,-1.5458436012268066,1.4489866495132446,-1.4349321126937866,1.0613065958023071,0.060914233326911926,1.8921329975128174,-1.0677149295806885,0.7309112548828125,-0.41156789660453796,0.19839900732040405,-0.396687775850296,0.1578056961297989,-0.1595991551876068,-0.19719122350215912,0.13583415746688843,0.14146310091018677,1.277570128440857,-0.309151828289032,-1.0659031867980957,1.1772363185882568,-1.2687911987304688,-0.7044755816459656,1.2096997499465942,0.7307429909706116,0.15223295986652374,-0.20070688426494598,0.13155578076839447,0.4321705400943756,0.31448960304260254,-0.2832299470901489,-0.3341389000415802,0.3293217718601227,-0.16348809003829956,0.4320530891418457,0.2083592414855957,-0.6518524885177612,0.6975582838058472,0.2974908649921417,0.7216391563415527,0.6911486387252808,-0.03937644883990288,0.5475184917449951,-0.0044097900390625,0.653439998626709,0.7747451663017273,-0.5886112451553345,-0.23088252544403076,0.6277890205383301,0.7595432996749878,0.1702200025320053,0.32313570380210876,-0.010870933532714844,-0.03100006654858589,0.9977266788482666,-0.06739053875207901,1.6722567579563474e-06,0.06739053875207901,0.9977266788482666,1.4303524267234025e-06,0.2225514054298401,0.10998222976922989,-0.031000085175037384,0.42372000217437744,-0.13172408938407898,-0.0310000479221344
182,-1.5728938579559326,1.4609416723251343,-1.4614697694778442,1.070595145225525,0.05503898113965988,1.8815027475357056,-1.0535649061203003,0.7308101654052734,-0.45765337347984314,0.15073741972446442,-0.41439691185951233,0.10167449712753296,-0.09021620452404022,-0.15315993130207062,0.1966407299041748,0.26463398337364197,1.2844539880752563,-0.32194676995277405,-1.0630120038986206,1.2037763595581055,-1.2467215061187744,-0.7261931896209717,1.1876477003097534,0.7309392690658569,0.035301901400089264,-0.2651577889919281,0.041121918708086014,0.44261395931243896,0.3242138624191284,-0.31504008173942566,-0.31040915846824646,0.05072373151779175,-0.1689896583557129,0.4391441345214844,0.21515357494354248,-0.63319993019104,0.6962019801139832,0.3381727337837219,0.7270527482032776,0.6848601698875427,-0.048588428646326065,0.5380541682243347,-0.009387493133544922,0.6845676302909851,0.7921777963638306,-0.5729284286499023,-0.21025533974170685,0.6095321178436279,0.7599242925643921,0.22579988837242126,0.32313573360443115,-0.010870933532714844,-0.03100006654858589,0.9977266788482666,-0.06739041954278946,1.5996416777852573e-06,0.06739041954278946,0.9977266788482666,1.2668551789829507e-06,0.2225514054298401,0.10998222231864929,-0.03100009635090828,0.4237200617790222,-0.13172408938407898,-0.031000036746263504
183,-1.6008187532424927,1.4713324308395386,-1.4881962537765503,1.0755257606506348,0.05356210842728615,1.875228762626648,-1.037949562072754,0.7307224273681641,-0.4690578579902649,0.13140389323234558,-0.410933256149292,0.033913251012563705,-0.028122713789343834,-0.09066300094127655,0.216498464345932,0.36781859397888184,1.2859164476394653,-0.3351439833641052,-1.063246488571167,1.2311203479766846,-1.2240917682647705,-0.7489717602729797,1.1676840782165527,0.7310000061988831,-0.03257225081324577,-0.2623382806777954,-0.0006826560711488128,0.4488826394081116,0.3305743336677551,-0.33010613918304443,-0.27971428632736206,0.010277234017848969,-0.17078471183776855,0.44575023651123047,0.22094696760177612,-0.6055004596710205,0.7006726861000061,0.37739524245262146,0.7387546896934509,0.6712165474891663,-0.0609092190861702,0.5302634835243225,-0.02058887481689453,0.7157477736473083,0.8035283088684082,-0.5638017058372498,-0.19097107648849487,0.5950648188591003,0.7524458169937134,0.28235283493995667,0.323135644197464,-0.010870933532714844,-0.031000062823295593,0.9977266788482666,-0.0673905462026596,1.9951778540416854e-06,0.0673905462026596,0.9977266788482666,1.1157607104905765e-06,0.2225513458251953,0.10998223721981049,-0.031000152230262756,0.42371994256973267,-0.13172410428524017,-0.03099997341632843
184,-1.6287288665771484,1.4821475744247437,-1.514675498008728,1.0744049549102783,0.056085579097270966,1.8744186162948608,-1.022803783416748,0.7306228876113892,-0.47634124755859375,0.14197473227977753,-0.4011302888393402,-0.06375985592603683,0.028096796944737434,-0.011988082900643349,0.20934566855430603,0.48452386260032654,1.2839421033859253,-0.3467368185520172,-1.0640966892242432,1.2590174674987793,-1.201097846031189,-0.7724726796150208,1.149496078491211,0.7310060858726501,-0.07038124650716782,-0.2328089475631714,-0.00303346524015069,0.45341554284095764,0.334841787815094,-0.3398500978946686,-0.25557830929756165,0.028083547949790955,-0.16802704334259033,0.45158815383911133,0.22579747438430786,-0.5682052373886108,0.7110703587532043,0.41415178775787354,0.7573568820953369,0.648712158203125,-0.07472103834152222,0.5226132869720459,-0.03456592559814453,0.7460318207740784,0.8115006685256958,-0.5586285591125488,-0.17146673798561096,0.5810897350311279,0.7404882311820984,0.3376564681529999,0.3231356739997864,-0.010870933532714844,-0.03100002557039261,0.9977266788482666,-0.06739047914743423,1.4939320180928917e-06,0.06739047914743423,0.9977266788482666,1.355946778858197e-06,0.2225513756275177,0.10998222976922989,-0.031000033020973206,0.42371997237205505,-0.13172408938407898,-0.03100001811981201
185,-1.6562554836273193,1.4929519891738892,-1.5403728485107422,1.0659565925598145,0.060448601841926575,1.8775215148925781,-1.0083123445510864,0.7305367588996887,-0.47671541571617126,0.14116017520427704,-0.38796618580818176,-0.1768060028553009,0.053554270416498184,0.04432367533445358,0.1996806412935257,0.5847639441490173,1.2790099382400513,-0.3557787835597992,-1.0629898309707642,1.2867916822433472,-1.178662896156311,-0.7961980700492859,1.1324721574783325,0.7309950590133667,-0.09742604941129684,-0.1860729306936264,0.03302593529224396,0.4466080963611603,0.3247068524360657,-0.343694806098938,-0.23795583844184875,-0.02702026255428791,-0.16083776950836182,0.4567899703979492,0.22998109459877014,-0.522392749786377,0.7255346179008484,0.44800126552581787,0.7815049290657043,0.6175428628921509,-0.08883049339056015,0.5139921307563782,-0.04874277114868164,0.7746560573577881,0.8177688717842102,-0.5556594133377075,-0.14998899400234222,0.5654087066650391,0.726906955242157,0.38976821303367615,0.32313573360443115,-0.010870933532714844,-0.03100006654858589,0.9977266788482666,-0.06739051640033722,1.665737158873526e-06,0.06739051640033722,0.9977266788482666,1.4170135500535253e-06,0.22255143523216248,0.10998222976922989,-0.031000085175037384,0.42372003197669983,-0.13172408938407898,-0.0310000479221344
186,-1.6836388111114502,1.5030454397201538,-1.5654927492141724,1.0547109842300415,0.06313753128051758,1.87959885597229,-0.9937929511070251,0.7305444478988647,-0.4652703106403351,0.12749487161636353,-0.3824017345905304,-0.20587874948978424,0.02936435304582119,0.027690131217241287,0.19982852041721344,0.5790941119194031,1.273215413093567,-0.3646617531776428,-1.059960961341858,1.313774824142456,-1.157379150390625,-0.8197577595710754,1.1142890453338623,0.7309967279434204,-0.11392202228307724,-0.1911054253578186,0.0599607490003109,0.43749040365219116,0.30882182717323303,-0.3426569998264313,-0.25406479835510254,0.03342883288860321,-0.15258115530014038,0.46201562881469727,0.23439142107963562,-0.4748244285583496,0.7373083233833313,0.48053938150405884,0.8048065900802612,0.5847206711769104,-0.10192205756902695,0.5036317110061646,-0.06274986267089844,0.8020481467247009,0.823106050491333,-0.5538718104362488,-0.12538893520832062,0.546571671962738,0.7127314805984497,0.4396285116672516,0.32313573360443115,-0.010870933532714844,-0.03100006654858589,0.9977266788482666,-0.06739050894975662,1.6141788137247204e-06,0.06739050894975662,0.9977266788482666,1.3272471051095636e-06,0.22255143523216248,0.10998222976922989,-0.031000088900327682,0.42372003197669983,-0.13172408938407898,-0.0310000441968441
187,-1.710417628288269,1.5121569633483887,-1.5899683237075806,1.0437698364257812,0.06352689117193222,1.8790382146835327,-0.9788851141929626,0.7305901646614075,-0.44825518131256104,0.11271937936544418,-0.37272393703460693,-0.193556547164917,-0.0025388423819094896,-0.010247510857880116,0.20563985407352448,0.5187875628471375,1.2674884796142578,-0.37459278106689453,-1.0563594102859497,1.3402345180511475,-1.1370363235473633,-0.8432168364524841,1.0943737030029297,0.7309909462928772,-0.11709119379520416,-0.21029138565063477,0.06565043330192566,0.43073123693466187,0.2955322563648224,-0.3417568802833557,-0.27711331844329834,0.01860090345144272,-0.14499080181121826,0.46737098693847656,0.23920735716819763,-0.42948126792907715,0.7437078356742859,0.5122933983802795,0.8244014978408813,0.5544525384902954,-0.1137741357088089,0.49169760942459106,-0.07746553421020508,0.828648030757904,0.8268762826919556,-0.5537503361701965,-0.09816376864910126,0.5248802304267883,0.697212815284729,0.48825716972351074,0.323135644197464,-0.010870933532714844,-0.031000062823295593,0.9977266788482666,-0.06739003956317902,1.968968945220695e-06,0.06739003956317902,0.9977266788482666,1.4177030607243069e-06,0.22255128622055054,0.10998217761516571,-0.03100011497735977,0.42372000217437744,-0.1317240446805954,-0.031000010669231415
188,-1.7357202768325806,1.5203287601470947,-1.6133434772491455,1.0334563255310059,0.06135481968522072,1.875775933265686,-0.9641135334968567,0.7306462526321411,-0.4193492531776428,0.0999860167503357,-0.35514745116233826,-0.18032488226890564,-0.03807782381772995,-0.048080623149871826,0.20405741035938263,0.45010727643966675,1.262030839920044,-0.38520219922065735,-1.0517090559005737,1.366080403327942,-1.1178215742111206,-0.8663856387138367,1.0729901790618896,0.7309940457344055,-0.10549305379390717,-0.213854119181633,0.08638841658830643,0.41880178451538086,0.27919673919677734,-0.33699682354927063,-0.299854576587677,0.021052435040473938,-0.13823336362838745,0.4728403091430664,0.24454420804977417,-0.388230562210083,0.7447463274002075,0.5427981615066528,0.8402010202407837,0.5280190110206604,-0.1235237568616867,0.4781202971935272,-0.09229135513305664,0.854175329208374,0.8290450572967529,-0.5549614429473877,-0.0685720145702362,0.500093936920166,0.6809802055358887,0.5349504351615906,0.3231356143951416,-0.010870933532714844,-0.031000062823295593,0.9977266788482666,-0.067390576004982,1.926376398841967e-06,0.067390576004982,0.9977266788482666,9.91677438832994e-07,0.22255131602287292,0.10998223721981049,-0.031000159680843353,0.4237199127674103,-0.13172410428524017,-0.030999965965747833
189,-1.7577143907546997,1.5270535945892334,-1.6342384815216064,1.0216474533081055,0.05969376862049103,1.872795820236206,-0.9503312110900879,0.7306696772575378,-0.3627510964870453,0.08172017335891724,-0.31260737776756287,-0.20231959223747253,-0.02975618652999401,-0.04288138821721077,0.18932552635669708,0.4241819381713867,1.257096290588379,-0.39525631070137024,-1.0452572107315063,1.3912538290023804,-1.1001074314117432,-0.8897837996482849,1.0510238409042358,0.730941116809845,-0.08752834796905518,-0.19612477719783783,0.11917371302843094,0.4053536653518677,0.25664326548576355,-0.3402273654937744,-0.3084008991718292,0.07109718024730682,-0.13095742464065552,0.4773712158203125,0.24896806478500366,-0.3492002487182617,0.7444689869880676,0.569056510925293,0.8542854189872742,0.5024682283401489,-0.13312463462352753,0.46264198422431946,-0.10587501525878906,0.8781856894493103,0.8302901983261108,-0.5561318397521973,-0.03654535487294197,0.47130057215690613,0.6656143665313721,0.578647792339325,0.3231356739997864,-0.010870933532714844,-0.03100002557039261,0.9977266788482666,-0.06739029288291931,1.5640230230928864e-06,0.06739029288291931,0.9977266788482666,1.4805669934503385e-06,0.2225513458251953,0.1099822074174881,-0.03100002557039261,0.42372000217437744,-0.13172407448291779,-0.03100002557039261
190,-1.7752994298934937,1.5330899953842163,-1.6520202159881592,1.0072765350341797,0.05857798829674721,1.871160626411438,-0.9379356503486633,0.7306926250457764,-0.2901301085948944,0.07608050107955933,-0.2625991702079773,-0.2372083216905594,-0.021058619022369385,-0.022379983216524124,0.17033490538597107,0.40684083104133606,1.2527822256088257,-0.40302929282188416,-1.0362473726272583,1.4157090187072754,-1.0835930109024048,-0.9133171439170837,1.029052972793579,0.7308773994445801,-0.06265819817781448,-0.14650461077690125,0.16520938277244568,0.38890478014945984,0.23737910389900208,-0.34176066517829895,-0.3083610236644745,0.13762706518173218,-0.12271308898925781,0.4805750846862793,0.25238025188446045,-0.3124638795852661,0.7437505125999451,0.5909328460693359,0.8674024343490601,0.477003276348114,-0.14170745015144348,0.4454526901245117,-0.11678361892700195,0.9002220034599304,0.8309932351112366,-0.5562778115272522,-0.0023026021663099527,0.4384794235229492,0.6524621844291687,0.6180849671363831,0.32313573360443115,-0.010870933532714844,-0.03100007027387619,0.9977267384529114,-0.06738997250795364,1.385127234243555e-06,0.06738997250795364,0.9977267384529114,1.0626736184349284e-06,0.2225513458251953,0.10998217761516571,-0.031000100076198578,0.423720121383667,-0.1317240446805954,-0.031000040471553802
191,-1.7891252040863037,1.5386611223220825,-1.666964054107666,0.991012692451477,0.058401040732860565,1.8710386753082275,-0.9262592196464539,0.7307080030441284,-0.2322607934474945,0.07106128334999084,-0.21945694088935852,-0.26232975721359253,-0.0071074459701776505,-0.0005763932131230831,0.1604280024766922,0.36781230568885803,1.249374270439148,-0.4083532989025116,-1.025542140007019,1.4397056102752686,-1.067716121673584,-0.9372065663337708,1.0071783065795898,0.7308475375175476,-0.04916618391871452,-0.10950206965208054,0.189650759100914,0.3811235725879669,0.22819557785987854,-0.34640470147132874,-0.3073059320449829,0.19380547106266022,-0.11379659175872803,0.48247718811035156,0.2546907067298889,-0.2774862051010132,0.7427870035171509,0.6093184351921082,0.8796243071556091,0.4514719843864441,-0.14978060126304626,0.4269540309906006,-0.1253194808959961,0.9204307198524475,0.8308935761451721,-0.5554225444793701,0.03349115327000618,0.40222644805908203,0.641127347946167,0.6535821557044983,0.3231356143951416,-0.010870933532714844,-0.031000062823295593,0.9977266788482666,-0.06739058345556259,2.0305305952206254e-06,0.06739058345556259,0.9977266788482666,1.214669282489922e-06,0.22255131602287292,0.10998223721981049,-0.03100014477968216,0.4237199127674103,-0.13172410428524017,-0.030999980866909027
192,-1.8010536432266235,1.543448805809021,-1.6790250539779663,0.9745216965675354,0.0602366179227829,1.8728020191192627,-0.913978636264801,0.7307117581367493,-0.20557275414466858,0.061255961656570435,-0.1745501011610031,-0.26378563046455383,0.02287210151553154,0.02645379863679409,0.1697552502155304,0.36416247487068176,1.2470017671585083,-0.41165637969970703,-1.0154991149902344,1.4644300937652588,-1.0509341955184937,-0.9619643092155457,0.9857639670372009,0.7308680415153503,-0.040667034685611725,-0.08552617579698563,0.17613615095615387,0.3927382528781891,0.2418612837791443,-0.3579663336277008,-0.3009226620197296,0.1517789214849472,-0.10471642017364502,0.483187198638916,0.25551876425743103,-0.24295353889465332,0.7419331073760986,0.6249070167541504,0.891083836555481,0.4252714514732361,-0.15847334265708923,0.4077668786048889,-0.1334209442138672,0.939569890499115,0.8290343880653381,-0.5548902153968811,0.06927353143692017,0.3637538254261017,0.6292152404785156,0.6868561506271362,0.323135644197464,-0.010870933532714844,-0.031000062823295593,0.9977266788482666,-0.06739046424627304,1.9764333956118207e-06,0.06739046424627304,0.9977266788482666,1.0735548130469397e-06,0.2225513458251953,0.10998222231864929,-0.031000155955553055,0.42371994256973267,-0.13172408938407898,-0.03099996969103813
193,-1.809556007385254,1.5473217964172363,-1.6861399412155151,0.9583910703659058,0.06482063978910446,1.8770326375961304,-0.9016320705413818,0.7307459115982056,-0.13971444964408875,0.05557665973901749,-0.09354546666145325,-0.2500762939453125,0.06274697929620743,0.060421571135520935,0.16943275928497314,0.3423251509666443,1.2462959289550781,-0.41267484426498413,-1.0066639184951782,1.4903228282928467,-1.0328043699264526,-0.9876031875610352,0.9650753736495972,0.7308706045150757,-0.008606627583503723,-0.042428068816661835,0.16400237381458282,0.405082106590271,0.26004886627197266,-0.3690631687641144,-0.2916545271873474,0.1451704502105713,-0.09596049785614014,0.4824080467224121,0.2543576955795288,-0.21122980117797852,0.7419787049293518,0.6362780928611755,0.9013410806655884,0.3996807336807251,-0.16685250401496887,0.3880094289779663,-0.14109086990356445,0.9577307105064392,0.825638473033905,-0.5544285178184509,0.10454767942428589,0.32307684421539307,0.6165101528167725,0.7180086970329285,0.3231356739997864,-0.010870933532714844,-0.03100002557039261,0.9977266788482666,-0.06739047914743423,1.4929164535715245e-06,0.06739047914743423,0.9977266788482666,1.3296209999680286e-06,0.2225513756275177,0.10998222976922989,-0.031000036746263504,0.42371997237205505,-0.13172408938407898,-0.031000014394521713
194,-1.8129769563674927,1.5508368015289307,-1.687540888786316,0.9426239728927612,0.07185112684965134,1.8836289644241333,-0.8899946212768555,0.7307950854301453,-0.05270844325423241,0.05682962015271187,-0.005121651571244001,-0.23812632262706757,0.09875097870826721,0.09452303498983383,0.15980125963687897,0.26755470037460327,1.2478362321853638,-0.4109622538089752,-0.9981912970542908,1.5170046091079712,-1.0137152671813965,-1.0138523578643799,0.9450007081031799,0.7308504581451416,0.03309062123298645,0.008564370684325695,0.16523487865924835,0.4117012619972229,0.27211809158325195,-0.37669965624809265,-0.28370437026023865,0.15617287158966064,-0.08784401416778564,0.48011207580566406,0.25140509009361267,-0.18462729454040527,0.7429877519607544,0.6433365345001221,0.910082221031189,0.3763676881790161,-0.17348706722259521,0.3675555884838104,-0.1472301483154297,0.9745860695838928,0.8215101361274719,-0.5528338551521301,0.1396273970603943,0.27970898151397705,0.6041118502616882,0.7461981177330017,0.32313573360443115,-0.010870933532714844,-0.03100006654858589,0.9977266788482666,-0.06739051640033722,1.6593523923802422e-06,0.06739051640033722,0.9977266788482666,1.3911917449149769e-06,0.22255143523216248,0.10998222976922989,-0.031000088900327682,0.42372003197669983,-0.13172408938407898,-0.0310000441968441
195,-1.8105225563049316,1.5543239116668701,-1.6836072206497192,0.926953911781311,0.08051592856645584,1.8919864892959595,-0.8796355128288269,0.7308527231216431,0.04400699585676193,0.06091330572962761,0.07455205917358398,-0.23077569901943207,0.12322124093770981,0.12062721699476242,0.14310792088508606,0.1939418762922287,1.2517120838165283,-0.40651342272758484,-0.989058792591095,1.543986439704895,-0.9942832589149475,-1.0404181480407715,0.9252976179122925,0.7308149337768555,0.07589256018400192,0.05950233340263367,0.1809530258178711,0.4117688834667206,0.2754148244857788,-0.38069766759872437,-0.2789219617843628,0.20844173431396484,-0.08043009042739868,0.4765315055847168,0.2471889853477478,-0.16434454917907715,0.7448537349700928,0.6466712355613708,0.917292594909668,0.3564763069152832,-0.17747916281223297,0.34626954793930054,-0.1511087417602539,0.9899085164070129,0.8171727061271667,-0.5492059588432312,0.17493309080600739,0.23338334262371063,0.5927740335464478,0.7708120346069336,0.323135644197464,-0.010871410369873047,-0.031000062823295593,0.9977267384529114,-0.06738962978124619,2.112656602548668e-06,0.06738962978124619,0.9977267384529114,1.4600822169086314e-06,0.22255122661590576,0.10998166352510452,-0.031000126153230667,0.4237200617790222,-0.13172447681427002,-0.03099999949336052
196,-1.7996529340744019,1.5586737394332886,-1.67349374294281,0.911471962928772,0.09026660025119781,1.901904821395874,-0.8726209402084351,0.7309902906417847,0.19134382903575897,0.08269213140010834,0.1707097440958023,-0.21490123867988586,0.140595480799675,0.14411212503910065,0.0976611003279686,0.0006899284198880196,1.2591183185577393,-0.39887306094169617,-0.977902352809906,1.571141242980957,-0.9748978614807129,-1.0670613050460815,0.905578076839447,0.7307342290878296,0.14640061557292938,0.12878109514713287,0.22357597947120667,0.4079241454601288,0.27150219678878784,-0.38196831941604614,-0.27926310896873474,0.3341188430786133,-0.0740044116973877,0.47167396545410156,0.24208518862724304,-0.15413165092468262,0.7479421496391296,0.6456206440925598,0.9226013422012329,0.34281009435653687,-0.1768842190504074,0.3236635625362396,-0.1514272689819336,1.0035874843597412,0.8137044310569763,-0.5415412783622742,0.21123002469539642,0.18288998305797577,0.5834499597549438,0.7912884950637817,0.323135644197464,-0.010870933532714844,-0.031000062823295593,0.9977266788482666,-0.0673905611038208,2.0022444005007856e-06,0.0673905611038208,0.9977266788482666,1.1436457043600967e-06,0.2225513458251953,0.10998223721981049,-0.031000148504972458,0.42371994256973267,-0.13172410428524017,-0.03099997714161873
197,-1.780044674873352,1.5638864040374756,-1.657589316368103,0.8958317041397095,0.09977433830499649,1.9123660326004028,-0.8704239726066589,0.7310478091239929,0.3284306824207306,0.09831016510725021,0.255671888589859,-0.21234466135501862,0.13802921772003174,0.15288454294204712,0.030934566631913185,-0.012619853019714355,1.2703746557235718,-0.38760003447532654,-0.9627329111099243,1.5973503589630127,-0.9570702910423279,-1.0933040380477905,0.8854909539222717,0.7306395769119263,0.2231752872467041,0.20741549134254456,0.29338788986206055,0.3862282931804657,0.24634289741516113,-0.37570035457611084,-0.2853321135044098,0.4646786153316498,-0.06838887929916382,0.4660153388977051,0.23679274320602417,-0.15545594692230225,0.752408504486084,0.6400898694992065,0.9261277914047241,0.3364470601081848,-0.1705598682165146,0.2994745671749115,-0.1465768814086914,1.014979362487793,0.8119739890098572,-0.5277111530303955,0.2494375854730606,0.12778593599796295,0.5776898860931396,0.8061918020248413,0.323135644197464,-0.010870933532714844,-0.031000062823295593,0.9977266788482666,-0.06739051640033722,2.072922370643937e-06,0.06739051640033722,0.9977266788482666,1.2880997246611514e-06,0.2225513458251953,0.10998222976922989,-0.03100014105439186,0.42371994256973267,-0.13172408938407898,-0.030999984592199326
198,-1.7550700902938843,1.5708078145980835,-1.6379148960113525,0.8802790641784668,0.1082163155078888,1.9227697849273682,-0.8739394545555115,0.7311127185821533,0.4018198251724243,0.12418108433485031,0.309381902217865,-0.21205732226371765,0.12279602885246277,0.1521003395318985,-0.04896918684244156,-0.02259054221212864,1.2855989933013916,-0.37288698554039,-0.9435440301895142,1.6218829154968262,-0.9413617253303528,-1.118781328201294,0.8646361827850342,0.7305917143821716,0.29348284006118774,0.2729436457157135,0.35545235872268677,0.35645949840545654,0.21383334696292877,-0.3650403320789337,-0.2948741912841797,0.49968448281288147,-0.0631442666053772,0.46019983291625977,0.232062429189682,-0.16569757461547852,0.7577460408210754,0.6311619281768799,0.9286021590232849,0.33536309003829956,-0.15883877873420715,0.27397727966308594,-0.13672590255737305,1.0237836837768555,0.8117442727088928,-0.5074285268783569,0.2891151010990143,0.06902850419282913,0.5749425888061523,0.8152767419815063,0.3231356143951416,-0.010870933532714844,-0.031000062823295593,0.9977266788482666,-0.06739059835672379,2.0881204818579135e-06,0.06739059835672379,0.9977266788482666,1.2853557791459025e-06,0.22255131602287292,0.10998223721981049,-0.03100014477968216,0.4237199127674103,-0.13172410428524017,-0.030999980866909027
199,0.18736395239830017,-0.3475176692008972,-0.18435756862163544,1.2503554821014404,-0.4757108688354492,1.7459659576416016,0.32938632369041443,0.6578922867774963,0.0,0.0,0.0,0.0,0.0,0.0,0.0,0.0,-0.003014339366927743,-0.7813458442687988,-0.0951726958155632,1.0666477680206299,-0.4274641275405884,1.6956923007965088,-0.08932217210531235,0.7322427034378052,0.0,0.0,0.0,0.0,0.0,0.0,0.0,0.0,0.3114876449108124,0.15696239471435547,0.2966746389865875,-0.31721818447113037,-0.8479775190353394,0.424625426530838,-0.14982175827026367,-0.39731764793395996,-0.9053685665130615,0.2495439350605011,-0.5100488662719727,0.3447403907775879,-0.09023714065551758,-0.9324630498886108,0.3498145639896393,0.10020523518323898,-0.35796594619750977,-0.928342342376709,0.3347703218460083,-0.015961647033691406,-0.03099999949336052,-0.6625373363494873,-0.7490289807319641,-0.0,0.7490289807319641,-0.6625373363494873,0.0,0.4918951392173767,-0.01008874736726284,-0.03099999949336052,0.1776455044746399,-0.021834546700119972,-0.03099999949336052
