step,agent/xarm7_ball_ee-0/qpos_0,agent/xarm7_ball_ee-0/qpos_1,agent/xarm7_ball_ee-0/qpos_2,agent/xarm7_ball_ee-0/qpos_3,agent/xarm7_ball_ee-0/qpos_4,agent/xarm7_ball_ee-0/qpos_5,agent/xarm7_ball_ee-0/qpos_6,agent/xarm7_ball_ee-0/qpos_7,agent/xarm7_ball_ee-0/qvel_0,agent/xarm7_ball_ee-0/qvel_1,agent/xarm7_ball_ee-0/qvel_2,agent/xarm7_ball_ee-0/qvel_3,agent/xarm7_ball_ee-0/qvel_4,agent/xarm7_ball_ee-0/qvel_5,agent/xarm7_ball_ee-0/qvel_6,agent/xarm7_ball_ee-0/qvel_7,agent/xarm7_ball_ee-1/qpos_0,agent/xarm7_ball_ee-1/qpos_1,agent/xarm7_ball_ee-1/qpos_2,agent/xarm7_ball_ee-1/qpos_3,agent/xarm7_ball_ee-1/qpos_4,agent/xarm7_ball_ee-1/qpos_5,agent/xarm7_ball_ee-1/qpos_6,agent/xarm7_ball_ee-1/qpos_7,agent/xarm7_ball_ee-1/qvel_0,agent/xarm7_ball_ee-1/qvel_1,agent/xarm7_ball_ee-1/qvel_2,agent/xarm7_ball_ee-1/qvel_3,agent/xarm7_ball_ee-1/qvel_4,agent/xarm7_ball_ee-1/qvel_5,agent/xarm7_ball_ee-1/qvel_6,agent/xarm7_ball_ee-1/qvel_7,extra/left_tcp_pose_6d_from_bimanual_center_0,extra/left_tcp_pose_6d_from_bimanual_center_1,extra/left_tcp_pose_6d_from_bimanual_center_2,extra/left_tcp_pose_6d_from_bimanual_center_3,extra/left_tcp_pose_6d_from_bimanual_center_4,extra/left_tcp_pose_6d_from_bimanual_center_5,extra/left_tcp_pose_6d_from_bimanual_center_6,extra/left_tcp_pose_6d_from_bimanual_center_7,extra/left_tcp_pose_6d_from_bimanual_center_8,extra/right_tcp_pose_6d_from_bimanual_center_0,extra/right_tcp_pose_6d_from_bimanual_center_1,extra/right_tcp_pose_6d_from_bimanual_center_2,extra/right_tcp_pose_6d_from_bimanual_center_3,extra/right_tcp_pose_6d_from_bimanual_center_4,extra/right_tcp_pose_6d_from_bimanual_center_5,extra/right_tcp_pose_6d_from_bimanual_center_6,extra/right_tcp_pose_6d_from_bimanual_center_7,extra/right_tcp_pose_6d_from_bimanual_center_8,extra/box_pose_6d_from_bimanual_center_0,extra/box_pose_6d_from_bimanual_center_1,extra/box_pose_6d_from_bimanual_center_2,extra/box_pose_6d_from_bimanual_center_3,extra/box_pose_6d_from_bimanual_center_4,extra/box_pose_6d_from_bimanual_center_5,extra/box_pose_6d_from_bimanual_center_6,extra/box_pose_6d_from_bimanual_center_7,extra/box_pose_6d_from_bimanual_center_8,extra/pushpoint_left_from_bimanual_center_0,extra/pushpoint_left_from_bimanual_center_1,extra/pushpoint_left_from_bimanual_center_2,extra/pushpoint_right_from_bimanual_center_0,extra/pushpoint_right_from_bimanual_center_1,extra/pushpoint_right_from_bimanual_center_2
0,0.36490410566329956,-0.5393772125244141,-0.01499485969543457,1.2237610816955566,0.3600183427333832,0.9290865659713745,-0.4163435995578766,0.7308722734451294,0.4208165407180786,0.535189151763916,0.0244991984218359,-0.3429608643054962,-0.16264088451862335,-0.3843601942062378,0.4088324010372162,0.1604633629322052,0.016870571300387383,-0.7500580549240112,-0.48850172758102417,0.5748172402381897,-0.10237468034029007,1.0428370237350464,-0.4563450813293457,0.7306556701660156,0.49817344546318054,0.5248997807502747,0.24199892580509186,-0.40868380665779114,0.41247591376304626,0.0643523558974266,-0.36585721373558044,0.38695624470710754,0.4768447279930115,0.5973199605941772,0.5092491507530212,0.6401082873344421,-0.7672833204269409,-0.03921329975128174,0.5870319604873657,0.5213842391967773,-0.6193156838417053,0.34141650795936584,-0.44499099254608154,0.14779137074947357,0.12300044298171997,-0.9868003129959106,-0.10533805191516876,0.2851162552833557,0.13680726289749146,-0.9486793279647827,0.3470537066459656,0.011648659594357014,-0.03099999949336052,-0.9188895225524902,0.3945150077342987,-6.460449526457523e-07,-0.3945150077342987,-0.9188895225524902,2.0962770577170886e-06,0.4018573760986328,-0.13572582602500916,-0.030999690294265747,0.29225003719329834,0.15902313590049744,-0.031000308692455292
1,0.3880883455276489,-0.5081833004951477,0.002589927753433585,1.2109098434448242,0.34053316712379456,0.8996418118476868,-0.38703498244285583,0.7308269739151001,0.45114073157310486,0.524074912071228,0.3719823658466339,-0.22842590510845184,-0.27009686827659607,-0.3975215554237366,0.40964964032173157,0.1944904774427414,0.04544014856219292,-0.7221569418907166,-0.4682464003562927,0.5579231381416321,-0.07340913265943527,1.058092474937439,-0.48112738132476807,0.7306930422782898,0.47386306524276733,0.44446077942848206,0.337379515171051,-0.29405319690704346,0.4067275822162628,0.2253992110490799,-0.3477368652820587,0.3205525279045105,0.48008033633232117,0.6153386235237122,0.4905662536621094,0.6443631052970886,-0.7635546326637268,-0.042196620255708694,0.5704340934753418,0.5166733264923096,-0.6384775638580322,0.33455348014831543,-0.41770851612091064,0.13169771432876587,0.1833760142326355,-0.9746783375740051,-0.12796656787395477,0.23032626509666443,0.1691497564315796,-0.9582996368408203,0.3470537066459656,0.011648661457002163,-0.03099999949336052,-0.9188895225524902,0.3945150077342987,-6.404374630619714e-07,-0.3945150077342987,-0.9188895225524902,2.1411544821603457e-06,0.4018573760986328,-0.13572582602500916,-0.03099968656897545,0.29225003719329834,0.15902313590049744,-0.03100031241774559
2,0.41342300176620483,-0.47866684198379517,0.028146207332611084,1.194777488708496,0.3177350163459778,0.8701609373092651,-0.3575459122657776,0.7308413982391357,0.4585585594177246,0.5271247029304504,0.4524887800216675,-0.30787503719329834,-0.3209924101829529,-0.393075168132782,0.4123343229293823,0.1610213965177536,0.07421164959669113,-0.6951085925102234,-0.4500783383846283,0.5454262495040894,-0.04388509318232536,1.0724729299545288,-0.5055456161499023,0.7307001948356628,0.4670870006084442,0.4382653534412384,0.2944088578224182,-0.2307349592447281,0.4137076735496521,0.2116217315196991,-0.3426137864589691,0.3176822364330292,0.4785430431365967,0.6378242373466492,0.46990448236465454,0.6561368703842163,-0.7536802887916565,-0.0380859449505806,0.5501744747161865,0.5122931599617004,-0.659442126750946,0.3271482586860657,-0.3925653398036957,0.11851903796195984,0.23847496509552002,-0.9591190814971924,-0.1523820012807846,0.17892573773860931,0.1976156234741211,-0.963811993598938,0.3470537066459656,0.011648661457002163,-0.03099999949336052,-0.9188895225524902,0.3945149779319763,-6.182356742101547e-07,-0.3945149779319763,-0.9188895225524902,2.1655434920830885e-06,0.4018573760986328,-0.13572582602500916,-0.03099968656897545,0.29225003719329834,0.15902313590049744,-0.03100031241774559
3,0.4379585087299347,-0.44914424419403076,0.05614352971315384,1.1759358644485474,0.29289594292640686,0.8408420085906982,-0.3279866576194763,0.7308521270751953,0.44426611065864563,0.5206080079078674,0.4781127870082855,-0.3421156704425812,-0.349452942609787,-0.3920339345932007,0.41331610083580017,0.14189141988754272,0.1026519238948822,-0.6688079237937927,-0.4350452125072479,0.5376839637756348,-0.014152931980788708,1.086651086807251,-0.5292573571205139,0.7307129502296448,0.4551949203014374,0.416995644569397,0.24664518237113953,-0.1487872302532196,0.4168059527873993,0.2057798057794571,-0.33276328444480896,0.30769670009613037,0.47454097867012024,0.6606134176254272,0.4470580816268921,0.6698800325393677,-0.7418183088302612,-0.03108491376042366,0.5285547971725464,0.5058640241622925,-0.6817120909690857,0.31962811946868896,-0.369775652885437,0.10810345411300659,0.2870502471923828,-0.9411559104919434,-0.1784030795097351,0.13139602541923523,0.2231658697128296,-0.9658840894699097,0.3470536768436432,0.011648665182292461,-0.03099999949336052,-0.9188895225524902,0.3945150077342987,-6.200045277182653e-07,-0.3945150077342987,-0.9188895225524902,2.2416213596443413e-06,0.4018573462963104,-0.13572581112384796,-0.030999675393104553,0.29225000739097595,0.15902315080165863,-0.031000323593616486
4,0.4613019824028015,-0.4201148450374603,0.08499430119991302,1.1560627222061157,0.26670631766319275,0.8115800619125366,-0.2983829379081726,0.7308623194694519,0.43009814620018005,0.5070606470108032,0.4865095317363739,-0.35274091362953186,-0.36885520815849304,-0.39244434237480164,0.4140096604824066,0.13062350451946259,0.13042132556438446,-0.6438943147659302,-0.42039310932159424,0.5338573455810547,0.01568146049976349,1.1005589962005615,-0.5520469546318054,0.7307342290878296,0.4488655626773834,0.3923909366130829,0.24518445134162903,-0.08721539378166199,0.41923123598098755,0.20084857940673828,-0.31987932324409485,0.28549614548683167,0.46861252188682556,0.682687520980835,0.42362868785858154,0.6844822764396667,-0.7286962270736694,-0.022040577605366707,0.5075246095657349,0.4979981780052185,-0.7031475901603699,0.31245848536491394,-0.3486239016056061,0.10028901696205139,0.3312724828720093,-0.9212321043014526,-0.203936368227005,0.0879373848438263,0.24534475803375244,-0.9654392600059509,0.3470537066459656,0.011648665182292461,-0.03099999949336052,-0.9188895225524902,0.3945150077342987,-7.147602332224778e-07,-0.3945150077342987,-0.9188895225524902,1.8815003386407625e-06,0.4018573760986328,-0.13572581112384796,-0.03099970892071724,0.29225003719329834,0.15902315080165863,-0.0310002900660038
5,0.4846651554107666,-0.3912328779697418,0.11416465044021606,1.1382296085357666,0.24003185331821442,0.7822540998458862,-0.2687534689903259,0.7308579087257385,0.4423280656337738,0.4925541281700134,0.49333080649375916,-0.3117530643939972,-0.3736666738986969,-0.39574718475341797,0.41418465971946716,0.13331176340579987,0.15772971510887146,-0.6206281781196594,-0.4013926088809967,0.5339622497558594,0.04552069678902626,1.116314172744751,-0.5730029344558716,0.7307701706886292,0.4538286626338959,0.3630058467388153,0.317525714635849,-0.024047963321208954,0.4213387668132782,0.22599394619464874,-0.2941577732563019,0.24200581014156342,0.4608490467071533,0.7047377824783325,0.40160128474235535,0.7006193995475769,-0.7134392857551575,-0.01169604156166315,0.4880322515964508,0.49109190702438354,-0.7215630412101746,0.3053813874721527,-0.327934205532074,0.09496630728244781,0.3746888041496277,-0.8989240527153015,-0.22703269124031067,0.04645061865448952,0.26276451349258423,-0.9637411832809448,0.3470537066459656,0.011648662388324738,-0.03099999949336052,-0.9188895225524902,0.3945149779319763,-6.939315539966628e-07,-0.3945149779319763,-0.9188895225524902,1.942326889547985e-06,0.4018573760986328,-0.13572582602500916,-0.030999701470136642,0.29225003719329834,0.15902313590049744,-0.031000297516584396
6,0.5067910552024841,-0.3632279634475708,0.14393606781959534,1.1186778545379639,0.21297279000282288,0.7527000904083252,-0.23911426961421967,0.7308626174926758,0.4232689440250397,0.4935595989227295,0.4964517056941986,-0.35178035497665405,-0.38140571117401123,-0.3962749242782593,0.4144849181175232,0.1303347796201706,0.1847560852766037,-0.5987961888313293,-0.37895849347114563,0.5340163111686707,0.07544072717428207,1.1358835697174072,-0.5876529812812805,0.730763852596283,0.45400553941726685,0.35052135586738586,0.36580467224121094,-0.0414266437292099,0.42179441452026367,0.28387781977653503,-0.20590098202228546,0.24794937670230865,0.451190322637558,0.7258736491203308,0.3790283501148224,0.7173455953598022,-0.6967170238494873,-0.0008502902346663177,0.4689127802848816,0.48369836807250977,-0.7390241622924805,0.2959372401237488,-0.3068571984767914,0.09018728137016296,0.41279137134552,-0.8752931356430054,-0.2519231140613556,0.0010818839073181152,0.27705860137939453,-0.9608523845672607,0.3470537066459656,0.011648661457002163,-0.03099999949336052,-0.9188895225524902,0.3945150375366211,-4.370393753561075e-07,-0.3945150375366211,-0.9188895225524902,2.6934981178783346e-06,0.4018573760986328,-0.13572582602500916,-0.030999645590782166,0.29225003719329834,0.15902313590049744,-0.031000353395938873
7,0.5293012857437134,-0.3346160650253296,0.173627108335495,1.1002684831619263,0.18656006455421448,0.723143994808197,-0.2095063179731369,0.7308420538902283,0.4445483088493347,0.4900304973125458,0.4986017048358917,-0.3229259252548218,-0.3706939220428467,-0.39892950654029846,0.413815438747406,0.15350279211997986,0.21098479628562927,-0.5788611173629761,-0.3535831570625305,0.5334098935127258,0.10533234477043152,1.1600744724273682,-0.5934257507324219,0.7307635545730591,0.44293802976608276,0.31742241978645325,0.40749287605285645,-0.04815249145030975,0.42152196168899536,0.3490592837333679,-0.0816948264837265,0.24565795063972473,0.4396052360534668,0.7469953298568726,0.3569376766681671,0.735327959060669,-0.6776512265205383,0.009036779403686523,0.44962936639785767,0.47783488035202026,-0.7546570897102356,0.283504843711853,-0.2857321500778198,0.08587811887264252,0.4424426555633545,-0.8521741628646851,-0.27936309576034546,-0.048881180584430695,0.28813308477401733,-0.9563420414924622,0.3470537066459656,0.011648667976260185,-0.03099999949336052,-0.9188895225524902,0.3945150375366211,-4.1732150179996097e-07,-0.3945150375366211,-0.9188895225524902,2.736373971856665e-06,0.4018573760986328,-0.13572581112384796,-0.030999641865491867,0.29225003719329834,0.15902315080165863,-0.031000357121229172
8,0.5523192286491394,-0.30665335059165955,0.20343106985092163,1.085762619972229,0.16149592399597168,0.6936339735984802,-0.17995889484882355,0.7308275699615479,0.46095356345176697,0.45952701568603516,0.49782124161720276,-0.24923452734947205,-0.35128524899482727,-0.40257179737091064,0.41302868723869324,0.1715267449617386,0.23606745898723602,-0.5617514848709106,-0.3277250826358795,0.5346645712852478,0.13508248329162598,1.18686044216156,-0.5921649932861328,0.7307835817337036,0.4181405305862427,0.26247259974479675,0.4091697335243225,-0.004242024850100279,0.420129656791687,0.3821799159049988,0.016746390610933304,0.2214098423719406,0.4261362552642822,0.7687086462974548,0.33784371614456177,0.7545426487922668,-0.6560124754905701,0.017694760113954544,0.4318278431892395,0.476021945476532,-0.7661121487617493,0.2701902389526367,-0.26562321186065674,0.08340448141098022,0.463952898979187,-0.8309203386306763,-0.30711400508880615,-0.09752640128135681,0.29666733741760254,-0.9499880075454712,0.3470537066459656,0.011648666113615036,-0.03099999949336052,-0.9188895225524902,0.3945150077342987,-6.619833357035532e-07,-0.3945150077342987,-0.9188895225524902,2.0797622255486203e-06,0.4018573760986328,-0.13572581112384796,-0.030999690294265747,0.29225003719329834,0.15902315080165863,-0.031000308692455292
9,0.5751320123672485,-0.2811538577079773,0.2333652675151825,1.0718783140182495,0.13636671006679535,0.6640040874481201,-0.15046170353889465,0.7308254241943359,0.4619694650173187,0.42437756061553955,0.4964295029640198,-0.24574796855449677,-0.35311010479927063,-0.4033202528953552,0.41232481598854065,0.17541629076004028,0.26131370663642883,-0.5454737544059753,-0.30106791853904724,0.534536600112915,0.16482038795948029,1.2143783569335938,-0.5856444239616394,0.7307791113853455,0.4319157004356384,0.2673290967941284,0.42517387866973877,-0.04405820742249489,0.41968655586242676,0.39688748121261597,0.09036452323198318,0.22612325847148895,0.41079989075660706,0.7899544835090637,0.32071453332901,0.7742421627044678,-0.6323416233062744,0.026327839121222496,0.41561245918273926,0.47662466764450073,-0.7746581435203552,0.2548220753669739,-0.2460535168647766,0.08109620213508606,0.47951340675354004,-0.8108580708503723,-0.33552369475364685,-0.14829453825950623,0.3019731044769287,-0.9417117834091187,0.3470537066459656,0.011648664250969887,-0.03099999949336052,-0.9188895225524902,0.39451494812965393,-6.535582315336796e-07,-0.39451494812965393,-0.9188895225524902,2.1234038740658434e-06,0.4018573760986328,-0.13572581112384796,-0.03099968656897545,0.29225003719329834,0.15902315080165863,-0.03100031241774559
10,0.5960472822189331,-0.2572827935218811,0.26356980204582214,1.0591931343078613,0.11020306497812271,0.6343938708305359,-0.12098614871501923,0.7308365106582642,0.429653525352478,0.3933669328689575,0.4917537271976471,-0.22094793617725372,-0.36763328313827515,-0.4052652418613434,0.41206681728363037,0.16180188953876495,0.2862527668476105,-0.5300583243370056,-0.2735760807991028,0.5303747057914734,0.19456973671913147,1.242647647857666,-0.5735244154930115,0.7307720184326172,0.4264155328273773,0.2565554678440094,0.43485531210899353,-0.1094016283750534,0.4189697206020355,0.40967684984207153,0.16867601871490479,0.2325519323348999,0.3946388363838196,0.8101323246955872,0.3053944706916809,0.7934195399284363,-0.6076406836509705,0.03547106683254242,0.40155309438705444,0.4787473678588867,-0.7807407379150391,0.23616108298301697,-0.22731956839561462,0.07814599573612213,0.4878281354904175,-0.7929025292396545,-0.3651427924633026,-0.20333531498908997,0.30357295274734497,-0.930858850479126,0.3470537066459656,0.011648661457002163,-0.03099999949336052,-0.9188895225524902,0.39451491832733154,-6.283755737968022e-07,-0.39451491832733154,-0.9188895225524902,2.144935479009291e-06,0.4018573760986328,-0.13572581112384796,-0.03099968656897545,0.29225003719329834,0.15902312099933624,-0.03100031241774559
11,0.6143813729286194,-0.23450812697410583,0.2938218414783478,1.0502804517745972,0.08333901315927505,0.6048312187194824,-0.0915161669254303,0.730843186378479,0.39152002334594727,0.36416104435920715,0.48558366298675537,-0.15216659009456635,-0.37776538729667664,-0.4086042642593384,0.41238653659820557,0.1677093803882599,0.3083236515522003,-0.5155199766159058,-0.24529345333576202,0.5193303823471069,0.22431820631027222,1.2714580297470093,-0.5583962798118591,0.7307501435279846,0.3807801306247711,0.2529558837413788,0.44045329093933105,-0.22446025907993317,0.4166029095649719,0.4209461510181427,0.21066969633102417,0.2581239640712738,0.3785541355609894,0.8296642899513245,0.2932387590408325,0.8114782571792603,-0.5826877951622009,0.04447512701153755,0.3904132544994354,0.4839285612106323,-0.7831926941871643,0.2132374346256256,-0.2104865163564682,0.07386267185211182,0.48800790309906006,-0.7777587175369263,-0.3961561322212219,-0.26386332511901855,0.30117809772491455,-0.9163339734077454,0.3470537066459656,0.01164866704493761,-0.03099999949336052,-0.9188895225524902,0.39451491832733154,-6.369628522406856e-07,-0.39451491832733154,-0.9188895225524902,2.156042683054693e-06,0.4018573760986328,-0.13572579622268677,-0.03099968656897545,0.29225003719329834,0.15902313590049744,-0.03100031241774559
12,0.6299454569816589,-0.21398694813251495,0.32405611872673035,1.0461819171905518,0.05649319663643837,0.5753074884414673,-0.06205720081925392,0.7308483719825745,0.351632684469223,0.31176620721817017,0.4788251519203186,-0.06612582504749298,-0.3761357069015503,-0.4122850298881531,0.4119497835636139,0.15368273854255676,0.32596468925476074,-0.5026054382324219,-0.21636347472667694,0.503556489944458,0.25397324562072754,1.3006584644317627,-0.5405349731445312,0.7307496666908264,0.308612197637558,0.2209981232881546,0.4432174563407898,-0.2838550806045532,0.4145476520061493,0.4250474274158478,0.24882248044013977,0.2598281502723694,0.3628222346305847,0.8490163087844849,0.285613089799881,0.8281023502349854,-0.5580876469612122,0.052770838141441345,0.38263776898384094,0.4939384460449219,-0.7807772755622864,0.18770727515220642,-0.19629144668579102,0.06943908333778381,0.4796214699745178,-0.7669340968132019,-0.4263513684272766,-0.32587215304374695,0.295454740524292,-0.8980612754821777,0.3470537066459656,0.01164866704493761,-0.03099999949336052,-0.9188895225524902,0.39451491832733154,-6.27557255938882e-07,-0.39451491832733154,-0.9188895225524902,2.161125848942902e-06,0.4018573760986328,-0.13572579622268677,-0.03099968656897545,0.29225003719329834,0.15902313590049744,-0.03100031241774559
13,0.6433996558189392,-0.19689629971981049,0.354108601808548,1.0452524423599243,0.0307777002453804,0.545726478099823,-0.03262675181031227,0.7308439612388611,0.3255033791065216,0.2525906562805176,0.4734947085380554,-0.015067181549966335,-0.36044037342071533,-0.4147152900695801,0.4116072654724121,0.16379541158676147,0.33847445249557495,-0.4924350678920746,-0.18717682361602783,0.4872643053531647,0.28343668580055237,1.3299589157104492,-0.5212582349777222,0.7307696342468262,0.22599554061889648,0.16821567714214325,0.44053101539611816,-0.2742758095264435,0.4121910035610199,0.42311710119247437,0.26862117648124695,0.23896975815296173,0.34693142771720886,0.8682459592819214,0.2822127640247345,0.843329668045044,-0.5340965390205383,0.05946383625268936,0.3769502639770508,0.5090459585189819,-0.7738093137741089,0.16241899132728577,-0.18467622995376587,0.06648221611976624,0.46512478590011597,-0.7603899240493774,-0.45328372716903687,-0.38357192277908325,0.28836876153945923,-0.8773345947265625,0.3470537066459656,0.011648663319647312,-0.03099999949336052,-0.9188895225524902,0.39451494812965393,-6.142098527561757e-07,-0.39451494812965393,-0.9188895225524902,2.212266963397269e-06,0.4018573760986328,-0.13572581112384796,-0.03099968284368515,0.29225003719329834,0.15902315080165863,-0.03100031614303589
14,0.6544209718704224,-0.18323001265525818,0.3841666281223297,1.0455081462860107,0.006580148357897997,0.5160852074623108,-0.003235621377825737,0.7308446764945984,0.28435128927230835,0.19961337745189667,0.46818462014198303,0.002959874691441655,-0.33954212069511414,-0.4160674214363098,0.4111573398113251,0.16542671620845795,0.3465335965156555,-0.48433443903923035,-0.15810683369636536,0.4713267982006073,0.31268349289894104,1.3591586351394653,-0.501991331577301,0.7307822704315186,0.15919141471385956,0.13847820460796356,0.43567955493927,-0.26745712757110596,0.40893101692199707,0.4211030602455139,0.2684731185436249,0.22771523892879486,0.330763041973114,0.8868565559387207,0.2817677855491638,0.857042133808136,-0.5112300515174866,0.06420757621526718,0.372041255235672,0.5278042554855347,-0.7635496854782104,0.13802307844161987,-0.17517514526844025,0.06497994065284729,0.44655662775039673,-0.7570469379425049,-0.4769352674484253,-0.43663373589515686,0.280880331993103,-0.8546680212020874,0.3470536768436432,0.01164866704493761,-0.03099999949336052,-0.9188895225524902,0.39451494812965393,-7.284628509296454e-07,-0.39451494812965393,-0.9188895225524902,1.9054834865528392e-06,0.4018573462963104,-0.13572581112384796,-0.03099970519542694,0.29225000739097595,0.15902315080165863,-0.031000293791294098
15,0.6621583700180054,-0.1745247095823288,0.41413795948028564,1.0467721223831177,-0.01610259711742401,0.48654302954673767,0.026096412912011147,0.7308582067489624,0.22918953001499176,0.10456174612045288,0.45973700284957886,0.034393101930618286,-0.31775593757629395,-0.4184716045856476,0.41042035818099976,0.15126608312129974,0.3515627086162567,-0.4768693745136261,-0.12930625677108765,0.45487022399902344,0.34174591302871704,1.3882242441177368,-0.4832760691642761,0.7307847738265991,0.11540430039167404,0.1333915889263153,0.430570513010025,-0.27861469984054565,0.40581610798835754,0.41971278190612793,0.2606988549232483,0.2277652770280838,0.31490930914878845,0.9044257998466492,0.2850528657436371,0.8687781691551208,-0.4905517101287842,0.0677018091082573,0.3689626157283783,0.5500409603118896,-0.7492138743400574,0.11387741565704346,-0.1674194633960724,0.06436625123023987,0.42468923330307007,-0.756057858467102,-0.4980115592479706,-0.4872664213180542,0.2727299928665161,-0.8295719623565674,0.3470536768436432,0.011648664250969887,-0.03099999949336052,-0.9188895225524902,0.39451494812965393,-7.129163464014709e-07,-0.39451494812965393,-0.9188895225524902,1.9469030121399555e-06,0.4018573462963104,-0.13572581112384796,-0.030999701470136642,0.29225000739097595,0.15902315080165863,-0.031000297516584396
16,0.6650747060775757,-0.1704929620027542,0.4440310001373291,1.0492675304412842,-0.038386981934309006,0.45698636770248413,0.05531692132353783,0.7308925986289978,0.13604415953159332,0.03275301679968834,0.44841268658638,0.05660632252693176,-0.31168603897094727,-0.4198748767375946,0.40886130928993225,0.10700365900993347,0.3550167977809906,-0.46855753660202026,-0.10085292160511017,0.4378231167793274,0.37067195773124695,1.417090654373169,-0.4653473198413849,0.7307843565940857,0.09309137612581253,0.14910626411437988,0.42520013451576233,-0.2888747453689575,0.40357449650764465,0.4170752763748169,0.24963349103927612,0.23076480627059937,0.30052852630615234,0.9205145835876465,0.29208508133888245,0.8781159520149231,-0.47313350439071655,0.07111314684152603,0.3688019812107086,0.5746743083000183,-0.7305712699890137,0.08964371681213379,-0.16113530099391937,0.06440809369087219,0.4001868963241577,-0.7568336725234985,-0.5167719721794128,-0.5368183255195618,0.26343172788619995,-0.8015172481536865,0.3470537066459656,0.011648666113615036,-0.03099999949336052,-0.9188895225524902,0.3945150077342987,-4.3578035047175945e-07,-0.3945150077342987,-0.9188895225524902,2.6605418952385662e-06,0.4018573760986328,-0.13572581112384796,-0.030999649316072464,0.29225003719329834,0.15902315080165863,-0.031000349670648575
17,0.6618824601173401,-0.16896258294582367,0.47317302227020264,1.0501590967178345,-0.059747278690338135,0.4273279905319214,0.08427468687295914,0.7309325933456421,0.01405127253383398,0.015365303494036198,0.4275985062122345,0.017921531572937965,-0.2990535497665405,-0.4178002178668976,0.40515583753585815,0.059533365070819855,0.35652682185173035,-0.4605349004268646,-0.07296744734048843,0.423823744058609,0.3995557427406311,1.445334792137146,-0.447887659072876,0.7308031916618347,0.05780314281582832,0.13035088777542114,0.41244634985923767,-0.2244056612253189,0.404219388961792,0.4041920602321625,0.24303792417049408,0.21096239984035492,0.2887486219406128,0.933938205242157,0.2997329831123352,0.8844640254974365,-0.4608033299446106,0.07337328791618347,0.37049490213394165,0.5979520082473755,-0.7107650637626648,0.06763893365859985,-0.15557195246219635,0.06599971652030945,0.3748612403869629,-0.7589704990386963,-0.5323934555053711,-0.581015944480896,0.25516724586486816,-0.7728583812713623,0.3470537066459656,0.011648663319647312,-0.03099999949336052,-0.9188895225524902,0.3945150077342987,-6.801930680921942e-07,-0.3945150077342987,-0.9188895225524902,2.006190470638103e-06,0.4018573760986328,-0.13572581112384796,-0.030999697744846344,0.29225003719329834,0.15902315080165863,-0.031000301241874695
18,0.6533420085906982,-0.16747786104679108,0.5000389814376831,1.048411250114441,-0.08056746423244476,0.3977724015712738,0.11288020759820938,0.7309650778770447,-0.09020356088876724,0.027281370013952255,0.387179970741272,-0.028594350442290306,-0.29149556159973145,-0.41424158215522766,0.40019088983535767,0.022337285801768303,0.35541218519210815,-0.45338359475135803,-0.046354565769433975,0.41267335414886475,0.4284789562225342,1.4725947380065918,-0.43160465359687805,0.7308083772659302,0.014842497184872627,0.1157635822892189,0.39061999320983887,-0.18057848513126373,0.4046735465526581,0.38915491104125977,0.226534903049469,0.20835569500923157,0.2803778350353241,0.9443508982658386,0.30580416321754456,0.8879085779190063,-0.4540417790412903,0.07392168790102005,0.3733963370323181,0.6174886226654053,-0.6923026442527771,0.04826033115386963,-0.15033742785453796,0.06895802915096283,0.3487582206726074,-0.7618734836578369,-0.5458173155784607,-0.6193663477897644,0.24972349405288696,-0.7443276047706604,0.3470537066459656,0.011648667976260185,-0.03099999949336052,-0.9188895225524902,0.3945150077342987,-6.789476287849538e-07,-0.3945150077342987,-0.9188895225524902,2.047015868811286e-06,0.4018573760986328,-0.13572581112384796,-0.030999694019556046,0.29225003719329834,0.15902315080165863,-0.031000304967164993
19,0.6410975456237793,-0.16454961895942688,0.5207813382148743,1.0446221828460693,-0.10105737298727036,0.36834657192230225,0.1405259668827057,0.7310295701026917,-0.20255495607852936,0.05753771588206291,0.2814602255821228,-0.062140002846717834,-0.28598496317863464,-0.4110627770423889,0.3868351876735687,-0.04440208896994591,0.3523138761520386,-0.44598960876464844,-0.021775364875793457,0.40289828181266785,0.4575177729129791,1.4980701208114624,-0.4158928096294403,0.7308003306388855,-0.016712933778762817,0.12217318266630173,0.3596144914627075,-0.1622730940580368,0.4056967794895172,0.3634568750858307,0.21831673383712769,0.22894856333732605,0.27720025181770325,0.9514713287353516,0.3099757432937622,0.8878840208053589,-0.4543485939502716,0.07231435179710388,0.37865543365478516,0.6324073672294617,-0.675781786441803,0.03090691566467285,-0.14525291323661804,0.07264500856399536,0.3204173445701599,-0.7657859921455383,-0.5575882196426392,-0.6534594893455505,0.2474607229232788,-0.7153698205947876,0.3470537066459656,0.011648664250969887,-0.03099999949336052,-0.9188895225524902,0.3945150077342987,-6.640515266553848e-07,-0.3945150077342987,-0.9188895225524902,2.090649331876193e-06,0.4018573760986328,-0.13572581112384796,-0.030999690294265747,0.29225003719329834,0.15902315080165863,-0.031000308692455292
20,0.6268782615661621,-0.15918324887752533,0.5316393375396729,1.0414636135101318,-0.12037685513496399,0.3390498757362366,0.16665273904800415,0.7310928702354431,-0.28241047263145447,0.0912860557436943,0.12421093136072159,-0.046277061104774475,-0.2674637734889984,-0.4104498028755188,0.3654731810092926,-0.13390924036502838,0.3482939302921295,-0.43919268250465393,0.0017500806134194136,0.3939162790775299,0.48649922013282776,1.522185206413269,-0.39951440691947937,0.7308056354522705,-0.028969399631023407,0.10984935611486435,0.3450673222541809,-0.14803548157215118,0.4051542580127716,0.34405481815338135,0.2275816649198532,0.2269740253686905,0.28088775277137756,0.9555188417434692,0.3136483430862427,0.8835638761520386,-0.46346455812454224,0.06719723343849182,0.3877490758895874,0.6435340642929077,-0.6599352955818176,0.015028655529022217,-0.14023877680301666,0.07691280543804169,0.29083842039108276,-0.7706117033958435,-0.5670720934867859,-0.6839829087257385,0.24697351455688477,-0.6864193677902222,0.3470537066459656,0.011648664250969887,-0.03099999949336052,-0.9188895225524902,0.3945150077342987,-6.530041787300433e-07,-0.3945150077342987,-0.9188895225524902,2.132515874109231e-06,0.4018573760986328,-0.13572581112384796,-0.03099968656897545,0.29225003719329834,0.15902315080165863,-0.03100031241774559
21,0.609977126121521,-0.15141251683235168,0.5340148210525513,1.04121994972229,-0.13855315744876862,0.3097994327545166,0.191107839345932,0.7311428189277649,-0.3514554500579834,0.12176404148340225,-0.0056242551654577255,0.0027040967252105474,-0.2497953325510025,-0.411285936832428,0.3420264720916748,-0.18811912834644318,0.3443739116191864,-0.4336744248867035,0.0257748831063509,0.3850841820240021,0.5152163505554199,1.5462356805801392,-0.3820062577724457,0.7308224439620972,-0.023149637505412102,0.09022650867700577,0.35451582074165344,-0.14702630043029785,0.40171486139297485,0.3441234529018402,0.24348431825637817,0.2026640921831131,0.2913585305213928,0.9571166634559631,0.31832626461982727,0.8749542832374573,-0.480601966381073,0.058964550495147705,0.40152662992477417,0.6520962715148926,-0.6430761218070984,-0.00037026405334472656,-0.13552656769752502,0.08171708881855011,0.2617120146751404,-0.7760297060012817,-0.5738333463668823,-0.7124234437942505,0.2457790970802307,-0.657301664352417,0.3470537066459656,0.011648665182292461,-0.03099999949336052,-0.9188895225524902,0.3945149779319763,-6.155229925752792e-07,-0.3945149779319763,-0.9188895225524902,2.150111413357081e-06,0.4018573760986328,-0.13572581112384796,-0.03099968656897545,0.29225003719329834,0.15902315080165863,-0.03100031241774559
22,0.5909075736999512,-0.14213337004184723,0.5290489196777344,1.043055534362793,-0.15507568418979645,0.2806227505207062,0.2134690135717392,0.7311924695968628,-0.41162919998168945,0.14423756301403046,-0.11658090353012085,0.030777420848608017,-0.22566278278827667,-0.4096805155277252,0.31269189715385437,-0.24424748122692108,0.3396720886230469,-0.42776739597320557,0.0500241219997406,0.3751000165939331,0.5435738563537598,1.570199966430664,-0.364193856716156,0.7308188080787659,-0.036274585872888565,0.10206891596317291,0.3566025495529175,-0.16984115540981293,0.394911527633667,0.34313979744911194,0.2471022754907608,0.21212203800678253,0.30763375759124756,0.9561419486999512,0.32387295365333557,0.862260639667511,-0.5041536688804626,0.048328690230846405,0.41971707344055176,0.6579058766365051,-0.6252979040145874,-0.015913188457489014,-0.13145898282527924,0.08672557771205902,0.2313152551651001,-0.7824243903160095,-0.5781915187835693,-0.7403264045715332,0.24402040243148804,-0.6263951063156128,0.3470537066459656,0.011648665182292461,-0.03099999949336052,-0.9188895225524902,0.3945150077342987,-6.179053002597357e-07,-0.3945150077342987,-0.9188895225524902,2.225509661002434e-06,0.4018573760986328,-0.13572581112384796,-0.03099967911839485,0.29225003719329834,0.15902315080165863,-0.031000319868326187
23,0.5698931813240051,-0.1327659636735916,0.5183406472206116,1.0465595722198486,-0.16782353818416595,0.25163689255714417,0.23391437530517578,0.7312310934066772,-0.4570804536342621,0.1358388066291809,-0.2019844353199005,0.06093968078494072,-0.1715310961008072,-0.4082707464694977,0.2859293818473816,-0.285802960395813,0.33444204926490784,-0.42123284935951233,0.07527521997690201,0.3639281690120697,0.5711709260940552,1.5943516492843628,-0.3458121716976166,0.7308267951011658,-0.041590094566345215,0.1117505207657814,0.3719020187854767,-0.18805071711540222,0.38461560010910034,0.3464996814727783,0.25569137930870056,0.1998496651649475,0.3285239338874817,0.9525324106216431,0.3306899666786194,0.8452544808387756,-0.5332579016685486,0.03436454012989998,0.44185271859169006,0.6613072156906128,-0.6061674356460571,-0.03184521198272705,-0.12827907502651215,0.09190519154071808,0.20047247409820557,-0.7900335788726807,-0.5793596506118774,-0.7680072784423828,0.2404245138168335,-0.5935998558998108,0.3470537066459656,0.011648664250969887,-0.03099999949336052,-0.9188895225524902,0.3945150077342987,-7.23203470442968e-07,-0.3945150077342987,-0.9188895225524902,1.892963837235584e-06,0.4018573760986328,-0.13572581112384796,-0.03099970519542694,0.29225003719329834,0.15902315080165863,-0.031000293791294098
24,0.5479485988616943,-0.12310649454593658,0.5028518438339233,1.049611210823059,-0.1750638782978058,0.22262325882911682,0.252915620803833,0.7312620282173157,-0.48913198709487915,0.15256300568580627,-0.2706509530544281,0.04160064458847046,-0.09468626230955124,-0.40567660331726074,0.26584580540657043,-0.3213263750076294,0.32830241322517395,-0.4144382178783417,0.10152607411146164,0.35049450397491455,0.5974071621894836,1.6191760301589966,-0.32638266682624817,0.7308312654495239,-0.05453736335039139,0.11764340102672577,0.3860171437263489,-0.22614552080631256,0.36444157361984253,0.3568444550037384,0.2703506052494049,0.20630185306072235,0.35269173979759216,0.9460182785987854,0.3371942341327667,0.8237254023551941,-0.5667761564254761,0.015532329678535461,0.4662207365036011,0.6614845395088196,-0.5874320864677429,-0.04855000972747803,-0.12641450762748718,0.09723484516143799,0.168695867061615,-0.7995392084121704,-0.5764361619949341,-0.7958016395568848,0.23458582162857056,-0.5582733154296875,0.3470536768436432,0.011648658663034439,-0.03099999949336052,-0.9188895225524902,0.3945150077342987,-6.944482606741076e-07,-0.3945150077342987,-0.9188895225524902,1.9409801552683348e-06,0.4018573462963104,-0.13572582602500916,-0.030999701470136642,0.29225000739097595,0.15902313590049744,-0.031000297516584396
25,0.5230242609977722,-0.11160843819379807,0.48735401034355164,1.0501428842544556,-0.18273356556892395,0.1938709169626236,0.2732031047344208,0.7312653064727783,-0.5212331414222717,0.19798019528388977,-0.26292890310287476,-0.012125655077397823,-0.10259252041578293,-0.398043692111969,0.2839142680168152,-0.3189849853515625,0.3253946900367737,-0.4046086072921753,0.12764516472816467,0.33527812361717224,0.6229150891304016,1.6435593366622925,-0.307681679725647,0.7308436632156372,-0.001713210018351674,0.16948586702346802,0.38820403814315796,-0.2572442889213562,0.35391765832901,0.3518661558628082,0.26018697023391724,0.19419407844543457,0.3783831000328064,0.9367800354957581,0.3406616151332855,0.7988060712814331,-0.601570725440979,-0.004630789626389742,0.4912874698638916,0.6567684412002563,-0.5720942616462708,-0.06649971008300781,-0.12574835121631622,0.10275633633136749,0.13827002048492432,-0.8096189498901367,-0.5704372525215149,-0.8246186971664429,0.22488880157470703,-0.5190655589103699,0.3470537066459656,0.011648666113615036,-0.03099999949336052,-0.9188895225524902,0.3945150375366211,-4.384219494113495e-07,-0.3945150375366211,-0.9188895225524902,2.6622055884217843e-06,0.4018573760986328,-0.13572581112384796,-0.030999649316072464,0.29225003719329834,0.15902315080165863,-0.031000349670648575
26,0.49594154953956604,-0.09905198216438293,0.474407434463501,1.0556844472885132,-0.18928535282611847,0.1667051464319229,0.2943512499332428,0.7312456965446472,-0.5331254601478577,0.1714467704296112,-0.22534635663032532,0.10036203265190125,-0.08437313884496689,-0.3852306306362152,0.29615530371665955,-0.291673868894577,0.3333401083946228,-0.39658254384994507,0.15398447215557098,0.323330819606781,0.6447598934173584,1.6674370765686035,-0.293639212846756,0.7310025691986084,0.16490861773490906,0.12336057424545288,0.39705052971839905,-0.1904960572719574,0.30673202872276306,0.34502190351486206,0.19627535343170166,-0.0011299229227006435,0.4040582776069641,0.9272995591163635,0.34620630741119385,0.7721202373504639,-0.6349039673805237,-0.02696922793984413,0.5168153643608093,0.6520729064941406,-0.5547096729278564,-0.08452063798904419,-0.12688899040222168,0.10855984687805176,0.1256139874458313,-0.8160842061042786,-0.5641167759895325,-0.8512124419212341,0.20340567827224731,-0.48380106687545776,0.3470537066459656,0.011648665182292461,-0.03099999949336052,-0.9188895225524902,0.3945150375366211,-4.281473593437113e-07,-0.3945150375366211,-0.9188895225524902,2.7064079404226504e-06,0.4018573760986328,-0.13572581112384796,-0.030999645590782166,0.29225003719329834,0.15902315080165863,-0.031000353395938873
27,0.4665994346141815,-0.08849331736564636,0.46719855070114136,1.0660847425460815,-0.1954706460237503,0.14271733164787292,0.3162826895713806,0.731205940246582,-0.5266909003257751,0.13640250265598297,-0.13338953256607056,0.17106840014457703,-0.08051174134016037,-0.3413677513599396,0.3072376549243927,-0.24628803133964539,0.3490602970123291,-0.3931508958339691,0.17909084260463715,0.31652525067329407,0.6585597991943359,1.6920040845870972,-0.286941796541214,0.7310963869094849,0.26783517003059387,0.0464458093047142,0.3758338391780853,-0.10710308700799942,0.1939951479434967,0.3532518744468689,0.09368757158517838,0.0011770077981054783,0.4277200698852539,0.9184176921844482,0.35509955883026123,0.7458915710449219,-0.6642540693283081,-0.0491160973906517,0.5422873497009277,0.6484402418136597,-0.5342749357223511,-0.10104233026504517,-0.13090957701206207,0.11435452103614807,0.13372868299484253,-0.8177420496940613,-0.5598344802856445,-0.8734065890312195,0.16967660188674927,-0.45647644996643066,0.3470537066459656,0.011648663319647312,-0.03099999949336052,-0.9188895225524902,0.3945150077342987,-6.803606993344147e-07,-0.3945150077342987,-0.9188895225524902,2.040599838437629e-06,0.4018573760986328,-0.13572581112384796,-0.030999694019556046,0.29225003719329834,0.15902315080165863,-0.031000304967164993
28,0.43879956007003784,-0.07800024747848511,0.46318331360816956,1.0748928785324097,-0.2012503445148468,0.12303783744573593,0.3375875651836395,0.7311920523643494,-0.4979788362979889,0.1731279045343399,-0.08202491700649261,0.11337970197200775,-0.07809823006391525,-0.2730092406272888,0.29862159490585327,-0.23268626630306244,0.36737754940986633,-0.39040547609329224,0.20127075910568237,0.31091591715812683,0.6679366230964661,1.7161909341812134,-0.28526079654693604,0.7311265468597412,0.29671362042427063,0.04750200733542442,0.3317989706993103,-0.10071739554405212,0.13008548319339752,0.3476676046848297,0.023718928918242455,-0.011993950232863426,0.44817572832107544,0.9096145629882812,0.3613462746143341,0.7212851047515869,-0.6890721917152405,-0.07019491493701935,0.5637367963790894,0.6429116725921631,-0.518522322177887,-0.11648309230804443,-0.1368054300546646,0.12006920576095581,0.14855527877807617,-0.816747784614563,-0.5575432777404785,-0.8925856947898865,0.13196015357971191,-0.43113502860069275,0.3470537066459656,0.011648659594357014,-0.03099999949336052,-0.9188895225524902,0.3945150077342987,-6.537085255331476e-07,-0.3945150077342987,-0.9188895225524902,2.080307467622333e-06,0.4018573760986328,-0.13572582602500916,-0.030999690294265747,0.29225003719329834,0.15902313590049744,-0.031000308692455292
29,0.4132324159145355,-0.0650651603937149,0.4614039957523346,1.0818400382995605,-0.20552633702754974,0.11027152091264725,0.3584762513637543,0.7311713099479675,-0.4541687071323395,0.21983762085437775,-0.045971304178237915,0.07834024727344513,-0.058262769132852554,-0.1738807111978531,0.29286715388298035,-0.20825184881687164,0.38789960741996765,-0.3887452185153961,0.22231987118721008,0.3081167936325073,0.6743626594543457,1.7393348217010498,-0.2875039577484131,0.7311729788780212,0.3280884623527527,0.024274609982967377,0.3154241442680359,-0.04924079775810242,0.08978737890720367,0.33148306608200073,-0.03173944726586342,0.015303757041692734,0.4658397138118744,0.9008147120475769,0.36221814155578613,0.6970497965812683,-0.7111239433288574,-0.09178425371646881,0.5794817209243774,0.6340941190719604,-0.5119819641113281,-0.13022476434707642,-0.14377211034297943,0.12556883692741394,0.17037761211395264,-0.8124781250953674,-0.5575399398803711,-0.9076853394508362,0.0908082127571106,-0.4097086489200592,0.3470537066459656,0.011648662388324738,-0.03099999949336052,-0.9188895225524902,0.3945150077342987,-6.471315714406956e-07,-0.3945150077342987,-0.9188895225524902,2.1271894183882978e-06,0.4018573760986328,-0.13572582602500916,-0.03099968656897545,0.29225003719329834,0.15902313590049744,-0.03100031241774559
30,0.387921005487442,-0.053664788603782654,0.4648756682872772,1.087959885597229,-0.20730601251125336,0.11029039323329926,0.3777698278427124,0.7311373353004456,-0.4097912907600403,0.1783442199230194,0.036807943135499954,0.07526535540819168,-0.02398219145834446,0.0037321439012885094,0.27046334743499756,-0.16292604804039001,0.41001173853874207,-0.39002716541290283,0.2410600781440735,0.3048873245716095,0.6752570867538452,1.7627556324005127,-0.2914111018180847,0.7312116622924805,0.3483937978744507,-0.01847022771835327,0.2825409173965454,-0.06410648673772812,0.011053003370761871,0.3366624712944031,-0.0540468730032444,-0.01909894123673439,0.47987478971481323,0.891961395740509,0.3589351177215576,0.673035740852356,-0.731227457523346,-0.1110374927520752,0.5899366736412048,0.621300458908081,-0.5157135128974915,-0.14301949739456177,-0.15319788455963135,0.1306428611278534,0.1974191665649414,-0.8067998886108398,-0.556865930557251,-0.9192434549331665,0.045015037059783936,-0.391107439994812,0.3470537066459656,0.01164865680038929,-0.03099999949336052,-0.9188895225524902,0.3945150077342987,-6.242643735276943e-07,-0.3945150077342987,-0.9188895225524902,2.1683829345420236e-06,0.4018573760986328,-0.13572582602500916,-0.03099968656897545,0.29225003719329834,0.15902313590049744,-0.03100031241774559
31,0.3676598370075226,-0.04497593641281128,0.467968225479126,1.093897819519043,-0.20346492528915405,0.11815956979990005,0.3917578160762787,0.7311404943466187,-0.3469163775444031,0.13200846314430237,0.029085809364914894,0.07863561809062958,0.05538090690970421,0.11226910352706909,0.1962748020887375,-0.17069271206855774,0.4333254098892212,-0.39369556307792664,0.2564474046230316,0.3015630841255188,0.6718972325325012,1.785249948501587,-0.295183390378952,0.7312346696853638,0.35871708393096924,-0.05515417084097862,0.2322942167520523,-0.0607183575630188,-0.04808929190039635,0.32233962416648865,-0.0508255809545517,-0.02644551731646061,0.49086669087409973,0.8836334347724915,0.35461390018463135,0.650265097618103,-0.7487999796867371,-0.12827272713184357,0.5965593457221985,0.6078341603279114,-0.5240749716758728,-0.1542268991470337,-0.1641150563955307,0.13518501818180084,0.22696149349212646,-0.8002524375915527,-0.5550535917282104,-0.9267510175704956,-0.0022745132446289062,-0.3756692409515381,0.3470537066459656,0.01164866704493761,-0.03099999949336052,-0.9188895225524902,0.3945150077342987,-6.110798267400241e-07,-0.3945150077342987,-0.9188895225524902,2.209915919593186e-06,0.4018573760986328,-0.13572581112384796,-0.03099968284368515,0.29225003719329834,0.15902315080165863,-0.03100031614303589
32,0.3501514196395874,-0.03791504725813866,0.4699786305427551,1.1019642353057861,-0.1970873326063156,0.12961076200008392,0.4013754427433014,0.7311434745788574,-0.31591081619262695,0.09946807473897934,0.011650633066892624,0.12008076161146164,0.09178658574819565,0.15968899428844452,0.13510467112064362,-0.176233172416687,0.45699870586395264,-0.3990592360496521,0.268286794424057,0.2983066737651825,0.6650140285491943,1.8065407276153564,-0.2990260422229767,0.731243908405304,0.3591049015522003,-0.07961314171552658,0.17995406687259674,-0.0583716444671154,-0.09842368960380554,0.3044123649597168,-0.05361565575003624,0.012434421107172966,0.5008528232574463,0.8756308555603027,0.3516341745853424,0.6286093592643738,-0.7644684314727783,-0.14296279847621918,0.6023290157318115,0.5948349237442017,-0.5323261618614197,-0.16364067792892456,-0.17591583728790283,0.13922540843486786,0.2574593424797058,-0.7926991581916809,-0.5525783896446228,-0.9304860234260559,-0.04915952682495117,-0.36301401257514954,0.3470536768436432,0.011648663319647312,-0.03099999949336052,-0.9188895225524902,0.3945150077342987,-7.213085382318241e-07,-0.3945150077342987,-0.9188895225524902,1.901890982480836e-06,0.4018573462963104,-0.13572581112384796,-0.03099970519542694,0.29225000739097595,0.15902315080165863,-0.031000293791294098
33,0.3336314558982849,-0.03176996111869812,0.47167330980300903,1.113240122795105,-0.1893298327922821,0.14187535643577576,0.4083382785320282,0.7311341166496277,-0.3008044958114624,0.07968262583017349,0.007325474172830582,0.17351502180099487,0.11165547370910645,0.16899429261684418,0.09786942601203918,-0.16497278213500977,0.4806062877178192,-0.40648141503334045,0.278515487909317,0.2951960265636444,0.6559116840362549,1.8269799947738647,-0.30131494998931885,0.7312607169151306,0.35754188895225525,-0.11150771379470825,0.15730294585227966,-0.054653435945510864,-0.12812727689743042,0.29259976744651794,-0.030246322974562645,-0.03183581307530403,0.5106452703475952,0.8681464791297913,0.35121577978134155,0.6079248189926147,-0.7784125208854675,-0.15652945637702942,0.6085551381111145,0.5834237933158875,-0.5378450751304626,-0.17151612043380737,-0.1883033663034439,0.1428011804819107,0.2888501286506653,-0.7847992181777954,-0.548321008682251,-0.9306470155715942,-0.09578657150268555,-0.3531588912010193,0.3470536768436432,0.011648664250969887,-0.03099999949336052,-0.9188895225524902,0.3945150077342987,-7.075456665006641e-07,-0.3945150077342987,-0.9188895225524902,1.9441672520770226e-06,0.4018573462963104,-0.13572581112384796,-0.030999701470136642,0.29225000739097595,0.15902315080165863,-0.031000297516584396
34,0.3173413872718811,-0.026701193302869797,0.4723322093486786,1.1268227100372314,-0.18261010944843292,0.151748925447464,0.41280123591423035,0.7311429381370544,-0.3136276304721832,0.05730550363659859,-0.01081283949315548,0.21262158453464508,0.09786948561668396,0.13372327387332916,0.0628618523478508,-0.17798984050750732,0.5045236945152283,-0.4137391149997711,0.28876617550849915,0.2916405200958252,0.6476178765296936,1.8464078903198242,-0.30230551958084106,0.731255292892456,0.3639719486236572,-0.10425164550542831,0.15919874608516693,-0.06421582400798798,-0.11719242483377457,0.2786010503768921,-0.013042205944657326,0.02052902989089489,0.5210159420967102,0.8607807159423828,0.35394296050071716,0.5889672040939331,-0.7905844449996948,-0.16761229932308197,0.6169658899307251,0.573814332485199,-0.5386003255844116,-0.1787184476852417,-0.200770765542984,0.14622341096401215,0.31918400526046753,-0.7767090201377869,-0.5429960489273071,-0.9285051226615906,-0.14158713817596436,-0.3432658910751343,0.3470537066459656,0.01164866704493761,-0.03099999949336052,-0.9188895225524902,0.3945150673389435,-4.49968524662836e-07,-0.3945150673389435,-0.9188895225524902,2.664920202732901e-06,0.4018573760986328,-0.13572581112384796,-0.030999645590782166,0.29225003719329834,0.15902315080165863,-0.031000353395938873
35,0.29991739988327026,-0.022256789728999138,0.4720092713832855,1.142091989517212,-0.17847782373428345,0.15949968993663788,0.4145415425300598,0.7311611771583557,-0.3431392014026642,0.0491306446492672,-0.027260834351181984,0.23659388720989227,0.06183728575706482,0.10387694835662842,0.024745699018239975,-0.20128510892391205,0.5279465317726135,-0.41938623785972595,0.2993190288543701,0.29043492674827576,0.6427767872810364,1.8592791557312012,-0.3023048937320709,0.731116533279419,0.3793770670890808,-0.08681651204824448,0.11440062522888184,0.048509351909160614,0.026748351752758026,-0.2463979423046112,-1.0361602306365967,0.07213906943798065,0.532598614692688,0.8526555299758911,0.35899490118026733,0.5714718103408813,-0.8018072843551636,-0.17471449077129364,0.6281255483627319,0.5644001960754395,-0.5356405377388,-0.1839815378189087,-0.2107706516981125,0.14824140071868896,0.3482745289802551,-0.7674071192741394,-0.5383224487304688,-0.9232812523841858,-0.1815568208694458,-0.3385094404220581,0.3470537066459656,0.011648661457002163,-0.03099999949336052,-0.9188895225524902,0.3945150375366211,-4.1431479758102796e-07,-0.3945150375366211,-0.9188895225524902,2.695147031772649e-06,0.4018573760986328,-0.13572582602500916,-0.030999649316072464,0.29225003719329834,0.15902313590049744,-0.031000349670648575
36,0.2805704176425934,-0.019161328673362732,0.4720114469528198,1.161881685256958,-0.17568077147006989,0.1623576581478119,0.4171980321407318,0.7311269044876099,-0.3660828173160553,-0.0043685114942491055,-0.022798078134655952,0.3309536278247833,0.04517620801925659,0.02812136523425579,0.03744887188076973,-0.1554861068725586,0.5496239066123962,-0.4265429675579071,0.3137251138687134,0.2971971333026886,0.6397331357002258,1.8607022762298584,-0.3044750988483429,0.7310941815376282,0.43988776206970215,-0.11262201517820358,0.16415303945541382,0.05633673444390297,0.03336201608181,-0.392855167388916,-1.5497446060180664,0.09116296470165253,0.5455584526062012,0.844658374786377,0.3698272407054901,0.5547105073928833,-0.811730146408081,-0.18273070454597473,0.6438321471214294,0.5578665733337402,-0.5237031579017639,-0.18503814935684204,-0.21672354638576508,0.14666986465454102,0.38510560989379883,-0.7511749267578125,-0.5361248850822449,-0.9109241962432861,-0.21622216701507568,-0.35137587785720825,0.3470537066459656,0.011648662388324738,-0.03099999949336052,-0.9188895225524902,0.39451494812965393,-6.712254503327131e-07,-0.39451494812965393,-0.9188895225524902,2.026915808528429e-06,0.4018573760986328,-0.13572582602500916,-0.030999697744846344,0.29225003719329834,0.15902313590049744,-0.031000301241874695
37,0.26135674118995667,-0.015805477276444435,0.4718342125415802,1.182930827140808,-0.1727488934993744,0.16186659038066864,0.4213322401046753,0.7311161160469055,-0.35967111587524414,0.03249971941113472,-0.023131564259529114,0.32177039980888367,0.045203905552625656,-0.01276062335819006,0.058093491941690445,-0.14167988300323486,0.5715482831001282,-0.43477535247802734,0.3294435739517212,0.30461567640304565,0.6364421844482422,1.862022042274475,-0.30755507946014404,0.7310853600502014,0.4377521872520447,-0.12835894525051117,0.18366967141628265,0.06186183914542198,0.032096829265356064,-0.3956998288631439,-1.6113086938858032,0.10514567047357559,0.5586680769920349,0.8368017077445984,0.3825995624065399,0.5380474328994751,-0.820494532585144,-0.19311581552028656,0.6606256365776062,0.5527675151824951,-0.5079583525657654,-0.18568027019500732,-0.22274982929229736,0.14487327635288239,0.42352294921875,-0.7318476438522339,-0.5338795781135559,-0.8959968686103821,-0.25157999992370605,-0.3659198582172394,0.3470537066459656,0.01164866704493761,-0.03099999949336052,-0.9188895225524902,0.39451494812965393,-6.711922537760984e-07,-0.39451494812965393,-0.9188895225524902,2.073810946967569e-06,0.4018573760986328,-0.13572581112384796,-0.030999690294265747,0.29225003719329834,0.15902315080165863,-0.031000308692455292
38,0.24249421060085297,-0.010635541751980782,0.47111955285072327,1.2033547163009644,-0.171525776386261,0.15990063548088074,0.4262021481990814,0.731126606464386,-0.3618720471858978,0.06334259361028671,-0.031836431473493576,0.3088351786136627,0.021016400307416916,-0.032426416873931885,0.06842029839754105,-0.15619373321533203,0.5931906700134277,-0.4424418807029724,0.34420010447502136,0.31127461791038513,0.6344960927963257,1.8635773658752441,-0.3111244738101959,0.7310531735420227,0.4366518259048462,-0.11575038731098175,0.16714687645435333,0.04778185859322548,0.04491224139928818,-0.39741846919059753,-1.785760521888733,0.15101668238639832,0.5718152523040771,0.828525185585022,0.39428484439849854,0.521537184715271,-0.8286378979682922,-0.20336700975894928,0.6768468022346497,0.5469217300415039,-0.49270182847976685,-0.18649107217788696,-0.2283036708831787,0.14342360198497772,0.45846450328826904,-0.7115404009819031,-0.532466471195221,-0.8808379173278809,-0.28423023223876953,-0.37859979271888733,0.3470537066459656,0.011648663319647312,-0.03099999949336052,-0.9188895225524902,0.39451494812965393,-6.370393066390534e-07,-0.39451494812965393,-0.9188895225524902,2.1400785499281483e-06,0.4018573760986328,-0.13572581112384796,-0.03099968656897545,0.29225003719329834,0.15902315080165863,-0.03100031241774559
39,0.22335268557071686,-0.004526582080870867,0.4700685143470764,1.2236348390579224,-0.1717025339603424,0.15605877339839935,0.43260717391967773,0.7311245799064636,-0.36890003085136414,0.07068952918052673,-0.03709976375102997,0.31161272525787354,0.0017929988680407405,-0.0598345622420311,0.08991066366434097,-0.15330202877521515,0.6148528456687927,-0.4498840868473053,0.3589457869529724,0.317812979221344,0.6330705881118774,1.8653430938720703,-0.3157418966293335,0.7309689521789551,0.447212815284729,-0.11237727850675583,0.1606443226337433,0.051031239330768585,0.007011866196990013,-0.40633073449134827,-2.0586588382720947,0.12769010663032532,0.5852134823799133,0.8196472525596619,0.40593981742858887,0.5046297311782837,-0.8363178968429565,-0.21429261565208435,0.6934061050415039,0.5404934287071228,-0.47650277614593506,-0.18729549646377563,-0.23372766375541687,0.14212866127490997,0.4920152425765991,-0.6893042325973511,-0.531771183013916,-0.8646801710128784,-0.3158893585205078,-0.39056622982025146,0.3470537066459656,0.011648658663034439,-0.03099999949336052,-0.9188895225524902,0.3945149779319763,-5.284921371639939e-07,-0.3945149779319763,-0.9188895225524902,2.5240867671527667e-06,0.4018573760986328,-0.13572582602500916,-0.03099965676665306,0.29225003719329834,0.15902313590049744,-0.031000342220067978
40,0.2029416710138321,2.193938234995585e-05,0.4693566560745239,1.2443749904632568,-0.17321915924549103,0.1493309587240219,0.44085368514060974,0.7311093211174011,-0.3890685737133026,0.027028046548366547,-0.032903846353292465,0.3329596221446991,-0.01600421778857708,-0.10367614775896072,0.1156466081738472,-0.13243362307548523,0.6367429494857788,-0.4575144052505493,0.3750166893005371,0.32497626543045044,0.6320704221725464,1.8675371408462524,-0.32095929980278015,0.7308645844459534,0.463387131690979,-0.11358541995286942,0.17224004864692688,0.0684758722782135,-0.027406014502048492,-0.40236884355545044,-2.2849442958831787,0.21951225399971008,0.5987350940704346,0.810030996799469,0.4200628995895386,0.4878835082054138,-0.8432227969169617,-0.22571013867855072,0.7120217680931091,0.5340089797973633,-0.4559161365032196,-0.18801528215408325,-0.2391630858182907,0.14092189073562622,0.5256620645523071,-0.6645123362541199,-0.5311335921287537,-0.8466495871543884,-0.34785962104797363,-0.4027136266231537,0.3470537066459656,0.011648667976260185,-0.03099999949336052,-0.9188895225524902,0.3945150077342987,-6.227343192222179e-07,-0.3945150077342987,-0.9188895225524902,2.2215701847017044e-06,0.4018573760986328,-0.13572581112384796,-0.03099967911839485,0.29225003719329834,0.15902315080165863,-0.031000319868326187
41,0.18127280473709106,0.0016857964219525456,0.46904727816581726,1.265845775604248,-0.17569416761398315,0.13965293765068054,0.45112374424934387,0.7310946583747864,-0.4069424271583557,-0.026126299053430557,-0.027266452088952065,0.3510192036628723,-0.028912901878356934,-0.14679712057113647,0.14394281804561615,-0.11256958544254303,0.6589694023132324,-0.46492359042167664,0.3921351432800293,0.33296576142311096,0.6324286460876465,1.8706399202346802,-0.3265536427497864,0.7308800220489502,0.4633512794971466,-0.10987957566976547,0.1929439753293991,0.083697110414505,-0.0048395912162959576,-0.37129920721054077,-2.3831088542938232,0.15034759044647217,0.6119870543479919,0.7996131777763367,0.43782031536102295,0.4717184901237488,-0.8490962982177734,-0.23773355782032013,0.733043372631073,0.5274794101715088,-0.4294331967830658,-0.1889134645462036,-0.24433960020542145,0.14010992646217346,0.5581581592559814,-0.6374586820602417,-0.5311363339424133,-0.8273795247077942,-0.379402756690979,-0.41412144899368286,0.3470536768436432,0.011648662388324738,-0.03099999949336052,-0.9188895225524902,0.3945150077342987,-7.24776555216522e-07,-0.3945150077342987,-0.9188895225524902,1.9108956621494144e-06,0.4018573462963104,-0.13572582602500916,-0.03099970519542694,0.29225000739097595,0.15902313590049744,-0.031000293791294098
42,0.1585153490304947,-0.0005599774303846061,0.46873292326927185,1.2883673906326294,-0.17967019975185394,0.12640000879764557,0.46412014961242676,0.7310773730278015,-0.4255239963531494,-0.10358444601297379,-0.028338439762592316,0.3808278441429138,-0.04886161535978317,-0.20036327838897705,0.18207314610481262,-0.08979880064725876,0.6815561056137085,-0.4718048870563507,0.41016680002212524,0.34182825684547424,0.6349935531616211,1.8750989437103271,-0.3329184055328369,0.7308792471885681,0.46443045139312744,-0.10208196938037872,0.21078509092330933,0.09734270721673965,0.028124967589974403,-0.3372768759727478,-2.4758307933807373,0.15167564153671265,0.6246111989021301,0.788215160369873,0.46042507886886597,0.4566936492919922,-0.8537050485610962,-0.25023701786994934,0.7568162679672241,0.5206801891326904,-0.3951219320297241,-0.19030368328094482,-0.24911165237426758,0.13994699716567993,0.5884515047073364,-0.6081934571266174,-0.5327527523040771,-0.8075722455978394,-0.4100147485733032,-0.4239279329776764,0.3470536768436432,0.011648662388324738,-0.03099999949336052,-0.9188895225524902,0.3945150077342987,-7.029144057923986e-07,-0.3945150077342987,-0.9188895225524902,1.950643991222023e-06,0.4018573462963104,-0.13572582602500916,-0.030999701470136642,0.29225000739097595,0.15902313590049744,-0.031000297516584396
43,0.13364703953266144,-0.007466210518032312,0.46952953934669495,1.3123356103897095,-0.18681572377681732,0.11283683031797409,0.47834935784339905,0.7310748100280762,-0.45028138160705566,-0.18473723530769348,-0.01251798216253519,0.4093382954597473,-0.09302548319101334,-0.20633481442928314,0.1993277221918106,-0.08605733513832092,0.7037451863288879,-0.4774712920188904,0.42773982882499695,0.3505829870700836,0.638843834400177,1.8801718950271606,-0.33817702531814575,0.7308335304260254,0.45932453870773315,-0.08108288794755936,0.2009323388338089,0.09424297511577606,0.040612466633319855,-0.34497132897377014,-2.725310802459717,0.17286887764930725,0.6358442306518555,0.7755352854728699,0.4875035285949707,0.44378745555877686,-0.8577590584754944,-0.2594267725944519,0.7823403477668762,0.5120278596878052,-0.3546423316001892,-0.19208955764770508,-0.2536229193210602,0.14024673402309418,0.6152289509773254,-0.5795815587043762,-0.5343954563140869,-0.7881930470466614,-0.43875813484191895,-0.4315587282180786,0.3470537066459656,0.01164866704493761,-0.03099999949336052,-0.9188895225524902,0.3945150077342987,-6.939396257621411e-07,-0.3945150077342987,-0.9188895225524902,1.9688636712089647e-06,0.4018573760986328,-0.13572581112384796,-0.030999701470136642,0.29225003719329834,0.15902315080165863,-0.031000297516584396
44,0.10649105161428452,-0.01750773750245571,0.47312501072883606,1.3376981019973755,-0.1981658637523651,0.10024023056030273,0.4938088059425354,0.7310635447502136,-0.4620341360569,-0.22949425876140594,0.029802454635500908,0.427776962518692,-0.15249265730381012,-0.19249120354652405,0.21650239825248718,-0.07113586366176605,0.7259291410446167,-0.48153212666511536,0.44466307759284973,0.3594621419906616,0.6434881687164307,1.8858789205551147,-0.3430858552455902,0.7308037281036377,0.45614394545555115,-0.05708400905132294,0.19674822688102722,0.09462791681289673,0.057611048221588135,-0.3363284468650818,-2.959533214569092,0.17949970066547394,0.6448026895523071,0.7625466585159302,0.5174360871315002,0.43386924266815186,-0.8613244891166687,-0.2643437683582306,0.8073181509971619,0.5019139647483826,-0.3103545010089874,-0.19422030448913574,-0.2580610513687134,0.14102803170681,0.6390001773834229,-0.5511063933372498,-0.5366196036338806,-0.769148588180542,-0.4663534164428711,-0.4369497299194336,0.3470537066459656,0.011648664250969887,-0.03099999949336052,-0.9188895225524902,0.3945150375366211,-4.1822301000138395e-07,-0.3945150375366211,-0.9188895225524902,2.7206049253436504e-06,0.4018573760986328,-0.13572581112384796,-0.030999645590782166,0.29225003719329834,0.15902315080165863,-0.031000353395938873
45,0.07701781392097473,-0.028856823220849037,0.4823480546474457,1.3632746934890747,-0.21330754458904266,0.08894874900579453,0.5121486783027649,0.7310319542884827,-0.4535485506057739,-0.24053163826465607,0.11626293510198593,0.42323800921440125,-0.20687897503376007,-0.17260617017745972,0.25670942664146423,-0.03089313767850399,0.7493371367454529,-0.4842872619628906,0.4600665867328644,0.3691689074039459,0.6510111689567566,1.8935332298278809,-0.34998199343681335,0.7308049201965332,0.45371294021606445,-0.0417742058634758,0.19065606594085693,0.10870435833930969,0.10253508388996124,-0.2613636553287506,-2.990297794342041,0.22197315096855164,0.6504449248313904,0.7512378096580505,0.5478366613388062,0.4275552034378052,-0.8636572957038879,-0.2670069634914398,0.8289344906806946,0.49240022897720337,-0.26534825563430786,-0.19731813669204712,-0.26196587085723877,0.14296121895313263,0.6584339737892151,-0.5210105776786804,-0.5431506633758545,-0.7516559958457947,-0.4920649528503418,-0.4391869902610779,0.3470537066459656,0.011648672632873058,-0.03099999949336052,-0.9188895225524902,0.3945150077342987,-6.713517564094218e-07,-0.3945150077342987,-0.9188895225524902,2.0657721506722737e-06,0.4018573760986328,-0.13572581112384796,-0.030999690294265747,0.29225003719329834,0.15902315080165863,-0.031000308692455292
46,0.050840284675359726,-0.03800195828080177,0.4932797849178314,1.3880796432495117,-0.22900472581386566,0.07884299755096436,0.5325247645378113,0.7310162782669067,-0.39410287141799927,-0.17966748774051666,0.14315944910049438,0.3925558626651764,-0.21607394516468048,-0.15161095559597015,0.28523164987564087,-0.015773575752973557,0.7731677293777466,-0.48588642477989197,0.4741672873497009,0.37885230779647827,0.6599612236022949,1.9025466442108154,-0.35982099175453186,0.7308019995689392,0.4480013847351074,-0.02446926198899746,0.17671917378902435,0.11080196499824524,0.11955385655164719,-0.20995096862316132,-3.0476720333099365,0.16795025765895844,0.653262734413147,0.7428850531578064,0.5755847096443176,0.42450404167175293,-0.863953173160553,-0.2708897590637207,0.845170795917511,0.48542243242263794,-0.223721444606781,-0.20105528831481934,-0.2658812403678894,0.14565880596637726,0.6739627122879028,-0.4893539547920227,-0.5534500479698181,-0.7353224754333496,-0.5165903568267822,-0.438674658536911,0.3470537066459656,0.011648663319647312,-0.03099999949336052,-0.9188895225524902,0.3945150375366211,-6.554624292220979e-07,-0.3945150375366211,-0.9188895225524902,2.105728526657913e-06,0.4018573760986328,-0.13572581112384796,-0.030999690294265747,0.29225003719329834,0.15902315080165863,-0.031000308692455292
47,0.027439801022410393,-0.043776508420705795,0.5052984356880188,1.411373496055603,-0.2454584687948227,0.07006137073040009,0.554743230342865,0.7310051918029785,-0.34975123405456543,-0.11957801133394241,0.1597498655319214,0.362729549407959,-0.227378711104393,-0.13106121122837067,0.3110039234161377,-0.005324553232640028,0.7973614931106567,-0.4870329797267914,0.48711320757865906,0.3886178433895111,0.6702522039413452,1.9131730794906616,-0.37187594175338745,0.7308173775672913,0.4448646903038025,-0.019561734050512314,0.16544756293296814,0.11611369252204895,0.14278998970985413,-0.14594966173171997,-3.009836196899414,0.19620902836322784,0.6545640826225281,0.7368715405464172,0.5993010401725769,0.4232919216156006,-0.8628614544868469,-0.2762135863304138,0.8567970395088196,0.4803465008735657,-0.1875258982181549,-0.2053525447845459,-0.2698792517185211,0.14911915361881256,0.6857738494873047,-0.45651984214782715,-0.5668367743492126,-0.7198837995529175,-0.5401241779327393,-0.43592822551727295,0.3470537066459656,0.011648659594357014,-0.03099999949336052,-0.9188895225524902,0.3945150375366211,-6.231826432667731e-07,-0.3945150375366211,-0.9188895225524902,2.1565840597759234e-06,0.4018573760986328,-0.13572582602500916,-0.03099968656897545,0.29225003719329834,0.15902313590049744,-0.03100031241774559
48,0.007076240610331297,-0.04564087837934494,0.5166788697242737,1.4327256679534912,-0.2622886300086975,0.060483381152153015,0.5782375335693359,0.7310030460357666,-0.3130946159362793,-0.04651529714465141,0.1503165066242218,0.3241494297981262,-0.23320795595645905,-0.13979217410087585,0.32886794209480286,-0.004716829396784306,0.8217824697494507,-0.4871726334095001,0.4992561340332031,0.3985960781574249,0.6823457479476929,1.9255695343017578,-0.3856049180030823,0.7308289408683777,0.4366782009601593,-0.0042756712064146996,0.1593468189239502,0.12384504824876785,0.16427193582057953,-0.07936635613441467,-2.879628896713257,0.16423167288303375,0.6554887890815735,0.7324274182319641,0.6191731691360474,0.4233694076538086,-0.860450804233551,-0.28351888060569763,0.8650268912315369,0.47693967819213867,-0.15574708580970764,-0.21035057306289673,-0.2739957869052887,0.1534840613603592,0.69332355260849,-0.42333006858825684,-0.5831758975982666,-0.7056552171707153,-0.5629299879074097,-0.43030285835266113,0.3470537066459656,0.011648667976260185,-0.03099999949336052,-0.9188895225524902,0.39451494812965393,-6.241921255423222e-07,-0.39451494812965393,-0.9188895225524902,2.2044246179575566e-06,0.4018573760986328,-0.13572581112384796,-0.03099967911839485,0.29225003719329834,0.15902315080165863,-0.031000319868326187
49,-0.01097073033452034,-0.043911002576351166,0.5262730121612549,1.4519425630569458,-0.2783412039279938,0.04883303493261337,0.6017090678215027,0.7310066819190979,-0.2943134605884552,0.013095753267407417,0.12263286858797073,0.289032906293869,-0.22228048741817474,-0.16765405237674713,0.3285752236843109,-0.010099709033966064,0.8469002842903137,-0.4868401288986206,0.5131749510765076,0.4096717834472656,0.6964991092681885,1.9401862621307373,-0.3984073996543884,0.7309065461158752,0.43869757652282715,-0.000651270616799593,0.19521941244602203,0.14784777164459229,0.19441251456737518,0.019607096910476685,-2.375575542449951,0.09572027623653412,0.6569503545761108,0.7283656597137451,0.6358335614204407,0.42384839057922363,-0.8570770025253296,-0.2928677201271057,0.8711557388305664,0.4742581844329834,-0.12714891135692596,-0.2160589098930359,-0.2786848247051239,0.15870440006256104,0.6986377239227295,-0.38973215222358704,-0.6000118255615234,-0.690447986125946,-0.5871152877807617,-0.4225839674472809,0.3470537066459656,0.011648665182292461,-0.03099999949336052,-0.9188895225524902,0.39451491832733154,-6.104712042542815e-07,-0.39451491832733154,-0.9188895225524902,2.230368863820331e-06,0.4018573760986328,-0.13572579622268677,-0.03099967911839485,0.29225003719329834,0.15902313590049744,-0.031000319868326187
50,-0.026143021881580353,-0.0388297513127327,0.5321388840675354,1.4690595865249634,-0.2917248010635376,0.032913919538259506,0.6251668930053711,0.7310107350349426,-0.2705205976963043,0.0703062191605568,0.06726484000682831,0.25441956520080566,-0.18464121222496033,-0.22640563547611237,0.32838720083236694,-0.015972480177879333,0.87213134765625,-0.4845627546310425,0.529622495174408,0.42067229747772217,0.7128223776817322,1.9567124843597412,-0.4097520112991333,0.7309468388557434,0.4349212050437927,0.03254488855600357,0.2356579452753067,0.14891906082630157,0.2261127382516861,0.09229870140552521,-2.0008888244628906,0.06459613144397736,0.6594686508178711,0.7238134145736694,0.6503710746765137,0.4243559241294861,-0.8521348237991333,-0.30624890327453613,0.8759920597076416,0.4719676375389099,-0.09942101687192917,-0.2225794792175293,-0.28451383113861084,0.16473644971847534,0.7010546326637268,-0.3578760623931885,-0.6168040037155151,-0.6745487451553345,-0.6133725643157959,-0.41080179810523987,0.3470536768436432,0.011648663319647312,-0.03099999949336052,-0.9188895225524902,0.39451491832733154,-7.193343662947882e-07,-0.39451491832733154,-0.9188895225524902,1.904367877614277e-06,0.4018573760986328,-0.13572579622268677,-0.03099970519542694,0.29225000739097595,0.15902313590049744,-0.031000293791294098
51,-0.03875032812356949,-0.03034551814198494,0.5337880253791809,1.4851644039154053,-0.3022922873497009,0.012792722322046757,0.6482625007629395,0.7310155034065247,-0.25097331404685974,0.1253134310245514,0.005007058382034302,0.23779194056987762,-0.14487123489379883,-0.2846546173095703,0.32330620288848877,-0.02308627776801586,0.8977041244506836,-0.4811643362045288,0.5493913888931274,0.4317900240421295,0.7313170433044434,1.974776029586792,-0.4186577796936035,0.7309953570365906,0.43799886107444763,0.04629742354154587,0.2902544140815735,0.15285809338092804,0.258539617061615,0.14565277099609375,-1.691196084022522,0.08989765495061874,0.6633761525154114,0.7181249856948853,0.6635321378707886,0.4246382713317871,-0.8456161022186279,-0.32344385981559753,0.8801096081733704,0.46934229135513306,-0.07158965617418289,-0.22970610857009888,-0.2915937006473541,0.17135748267173767,0.7018393278121948,-0.3276253640651703,-0.6325213313102722,-0.6565997004508972,-0.6418627500534058,-0.39609259366989136,0.3470536768436432,0.011648660525679588,-0.03099999949336052,-0.9188895225524902,0.39451494812965393,-7.155304047046229e-07,-0.39451494812965393,-0.9188895225524902,1.9495730612106854e-06,0.4018573462963104,-0.13572582602500916,-0.030999701470136642,0.29225000739097595,0.15902313590049744,-0.031000297516584396
52,-0.049373120069503784,-0.018837513402104378,0.5318018794059753,1.5023043155670166,-0.31098857522010803,-0.010553761385381222,0.6712384819984436,0.7310118079185486,-0.2315485179424286,0.16526810824871063,-0.047730352729558945,0.25674203038215637,-0.1181199923157692,-0.33065712451934814,0.3215128183364868,-0.017598139122128487,0.9237215518951416,-0.47715887427330017,0.5719313025474548,0.4430675804615021,0.7510217428207397,1.99419367313385,-0.42539024353027344,0.731038510799408,0.43944624066352844,0.05284736305475235,0.3360292613506317,0.15480203926563263,0.27535322308540344,0.20172196626663208,-1.3022366762161255,0.06048642843961716,0.6684106588363647,0.7111117243766785,0.6766251921653748,0.4251241087913513,-0.8374700546264648,-0.3433853089809418,0.8837999105453491,0.46595579385757446,-0.042224716395139694,-0.23699986934661865,-0.3000253140926361,0.17843014001846313,0.7016867399215698,-0.2985686659812927,-0.6469100713729858,-0.6357199549674988,-0.6723333597183228,-0.37924689054489136,0.3470537066459656,0.011648666113615036,-0.03099999949336052,-0.9188895225524902,0.3945149779319763,-4.401301225698262e-07,-0.3945149779319763,-0.9188895225524902,2.664105977601139e-06,0.4018573760986328,-0.13572581112384796,-0.030999649316072464,0.29225003719329834,0.15902315080165863,-0.031000349670648575
53,-0.05755200609564781,-0.005512578412890434,0.5245772004127502,1.5206549167633057,-0.3179057836532593,-0.03594951704144478,0.6933507323265076,0.7310310006141663,-0.2261618971824646,0.19194602966308594,-0.1270451843738556,0.2746981084346771,-0.09246546775102615,-0.35927554965019226,0.30956384539604187,-0.046462059020996094,0.9497466683387756,-0.47240903973579407,0.5961911678314209,0.4500351548194885,0.771640419960022,2.01572585105896,-0.4270481765270233,0.7311159372329712,0.4286402463912964,0.06910156458616257,0.37943708896636963,0.051669273525476456,0.2691032588481903,0.34298020601272583,-0.01142020896077156,-0.018055463209748268,0.6745772361755371,0.7018254995346069,0.6900656819343567,0.4249197840690613,-0.8286500573158264,-0.3643931448459625,0.8877564072608948,0.4601760506629944,-0.01125070545822382,-0.24429363012313843,-0.31113114953041077,0.1860073208808899,0.7005900144577026,-0.2773529291152954,-0.6574563980102539,-0.6133303046226501,-0.7049562931060791,-0.3561778962612152,0.3470537066459656,0.011648661457002163,-0.03099999949336052,-0.9188895225524902,0.3945149779319763,-4.279947916074889e-07,-0.3945149779319763,-0.9188895225524902,2.707373596422258e-06,0.4018573760986328,-0.13572582602500916,-0.030999645590782166,0.29225003719329834,0.15902313590049744,-0.031000353395938873
54,-0.06344812363386154,0.010140826925635338,0.5114155411720276,1.5378652811050415,-0.32277125120162964,-0.06335588544607162,0.7138130068778992,0.7310912013053894,-0.2115684449672699,0.24957619607448578,-0.21279090642929077,0.24153676629066467,-0.06440705806016922,-0.38376420736312866,0.28685513138771057,-0.12747597694396973,0.9749532341957092,-0.4638647437095642,0.6208440065383911,0.45056381821632385,0.7971429824829102,2.036343812942505,-0.4207039177417755,0.7310118675231934,0.40759581327438354,0.12931105494499207,0.3642701208591461,-0.0021319410298019648,0.3747374713420868,0.26295211911201477,-0.4155155420303345,-0.0018981120083481073,0.6826307773590088,0.6897296905517578,0.7017019987106323,0.4224470257759094,-0.8201384544372559,-0.385890394449234,0.8923457264900208,0.4509769082069397,0.01841263845562935,-0.2524551749229431,-0.32364729046821594,0.1941465139389038,0.6967818737030029,-0.27082595229148865,-0.6641899943351746,-0.5946886539459229,-0.7358565330505371,-0.3238218426704407,0.3470537066459656,0.01164866704493761,-0.03099999949336052,-0.9188895225524902,0.39451494812965393,-6.561881491506938e-07,-0.39451494812965393,-0.9188895225524902,2.052429408649914e-06,0.4018573760986328,-0.13572581112384796,-0.030999694019556046,0.29225003719329834,0.15902315080165863,-0.031000304967164993
55,-0.06913633644580841,0.029253607615828514,0.4970507025718689,1.5550564527511597,-0.327493816614151,-0.09106887131929398,0.7337384223937988,0.7310760021209717,-0.18481792509555817,0.3039727210998535,-0.22457440197467804,0.23740890622138977,-0.06308601796627045,-0.38731515407562256,0.2790747582912445,-0.09984089434146881,1.0006767511367798,-0.45416662096977234,0.6462119221687317,0.45176878571510315,0.8220850825309753,2.0569450855255127,-0.40968430042266846,0.7310456037521362,0.41547462344169617,0.13801845908164978,0.3890933692455292,0.008654029108583927,0.3510355055332184,0.29816585779190063,0.1542016565799713,-0.007454169914126396,0.6920783519744873,0.6765536069869995,0.7108197212219238,0.4189245104789734,-0.8114537596702576,-0.4074862599372864,0.8967296481132507,0.44026803970336914,0.04516679048538208,-0.2596370577812195,-0.3368016183376312,0.2026137411594391,0.6957208514213562,-0.266839861869812,-0.6669100522994995,-0.5725639462471008,-0.7666486501693726,-0.29055237770080566,0.3470537066459656,0.011648666113615036,-0.03099999949336052,-0.9188895225524902,0.3945149779319763,-6.667971774731996e-07,-0.3945149779319763,-0.9188895225524902,2.100291339957039e-06,0.4018573760986328,-0.13572581112384796,-0.03099968656897545,0.29225003719329834,0.15902315080165863,-0.03100031241774559
56,-0.07285888493061066,0.04975568503141403,0.4805785119533539,1.5717018842697144,-0.3319410979747772,-0.11910188943147659,0.7529966235160828,0.7310779690742493,-0.1612429916858673,0.3204815685749054,-0.25562041997909546,0.23103822767734528,-0.05894605070352554,-0.3919788599014282,0.2697106599807739,-0.10145779699087143,1.0261112451553345,-0.4422394931316376,0.6717556118965149,0.450397253036499,0.8483066558837891,2.0764458179473877,-0.3947829604148865,0.7310102581977844,0.4068087935447693,0.17733772099018097,0.39047425985336304,-0.03621584177017212,0.3677785396575928,0.28201690316200256,0.20820637047290802,-0.00039657604065723717,0.7018145322799683,0.6630219221115112,0.7183226943016052,0.41553592681884766,-0.8025223612785339,-0.42812108993530273,0.9006275534629822,0.42888474464416504,0.0701986625790596,-0.26630574464797974,-0.3505961000919342,0.21136516332626343,0.6955827474594116,-0.2688334882259369,-0.6662530899047852,-0.550209641456604,-0.7956544160842896,-0.2533838748931885,0.3470537066459656,0.011648661457002163,-0.03099999949336052,-0.9188895225524902,0.39451494812965393,-6.352265700115822e-07,-0.39451494812965393,-0.9188895225524902,2.121598527082824e-06,0.4018573760986328,-0.13572582602500916,-0.030999690294265747,0.29225003719329834,0.15902313590049744,-0.031000308692455292
57,-0.07744278013706207,0.07036977261304855,0.4630049169063568,1.5860426425933838,-0.3378536105155945,-0.14698460698127747,0.7716874480247498,0.7311147451400757,-0.18667985498905182,0.33306246995925903,-0.2755067050457001,0.19026492536067963,-0.07975417375564575,-0.3879409730434418,0.2621372938156128,-0.14946399629116058,1.0506404638290405,-0.4276171922683716,0.6963126063346863,0.4476242959499359,0.875120997428894,2.093139886856079,-0.37814244627952576,0.7310056090354919,0.3884163796901703,0.2172282487154007,0.3727914094924927,-0.053571201860904694,0.37650126218795776,0.2414444535970688,0.23311641812324524,-0.004988567437976599,0.7120936512947083,0.6482629179954529,0.7235551476478577,0.41067075729370117,-0.7953272461891174,-0.4458746910095215,0.9048964977264404,0.4155042767524719,0.0922965332865715,-0.27237045764923096,-0.3639053404331207,0.2200688123703003,0.6958522200584412,-0.27480924129486084,-0.6635282039642334,-0.5288132429122925,-0.821195125579834,-0.21446557343006134,0.3470537066459656,0.011648659594357014,-0.03099999949336052,-0.9188895225524902,0.39451494812965393,-6.260374334488006e-07,-0.39451494812965393,-0.9188895225524902,2.1676273718185257e-06,0.4018573760986328,-0.13572582602500916,-0.03099968656897545,0.29225003719329834,0.15902313590049744,-0.03100031241774559
58,-0.08342279493808746,0.09159192442893982,0.4445189833641052,1.5984224081039429,-0.3440735936164856,-0.1746850460767746,0.7898234128952026,0.7311405539512634,-0.2102137953042984,0.3474436104297638,-0.2911783754825592,0.159581258893013,-0.08402375876903534,-0.38467684388160706,0.2546449601650238,-0.17926058173179626,1.073913335800171,-0.4117898941040039,0.7201696038246155,0.4447396993637085,0.9020310640335083,2.107752561569214,-0.36008045077323914,0.730998158454895,0.3710179328918457,0.23199297487735748,0.3619052767753601,-0.052071891725063324,0.3774931728839874,0.21162281930446625,0.2523784339427948,-0.014390427619218826,0.7231920957565308,0.6319177150726318,0.726442813873291,0.4036352038383484,-0.7896249890327454,-0.46213749051094055,0.9097759127616882,0.399888277053833,0.11134305596351624,-0.27778905630111694,-0.3764497935771942,0.2286948561668396,0.697253942489624,-0.2826039791107178,-0.6587653756141663,-0.507856011390686,-0.8433232307434082,-0.17575013637542725,0.3470537066459656,0.011648666113615036,-0.03099999949336052,-0.9188895225524902,0.39451494812965393,-6.10878146289906e-07,-0.39451494812965393,-0.9188895225524902,2.208076239185175e-06,0.4018573760986328,-0.13572581112384796,-0.03099968284368515,0.29225003719329834,0.15902315080165863,-0.03100031614303589
59,-0.0904424861073494,0.11309434473514557,0.42580902576446533,1.609365463256836,-0.3503001630306244,-0.20204174518585205,0.8083503246307373,0.7311411499977112,-0.21433624625205994,0.35114261507987976,-0.2937193810939789,0.13889673352241516,-0.0841948464512825,-0.3797830045223236,0.26006609201431274,-0.17523185908794403,1.095701813697815,-0.3950040638446808,0.743131697177887,0.4409971833229065,0.9289397597312927,2.1211094856262207,-0.3412672281265259,0.7309952974319458,0.34807857871055603,0.24733980000019073,0.34789687395095825,-0.06640619784593582,0.3772433400154114,0.1939389556646347,0.2631099820137024,0.0027082059532403946,0.7345251441001892,0.614652693271637,0.727556586265564,0.3952932357788086,-0.7844153642654419,-0.4779495596885681,0.9148300886154175,0.38301002979278564,0.1280203014612198,-0.2825854420661926,-0.3884017765522003,0.23742756247520447,0.6993405818939209,-0.2926314175128937,-0.6521422863006592,-0.48788347840309143,-0.8622012138366699,-0.13630393147468567,0.3470536768436432,0.011648666113615036,-0.03099999949336052,-0.9188895225524902,0.39451494812965393,-7.229785410345357e-07,-0.39451494812965393,-0.9188895225524902,1.9009495417776634e-06,0.4018573462963104,-0.13572581112384796,-0.03099970519542694,0.29225000739097595,0.15902315080165863,-0.031000293791294098
60,-0.09728232771158218,0.13473938405513763,0.40703561902046204,1.619957685470581,-0.3562716841697693,-0.22911614179611206,0.8275961875915527,0.7311299443244934,-0.20155927538871765,0.35127899050712585,-0.29362037777900696,0.1351587176322937,-0.08058180660009384,-0.37606218457221985,0.2700226902961731,-0.1584196835756302,1.115936279296875,-0.377992182970047,0.7655597925186157,0.4363374710083008,0.9557561874389648,2.1337332725524902,-0.32201477885246277,0.7310081124305725,0.326730877161026,0.2496783584356308,0.33989471197128296,-0.07933792471885681,0.3751394748687744,0.1832626461982727,0.2688307464122772,-0.011248776689171791,0.74543696641922,0.5973740816116333,0.7278066277503967,0.3871818780899048,-0.7786902785301208,-0.49369192123413086,0.9194240570068359,0.3661091923713684,0.143608957529068,-0.28675323724746704,-0.3998490869998932,0.24624761939048767,0.7023252248764038,-0.304177463054657,-0.6435956358909607,-0.46869122982025146,-0.8780796527862549,-0.09646062552928925,0.3470536768436432,0.011648663319647312,-0.03099999949336052,-0.9188895225524902,0.39451494812965393,-7.075097983033629e-07,-0.39451494812965393,-0.9188895225524902,1.942367816809565e-06,0.4018573462963104,-0.13572581112384796,-0.030999701470136642,0.29225000739097595,0.15902315080165863,-0.031000297516584396
61,-0.1034124568104744,0.1559796780347824,0.3880927860736847,1.6307696104049683,-0.3614133894443512,-0.2559546232223511,0.8473339676856995,0.7311146855354309,-0.18615862727165222,0.3398158848285675,-0.2953754961490631,0.14170901477336884,-0.06861429661512375,-0.37341636419296265,0.2767317295074463,-0.1385589838027954,1.1344014406204224,-0.3609917461872101,0.7877787351608276,0.43068602681159973,0.9823511242866516,2.146235227584839,-0.30237072706222534,0.7309920787811279,0.30149877071380615,0.24972140789031982,0.33610039949417114,-0.09408516436815262,0.37174710631370544,0.18140354752540588,0.27464717626571655,-0.009033290669322014,0.7555071115493774,0.5803401470184326,0.7280420660972595,0.3800901174545288,-0.772098183631897,-0.5093093514442444,0.9233101606369019,0.34948545694351196,0.15924307703971863,-0.29026496410369873,-0.4108617901802063,0.2552495300769806,0.7063299417495728,-0.31703221797943115,-0.6329206228256226,-0.4501744508743286,-0.8911834955215454,-0.05599093437194824,0.3470537066459656,0.011648662388324738,-0.03099999949336052,-0.9188895225524902,0.3945149779319763,-4.364710548543371e-07,-0.3945149779319763,-0.9188895225524902,2.658400035215891e-06,0.4018573760986328,-0.13572582602500916,-0.030999649316072464,0.29225003719329834,0.15902313590049744,-0.031000349670648575
62,-0.10894370824098587,0.1762884259223938,0.3691801428794861,1.6419553756713867,-0.365705281496048,-0.28245246410369873,0.8675638437271118,0.7310973405838013,-0.17120039463043213,0.3214222490787506,-0.29376643896102905,0.14961877465248108,-0.05648865923285484,-0.3691479563713074,0.2834094762802124,-0.11533640325069427,1.150978922843933,-0.34405410289764404,0.8096489906311035,0.4243468642234802,1.0086064338684082,2.1587352752685547,-0.282482385635376,0.7309948205947876,0.27318137884140015,0.2488899827003479,0.3293353319168091,-0.10305698215961456,0.3664854168891907,0.1808287799358368,0.2776849567890167,-0.0020383617375046015,0.7644879817962646,0.56364506483078,0.7287613153457642,0.37438976764678955,-0.764641523361206,-0.5245528221130371,0.9263818860054016,0.33320432901382446,0.17547520995140076,-0.2931843400001526,-0.42124509811401367,0.26445040106773376,0.7111638784408569,-0.33081451058387756,-0.6203286647796631,-0.43258416652679443,-0.9014655351638794,-0.015186024829745293,0.3470537066459656,0.011648666113615036,-0.03099999949336052,-0.9188895225524902,0.3945149779319763,-4.3639153091135086e-07,-0.3945149779319763,-0.9188895225524902,2.70543046099192e-06,0.4018573760986328,-0.13572581112384796,-0.030999645590782166,0.29225003719329834,0.15902315080165863,-0.031000353395938873
63,-0.11406133323907852,0.19537027180194855,0.3512663245201111,1.6532654762268066,-0.36945122480392456,-0.3085190951824188,0.8886489272117615,0.731067955493927,-0.149970144033432,0.29931116104125977,-0.27590271830558777,0.15270988643169403,-0.04901799187064171,-0.36346033215522766,0.2950437664985657,-0.07693523168563843,1.1661045551300049,-0.32743197679519653,0.8309081196784973,0.4187166392803192,1.0344270467758179,2.1712143421173096,-0.26276838779449463,0.7309831380844116,0.2518289089202881,0.2429189234972,0.3185925781726837,-0.08881810307502747,0.36069342494010925,0.18005545437335968,0.274740070104599,0.0013872883282601833,0.7721343636512756,0.5479143857955933,0.730064332485199,0.3707597851753235,-0.7559621930122375,-0.5394982695579529,0.9283589720726013,0.3180614113807678,0.1923191249370575,-0.29566770792007446,-0.4307163953781128,0.27382102608680725,0.7164422869682312,-0.3438986539840698,-0.6069959998130798,-0.41556626558303833,-0.9092291593551636,0.024635136127471924,0.3470537066459656,0.011648663319647312,-0.03099999949336052,-0.9188895225524902,0.3945150077342987,-4.165685538737307e-07,-0.3945150077342987,-0.9188895225524902,2.7485614282340975e-06,0.4018573760986328,-0.13572581112384796,-0.030999641865491867,0.29225003719329834,0.15902315080165863,-0.031000357121229172
64,-0.1184033751487732,0.21305696666240692,0.3345770239830017,1.6645658016204834,-0.37298399209976196,-0.33400025963783264,0.9104291200637817,0.7310398817062378,-0.12805749475955963,0.27469339966773987,-0.25560423731803894,0.1542959362268448,-0.04611753672361374,-0.35562965273857117,0.3044447898864746,-0.04210754856467247,1.179905891418457,-0.3109684884548187,0.8513367772102356,0.41396364569664,1.0598279237747192,2.183375120162964,-0.24321039021015167,0.7309823632240295,0.23108521103858948,0.24081137776374817,0.3049050271511078,-0.07490145415067673,0.3554776906967163,0.17530135810375214,0.2729225158691406,0.020553311333060265,0.7783445119857788,0.5336764454841614,0.7319837808609009,0.36966240406036377,-0.7461187243461609,-0.5537658929824829,0.9290850162506104,0.30469292402267456,0.20967476069927216,-0.2978593111038208,-0.43916934728622437,0.2832798659801483,0.721905529499054,-0.3562485873699188,-0.5932447910308838,-0.3993960916996002,-0.9145970344543457,0.06320767849683762,0.3470537066459656,0.011648663319647312,-0.03099999949336052,-0.9188895225524902,0.39451494812965393,-6.764197451047949e-07,-0.39451494812965393,-0.9188895225524902,2.0695681541837985e-06,0.4018573760986328,-0.13572581112384796,-0.030999690294265747,0.29225003719329834,0.15902315080165863,-0.031000308692455292
65,-0.1219891682267189,0.22917604446411133,0.3192116618156433,1.675958514213562,-0.3766566812992096,-0.35877394676208496,0.9329128861427307,0.7310066819190979,-0.10790929198265076,0.2456723153591156,-0.23363888263702393,0.1585429459810257,-0.04809406027197838,-0.3463519811630249,0.3139725923538208,-5.0131260650232434e-05,1.1922091245651245,-0.29472118616104126,0.8706527352333069,0.4097217619419098,1.0849614143371582,2.1951584815979004,-0.22367526590824127,0.7309929132461548,0.20674458146095276,0.2378392517566681,0.28696712851524353,-0.06679177284240723,0.3517179787158966,0.16949127614498138,0.27271997928619385,-0.008879002183675766,0.7830941081047058,0.521068811416626,0.7347179055213928,0.3712804913520813,-0.7352542281150818,-0.5670555830001831,0.9285202026367188,0.293274462223053,0.22768515348434448,-0.2999085783958435,-0.4465150237083435,0.2927895486354828,0.7272478938102722,-0.36854246258735657,-0.5790396928787231,-0.38479429483413696,-0.917495608329773,0.10067559778690338,0.3470537066459656,0.01164866704493761,-0.03099999949336052,-0.9188895225524902,0.39451494812965393,-6.64176809550554e-07,-0.39451494812965393,-0.9188895225524902,2.091240730806021e-06,0.4018573760986328,-0.13572581112384796,-0.030999690294265747,0.29225003719329834,0.15902315080165863,-0.031000308692455292
66,-0.12408607453107834,0.24367551505565643,0.3048627972602844,1.6871609687805176,-0.37974926829338074,-0.3829006254673004,0.956193745136261,0.7309783101081848,-0.07182718813419342,0.2192852944135666,-0.21473117172718048,0.1562613695859909,-0.04034750536084175,-0.3374767303466797,0.32479429244995117,0.03464718535542488,1.2018742561340332,-0.2788517475128174,0.8882715106010437,0.4046984910964966,1.110224723815918,2.2065534591674805,-0.203862726688385,0.7309397459030151,0.16087080538272858,0.2337123602628708,0.25890982151031494,-0.07889708131551743,0.3527132272720337,0.16301903128623962,0.275732159614563,0.06632992625236511,0.7864328622817993,0.5103800892829895,0.7381986975669861,0.3756974935531616,-0.7227963209152222,-0.5800146460533142,0.926647961139679,0.2840534448623657,0.2462463527917862,-0.3020881414413452,-0.4524058401584625,0.3023218512535095,0.7317869067192078,-0.3830828070640564,-0.5636803507804871,-0.37400442361831665,-0.9171395301818848,0.13775327801704407,0.3470537066459656,0.011648658663034439,-0.03099999949336052,-0.9188895225524902,0.39451494812965393,-6.411274284801038e-07,-0.39451494812965393,-0.9188895225524902,2.129396989403176e-06,0.4018573760986328,-0.13572582602500916,-0.03099968656897545,0.29225003719329834,0.15902313590049744,-0.03100031241774559
67,-0.12454801797866821,0.2566942870616913,0.29198145866394043,1.6980700492858887,-0.38235822319984436,-0.4066387414932251,0.9802317023277283,0.7309421896934509,-0.03408952057361603,0.19354741275310516,-0.18901728093624115,0.1533861756324768,-0.03414909541606903,-0.3327161967754364,0.3353846073150635,0.07817669957876205,1.2093003988265991,-0.26318609714508057,0.9046830534934998,0.3990362882614136,1.1357147693634033,2.217346668243408,-0.18367072939872742,0.7309060096740723,0.12815003097057343,0.23092064261436462,0.24094131588935852,-0.0872679278254509,0.35536208748817444,0.15410050749778748,0.2803584635257721,0.13124655187129974,0.7883610725402832,0.502056360244751,0.7423998713493347,0.38336771726608276,-0.7083837985992432,-0.5926395654678345,0.9232967495918274,0.27761298418045044,0.2654322683811188,-0.3044443130493164,-0.4570060670375824,0.3117874264717102,0.7357240915298462,-0.39928916096687317,-0.5470633506774902,-0.36644062399864197,-0.9139742851257324,0.17427736520767212,0.3470537066459656,0.011648662388324738,-0.03099999949336052,-0.9188895225524902,0.39451494812965393,-6.291259637691837e-07,-0.39451494812965393,-0.9188895225524902,2.1945027128822403e-06,0.4018573760986328,-0.13572582602500916,-0.03099968284368515,0.29225003719329834,0.15902313590049744,-0.03100031614303589
68,-0.12347085028886795,0.26817086338996887,0.2807670831680298,1.708709478378296,-0.3846079111099243,-0.4299439787864685,1.0049008131027222,0.7309083938598633,-0.0015312674222514033,0.16605442762374878,-0.16136761009693146,0.15160119533538818,-0.02952338382601738,-0.3273382782936096,0.34417039155960083,0.1177370697259903,1.214944839477539,-0.24793744087219238,0.9200188517570496,0.3933660089969635,1.1613417863845825,2.22739315032959,-0.16316570341587067,0.7308850288391113,0.09999481588602066,0.2243896871805191,0.22378559410572052,-0.08525469899177551,0.3572240471839905,0.14316369593143463,0.2839086353778839,0.14335528016090393,0.7888995409011841,0.4961562752723694,0.7474071979522705,0.3942949175834656,-0.6919780969619751,-0.6047296524047852,0.9184363484382629,0.27400416135787964,0.28530076146125793,-0.3070262670516968,-0.4603896737098694,0.3210562467575073,0.7391070127487183,-0.4161549508571625,-0.5296564102172852,-0.3614705502986908,-0.9085546731948853,0.20944549143314362,0.3470537066459656,0.011648664250969887,-0.03099999949336052,-0.9188895225524902,0.39451494812965393,-6.01356305196532e-07,-0.39451494812965393,-0.9188895225524902,2.2318483843264403e-06,0.4018573760986328,-0.13572581112384796,-0.03099967911839485,0.29225003719329834,0.15902315080165863,-0.031000319868326187
69,-0.12118575721979141,0.2779947519302368,0.2712825536727905,1.7195467948913574,-0.3866199851036072,-0.4529518783092499,1.0300110578536987,0.7308717370033264,0.023080701008439064,0.133520245552063,-0.1330323964357376,0.15872707962989807,-0.02636432647705078,-0.32437077164649963,0.3503328561782837,0.16000957787036896,1.2193251848220825,-0.23349276185035706,0.9346895217895508,0.3883505165576935,1.1869388818740845,2.237384080886841,-0.14250510931015015,0.730886697769165,0.08287391811609268,0.21164534986019135,0.21384288370609283,-0.07384386658668518,0.35765042901039124,0.14251162111759186,0.28677383065223694,0.14817221462726593,0.7879575490951538,0.49242717027664185,0.7536802291870117,0.4086073040962219,-0.6736645102500916,-0.6158053874969482,0.9119015336036682,0.27292561531066895,0.3065081238746643,-0.30969637632369995,-0.4628305435180664,0.3302331864833832,0.7421472072601318,-0.4324738383293152,-0.5120390057563782,-0.3577260971069336,-0.9016422033309937,0.24305029213428497,0.3470536768436432,0.011648660525679588,-0.03099999949336052,-0.9188895225524902,0.39451491832733154,-7.216276571853086e-07,-0.39451491832733154,-0.9188895225524902,1.9110382254439173e-06,0.4018573760986328,-0.13572581112384796,-0.03099970519542694,0.29225000739097595,0.15902312099933624,-0.031000293791294098
70,-0.11824348568916321,0.281837522983551,0.2638491988182068,1.7316834926605225,-0.387450635433197,-0.4747009873390198,1.0559496879577637,0.7307655215263367,0.03816750645637512,-0.014731877483427525,-0.09091488271951675,0.20969754457473755,-0.008469190448522568,-0.31417858600616455,0.36183175444602966,0.2939179539680481,1.2227213382720947,-0.2198488563299179,0.947852373123169,0.37985023856163025,1.2120513916015625,2.252192974090576,-0.12341530621051788,0.7308350205421448,0.07013539224863052,0.2030494213104248,0.19362206757068634,-0.13333310186862946,0.34785401821136475,0.21122848987579346,0.2639633119106293,0.21013282239437103,0.783449649810791,0.4904817044734955,0.7650473117828369,0.42843979597091675,-0.653006911277771,-0.6245169043540955,0.9023606777191162,0.2734643220901489,0.3331104516983032,-0.3112834095954895,-0.464976966381073,0.3407936096191406,0.7442916035652161,-0.4511741101741791,-0.4924144148826599,-0.354336142539978,-0.8917486667633057,0.2814791798591614,0.3470536768436432,0.011648663319647312,-0.03099999949336052,-0.9188895225524902,0.39451494812965393,-7.136912927308003e-07,-0.39451494812965393,-0.9188895225524902,1.9550016077118926e-06,0.4018573462963104,-0.13572581112384796,-0.030999697744846344,0.29225000739097595,0.15902315080165863,-0.031000301241874695
71,-0.11470391601324081,0.2772950232028961,0.2587077021598816,1.7455521821975708,-0.3865559697151184,-0.4939875900745392,1.082406997680664,0.7306930422782898,0.053764041513204575,-0.1617102473974228,-0.051588140428066254,0.24701544642448425,0.016362015157938004,-0.2821482717990875,0.3679121136665344,0.3842456042766571,1.2253153324127197,-0.2073531597852707,0.9579191207885742,0.3692748248577118,1.2358945608139038,2.270414113998413,-0.10645275563001633,0.7308024764060974,0.046431295573711395,0.18603166937828064,0.14468282461166382,-0.15914024412631989,0.3306516408920288,0.25847458839416504,0.23411022126674652,0.2555173635482788,0.7741068005561829,0.4902496933937073,0.7832282781600952,0.4546220302581787,-0.6300063133239746,-0.6296116709709167,0.8888188600540161,0.27516549825668335,0.36644917726516724,-0.31207185983657837,-0.4661042094230652,0.3521401882171631,0.7447389364242554,-0.4713837206363678,-0.47239950299263,-0.35212278366088867,-0.8788719177246094,0.3218597173690796,0.3470537066459656,0.011648660525679588,-0.03099999949336052,-0.9188895225524902,0.3945149779319763,-4.2641534037102247e-07,-0.3945149779319763,-0.9188895225524902,2.665873353180359e-06,0.4018573760986328,-0.13572582602500916,-0.030999649316072464,0.29225003719329834,0.15902313590049744,-0.031000349670648575
72,-0.11116281896829605,0.2682395577430725,0.25559043884277344,1.761588215827942,-0.3851601183414459,-0.5108698010444641,1.1085271835327148,0.7306854724884033,0.04933919757604599,-0.21364805102348328,-0.026673609390854836,0.271807998418808,0.02313903719186783,-0.24723342061042786,0.36340904235839844,0.37623417377471924,1.2270454168319702,-0.19628660380840302,0.9650084972381592,0.3592463433742523,1.2577956914901733,2.2899465560913086,-0.09141003340482712,0.730802595615387,0.02813156694173813,0.16397283971309662,0.09991594403982162,-0.14602530002593994,0.30337241291999817,0.276153564453125,0.2059013545513153,0.2510240972042084,0.7615143060684204,0.49104347825050354,0.8053340315818787,0.48456627130508423,-0.6058933734893799,-0.630942702293396,0.872012734413147,0.27751755714416504,0.40320923924446106,-0.31246787309646606,-0.4659018814563751,0.36344605684280396,0.7435749769210815,-0.49099183082580566,-0.4538978040218353,-0.35073500871658325,-0.8643443584442139,0.36040765047073364,0.3470537066459656,0.011648662388324738,-0.03099999949336052,-0.9188895225524902,0.3945149779319763,-4.2180965920124436e-07,-0.3945149779319763,-0.9188895225524902,2.7123503514303593e-06,0.4018573760986328,-0.13572582602500916,-0.030999645590782166,0.29225003719329834,0.15902313590049744,-0.031000353395938873
73,-0.10972689092159271,0.2587011754512787,0.25442397594451904,1.7797044515609741,-0.38531967997550964,-0.525362491607666,1.1338577270507812,0.7307091951370239,0.0029879447538405657,-0.20662981271743774,-0.006500282324850559,0.2961503267288208,0.0010344281326979399,-0.21241450309753418,0.35407957434654236,0.016602354124188423,1.2291491031646729,-0.18671810626983643,0.9699522852897644,0.35027292370796204,1.27690589427948,2.3102633953094482,-0.07886301726102829,0.7308588027954102,0.0386849008500576,0.14113634824752808,0.07152725011110306,-0.1308295875787735,0.26498284935951233,0.2873799204826355,0.17271393537521362,0.18238045275211334,0.7478849291801453,0.4914381802082062,0.8280263543128967,0.5144617557525635,-0.5829941630363464,-0.6288456916809082,0.8537263870239258,0.27937644720077515,0.439431756734848,-0.3121381402015686,-0.46513575315475464,0.3743637204170227,0.7419209480285645,-0.5079274773597717,-0.4376791715621948,-0.3479923903942108,-0.849679708480835,0.39616402983665466,0.3470537066459656,0.011648659594357014,-0.03099999949336052,-0.9188895225524902,0.39451494812965393,-6.662817213509697e-07,-0.39451494812965393,-0.9188895225524902,2.0439319996512495e-06,0.4018573760986328,-0.13572582602500916,-0.030999694019556046,0.29225003719329834,0.15902313590049744,-0.031000304967164993
74,-0.11275456845760345,0.2501598596572876,0.25651174783706665,1.8000105619430542,-0.3884216248989105,-0.5381067991256714,1.158257246017456,0.7307162284851074,-0.0699523538351059,-0.1923062801361084,0.03652873635292053,0.3272022604942322,-0.03919580951333046,-0.18763305246829987,0.33958324790000916,0.3288758099079132,1.233331322669983,-0.17886406183242798,0.9748212099075317,0.3431951701641083,1.291741967201233,2.331667184829712,-0.06942442059516907,0.7309706211090088,0.08584769070148468,0.11380431801080704,0.07602357119321823,-0.10376683622598648,0.2049567550420761,0.30337488651275635,0.13049101829528809,0.02412525936961174,0.7339277863502502,0.49074962735176086,0.850386917591095,0.5432950258255005,-0.5625829696655273,-0.623162031173706,0.8344763517379761,0.28045332431793213,0.4743366539478302,-0.31029969453811646,-0.46521326899528503,0.3847147226333618,0.7423193454742432,-0.5184019804000854,-0.42452487349510193,-0.33966705203056335,-0.8372734785079956,0.4284854233264923,0.3470537066459656,0.01164866704493761,-0.03099999949336052,-0.9188895225524902,0.39451494812965393,-6.575752991011541e-07,-0.39451494812965393,-0.9188895225524902,2.0891300209768815e-06,0.4018573760986328,-0.13572581112384796,-0.030999690294265747,0.29225003719329834,0.15902315080165863,-0.031000308692455292
75,-0.11700287461280823,0.2429801970720291,0.2588067948818207,1.8200347423553467,-0.3914267420768738,-0.5466195940971375,1.1821343898773193,0.7307785153388977,-0.08183322846889496,-0.1478954553604126,0.03583541512489319,0.30875587463378906,-0.038810983300209045,-0.12473732233047485,0.33267247676849365,0.25068992376327515,1.2371842861175537,-0.17042481899261475,0.9756629467010498,0.3346339166164398,1.3041341304779053,2.3527793884277344,-0.061654482036828995,0.7308937311172485,0.04167209565639496,0.1293124556541443,0.00754271587356925,-0.12812942266464233,0.1717696189880371,0.2981322109699249,0.10705970972776413,0.13200204074382782,0.7214424014091492,0.48900482058525085,0.8700292110443115,0.5672834515571594,-0.5438114404678345,-0.6184324026107788,0.8173154592514038,0.2797532081604004,0.503719687461853,-0.3080982565879822,-0.46407052874565125,0.39479508996009827,0.741165041923523,-0.5307180285453796,-0.4111117124557495,-0.3335740566253662,-0.8225847482681274,0.4605245888233185,0.3470537066459656,0.011648659594357014,-0.03099999949336052,-0.9188895225524902,0.39451494812965393,-6.543049266838352e-07,-0.39451494812965393,-0.9188895225524902,2.1345076675061136e-06,0.4018573760986328,-0.13572582602500916,-0.03099968656897545,0.29225003719329834,0.15902313590049744,-0.03100031241774559
76,-0.12325732409954071,0.23835967481136322,0.26218703389167786,1.8399667739868164,-0.39632853865623474,-0.553379237651825,1.205758810043335,0.7308092713356018,-0.11831312626600266,-0.10631648451089859,0.04839005321264267,0.30576831102371216,-0.06529218703508377,-0.09978459775447845,0.32934343814849854,0.21516495943069458,1.2411288022994995,-0.16179969906806946,0.9754739999771118,0.3261263072490692,1.315131664276123,2.373253345489502,-0.055000606924295425,0.7309287190437317,0.06367115676403046,0.12876853346824646,-0.0004219378752168268,-0.12623749673366547,0.15127289295196533,0.2894039750099182,0.09130377322435379,0.07512062788009644,0.7105463743209839,0.48666808009147644,0.8869146108627319,0.5879541635513306,-0.5269366502761841,-0.6137162446975708,0.8017017841339111,0.27865225076675415,0.5287978649139404,-0.305631160736084,-0.4624790549278259,0.40445536375045776,0.7398073673248291,-0.54234778881073,-0.3981756269931793,-0.3273923695087433,-0.807194709777832,0.49117282032966614,0.3470537066459656,0.01164865680038929,-0.03099999949336052,-0.9188895225524902,0.39451494812965393,-6.254874733713223e-07,-0.39451494812965393,-0.9188895225524902,2.1733860648964765e-06,0.4018573760986328,-0.13572582602500916,-0.03099968284368515,0.29225003719329834,0.15902313590049744,-0.03100031614303589
77,-0.13197797536849976,0.23583155870437622,0.26671159267425537,1.8604286909103394,-0.4031708538532257,-0.5578304529190063,1.2288999557495117,0.7308401465415955,-0.1616201102733612,-0.0728929340839386,0.061701156198978424,0.3120599389076233,-0.09222359955310822,-0.0667799860239029,0.3227885663509369,0.1794729381799698,1.245611310005188,-0.15404631197452545,0.9738336801528931,0.3178524971008301,1.3237829208374023,2.3935534954071045,-0.050029829144477844,0.7309451103210449,0.06437351554632187,0.11542285233736038,-0.023042140528559685,-0.12218625843524933,0.11899220943450928,0.28680428862571716,0.06853567808866501,0.08465436846017838,0.7011369466781616,0.4834116995334625,0.9017079472541809,0.6052815914154053,-0.5126963257789612,-0.608914315700531,0.7878659963607788,0.27670854330062866,0.5501814484596252,-0.30266112089157104,-0.4607546329498291,0.41353553533554077,0.7385929226875305,-0.5523805618286133,-0.3864663541316986,-0.32045498490333557,-0.7920271158218384,0.5196171998977661,0.3470537066459656,0.011648662388324738,-0.03099999949336052,-0.9188895225524902,0.39451494812965393,-6.024168328622181e-07,-0.39451494812965393,-0.9188895225524902,2.211408627772471e-06,0.4018573760986328,-0.13572582602500916,-0.03099968284368515,0.29225003719329834,0.15902313590049744,-0.03100031614303589
78,-0.14321529865264893,0.23396001756191254,0.2721908390522003,1.8814787864685059,-0.41116172075271606,-0.5606706142425537,1.2514184713363647,0.7308450937271118,-0.20497731864452362,-0.07346024364233017,0.07525463402271271,0.3258739411830902,-0.10771437734365463,-0.0452023409307003,0.31417161226272583,0.1777254343032837,1.250690221786499,-0.1472303569316864,0.9715144634246826,0.31003350019454956,1.3300334215164185,2.414138078689575,-0.04692954570055008,0.7309856414794922,0.07881246507167816,0.10108461230993271,-0.030820520594716072,-0.11600498110055923,0.08598148077726364,0.2910718619823456,0.043069854378700256,0.040582723915576935,0.6922447085380554,0.4790620803833008,0.9157112240791321,0.6205089688301086,-0.5009414553642273,-0.6033458709716797,0.7749122381210327,0.2736254334449768,0.5697721838951111,-0.29905104637145996,-0.45916318893432617,0.4221648573875427,0.7378788590431213,-0.5603232979774475,-0.37626129388809204,-0.3118940591812134,-0.7774652242660522,0.5461411476135254,0.3470536768436432,0.011648666113615036,-0.03099999949336052,-0.9188895225524902,0.39451494812965393,-7.282542355824262e-07,-0.39451494812965393,-0.9188895225524902,1.9091987724095816e-06,0.4018573462963104,-0.13572581112384796,-0.030999701470136642,0.29225000739097595,0.15902315080165863,-0.031000297516584396
79,-0.1565541923046112,0.23180487751960754,0.27845555543899536,1.9033440351486206,-0.419978529214859,-0.561713695526123,1.2733118534088135,0.7308510541915894,-0.23830179870128632,-0.08116863667964935,0.08646093308925629,0.3394503891468048,-0.11907356977462769,-0.020261652767658234,0.30551671981811523,0.17172633111476898,1.2560714483261108,-0.14137299358844757,0.9681075811386108,0.3023463785648346,1.3338977098464966,2.4350974559783936,-0.0456293560564518,0.7309771776199341,0.07791141420602798,0.08747308701276779,-0.047624848783016205,-0.11424993723630905,0.052287377417087555,0.2962946593761444,0.017581121996045113,0.01099880039691925,0.6832212209701538,0.4738215208053589,0.929677426815033,0.6342989206314087,-0.4915802478790283,-0.5966688990592957,0.7623434066772461,0.2694953680038452,0.5883917212486267,-0.29487842321395874,-0.45754629373550415,0.4303877353668213,0.7373100519180298,-0.5669707655906677,-0.36731186509132385,-0.30240583419799805,-0.763201117515564,0.5710294842720032,0.3470536768436432,0.011648662388324738,-0.03099999949336052,-0.9188895225524902,0.39451494812965393,-7.047821100059082e-07,-0.39451494812965393,-0.9188895225524902,1.9481412891764194e-06,0.4018573462963104,-0.13572582602500916,-0.030999701470136642,0.29225000739097595,0.15902313590049744,-0.031000297516584396
80,-0.17160147428512573,0.22922170162200928,0.28535234928131104,1.9259873628616333,-0.42957717180252075,-0.5610970258712769,1.2946441173553467,0.7308570146560669,-0.26645806431770325,-0.08933689445257187,0.09527073055505753,0.35180115699768066,-0.129837304353714,0.0028630595188587904,0.29776322841644287,0.16483524441719055,1.2613224983215332,-0.13638503849506378,0.9634190201759338,0.294309139251709,1.3358827829360962,2.456360101699829,-0.0459931306540966,0.7309778928756714,0.07303477823734283,0.07515940070152283,-0.06636008620262146,-0.11992748081684113,0.025760283693671227,0.30046704411506653,-0.005416295491158962,0.012557719834148884,0.6738909482955933,0.46792909502983093,0.9437016844749451,0.6469131708145142,-0.48448508977890015,-0.588878333568573,0.7499895691871643,0.2645721435546875,0.6062320470809937,-0.29033929109573364,-0.45568591356277466,0.43825262784957886,0.7362934350967407,-0.5734637379646301,-0.3591814339160919,-0.29299497604370117,-0.7486642599105835,0.594689667224884,0.3470537066459656,0.011648660525679588,-0.03099999949336052,-0.9188895225524902,0.3945149779319763,-4.37262542618555e-07,-0.3945149779319763,-0.9188895225524902,2.666156433406286e-06,0.4018573760986328,-0.13572582602500916,-0.030999649316072464,0.29225003719329834,0.15902313590049744,-0.031000349670648575
81,-0.18808145821094513,0.22614848613739014,0.29293686151504517,1.9491735696792603,-0.4397183060646057,-0.5588201284408569,1.3155488967895508,0.7308629155158997,-0.2881581485271454,-0.0978693962097168,0.1054360568523407,0.3603493273258209,-0.1373787522315979,0.026071196421980858,0.29185476899147034,0.15794965624809265,1.2663370370864868,-0.13213296234607697,0.9574304819107056,0.28597357869148254,1.336354374885559,2.477705240249634,-0.04772080481052399,0.7309759855270386,0.06650851666927338,0.0646868348121643,-0.08545727282762527,-0.12396176904439926,0.0048425761051476,0.3015316128730774,-0.024176692590117455,0.01671566441655159,0.6642366647720337,0.4615999758243561,0.9577074646949768,0.6583983302116394,-0.4792570471763611,-0.5803656578063965,0.7379034161567688,0.2590194344520569,0.6232233643531799,-0.2855898141860962,-0.453500896692276,0.4457709789276123,0.7346293330192566,-0.5801914930343628,-0.3517066538333893,-0.2840370833873749,-0.733769416809082,0.6171755194664001,0.3470537066459656,0.011648662388324738,-0.03099999949336052,-0.9188895225524902,0.3945149779319763,-4.211115651742148e-07,-0.3945149779319763,-0.9188895225524902,2.70811347036215e-06,0.4018573760986328,-0.13572582602500916,-0.030999645590782166,0.29225003719329834,0.15902313590049744,-0.031000353395938873
82,-0.20573769509792328,0.22234942018985748,0.3011614680290222,1.9727369546890259,-0.450234055519104,-0.5549505352973938,1.3360562324523926,0.7308645248413086,-0.3070032000541687,-0.11242940276861191,0.11538603156805038,0.3680327236652374,-0.14248575270175934,0.0480487123131752,0.2863750755786896,0.1567119061946869,1.2711565494537354,-0.12851077318191528,0.9503450393676758,0.27766937017440796,1.3354130983352661,2.499049186706543,-0.050642117857933044,0.7309771180152893,0.06225385516881943,0.05553000420331955,-0.1012813076376915,-0.12288015335798264,-0.015880830585956573,0.3013143539428711,-0.04264480620622635,0.18332475423812866,0.6540986895561218,0.45501697063446045,0.9717728495597839,0.6689201593399048,-0.475689172744751,-0.5711967349052429,0.7259743213653564,0.252971351146698,0.6395050883293152,-0.28066951036453247,-0.45103850960731506,0.45296943187713623,0.7324021458625793,-0.5869948267936707,-0.344998836517334,-0.27530619502067566,-0.718743085861206,0.6384472846984863,0.3470537066459656,0.011648659594357014,-0.03099999949336052,-0.9188895225524902,0.39451494812965393,-6.655192237303709e-07,-0.39451494812965393,-0.9188895225524902,2.039809942289139e-06,0.4018573760986328,-0.13572582602500916,-0.030999694019556046,0.29225003719329834,0.15902313590049744,-0.031000304967164993
83,-0.22367478907108307,0.21607650816440582,0.30882665514945984,1.9960689544677734,-0.459685355424881,-0.5491683483123779,1.3564469814300537,0.7308478951454163,-0.31403642892837524,-0.1660730391740799,0.111321359872818,0.3741537928581238,-0.12706837058067322,0.07317405939102173,0.28481677174568176,0.1802823692560196,1.2747269868850708,-0.12536072731018066,0.9418447613716125,0.2703196108341217,1.3339003324508667,2.5202152729034424,-0.053738150745630264,0.7309952974319458,0.030745383352041245,0.0494571290910244,-0.12534381449222565,-0.10566447675228119,-0.02311580441892147,0.2987661063671112,-0.045596927404403687,0.14677460491657257,0.642660915851593,0.44816917181015015,0.9866179823875427,0.6788349151611328,-0.4732077717781067,-0.5614780187606812,0.7138075232505798,0.24591827392578125,0.6557461023330688,-0.27599281072616577,-0.44775328040122986,0.45995473861694336,0.7286856174468994,-0.5948839783668518,-0.3393084704875946,-0.2677629888057709,-0.7034887075424194,0.6583362817764282,0.3470537066459656,0.01164866704493761,-0.03099999949336052,-0.9188895225524902,0.39451494812965393,-6.568254775629612e-07,-0.39451494812965393,-0.9188895225524902,2.085026380882482e-06,0.4018573760986328,-0.13572581112384796,-0.030999690294265747,0.29225003719329834,0.15902315080165863,-0.031000308692455292
84,-0.24123317003250122,0.20568808913230896,0.31395381689071655,2.0191292762756348,-0.46645841002464294,-0.5403275489807129,1.3760805130004883,0.7308443784713745,-0.32480719685554504,-0.24152883887290955,0.07621936500072479,0.3801935911178589,-0.08836573362350464,0.11471354961395264,0.2743622362613678,0.1845155507326126,1.2760928869247437,-0.12404858320951462,0.9307010769844055,0.2663876712322235,1.331558108329773,2.5408620834350586,-0.05677386745810509,0.7310091257095337,-0.01787572167813778,0.021039854735136032,-0.1680833101272583,-0.049685440957546234,-0.030574774369597435,0.2919100821018219,-0.04051904007792473,-0.013673569075763226,0.6292506456375122,0.4404652416706085,1.002967119216919,0.6876007318496704,-0.4727981984615326,-0.5510599613189697,0.7014386057853699,0.23646032810211182,0.6723618507385254,-0.27195554971694946,-0.44333261251449585,0.46647149324417114,0.7221938967704773,-0.6038521528244019,-0.33734044432640076,-0.2619144916534424,-0.6901252269744873,0.6746317148208618,0.3470537066459656,0.011648659594357014,-0.03099999949336052,-0.9188895225524902,0.39451494812965393,-6.303687314357376e-07,-0.39451494812965393,-0.9188895225524902,2.1211553757893853e-06,0.4018573760986328,-0.13572582602500916,-0.030999690294265747,0.29225003719329834,0.15902313590049744,-0.031000308692455292
85,-0.2595232427120209,0.19134260714054108,0.316366583108902,2.042628288269043,-0.470871239900589,-0.5288071036338806,1.3942228555679321,0.7308454513549805,-0.3531889319419861,-0.3084900677204132,0.03707607463002205,0.3937692642211914,-0.05427803844213486,0.1512465476989746,0.25363606214523315,0.18156269192695618,1.2755080461502075,-0.12565302848815918,0.9171186685562134,0.2664092481136322,1.3275946378707886,2.561396598815918,-0.06064334139227867,0.7310100793838501,-0.04768318682909012,-0.023305101320147514,-0.20348940789699554,0.00984697975218296,-0.053361549973487854,0.290449857711792,-0.05367426201701164,-0.015107808634638786,0.6134874224662781,0.4314021170139313,1.021024465560913,0.6950186491012573,-0.47605472803115845,-0.5388144254684448,0.6883369088172913,0.22407138347625732,0.6899160742759705,-0.26827186346054077,-0.43830347061157227,0.4724143147468567,0.7131319046020508,-0.6127974390983582,-0.34047335386276245,-0.2567073702812195,-0.680213451385498,0.6865935921669006,0.3470537066459656,0.011648662388324738,-0.03099999949336052,-0.9188895225524902,0.39451494812965393,-6.348975603032159e-07,-0.39451494812965393,-0.9188895225524902,2.1473672404681565e-06,0.4018573760986328,-0.13572582602500916,-0.03099968656897545,0.29225003719329834,0.15902313590049744,-0.03100031241774559
86,-0.2792780101299286,0.17452846467494965,0.31653252243995667,2.066960573196411,-0.47432827949523926,-0.5143622159957886,1.4108582735061646,0.730867326259613,-0.3847867250442505,-0.34038400650024414,0.002499375492334366,0.40503618121147156,-0.040614109486341476,0.19270649552345276,0.23270907998085022,0.15177728235721588,1.2728476524353027,-0.12980760633945465,0.90062016248703,0.2681180238723755,1.322086215019226,2.581681489944458,-0.06592588871717453,0.7309951186180115,-0.08761166036128998,-0.059097569435834885,-0.24729597568511963,0.03232152760028839,-0.07456504553556442,0.28694525361061096,-0.0734863430261612,0.0068884603679180145,0.5961374044418335,0.421015202999115,1.0398719310760498,0.6999844908714294,-0.4839276075363159,-0.5252007246017456,0.6752264499664307,0.20896953344345093,0.707390308380127,-0.26485586166381836,-0.432689905166626,0.47778624296188354,0.7008786201477051,-0.6231890320777893,-0.3469935357570648,-0.25356969237327576,-0.672387957572937,0.6954113245010376,0.3470537066459656,0.011648658663034439,-0.03099999949336052,-0.9188895225524902,0.39451494812965393,-6.186958785292518e-07,-0.39451494812965393,-0.9188895225524902,2.1677908534911694e-06,0.4018573760986328,-0.13572582602500916,-0.03099968656897545,0.29225003719329834,0.15902313590049744,-0.03100031241774559
87,-0.30059871077537537,0.15688878297805786,0.3144409656524658,2.0919694900512695,-0.477644145488739,-0.49764472246170044,1.4257394075393677,0.7308967709541321,-0.4193553030490875,-0.3461737036705017,-0.03345063701272011,0.4127728044986725,-0.03831775486469269,0.22527293860912323,0.2083166539669037,0.11421751976013184,1.2685264348983765,-0.1363624632358551,0.8816826343536377,0.27043333649635315,1.3152676820755005,2.601710081100464,-0.07287231832742691,0.7309877276420593,-0.1110881045460701,-0.09428826719522476,-0.28174272179603577,0.039878252893686295,-0.09189920872449875,0.28350532054901123,-0.09383286535739899,0.025501910597085953,0.5781232714653015,0.4093780815601349,1.0585017204284668,0.7016024589538574,-0.4968125522136688,-0.5108143091201782,0.6626935005187988,0.1914505958557129,0.7240054607391357,-0.2615695595741272,-0.4268113970756531,0.4826262593269348,0.6856753826141357,-0.6348949074745178,-0.3560304343700409,-0.2525005638599396,-0.6662027835845947,0.7017245292663574,0.3470537066459656,0.011648669838905334,-0.03099999949336052,-0.9188895225524902,0.39451491832733154,-7.340871093219903e-07,-0.39451491832733154,-0.9188895225524902,1.845423298618698e-06,0.4018573760986328,-0.13572579622268677,-0.03099970892071724,0.29225003719329834,0.15902313590049744,-0.0310002900660038
88,-0.3234155476093292,0.14072389900684357,0.3100168704986572,2.117932081222534,-0.48253485560417175,-0.48029619455337524,1.4387431144714355,0.7309377193450928,-0.45042675733566284,-0.3074280023574829,-0.07222481817007065,0.4182418882846832,-0.060455817729234695,0.23585936427116394,0.18216398358345032,0.06174027547240257,1.2635482549667358,-0.14505349099636078,0.8613287210464478,0.2712933421134949,1.3078404664993286,2.622051239013672,-0.08153432607650757,0.7310070395469666,-0.1125369742512703,-0.12525705993175507,-0.29945361614227295,0.015184101648628712,-0.10152056813240051,0.2879481017589569,-0.11812673509120941,0.01324881799519062,0.560467004776001,0.3966677784919739,1.0759479999542236,0.6992760896682739,-0.5152819156646729,-0.4954770505428314,0.6508831977844238,0.17236143350601196,0.7393527626991272,-0.2581401467323303,-0.4211213290691376,0.4871487617492676,0.6684036254882812,-0.647713840007782,-0.36565473675727844,-0.25301727652549744,-0.660285472869873,0.7071106433868408,0.3470537066459656,0.011648666113615036,-0.03099999949336052,-0.9188895225524902,0.3945150077342987,-6.065503157515195e-07,-0.3945150077342987,-0.9188895225524902,2.247736119898036e-06,0.4018573760986328,-0.13572581112384796,-0.03099967911839485,0.29225003719329834,0.15902315080165863,-0.031000319868326187
89,-0.34764233231544495,0.12808851897716522,0.30365318059921265,2.1447529792785645,-0.490091472864151,-0.4627789556980133,1.4500510692596436,0.7309891581535339,-0.4769977927207947,-0.23540818691253662,-0.10528478771448135,0.4196462333202362,-0.09802708774805069,0.24053002893924713,0.15861621499061584,-0.001883052522316575,1.2585022449493408,-0.1553734689950943,0.8399857878684998,0.26914456486701965,1.3001716136932373,2.6427762508392334,-0.09195416420698166,0.7310056686401367,-0.1089298278093338,-0.14810819923877716,-0.312033087015152,-0.03123335912823677,-0.10711997002363205,0.293033629655838,-0.14496615529060364,-0.008507898077368736,0.5446373224258423,0.38288262486457825,1.091200590133667,0.6918533444404602,-0.5390390753746033,-0.48039135336875916,0.6408918499946594,0.15201687812805176,0.7524284720420837,-0.25446778535842896,-0.41579943895339966,0.49146783351898193,0.6494171023368835,-0.6619114875793457,-0.3743401765823364,-0.25508102774620056,-0.6533694267272949,0.7127707600593567,0.3470537066459656,0.01164866890758276,-0.03099999949336052,-0.9188895225524902,0.3945150673389435,-4.6483708615596697e-07,-0.3945150673389435,-0.9188895225524902,2.614153572721989e-06,0.4018573760986328,-0.13572581112384796,-0.030999653041362762,0.29225003719329834,0.15902315080165863,-0.031000345945358276
90,-0.3735786974430084,0.11871126294136047,0.297656774520874,2.1716065406799316,-0.4996589124202728,-0.4450147747993469,1.4611672163009644,0.7310062050819397,-0.4906754195690155,-0.18504083156585693,-0.09919042140245438,0.4168042242527008,-0.12678518891334534,0.24468405544757843,0.15591607987880707,-0.009421867318451405,1.2534801959991455,-0.16646522283554077,0.8182944059371948,0.2653411626815796,1.292094111442566,2.6635560989379883,-0.10318543761968613,0.7310051918029785,-0.10607287287712097,-0.1588257998228073,-0.3167434632778168,-0.05375049263238907,-0.11316786706447601,0.2939075231552124,-0.15739084780216217,-0.005750257521867752,0.5307250022888184,0.3686622977256775,1.1042912006378174,0.6803905963897705,-0.5646352767944336,-0.4671783149242401,0.6327518224716187,0.13100790977478027,0.7631919980049133,-0.2505519986152649,-0.41086044907569885,0.4956657886505127,0.6296504735946655,-0.6762991547584534,-0.3823085427284241,-0.2575802803039551,-0.6460099220275879,0.7185567617416382,0.3470536768436432,0.011648661457002163,-0.03099999949336052,-0.9188895225524902,0.3945150077342987,-6.941623382772377e-07,-0.3945150077342987,-0.9188895225524902,1.949945271917386e-06,0.4018573462963104,-0.13572582602500916,-0.030999701470136642,0.29225000739097595,0.15902313590049744,-0.031000297516584396
91,-0.40044838190078735,0.11256764084100723,0.2932392656803131,2.198885202407837,-0.5122150778770447,-0.4272826910018921,1.472966194152832,0.7310200929641724,-0.49291864037513733,-0.1275632530450821,-0.07698795944452286,0.41588178277015686,-0.16943953931331635,0.24545446038246155,0.1654784232378006,-0.029729926958680153,1.2491648197174072,-0.1785234808921814,0.7999297976493835,0.26667046546936035,1.2968847751617432,2.6784181594848633,-0.11566633731126785,0.7312397360801697,-0.12323147058486938,-0.17337074875831604,-0.1974150836467743,0.023661132901906967,0.2550768256187439,0.11210069805383682,-2.1488912105560303,0.12631002068519592,0.5184617638587952,0.3549995720386505,1.1155116558074951,0.6662716865539551,-0.5904889106750488,-0.4554172158241272,0.6258480548858643,0.11072540283203125,0.7720454335212708,-0.24989205598831177,-0.4057839810848236,0.49910402297973633,0.6010485291481018,-0.6928203105926514,-0.39842259883880615,-0.2635561525821686,-0.6424545049667358,0.7195764183998108,0.3470537066459656,0.011648666113615036,-0.03099999949336052,-0.9188895225524902,0.3945150077342987,-6.966303658373363e-07,-0.3945150077342987,-0.9188895225524902,1.9724129742826335e-06,0.4018573760986328,-0.13572581112384796,-0.030999697744846344,0.29225003719329834,0.15902315080165863,-0.031000301241874695
92,-0.4262233376502991,0.1111094057559967,0.2883070707321167,2.2264034748077393,-0.5262753963470459,-0.4074821174144745,1.4829636812210083,0.7310738563537598,-0.4851488471031189,-0.02766369841992855,-0.0911506786942482,0.4023476541042328,-0.19043758511543274,0.2782161831855774,0.14045628905296326,-0.0957278311252594,1.243041753768921,-0.19086915254592896,0.780375599861145,0.271862268447876,1.2988739013671875,2.6925740242004395,-0.12759239971637726,0.7312942147254944,-0.1718028336763382,-0.17571718990802765,-0.22164417803287506,0.07105354964733124,0.23312026262283325,0.11545837670564651,-2.0032174587249756,0.10065114498138428,0.509810209274292,0.3405756950378418,1.1240427494049072,0.6468493938446045,-0.6174141764640808,-0.44764450192451477,0.6227661967277527,0.08885657787322998,0.7773459553718567,-0.24895352125167847,-0.4006233215332031,0.5023122429847717,0.5719077587127686,-0.7061150074005127,-0.4175202548503876,-0.2690054178237915,-0.6422640085220337,0.7177278399467468,0.3470537066459656,0.011648666113615036,-0.03099999949336052,-0.9188895225524902,0.3945150375366211,-4.148820949012588e-07,-0.3945150375366211,-0.9188895225524902,2.7217026854486903e-06,0.4018573760986328,-0.13572581112384796,-0.030999645590782166,0.29225003719329834,0.15902315080165863,-0.031000353395938873
93,-0.45376625657081604,0.11152643710374832,0.28566503524780273,2.253185272216797,-0.5420562624931335,-0.3871399760246277,1.4943851232528687,0.7310572862625122,-0.4990358054637909,-0.028617385774850845,-0.05233022943139076,0.4051148295402527,-0.21469883620738983,0.28333553671836853,0.16028332710266113,-0.06684885174036026,1.2364914417266846,-0.20313023030757904,0.7617794275283813,0.2734488844871521,1.3044813871383667,2.7062857151031494,-0.14200416207313538,0.7312753796577454,-0.17138947546482086,-0.17392224073410034,-0.17123430967330933,0.009047678671777248,0.3145575225353241,0.06251111626625061,-3.0573487281799316,0.1360613852739334,0.5025990009307861,0.32600724697113037,1.1311283111572266,0.6251238584518433,-0.6429674625396729,-0.4425077736377716,0.6210748553276062,0.06637775897979736,0.7809354066848755,-0.24833685159683228,-0.3953409790992737,0.5056213736534119,0.5378541946411133,-0.7218875288963318,-0.4354206919670105,-0.2765830159187317,-0.639002799987793,0.7177584767341614,0.3470537066459656,0.011648665182292461,-0.03099999949336052,-0.9188895225524902,0.3945150077342987,-6.560187557624886e-07,-0.3945150077342987,-0.9188895225524902,2.0631002826121403e-06,0.4018573760986328,-0.13572581112384796,-0.030999694019556046,0.29225003719329834,0.15902315080165863,-0.031000304967164993
94,-0.4808703660964966,0.11468444764614105,0.2849962115287781,2.280878782272339,-0.559550404548645,-0.3662414848804474,1.5055956840515137,0.7310853004455566,-0.483328253030777,0.040808167308568954,-0.0273723341524601,0.40181252360343933,-0.23946548998355865,0.29359060525894165,0.15765558183193207,-0.10245034843683243,1.2290316820144653,-0.21522825956344604,0.7433105707168579,0.2740243971347809,1.3109095096588135,2.7189815044403076,-0.1570260226726532,0.7312653064727783,-0.1983323097229004,-0.1714615672826767,-0.16737140715122223,-0.004074824508279562,0.33689209818840027,0.03956089913845062,-3.460927724838257,0.14108267426490784,0.4966095983982086,0.31184279918670654,1.1371045112609863,0.6019680500030518,-0.6671145558357239,-0.4388538599014282,0.6199705004692078,0.04408621788024902,0.7833856344223022,-0.247836172580719,-0.38999465107917786,0.5087693333625793,0.5012519955635071,-0.7373086214065552,-0.45290443301200867,-0.28546273708343506,-0.6350071430206299,0.7178279757499695,0.3470537066459656,0.011648663319647312,-0.03099999949336052,-0.9188895225524902,0.3945150375366211,-6.556193739015725e-07,-0.3945150375366211,-0.9188895225524902,2.1087869299663e-06,0.4018573760986328,-0.13572581112384796,-0.03099968656897545,0.29225003719329834,0.15902315080165863,-0.03100031241774559
95,-0.5088126063346863,0.11980236321687698,0.2884092330932617,2.308438301086426,-0.5788275003433228,-0.3445701599121094,1.5186392068862915,0.7310778498649597,-0.4814293682575226,0.05730022117495537,0.03454024717211723,0.4046269357204437,-0.2648676931858063,0.30344316363334656,0.18324963748455048,-0.09090907126665115,1.221468448638916,-0.2275705486536026,0.7257431149482727,0.2710845470428467,1.3202791213989258,2.7312912940979004,-0.17460264265537262,0.7311433553695679,-0.19430986046791077,-0.17433445155620575,-0.12811917066574097,-0.06422517448663712,0.3491280674934387,-0.03371211886405945,-4.850941181182861,0.10630924999713898,0.4918537735939026,0.29820898175239563,1.1419618129730225,0.578866720199585,-0.6878462433815002,-0.4379279911518097,0.6197353005409241,0.022082805633544922,0.7845003008842468,-0.24752557277679443,-0.3846907317638397,0.5119224190711975,0.45995014905929565,-0.7538532018661499,-0.46920281648635864,-0.2957518398761749,-0.6283049583435059,0.7195580005645752,0.3470537066459656,0.011648659594357014,-0.03099999949336052,-0.9188895225524902,0.3945150375366211,-6.233067892935651e-07,-0.3945150375366211,-0.9188895225524902,2.159629048037459e-06,0.4018573760986328,-0.13572582602500916,-0.03099968656897545,0.29225003719329834,0.15902313590049744,-0.03100031241774559
96,-0.5361588001251221,0.1281377524137497,0.29636386036872864,2.3369970321655273,-0.5997515916824341,-0.32228603959083557,1.5334057807922363,0.7311079502105713,-0.4577925205230713,0.12874311208724976,0.09695006906986237,0.4045838415622711,-0.2886967957019806,0.3137824237346649,0.20760515332221985,-0.13123191893100739,1.2145977020263672,-0.24044720828533173,0.7086558938026428,0.26699885725975037,1.3307698965072632,2.743617296218872,-0.1930302232503891,0.7310264110565186,-0.1692918837070465,-0.18073870241641998,-0.11993670463562012,-0.08438740670681,0.31408625841140747,-0.07865871489048004,-5.755699157714844,0.00037186918780207634,0.4886288642883301,0.2852972149848938,1.1456847190856934,0.5575346946716309,-0.7040090560913086,-0.4399162232875824,0.6201797723770142,0.0009593367576599121,0.784459114074707,-0.24706488847732544,-0.37978771328926086,0.5150905847549438,0.4169299602508545,-0.7686008214950562,-0.4852031171321869,-0.30548644065856934,-0.6212519407272339,0.7216119766235352,0.3470537066459656,0.011648660525679588,-0.03099999949336052,-0.9188895225524902,0.39451494812965393,-6.203392786119366e-07,-0.39451494812965393,-0.9188895225524902,2.2062044990889262e-06,0.4018573760986328,-0.13572582602500916,-0.03099968284368515,0.29225003719329834,0.15902313590049744,-0.03100031614303589
97,-0.5634052753448486,0.13907837867736816,0.30795755982398987,2.3656654357910156,-0.6223336458206177,-0.299519419670105,1.5494389533996582,0.7311052680015564,-0.45902949571609497,0.16231948137283325,0.1482616364955902,0.40833625197410583,-0.31154242157936096,0.3203955590724945,0.22528988122940063,-0.12544696033000946,1.2084883451461792,-0.25568121671676636,0.6917911767959595,0.2631676495075226,1.3414400815963745,2.7566540241241455,-0.2123102843761444,0.7309872508049011,-0.13186191022396088,-0.21777111291885376,-0.1294022500514984,-0.08789177238941193,0.29454752802848816,-0.09164389967918396,-6.297309875488281,0.07465623319149017,0.4869188666343689,0.27237024903297424,1.1482248306274414,0.5369663834571838,-0.7169108986854553,-0.4446412920951843,0.6215353608131409,-0.020179152488708496,0.7831261157989502,-0.24634003639221191,-0.37577182054519653,0.5182021856307983,0.3731505870819092,-0.7796621322631836,-0.5028773546218872,-0.3139767050743103,-0.6161675453186035,0.7223268747329712,0.3470537066459656,0.011648665182292461,-0.03099999949336052,-0.9188895225524902,0.39451491832733154,-6.105595389271912e-07,-0.39451491832733154,-0.9188895225524902,2.2334920686262194e-06,0.4018573760986328,-0.13572579622268677,-0.03099967911839485,0.29225003719329834,0.15902313590049744,-0.031000319868326187
98,-0.5907305479049683,0.15095356106758118,0.32275786995887756,2.394365072250366,-0.6458504796028137,-0.27647221088409424,1.5671120882034302,0.7310916185379028,-0.45451638102531433,0.17004381120204926,0.19577793776988983,0.4116577208042145,-0.3246303200721741,0.32387885451316833,0.24811789393424988,-0.10624587535858154,1.201743245124817,-0.27210190892219543,0.6748642921447754,0.25849151611328125,1.3532897233963013,2.770219326019287,-0.23207293450832367,0.7308598756790161,-0.18146741390228271,-0.23446707427501678,-0.07630059123039246,-0.10917353630065918,0.27331775426864624,-0.11153519153594971,-7.42232084274292,-0.06581573933362961,0.48533397912979126,0.2596546709537506,1.1503911018371582,0.51823890209198,-0.7266035079956055,-0.45108282566070557,0.6224762201309204,-0.041223883628845215,0.7815521955490112,-0.24546855688095093,-0.3718682825565338,0.5214241743087769,0.3266094923019409,-0.788829505443573,-0.5206478834152222,-0.3225943446159363,-0.6108158826828003,0.7230745553970337,0.3470536768436432,0.011648660525679588,-0.03099999949336052,-0.9188895225524902,0.39451491832733154,-7.112524826879962e-07,-0.39451491832733154,-0.9188895225524902,1.9048286503675627e-06,0.4018573760986328,-0.13572581112384796,-0.03099970519542694,0.29225000739097595,0.15902312099933624,-0.031000293791294098
99,-0.6172001957893372,0.16401678323745728,0.3394136428833008,2.423464059829712,-0.6697247624397278,-0.25303277373313904,1.5857096910476685,0.7311033010482788,-0.4441627562046051,0.19669201970100403,0.21986141800880432,0.4131013751029968,-0.32917338609695435,0.33028191328048706,0.26105251908302307,-0.12194299697875977,1.1956136226654053,-0.28896406292915344,0.6580705642700195,0.2545284628868103,1.3649542331695557,2.7841737270355225,-0.2519043982028961,0.7307774424552917,-0.13356216251850128,-0.2398265302181244,-0.10419727116823196,-0.0980021208524704,0.2371627241373062,-0.14217445254325867,-7.60870885848999,0.039683401584625244,0.48383471369743347,0.2467898428440094,1.1522269248962402,0.5010876655578613,-0.7335361242294312,-0.45916861295700073,0.6228829622268677,-0.06263160705566406,0.7798039317131042,-0.24422693252563477,-0.36849528551101685,0.5247474312782288,0.280038058757782,-0.794488251209259,-0.5388573408126831,-0.32963332533836365,-0.6067677736282349,0.723308265209198,0.3470536768436432,0.011648661457002163,-0.03099999949336052,-0.9188895225524902,0.39451494812965393,-7.10471340426011e-07,-0.39451494812965393,-0.9188895225524902,1.9284025256638415e-06,0.4018573462963104,-0.13572582602500916,-0.030999701470136642,0.29225000739097595,0.15902313590049744,-0.031000297516584396
100,-0.6434799432754517,0.1776500940322876,0.3583221435546875,2.4524502754211426,-0.6940325498580933,-0.22941423952579498,1.6056270599365234,0.7310935854911804,-0.4380341172218323,0.19831614196300507,0.25433191657066345,0.41533994674682617,-0.3351609408855438,0.3322899341583252,0.2794094681739807,-0.10847219079732895,1.1885766983032227,-0.3065679669380188,0.6407963037490845,0.2500549256801605,1.3773000240325928,2.7986128330230713,-0.2720969319343567,0.7306565046310425,-0.1181168332695961,-0.24983060359954834,-0.16928476095199585,-0.10535696893930435,0.18159587681293488,-0.18647027015686035,-8.06738567352295,0.10539686679840088,0.48212504386901855,0.23379763960838318,1.1538467407226562,0.4858372211456299,-0.7377367615699768,-0.4687287211418152,0.6225665211677551,-0.08432531356811523,0.778010368347168,-0.2427392601966858,-0.36512482166290283,0.5282131433486938,0.23077452182769775,-0.7978599667549133,-0.5569224953651428,-0.33678004145622253,-0.6024918556213379,0.7235903143882751,0.3470536768436432,0.011648659594357014,-0.03099999949336052,-0.9188895225524902,0.39451494812965393,-6.908531986482558e-07,-0.39451494812965393,-0.9188895225524902,1.946802285601734e-06,0.4018573462963104,-0.13572582602500916,-0.030999701470136642,0.29225000739097595,0.15902313590049744,-0.031000297516584396
101,-0.6690195798873901,0.18920724093914032,0.3771580159664154,2.4808146953582764,-0.7172864675521851,-0.20520049333572388,1.6258245706558228,0.7310715913772583,-0.43201056122779846,0.14715617895126343,0.25969040393829346,0.41923439502716064,-0.3200635612010956,0.3395083546638489,0.2830493152141571,-0.08009301871061325,1.1791346073150635,-0.3247644007205963,0.6194455027580261,0.24807867407798767,1.380918025970459,2.8173093795776367,-0.2893429696559906,0.7311399579048157,-0.0868752971291542,-0.2579440176486969,-0.3951508104801178,0.010852541774511337,0.27347666025161743,0.06943795084953308,-3.713756561279297,0.07692958414554596,0.47860199213027954,0.22118224203586578,1.156195878982544,0.47202688455581665,-0.7405925989151001,-0.4782395362854004,0.6202681064605713,-0.10649514198303223,0.7771267294883728,-0.23900151252746582,-0.3620816469192505,0.5323639512062073,0.18631583452224731,-0.7972224950790405,-0.5742148756980896,-0.34085559844970703,-0.6005988121032715,0.7232555150985718,0.3470537066459656,0.011648665182292461,-0.03099999949336052,-0.9188895225524902,0.3945149779319763,-4.2692084889495163e-07,-0.3945149779319763,-0.9188895225524902,2.6654963676264742e-06,0.4018573760986328,-0.13572581112384796,-0.030999649316072464,0.29225003719329834,0.15902315080165863,-0.031000349670648575
102,-0.6948187351226807,0.19280977547168732,0.3960750102996826,2.507664442062378,-0.7381242513656616,-0.18237729370594025,1.6462939977645874,0.7309662103652954,-0.42275241017341614,-0.03584923967719078,0.28619492053985596,0.43431976437568665,-0.2886554002761841,0.31399857997894287,0.28650352358818054,0.052945271134376526,1.1656907796859741,-0.3445007801055908,0.5972095727920532,0.24733443558216095,1.3867889642715454,2.836326837539673,-0.3066675364971161,0.7311161756515503,-0.08320203423500061,-0.2832111418247223,-0.3950093388557434,-0.016823193058371544,0.3167659342288971,0.039041921496391296,-4.031009197235107,0.009611847810447216,0.46916547417640686,0.21238742768764496,1.1617939472198486,0.46308112144470215,-0.7435787916183472,-0.4823344051837921,0.6120678186416626,-0.12530815601348877,0.7808142304420471,-0.23534834384918213,-0.35844457149505615,0.5367246270179749,0.13571274280548096,-0.7933899760246277,-0.5933923125267029,-0.3472217917442322,-0.5990347862243652,0.7215222120285034,0.3470537066459656,0.011648666113615036,-0.03099999949336052,-0.9188895225524902,0.3945149779319763,-4.22094643681703e-07,-0.3945149779319763,-0.9188895225524902,2.712014747885405e-06,0.4018573760986328,-0.13572581112384796,-0.030999645590782166,0.29225003719329834,0.15902315080165863,-0.031000353395938873
103,-0.7184840440750122,0.1893366426229477,0.4155465066432953,2.535628080368042,-0.7563050389289856,-0.15990132093429565,1.6666723489761353,0.7309078574180603,-0.3800501823425293,-0.13909342885017395,0.29889917373657227,0.4514462649822235,-0.25279220938682556,0.30797871947288513,0.28550663590431213,0.11669423431158066,1.1514265537261963,-0.36517539620399475,0.5752117037773132,0.24876326322555542,1.3920361995697021,2.85518479347229,-0.32297027111053467,0.7311099767684937,-0.09466376900672913,-0.2988992929458618,-0.4101826846599579,-0.006138010416179895,0.31935328245162964,0.0008559823036193848,-4.008884906768799,0.051270585507154465,0.4536004960536957,0.20881903171539307,1.1709671020507812,0.4612482786178589,-0.7458365559577942,-0.48060154914855957,0.5975840091705322,-0.13925135135650635,0.7896216511726379,-0.23157739639282227,-0.355571448802948,0.5409573316574097,0.08665764331817627,-0.7846877574920654,-0.613804280757904,-0.3533306419849396,-0.6002781391143799,0.7175121307373047,0.3470537066459656,0.011648663319647312,-0.03099999949336052,-0.9188895225524902,0.39451494812965393,-6.663736940026865e-07,-0.39451494812965393,-0.9188895225524902,2.0436325485206908e-06,0.4018573760986328,-0.13572581112384796,-0.030999694019556046,0.29225003719329834,0.15902315080165863,-0.031000304967164993
104,-0.739437997341156,0.1815548688173294,0.43397465348243713,2.5642125606536865,-0.7716514468193054,-0.13773955404758453,1.6864211559295654,0.7308710813522339,-0.3393396735191345,-0.20242591202259064,0.28642329573631287,0.46219342947006226,-0.21396908164024353,0.30344587564468384,0.2765389382839203,0.15737125277519226,1.1363199949264526,-0.3870523273944855,0.5531454086303711,0.2513057589530945,1.3957958221435547,2.8742196559906006,-0.33944088220596313,0.7312092185020447,-0.09475335478782654,-0.3199739158153534,-0.4402507543563843,0.028699418529868126,0.2964535355567932,0.05950959026813507,-3.087169647216797,-0.09564823657274246,0.43429774045944214,0.20887891948223114,1.181976556777954,0.46425408124923706,-0.7473970055580139,-0.4752535820007324,0.5791108012199402,-0.14984595775604248,0.8013594746589661,-0.22760558128356934,-0.3536137640476227,0.544995129108429,0.038924455642700195,-0.7715544700622559,-0.6349713206291199,-0.3594740331172943,-0.6037216186523438,0.7115466594696045,0.3470537066459656,0.01164866704493761,-0.03099999949336052,-0.9188895225524902,0.3945149779319763,-6.556148832714825e-07,-0.3945149779319763,-0.9188895225524902,2.083296976707061e-06,0.4018573760986328,-0.13572581112384796,-0.030999690294265747,0.29225003719329834,0.15902315080165863,-0.031000308692455292
105,-0.7545828223228455,0.1672547161579132,0.44484394788742065,2.5920403003692627,-0.7795767784118652,-0.11377804726362228,1.7061179876327515,0.7307971715927124,-0.24541524052619934,-0.3344525396823883,0.19340887665748596,0.47069793939590454,-0.11243949830532074,0.3255041539669037,0.2758347988128662,0.2493344247341156,1.1208804845809937,-0.41033071279525757,0.5300542116165161,0.2620142996311188,1.3931224346160889,2.897522449493408,-0.35370397567749023,0.731212317943573,-0.15710893273353577,-0.3483094871044159,-0.38412657380104065,0.1523696780204773,0.12724991142749786,0.19272515177726746,-2.347139596939087,-0.05909271910786629,0.41099193692207336,0.21237784624099731,1.1946814060211182,0.47184324264526367,-0.7470642924308777,-0.46825096011161804,0.5570758581161499,-0.1590416431427002,0.8150903582572937,-0.2220141887664795,-0.35360151529312134,0.5496600270271301,-0.00015175342559814453,-0.7512060403823853,-0.6600677967071533,-0.36087527871131897,-0.6155474185943604,0.700621485710144,0.3470537066459656,0.01164866704493761,-0.03099999949336052,-0.9188895225524902,0.3945149779319763,-6.658040092588635e-07,-0.3945149779319763,-0.9188895225524902,2.0956040316377766e-06,0.4018573760986328,-0.13572581112384796,-0.030999690294265747,0.29225003719329834,0.15902315080165863,-0.031000308692455292
106,-0.7573466897010803,0.1450912356376648,0.4432089328765869,2.6196000576019287,-0.7752370834350586,-0.08858252316713333,1.7273553609848022,0.7307102084159851,-0.03444763645529747,-0.47837117314338684,0.028453033417463303,0.4787425696849823,0.054747503250837326,0.33877280354499817,0.2974638342857361,0.3520473837852478,1.1029881238937378,-0.4335334300994873,0.5069595575332642,0.27965399622917175,1.3897031545639038,2.923738479614258,-0.36354658007621765,0.731262743473053,-0.2410852313041687,-0.3455447256565094,-0.35762542486190796,0.2617712914943695,0.05767890438437462,0.31360334157943726,-1.2552093267440796,-0.060160405933856964,0.3826044201850891,0.22167278826236725,1.2094087600708008,0.4907745122909546,-0.7405757308006287,-0.4590075612068176,0.530567467212677,-0.16385483741760254,0.8316549062728882,-0.2155674695968628,-0.35424259305000305,0.5550318360328674,-0.03444838523864746,-0.725742518901825,-0.6871033310890198,-0.3606448471546173,-0.6321600675582886,0.6857907176017761,0.3470537066459656,0.011648666113615036,-0.03099999949336052,-0.9188895225524902,0.3945149779319763,-6.44507963443175e-07,-0.3945149779319763,-0.9188895225524902,2.1214914340816904e-06,0.4018573760986328,-0.13572581112384796,-0.03099968656897545,0.29225003719329834,0.15902315080165863,-0.03100031241774559
107,-0.7501639127731323,0.11823620647192001,0.4326130449771881,2.6481404304504395,-0.7642104625701904,-0.06348968297243118,1.749567985534668,0.7306848764419556,0.10335487872362137,-0.537086546421051,-0.10697678476572037,0.4905646741390228,0.14767827093601227,0.33750832080841064,0.3112010061740875,0.37498000264167786,1.0838842391967773,-0.4573957920074463,0.48436394333839417,0.3009010851383209,1.3873509168624878,2.951690435409546,-0.3702874779701233,0.7312777638435364,-0.27631494402885437,-0.3580305278301239,-0.3409862518310547,0.3213990032672882,0.02010602131485939,0.3698608875274658,-0.587022602558136,-0.04737754166126251,0.35012999176979065,0.23565258085727692,1.224830150604248,0.5181516408920288,-0.7300056219100952,-0.4456575810909271,0.5002763867378235,-0.16394460201263428,0.8502033352851868,-0.20884644985198975,-0.35588255524635315,0.5606261491775513,-0.06506013870239258,-0.6963003277778625,-0.7147958278656006,-0.36015602946281433,-0.6516464948654175,0.6675661206245422,0.3470537066459656,0.011648658663034439,-0.03099999949336052,-0.9188895225524902,0.39451494812965393,-6.430934718082426e-07,-0.39451494812965393,-0.9188895225524902,2.1559017113759182e-06,0.4018573760986328,-0.13572582602500916,-0.03099968284368515,0.29225003719329834,0.15902313590049744,-0.03100031614303589
108,-0.7379212975502014,0.08967481553554535,0.41643133759498596,2.6771984100341797,-0.7505027651786804,-0.03883720561861992,1.7721987962722778,0.7306753396987915,0.1717761754989624,-0.5546626448631287,-0.19757066667079926,0.4959789216518402,0.18495674431324005,0.3318009376525879,0.31710952520370483,0.38036611676216125,1.0645902156829834,-0.48204299807548523,0.4625305235385895,0.3235589265823364,1.3869991302490234,2.98053240776062,-0.3756796419620514,0.7312878966331482,-0.284037321805954,-0.3716967701911926,-0.329297810792923,0.33806729316711426,-0.013995654881000519,0.4173290431499481,-0.06833267211914062,-0.05068708211183548,0.31535714864730835,0.25145432353019714,1.2393977642059326,0.5487440228462219,-0.7174667119979858,-0.42909377813339233,0.4678170382976532,-0.16184628009796143,0.8688803911209106,-0.20220637321472168,-0.3586762249469757,0.5661320686340332,-0.09337151050567627,-0.6635936498641968,-0.7422434091567993,-0.3599025011062622,-0.6725929975509644,0.6465979814529419,0.3470537066459656,0.011648660525679588,-0.03099999949336052,-0.9188895225524902,0.39451494812965393,-6.284087703534169e-07,-0.39451494812965393,-0.9188895225524902,2.200225480919471e-06,0.4018573760986328,-0.13572582602500916,-0.03099967911839485,0.29225003719329834,0.15902313590049744,-0.031000319868326187
109,-0.7232996821403503,0.06069933623075485,0.39580047130584717,2.706434965133667,-0.7359611988067627,-0.014458012767136097,1.7949388027191162,0.7306736707687378,0.2042963057756424,-0.5567044019699097,-0.27304747700691223,0.4974159002304077,0.1963697224855423,0.32848668098449707,0.3186207711696625,0.3798876106739044,1.045807957649231,-0.5076453685760498,0.4417535960674286,0.3477077782154083,1.389701247215271,3.009561777114868,-0.38065305352211,0.7313218116760254,-0.2748505175113678,-0.3890049159526825,-0.31149822473526,0.368120938539505,0.043164998292922974,0.414999395608902,-0.06594938784837723,-0.037157900631427765,0.27919939160346985,0.26741790771484375,1.252427101135254,0.579214334487915,-0.7045063376426697,-0.41009950637817383,0.4339451193809509,-0.15940046310424805,0.8867260813713074,-0.19598984718322754,-0.36274316906929016,0.5713639259338379,-0.12009048461914062,-0.6268760561943054,-0.7698083519935608,-0.3600022494792938,-0.6951426267623901,0.6222341656684875,0.3470537066459656,0.011648663319647312,-0.03099999949336052,-0.9188895225524902,0.39451494812965393,-6.175763473947882e-07,-0.39451494812965393,-0.9188895225524902,2.245124505861895e-06,0.4018573760986328,-0.13572581112384796,-0.030999675393104553,0.29225003719329834,0.15902315080165863,-0.031000323593616486
110,-0.7083904147148132,0.03212287649512291,0.3715031147003174,2.735785722732544,-0.7220224738121033,0.009972606785595417,1.8170253038406372,0.7306831479072571,0.20794463157653809,-0.5444199442863464,-0.3382628858089447,0.4959721863269806,0.18832086026668549,0.32939890027046204,0.3096275329589844,0.012073934078216553,1.0287033319473267,-0.5341871976852417,0.4220694303512573,0.3731709122657776,1.3945386409759521,3.038546323776245,-0.38694894313812256,0.7313531637191772,-0.2463567703962326,-0.4064496159553528,-0.2940228283405304,0.3865920603275299,0.07235061377286911,0.4141567647457123,-0.08470762521028519,-0.05142553523182869,0.2423000931739807,0.28249743580818176,1.2636053562164307,0.6066568493843079,-0.6931372284889221,-0.3892662525177002,0.3990512490272522,-0.15798354148864746,0.9032160043716431,-0.19025033712387085,-0.36837121844291687,0.5761072039604187,-0.14500248432159424,-0.5859651565551758,-0.7972571849822998,-0.359680712223053,-0.7194293737411499,0.5941810607910156,0.3470536768436432,0.011648665182292461,-0.03099999949336052,-0.9188895225524902,0.39451491832733154,-7.140711204556283e-07,-0.39451491832733154,-0.9188895225524902,1.915791017381707e-06,0.4018573760986328,-0.13572579622268677,-0.03099970519542694,0.29225000739097595,0.15902313590049744,-0.031000293791294098
111,-0.6940819621086121,0.00456407992169261,0.34524819254875183,2.76507306098938,-0.7075496315956116,0.03454259783029556,1.8374133110046387,0.7306941747665405,0.2049180269241333,-0.5245246887207031,-0.3767108619213104,0.49142375588417053,0.19488760828971863,0.33246734738349915,0.2857134938240051,0.3528866171836853,1.0146980285644531,-0.5612295866012573,0.40347859263420105,0.3992339074611664,1.3990085124969482,3.0675535202026367,-0.3958917260169983,0.7313722372055054,-0.1975293904542923,-0.41686153411865234,-0.27597787976264954,0.39428284764289856,0.06579380482435226,0.4141393303871155,-0.12281396239995956,-0.04160279408097267,0.20528483390808105,0.29640862345695496,1.2728266716003418,0.6314295530319214,-0.6827905774116516,-0.36755111813545227,0.3638230562210083,-0.15772032737731934,0.918018102645874,-0.18479889631271362,-0.3757956326007843,0.5801436305046082,-0.16654038429260254,-0.5423519015312195,-0.8234797716140747,-0.3574425280094147,-0.7451314926147461,0.563040018081665,0.3470536768436432,0.011648658663034439,-0.03099999949336052,-0.9188895225524902,0.39451494812965393,-6.941115202607762e-07,-0.39451494812965393,-0.9188895225524902,1.9559622614906402e-06,0.4018573462963104,-0.13572582602500916,-0.030999701470136642,0.29225000739097595,0.15902313590049744,-0.031000297516584396
112,-0.675743818283081,-0.02188021130859852,0.3170366883277893,2.793710708618164,-0.6901469826698303,0.05962059646844864,1.8574244976043701,0.7307053208351135,0.2702064514160156,-0.5055084824562073,-0.41125035285949707,0.4792778789997101,0.23537302017211914,0.3397241234779358,0.28041788935661316,0.34218332171440125,1.001700520515442,-0.5884644389152527,0.3859090507030487,0.42631709575653076,1.4063575267791748,3.0964887142181396,-0.40462860465049744,0.7313901782035828,-0.18344596028327942,-0.42127856612205505,-0.2626536190509796,0.4110034704208374,0.1054786965250969,0.4128938913345337,-0.12167659401893616,0.013179473578929901,0.16883933544158936,0.3096417486667633,1.2800846099853516,0.6587849855422974,-0.6677829027175903,-0.3465087115764618,0.3299499750137329,-0.15746819972991943,0.9307721257209778,-0.17977529764175415,-0.38422414660453796,0.5836943984031677,-0.18655455112457275,-0.49587616324424744,-0.848118007183075,-0.35458725690841675,-0.7710995674133301,0.5288413166999817,0.3470536768436432,0.011648659594357014,-0.03099999949336052,-0.9188895225524902,0.39451491832733154,-6.885957759550365e-07,-0.39451491832733154,-0.9188895225524902,1.9874280496878782e-06,0.4018573760986328,-0.13572581112384796,-0.030999697744846344,0.29225000739097595,0.15902312099933624,-0.031000301241874695
113,-0.6553171277046204,-0.04731108248233795,0.28802216053009033,2.8216843605041504,-0.6705929040908813,0.08502355962991714,1.8763563632965088,0.7307175993919373,0.2993413209915161,-0.4871736168861389,-0.4286314845085144,0.4677014946937561,0.2655821144580841,0.34489038586616516,0.2652800381183624,0.3319511413574219,0.9860714077949524,-0.6161273121833801,0.3744814097881317,0.4539117217063904,1.4156044721603394,3.104203939437866,-0.415118008852005,0.7310135960578918,-0.08500607311725616,-0.4256168305873871,-0.3088582158088684,0.4256848096847534,0.12030281871557236,-0.5300781726837158,0.7205004692077637,0.2815503478050232,0.13296440243721008,0.3219023048877716,1.2855021953582764,0.687042772769928,-0.64954674243927,-0.325670450925827,0.297422856092453,-0.15753793716430664,0.9416588544845581,-0.18256884813308716,-0.3904271125793457,0.5826746225357056,-0.20052480697631836,-0.44122835993766785,-0.8747041821479797,-0.37105056643486023,-0.7921191453933716,0.484632670879364,0.3470537066459656,0.01164866704493761,-0.03099999949336052,-0.9188895225524902,0.3945149779319763,-6.847481586191861e-07,-0.3945149779319763,-0.9188895225524902,1.9896053800039226e-06,0.4018573760986328,-0.13572581112384796,-0.030999697744846344,0.29225003719329834,0.15902315080165863,-0.031000301241874695
114,-0.631215512752533,-0.07198383659124374,0.25901931524276733,2.849271535873413,-0.6487942934036255,0.11189667880535126,1.8955540657043457,0.7307283878326416,0.353066086769104,-0.4773227274417877,-0.43142008781433105,0.46245574951171875,0.2973260283470154,0.3656753599643707,0.269039511680603,0.3203059136867523,0.9679856896400452,-0.6442546844482422,0.3628087341785431,0.4819258451461792,1.4211125373840332,3.105332612991333,-0.4271087944507599,0.7309523224830627,-0.08897095918655396,-0.43385782837867737,-0.36626559495925903,0.4372155964374542,0.06938737630844116,-0.6106871366500854,0.7451707124710083,0.1925165206193924,0.0976380705833435,0.33312347531318665,1.2891948223114014,0.7182186841964722,-0.6250603795051575,-0.30571457743644714,0.2670459747314453,-0.15810132026672363,0.9506263136863708,-0.1878190040588379,-0.3956029415130615,0.5798624753952026,-0.20952439308166504,-0.3823307752609253,-0.8999570608139038,-0.3955642580986023,-0.808568000793457,0.4355993866920471,0.3470537066459656,0.01164866704493761,-0.03099999949336052,-0.9188895225524902,0.3945150375366211,-4.120386734030035e-07,-0.3945150375366211,-0.9188895225524902,2.737842123679002e-06,0.4018573760986328,-0.13572581112384796,-0.030999641865491867,0.29225003719329834,0.15902315080165863,-0.031000357121229172
115,-0.6051512956619263,-0.09649870544672012,0.22958210110664368,2.875811815261841,-0.6248321533203125,0.13922032713890076,1.914751648902893,0.7307400703430176,0.3805592358112335,-0.47296518087387085,-0.43658944964408875,0.44571128487586975,0.32827872037887573,0.3724803924560547,0.2690272331237793,0.3065411150455475,0.9520747065544128,-0.672095000743866,0.35220494866371155,0.5105591416358948,1.4299523830413818,3.10589599609375,-0.43848952651023865,0.7309241890907288,-0.04857723414897919,-0.4355160593986511,-0.3366677165031433,0.44739261269569397,0.10229554772377014,-0.620715856552124,0.5975194573402405,0.27862054109573364,0.06270599365234375,0.3432566225528717,1.291290521621704,0.7504769563674927,-0.59596186876297,-0.28568127751350403,0.23842716217041016,-0.1590104103088379,0.9580544233322144,-0.1934424638748169,-0.4008139967918396,0.576844334602356,-0.21628129482269287,-0.32128778100013733,-0.9219526052474976,-0.41795748472213745,-0.8229324817657471,0.3848295211791992,0.3470537066459656,0.011648671701550484,-0.03099999949336052,-0.9188895225524902,0.3945150077342987,-6.52571827686188e-07,-0.3945150077342987,-0.9188895225524902,2.079897058138158e-06,0.4018573760986328,-0.13572581112384796,-0.030999690294265747,0.29225003719329834,0.15902315080165863,-0.031000308692455292
116,-0.5778394341468811,-0.12081068009138107,0.19994838535785675,2.901066541671753,-0.5994210243225098,0.16692401468753815,1.93390691280365,0.730758011341095,0.3981464207172394,-0.46532320976257324,-0.434467077255249,0.42396271228790283,0.34973862767219543,0.37929657101631165,0.26780232787132263,0.29208236932754517,0.9383208751678467,-0.6996711492538452,0.34267935156822205,0.5396891236305237,1.4407565593719482,3.1059463024139404,-0.44931843876838684,0.7309198379516602,-0.019489720463752747,-0.43624943494796753,-0.31199967861175537,0.45203784108161926,0.14323945343494415,-0.6513726711273193,0.8468981981277466,0.1984323114156723,0.028508901596069336,0.35204392671585083,1.291879415512085,0.782562255859375,-0.5629995465278625,-0.26575881242752075,0.211879700422287,-0.16054606437683105,0.9640185832977295,-0.19935214519500732,-0.4061436653137207,0.5735355615615845,-0.22008287906646729,-0.25905629992485046,-0.940453827381134,-0.4378499388694763,-0.8352830410003662,0.33255064487457275,0.3470537066459656,0.011648663319647312,-0.03099999949336052,-0.9188895225524902,0.3945150375366211,-6.457650556512817e-07,-0.3945150375366211,-0.9188895225524902,2.124075081155752e-06,0.4018573760986328,-0.13572581112384796,-0.03099968656897545,0.29225003719329834,0.15902315080165863,-0.03100031241774559
117,-0.5500519275665283,-0.14401879906654358,0.17026589810848236,2.925837278366089,-0.5736084580421448,0.1949843168258667,1.9528270959854126,0.7307816743850708,0.40475401282310486,-0.4410768449306488,-0.4282981753349304,0.41175851225852966,0.3572046458721161,0.3852374851703644,0.264443039894104,0.2561347186565399,0.9276487231254578,-0.7270848155021667,0.3337237238883972,0.5691571235656738,1.451453685760498,3.1060867309570312,-0.4608990550041199,0.7309291958808899,0.024438858032226562,-0.44029250741004944,-0.29412001371383667,0.45338916778564453,0.16769637167453766,-0.6473159193992615,1.0662519931793213,0.19986821711063385,-0.004552662372589111,0.3591213822364807,1.2910850048065186,0.8130812048912048,-0.5275695323944092,-0.24610838294029236,0.18737132847309113,-0.16309845447540283,0.968654215335846,-0.20517408847808838,-0.411990761756897,0.569890558719635,-0.22102224826812744,-0.19649627804756165,-0.9552688002586365,-0.4538825750350952,-0.8462291955947876,0.279082715511322,0.3470537066459656,0.011648661457002163,-0.03099999949336052,-0.9188895225524902,0.3945150077342987,-6.183603318277164e-07,-0.3945150077342987,-0.9188895225524902,2.1571136130660307e-06,0.4018573760986328,-0.13572582602500916,-0.03099968656897545,0.29225003719329834,0.15902313590049744,-0.03100031241774559
118,-0.5216667056083679,-0.16297990083694458,0.14056485891342163,2.9494431018829346,-0.5481517314910889,0.2235727608203888,1.9685750007629395,0.7308900356292725,0.41080227494239807,-0.3298235535621643,-0.41999560594558716,0.36745163798332214,0.35739320516586304,0.3969743549823761,0.22064897418022156,0.12471336126327515,0.9175242781639099,-0.7543088793754578,0.3263466954231262,0.5988488793373108,1.4576953649520874,3.1061556339263916,-0.4711374342441559,0.7309596538543701,0.03015768527984619,-0.43988195061683655,-0.26121681928634644,0.4497235119342804,0.12755930423736572,-0.6377576589584351,1.6265064477920532,0.26054930686950684,-0.03305023908615112,0.3626599907875061,1.2892413139343262,0.8392009735107422,-0.49236512184143066,-0.23090778291225433,0.16831977665424347,-0.1685856580734253,0.9712092876434326,-0.21113258600234985,-0.41797786951065063,0.5654477477073669,-0.2139655351638794,-0.13710170984268188,-0.9671720862388611,-0.4675717353820801,-0.854936957359314,0.22463180124759674,0.3470537066459656,0.01164866704493761,-0.03099999949336052,-0.9188895225524902,0.3945149779319763,-6.358372957038227e-07,-0.3945149779319763,-0.9188895225524902,2.1734640540671535e-06,0.4018573760986328,-0.13572581112384796,-0.03099968284368515,0.29225003719329834,0.15902315080165863,-0.03100031614303589
119,-0.4931865334510803,-0.1758311539888382,0.11105424165725708,2.970452070236206,-0.5229831337928772,0.2524815499782562,1.9812778234481812,0.7310022711753845,0.4108743667602539,-0.21266211569309235,-0.41378557682037354,0.3130646347999573,0.35513535141944885,0.4039513170719147,0.17843374609947205,0.01401267759501934,0.9086852073669434,-0.7807036638259888,0.32116127014160156,0.6284581422805786,1.4614026546478271,3.106243848800659,-0.47945117950439453,0.7309243679046631,0.04851071536540985,-0.43003198504447937,-0.21916310489177704,0.4465906620025635,0.10081237554550171,-0.6396533846855164,1.5599136352539062,0.2003912329673767,-0.05413395166397095,0.3617546856403351,1.2869915962219238,0.8605543971061707,-0.45765531063079834,-0.22360172867774963,0.1577303558588028,-0.17797529697418213,0.9713114500045776,-0.21705955266952515,-0.4240078926086426,0.5604423880577087,-0.2006169557571411,-0.08190881460905075,-0.9762395620346069,-0.4776540994644165,-0.8618507385253906,0.17046914994716644,0.3470536768436432,0.011648665182292461,-0.03099999949336052,-0.9188895225524902,0.3945150077342987,-6.15833869233029e-07,-0.3945150077342987,-0.9188895225524902,2.2421359062718693e-06,0.4018573462963104,-0.13572581112384796,-0.03099967911839485,0.29225000739097595,0.15902315080165863,-0.031000319868326187
120,-0.4647177755832672,-0.18235141038894653,0.08170811831951141,2.9888737201690674,-0.49814343452453613,0.2815697491168976,1.9910318851470947,0.7310752868652344,0.4094688892364502,-0.09519482403993607,-0.4105944037437439,0.2607400119304657,0.3511693775653839,0.4089348316192627,0.13737908005714417,-0.022338973358273506,0.9018616080284119,-0.8063147068023682,0.3186928629875183,0.6579676866531372,1.4639514684677124,3.106318712234497,-0.48592981696128845,0.7308343648910522,0.07757154852151871,-0.4226508140563965,-0.166087806224823,0.44682249426841736,0.05593404918909073,-0.6468279361724854,0.7387091517448425,0.24403361976146698,-0.0673932433128357,0.3568357229232788,1.2848176956176758,0.8774072527885437,-0.42390793561935425,-0.22462984919548035,0.155928373336792,-0.19081950187683105,0.9691615700721741,-0.22291803359985352,-0.43020546436309814,0.5549396872520447,-0.18243861198425293,-0.03081044927239418,-0.9827345013618469,-0.48311057686805725,-0.8677217960357666,0.11689110100269318,0.3470537066459656,0.011648664250969887,-0.03099999949336052,-0.9188895225524902,0.3945150077342987,-7.222320164146367e-07,-0.3945150077342987,-0.9188895225524902,1.886515860860527e-06,0.4018573760986328,-0.13572581112384796,-0.03099970519542694,0.29225003719329834,0.15902315080165863,-0.031000293791294098
121,-0.4363841414451599,-0.18292371928691864,0.05247264727950096,3.004298686981201,-0.47360101342201233,0.310782790184021,1.9974833726882935,0.7311640977859497,0.40620002150535583,0.015141929499804974,-0.41043397784233093,0.20342619717121124,0.34657102823257446,0.4129753112792969,0.09172718226909637,-0.028260214254260063,0.8975672721862793,-0.8309572339057922,0.3190513253211975,0.6874827146530151,1.4646672010421753,3.106349468231201,-0.49107903242111206,0.7308246493339539,0.11393050104379654,-0.41146984696388245,-0.11533510684967041,0.44276049733161926,0.05177675932645798,-0.6447998285293579,0.8825669288635254,0.24468831717967987,-0.07270896434783936,0.34849756956100464,1.2829890251159668,0.889700174331665,-0.39185377955436707,-0.23427388072013855,0.16304896771907806,-0.20658349990844727,0.9647477865219116,-0.22855442762374878,-0.43667057156562805,0.5489213466644287,-0.1598825454711914,0.01592332310974598,-0.9870075583457947,-0.48326900601387024,-0.8731149435043335,0.06419745832681656,0.3470537066459656,0.011648665182292461,-0.03099999949336052,-0.9188895225524902,0.3945150673389435,-5.989785449855844e-07,-0.3945150673389435,-0.9188895225524902,2.294626483489992e-06,0.4018573760986328,-0.13572581112384796,-0.030999671667814255,0.29225003719329834,0.15902315080165863,-0.031000327318906784
122,-0.4085094928741455,-0.17993642389774323,0.02319810539484024,3.0170199871063232,-0.449378103017807,0.34023040533065796,2.0022459030151367,0.7311909198760986,0.3982352018356323,0.05918332561850548,-0.4107280671596527,0.16770152747631073,0.3409876227378845,0.4162794053554535,0.06706337630748749,-0.0023945786524564028,0.8962017297744751,-0.8543545007705688,0.32222625613212585,0.7169761061668396,1.4654910564422607,3.1061763763427734,-0.4942750036716461,0.7308623194694519,0.15464268624782562,-0.39485248923301697,-0.06397106498479843,0.43832793831825256,0.0821186751127243,-0.635948896408081,1.4688256978988647,0.22043272852897644,-0.07231563329696655,0.33825600147247314,1.2813720703125,0.8984893560409546,-0.3608618974685669,-0.24999114871025085,0.17673949897289276,-0.2239220142364502,0.9584477543830872,-0.23387974500656128,-0.4433847665786743,0.5426146388053894,-0.13487255573272705,0.058808960020542145,-0.9891163110733032,-0.4778101146221161,-0.8783681392669678,0.012928294017910957,0.3470537066459656,0.011648661457002163,-0.03099999949336052,-0.9188895225524902,0.3945149779319763,-4.266000814823201e-07,-0.3945149779319763,-0.9188895225524902,2.6713014449342154e-06,0.4018573760986328,-0.13572582602500916,-0.030999649316072464,0.29225003719329834,0.15902313590049744,-0.031000349670648575
123,-0.38149091601371765,-0.17601872980594635,-0.006087183486670256,3.0280256271362305,-0.42552220821380615,0.3697414696216583,2.0062382221221924,0.7311943769454956,0.38528668880462646,0.06409057229757309,-0.4109048545360565,0.14711299538612366,0.33467236161231995,0.4155717194080353,0.05714055523276329,-0.024824878200888634,0.8984073996543884,-0.8764759302139282,0.3282754123210907,0.7461954355239868,1.4683641195297241,3.1060779094696045,-0.4955354332923889,0.7307658791542053,0.20519918203353882,-0.37830594182014465,-0.010798119008541107,0.4394869804382324,0.0393945686519146,-0.639614462852478,0.7747325301170349,0.25912147760391235,-0.0693279504776001,0.3277440369129181,1.2796883583068848,0.9047873020172119,-0.33091819286346436,-0.2680543065071106,0.19352644681930542,-0.2411937713623047,0.9509852528572083,-0.2387102246284485,-0.45057418942451477,0.5362547636032104,-0.10992705821990967,0.09848438203334808,-0.9890486001968384,-0.4659064710140228,-0.8840912580490112,-0.036250416189432144,0.3470537066459656,0.011648662388324738,-0.03099999949336052,-0.9188895225524902,0.3945149779319763,-4.13941108945437e-07,-0.3945149779319763,-0.9188895225524902,2.715307118705823e-06,0.4018573760986328,-0.13572582602500916,-0.030999645590782166,0.29225003719329834,0.15902313590049744,-0.031000353395938873
124,-0.3555088937282562,-0.17089129984378815,-0.035225749015808105,3.0376243591308594,-0.4018864631652832,0.3990490734577179,2.008733034133911,0.731234610080719,0.3698548376560211,0.0998925268650055,-0.4110367000102997,0.11732744425535202,0.3309060037136078,0.4149016737937927,0.03569524735212326,-0.003628717502579093,0.9044029116630554,-0.8981083035469055,0.33706000447273254,0.7753049731254578,1.4731190204620361,3.106210470199585,-0.4959010183811188,0.7307852506637573,0.2588472366333008,-0.377092182636261,0.039894916117191315,0.43793967366218567,0.0877651572227478,-0.6204662919044495,0.9456703662872314,0.2634997069835663,-0.06378191709518433,0.3171274960041046,1.2779159545898438,0.9084174633026123,-0.30270886421203613,-0.28834888339042664,0.21310776472091675,-0.258092999458313,0.9423232078552246,-0.24301308393478394,-0.4585833251476288,0.5296816229820251,-0.08600819110870361,0.13631458580493927,-0.9869250655174255,-0.44719672203063965,-0.890480637550354,-0.08402147144079208,0.3470537066459656,0.011648655869066715,-0.03099999949336052,-0.9188895225524902,0.3945149779319763,-4.059951095314318e-07,-0.3945149779319763,-0.9188895225524902,2.7220710308029084e-06,0.4018573760986328,-0.13572582602500916,-0.030999645590782166,0.29225003719329834,0.15902313590049744,-0.031000353395938873
125,-0.33096393942832947,-0.16464628279209137,-0.06431608647108078,3.045010805130005,-0.3783038258552551,0.42815452814102173,2.0109214782714844,0.7312567830085754,0.34886980056762695,0.11968741565942764,-0.4119836688041687,0.08350549638271332,0.3292698860168457,0.41231903433799744,0.0315743014216423,-0.007816183380782604,0.9138122797012329,-0.9191584587097168,0.3479121923446655,0.8042178750038147,1.4821540117263794,3.106348991394043,-0.4954213500022888,0.7307325005531311,0.3045029044151306,-0.36868754029273987,0.08028487861156464,0.4380995035171509,0.10887548327445984,-0.6079538464546204,0.23637132346630096,0.33204400539398193,-0.05528879165649414,0.3063191771507263,1.276045322418213,0.909506618976593,-0.2754090428352356,-0.3113641142845154,0.23584990203380585,-0.2749124765396118,0.9320934414863586,-0.2468089461326599,-0.46728649735450745,0.5231554508209229,-0.06627762317657471,0.17374646663665771,-0.9825575947761536,-0.4225807189941406,-0.8969388008117676,-0.13010156154632568,0.3470537066459656,0.01164865680038929,-0.03099999949336052,-0.9188895225524902,0.39451494812965393,-6.650843147326668e-07,-0.39451494812965393,-0.9188895225524902,2.0408397176652215e-06,0.4018573760986328,-0.13572582602500916,-0.030999694019556046,0.29225003719329834,0.15902313590049744,-0.031000304967164993
126,-0.3082372546195984,-0.15761011838912964,-0.09344742447137833,3.05104660987854,-0.35477733612060547,0.45691707730293274,2.012943744659424,0.7312643527984619,0.3225795030593872,0.13118815422058105,-0.4136492609977722,0.06431935727596283,0.3277924954891205,0.4073714315891266,0.02927127480506897,-0.003561458084732294,0.9263412952423096,-0.9399027228355408,0.36059707403182983,0.8329232335090637,1.4959622621536255,3.106311559677124,-0.4950404465198517,0.7306774854660034,0.3491957187652588,-0.367549866437912,0.1176941990852356,0.44119712710380554,0.11019663512706757,-0.6041539311408997,-0.43233412504196167,0.29002848267555237,-0.04485684633255005,0.29574131965637207,1.273958444595337,0.9082970023155212,-0.24950292706489563,-0.3357749879360199,0.26028314232826233,-0.29130077362060547,0.920541524887085,-0.2501547336578369,-0.47670555114746094,0.5166448354721069,-0.05252552032470703,0.21159961819648743,-0.9759439826011658,-0.3925960659980774,-0.9029761552810669,-0.1746494621038437,0.3470537066459656,0.011648664250969887,-0.03099999949336052,-0.9188895225524902,0.3945149779319763,-6.56405745758093e-07,-0.3945149779319763,-0.9188895225524902,2.0807892724405974e-06,0.4018573760986328,-0.13572581112384796,-0.030999690294265747,0.29225003719329834,0.15902315080165863,-0.031000308692455292
127,-0.28723466396331787,-0.1510930210351944,-0.12272650748491287,3.056518316268921,-0.33119824528694153,0.48518407344818115,2.016355037689209,0.731238067150116,0.2977645993232727,0.1086200624704361,-0.4141528904438019,0.06419685482978821,0.32820430397987366,0.3983682692050934,0.049396902322769165,-0.021773409098386765,0.9410696625709534,-0.9604129791259766,0.3740890324115753,0.8615013360977173,1.5140219926834106,3.1062848567962646,-0.4944511950016022,0.7306344509124756,0.3783694803714752,-0.36382123827934265,0.13667573034763336,0.44449150562286377,0.11680734157562256,-0.6006661653518677,-0.9672786593437195,0.3678426146507263,-0.03439188003540039,0.2860097289085388,1.2715699672698975,0.9060642719268799,-0.22378313541412354,-0.35912203788757324,0.2843111753463745,-0.3066145181655884,0.9083802103996277,-0.25297802686691284,-0.48672452569007874,0.5101951360702515,-0.04483902454376221,0.249770849943161,-0.9672662019729614,-0.3585698902606964,-0.9077444076538086,-0.21777890622615814,0.3470537066459656,0.011648665182292461,-0.03099999949336052,-0.9188895225524902,0.3945149779319763,-6.666692797807627e-07,-0.3945149779319763,-0.9188895225524902,2.0929630863975035e-06,0.4018573760986328,-0.13572581112384796,-0.030999690294265747,0.29225003719329834,0.15902315080165863,-0.031000308692455292
128,-0.26806002855300903,-0.1458127647638321,-0.1519951969385147,3.0623607635498047,-0.3075896203517914,0.5125982165336609,2.0210916996002197,0.7312094569206238,0.27135899662971497,0.08259817212820053,-0.41272100806236267,0.07417590916156769,0.3286917209625244,0.38536766171455383,0.06792709976434708,-0.018379222601652145,0.9574403166770935,-0.9812873601913452,0.3882835805416107,0.8899785280227661,1.5366700887680054,3.106245756149292,-0.4937397837638855,0.7305814623832703,0.40255528688430786,-0.3733065128326416,0.1562577784061432,0.45137929916381836,0.10838823020458221,-0.6016016602516174,-1.6706161499023438,0.3303234279155731,-0.025372862815856934,0.2775944769382477,1.2689204216003418,0.9035797715187073,-0.1986711621284485,-0.37956997752189636,0.3061622381210327,-0.3202991485595703,0.8964782357215881,-0.25539982318878174,-0.4973752200603485,0.5036634802818298,-0.04359710216522217,0.2884156405925751,-0.9565122723579407,-0.32110533118247986,-0.9106669425964355,-0.2599562704563141,0.3470537066459656,0.011648662388324738,-0.03099999949336052,-0.9188895225524902,0.3945149779319763,-6.607621116927476e-07,-0.3945149779319763,-0.9188895225524902,2.099998482663068e-06,0.4018573760986328,-0.13572582602500916,-0.030999690294265747,0.29225003719329834,0.15902313590049744,-0.031000308692455292
129,-0.2503150403499603,-0.141149640083313,-0.1810097098350525,3.068347692489624,-0.28390002250671387,0.5390638113021851,2.0266330242156982,0.7312076091766357,0.25107231736183167,0.08065973967313766,-0.410409539937973,0.07281017303466797,0.3298496901988983,0.3732568323612213,0.07841657102108002,-0.0005055263172835112,0.9752073884010315,-1.0026912689208984,0.40330252051353455,0.9188241958618164,1.5591946840286255,3.1062045097351074,-0.4916183650493622,0.7306345105171204,0.4212205410003662,-0.38560640811920166,0.17616808414459229,0.4508986175060272,0.1383555680513382,-0.5818668007850647,-1.3026084899902344,0.3660896122455597,-0.017105162143707275,0.27020400762557983,1.2661056518554688,0.9007412195205688,-0.1740431934595108,-0.39796265959739685,0.3266454041004181,-0.3324906826019287,0.8847332000732422,-0.25724685192108154,-0.5086444616317749,0.4965701103210449,-0.04305136203765869,0.325906366109848,-0.9444212913513184,-0.28014472126960754,-0.9113121032714844,-0.30171045660972595,0.3470537066459656,0.011648661457002163,-0.03099999949336052,-0.9188895225524902,0.39451494812965393,-6.310395974651328e-07,-0.39451494812965393,-0.9188895225524902,2.1221937913651345e-06,0.4018573760986328,-0.13572582602500916,-0.030999690294265747,0.29225003719329834,0.15902313590049744,-0.031000308692455292
130,-0.23533423244953156,-0.13812653720378876,-0.21026542782783508,3.074289560317993,-0.2601313889026642,0.5635573267936707,2.0342354774475098,0.7311460971832275,0.21055321395397186,0.032848358154296875,-0.40866389870643616,0.08531194925308228,0.33103469014167786,0.3422926068305969,0.10840050131082535,-0.005318677984178066,0.9947407245635986,-1.0236225128173828,0.4189119040966034,0.9477497339248657,1.583700180053711,3.106125593185425,-0.48898983001708984,0.7306230664253235,0.4425292909145355,-0.37660738825798035,0.1901121586561203,0.450740247964859,0.17275717854499817,-0.5675404667854309,-1.5476694107055664,0.36360812187194824,-0.010928153991699219,0.26413434743881226,1.2632973194122314,0.8984169363975525,-0.15079349279403687,-0.4124418795108795,0.34364715218544006,-0.34333157539367676,0.8740882277488708,-0.25831323862075806,-0.5204247236251831,0.48939651250839233,-0.047100186347961426,0.3619154095649719,-0.9310202598571777,-0.2359766960144043,-0.909704327583313,-0.3416912853717804,0.3470537066459656,0.011648660525679588,-0.03099999949336052,-0.9188895225524902,0.39451494812965393,-6.334544195851777e-07,-0.39451494812965393,-0.9188895225524902,2.1481669136846904e-06,0.4018573760986328,-0.13572582602500916,-0.03099968656897545,0.29225003719329834,0.15902313590049744,-0.03100031241774559
131,-0.22388751804828644,-0.13775844871997833,-0.2395288646221161,3.0808277130126953,-0.23622111976146698,0.5843269228935242,2.0438010692596436,0.7310763001441956,0.15910321474075317,-0.020710323005914688,-0.40442517399787903,0.10328135639429092,0.334086537361145,0.288236141204834,0.13547112047672272,-0.0023104322608560324,1.0158101320266724,-1.0442737340927124,0.43504568934440613,0.9768016338348389,1.609803318977356,3.1060149669647217,-0.4860234260559082,0.7307435870170593,0.46209120750427246,-0.37633657455444336,0.20477177202701569,0.4505857825279236,0.20630338788032532,-0.5291580557823181,-0.46594613790512085,0.24284768104553223,-0.008811235427856445,0.2600942850112915,1.260805368423462,0.8980072736740112,-0.13029047846794128,-0.42024680972099304,0.35438114404678345,-0.3518974781036377,0.8663615584373474,-0.25857168436050415,-0.5326938629150391,0.4820610284805298,-0.05553138256072998,0.39622265100479126,-0.9164736866950989,-0.18899473547935486,-0.9054675102233887,-0.3800126612186432,0.3470537066459656,0.01164865680038929,-0.03099999949336052,-0.9188895225524902,0.39451494812965393,-6.172276130200771e-07,-0.39451494812965393,-0.9188895225524902,2.168684886783012e-06,0.4018573760986328,-0.13572582602500916,-0.03099968656897545,0.29225003719329834,0.15902313590049744,-0.03100031241774559
132,-0.21813790500164032,-0.1406213939189911,-0.2688615918159485,3.0889360904693604,-0.21248933672904968,0.5985050797462463,2.05597186088562,0.7309867739677429,0.07529096305370331,-0.09611037373542786,-0.3976050913333893,0.14420157670974731,0.3344576954841614,0.19227613508701324,0.17087000608444214,0.02912646345794201,1.0384944677352905,-1.0640125274658203,0.45150673389434814,1.0057142972946167,1.6384010314941406,3.105912208557129,-0.48360851407051086,0.7307653427124023,0.47931191325187683,-0.35971587896347046,0.21489952504634857,0.44909781217575073,0.22651046514511108,-0.498464971780777,-0.4181613326072693,0.22184039652347565,-0.01294177770614624,0.25901535153388977,1.2590796947479248,0.9011786580085754,-0.11548418551683426,-0.417780339717865,0.35472023487091064,-0.3574279546737671,0.8639553785324097,-0.25787127017974854,-0.5453622341156006,0.47487014532089233,-0.0706484317779541,0.4279102087020874,-0.9010558724403381,-0.13973462581634521,-0.8986513614654541,-0.41581231355667114,0.3470537066459656,0.011648663319647312,-0.03099999949336052,-0.9188895225524902,0.39451494812965393,-6.137967147878953e-07,-0.39451494812965393,-0.9188895225524902,2.213871994172223e-06,0.4018573760986328,-0.13572581112384796,-0.03099967911839485,0.29225003719329834,0.15902315080165863,-0.031000319868326187
133,-0.2167581170797348,-0.1465057134628296,-0.29794102907180786,3.0991146564483643,-0.1887788474559784,0.6056734323501587,2.0702319145202637,0.730859100818634,0.011625570245087147,-0.1480833888053894,-0.3899654746055603,0.1808287650346756,0.33608147501945496,0.09341162443161011,0.19868381321430206,0.1779860258102417,1.062177300453186,-1.0834218263626099,0.4679604470729828,1.0345582962036133,1.6684421300888062,3.1058743000030518,-0.4822641611099243,0.7306885719299316,0.49123525619506836,-0.35920771956443787,0.2203599065542221,0.4501582086086273,0.2467680126428604,-0.4920293688774109,-1.436659812927246,0.24693752825260162,-0.023371517658233643,0.2611938714981079,1.2581634521484375,0.908297061920166,-0.10562019050121307,-0.4047726094722748,0.34478485584259033,-0.3589351177215576,0.8673458695411682,-0.2562701106071472,-0.558341383934021,0.46760284900665283,-0.09150660037994385,0.4568943977355957,-0.8848018050193787,-0.08906244486570358,-0.8887238502502441,-0.44970881938934326,0.3470536768436432,0.01164866704493761,-0.03099999949336052,-0.9188895225524902,0.39451494812965393,-7.280474960680294e-07,-0.39451494812965393,-0.9188895225524902,1.9071123915637145e-06,0.4018573462963104,-0.13572581112384796,-0.03099970519542694,0.29225000739097595,0.15902315080165863,-0.031000293791294098
134,-0.21676942706108093,-0.15285874903202057,-0.32616254687309265,3.110191583633423,-0.1650085151195526,0.6106095910072327,2.084744691848755,0.7308783531188965,-0.0062851631082594395,-0.12593962252140045,-0.384868323802948,0.17785608768463135,0.33620306849479675,0.06613039970397949,0.20119941234588623,0.15372315049171448,1.0863531827926636,-1.1032962799072266,0.48470285534858704,1.0636216402053833,1.6978851556777954,3.105827808380127,-0.4804864823818207,0.7307303547859192,0.49749645590782166,-0.3718264102935791,0.23152604699134827,0.450177401304245,0.26037269830703735,-0.4721560776233673,-1.150654673576355,0.22360622882843018,-0.03522932529449463,0.2647632658481598,1.2573997974395752,0.9161853194236755,-0.09718465805053711,-0.3887925148010254,0.33221253752708435,-0.3584240674972534,0.8724489808082581,-0.2538747787475586,-0.5715480446815491,0.45979559421539307,-0.11374151706695557,0.48338890075683594,-0.8679850697517395,-0.03720258176326752,-0.8751143217086792,-0.4824841618537903,0.3470536768436432,0.011648664250969887,-0.03099999949336052,-0.9188895225524902,0.39451494812965393,-7.125619845282927e-07,-0.39451494812965393,-0.9188895225524902,1.9485062239255058e-06,0.4018573462963104,-0.13572581112384796,-0.030999701470136642,0.29225000739097595,0.15902315080165863,-0.031000297516584396
135,-0.21820056438446045,-0.15830551087856293,-0.3540426790714264,3.1200966835021973,-0.14120736718177795,0.6135199069976807,2.0995090007781982,0.7308838963508606,-0.0266127847135067,-0.10613638162612915,-0.3821975886821747,0.1576979160308838,0.3363255262374878,0.03842935338616371,0.2046845704317093,0.1459725946187973,1.111114263534546,-1.1227614879608154,0.5020737051963806,1.0926045179367065,1.7287750244140625,3.105729103088379,-0.4777721166610718,0.7306915521621704,0.5008721351623535,-0.3618317246437073,0.24508921802043915,0.45143958926200867,0.24817347526550293,-0.4575263261795044,-1.6810569763183594,0.2522897720336914,-0.04591798782348633,0.2686292827129364,1.2567741870880127,0.923442542552948,-0.08997366577386856,-0.3730396628379822,0.3196852505207062,-0.35734856128692627,0.8775553107261658,-0.2506364583969116,-0.5848680734634399,0.4518696665763855,-0.13895761966705322,0.5061485767364502,-0.8511782288551331,0.015524448826909065,-0.8582980632781982,-0.5129167437553406,0.3470537066459656,0.011648666113615036,-0.03099999949336052,-0.9188895225524902,0.3945150077342987,-4.3537286842365575e-07,-0.3945150077342987,-0.9188895225524902,2.6621221422828967e-06,0.4018573760986328,-0.13572581112384796,-0.030999649316072464,0.29225003719329834,0.15902315080165863,-0.031000349670648575
136,-0.22320617735385895,-0.16142922639846802,-0.38163700699806213,3.1299352645874023,-0.11807375401258469,0.6143945455551147,2.1131036281585693,0.7308902144432068,-0.08017906546592712,-0.05850337818264961,-0.3814323842525482,0.15186408162117004,0.32610154151916504,0.009961198084056377,0.1890605092048645,0.137771338224411,1.1361844539642334,-1.1421332359313965,0.5194315314292908,1.1213148832321167,1.758745789527893,3.1056649684906006,-0.4759478271007538,0.7307469248771667,0.5024960041046143,-0.36287638545036316,0.24895675480365753,0.4454004466533661,0.25496459007263184,-0.4258394241333008,-1.279353141784668,0.2651842534542084,-0.054912447929382324,0.27293097972869873,1.2563493251800537,0.9294089078903198,-0.08811492472887039,-0.358378142118454,0.3065332770347595,-0.356453537940979,0.8825975656509399,-0.2464975118637085,-0.5981153249740601,0.4436413645744324,-0.1663811206817627,0.5254192352294922,-0.8344171047210693,0.06819066405296326,-0.8380552530288696,-0.5413072109222412,0.3470537066459656,0.011648663319647312,-0.03099999949336052,-0.9188895225524902,0.3945150077342987,-6.914113441780501e-07,-0.3945150077342987,-0.9188895225524902,2.0123625290580094e-06,0.4018573760986328,-0.13572581112384796,-0.030999694019556046,0.29225003719329834,0.15902315080165863,-0.031000304967164993
137,-0.23245131969451904,-0.16302824020385742,-0.40909767150878906,3.140625238418579,-0.09624848514795303,0.613793671131134,2.125739097595215,0.7308522462844849,-0.14425016939640045,-0.049416035413742065,-0.37588614225387573,0.17293226718902588,0.3082156777381897,-0.012841467745602131,0.17599806189537048,0.1832561045885086,1.1613194942474365,-1.1609309911727905,0.5359583497047424,1.1491540670394897,1.7892792224884033,3.105631113052368,-0.47591432929039,0.7307438254356384,0.5011899471282959,-0.34645959734916687,0.23707431554794312,0.4333704113960266,0.23199421167373657,-0.41543614864349365,-1.2672542333602905,0.2640789747238159,-0.06339675188064575,0.278114378452301,1.256035327911377,0.9344549179077148,-0.09289497882127762,-0.34375065565109253,0.29128891229629517,-0.3558204174041748,0.8879992961883545,-0.2415178418159485,-0.6110955476760864,0.435524582862854,-0.19835364818572998,0.540158748626709,-0.8178534507751465,0.11924977600574493,-0.8149341344833374,-0.5671522617340088,0.3470537066459656,0.011648660525679588,-0.03099999949336052,-0.9188895225524902,0.3945150077342987,-6.784072184018441e-07,-0.3945150077342987,-0.9188895225524902,2.0540810510283336e-06,0.4018573760986328,-0.13572582602500916,-0.030999690294265747,0.29225003719329834,0.15902313590049744,-0.031000308692455292
138,-0.24151109158992767,-0.16449207067489624,-0.43573933839797974,3.151686191558838,-0.07481177151203156,0.6141471266746521,2.138570785522461,0.7308681607246399,-0.13893097639083862,-0.04308794438838959,-0.3654281198978424,0.17378388345241547,0.3023364841938019,0.0017806977266445756,0.1787509173154831,0.16469526290893555,1.1859073638916016,-1.1794193983078003,0.5500625371932983,1.1762990951538086,1.817529320716858,3.105663537979126,-0.47652363777160645,0.7307844758033752,0.4968419671058655,-0.339018315076828,0.20107103884220123,0.416912704706192,0.23361894488334656,-0.4162474572658539,-0.7212409377098083,0.18813662230968475,-0.07129937410354614,0.2836802899837494,1.255552053451538,0.9390459656715393,-0.09698601067066193,-0.32982781529426575,0.2770313024520874,-0.35465097427368164,0.8930152654647827,-0.23579895496368408,-0.6234701871871948,0.4274047017097473,-0.23090171813964844,0.5520642995834351,-0.8011924028396606,0.16688911616802216,-0.7887687683105469,-0.5916008949279785,0.3470537066459656,0.011648669838905334,-0.03099999949336052,-0.9188895225524902,0.3945150375366211,-6.751855039510701e-07,-0.3945150375366211,-0.9188895225524902,2.09707536669157e-06,0.4018573760986328,-0.13572581112384796,-0.03099968656897545,0.29225003719329834,0.15902315080165863,-0.03100031241774559
139,-0.25095856189727783,-0.1658722162246704,-0.4612616300582886,3.1630046367645264,-0.05398036912083626,0.6150181889533997,2.151712656021118,0.7308671474456787,-0.14659178256988525,-0.04479378089308739,-0.3487231433391571,0.18014904856681824,0.2939204275608063,0.008324927650392056,0.18322990834712982,0.16411305963993073,1.2100099325180054,-1.1972062587738037,0.561650812625885,1.202443242073059,1.8425114154815674,3.1056811809539795,-0.4772864878177643,0.7308247685432434,0.48924511671066284,-0.322375625371933,0.16506582498550415,0.3917507231235504,0.24800114333629608,-0.41133272647857666,-0.17948965728282928,0.156934455037117,-0.07873266935348511,0.28971067070961,1.2549495697021484,0.9432777166366577,-0.10082513093948364,-0.31632497906684875,0.2633606493473053,-0.3529151678085327,0.8978264927864075,-0.2294129729270935,-0.6350602507591248,0.4194181561470032,-0.2624776363372803,0.5615097880363464,-0.7847370505332947,0.21058353781700134,-0.7603156566619873,-0.6144710183143616,0.3470537066459656,0.011648661457002163,-0.03099999949336052,-0.9188895225524902,0.3945150375366211,-6.318548457784345e-07,-0.3945150375366211,-0.9188895225524902,2.1427563297038432e-06,0.4018573760986328,-0.13572582602500916,-0.03099968656897545,0.29225003719329834,0.15902313590049744,-0.03100031241774559
140,-0.25795143842697144,-0.168534055352211,-0.4860572814941406,3.1732234954833984,-0.032488737255334854,0.6166998147964478,2.1658337116241455,0.7308790683746338,-0.10770280659198761,-0.06834607571363449,-0.33818691968917847,0.16420769691467285,0.3035116493701935,0.020463919267058372,0.19620338082313538,0.15292128920555115,1.2334284782409668,-1.2144116163253784,0.5712941288948059,1.2282531261444092,1.8670040369033813,3.1056923866271973,-0.47710222005844116,0.7308065891265869,0.48228833079338074,-0.31423336267471313,0.13988608121871948,0.38678044080734253,0.23883721232414246,-0.4190790355205536,-0.3558054566383362,0.1704440414905548,-0.08600741624832153,0.29567888379096985,1.2541823387145996,0.9477060437202454,-0.09995947778224945,-0.30308640003204346,0.2516063153743744,-0.3502225875854492,0.9022407531738281,-0.2225581407546997,-0.6460276246070862,0.4116278886795044,-0.29412293434143066,0.5686324238777161,-0.7682114839553833,0.25081974267959595,-0.7296717166900635,-0.6361358165740967,0.3470537066459656,0.011648662388324738,-0.03099999949336052,-0.9188895225524902,0.39451491832733154,-6.197936386342917e-07,-0.39451491832733154,-0.9188895225524902,2.1902994831179967e-06,0.4018573760986328,-0.13572579622268677,-0.03099968284368515,0.29225003719329834,0.15902313590049744,-0.03100031614303589
141,-0.26151350140571594,-0.1724640130996704,-0.5108967423439026,3.1818454265594482,-0.009991077706217766,0.6193418502807617,2.1806206703186035,0.7309063076972961,-0.05618098005652428,-0.08289577066898346,-0.34042906761169434,0.13758021593093872,0.31691527366638184,0.03461328521370888,0.20586466789245605,0.11907823383808136,1.2563263177871704,-1.2314943075180054,0.5798599720001221,1.2542427778244019,1.8933024406433105,3.1056880950927734,-0.47637173533439636,0.7307532429695129,0.4792085289955139,-0.31392568349838257,0.1283758133649826,0.3945239186286926,0.21659888327121735,-0.43532460927963257,-0.9024913907051086,0.19635386765003204,-0.09289520978927612,0.30107519030570984,1.2532646656036377,0.9522019624710083,-0.0938839465379715,-0.2906840741634369,0.2423502802848816,-0.3470931053161621,0.9059762358665466,-0.2152896523475647,-0.6566573977470398,0.40389153361320496,-0.3277261257171631,0.572701632976532,-0.7514042258262634,0.288612961769104,-0.6966214179992676,-0.6568265557289124,0.3470536768436432,0.011648663319647312,-0.03099999949336052,-0.9188895225524902,0.39451494812965393,-6.153900358185638e-07,-0.39451494812965393,-0.9188895225524902,2.236175305370125e-06,0.4018573462963104,-0.13572581112384796,-0.03099967911839485,0.29225000739097595,0.15902315080165863,-0.031000319868326187
142,-0.2624831199645996,-0.17712168395519257,-0.5360051989555359,3.1888060569763184,0.013228701427578926,0.6225609183311462,2.1956770420074463,0.7309325933456421,-0.018526591360569,-0.09058273583650589,-0.3452589213848114,0.11189374327659607,0.32665589451789856,0.04307844489812851,0.20979997515678406,0.09329882264137268,1.2788708209991455,-1.248555064201355,0.5877105593681335,1.2802520990371704,1.9222737550735474,3.105666399002075,-0.475680947303772,0.7306942343711853,0.47668033838272095,-0.3111514747142792,0.12057147175073624,0.4005966782569885,0.18357223272323608,-0.44938838481903076,-1.5073108673095703,0.21535779535770416,-0.09912413358688354,0.30571991205215454,1.2522857189178467,0.9564637541770935,-0.0841987207531929,-0.2794417142868042,0.2352827936410904,-0.34406614303588867,0.9089888334274292,-0.20758908987045288,-0.6670489311218262,0.3961973786354065,-0.3640873432159424,0.5726251006126404,-0.7345346808433533,0.3242194354534149,-0.6614114046096802,-0.6763260960578918,0.3470537066459656,0.011648665182292461,-0.03099999949336052,-0.9188895225524902,0.39451491832733154,-6.021403464728792e-07,-0.39451491832733154,-0.9188895225524902,2.239866262243595e-06,0.4018573760986328,-0.13572579622268677,-0.03099967911839485,0.29225003719329834,0.15902313590049744,-0.031000319868326187
143,-0.26146963238716125,-0.1824626624584198,-0.5615320801734924,3.1940276622772217,0.037065330892801285,0.6258885264396667,2.210813283920288,0.7309578657150269,0.011054920963943005,-0.10052584111690521,-0.3516629934310913,0.08611471951007843,0.3347121477127075,0.04447617009282112,0.21138054132461548,0.05100342258810997,1.3012465238571167,-1.2653727531433105,0.5952622890472412,1.3066449165344238,1.9500218629837036,3.1056511402130127,-0.473969966173172,0.7307215929031372,0.4728308320045471,-0.309052973985672,0.11988646537065506,0.4007129967212677,0.20486482977867126,-0.4359709620475769,-1.2533096075057983,0.20886221528053284,-0.10486531257629395,0.3096068203449249,1.2513065338134766,0.9604243636131287,-0.07194340229034424,-0.26908957958221436,0.2297959178686142,-0.34130585193634033,0.9114298820495605,-0.19934529066085815,-0.6769689917564392,0.38832223415374756,-0.3986339569091797,0.5705379247665405,-0.7180372476577759,0.35812604427337646,-0.6239347457885742,-0.694587230682373,0.3470536768436432,0.011648660525679588,-0.03099999949336052,-0.9188895225524902,0.39451491832733154,-7.143734706005489e-07,-0.39451491832733154,-0.9188895225524902,1.915781695061014e-06,0.4018573760986328,-0.13572581112384796,-0.03099970519542694,0.29225000739097595,0.15902312099933624,-0.031000293791294098
144,-0.2583450973033905,-0.18928977847099304,-0.5872056484222412,3.1971588134765625,0.06155028194189072,0.6289370656013489,2.2263612747192383,0.7309626936912537,0.04495403543114662,-0.1298791766166687,-0.3529861569404602,0.057840581983327866,0.34323009848594666,0.03993416950106621,0.2178199589252472,0.04588368162512779,1.3232730627059937,-1.2816611528396606,0.6023647785186768,1.3330544233322144,1.9791165590286255,3.105607748031616,-0.4712899327278137,0.730702817440033,0.4658016562461853,-0.2968335449695587,0.11417883634567261,0.402118444442749,0.19269602000713348,-0.4297221899032593,-1.511441946029663,0.21371819078922272,-0.11088430881500244,0.31276440620422363,1.2503113746643066,0.9643227458000183,-0.056418970227241516,-0.2586475610733032,0.22522896528244019,-0.33858323097229004,0.9135826826095581,-0.1906781792640686,-0.6864721775054932,0.38058409094810486,-0.4333595037460327,0.5650173425674438,-0.702107310295105,0.3897585868835449,-0.5849356651306152,-0.7112935185432434,0.3470536768436432,0.011648662388324738,-0.03099999949336052,-0.9188895225524902,0.39451494812965393,-6.984072911109251e-07,-0.39451494812965393,-0.9188895225524902,1.957198492164025e-06,0.4018573462963104,-0.13572582602500916,-0.030999701470136642,0.29225000739097595,0.15902313590049744,-0.031000297516584396
145,-0.25340530276298523,-0.1973753273487091,-0.6130803823471069,3.198742151260376,0.08652254939079285,0.6318683624267578,2.2420170307159424,0.730980634689331,0.07261794805526733,-0.1461317539215088,-0.3568878769874573,0.033762674778699875,0.3498571217060089,0.03868160769343376,0.21924665570259094,0.028782857581973076,1.344889760017395,-1.2976489067077637,0.6090317964553833,1.359435796737671,2.0095341205596924,3.105548620223999,-0.46822401881217957,0.7306516170501709,0.4610920548439026,-0.29299941658973694,0.11018423736095428,0.40520015358924866,0.18197962641716003,-0.4381556510925293,-2.067197322845459,0.24700100719928741,-0.11728054285049438,0.3152746558189392,1.2492637634277344,0.967985212802887,-0.03842385858297348,-0.24804876744747162,0.22126688063144684,-0.3359677791595459,0.9155144691467285,-0.1816306710243225,-0.6955591440200806,0.3729020059108734,-0.46831977367401123,0.5559206604957581,-0.6867524981498718,0.41907331347465515,-0.5445108413696289,-0.7265574336051941,0.3470536768436432,0.011648659594357014,-0.03099999949336052,-0.9188895225524902,0.39451491832733154,-6.924929039087147e-07,-0.39451491832733154,-0.9188895225524902,1.9652652554214e-06,0.4018573760986328,-0.13572581112384796,-0.030999701470136642,0.29225000739097595,0.15902312099933624,-0.031000297516584396
146,-0.2476981282234192,-0.20585574209690094,-0.639259934425354,3.1989474296569824,0.11174110323190689,0.6345428228378296,2.2571752071380615,0.7309951782226562,0.08377828449010849,-0.14587253332138062,-0.3629174828529358,0.010917183011770248,0.35285550355911255,0.035581354051828384,0.212593674659729,0.0025815500412136316,1.366125464439392,-1.3135218620300293,0.6151289939880371,1.3855918645858765,2.040181875228882,3.105513572692871,-0.4654580056667328,0.7306609749794006,0.4537334442138672,-0.2900583744049072,0.10355775058269501,0.40124979615211487,0.17745360732078552,-0.42813122272491455,-2.0341732501983643,0.22194291651248932,-0.12345582246780396,0.31705477833747864,1.248246431350708,0.9710693359375,-0.019840717315673828,-0.2379719614982605,0.21791596710681915,-0.3339129686355591,0.9170685410499573,-0.17222177982330322,-0.7041496634483337,0.3651793897151947,-0.5028917789459229,0.5436189770698547,-0.6719958782196045,0.4459364116191864,-0.5028204917907715,-0.7404812574386597,0.3470537066459656,0.011648667976260185,-0.03099999949336052,-0.9188895225524902,0.3945149779319763,-4.3557545836847567e-07,-0.3945149779319763,-0.9188895225524902,2.6680636437959038e-06,0.4018573760986328,-0.13572581112384796,-0.030999649316072464,0.29225003719329834,0.15902315080165863,-0.031000349670648575
147,-0.24124100804328918,-0.21488642692565918,-0.6657046675682068,3.1973867416381836,0.137241929769516,0.63665372133255,2.2720179557800293,0.7310022711753845,0.09788212180137634,-0.15687449276447296,-0.36741903424263,-0.015125171281397343,0.35672953724861145,0.02784557081758976,0.2080458253622055,-0.0021399729885160923,1.386855959892273,-1.3290083408355713,0.620650053024292,1.411422610282898,2.071200370788574,3.1054651737213135,-0.46260830760002136,0.7306540012359619,0.4435557723045349,-0.2809217572212219,0.09628205001354218,0.39608243107795715,0.1740431785583496,-0.41822341084480286,-2.1586954593658447,0.23607495427131653,-0.12952369451522827,0.3179567754268646,1.2472925186157227,0.973628044128418,-0.0003917888388969004,-0.22814106941223145,0.21503403782844543,-0.3324965238571167,0.9182628989219666,-0.16254502534866333,-0.7121945023536682,0.3575499653816223,-0.5365816354751587,0.5282472372055054,-0.6580539345741272,0.470162570476532,-0.4604170322418213,-0.7529696822166443,0.3470537066459656,0.011648660525679588,-0.03099999949336052,-0.9188895225524902,0.3945149779319763,-4.2675978306760953e-07,-0.3945149779319763,-0.9188895225524902,2.7138971745443996e-06,0.4018573760986328,-0.13572582602500916,-0.030999645590782166,0.29225003719329834,0.15902313590049744,-0.031000353395938873
148,-0.2340383678674698,-0.22435875236988068,-0.6923676133155823,3.194333791732788,0.16296124458312988,0.6384055614471436,2.2864201068878174,0.7309990525245667,0.11075091361999512,-0.16082270443439484,-0.37206703424453735,-0.03922264277935028,0.35936784744262695,0.023217948153614998,0.2021740823984146,0.007427014410495758,1.406948447227478,-1.3442132472991943,0.6254220604896545,1.4368653297424316,2.1023762226104736,3.1054396629333496,-0.459966778755188,0.7306867241859436,0.4317232072353363,-0.27618685364723206,0.08701503276824951,0.390059232711792,0.1692371666431427,-0.3994657099246979,-1.891495704650879,0.19993913173675537,-0.13550597429275513,0.31798192858695984,1.2463748455047607,0.9756253957748413,0.019793415442109108,-0.21854829788208008,0.21261540055274963,-0.3317544460296631,0.9190940260887146,-0.1526869535446167,-0.7196542620658875,0.3499940037727356,-0.5691947937011719,0.5100775957107544,-0.6448551416397095,0.4916081726551056,-0.4175299406051636,-0.7641924023628235,0.3470537066459656,0.011648665182292461,-0.03099999949336052,-0.9188895225524902,0.39451494812965393,-6.750202601324418e-07,-0.39451494812965393,-0.9188895225524902,2.0466934529395076e-06,0.4018573760986328,-0.13572581112384796,-0.030999694019556046,0.29225003719329834,0.15902315080165863,-0.031000304967164993
149,-0.22626791894435883,-0.23424161970615387,-0.7191908955574036,3.189831495285034,0.18886132538318634,0.6396976113319397,2.3004539012908936,0.7310008406639099,0.1213255450129509,-0.168076753616333,-0.37546491622924805,-0.06112034618854523,0.3616698682308197,0.016808735206723213,0.19717544317245483,-0.0013798088766634464,1.4262964725494385,-1.3591116666793823,0.6294243931770325,1.4617269039154053,2.135093927383423,3.1053121089935303,-0.45778173208236694,0.7307814955711365,0.42246437072753906,-0.26617008447647095,0.07552386075258255,0.3832818567752838,0.14397448301315308,-0.38516566157341003,-0.8156753182411194,0.15252095460891724,-0.1414744257926941,0.31713759899139404,1.245492696762085,0.977075457572937,0.04061407223343849,-0.20898324251174927,0.21047928929328918,-0.33168840408325195,0.9196094274520874,-0.14275670051574707,-0.7266272902488708,0.34261515736579895,-0.6014392375946045,0.48802658915519714,-0.6325352787971497,0.5101397633552551,-0.37471961975097656,-0.7741721868515015,0.3470537066459656,0.011648665182292461,-0.03099999949336052,-0.9188895225524902,0.39451494812965393,-6.623164381380775e-07,-0.39451494812965393,-0.9188895225524902,2.0906611553073162e-06,0.4018573760986328,-0.13572581112384796,-0.030999690294265747,0.29225003719329834,0.15902315080165863,-0.031000308692455292
150,-0.21793384850025177,-0.2446138560771942,-0.7458274960517883,3.184458017349243,0.21483677625656128,0.6408563852310181,2.3145041465759277,0.7309997081756592,0.13112814724445343,-0.17824828624725342,-0.3731229603290558,-0.07351111620664597,0.36257806420326233,0.014795364812016487,0.19753313064575195,0.007274302653968334,1.4446035623550415,-1.3736779689788818,0.6321122646331787,1.4858132600784302,2.167839288711548,3.1053311824798584,-0.4557102620601654,0.7306089401245117,0.4023326337337494,-0.25707536935806274,0.05744115263223648,0.37222567200660706,0.13619956374168396,-0.4043823778629303,-2.7536563873291016,0.2777983546257019,-0.1476764678955078,0.31565219163894653,1.2445595264434814,0.9779893159866333,0.06256154924631119,-0.19905510544776917,0.20848026871681213,-0.3320167064666748,0.9199461936950684,-0.13287919759750366,-0.7329283952713013,0.3354317247867584,-0.6319222450256348,0.4639069437980652,-0.620857834815979,0.5254679322242737,-0.33239293098449707,-0.7831974625587463,0.3470537066459656,0.011648664250969887,-0.03099999949336052,-0.9188895225524902,0.39451494812965393,-6.316864755717688e-07,-0.39451494812965393,-0.9188895225524902,2.1253677005006466e-06,0.4018573760986328,-0.13572581112384796,-0.030999690294265747,0.29225003719329834,0.15902315080165863,-0.031000308692455292
151,-0.21035271883010864,-0.25347551703453064,-0.7728957533836365,3.179483413696289,0.2406204640865326,0.6424937844276428,2.327340602874756,0.7310016751289368,0.11442171782255173,-0.13455058634281158,-0.38228026032447815,-0.07381919771432877,0.36002349853515625,0.023199891671538353,0.1802711933851242,0.001231138245202601,1.4632471799850464,-1.388522744178772,0.6351014375686646,1.5095943212509155,2.2023465633392334,3.1053378582000732,-0.45580029487609863,0.7306060791015625,0.4158037304878235,-0.2733484208583832,0.06606383621692657,0.3760092556476593,0.11136054992675781,-0.4074207544326782,-2.6675772666931152,0.2318781465291977,-0.15262484550476074,0.31377431750297546,1.2437102794647217,0.9781972765922546,0.08221735805273056,-0.19071024656295776,0.20732712745666504,-0.3332570791244507,0.9197583198547363,-0.12248778343200684,-0.7389646172523499,0.3280932307243347,-0.662386417388916,0.43399348855018616,-0.6106505990028381,0.5395092964172363,-0.2892007827758789,-0.7907546758651733,0.3470537066459656,0.011648662388324738,-0.03099999949336052,-0.9188895225524902,0.39451494812965393,-6.340679874483612e-07,-0.39451494812965393,-0.9188895225524902,2.1759522041975288e-06,0.4018573760986328,-0.13572582602500916,-0.03099968284368515,0.29225003719329834,0.15902313590049744,-0.03100031614303589
152,-0.20403385162353516,-0.26105156540870667,-0.8002693057060242,3.174116373062134,0.2662699222564697,0.6437258720397949,2.3394851684570312,0.7310051321983337,0.09688663482666016,-0.1218259185552597,-0.38558444380760193,-0.07786689698696136,0.3578646183013916,0.01702483557164669,0.17089079320430756,-0.007682532537728548,1.4823888540267944,-1.403322696685791,0.6383665204048157,1.5332515239715576,2.23386549949646,3.1050281524658203,-0.4558885395526886,0.7306693196296692,0.4151389002799988,-0.266803115606308,0.06982915103435516,0.36768969893455505,0.10865849256515503,-0.3646675646305084,-1.7380588054656982,0.193516805768013,-0.15647822618484497,0.3114549219608307,1.2430493831634521,0.977972149848938,0.09974741190671921,-0.18336020410060883,0.20654168725013733,-0.3354034423828125,0.919154703617096,-0.1117601990699768,-0.7444374561309814,0.320488303899765,-0.6891279220581055,0.40401923656463623,-0.601557195186615,0.5519296526908875,-0.24526965618133545,-0.7970045804977417,0.3470537066459656,0.01164866704493761,-0.03099999949336052,-0.9188895225524902,0.39451494812965393,-6.223760919965571e-07,-0.39451494812965393,-0.9188895225524902,2.218349891336402e-06,0.4018573760986328,-0.13572581112384796,-0.03099967911839485,0.29225003719329834,0.15902315080165863,-0.031000319868326187
153,-0.197706937789917,-0.2689216136932373,-0.8276808261871338,3.168358564376831,0.2919924557209015,0.6444051265716553,2.351740598678589,0.731003999710083,0.10155012458562851,-0.13714730739593506,-0.38670381903648376,-0.08174196630716324,0.3590339422225952,0.008374634198844433,0.17232175171375275,0.010004233568906784,1.501302719116211,-1.417933702468872,0.6414446830749512,1.5570659637451172,2.2624826431274414,3.105151414871216,-0.4547102749347687,0.730734646320343,0.4077756702899933,-0.26771530508995056,0.0690656304359436,0.3622131943702698,0.18034805357456207,-0.34766054153442383,-1.2313857078552246,0.1669551432132721,-0.16074877977371216,0.3089105188846588,1.2423608303070068,0.9775081872940063,0.11747334897518158,-0.17515072226524353,0.20517703890800476,-0.33759963512420654,0.9186561107635498,-0.10079824924468994,-0.7490860223770142,0.31274938583374023,-0.7117784023284912,0.37591567635536194,-0.5933454632759094,0.5626651644706726,-0.20050060749053955,-0.8020020127296448,0.3470536768436432,0.011648661457002163,-0.03099999949336052,-0.9188895225524902,0.39451494812965393,-7.244181006171857e-07,-0.39451494812965393,-0.9188895225524902,1.907607156681479e-06,0.4018573462963104,-0.13572582602500916,-0.03099970519542694,0.29225000739097595,0.15902313590049744,-0.031000293791294098
154,-0.19210653007030487,-0.2769896984100342,-0.855108916759491,3.1630284786224365,0.3175920248031616,0.6444861888885498,2.3636674880981445,0.7309982180595398,0.08696505427360535,-0.13823160529136658,-0.38560089468955994,-0.0734269842505455,0.35777291655540466,4.1193387005478144e-05,0.16717493534088135,0.018448183313012123,1.5200859308242798,-1.432874083518982,0.6445212960243225,1.580659031867981,2.292609930038452,3.1051406860351562,-0.45409929752349854,0.7306738495826721,0.4076681435108185,-0.27530160546302795,0.07119882106781006,0.36191827058792114,0.1634095311164856,-0.35435357689857483,-1.8267723321914673,0.19241581857204437,-0.16569304466247559,0.30670711398124695,1.2415976524353027,0.9770145416259766,0.13382172584533691,-0.16593468189239502,0.20250515639781952,-0.3394852876663208,0.9185539484024048,-0.08963280916213989,-0.7533472776412964,0.304866760969162,-0.7330548763275146,0.3446039855480194,-0.5864117741584778,0.5715248584747314,-0.15536177158355713,-0.8057432770729065,0.3470536768436432,0.011648660525679588,-0.03099999949336052,-0.9188895225524902,0.39451494812965393,-7.02541797181766e-07,-0.39451494812965393,-0.9188895225524902,1.947273631230928e-06,0.4018573462963104,-0.13572582602500916,-0.030999701470136642,0.29225000739097595,0.15902313590049744,-0.031000297516584396
155,-0.18937519192695618,-0.28418487310409546,-0.882777750492096,3.1585798263549805,0.34276846051216125,0.6435226798057556,2.3742785453796387,0.7309971451759338,0.03714817762374878,-0.11702103912830353,-0.38683995604515076,-0.05792379006743431,0.3519039452075958,-0.014929985627532005,0.14890934526920319,-0.00748799042776227,1.5397615432739258,-1.4478089809417725,0.6486547589302063,1.60381019115448,2.322401285171509,3.105137825012207,-0.45463085174560547,0.7307060956954956,0.4192391335964203,-0.2773531377315521,0.08612672984600067,0.3556584119796753,0.17842590808868408,-0.3248750567436218,-1.4283480644226074,0.15738098323345184,-0.17065882682800293,0.30535468459129333,1.2409234046936035,0.9769447445869446,0.1450769305229187,-0.15662580728530884,0.19799824059009552,-0.34130871295928955,0.9188608527183533,-0.0778740644454956,-0.7571331262588501,0.2968765199184418,-0.751868486404419,0.31028974056243896,-0.5817338228225708,0.5795390605926514,-0.10967445373535156,-0.8075307607650757,0.3470536768436432,0.011648662388324738,-0.03099999949336052,-0.9188895225524902,0.39451491832733154,-7.01082228715677e-07,-0.39451491832733154,-0.9188895225524902,1.9559183783712797e-06,0.4018573760986328,-0.13572579622268677,-0.030999701470136642,0.29225000739097595,0.15902313590049744,-0.031000297516584396
156,-0.18847885727882385,-0.2914852797985077,-0.9104993343353271,3.153961420059204,0.3678171634674072,0.6412221193313599,2.3843793869018555,0.7309679388999939,0.015831181779503822,-0.12996096909046173,-0.3882178068161011,-0.05943106859922409,0.35058051347732544,-0.03394760936498642,0.1409822702407837,0.03968619927763939,1.55979585647583,-1.4622529745101929,0.6532562971115112,1.6264928579330444,2.350944757461548,3.105074644088745,-0.45485803484916687,0.7307286858558655,0.4169503450393677,-0.2649557888507843,0.09128592908382416,0.3447134494781494,0.19965487718582153,-0.30285680294036865,-1.1714390516281128,0.1405012011528015,-0.1762455701828003,0.30440446734428406,1.2402751445770264,0.9772251844406128,0.1536870151758194,-0.1463257372379303,0.19164100289344788,-0.34303784370422363,0.919564425945282,-0.0658494234085083,-0.760314404964447,0.28900784254074097,-0.7674980163574219,0.2756446897983551,-0.5787630677223206,0.5860188007354736,-0.06429719924926758,-0.8077423572540283,0.3470536768436432,0.011648659594357014,-0.03099999949336052,-0.9188895225524902,0.39451491832733154,-6.835674071226094e-07,-0.39451491832733154,-0.9188895225524902,1.9584435904107522e-06,0.4018573760986328,-0.13572581112384796,-0.030999701470136642,0.29225000739097595,0.15902312099933624,-0.031000297516584396
157,-0.1879911720752716,-0.29971230030059814,-0.9380828738212585,3.148902654647827,0.39291033148765564,0.6382834315299988,2.3945045471191406,0.730954110622406,0.014070230536162853,-0.14806438982486725,-0.3874770402908325,-0.06719975918531418,0.35125187039375305,-0.042705584317445755,0.14113982021808624,0.05573062226176262,1.579728126525879,-1.47577702999115,0.6577707529067993,1.6485259532928467,2.379267930984497,3.1050171852111816,-0.45475295186042786,0.7307239174842834,0.4113788902759552,-0.2465515434741974,0.08749374747276306,0.33484840393066406,0.20132571458816528,-0.2908776104450226,-1.2257076501846313,0.1790274977684021,-0.18290191888809204,0.30348461866378784,1.2394757270812988,0.9775452613830566,0.16210640966892242,-0.13463576138019562,0.18393953144550323,-0.34467196464538574,0.9205256700515747,-0.053750455379486084,-0.7629047632217407,0.2815685272216797,-0.7804090976715088,0.2401709258556366,-0.577303946018219,0.5905765295028687,-0.0201416015625,-0.8067302703857422,0.3470537066459656,0.011648666113615036,-0.03099999949336052,-0.9188895225524902,0.3945149779319763,-4.4426712975109695e-07,-0.3945149779319763,-0.9188895225524902,2.6681389044824755e-06,0.4018573760986328,-0.13572581112384796,-0.030999649316072464,0.29225003719329834,0.15902315080165863,-0.031000349670648575
158,-0.18799057602882385,-0.30854347348213196,-0.9655987620353699,3.1434803009033203,0.4179838001728058,0.6349584460258484,2.404475450515747,0.7309457063674927,0.006706266663968563,-0.15576545894145966,-0.38711607456207275,-0.07251432538032532,0.3516140282154083,-0.04776831343770027,0.13810960948467255,0.0855284258723259,1.5996984243392944,-1.4882168769836426,0.6622570753097534,1.669755220413208,2.4075706005096436,3.1049723625183105,-0.4547070264816284,0.7307204604148865,0.40961912274360657,-0.22726042568683624,0.08533526957035065,0.32363438606262207,0.20128116011619568,-0.27982255816459656,-1.2359459400177002,0.19387836754322052,-0.1903078556060791,0.30252665281295776,1.2385337352752686,0.9778584837913513,0.17001540958881378,-0.12201447039842606,0.1752212792634964,-0.3464202880859375,0.9215695858001709,-0.04154658317565918,-0.7649496793746948,0.27466830611228943,-0.7906970977783203,0.20334504544734955,-0.5774505734443665,0.5933897495269775,0.02249443531036377,-0.8046010136604309,0.3470537066459656,0.011648660525679588,-0.03099999949336052,-0.9188895225524902,0.3945149779319763,-4.3209246314290795e-07,-0.3945149779319763,-0.9188895225524902,2.711408797040349e-06,0.4018573760986328,-0.13572582602500916,-0.030999645590782166,0.29225003719329834,0.15902313590049744,-0.031000353395938873
159,-0.18851421773433685,-0.3180689215660095,-0.9930297136306763,3.137336492538452,0.44309887290000916,0.6311398148536682,2.414426803588867,0.730932354927063,0.0015449130441993475,-0.1705162078142166,-0.3869110345840454,-0.08334250003099442,0.35187697410583496,-0.05498224496841431,0.1381821632385254,0.08622200787067413,1.6198477745056152,-1.499029278755188,0.6668744087219238,1.6899560689926147,2.4360857009887695,3.1049013137817383,-0.4545198380947113,0.7307131886482239,0.4076070487499237,-0.1946759968996048,0.08278711140155792,0.3080540597438812,0.2046995311975479,-0.2646372616291046,-1.3363893032073975,0.13560523092746735,-0.1984984278678894,0.3013707101345062,1.2374370098114014,0.9781093001365662,0.17767348885536194,-0.10832522809505463,0.16547292470932007,-0.34844136238098145,0.9226090312004089,-0.02921241521835327,-0.7665117383003235,0.2685823142528534,-0.7982068061828613,0.16494342684745789,-0.5793614983558655,0.5947273969650269,0.06292992830276489,-0.8014607429504395,0.3470537066459656,0.01164865680038929,-0.03099999949336052,-0.9188895225524902,0.39451494812965393,-6.64721596876916e-07,-0.39451494812965393,-0.9188895225524902,2.038354068645276e-06,0.4018573760986328,-0.13572582602500916,-0.030999694019556046,0.29225003719329834,0.15902313590049744,-0.031000304967164993
160,-0.19119751453399658,-0.32844096422195435,-1.020398736000061,3.1304996013641357,0.4680180549621582,0.6259908676147461,2.4238712787628174,0.7308937311172485,-0.03440996631979942,-0.18788298964500427,-0.3835761249065399,-0.08744659274816513,0.3498973548412323,-0.07447642087936401,0.13021811842918396,0.1331893503665924,1.640512466430664,-1.5071290731430054,0.6719433665275574,1.7078473567962646,2.4643185138702393,3.104783535003662,-0.45446303486824036,0.7307286262512207,0.40559831261634827,-0.13886745274066925,0.08084117621183395,0.27190056443214417,0.20943541824817657,-0.23511748015880585,-1.2846157550811768,0.12289953231811523,-0.20798081159591675,0.30057862401008606,1.2361643314361572,0.9787794947624207,0.18259289860725403,-0.09300843626260757,0.15319427847862244,-0.3505650758743286,0.9239240288734436,-0.016754627227783203,-0.7676742672920227,0.2639070153236389,-0.8025240898132324,0.12455597519874573,-0.5834734439849854,0.5951789617538452,0.09920704364776611,-0.7974459528923035,0.3470537066459656,0.011648666113615036,-0.03099999949336052,-0.9188895225524902,0.39451494812965393,-6.640531182711129e-07,-0.39451494812965393,-0.9188895225524902,2.0861295979557326e-06,0.4018573760986328,-0.13572581112384796,-0.030999690294265747,0.29225003719329834,0.15902315080165863,-0.031000308692455292
161,-0.19446749985218048,-0.33998849987983704,-1.0472922325134277,3.123220920562744,0.4929613471031189,0.6205811500549316,2.4338183403015137,0.7308760285377502,-0.03706209361553192,-0.21141202747821808,-0.3792775869369507,-0.09654857218265533,0.34900787472724915,-0.0788605734705925,0.13882339000701904,0.15414556860923767,1.661312460899353,-1.5121318101882935,0.676918625831604,1.723792314529419,2.493131399154663,3.104710578918457,-0.45406144857406616,0.7307096123695374,0.40372949838638306,-0.08373454958200455,0.07319241762161255,0.24483448266983032,0.20304104685783386,-0.22255900502204895,-1.5728473663330078,0.17326465249061584,-0.2187490463256836,0.29991117119789124,1.234546422958374,0.9792289733886719,0.18796443939208984,-0.07602596282958984,0.1395167112350464,-0.3525656461715698,0.925328254699707,-0.0042702555656433105,-0.7684805989265442,0.2608545422554016,-0.8038712739944458,0.08208227902650833,-0.5891125798225403,0.5946789383888245,0.1311754584312439,-0.7931897640228271,0.3470537066459656,0.011648658663034439,-0.03099999949336052,-0.9188895225524902,0.39451494812965393,-6.209000957824173e-07,-0.39451494812965393,-0.9188895225524902,2.13644239011046e-06,0.4018573760986328,-0.13572582602500916,-0.030999690294265747,0.29225003719329834,0.15902313590049744,-0.031000308692455292
162,-0.19857212901115417,-0.352166086435318,-1.073586344718933,3.1161611080169678,0.517662525177002,0.6154226660728455,2.444207191467285,0.7308716177940369,-0.05391732230782509,-0.21905933320522308,-0.3685114085674286,-0.09026112407445908,0.34597691893577576,-0.07569609582424164,0.1448749303817749,0.16036231815814972,1.6823290586471558,-1.5143979787826538,0.6813838481903076,1.7373037338256836,2.522172212600708,3.104682683944702,-0.4539341926574707,0.7307049632072449,0.40362241864204407,-0.03330951929092407,0.060524873435497284,0.2085554450750351,0.19240805506706238,-0.21699336171150208,-1.6677571535110474,0.16211889684200287,-0.23031246662139893,0.29964858293533325,1.2325961589813232,0.9794270992279053,0.19325488805770874,-0.05809548497200012,0.12489117681980133,-0.3543663024902344,0.9267289638519287,0.008183598518371582,-0.7689796686172485,0.2593386769294739,-0.802396297454834,0.03755766898393631,-0.5956088304519653,0.5932559370994568,0.1586768627166748,-0.7892206311225891,0.3470537066459656,0.011648663319647312,-0.03099999949336052,-0.9188895225524902,0.39451491832733154,-6.141861490505107e-07,-0.39451491832733154,-0.9188895225524902,2.204459633503575e-06,0.4018573760986328,-0.13572579622268677,-0.03099968284368515,0.29225003719329834,0.15902313590049744,-0.03100031614303589
163,-0.20308107137680054,-0.3650648593902588,-1.0989890098571777,3.109224796295166,0.5422623753547668,0.6104424595832825,2.455336332321167,0.7308647632598877,-0.0573694184422493,-0.23626939952373505,-0.35682082176208496,-0.08879465609788895,0.34524664282798767,-0.07329744845628738,0.15440303087234497,0.1732529103755951,1.7033227682113647,-1.514116644859314,0.6851959228515625,1.7486541271209717,2.551652669906616,3.1046574115753174,-0.4536130130290985,0.7306861877441406,0.39958786964416504,0.012574532069265842,0.04688404127955437,0.17687498033046722,0.17994248867034912,-0.21478672325611115,-1.9266172647476196,0.18012739717960358,-0.24268239736557007,0.2997582256793976,1.2302894592285156,0.9791051745414734,0.19956298172473907,-0.039085861295461655,0.10955065488815308,-0.3556957244873047,0.9281589984893799,0.02051246166229248,-0.7692102193832397,0.259263277053833,-0.7981975078582764,-0.008376599289476871,-0.6023377776145935,0.5910863280296326,0.1819545030593872,-0.7858178019523621,0.3470537066459656,0.011648664250969887,-0.03099999949336052,-0.9188895225524902,0.39451491832733154,-6.026400569680845e-07,-0.39451491832733154,-0.9188895225524902,2.2307169729174348e-06,0.4018573760986328,-0.13572579622268677,-0.03099967911839485,0.29225003719329834,0.15902313590049744,-0.031000319868326187
164,-0.2075841873884201,-0.3790745437145233,-1.12397038936615,3.102055311203003,0.5669724941253662,0.6050122976303101,2.467012405395508,0.7308539152145386,-0.055181052535772324,-0.259587824344635,-0.352156400680542,-0.09223407506942749,0.3478022515773773,-0.07963531464338303,0.16090980172157288,0.18349452316761017,1.7243432998657227,-1.5117968320846558,0.6890580654144287,1.7595261335372925,2.579237461090088,3.104461431503296,-0.451925665140152,0.7307466864585876,0.3973575830459595,0.03656662255525589,0.048673391342163086,0.16773459315299988,0.21119308471679688,-0.19608671963214874,-1.3184504508972168,0.11193739622831345,-0.25633692741394043,0.3001326620578766,1.2275381088256836,0.978196382522583,0.20686787366867065,-0.018370769917964935,0.09283990412950516,-0.3564424514770508,0.9296932220458984,0.03270554542541504,-0.769060492515564,0.26007452607154846,-0.7916796207427979,-0.05201701074838638,-0.6087181568145752,0.5884231925010681,0.20306825637817383,-0.7826375365257263,0.3470537066459656,0.011648659594357014,-0.03099999949336052,-0.9188895225524902,0.3945150077342987,-7.215149366857077e-07,-0.3945150077342987,-0.9188895225524902,1.8827080339178792e-06,0.4018573760986328,-0.13572582602500916,-0.03099970519542694,0.29225003719329834,0.15902313590049744,-0.031000293791294098
165,-0.2100585699081421,-0.39500173926353455,-1.1476870775222778,3.09380841255188,0.5921680927276611,0.5998689532279968,2.4801580905914307,0.7308538556098938,-0.01147383265197277,-0.2989649474620819,-0.34249433875083923,-0.11703655868768692,0.35410675406455994,-0.07544610649347305,0.18192782998085022,0.1858089566230774,1.7447831630706787,-1.507472276687622,0.6920756101608276,1.7696101665496826,2.6073880195617676,3.104281187057495,-0.44867631793022156,0.7307108640670776,0.38252729177474976,0.08201680332422256,0.029710810631513596,0.15278713405132294,0.206122025847435,-0.19593794643878937,-1.8026010990142822,0.1373107135295868,-0.27150094509124756,0.2997846007347107,1.2241199016571045,0.9755926728248596,0.2195427417755127,0.004467100370675325,0.07604990154504776,-0.35689079761505127,0.9310452938079834,0.04462087154388428,-0.7686091065406799,0.2619505524635315,-0.7832868099212646,-0.09503024816513062,-0.6143542528152466,0.5850628018379211,0.22138625383377075,-0.7801856994628906,0.3470536768436432,0.011648663319647312,-0.03099999949336052,-0.9188895225524902,0.3945150077342987,-7.03533771684306e-07,-0.3945150077342987,-0.9188895225524902,1.95687789528165e-06,0.4018573462963104,-0.13572581112384796,-0.030999701470136642,0.29225000739097595,0.15902315080165863,-0.031000297516584396
166,-0.21150732040405273,-0.4123844504356384,-1.1704483032226562,3.0845298767089844,0.6175366640090942,0.595064103603363,2.4941375255584717,0.7308565974235535,0.0007663114229217172,-0.3194311559200287,-0.32925495505332947,-0.1309451460838318,0.35649368166923523,-0.07110970467329025,0.19398637115955353,0.19480466842651367,1.7651503086090088,-1.5002107620239258,0.6945658922195435,1.7776962518692017,2.634857177734375,3.1040377616882324,-0.44452640414237976,0.7307519912719727,0.3766416609287262,0.1390935480594635,0.015547317452728748,0.11899686604738235,0.2096603959798813,-0.18329733610153198,-1.5949987173080444,0.1357487291097641,-0.2878407835960388,0.2987707257270813,1.2200486660003662,0.9714598655700684,0.23544371128082275,0.028843890875577927,0.058982186019420624,-0.35754716396331787,0.9320306181907654,0.05628114938735962,-0.7679157257080078,0.2653719186782837,-0.773005485534668,-0.13774706423282623,-0.6192644834518433,0.5817766189575195,0.23533642292022705,-0.7785581350326538,0.3470537066459656,0.011648666113615036,-0.03099999949336052,-0.9188895225524902,0.3945150077342987,-6.981751425882976e-07,-0.3945150077342987,-0.9188895225524902,1.9771227925957646e-06,0.4018573760986328,-0.13572581112384796,-0.030999697744846344,0.29225003719329834,0.15902315080165863,-0.031000301241874695
167,-0.21114522218704224,-0.4311060905456543,-1.1918889284133911,3.073955774307251,0.643287718296051,0.5908098816871643,2.5091917514801025,0.7308615446090698,0.03831121698021889,-0.34497949481010437,-0.3184817433357239,-0.15784506499767303,0.3617596924304962,-0.0628497451543808,0.20898830890655518,0.1759742647409439,1.7850379943847656,-1.4900047779083252,0.6961327195167542,1.7840712070465088,2.662388324737549,3.103752374649048,-0.4392266571521759,0.7307552695274353,0.3637745976448059,0.19114644825458527,-0.0015222690999507904,0.09205231070518494,0.20992301404476166,-0.1767675131559372,-1.7527421712875366,0.13975390791893005,-0.30507028102874756,0.29660847783088684,1.2153077125549316,0.9650960564613342,0.2561534345149994,0.05454341322183609,0.042462509125471115,-0.3585526943206787,0.9325433373451233,0.06755989789962769,-0.7669932842254639,0.27036118507385254,-0.7612061500549316,-0.18036630749702454,-0.6229233145713806,0.5786064267158508,0.2449151873588562,-0.7779660820960999,0.3470537066459656,0.011648667976260185,-0.03099999949336052,-0.9188895225524902,0.3945150375366211,-4.3700822516257176e-07,-0.3945150375366211,-0.9188895225524902,2.7105920707981568e-06,0.4018573760986328,-0.13572581112384796,-0.030999641865491867,0.29225003719329834,0.15902315080165863,-0.031000357121229172
168,-0.20922434329986572,-0.45092958211898804,-1.212256908416748,3.0620603561401367,0.6693007349967957,0.5871075987815857,2.5250442028045654,0.7308703660964966,0.06338661909103394,-0.3625172972679138,-0.3067873418331146,-0.17937906086444855,0.36548325419425964,-0.055184993892908096,0.22022412717342377,0.16038423776626587,1.8046296834945679,-1.4770493507385254,0.6969996690750122,1.7884876728057861,2.6895790100097656,3.1034138202667236,-0.43303975462913513,0.7308308482170105,0.3553757667541504,0.2406914085149765,-0.017118511721491814,0.06069662794470787,0.2111830860376358,-0.15738841891288757,-1.1540569067001343,0.07928401976823807,-0.3230046033859253,0.2931763827800751,1.2098844051361084,0.9563261866569519,0.2807621657848358,0.08131946623325348,0.026460368186235428,-0.36021459102630615,0.932494044303894,0.07847660779953003,-0.7658239603042603,0.2768408954143524,-0.747977614402771,-0.22276470065116882,-0.6252242922782898,0.5759912729263306,0.25020211935043335,-0.7782243490219116,0.3470537066459656,0.011648667976260185,-0.03099999949336052,-0.9188895225524902,0.3945150375366211,-4.1092891933658393e-07,-0.3945150375366211,-0.9188895225524902,2.752080263235257e-06,0.4018573760986328,-0.13572581112384796,-0.030999641865491867,0.29225003719329834,0.15902315080165863,-0.031000357121229172
169,-0.20580244064331055,-0.4715130627155304,-1.2308802604675293,3.0491867065429688,0.6954901814460754,0.5844478011131287,2.541696071624756,0.7309008240699768,0.08971567451953888,-0.373969167470932,-0.2865370512008667,-0.1976807713508606,0.3677375018596649,-0.04038289189338684,0.23187366127967834,0.11841589957475662,1.8236814737319946,-1.4618079662322998,0.6965165734291077,1.7902294397354126,2.717071294784546,3.1030783653259277,-0.4265848994255066,0.7307727932929993,0.3406983017921448,0.2847966253757477,-0.040115777403116226,0.019058164209127426,0.20117701590061188,-0.17009800672531128,-1.9977953433990479,0.11147388815879822,-0.34112071990966797,0.2885277271270752,1.2038414478302002,0.9446675777435303,0.30959203839302063,0.10842464864253998,0.011800676584243774,-0.3623933792114258,0.9319504499435425,0.08887594938278198,-0.7644479274749756,0.28474706411361694,-0.7335678339004517,-0.26568201184272766,-0.6255330443382263,0.5739789605140686,0.25064682960510254,-0.7795668840408325,0.3470537066459656,0.011648671701550484,-0.03099999949336052,-0.9188895225524902,0.3945150077342987,-6.62570244003291e-07,-0.3945150077342987,-0.9188895225524902,2.077997805827181e-06,0.4018573760986328,-0.13572581112384796,-0.030999690294265747,0.29225003719329834,0.15902315080165863,-0.031000308692455292
170,-0.2018282562494278,-0.4923277497291565,-1.2491270303726196,3.0350632667541504,0.721796452999115,0.5826640725135803,2.5584800243377686,0.7309135794639587,0.09909439831972122,-0.3742355704307556,-0.28497129678726196,-0.21824155747890472,0.36893796920776367,-0.028009532019495964,0.23431403934955597,0.11580293625593185,1.8429445028305054,-1.4440350532531738,0.6956576704978943,1.789135456085205,2.743818998336792,3.102595090866089,-0.4201774597167969,0.7308655977249146,0.3416909873485565,0.33026111125946045,-0.050530679523944855,-0.02479814551770687,0.20617890357971191,-0.1493472158908844,-1.184430718421936,0.09644126892089844,-0.3591170310974121,0.2825220823287964,1.1972618103027344,0.9306857585906982,0.3397683799266815,0.13557811081409454,-0.0019753575325012207,-0.3659416437149048,0.9306356906890869,0.09899371862411499,-0.7628029584884644,0.2941334545612335,-0.7175641059875488,-0.3090488612651825,-0.6241719722747803,0.5734491348266602,0.24646878242492676,-0.781286895275116,0.3470537066459656,0.011648665182292461,-0.03099999949336052,-0.9188895225524902,0.3945150375366211,-6.61548085645336e-07,-0.3945150375366211,-0.9188895225524902,2.0998350009904243e-06,0.4018573760986328,-0.13572581112384796,-0.030999690294265747,0.29225003719329834,0.15902315080165863,-0.031000308692455292
171,-0.19550207257270813,-0.5134408473968506,-1.2656127214431763,3.0199313163757324,0.7483391761779785,0.5825287103652954,2.576056480407715,0.7309471964836121,0.14740796387195587,-0.3803722858428955,-0.2703447639942169,-0.24364429712295532,0.3714909851551056,-0.004054294433444738,0.24593567848205566,0.058796271681785583,1.861553430557251,-1.4245487451553345,0.6935493350028992,1.785882592201233,2.7704572677612305,3.1022167205810547,-0.4139886200428009,0.7308070063591003,0.324639230966568,0.35840904712677,-0.06837258487939835,-0.05863053724169731,0.19706517457962036,-0.16513513028621674,-1.9377915859222412,0.11525478214025497,-0.37651777267456055,0.2746466100215912,1.1901814937591553,0.9128109812736511,0.3747568726539612,0.16227558255195618,-0.013051214627921581,-0.37038910388946533,0.9287850856781006,0.10850876569747925,-0.7608098983764648,0.304621160030365,-0.7006340026855469,-0.3524732291698456,-0.6203826069831848,0.5738109946250916,0.23844093084335327,-0.7835093140602112,0.3470537066459656,0.011648657731711864,-0.03099999949336052,-0.9188895225524902,0.3945150077342987,-6.27119902674167e-07,-0.3945150077342987,-0.9188895225524902,2.15038789974642e-06,0.4018573760986328,-0.13572582602500916,-0.03099968656897545,0.29225003719329834,0.15902313590049744,-0.03100031241774559
172,-0.18630357086658478,-0.5354882478713989,-1.2780253887176514,3.0038352012634277,0.7749802470207214,0.5809082984924316,2.5946409702301025,0.7309664487838745,0.19316205382347107,-0.40567103028297424,-0.21738623082637787,-0.2585494816303253,0.37286701798439026,-0.026874827221035957,0.261436402797699,0.022177504375576973,1.8806509971618652,-1.402395248413086,0.6950244903564453,1.783861517906189,2.796030044555664,3.1014437675476074,-0.4057922065258026,0.7308619022369385,0.3281485438346863,0.3856683075428009,-0.016214314848184586,-0.03523627668619156,0.22020433843135834,-0.11779329180717468,-1.3702964782714844,0.07968246191740036,-0.3944089412689209,0.2656819224357605,1.1825153827667236,0.8892738819122314,0.41610798239707947,0.18985825777053833,-0.02347845397889614,-0.3730264902114868,0.927523672580719,0.11819794774055481,-0.7581889629364014,0.31605541706085205,-0.6806149482727051,-0.39408835768699646,-0.6176224946975708,0.5772320628166199,0.23070573806762695,-0.783312201499939,0.3470537066459656,0.011648665182292461,-0.03099999949336052,-0.9188895225524902,0.3945149779319763,-6.212856078491313e-07,-0.3945149779319763,-0.9188895225524902,2.1575237951765303e-06,0.4018573760986328,-0.13572581112384796,-0.03099968656897545,0.29225003719329834,0.15902315080165863,-0.03100031241774559
173,-0.1732713282108307,-0.5583398342132568,-1.2857364416122437,2.9861607551574707,0.8020715117454529,0.5777618885040283,2.6132266521453857,0.7309963703155518,0.26845601201057434,-0.40981385111808777,-0.16577187180519104,-0.2969362735748291,0.3774689733982086,-0.04680946469306946,0.26266342401504517,-0.024295134469866753,1.8992586135864258,-1.3783291578292847,0.6990596055984497,1.7850165367126465,2.817728042602539,3.1001737117767334,-0.393581748008728,0.7310038208961487,0.30699822306632996,0.4083978831768036,0.021987013518810272,0.010253680869936943,0.27502015233039856,-0.037285711616277695,-0.12392200529575348,0.011057416908442974,-0.4122663736343384,0.25473347306251526,1.174356460571289,0.8586415648460388,0.4642254114151001,0.21732346713542938,-0.03235497325658798,-0.3740503787994385,0.9268439412117004,0.12753531336784363,-0.7549616098403931,0.32772499322891235,-0.661064624786377,-0.42866379022598267,-0.6158254146575928,0.582118570804596,0.2248513102531433,-0.7813960909843445,0.3470537066459656,0.011648665182292461,-0.03099999949336052,-0.9188895225524902,0.3945150077342987,-6.039657591827563e-07,-0.3945150077342987,-0.9188895225524902,2.225822754553519e-06,0.4018573760986328,-0.13572581112384796,-0.03099967911839485,0.29225003719329834,0.15902315080165863,-0.031000319868326187
174,-0.15673156082630157,-0.5816349983215332,-1.2889769077301025,2.9666247367858887,0.8294551372528076,0.5745198726654053,2.6323235034942627,0.7310009002685547,0.32679519057273865,-0.414852112531662,-0.11048203706741333,-0.3289455771446228,0.38124001026153564,-0.04766317829489708,0.2699246108531952,0.030587512999773026,1.9174808263778687,-1.35292649269104,0.7047712802886963,1.7867079973220825,2.838026762008667,3.097245454788208,-0.3794451057910919,0.7310392260551453,0.2939443588256836,0.4343092143535614,0.04485124722123146,0.014884108677506447,0.29145434498786926,-0.038688186556100845,0.19921435415744781,-0.05879049003124237,-0.42909038066864014,0.24115756154060364,1.1658501625061035,0.8197762370109558,0.5183165669441223,0.24354654550552368,-0.038368914276361465,-0.3746069669723511,0.9263894557952881,0.13654065132141113,-0.7517632246017456,0.3398822546005249,-0.6411535739898682,-0.46027976274490356,-0.614055871963501,0.5890454649925232,0.21770209074020386,-0.7782230377197266,0.3470537066459656,0.011648663319647312,-0.03099999949336052,-0.9188895225524902,0.3945150077342987,-7.32402668290888e-07,-0.3945150077342987,-0.9188895225524902,1.9023914319404867e-06,0.4018573760986328,-0.13572581112384796,-0.03099970519542694,0.29225003719329834,0.15902315080165863,-0.031000293791294098
175,-0.1371968537569046,-0.6053394079208374,-1.287345051765442,2.945387840270996,0.8571113348007202,0.5707263350486755,2.65179705619812,0.7310078740119934,0.3786237835884094,-0.41836848855018616,-0.04943946748971939,-0.3587356507778168,0.3846415877342224,-0.05534864589571953,0.2760348618030548,-0.011715765111148357,1.935181736946106,-1.3260242938995361,0.7125166058540344,1.7893645763397217,2.858297109603882,3.0909550189971924,-0.3634873330593109,0.7310187220573425,0.2821607291698456,0.4533393383026123,0.07556792348623276,0.028797704726457596,0.2913235127925873,-0.08716174960136414,0.22432899475097656,-0.028084030374884605,-0.44470131397247314,0.22530929744243622,1.1570940017700195,0.7716655135154724,0.5768339037895203,0.26794588565826416,-0.04205949231982231,-0.3740779161453247,0.9264431595802307,0.1453997790813446,-0.7491688132286072,0.35273277759552,-0.6203590631484985,-0.49036431312561035,-0.6121254563331604,0.5986839532852173,0.20813554525375366,-0.7734708786010742,0.3470536768436432,0.011648657731711864,-0.03099999949336052,-0.9188895225524902,0.3945150077342987,-6.893710065014602e-07,-0.3945150077342987,-0.9188895225524902,1.9461606370896334e-06,0.4018573462963104,-0.13572582602500916,-0.030999701470136642,0.29225000739097595,0.15902313590049744,-0.031000297516584396
176,-0.11507275700569153,-0.6293410062789917,-1.280461072921753,2.9233627319335938,0.8849157691001892,0.5641620755195618,2.671389579772949,0.7310000658035278,0.41643011569976807,-0.42289257049560547,0.02196376584470272,-0.3686065673828125,0.38782477378845215,-0.095439612865448,0.278318852186203,0.03526616841554642,1.9512181282043457,-1.298168420791626,0.7230674624443054,1.797867774963379,2.8788185119628906,3.0809569358825684,-0.3447009027004242,0.7310014963150024,0.2594832181930542,0.44524917006492615,0.12193303555250168,0.11954823136329651,0.29405343532562256,-0.14030446112155914,0.26339295506477356,-0.002222118666395545,-0.45960140228271484,0.20828647911548615,1.1481738090515137,0.7137303948402405,0.6374770998954773,0.2901928126811981,-0.04595142975449562,-0.37080299854278564,0.9275741577148438,0.15422093868255615,-0.7471332550048828,0.3655475080013275,-0.5989971160888672,-0.5172742605209351,-0.6112525463104248,0.6096104383468628,0.20037716627120972,-0.7669576406478882,0.3470537066459656,0.011648664250969887,-0.03099999949336052,-0.9188895225524902,0.3945150375366211,-4.2530936639195716e-07,-0.3945150375366211,-0.9188895225524902,2.66481697508425e-06,0.4018573760986328,-0.13572581112384796,-0.030999649316072464,0.29225003719329834,0.15902315080165863,-0.031000349670648575
177,-0.09080453217029572,-0.6543093323707581,-1.2669004201889038,2.901029586791992,0.91287761926651,0.5558536052703857,2.6920571327209473,0.7310217022895813,0.45215126872062683,-0.43935132026672363,0.11124240607023239,-0.3741008937358856,0.39222997426986694,-0.12002977728843689,0.29194459319114685,-0.022247977554798126,1.9656344652175903,-1.2705020904541016,0.7358543872833252,1.8107783794403076,2.899129867553711,3.0689122676849365,-0.3239283859729767,0.7309771776199341,0.2317967712879181,0.44073286652565,0.15551912784576416,0.18096520006656647,0.29076993465423584,-0.16919468343257904,0.29103851318359375,0.002434128662571311,-0.47372889518737793,0.19061657786369324,1.1390366554260254,0.6438925266265869,0.7000736594200134,0.3087059557437897,-0.04996655136346817,-0.3641394376754761,0.9300031661987305,0.16291865706443787,-0.7452115416526794,0.3780088722705841,-0.5772632360458374,-0.5407865643501282,-0.611814558506012,0.6211888194084167,0.1954752802848816,-0.7588898539543152,0.3470537066459656,0.011648661457002163,-0.03099999949336052,-0.9188895225524902,0.3945150375366211,-4.185444595350418e-07,-0.3945150375366211,-0.9188895225524902,2.711160504986765e-06,0.4018573760986328,-0.13572582602500916,-0.030999645590782166,0.29225003719329834,0.15902313590049744,-0.031000353395938873
178,-0.06482592225074768,-0.6805067658424377,-1.2474814653396606,2.878580331802368,0.9409685730934143,0.5458064079284668,2.714054822921753,0.7310405373573303,0.4783022701740265,-0.4587835967540741,0.19134904444217682,-0.37475690245628357,0.3946005702018738,-0.14582635462284088,0.3122056722640991,-0.02674891985952854,1.9784611463546753,-1.2427998781204224,0.7509663105010986,1.8272953033447266,2.9191715717315674,3.055283546447754,-0.3015541136264801,0.7309524416923523,0.2066468596458435,0.4370000958442688,0.19074711203575134,0.2325507551431656,0.28647857904434204,-0.19183531403541565,0.31290313601493835,0.034277986735105515,-0.48736631870269775,0.1724569946527481,1.129533290863037,0.5618232488632202,0.7617382407188416,0.32266008853912354,-0.055391713976860046,-0.35452139377593994,0.933405876159668,0.17147549986839294,-0.7432442903518677,0.39034268260002136,-0.5548405647277832,-0.5614420771598816,-0.6139503121376038,0.6335601210594177,0.19315248727798462,-0.749195396900177,0.3470537066459656,0.011648663319647312,-0.03099999949336052,-0.9188895225524902,0.3945150077342987,-6.64223364310601e-07,-0.3945150077342987,-0.9188895225524902,2.0530601432255935e-06,0.4018573760986328,-0.13572581112384796,-0.030999694019556046,0.29225003719329834,0.15902315080165863,-0.031000304967164993
179,-0.03806174546480179,-0.7069266438484192,-1.2264857292175293,2.8555116653442383,0.9693125486373901,0.5339099168777466,2.7355875968933105,0.731040358543396,0.49307024478912354,-0.4525741636753082,0.20935340225696564,-0.3853740692138672,0.39862072467803955,-0.17163923382759094,0.30557501316070557,-0.026907846331596375,1.9893337488174438,-1.215141773223877,0.7674676775932312,1.8471733331680298,2.9394266605377197,3.0388476848602295,-0.2776790261268616,0.7309396862983704,0.17656345665454865,0.43528813123703003,0.21144609153270721,0.2800411880016327,0.28931090235710144,-0.2319992333650589,0.3335811197757721,0.05153222382068634,-0.5002436637878418,0.1531236618757248,1.1196489334106445,0.4720860719680786,0.8164182305335999,0.3325599431991577,-0.0632026270031929,-0.34492743015289307,0.9364991188049316,0.1799178123474121,-0.7417200207710266,0.40273919701576233,-0.5325217247009277,-0.5797123908996582,-0.6167285442352295,0.6466362476348877,0.19151443243026733,-0.738365650177002,0.3470537066459656,0.011648664250969887,-0.03099999949336052,-0.9188895225524902,0.3945150375366211,-6.685772291348258e-07,-0.3945150375366211,-0.9188895225524902,2.0992831650801236e-06,0.4018573760986328,-0.13572581112384796,-0.03099968656897545,0.29225003719329834,0.15902315080165863,-0.03100031241774559
180,-0.010487713851034641,-0.7332438826560974,-1.2034828662872314,2.831796407699585,0.9978235363960266,0.5195356011390686,2.7567803859710693,0.7310354709625244,0.50803542137146,-0.4482787251472473,0.23483529686927795,-0.39469096064567566,0.4026802182197571,-0.20699791610240936,0.3009664714336395,-0.027590937912464142,1.998225212097168,-1.1873294115066528,0.7860217690467834,1.8703546524047852,2.9600327014923096,3.019418716430664,-0.2523024380207062,0.7309210896492004,0.1451360434293747,0.43322286009788513,0.243376687169075,0.32700759172439575,0.2937922179698944,-0.2745663523674011,0.35423606634140015,0.07545517385005951,-0.5120912790298462,0.1326007843017578,1.1095302104949951,0.37513113021850586,0.8631809949874878,0.3379279375076294,-0.07361415028572083,-0.3356586694717407,0.9391028881072998,0.1883692741394043,-0.7406067252159119,0.4154164791107178,-0.5096899271011353,-0.5958893299102783,-0.6205901503562927,0.6609139442443848,0.19062680006027222,-0.7258472442626953,0.3470537066459656,0.011648658663034439,-0.03099999949336052,-0.9188895225524902,0.3945150077342987,-6.30669944712281e-07,-0.3945150077342987,-0.9188895225524902,2.147885197700816e-06,0.4018573760986328,-0.13572582602500916,-0.03099968656897545,0.29225003719329834,0.15902313590049744,-0.03100031241774559
181,0.017596978694200516,-0.7594680786132812,-1.1795090436935425,2.8076460361480713,1.0264322757720947,0.5036070346832275,2.777724027633667,0.7310286164283752,0.5159382224082947,-0.44404491782188416,0.24771748483181,-0.3994810879230499,0.4064006209373474,-0.22906655073165894,0.2965375483036041,-0.026453593745827675,2.005790948867798,-1.159636378288269,0.805939257144928,1.8951841592788696,2.980879545211792,2.9982945919036865,-0.22613443434238434,0.7309060096740723,0.12739676237106323,0.433541864156723,0.26192131638526917,0.3500378429889679,0.2973487675189972,-0.2982572317123413,0.3650166392326355,0.09445086866617203,-0.5227020978927612,0.11088245362043381,1.0991125106811523,0.2728521227836609,0.900469183921814,0.33868417143821716,-0.0861165001988411,-0.32776856422424316,0.9408249855041504,0.19685617089271545,-0.7394083738327026,0.42844122648239136,-0.4860053062438965,-0.6106656193733215,-0.6252090930938721,0.676036536693573,0.19068723917007446,-0.7117674946784973,0.3470537066459656,0.011648658663034439,-0.03099999949336052,-0.9188895225524902,0.3945150077342987,-6.161249643810152e-07,-0.3945150077342987,-0.9188895225524902,2.1646956156473607e-06,0.4018573760986328,-0.13572582602500916,-0.03099968656897545,0.29225003719329834,0.15902313590049744,-0.03100031241774559
182,0.045880936086177826,-0.7856590747833252,-1.155269980430603,2.783412218093872,1.0550376176834106,0.4867057800292969,2.7985599040985107,0.7310205698013306,0.5177068710327148,-0.4427354633808136,0.2527402341365814,-0.3981706500053406,0.40838417410850525,-0.2434033751487732,0.29493921995162964,-0.026434095576405525,2.013394832611084,-1.1319578886032104,0.8268429040908813,1.9205844402313232,3.0019893646240234,2.9764456748962402,-0.19968625903129578,0.7308898568153381,0.1352899968624115,0.4343424439430237,0.2738984525203705,0.3605448305606842,0.30169886350631714,-0.3081398904323578,0.3687001168727875,0.11329250782728195,-0.5320627689361572,0.08819153904914856,1.088325023651123,0.16723525524139404,0.9273138046264648,0.3348456621170044,-0.10040460526943207,-0.321844220161438,0.9414538741111755,0.2057030200958252,-0.7375160455703735,0.44196218252182007,-0.46042537689208984,-0.6251393556594849,-0.6302454471588135,0.6916015148162842,0.19247251749038696,-0.6961621642112732,0.3470537066459656,0.01164866890758276,-0.03099999949336052,-0.9188895225524902,0.3945150077342987,-6.223129389582027e-07,-0.3945150077342987,-0.9188895225524902,2.208611249443493e-06,0.4018573760986328,-0.13572581112384796,-0.03099967911839485,0.29225003719329834,0.15902315080165863,-0.031000319868326187
183,0.07415608316659927,-0.8119640350341797,-1.130967378616333,2.7593483924865723,1.0835896730422974,0.4690343141555786,2.8194193840026855,0.731009840965271,0.5164576172828674,-0.44407692551612854,0.25425705313682556,-0.39335697889328003,0.40894484519958496,-0.2552664279937744,0.29639989137649536,0.006451037246733904,2.021974563598633,-1.1042777299880981,0.8485676646232605,1.9462389945983887,3.023394823074341,2.954275131225586,-0.17315642535686493,0.7308713793754578,0.1559826135635376,0.434589147567749,0.2841556668281555,0.3670186698436737,0.306403785943985,-0.31245753169059753,0.3695855140686035,0.13393814861774445,-0.5402864217758179,0.06476452201604843,1.077080488204956,0.059870243072509766,0.9433432221412659,0.3263726532459259,-0.11634916067123413,-0.31813573837280273,0.9408785700798035,0.21516153216362,-0.7345345616340637,0.4560079574584961,-0.4322165250778198,-0.639792263507843,-0.6354957222938538,0.707175076007843,0.1967993974685669,-0.679097592830658,0.3470537066459656,0.011648665182292461,-0.03099999949336052,-0.9188895225524902,0.3945150077342987,-7.362311862380011e-07,-0.3945150077342987,-0.9188895225524902,1.8779624042508658e-06,0.4018573760986328,-0.13572581112384796,-0.03099970519542694,0.29225003719329834,0.15902315080165863,-0.031000293791294098
184,0.10232672840356827,-0.8384312391281128,-1.1066337823867798,2.735520601272583,1.1121119260787964,0.45051121711730957,2.840193510055542,0.7310030460357666,0.5145235061645508,-0.445384681224823,0.2562212646007538,-0.3879833221435547,0.41075950860977173,-0.2677983045578003,0.29490840435028076,0.0159321166574955,2.0317351818084717,-1.0766061544418335,0.8710983395576477,1.9722239971160889,3.0451536178588867,2.931709051132202,-0.14652645587921143,0.7308515310287476,0.17763274908065796,0.4345334470272064,0.294965922832489,0.3741745352745056,0.31180763244628906,-0.3179554343223572,0.3707260191440582,0.1558457911014557,-0.5474090576171875,0.040703337639570236,1.065333366394043,-0.04770946502685547,0.9484590291976929,0.3132878243923187,-0.13378743827342987,-0.3168865442276001,0.9389801621437073,0.22526815533638,-0.7303303480148315,0.47059041261672974,-0.40112507343292236,-0.6545290350914001,-0.6408514380455017,0.7225014567375183,0.20400124788284302,-0.6605870723724365,0.3470536768436432,0.011648662388324738,-0.03099999949336052,-0.9188895225524902,0.39451494812965393,-7.042877996354946e-07,-0.39451494812965393,-0.9188895225524902,1.9325409539305838e-06,0.4018573462963104,-0.13572582602500916,-0.030999701470136642,0.29225000739097595,0.15902313590049744,-0.031000297516584396
185,0.13034307956695557,-0.8650119304656982,-1.0823917388916016,2.711937427520752,1.1405985355377197,0.431139200925827,2.8607757091522217,0.7310159802436829,0.5117546916007996,-0.4456852674484253,0.25663745403289795,-0.3826221823692322,0.41231048107147217,-0.2802879512310028,0.2921731770038605,-0.01854594051837921,2.042755126953125,-1.0489634275436401,0.8943852186203003,1.998525857925415,3.0672993659973145,2.9087212085723877,-0.1198025643825531,0.7308306694030762,0.2007676064968109,0.4346558749675751,0.3049873411655426,0.3813011944293976,0.31769484281539917,-0.3237254023551941,0.3717719614505768,0.1789385825395584,-0.5533370971679688,0.016046011820435524,1.0530915260314941,-0.15393447875976562,0.9427792429924011,0.29575592279434204,-0.15229614078998566,-0.3183852434158325,0.9356478452682495,0.23597100377082825,-0.7247819900512695,0.48571932315826416,-0.36700546741485596,-0.6691380739212036,-0.64618980884552,0.7373206615447998,0.214283287525177,-0.6406566500663757,0.3470536768436432,0.011648659594357014,-0.03099999949336052,-0.9188895225524902,0.39451494812965393,-6.950884881007369e-07,-0.39451494812965393,-0.9188895225524902,1.9785463791777147e-06,0.4018573462963104,-0.13572582602500916,-0.030999697744846344,0.29225000739097595,0.15902313590049744,-0.031000301241874695
186,0.15806840360164642,-0.8915622234344482,-1.0585557222366333,2.6886630058288574,1.169006109237671,0.4104773700237274,2.880779266357422,0.7310199737548828,0.5059926509857178,-0.4445151090621948,0.2537483870983124,-0.3753788471221924,0.4146193265914917,-0.2986982762813568,0.28220587968826294,-0.0205962136387825,2.055624008178711,-1.0212820768356323,0.9187300801277161,2.0252342224121094,3.0900912284851074,2.885011911392212,-0.09293364733457565,0.7308032512664795,0.23657211661338806,0.43449410796165466,0.3188782334327698,0.39180392026901245,0.32749292254447937,-0.33371710777282715,0.37346842885017395,0.20974113047122955,-0.558119535446167,-0.009178693406283855,1.0402989387512207,-0.2567709684371948,0.926713228225708,0.2743564248085022,-0.1717788428068161,-0.3231147527694702,0.9306390881538391,0.24746263027191162,-0.7176536917686462,0.5015122890472412,-0.32892847061157227,-0.6836509108543396,-0.6514809727668762,0.7514784932136536,0.2283061146736145,-0.618996262550354,0.3470537066459656,0.011648665182292461,-0.03099999949336052,-0.9188895225524902,0.3945149779319763,-4.3346830125301494e-07,-0.3945149779319763,-0.9188895225524902,2.6816032914211974e-06,0.4018573760986328,-0.13572581112384796,-0.030999645590782166,0.29225003719329834,0.15902315080165863,-0.031000353395938873
187,0.18537719547748566,-0.9179672002792358,-1.035365343093872,2.6656253337860107,1.1973694562911987,0.3886219561100006,2.8998515605926514,0.7310060858726501,0.49936288595199585,-0.44024041295051575,0.2469884604215622,-0.3706125319004059,0.414705365896225,-0.31607118248939514,0.2699882388114929,-0.009339760057628155,2.0702545642852783,-0.9936734437942505,0.9439228177070618,2.0524449348449707,3.113534450531006,2.860518217086792,-0.06587985157966614,0.7307762503623962,0.26664289832115173,0.4342515468597412,0.3305214047431946,0.401843786239624,0.33701345324516296,-0.3445849120616913,0.37570539116859436,0.23986341059207916,-0.5615780353546143,-0.03493846580386162,1.0269923210144043,-0.3545788526535034,0.9010809659957886,0.24965393543243408,-0.19151437282562256,-0.3313305377960205,0.9238736629486084,0.2595927119255066,-0.7088419198989868,0.5179260969161987,-0.28703367710113525,-0.6975106000900269,-0.6565748453140259,0.7644924521446228,0.24620270729064941,-0.5957646369934082,0.3470537066459656,0.011648662388324738,-0.03099999949336052,-0.9188895225524902,0.3945149779319763,-4.242903628437489e-07,-0.3945149779319763,-0.9188895225524902,2.7274970761936856e-06,0.4018573760986328,-0.13572582602500916,-0.030999641865491867,0.29225003719329834,0.15902313590049744,-0.031000357121229172
188,0.21236464381217957,-0.9443110823631287,-1.0125538110733032,2.642827272415161,1.225677728652954,0.3661018908023834,2.918459177017212,0.7310100793838501,0.4942217469215393,-0.4383750855922699,0.2440214455127716,-0.3655584454536438,0.41546329855918884,-0.32573696970939636,0.26299527287483215,0.02231336571276188,2.086210012435913,-0.9661847949028015,0.969610869884491,2.0799524784088135,3.1373586654663086,2.8356542587280273,-0.03874786198139191,0.7307532429695129,0.28823912143707275,0.43475571274757385,0.33745694160461426,0.4078574478626251,0.3426365256309509,-0.34954220056533813,0.37649738788604736,0.2654368281364441,-0.5634742975234985,-0.061085283756256104,1.0132827758789062,-0.44710230827331543,0.866614580154419,0.22153717279434204,-0.21056771278381348,-0.34268224239349365,0.915549099445343,0.27191483974456787,-0.698277473449707,0.5348484516143799,-0.24199461936950684,-0.7100428342819214,-0.6612698435783386,0.7758046984672546,0.2677106261253357,-0.571365237236023,0.3470537066459656,0.011648662388324738,-0.03099999949336052,-0.9188895225524902,0.39451494812965393,-6.833284942331375e-07,-0.39451494812965393,-0.9188895225524902,2.046193003479857e-06,0.4018573760986328,-0.13572582602500916,-0.030999694019556046,0.29225003719329834,0.15902313590049744,-0.031000304967164993
189,0.23900768160820007,-0.9705982208251953,-0.9901936650276184,2.620267629623413,1.2539242506027222,0.3429909348487854,2.936583995819092,0.7310030460357666,0.48818790912628174,-0.4365956783294678,0.24083638191223145,-0.3605436384677887,0.41542956233024597,-0.33445754647254944,0.25684911012649536,-0.004732612520456314,2.1033401489257812,-0.9387544393539429,0.9957322478294373,2.107668876647949,3.1615333557128906,2.810465097427368,-0.011554288677871227,0.7307305932044983,0.30921411514282227,0.4359219968318939,0.34349995851516724,0.41343531012535095,0.3480125665664673,-0.35387933254241943,0.37708330154418945,0.2909011244773865,-0.5637452602386475,-0.08751170337200165,0.9991955161094666,-0.5334224700927734,0.8241438865661621,0.1903877854347229,-0.22843337059020996,-0.357082724571228,0.9057098031044006,0.2841556668281555,-0.685896635055542,0.5522819757461548,-0.19397199153900146,-0.7208194732666016,-0.6654279232025146,0.7850701808929443,0.2926836609840393,-0.5458949208259583,0.3470537066459656,0.011648660525679588,-0.03099999949336052,-0.9188895225524902,0.3945149779319763,-6.511284027510555e-07,-0.3945149779319763,-0.9188895225524902,2.0778252292075194e-06,0.4018573760986328,-0.13572582602500916,-0.030999694019556046,0.29225003719329834,0.15902313590049744,-0.031000304967164993
190,0.26523175835609436,-0.9967604875564575,-0.9684291481971741,2.597917079925537,1.2821159362792969,0.3192332684993744,2.9539899826049805,0.7309907674789429,0.4811164438724518,-0.4332945644855499,0.23500590026378632,-0.35611945390701294,0.41540294885635376,-0.34397807717323303,0.24694699048995972,-0.0004445277154445648,2.121605396270752,-0.911362886428833,1.0222891569137573,2.135631561279297,3.1860997676849365,2.7848641872406006,0.015740467235445976,0.7307069301605225,0.3294989764690399,0.4373200535774231,0.34977781772613525,0.4196327030658722,0.35388505458831787,-0.35942935943603516,0.3782157003879547,0.31754952669143677,-0.5623335838317871,-0.11411456018686295,0.9847630858421326,-0.6125568151473999,0.774716317653656,0.15680864453315735,-0.2446567416191101,-0.3744755983352661,0.894377589225769,0.296114057302475,-0.6716407537460327,0.570220947265625,-0.1430274248123169,-0.7294000387191772,-0.6689684987068176,0.7919031977653503,0.32109391689300537,-0.5194113850593567,0.3470537066459656,0.011648663319647312,-0.03099999949336052,-0.9188895225524902,0.3945149779319763,-6.655252491327701e-07,-0.3945149779319763,-0.9188895225524902,2.115865299856523e-06,0.4018573760986328,-0.13572581112384796,-0.03099968656897545,0.29225003719329834,0.15902315080165863,-0.03100031241774559
191,0.29099342226982117,-1.0226260423660278,-0.947760820388794,2.5757181644439697,1.31026029586792,0.29499924182891846,2.970449686050415,0.7309955358505249,0.47418686747550964,-0.4270985722541809,0.22209587693214417,-0.35329487919807434,0.4149554669857025,-0.35104483366012573,0.23429939150810242,-0.030198052525520325,2.140901803970337,-0.8840698599815369,1.049190640449524,2.163829803466797,3.211002826690674,2.758948802947998,0.04307078197598457,0.7306839227676392,0.34756720066070557,0.4377530515193939,0.35506129264831543,0.42550644278526306,0.358890563249588,-0.3635289967060089,0.37843868136405945,0.3436335325241089,-0.5590721368789673,-0.1408413201570511,0.9700574278831482,-0.6836391687393188,0.7195922136306763,0.12175697088241577,-0.25853967666625977,-0.39479851722717285,0.8816415071487427,0.30752018094062805,-0.655491054058075,0.5885626673698425,-0.08945322036743164,-0.7353094220161438,-0.6718021631240845,0.7957937717437744,0.35283809900283813,-0.4921560287475586,0.3470537066459656,0.011648664250969887,-0.03099999949336052,-0.9188895225524902,0.39451494812965393,-6.413885103029315e-07,-0.39451494812965393,-0.9188895225524902,2.140348669854575e-06,0.4018573760986328,-0.13572581112384796,-0.03099968656897545,0.29225003719329834,0.15902315080165863,-0.03100031241774559
192,0.31646957993507385,-1.0478118658065796,-0.9295615553855896,2.5535342693328857,1.3383934497833252,0.2710689902305603,2.985996961593628,0.7309911251068115,0.4740872383117676,-0.4139021933078766,0.18778754770755768,-0.35429638624191284,0.41670098900794983,-0.3468286991119385,0.2192308008670807,0.03456226363778114,2.1607468128204346,-0.8571227192878723,1.0760871171951294,2.1921582221984863,3.235905647277832,2.733283281326294,0.07009115070104599,0.7306670546531677,0.3556223511695862,0.43380314111709595,0.3561426103115082,0.4286181330680847,0.3587728440761566,-0.35964611172676086,0.37388941645622253,0.36295101046562195,-0.5534764528274536,-0.16783764958381653,0.9552282691001892,-0.7461560964584351,0.660086452960968,0.08681488037109375,-0.26880019903182983,-0.4179800748825073,0.8677781820297241,0.3179321587085724,-0.6376205086708069,0.6069432497024536,-0.034302473068237305,-0.7381210327148438,-0.673795759677887,0.7961081266403198,0.3873937726020813,-0.46490639448165894,0.3470537066459656,0.011648663319647312,-0.03099999949336052,-0.9188895225524902,0.39451491832733154,-6.190447265908006e-07,-0.39451491832733154,-0.9188895225524902,2.164596708098543e-06,0.4018573760986328,-0.13572579622268677,-0.03099968656897545,0.29225003719329834,0.15902313590049744,-0.03100031241774559
193,0.34173494577407837,-1.0725125074386597,-0.9132862091064453,2.5314531326293945,1.3664095401763916,0.2472963184118271,3.0012362003326416,0.731006383895874,0.46904855966567993,-0.4078952670097351,0.16270403563976288,-0.35063984990119934,0.4164648652076721,-0.3448284864425659,0.2139226496219635,0.037105485796928406,2.1813697814941406,-0.8304551839828491,1.1030670404434204,2.2204480171203613,3.260852098464966,2.707899570465088,0.09679099917411804,0.7306481599807739,0.37067273259162903,0.4323367774486542,0.357695996761322,0.43097373843193054,0.3597482740879059,-0.3553112745285034,0.3691716194152832,0.38474521040916443,-0.5456902980804443,-0.1948813498020172,0.9402437806129456,-0.8007441759109497,0.5967780947685242,0.05162131041288376,-0.2755011022090912,-0.44343841075897217,0.8529136180877686,0.3271862268447876,-0.6180053949356079,0.6253449320793152,0.022466838359832764,-0.7375824451446533,-0.6748831868171692,0.7925178408622742,0.4246445894241333,-0.43771275877952576,0.3470537066459656,0.011648666113615036,-0.03099999949336052,-0.9188895225524902,0.39451494812965393,-6.215096277628618e-07,-0.39451494812965393,-0.9188895225524902,2.211148057540413e-06,0.4018573760986328,-0.13572581112384796,-0.03099967911839485,0.29225003719329834,0.15902315080165863,-0.031000319868326187
194,0.3665725290775299,-1.0967276096343994,-0.8995998501777649,2.5096330642700195,1.3942972421646118,0.22356176376342773,3.015949249267578,0.730985701084137,0.4630143940448761,-0.4022444486618042,0.12718677520751953,-0.34639972448349,0.41506022214889526,-0.34514522552490234,0.20760001242160797,-0.023966487497091293,2.2029502391815186,-0.8041027784347534,1.130240797996521,2.2487971782684326,3.285912036895752,2.682753324508667,0.12311721593141556,0.730627179145813,0.38798731565475464,0.42829641699790955,0.3613278269767761,0.43492770195007324,0.3613937199115753,-0.3515426218509674,0.363705575466156,0.40915247797966003,-0.5359952449798584,-0.2218993604183197,0.9248576760292053,-0.8470268249511719,0.5312792062759399,0.016976209357380867,-0.2787350118160248,-0.4711322784423828,0.8368639945983887,0.3351568877696991,-0.5966520309448242,0.6436804533004761,0.08085155487060547,-0.7333405017852783,-0.6750367879867554,0.784534752368927,0.46455997228622437,-0.41071808338165283,0.3470536768436432,0.011648666113615036,-0.03099999949336052,-0.9188895225524902,0.39451494812965393,-7.220414772746153e-07,-0.39451494812965393,-0.9188895225524902,1.89931904515106e-06,0.4018573462963104,-0.13572581112384796,-0.03099970519542694,0.29225000739097595,0.15902315080165863,-0.031000293791294098
195,0.39137548208236694,-1.1208879947662354,-0.8861522674560547,2.4881272315979004,1.4220858812332153,0.1992754191160202,3.0311737060546875,0.7309909462928772,0.4621291756629944,-0.3981409966945648,0.12649431824684143,-0.3417944014072418,0.41375732421875,-0.3525914251804352,0.21424879133701324,-0.014817435294389725,2.2245593070983887,-0.777978241443634,1.1574980020523071,2.2773244380950928,3.310864210128784,2.6577913761138916,0.14943335950374603,0.730615496635437,0.3839508891105652,0.4300915002822876,0.36392056941986084,0.43612340092658997,0.3598334789276123,-0.348778635263443,0.36339423060417175,0.42297232151031494,-0.5244485139846802,-0.24851159751415253,0.9092651605606079,-0.8863983154296875,0.46251651644706726,-0.01940430887043476,-0.27886277437210083,-0.5000348091125488,0.8198786377906799,0.3414295017719269,-0.5739855170249939,0.6618542075157166,0.1393231749534607,-0.7250311970710754,-0.674476683139801,0.7722671627998352,0.5058920383453369,-0.3842872381210327,0.3470536768436432,0.011648664250969887,-0.03099999949336052,-0.9188895225524902,0.39451494812965393,-7.031227369225235e-07,-0.39451494812965393,-0.9188895225524902,1.938780087584746e-06,0.4018573462963104,-0.13572581112384796,-0.030999701470136642,0.29225000739097595,0.15902315080165863,-0.031000297516584396
