step,agent/xarm7_ball_ee-0/qpos_0,agent/xarm7_ball_ee-0/qpos_1,agent/xarm7_ball_ee-0/qpos_2,agent/xarm7_ball_ee-0/qpos_3,agent/xarm7_ball_ee-0/qpos_4,agent/xarm7_ball_ee-0/qpos_5,agent/xarm7_ball_ee-0/qpos_6,agent/xarm7_ball_ee-0/qpos_7,agent/xarm7_ball_ee-0/qvel_0,agent/xarm7_ball_ee-0/qvel_1,agent/xarm7_ball_ee-0/qvel_2,agent/xarm7_ball_ee-0/qvel_3,agent/xarm7_ball_ee-0/qvel_4,agent/xarm7_ball_ee-0/qvel_5,agent/xarm7_ball_ee-0/qvel_6,agent/xarm7_ball_ee-0/qvel_7,agent/xarm7_ball_ee-1/qpos_0,agent/xarm7_ball_ee-1/qpos_1,agent/xarm7_ball_ee-1/qpos_2,agent/xarm7_ball_ee-1/qpos_3,agent/xarm7_ball_ee-1/qpos_4,agent/xarm7_ball_ee-1/qpos_5,agent/xarm7_ball_ee-1/qpos_6,agent/xarm7_ball_ee-1/qpos_7,agent/xarm7_ball_ee-1/qvel_0,agent/xarm7_ball_ee-1/qvel_1,agent/xarm7_ball_ee-1/qvel_2,agent/xarm7_ball_ee-1/qvel_3,agent/xarm7_ball_ee-1/qvel_4,agent/xarm7_ball_ee-1/qvel_5,agent/xarm7_ball_ee-1/qvel_6,agent/xarm7_ball_ee-1/qvel_7,extra/left_tcp_pose_6d_from_bimanual_center_0,extra/left_tcp_pose_6d_from_bimanual_center_1,extra/left_tcp_pose_6d_from_bimanual_center_2,extra/left_tcp_pose_6d_from_bimanual_center_3,extra/left_tcp_pose_6d_from_bimanual_center_4,extra/left_tcp_pose_6d_from_bimanual_center_5,extra/left_tcp_pose_6d_from_bimanual_center_6,extra/left_tcp_pose_6d_from_bimanual_center_7,extra/left_tcp_pose_6d_from_bimanual_center_8,extra/right_tcp_pose_6d_from_bimanual_center_0,extra/right_tcp_pose_6d_from_bimanual_center_1,extra/right_tcp_pose_6d_from_bimanual_center_2,extra/right_tcp_pose_6d_from_bimanual_center_3,extra/right_tcp_pose_6d_from_bimanual_center_4,extra/right_tcp_pose_6d_from_bimanual_center_5,extra/right_tcp_pose_6d_from_bimanual_center_6,extra/right_tcp_pose_6d_from_bimanual_center_7,extra/right_tcp_pose_6d_from_bimanual_center_8,extra/box_pose_6d_from_bimanual_center_0,extra/box_pose_6d_from_bimanual_center_1,extra/box_pose_6d_from_bimanual_center_2,extra/box_pose_6d_from_bimanual_center_3,extra/box_pose_6d_from_bimanual_center_4,extra/box_pose_6d_from_bimanual_center_5,extra/box_pose_6d_from_bimanual_center_6,extra/box_pose_6d_from_bimanual_center_7,extra/box_pose_6d_from_bimanual_center_8,extra/pushpoint_left_from_bimanual_center_0,extra/pushpoint_left_from_bimanual_center_1,extra/pushpoint_left_from_bimanual_center_2,extra/pushpoint_right_from_bimanual_center_0,extra/pushpoint_right_from_bimanual_center_1,extra/pushpoint_right_from_bimanual_center_2
0,-0.08691234141588211,-0.8284981846809387,-0.34385886788368225,0.8027503490447998,0.007909833453595638,0.9609059691429138,0.1385107785463333,0.7309998869895935,-0.03599207103252411,-0.1363154947757721,0.4438958466053009,-0.4036399722099304,0.2936072051525116,0.314834326505661,-0.06172775477170944,-0.011616738513112068,0.29422691464424133,-0.5674662590026855,0.1496056318283081,1.2316097021102905,-0.11913128197193146,1.295881986618042,0.0665924921631813,0.7309311628341675,0.261925607919693,0.4519134759902954,-0.16654972732067108,-0.5305454134941101,-0.028677169233560562,0.3711755871772766,-0.2787010669708252,0.07664351910352707,0.4215829372406006,0.16945557296276093,0.34142234921455383,-0.4031541347503662,-0.8522534370422363,-0.3333630859851837,0.6317274570465088,0.004379332065582275,-0.7751783132553101,0.42208075523376465,-0.17203333973884583,0.40810343623161316,0.3240531086921692,-0.931847095489502,0.16325025260448456,0.5098230242729187,0.026652753353118896,-0.8598664999008179,0.3295552730560303,-0.017113247886300087,-0.03100002557039261,-0.5616053342819214,0.8274054527282715,-7.942307433950191e-07,-0.8274054527282715,-0.5616053342819214,6.004251673630279e-08,0.29633069038391113,-0.1707974672317505,-0.030999932438135147,0.3627798557281494,0.13657096028327942,-0.03100011870265007
1,-0.09321847558021545,-0.8372485041618347,-0.3175629675388336,0.7779184579849243,0.025162924081087112,0.9818980097770691,0.13407714664936066,0.7310064435005188,-0.06837189197540283,-0.10268209874629974,0.39120039343833923,-0.3907904624938965,0.24318398535251617,0.3049332797527313,-0.06203437224030495,-0.005912375636398792,0.3110675513744354,-0.5447458028793335,0.13621748983860016,1.2011750936508179,-0.12340465933084488,1.3191617727279663,0.04797466844320297,0.7309222221374512,0.2111872434616089,0.4153127670288086,-0.20536178350448608,-0.5069732666015625,-0.061518874019384384,0.3416369557380676,-0.260759174823761,0.07458826899528503,0.416607141494751,0.1877560019493103,0.32792869210243225,-0.390170693397522,-0.8604056239128113,-0.32782450318336487,0.6080353260040283,0.02659153938293457,-0.7934644818305969,0.4149901866912842,-0.17783698439598083,0.37624800205230713,0.34899187088012695,-0.9213581085205078,0.1711839884519577,0.44781726598739624,0.0035011768341064453,-0.8941183090209961,0.3295552730560303,-0.01711316406726837,-0.03100001811981201,-0.5616053342819214,0.8274052739143372,-7.139640842979134e-07,-0.8274052739143372,-0.5616053342819214,7.048143402244023e-07,0.2963307201862335,-0.17079736292362213,-0.030999861657619476,0.362779825925827,0.1365710347890854,-0.031000174582004547
2,-0.10368380695581436,-0.8470266461372375,-0.2919725477695465,0.7522351145744324,0.041408978402614594,1.0035127401351929,0.12960627675056458,0.731019139289856,-0.13388946652412415,-0.12952589988708496,0.378978967666626,-0.39993980526924133,0.22907759249210358,0.3137368857860565,-0.06261783093214035,-0.007363650016486645,0.3257806599140167,-0.5235534310340881,0.11955127865076065,1.1711223125457764,-0.12862850725650787,1.3402913808822632,0.029142044484615326,0.7309229373931885,0.1721847504377365,0.39389297366142273,-0.26025283336639404,-0.5023003816604614,-0.07602296769618988,0.3115589916706085,-0.26380619406700134,0.07794344425201416,0.4097940921783447,0.2035551369190216,0.3139764368534088,-0.38149869441986084,-0.8666039109230042,-0.32164648175239563,0.5824828147888184,0.0448116660118103,-0.8116068840026855,0.4073188304901123,-0.18617309629917145,0.3468896448612213,0.3705374598503113,-0.9119384288787842,0.17626814544200897,0.38699695467948914,-0.020938754081726074,-0.9218432903289795,0.3295552730560303,-0.01711328513920307,-0.03100006654858589,-0.5616053342819214,0.8274053335189819,-4.930154204885184e-07,-0.8274053335189819,-0.5616053342819214,-8.087499026032674e-08,0.2963307201862335,-0.17079748213291168,-0.03100002184510231,0.362779825925827,0.13657091557979584,-0.031000111252069473
3,-0.11818011850118637,-0.8584190607070923,-0.26688152551651,0.7260414958000183,0.056852102279663086,1.0257227420806885,0.12475991249084473,0.7310368418693542,-0.19586819410324097,-0.1558324694633484,0.3677876889705658,-0.40544408559799194,0.2174733728170395,0.3217848241329193,-0.06784691661596298,-0.006637864746153355,0.3388994634151459,-0.5036645531654358,0.10053594410419464,1.1412171125411987,-0.13496708869934082,1.3590527772903442,0.009779580868780613,0.7309197783470154,0.14930516481399536,0.36905649304389954,-0.29331040382385254,-0.49638500809669495,-0.091843381524086,0.27756500244140625,-0.2712862491607666,0.08494285494089127,0.40145373344421387,0.21700145304203033,0.30009064078330994,-0.37649083137512207,-0.871256411075592,-0.3149079382419586,0.5561504364013672,0.05929553508758545,-0.8289636969566345,0.39914536476135254,-0.1962607055902481,0.31973952054977417,0.39002686738967896,-0.9031696319580078,0.1793423444032669,0.3276883363723755,-0.0458751916885376,-0.9436715245246887,0.3295552730560303,-0.017113247886300087,-0.03100002557039261,-0.5616052150726318,0.8274053931236267,-7.803953963048116e-07,-0.8274053931236267,-0.5616052150726318,9.917762611166836e-08,0.29633069038391113,-0.1707974374294281,-0.03099992871284485,0.3627798557281494,0.13657093048095703,-0.03100012242794037
4,-0.13684827089309692,-0.8711268305778503,-0.24153484404087067,0.6989895701408386,0.0748613104224205,1.0480573177337646,0.12131097167730331,0.7310367226600647,-0.25606802105903625,-0.17429812252521515,0.3710422217845917,-0.4192352592945099,0.25298258662223816,0.3239193856716156,-0.04830386862158775,-0.00431878911331296,0.3495529890060425,-0.484649121761322,0.08033310621976852,1.1117477416992188,-0.14204412698745728,1.3770135641098022,-0.009255253709852695,0.7309165000915527,0.10872241109609604,0.3554448187351227,-0.3140864074230194,-0.4901563823223114,-0.10303529351949692,0.26648035645484924,-0.266745388507843,0.09124211221933365,0.39217400550842285,0.22919383645057678,0.2863506078720093,-0.37611377239227295,-0.8728408217430115,-0.3109460473060608,0.5298768281936646,0.07268363237380981,-0.844954252243042,0.39016222953796387,-0.20794209837913513,0.29438406229019165,0.40678542852401733,-0.8955336809158325,0.18040280044078827,0.26869481801986694,-0.07145309448242188,-0.9605715274810791,0.3295552730560303,-0.01711331121623516,-0.03100006654858589,-0.5616053342819214,0.8274052739143372,-2.5883403509396885e-07,-0.8274052739143372,-0.5616053342819214,2.969284764731128e-07,0.2963307201862335,-0.17079751193523407,-0.031000003218650818,0.362779825925827,0.13657088577747345,-0.031000129878520966
5,-0.15896297991275787,-0.8846397399902344,-0.2152993083000183,0.6709603071212769,0.09696406126022339,1.0703030824661255,0.12091106921434402,0.7310261726379395,-0.3043575882911682,-0.18414367735385895,0.3846556544303894,-0.435152143239975,0.31127870082855225,0.32302936911582947,-0.005546106491237879,-0.0003083230694755912,0.35579994320869446,-0.46603676676750183,0.05962153151631355,1.0830388069152832,-0.1508178412914276,1.3959221839904785,-0.026966635137796402,0.7309200167655945,0.0339132621884346,0.34694793820381165,-0.33016401529312134,-0.4787133038043976,-0.1286819726228714,0.2801469564437866,-0.24824583530426025,0.0895506888628006,0.3824036121368408,0.24106436967849731,0.2726690173149109,-0.3810105323791504,-0.8706432580947876,-0.3111451268196106,0.5037466287612915,0.08670943975448608,-0.8594887256622314,0.38025546073913574,-0.22212541103363037,0.27061688899993896,0.418590784072876,-0.8900401592254639,0.18058323860168457,0.20878854393959045,-0.09920382499694824,-0.9729161262512207,0.3295552730560303,-0.017113184556365013,-0.031000033020973206,-0.5616052150726318,0.8274053335189819,-5.245925080998859e-07,-0.8274053335189819,-0.5616052150726318,7.439314941848352e-08,0.29633069038391113,-0.17079736292362213,-0.030999965965747833,0.3627798557281494,0.136571004986763,-0.031000100076198578
6,-0.18334750831127167,-0.8997647762298584,-0.1883806586265564,0.6421650052070618,0.12177401781082153,1.0935736894607544,0.12284427881240845,0.731019914150238,-0.3381008207798004,-0.211903914809227,0.39349645376205444,-0.4444178342819214,0.34835243225097656,0.3374435305595398,0.027045339345932007,-0.0014252595137804747,0.35646384954452515,-0.44774922728538513,0.038179993629455566,1.055516004562378,-0.1614512950181961,1.4162514209747314,-0.04357441887259483,0.7309175729751587,-0.059786226600408554,0.3365629017353058,-0.35048073530197144,-0.45896607637405396,-0.15672756731510162,0.3000745177268982,-0.23286505043506622,0.0960584431886673,0.3719804286956787,0.2528224587440491,0.25912123918533325,-0.3898988962173462,-0.865732729434967,-0.31382402777671814,0.4774590730667114,0.1013493537902832,-0.8727892637252808,0.36946702003479004,-0.239206001162529,0.24865543842315674,0.42438822984695435,-0.8873743414878845,0.18017035722732544,0.14759331941604614,-0.12852442264556885,-0.9806617498397827,0.3295552730560303,-0.01711331121623516,-0.03100006654858589,-0.5616053342819214,0.8274053335189819,1.679538641496947e-08,-0.8274053335189819,-0.5616053342819214,6.053072638678714e-07,0.2963307201862335,-0.17079751193523407,-0.03099999949336052,0.362779825925827,0.13657088577747345,-0.031000133603811264
7,-0.21004927158355713,-0.9168135523796082,-0.1606934368610382,0.6127240657806396,0.1489962935447693,1.1184930801391602,0.12667964398860931,0.7310158014297485,-0.37261927127838135,-0.24103327095508575,0.4037812650203705,-0.4540940523147583,0.3820589780807495,0.3608296513557434,0.05373009294271469,0.0012257633497938514,0.3503657281398773,-0.42999351024627686,0.01577412709593773,1.0308305025100708,-0.1744370460510254,1.43925142288208,-0.05962647870182991,0.7309107780456543,-0.17468410730361938,0.3159556984901428,-0.37618300318717957,-0.40986499190330505,-0.19233156740665436,0.33689528703689575,-0.22519738972187042,0.10938137769699097,0.36084914207458496,0.2644936442375183,0.24574080109596252,-0.40255260467529297,-0.8583210706710815,-0.31817686557769775,0.4509202539920807,0.11655592918395996,-0.8849213123321533,0.35787224769592285,-0.25955575704574585,0.22931110858917236,0.423164963722229,-0.8880307674407959,0.17981351912021637,0.08532718569040298,-0.15851736068725586,-0.9836623072624207,0.3295552730560303,-0.017113281413912773,-0.03100006654858589,-0.5616052150726318,0.8274053931236267,-4.6787300789219444e-07,-0.8274053931236267,-0.5616052150726318,1.991690652403122e-07,0.29633069038391113,-0.1707974672317505,-0.030999992042779922,0.3627798557281494,0.13657090067863464,-0.03100014105439186
8,-0.23786085844039917,-0.9330370426177979,-0.13290010392665863,0.5831511616706848,0.17721156775951385,1.1432828903198242,0.13280294835567474,0.731020987033844,-0.3877888321876526,-0.2181399017572403,0.40467849373817444,-0.4615090787410736,0.3957656919956207,0.3594304025173187,0.08580267429351807,-0.031272582709789276,0.33886340260505676,-0.41092178225517273,-0.006316906772553921,1.0100855827331543,-0.18901844322681427,1.464660882949829,-0.07245075702667236,0.7308996915817261,-0.24776241183280945,0.34007251262664795,-0.367443323135376,-0.3538960814476013,-0.21403150260448456,0.36984774470329285,-0.18011605739593506,0.1266712099313736,0.3495767116546631,0.2756849229335785,0.23209092020988464,-0.4193767309188843,-0.8484560251235962,-0.3228711485862732,0.42345157265663147,0.13176727294921875,-0.8962846994400024,0.3453834056854248,-0.2815822958946228,0.21246349811553955,0.4147246479988098,-0.8920590281486511,0.17953906953334808,0.0215266402810812,-0.18763375282287598,-0.9820032119750977,0.3295552730560303,-0.01711328513920307,-0.03100006654858589,-0.5616053342819214,0.8274053335189819,-4.790480829797161e-07,-0.8274053335189819,-0.5616053342819214,-3.2395455207279156e-08,0.2963307201862335,-0.17079748213291168,-0.03100001811981201,0.362779825925827,0.13657091557979584,-0.03100011497735977
9,-0.26611950993537903,-0.9479387402534485,-0.10525327920913696,0.5533880591392517,0.20593978464603424,1.167314052581787,0.14233309030532837,0.7310154438018799,-0.3950074017047882,-0.19731788337230682,0.40177446603775024,-0.46520254015922546,0.40263909101486206,0.348703533411026,0.1334671676158905,-0.023038631305098534,0.3225098252296448,-0.38884103298187256,-0.027494104579091072,0.9929016828536987,-0.20329774916172028,1.4915075302124023,-0.07918146252632141,0.7308760285377502,-0.3232901692390442,0.38946211338043213,-0.35709014534950256,-0.3055192232131958,-0.20978666841983795,0.3896926939487457,-0.09476839751005173,0.1560564488172531,0.3383200168609619,0.2863953113555908,0.21812081336975098,-0.44099628925323486,-0.8355530500411987,-0.3276790678501129,0.39510518312454224,0.14708161354064941,-0.9067850112915039,0.33174777030944824,-0.3040027618408203,0.19740062952041626,0.39733779430389404,-0.900104820728302,0.1787010282278061,-0.04523992910981178,-0.21370935440063477,-0.9758492708206177,0.3295552730560303,-0.017113182693719864,-0.031000033020973206,-0.5616052150726318,0.8274053335189819,-3.255473188801261e-07,-0.8274053335189819,-0.5616052150726318,1.0866212818427812e-07,0.29633069038391113,-0.17079736292362213,-0.030999984592199326,0.3627798557281494,0.136571004986763,-0.031000081449747086
10,-0.29428228735923767,-0.9598329067230225,-0.08001132309436798,0.523773193359375,0.23381316661834717,1.1874929666519165,0.15262295305728912,0.7310128808021545,-0.397873193025589,-0.14658783376216888,0.3619656562805176,-0.4649728536605835,0.3895511329174042,0.29376155138015747,0.1441165953874588,-0.019239431247115135,0.3027242124080658,-0.36568698287010193,-0.047923579812049866,0.9784066081047058,-0.21374745666980743,1.518305778503418,-0.07843063026666641,0.7308342456817627,-0.3705793023109436,0.3915465176105499,-0.3432950973510742,-0.25945520401000977,-0.15573474764823914,0.3875790238380432,0.009429067373275757,0.20767562091350555,0.327838659286499,0.29560527205467224,0.2040621042251587,-0.4659997224807739,-0.820054292678833,-0.3321976959705353,0.36773401498794556,0.16198241710662842,-0.9157147407531738,0.3168814182281494,-0.3248533010482788,0.1842394769191742,0.36975330114364624,-0.9123783111572266,0.17563696205615997,-0.11318793892860413,-0.23185765743255615,-0.9661421179771423,0.3295552730560303,-0.017113305628299713,-0.03100006654858589,-0.5616053342819214,0.8274053335189819,4.838447509314392e-08,-0.8274053335189819,-0.5616053342819214,3.1958117574504286e-07,0.2963307201862335,-0.17079749703407288,-0.031000036746263504,0.362779825925827,0.13657090067863464,-0.03100009635090828
11,-0.3222014307975769,-0.9682048559188843,-0.06071239337325096,0.4943978190422058,0.2590741515159607,1.2025738954544067,0.16157688200473785,0.7310001254081726,-0.40177157521247864,-0.09332200884819031,0.268675297498703,-0.46129852533340454,0.35101038217544556,0.22091203927993774,0.12535876035690308,-0.0001243856968358159,0.28067919611930847,-0.34332385659217834,-0.06786137819290161,0.9662646651268005,-0.21898579597473145,1.544921636581421,-0.07244889438152313,0.7307858467102051,-0.4053695499897003,0.3697357177734375,-0.33516088128089905,-0.21995291113853455,-0.08262534439563751,0.3840869963169098,0.08222836256027222,0.26632073521614075,0.31832385063171387,0.3023528456687927,0.19014394283294678,-0.4937174320220947,-0.8015697598457336,-0.337237685918808,0.3429940640926361,0.17686772346496582,-0.9225362539291382,0.30094361305236816,-0.3431318402290344,0.17318949103355408,0.33371227979660034,-0.9272119998931885,0.17004160583019257,-0.18032978475093842,-0.23984146118164062,-0.9539169073104858,0.3295552730560303,-0.01711319200694561,-0.03100001811981201,-0.5616053342819214,0.8274054527282715,-7.453371608789894e-07,-0.8274054527282715,-0.5616053342819214,2.72466962769613e-07,0.29633069038391113,-0.1707974076271057,-0.030999906361103058,0.3627798557281494,0.1365710198879242,-0.031000129878520966
12,-0.34969860315322876,-0.9717260003089905,-0.053250961005687714,0.46541860699653625,0.2780272960662842,1.211439609527588,0.1682634949684143,0.7309659123420715,-0.407149076461792,-0.017655376344919205,0.08681670576334,-0.4575609266757965,0.25935786962509155,0.13216161727905273,0.09351235628128052,0.04503924772143364,0.2569853961467743,-0.3227023780345917,-0.08812808990478516,0.9556168913841248,-0.2169714868068695,1.571286916732788,-0.06291909515857697,0.7307180762290955,-0.4337354004383087,0.33774876594543457,-0.3398987650871277,-0.1957452893257141,0.01898954063653946,0.3801044821739197,0.13128843903541565,0.34849509596824646,0.3096902370452881,0.30514413118362427,0.17637071013450623,-0.5251263380050659,-0.7784255146980286,-0.34394216537475586,0.322170227766037,0.19223427772521973,-0.9269586801528931,0.283888578414917,-0.35798782110214233,0.16388249397277832,0.2895166277885437,-0.9436812400817871,0.16014321148395538,-0.2462562918663025,-0.23511195182800293,-0.9402554035186768,0.3295552730560303,-0.017113186419010162,-0.03100001811981201,-0.5616052150726318,0.8274053335189819,-3.473203378234757e-07,-0.8274053335189819,-0.5616052150726318,3.893452458214597e-07,0.29633069038391113,-0.17079737782478333,-0.030999936163425446,0.3627798557281494,0.1365709900856018,-0.031000100076198578
13,-0.376968652009964,-0.9700477719306946,-0.05965512618422508,0.43681618571281433,0.2875570058822632,1.2136460542678833,0.17327570915222168,0.7309382557868958,-0.4120626747608185,0.0593625083565712,-0.11791344732046127,-0.45306599140167236,0.12469268590211868,0.037563666701316833,0.06993292272090912,0.0907391682267189,0.23192529380321503,-0.3034347593784332,-0.10889420658349991,0.9469590783119202,-0.20843103528022766,1.5973714590072632,-0.050025343894958496,0.7306568622589111,-0.45700132846832275,0.31261444091796875,-0.3460525870323181,-0.16202543675899506,0.10989999026060104,0.37487754225730896,0.17771299183368683,0.42345088720321655,0.3015916347503662,0.3033454418182373,0.16260898113250732,-0.5606374740600586,-0.7498276233673096,-0.35134628415107727,0.3055746257305145,0.2070103883743286,-0.9293928146362305,0.26639485359191895,-0.3694239854812622,0.15627488493919373,0.2369287610054016,-0.9603191614151001,0.147145614027977,-0.3094833195209503,-0.2181715965270996,-0.9255383014678955,0.3295552730560303,-0.01711328513920307,-0.03100006654858589,-0.5616050958633423,0.8274053931236267,-5.092603601042356e-07,-0.8274053931236267,-0.5616050958633423,4.7054288643266773e-07,0.29633069038391113,-0.1707974523305893,-0.030999958515167236,0.3627798557281494,0.13657088577747345,-0.031000174582004547
14,-0.4043397605419159,-0.9640957713127136,-0.07543862611055374,0.4084605276584625,0.2885266840457916,1.210448145866394,0.17714661359786987,0.7309347987174988,-0.4134666621685028,0.12074027955532074,-0.24816006422042847,-0.45117002725601196,0.004170624539256096,-0.037897273898124695,0.05381961539387703,0.10133247077465057,0.2060372680425644,-0.2850014865398407,-0.13031983375549316,0.9399464726448059,-0.1950778067111969,1.623106598854065,-0.034867532551288605,0.7306094169616699,-0.47275781631469727,0.2994673550128937,-0.3545704782009125,-0.13716141879558563,0.17690232396125793,0.3692493140697479,0.20886731147766113,0.48141634464263916,0.29348015785217285,0.29828912019729614,0.14857973158359528,-0.598217248916626,-0.717428982257843,-0.35697609186172485,0.29163533449172974,0.2200103998184204,-0.9308835864067078,0.2488877773284912,-0.3778685927391052,0.15012583136558533,0.17761415243148804,-0.9751263856887817,0.1325961947441101,-0.36914414167404175,-0.19091713428497314,-0.909551203250885,0.3295552730560303,-0.01711319014430046,-0.03100001811981201,-0.5616052150726318,0.8274053335189819,-3.198000513293664e-07,-0.8274053335189819,-0.5616052150726318,4.4522744246933144e-07,0.29633069038391113,-0.17079737782478333,-0.030999932438135147,0.3627798557281494,0.1365709900856018,-0.031000103801488876
15,-0.4317711293697357,-0.95391845703125,-0.09714137762784958,0.38040831685066223,0.28088414669036865,1.2020407915115356,0.1789122074842453,0.7309539914131165,-0.41419553756713867,0.1833522468805313,-0.3298623561859131,-0.4486806094646454,-0.11656887084245682,-0.11068800836801529,0.02443470060825348,0.08060716837644577,0.1803298145532608,-0.26739752292633057,-0.15197822451591492,0.9317530989646912,-0.17767557501792908,1.6480810642242432,-0.019290611147880554,0.7305747270584106,-0.46434542536735535,0.29295846819877625,-0.3531773090362549,-0.1608436554670334,0.23451974987983704,0.359201580286026,0.21425355970859528,0.5237763524055481,0.2849009037017822,0.29068654775619507,0.13389252126216888,-0.635348916053772,-0.6841349005699158,-0.35817793011665344,0.27851593494415283,0.22959840297698975,-0.9325843453407288,0.23087525367736816,-0.38325661420822144,0.14465589821338654,0.11530542373657227,-0.9864686727523804,0.11655251681804657,-0.4259243905544281,-0.15510106086730957,-0.8913654088973999,0.3295552730560303,-0.01711328513920307,-0.03100006654858589,-0.5616053342819214,0.8274053335189819,-4.83684061691747e-07,-0.8274053335189819,-0.5616053342819214,5.146198418515269e-07,0.2963307201862335,-0.17079748213291168,-0.030999954789876938,0.362779825925827,0.13657091557979584,-0.031000178307294846
16,-0.4592215418815613,-0.9439272284507751,-0.12061833590269089,0.3526831865310669,0.26767969131469727,1.189009666442871,0.18269269168376923,0.7309665679931641,-0.4126805067062378,0.16633813083171844,-0.35094505548477173,-0.43386954069137573,-0.1930713951587677,-0.17680546641349792,0.05271558836102486,0.06619032472372055,0.1545751988887787,-0.2495763897895813,-0.17153435945510864,0.924634575843811,-0.15859611332416534,1.6725947856903076,-0.0028209001757204533,0.730577290058136,-0.4527972936630249,0.2904678285121918,-0.3154805898666382,-0.13631929457187653,0.25833359360694885,0.3505217134952545,0.22638940811157227,0.5334410667419434,0.27631163597106934,0.2817399501800537,0.11960767209529877,-0.6719565391540527,-0.6493608355522156,-0.35609695315361023,0.26846927404403687,0.23454046249389648,-0.9342992305755615,0.21361422538757324,-0.38612881302833557,0.14043565094470978,0.05233931541442871,-0.9933716654777527,0.1023402065038681,-0.47761034965515137,-0.11490046977996826,-0.8710261583328247,0.3295552730560303,-0.017113300040364265,-0.03100006654858589,-0.5616052150726318,0.8274053335189819,4.0982460092209294e-08,-0.8274053335189819,-0.5616052150726318,6.172981557028834e-07,0.29633069038391113,-0.17079748213291168,-0.03099999949336052,0.3627798557281494,0.13657088577747345,-0.031000133603811264
17,-0.487018883228302,-0.9380367398262024,-0.1432293802499771,0.3261045217514038,0.24842657148838043,1.173452377319336,0.18561004102230072,0.7309927344322205,-0.4176653027534485,0.09351616352796555,-0.3360287845134735,-0.40613752603530884,-0.2767609655857086,-0.21381619572639465,0.040727436542510986,0.04289154335856438,0.1315099000930786,-0.2323794960975647,-0.18834136426448822,0.9142239689826965,-0.14118905365467072,1.6982319355010986,0.007499685510993004,0.7306219339370728,-0.3925284743309021,0.29411929845809937,-0.26674890518188477,-0.19856135547161102,0.2372048795223236,0.36879807710647583,0.14060914516448975,0.47644898295402527,0.2676279544830322,0.2714465260505676,0.10659962892532349,-0.7040033340454102,-0.6181013584136963,-0.34975704550743103,0.26166126132011414,0.23209083080291748,-0.9368389248847961,0.19526171684265137,-0.38714563846588135,0.1369396448135376,0.000406801700592041,-0.9960178136825562,0.089152991771698,-0.5279984474182129,-0.07592666149139404,-0.8458443880081177,0.3295552730560303,-0.01711318828165531,-0.03100001811981201,-0.5616052150726318,0.8274055123329163,-3.558694459115941e-07,-0.8274055123329163,-0.5616052150726318,3.391222946902417e-07,0.29633069038391113,-0.17079739272594452,-0.030999939888715744,0.3627798557281494,0.136571004986763,-0.03100009635090828
18,-0.515255331993103,-0.9373610615730286,-0.16502529382705688,0.3013235926628113,0.2254732996225357,1.156256914138794,0.18678954243659973,0.7310009002685547,-0.4244101941585541,0.009556981734931469,-0.32354623079299927,-0.3704719543457031,-0.32740676403045654,-0.23857161402702332,0.016537310555577278,0.02833893895149231,0.11316433548927307,-0.21561415493488312,-0.20275115966796875,0.8998181819915771,-0.12414814531803131,1.7245577573776245,0.010115835815668106,0.7306644320487976,-0.30231884121894836,0.2895034849643707,-0.2229926735162735,-0.25734594464302063,0.23457297682762146,0.37855952978134155,0.033099204301834106,0.4192523658275604,0.25940680503845215,0.26015904545783997,0.0955626517534256,-0.730830192565918,-0.5906047821044922,-0.34215959906578064,0.25940659642219543,0.22334229946136475,-0.9395884871482849,0.17582488059997559,-0.3856145739555359,0.13406279683113098,-0.038091301918029785,-0.99653559923172,0.07393184304237366,-0.5776334404945374,-0.03841376304626465,-0.8153918981552124,0.3295552730560303,-0.01711330935359001,-0.03100006654858589,-0.5616053342819214,0.8274052739143372,1.1308220848604833e-07,-0.8274052739143372,-0.5616053342819214,9.496503139416745e-07,0.2963307201862335,-0.17079751193523407,-0.03099996969103813,0.362779825925827,0.13657088577747345,-0.03100016340613365
19,-0.5437625646591187,-0.9416172504425049,-0.18622718751430511,0.2790493369102478,0.20008288323879242,1.1378757953643799,0.18608611822128296,0.7310015559196472,-0.42861542105674744,-0.06806173920631409,-0.31417766213417053,-0.32478323578834534,-0.36180025339126587,-0.2570023238658905,-0.010058116167783737,0.08200369775295258,0.10045052319765091,-0.19969655573368073,-0.21493978798389435,0.8824155330657959,-0.10741885751485825,1.7513515949249268,0.005474739708006382,0.7307109832763672,-0.20122739672660828,0.2750054597854614,-0.1829768717288971,-0.29803982377052307,0.23207354545593262,0.38480135798454285,-0.0680750235915184,0.3554385006427765,0.2520134449005127,0.2479013055562973,0.08680187165737152,-0.7527563571929932,-0.5667510628700256,-0.33488962054252625,0.2619245946407318,0.20886266231536865,-0.9422165155410767,0.15598654747009277,-0.3817165195941925,0.1322317272424698,-0.0636289119720459,-0.9964183568954468,0.05569291114807129,-0.6254191398620605,-0.0036745071411132812,-0.780280351638794,0.3295552730560303,-0.017113283276557922,-0.03100006654858589,-0.5616052150726318,0.8274053931236267,-4.757033309488179e-07,-0.8274053931236267,-0.5616052150726318,1.8257539124988398e-07,0.29633069038391113,-0.1707974672317505,-0.03099999576807022,0.3627798557281494,0.13657090067863464,-0.031000137329101562
20,-0.5719942450523376,-0.9517838358879089,-0.20698729157447815,0.2608031928539276,0.17355239391326904,1.1198554039001465,0.18351739645004272,0.7310062050819397,-0.4255281686782837,-0.16569606959819794,-0.30701541900634766,-0.25038501620292664,-0.37629005312919617,-0.25531378388404846,-0.035943370312452316,0.018353428691625595,0.09313590824604034,-0.1856538951396942,-0.22370745241641998,0.8630561828613281,-0.09097566455602646,1.7782472372055054,-0.004739823285490274,0.7307698726654053,-0.09591866284608841,0.24104201793670654,-0.1241297572851181,-0.32057806849479675,0.23024895787239075,0.38560083508491516,-0.14555789530277252,0.2779850363731384,0.24596142768859863,0.23464477062225342,0.08123618364334106,-0.7696359157562256,-0.5467832684516907,-0.3296796381473541,0.2702960669994354,0.18877220153808594,-0.9440895915031433,0.13651823997497559,-0.3758057951927185,0.13181079924106598,-0.0774848461151123,-0.9963958859443665,0.03451666608452797,-0.66990065574646,0.026391565799713135,-0.7419814467430115,0.3295552730560303,-0.01711328513920307,-0.03100006654858589,-0.5616053342819214,0.8274053335189819,-4.913222824143304e-07,-0.8274053335189819,-0.5616053342819214,-4.514553708645508e-08,0.2963307201862335,-0.17079748213291168,-0.03100001811981201,0.362779825925827,0.13657091557979584,-0.03100011497735977
21,-0.6001781225204468,-0.9665692448616028,-0.22750809788703918,0.24668370187282562,0.14650173485279083,1.102234959602356,0.17974752187728882,0.7310032248497009,-0.42597103118896484,-0.23519529402256012,-0.3030107617378235,-0.18450210988521576,-0.3827108144760132,-0.2513660788536072,-0.0525907501578331,0.018166322261095047,0.09074170887470245,-0.17278799414634705,-0.2296607494354248,0.8429806232452393,-0.07454317808151245,1.8052672147750854,-0.01865815930068493,0.7308178544044495,-0.013299779035151005,0.22399534285068512,-0.08027000725269318,-0.3288240432739258,0.23102650046348572,0.3868695795536041,-0.19692362844944,0.21383611857891083,0.24111628532409668,0.2202298939228058,0.07866951823234558,-0.782960057258606,-0.5294405817985535,-0.32659798860549927,0.28362229466438293,0.16345268487930298,-0.9449029564857483,0.11775898933410645,-0.36847344040870667,0.13284039497375488,-0.08287262916564941,-0.9965023398399353,0.010734349489212036,-0.7112475037574768,0.05159807205200195,-0.7010453343391418,0.3295552730560303,-0.017113182693719864,-0.031000033020973206,-0.5616052150726318,0.8274053335189819,-3.582847227789898e-07,-0.8274053335189819,-0.5616052150726318,7.73788926267116e-08,0.29633069038391113,-0.17079736292362213,-0.030999984592199326,0.3627798557281494,0.136571004986763,-0.031000081449747086
22,-0.6282646656036377,-0.9837154150009155,-0.2476656138896942,0.23639971017837524,0.11928350478410721,1.0847293138504028,0.17538784444332123,0.7310070395469666,-0.42467740178108215,-0.2695496082305908,-0.29693901538848877,-0.12472844868898392,-0.38588690757751465,-0.25076377391815186,-0.061096321791410446,0.03535783663392067,0.09247241169214249,-0.16075024008750916,-0.23334622383117676,0.8224378228187561,-0.0578652024269104,1.8322539329528809,-0.03471070155501366,0.7308586835861206,0.059479936957359314,0.21073691546916962,-0.04397916421294212,-0.33402493596076965,0.23493047058582306,0.3861067593097687,-0.22693538665771484,0.16307282447814941,0.23702502250671387,0.20474308729171753,0.07851533591747284,-0.7940900325775146,-0.5137395858764648,-0.32479697465896606,0.2998388707637787,0.1337159276008606,-0.9445723295211792,0.09969973564147949,-0.3602084517478943,0.13520388305187225,-0.08275115489959717,-0.9964553117752075,-0.01513645052909851,-0.7497729063034058,0.07225656509399414,-0.657738208770752,0.3295552730560303,-0.017113305628299713,-0.03100006654858589,-0.5616053342819214,0.8274052739143372,2.1555342399892652e-08,-0.8274052739143372,-0.5616053342819214,6.640017886638816e-07,0.2963307201862335,-0.17079749703407288,-0.030999992042779922,0.362779825925827,0.13657090067863464,-0.03100014105439186
23,-0.6560105085372925,-1.0040717124938965,-0.26463648676872253,0.2324657291173935,0.0916697084903717,1.0681473016738892,0.17112688720226288,0.7310010194778442,-0.42129987478256226,-0.3298935294151306,-0.24928106367588043,-0.010036465711891651,-0.3904179334640503,-0.2429017722606659,-0.05962405353784561,0.018418889492750168,0.10053813457489014,-0.14897580444812775,-0.2356753796339035,0.7996705174446106,-0.038778603076934814,1.8590121269226074,-0.052718646824359894,0.7309058308601379,0.18701237440109253,0.21418359875679016,-0.014405470341444016,-0.372949481010437,0.27134379744529724,0.3837401270866394,-0.2537967264652252,0.09895779937505722,0.23386454582214355,0.18725857138633728,0.0820939689874649,-0.8028576374053955,-0.5014902353286743,-0.3223777115345001,0.3186180293560028,0.09610706567764282,-0.9429984092712402,0.08161759376525879,-0.350331574678421,0.1386088728904724,-0.07751810550689697,-0.9959762692451477,-0.04496953263878822,-0.7869556546211243,0.08881831169128418,-0.610583484172821,0.3295552730560303,-0.01711328513920307,-0.03100006654858589,-0.5616052150726318,0.8274053931236267,-4.406432481118827e-07,-0.8274053931236267,-0.5616052150726318,2.477699467817729e-07,0.29633069038391113,-0.1707974672317505,-0.030999992042779922,0.3627798557281494,0.13657090067863464,-0.03100014105439186
24,-0.6829611659049988,-1.0276312828063965,-0.27427613735198975,0.2360825091600418,0.06360481679439545,1.0538121461868286,0.1678745448589325,0.7310462594032288,-0.4083881974220276,-0.3830696940422058,-0.14094966650009155,0.11191114038228989,-0.39588606357574463,-0.21427950263023376,-0.04550492763519287,0.0025150636211037636,0.11424224078655243,-0.13751015067100525,-0.23628219962120056,0.7929591536521912,-0.028456665575504303,1.869645595550537,-0.07449354976415634,0.7301291823387146,0.4078708291053772,0.07601065933704376,-0.09597842395305634,0.013072680681943893,-0.35955163836479187,-0.37868833541870117,-1.0059967041015625,0.47382012009620667,0.23116374015808105,0.16768096387386322,0.0900014191865921,-0.8097128868103027,-0.49465736746788025,-0.31572049856185913,0.3369362950325012,0.048602402210235596,-0.9402722716331482,0.07498431205749512,-0.34488433599472046,0.13999062776565552,-0.05875873565673828,-0.9958480596542358,-0.06952819973230362,-0.8042529821395874,0.08848333358764648,-0.5876631140708923,0.3295552730560303,-0.017113184556365013,-0.031000033020973206,-0.5616052150726318,0.8274053335189819,-5.197452423999493e-07,-0.8274053335189819,-0.5616052150726318,2.453578318295513e-08,0.29633069038391113,-0.17079736292362213,-0.03099997341632843,0.3627798557281494,0.136571004986763,-0.03100009262561798
25,-0.7095573544502258,-1.0518813133239746,-0.2871968150138855,0.2474435567855835,0.03540559113025665,1.0408263206481934,0.16104437410831451,0.731032133102417,-0.4118499457836151,-0.3983803391456604,-0.1948610544204712,0.23423370718955994,-0.399472713470459,-0.19809956848621368,-0.09568659961223602,0.021509842947125435,0.12879578769207,-0.1294550597667694,-0.23038120567798615,0.7970297336578369,-0.025995738804340363,1.871559739112854,-0.09985939413309097,0.7299233078956604,0.5575815439224243,0.08829563856124878,-0.04082392901182175,0.005526289343833923,-0.44099152088165283,-0.4418133497238159,-1.2001382112503052,0.5818468332290649,0.22840237617492676,0.14592620730400085,0.10231232643127441,-0.8148198127746582,-0.48902106285095215,-0.31133148074150085,0.35879263281822205,-0.0035811662673950195,-0.9334105253219604,0.07555031776428223,-0.3427950441837311,0.14017726480960846,-0.025516867637634277,-0.9956424832344055,-0.08969319611787796,-0.8090483546257019,0.0732688307762146,-0.5831573605537415,0.3295552730560303,-0.01711331121623516,-0.03100006654858589,-0.5616053342819214,0.8274052739143372,-2.6776288564178685e-07,-0.8274052739143372,-0.5616053342819214,3.0657389515909017e-07,0.2963307201862335,-0.17079751193523407,-0.031000003218650818,0.362779825925827,0.13657088577747345,-0.031000129878520966
26,-0.7359638810157776,-1.0768799781799316,-0.29697659611701965,0.2587999403476715,0.007673219311982393,1.0296200513839722,0.1564396470785141,0.7310705780982971,-0.40218114852905273,-0.3958955705165863,-0.14524608850479126,0.2053437978029251,-0.39154013991355896,-0.1666353940963745,-0.0643807128071785,-0.0010377573780715466,0.14610083401203156,-0.1202147901058197,-0.22432643175125122,0.8018529415130615,-0.023332586511969566,1.8737159967422485,-0.12451421469449997,0.7299633622169495,0.5619178414344788,0.09351828694343567,-0.05588375777006149,0.021797018125653267,-0.4440988600254059,-0.4100077748298645,-1.208832859992981,0.5649805665016174,0.22400784492492676,0.12512820959091187,0.11523397266864777,-0.821353554725647,-0.48262134194374084,-0.30406439304351807,0.3758028447628021,-0.05681610107421875,-0.9249563813209534,0.07620453834533691,-0.3404242992401123,0.14037367701530457,0.00973665714263916,-0.9939497709274292,-0.10940337181091309,-0.8140724897384644,0.05565536022186279,-0.5780904293060303,0.3295552730560303,-0.017113186419010162,-0.031000033020973206,-0.5616052150726318,0.8274053335189819,-5.209924438531743e-07,-0.8274053335189819,-0.5616052150726318,8.179922161843933e-08,0.29633069038391113,-0.17079737782478333,-0.030999965965747833,0.3627798557281494,0.1365709900856018,-0.031000100076198578
27,-0.7613770365715027,-1.1014230251312256,-0.3061540424823761,0.26709675788879395,-0.019149526953697205,1.0207343101501465,0.1531428098678589,0.7310832738876343,-0.38657867908477783,-0.3828735947608948,-0.1381026655435562,0.14960528910160065,-0.37812501192092896,-0.13124288618564606,-0.0461139939725399,0.00858608353883028,0.1628047376871109,-0.11022254079580307,-0.21895650029182434,0.8065423369407654,-0.021066203713417053,1.8756308555603027,-0.14817164838314056,0.7299211025238037,0.5502949953079224,0.12014467269182205,-0.0775914192199707,0.029343875125050545,-0.4278801381587982,-0.39145028591156006,-1.2012466192245483,0.5695592761039734,0.21787095069885254,0.1069701761007309,0.12667766213417053,-0.8289945125579834,-0.4747544825077057,-0.29559463262557983,0.387063592672348,-0.1055523157119751,-0.915991485118866,0.07668852806091309,-0.33826810121536255,0.1404251903295517,0.04295492172241211,-0.990820586681366,-0.12817731499671936,-0.8190270066261292,0.038548827171325684,-0.5724585652351379,0.3295552730560303,-0.01711331121623516,-0.03100006654858589,-0.5616053342819214,0.8274053335189819,1.9058239431046786e-08,-0.8274053335189819,-0.5616053342819214,6.095851858844981e-07,0.2963307201862335,-0.17079751193523407,-0.03099999949336052,0.362779825925827,0.13657088577747345,-0.031000133603811264
28,-0.785109281539917,-1.1253156661987305,-0.3152768909931183,0.2719360291957855,-0.044401708990335464,1.0144007205963135,0.15126864612102509,0.7310865521430969,-0.3596452474594116,-0.36880800127983093,-0.13699884712696075,0.09195127338171005,-0.3555516302585602,-0.09341484308242798,-0.026094572618603706,-0.0008202826138585806,0.1785954236984253,-0.10013996064662933,-0.21352872252464294,0.8114098310470581,-0.01853284239768982,1.8777345418930054,-0.17041674256324768,0.7300154566764832,0.5311962962150574,0.11516531556844711,-0.0680922120809555,0.042354315519332886,-0.3999023139476776,-0.34576481580734253,-1.164158821105957,0.5218609571456909,0.2106311321258545,0.0918903797864914,0.136118084192276,-0.8371789455413818,-0.4654077887535095,-0.2872757613658905,0.3936057388782501,-0.14799129962921143,-0.9072889089584351,0.07712626457214355,-0.33605045080184937,0.14051494002342224,0.07393354177474976,-0.9864883422851562,-0.14620046317577362,-0.8236238956451416,0.022259116172790527,-0.5666993260383606,0.3295552730560303,-0.017113283276557922,-0.03100006654858589,-0.5616052150726318,0.8274053931236267,-4.5789596470058314e-07,-0.8274053931236267,-0.5616052150726318,1.9962351416324964e-07,0.29633069038391113,-0.1707974672317505,-0.03099999576807022,0.3627798557281494,0.13657090067863464,-0.031000137329101562
29,-0.8070284128189087,-1.1482508182525635,-0.3243359625339508,0.27328425645828247,-0.06778144091367722,1.0100749731063843,0.1504950076341629,0.7310838103294373,-0.3311024010181427,-0.34984296560287476,-0.13556720316410065,0.03430432453751564,-0.32900866866111755,-0.06336849182844162,-0.01070284191519022,-0.00041318940930068493,0.19390293955802917,-0.090004563331604,-0.20862703025341034,0.8159791827201843,-0.016306456178426743,1.8796757459640503,-0.1914072185754776,0.7300055623054504,0.5117238759994507,0.13006144762039185,-0.08086881786584854,0.04980118200182915,-0.3818405270576477,-0.3162555396556854,-1.168584942817688,0.5230484008789062,0.20288491249084473,0.07975208759307861,0.14334440231323242,-0.8454021215438843,-0.4550853967666626,-0.2796297073364258,0.3965003192424774,-0.1839139461517334,-0.8994238972663879,0.07740902900695801,-0.33399075269699097,0.14052458107471466,0.10293889045715332,-0.9812053442001343,-0.16321678459644318,-0.8279701471328735,0.006411552429199219,-0.5607354640960693,0.3295552730560303,-0.01711328513920307,-0.03100006654858589,-0.5616053342819214,0.8274053335189819,-4.846561978411046e-07,-0.8274053335189819,-0.5616053342819214,-5.656374924001284e-08,0.2963307201862335,-0.17079748213291168,-0.03100002184510231,0.362779825925827,0.13657091557979584,-0.031000111252069473
30,-0.826947808265686,-1.1701533794403076,-0.3338194787502289,0.2722949683666229,-0.08915935456752777,1.0074149370193481,0.1503327637910843,0.7310734391212463,-0.3008117973804474,-0.3334115743637085,-0.14131590723991394,-0.0004720478900708258,-0.30127957463264465,-0.03949427604675293,-0.002199912676587701,-0.00012445810716599226,0.20856821537017822,-0.08016597479581833,-0.20386792719364166,0.8204951882362366,-0.013789532706141472,1.8816635608673096,-0.21117860078811646,0.7300788164138794,0.4973735809326172,0.12300942838191986,-0.07493650913238525,0.05801254138350487,-0.36062437295913696,-0.2778361141681671,-1.133020281791687,0.47509726881980896,0.1951606273651123,0.07002254575490952,0.14886373281478882,-0.8531118631362915,-0.4443352520465851,-0.27343443036079407,0.3974657356739044,-0.21401453018188477,-0.8923109173774719,0.07763838768005371,-0.33185064792633057,0.1405528485774994,0.12990641593933105,-0.9751091599464417,-0.17968420684337616,-0.8318838477134705,-0.008576750755310059,-0.5548834800720215,0.3295552730560303,-0.017113180831074715,-0.031000033020973206,-0.5616052150726318,0.8274053335189819,-3.537250279350701e-07,-0.8274053335189819,-0.5616052150726318,9.699633096715843e-08,0.29633069038391113,-0.17079736292362213,-0.030999984592199326,0.3627798557281494,0.136571004986763,-0.031000081449747086
31,-0.845664918422699,-1.1906464099884033,-0.3433407247066498,0.26838594675064087,-0.10836806893348694,1.0055272579193115,0.1508120447397232,0.7310647368431091,-0.2815927267074585,-0.3066190481185913,-0.14142227172851562,-0.051827214658260345,-0.27237728238105774,-0.02632014825940132,0.006595127750188112,0.08295441418886185,0.22306784987449646,-0.07046796381473541,-0.2002742737531662,0.824738621711731,-0.01153729297220707,1.8834102153778076,-0.22981798648834229,0.7300599217414856,0.4905242621898651,0.13100680708885193,-0.10955926775932312,0.06503479182720184,-0.35193711519241333,-0.24269366264343262,-1.0917160511016846,0.4683840572834015,0.18765473365783691,0.06245028227567673,0.1523517370223999,-0.860501766204834,-0.43286409974098206,-0.2686360478401184,0.3967449367046356,-0.2386157512664795,-0.8863723874092102,0.07778477668762207,-0.3298799693584442,0.1404985934495926,0.1546986699104309,-0.9684708118438721,-0.19527536630630493,-0.8354684114456177,-0.02274346351623535,-0.5490675568580627,0.3295552730560303,-0.017113305628299713,-0.03100006654858589,-0.5616053342819214,0.8274053335189819,2.6225485783015756e-08,-0.8274053335189819,-0.5616053342819214,3.1137903988565085e-07,0.2963307201862335,-0.17079749703407288,-0.031000033020973206,0.362779825925827,0.13657090067863464,-0.031000100076198578
32,-0.862773060798645,-1.210247278213501,-0.3535993993282318,0.2630508542060852,-0.12589621543884277,1.0049525499343872,0.1514848917722702,0.7310499548912048,-0.25794610381126404,-0.29524141550064087,-0.15191233158111572,-0.0696101188659668,-0.24663658440113068,-0.008510667830705643,0.009503441862761974,0.0015437067486345768,0.23640426993370056,-0.06099388748407364,-0.19707289338111877,0.8289129137992859,-0.008984439074993134,1.885054349899292,-0.24712803959846497,0.7300766110420227,0.4791302978992462,0.1276991367340088,-0.12021388113498688,0.07048559188842773,-0.3467211127281189,-0.21695685386657715,-1.0671043395996094,0.4633241593837738,0.1805427074432373,0.0565740205347538,0.15455974638462067,-0.8671023845672607,-0.42145445942878723,-0.2655366361141205,0.395577996969223,-0.2586231231689453,-0.8812674283981323,0.07790684700012207,-0.32789313793182373,0.14041869342327118,0.176719069480896,-0.9615626335144043,-0.21016092598438263,-0.8387130498886108,-0.0353696346282959,-0.5434237122535706,0.3295552730560303,-0.017113251611590385,-0.03100002557039261,-0.5616053342819214,0.8274054527282715,-8.430962452621316e-07,-0.8274054527282715,-0.5616053342819214,-1.3995411052292184e-07,0.29633069038391113,-0.1707974672317505,-0.03099995106458664,0.3627798557281494,0.13657096028327942,-0.031000100076198578
33,-0.877883791923523,-1.2299388647079468,-0.36300840973854065,0.2559906542301178,-0.14146579802036285,1.0065295696258545,0.15325139462947845,0.7310408353805542,-0.22581519186496735,-0.29363346099853516,-0.13816234469413757,-0.10120884329080582,-0.21882441639900208,0.02326049469411373,0.024794867262244225,0.0030133607797324657,0.24858444929122925,-0.05132874846458435,-0.1950821876525879,0.8330581188201904,-0.006673741154372692,1.8866991996765137,-0.26310282945632935,0.7300605773925781,0.4458160400390625,0.13556236028671265,-0.14656108617782593,0.07735542207956314,-0.3340577483177185,-0.19751551747322083,-1.0549874305725098,0.4686638116836548,0.17413830757141113,0.05267198011279106,0.15548855066299438,-0.8728621006011963,-0.4106993079185486,-0.26351046562194824,0.3938502073287964,-0.2741367816925049,-0.8773431777954102,0.07795834541320801,-0.3261691629886627,0.14030970633029938,0.19548070430755615,-0.9547997117042542,-0.2239302098751068,-0.8419559597969055,-0.04630422592163086,-0.5375555753707886,0.3295552730560303,-0.01711319200694561,-0.03100001811981201,-0.5616052150726318,0.8274053931236267,-7.02014574471832e-07,-0.8274053931236267,-0.5616052150726318,4.09655967814615e-07,0.29633069038391113,-0.17079737782478333,-0.030999895185232162,0.3627798557281494,0.1365709900856018,-0.03100014105439186
34,-0.8909043073654175,-1.2493112087249756,-0.37226974964141846,0.24734628200531006,-0.15531273186206818,1.0098211765289307,0.1555173099040985,0.7310280203819275,-0.1938742697238922,-0.286300390958786,-0.13603131473064423,-0.1273868978023529,-0.19662517309188843,0.048362139612436295,0.03153683617711067,0.1166975349187851,0.2592989504337311,-0.04163779318332672,-0.19433225691318512,0.8371714353561401,-0.003868771716952324,1.8883062601089478,-0.27778345346450806,0.7300750017166138,0.41392114758491516,0.13780972361564636,-0.15943844616413116,0.08373600244522095,-0.3205193281173706,-0.18132250010967255,-1.0226455926895142,0.46335524320602417,0.16855931282043457,0.05051964521408081,0.1551198959350586,-0.8776067495346069,-0.4009881317615509,-0.26270702481269836,0.39210185408592224,-0.28515899181365967,-0.8746088147163391,0.07797074317932129,-0.3244571089744568,0.14017651975154877,0.210344135761261,-0.9484325647354126,-0.2371310293674469,-0.8452193737030029,-0.05453324317932129,-0.5316299200057983,0.3295552730560303,-0.017113158479332924,-0.03100001811981201,-0.5616052150726318,0.8274053335189819,-8.096025112536154e-07,-0.8274053335189819,-0.5616052150726318,5.473599458127865e-07,0.29633069038391113,-0.17079734802246094,-0.030999869108200073,0.3627798557281494,0.1365710198879242,-0.03100016713142395
35,-0.9020646214485168,-1.2680801153182983,-0.3816738724708557,0.2370995134115219,-0.1676529496908188,1.0142821073532104,0.1580723226070404,0.7310144305229187,-0.1654842644929886,-0.2744317054748535,-0.1379574090242386,-0.15488436818122864,-0.17292138934135437,0.06546241790056229,0.035821862518787384,0.005419962108135223,0.2687228322029114,-0.03197554126381874,-0.1949058473110199,0.84120112657547,-0.0010901784989982843,1.8899953365325928,-0.29127100110054016,0.7300596833229065,0.3814578652381897,0.13952110707759857,-0.1822788119316101,0.08896204829216003,-0.31276851892471313,-0.1640094518661499,-1.0182548761367798,0.42879021167755127,0.1638352870941162,0.04987253248691559,0.1534496247768402,-0.881400465965271,-0.39231958985328674,-0.26309478282928467,0.39057156443595886,-0.2920055389404297,-0.8730331063270569,0.07791829109191895,-0.32295382022857666,0.14005379378795624,0.22182101011276245,-0.9426413774490356,-0.24944503605365753,-0.8485974669456482,-0.06061661243438721,-0.525554895401001,0.3295552730560303,-0.017113186419010162,-0.03100001811981201,-0.5616052150726318,0.8274053335189819,-3.781128725677263e-07,-0.8274053335189819,-0.5616052150726318,3.148795428842277e-07,0.29633069038391113,-0.17079737782478333,-0.030999939888715744,0.3627798557281494,0.1365709900856018,-0.03100009635090828
36,-0.9127110242843628,-1.286556363105774,-0.3899834156036377,0.22489356994628906,-0.17912209033966064,1.0193554162979126,0.1614617258310318,0.7310168743133545,-0.15817639231681824,-0.268710732460022,-0.121462881565094,-0.18616439402103424,-0.16057027876377106,0.07477324455976486,0.04766596853733063,0.007961204275488853,0.27686893939971924,-0.02214042656123638,-0.19781742990016937,0.8452308773994446,0.002503057708963752,1.891709804534912,-0.30358749628067017,0.7300218343734741,0.3460000157356262,0.14443151652812958,-0.21932387351989746,0.0945264995098114,-0.30426883697509766,-0.15776745975017548,-0.9994059801101685,0.44864314794540405,0.15961909294128418,0.05028986185789108,0.1505388617515564,-0.8850448131561279,-0.3838973939418793,-0.2632843255996704,0.3881411850452423,-0.2963447570800781,-0.8726546764373779,0.07782244682312012,-0.3214269280433655,0.13991664350032806,0.22851812839508057,-0.9377749562263489,-0.26145264506340027,-0.8522871136665344,-0.0629112720489502,-0.5192772746086121,0.3295552730560303,-0.017113249748945236,-0.03100002557039261,-0.5616053342819214,0.8274053335189819,-8.295101565636287e-07,-0.8274053335189819,-0.5616053342819214,-4.497383088164497e-08,0.2963307201862335,-0.1707974523305893,-0.030999939888715744,0.362779825925827,0.13657094538211823,-0.031000111252069473
37,-0.9219693541526794,-1.3045856952667236,-0.39789995551109314,0.2114836573600769,-0.1897941529750824,1.0249736309051514,0.16520258784294128,0.7310117483139038,-0.13574807345867157,-0.26073434948921204,-0.11575419455766678,-0.20481647551059723,-0.15032078325748444,0.08281641453504562,0.05232219770550728,0.004136534407734871,0.2832438051700592,-0.012355647049844265,-0.2023659199476242,0.8492288589477539,0.0061659193597733974,1.8935785293579102,-0.31503474712371826,0.7299901247024536,0.31103813648223877,0.14316792786121368,-0.245569109916687,0.09562595188617706,-0.29960981011390686,-0.15365740656852722,-1.0052597522735596,0.45865297317504883,0.15612483024597168,0.05164174735546112,0.14674769341945648,-0.8880757093429565,-0.3765660226345062,-0.2636660933494568,0.38566288352012634,-0.298176646232605,-0.8731294274330139,0.07769989967346191,-0.32014599442481995,0.139817014336586,0.2313254475593567,-0.9338454008102417,-0.2728026807308197,-0.8562096357345581,-0.06227266788482666,-0.5128619074821472,0.3295552730560303,-0.017113298177719116,-0.03100006654858589,-0.5616052150726318,0.8274053335189819,2.8858298861678122e-08,-0.8274053335189819,-0.5616052150726318,5.039256052441488e-07,0.29633069038391113,-0.17079748213291168,-0.031000010669231415,0.3627798557281494,0.13657088577747345,-0.03100012242794037
38,-0.9304839372634888,-1.3222317695617676,-0.4052795171737671,0.1970582753419876,-0.20003311336040497,1.0308127403259277,0.16929149627685547,0.7310112714767456,-0.12499271333217621,-0.25432801246643066,-0.10788090527057648,-0.22063808143138885,-0.14418387413024902,0.08616677671670914,0.05716567486524582,0.005845741368830204,0.28826650977134705,-0.0026223044842481613,-0.20863649249076843,0.8531186580657959,0.010508805513381958,1.8955267667770386,-0.32567524909973145,0.7299602627754211,0.2840234935283661,0.14420801401138306,-0.27225378155708313,0.09912137687206268,-0.2903902232646942,-0.15078678727149963,-0.9985496997833252,0.46430787444114685,0.15312552452087402,0.05359475687146187,0.14227324724197388,-0.8908184766769409,-0.3699210286140442,-0.26382026076316833,0.3828510046005249,-0.2984391450881958,-0.8742764592170715,0.07753443717956543,-0.3188609778881073,0.1397358626127243,0.2302616834640503,-0.9307856559753418,-0.2839323878288269,-0.8603718280792236,-0.058394432067871094,-0.5063107013702393,0.3295552730560303,-0.017113251611590385,-0.03100002557039261,-0.5616053342819214,0.8274053335189819,-8.206780535147118e-07,-0.8274053335189819,-0.5616053342819214,2.296067691531789e-08,0.2963307201862335,-0.1707974523305893,-0.030999932438135147,0.362779825925827,0.13657094538211823,-0.03100011870265007
39,-0.9380796551704407,-1.3394140005111694,-0.4119345545768738,0.18161101639270782,-0.20997367799282074,1.0368223190307617,0.17373374104499817,0.7310128808021545,-0.11014073342084885,-0.24557043612003326,-0.0972096398472786,-0.2383236140012741,-0.13977840542793274,0.0891651064157486,0.06213648244738579,0.002127379411831498,0.2920001745223999,0.007167482748627663,-0.21689794957637787,0.8569729328155518,0.015004738233983517,1.8976820707321167,-0.3356369733810425,0.7299133539199829,0.24724918603897095,0.14581084251403809,-0.30414411425590515,0.10081852972507477,-0.2842741012573242,-0.15327462553977966,-1.006182312965393,0.48110219836235046,0.15062546730041504,0.05613048002123833,0.13711299002170563,-0.8932908773422241,-0.3642033338546753,-0.26341500878334045,0.3795279860496521,-0.2971919775009155,-0.8761481046676636,0.07734465599060059,-0.3177947402000427,0.13970324397087097,0.22552454471588135,-0.9286551475524902,-0.29451385140419006,-0.8647769689559937,-0.05160081386566162,-0.4994981288909912,0.3295552730560303,-0.017113300040364265,-0.03100006654858589,-0.5616053342819214,0.8274053335189819,3.6908723188844306e-08,-0.8274053335189819,-0.5616053342819214,5.586969678006426e-07,0.2963307201862335,-0.17079749703407288,-0.031000006943941116,0.362779825925827,0.13657090067863464,-0.031000126153230667
40,-0.9449041485786438,-1.3564441204071045,-0.417397677898407,0.16552285850048065,-0.22001998126506805,1.0430128574371338,0.17857006192207336,0.7310197353363037,-0.09885136783123016,-0.24379278719425201,-0.07979591190814972,-0.2467239499092102,-0.1409735381603241,0.09142891317605972,0.0676707923412323,0.0008836744818836451,0.2944560945034027,0.01709682121872902,-0.22697696089744568,0.8607676029205322,0.020080169662833214,1.8999810218811035,-0.3451901972293854,0.7298803925514221,0.22380618751049042,0.14882205426692963,-0.33080634474754333,0.10236971825361252,-0.2754969894886017,-0.15935049951076508,-1.0049448013305664,0.46846091747283936,0.14844155311584473,0.05897903814911842,0.13157100975513458,-0.8956871032714844,-0.3594900369644165,-0.261746883392334,0.3753095865249634,-0.29541540145874023,-0.8785627484321594,0.07712721824645996,-0.31677910685539246,0.13969744741916656,0.21715646982192993,-0.9272651076316833,-0.30499574542045593,-0.8693749308586121,-0.041640520095825195,-0.49239546060562134,0.3295552730560303,-0.01711318828165531,-0.03100001811981201,-0.5616052150726318,0.8274055123329163,-3.902816274603538e-07,-0.8274055123329163,-0.5616052150726318,2.768765909877402e-07,0.29633069038391113,-0.17079739272594452,-0.030999943614006042,0.3627798557281494,0.136571004986763,-0.03100009262561798
41,-0.9510355591773987,-1.3734357357025146,-0.4211881160736084,0.1487628072500229,-0.23042109608650208,1.0493098497390747,0.1839076578617096,0.7310325503349304,-0.08815132081508636,-0.24201951920986176,-0.055730268359184265,-0.25815701484680176,-0.14614538848400116,0.09331439435482025,0.07463159412145615,0.0015669952845200896,0.29598861932754517,0.02738458476960659,-0.23917041718959808,0.8646068572998047,0.02535349503159523,1.9024420976638794,-0.3545132279396057,0.7298280000686646,0.19481533765792847,0.15275916457176208,-0.3639470934867859,0.101655974984169,-0.26820677518844604,-0.17270100116729736,-1.036350965499878,0.5140372514724731,0.1464402675628662,0.06201893091201782,0.1256895214319229,-0.8981866836547852,-0.35581275820732117,-0.25818192958831787,0.36970701813697815,-0.29360437393188477,-0.8815402388572693,0.07692074775695801,-0.31596308946609497,0.1397089660167694,0.20551317930221558,-0.9265208840370178,-0.31515592336654663,-0.8740834593772888,-0.028938889503479004,-0.4849129319190979,0.3295552730560303,-0.017113251611590385,-0.03100002557039261,-0.5616052150726318,0.8274053931236267,-6.747711154275748e-07,-0.8274053931236267,-0.5616052150726318,2.638152523104509e-07,0.29633069038391113,-0.1707974374294281,-0.03099992126226425,0.3627798557281494,0.13657093048095703,-0.031000129878520966
42,-0.9561880230903625,-1.390650749206543,-0.4233526289463043,0.13188683986663818,-0.2413795292377472,1.055663824081421,0.18962322175502777,0.7310436367988586,-0.07364059239625931,-0.246308371424675,-0.03247630596160889,-0.257629930973053,-0.15359939634799957,0.09344992786645889,0.07990062236785889,0.0018581744516268373,0.2964695394039154,0.037905558943748474,-0.2527916133403778,0.8682704567909241,0.031178591772913933,1.904944896697998,-0.36379700899124146,0.7297906875610352,0.17847397923469543,0.1575300693511963,-0.38331329822540283,0.10030753910541534,-0.2602878212928772,-0.18886283040046692,-1.0578562021255493,0.4900583326816559,0.14457440376281738,0.06500189006328583,0.11984047293663025,-0.900693416595459,-0.35345545411109924,-0.2526271343231201,0.362924188375473,-0.29247546195983887,-0.884728193283081,0.07668137550354004,-0.31517156958580017,0.1397111713886261,0.19098550081253052,-0.9261006712913513,-0.3253643810749054,-0.8787552714347839,-0.01361095905303955,-0.4770783483982086,0.3295552730560303,-0.01711331307888031,-0.03100006654858589,-0.5616050958633423,0.8274053931236267,-5.262968443275895e-07,-0.8274053931236267,-0.5616050958633423,1.5109824857972853e-07,0.29633069038391113,-0.17079748213291168,-0.030999992042779922,0.3627798557281494,0.13657085597515106,-0.03100014105439186
43,-0.9604646563529968,-1.4078848361968994,-0.4234389364719391,0.11428270488977432,-0.2529130280017853,1.0620720386505127,0.19588835537433624,0.731062114238739,-0.06001691892743111,-0.2438393086194992,-0.002938885008916259,-0.27257049083709717,-0.16142292320728302,0.09517652541399002,0.08768608421087265,-0.006144016049802303,0.296178936958313,0.04901432991027832,-0.2686052918434143,0.8720362186431885,0.03737199679017067,1.9075865745544434,-0.3729672431945801,0.7297425270080566,0.15111353993415833,0.16340695321559906,-0.4247688055038452,0.0998653918504715,-0.24743595719337463,-0.20522844791412354,-1.0711796283721924,0.5304738283157349,0.14274382591247559,0.06806351244449615,0.11365072429180145,-0.9033823013305664,-0.3522772789001465,-0.24454258382320404,0.35425543785095215,-0.29168224334716797,-0.8884955644607544,0.07648348808288574,-0.3145272433757782,0.13970930874347687,0.17317169904708862,-0.926068127155304,-0.33527520298957825,-0.8833017945289612,0.004544377326965332,-0.4687829613685608,0.3295552730560303,-0.017113300040364265,-0.03100006654858589,-0.5616052150726318,0.8274053335189819,4.704370581976036e-08,-0.8274053335189819,-0.5616052150726318,6.243762413760123e-07,0.29633069038391113,-0.17079748213291168,-0.03099999949336052,0.3627798557281494,0.13657088577747345,-0.031000133603811264
44,-0.9639614224433899,-1.424863576889038,-0.4221069812774658,0.0961061492562294,-0.26519331336021423,1.0679593086242676,0.2024417370557785,0.731073796749115,-0.04876462370157242,-0.23994971811771393,0.016965819522738457,-0.2801600396633148,-0.16992390155792236,0.08732058107852936,0.09202960878610611,0.004078474827110767,0.29444727301597595,0.060448549687862396,-0.28604400157928467,0.875617265701294,0.04426879808306694,1.9102756977081299,-0.38199177384376526,0.7296862006187439,0.1304340362548828,0.16955603659152985,-0.4526621699333191,0.09299103915691376,-0.24067360162734985,-0.2311052829027176,-1.1071603298187256,0.5196608304977417,0.1409013271331787,0.0709887370467186,0.10722526907920837,-0.9061551094055176,-0.3521215319633484,-0.23429323732852936,0.34405505657196045,-0.291515588760376,-0.8925495147705078,0.07628178596496582,-0.31390729546546936,0.13969489932060242,0.15177315473556519,-0.9262210726737976,-0.3450787663459778,-0.8874872326850891,0.025991201400756836,-0.46009865403175354,0.3295552730560303,-0.01711318828165531,-0.03100001811981201,-0.5616052150726318,0.8274054527282715,-3.541677244811581e-07,-0.8274054527282715,-0.5616052150726318,3.7485898474187707e-07,0.29633069038391113,-0.17079739272594452,-0.030999936163425446,0.3627798557281494,0.136571004986763,-0.031000100076198578
45,-0.9673618078231812,-1.4409557580947876,-0.41947129368782043,0.07703841477632523,-0.2782282531261444,1.0724455118179321,0.209389790892601,0.7310909032821655,-0.04767831414937973,-0.2247815579175949,0.035313140600919724,-0.29558053612709045,-0.1833505481481552,0.06863521039485931,0.09707851707935333,0.03486065939068794,0.29141226410865784,0.07220447063446045,-0.3055153787136078,0.8790997266769409,0.05168915167450905,1.9131230115890503,-0.39038223028182983,0.7296129465103149,0.09784074872732162,0.17000849545001984,-0.4892561435699463,0.09319967031478882,-0.23796892166137695,-0.2401263415813446,-1.1489739418029785,0.5666611194610596,0.13891291618347168,0.07360772043466568,0.10041755437850952,-0.9092340469360352,-0.35217025876045227,-0.22196774184703827,0.3321157991886139,-0.2921919822692871,-0.896840512752533,0.07611393928527832,-0.31340643763542175,0.13970239460468292,0.1264551877975464,-0.9265989661216736,-0.3541516363620758,-0.8910511136054993,0.05079096555709839,-0.45105230808258057,0.3295552730560303,-0.01711330935359001,-0.03100006654858589,-0.5616053342819214,0.8274052739143372,1.7750979353081675e-08,-0.8274052739143372,-0.5616053342819214,6.347821681629284e-07,0.2963307201862335,-0.17079751193523407,-0.03099999576807022,0.362779825925827,0.13657088577747345,-0.031000137329101562
46,-0.970471978187561,-1.4561046361923218,-0.4160440266132355,0.057677850127220154,-0.2921479046344757,1.0751938819885254,0.21646861732006073,0.7311017513275146,-0.04349544644355774,-0.21183447539806366,0.04651932045817375,-0.2973615527153015,-0.19587638974189758,0.043693117797374725,0.09882835298776627,0.042233698070049286,0.28685346245765686,0.08389702439308167,-0.3262479901313782,0.8821649551391602,0.059797253459692,1.9160279035568237,-0.39822521805763245,0.7295408248901367,0.08496838808059692,0.1708855777978897,-0.5133181810379028,0.08210088312625885,-0.24298125505447388,-0.2651480436325073,-1.2046535015106201,0.5732840299606323,0.13681244850158691,0.07568143308162689,0.09359484910964966,-0.9123737812042236,-0.3525952696800232,-0.2079683542251587,0.3190579414367676,-0.2942163944244385,-0.9009100198745728,0.07593655586242676,-0.3129010796546936,0.13973161578178406,0.09772557020187378,-0.9267563223838806,-0.3627292215824127,-0.8936579823493958,0.07868242263793945,-0.4417969286441803,0.3295552730560303,-0.01711328700184822,-0.03100006654858589,-0.5616052150726318,0.8274053931236267,-4.5158580519455427e-07,-0.8274053931236267,-0.5616052150726318,2.24539022042336e-07,0.29633069038391113,-0.1707974672317505,-0.030999992042779922,0.3627798557281494,0.13657090067863464,-0.03100014105439186
47,-0.9730488657951355,-1.4704869985580444,-0.41133877635002136,0.038014549762010574,-0.30674901604652405,1.0764878988265991,0.22392083704471588,0.7311140894889832,-0.0351095087826252,-0.20002032816410065,0.06457923352718353,-0.3029934763908386,-0.20388491451740265,0.023167697712779045,0.10431608557701111,-0.006468275561928749,0.2812916040420532,0.09573274850845337,-0.3482782244682312,0.8849965929985046,0.06837576627731323,1.9191550016403198,-0.40545251965522766,0.7294929027557373,0.06200671195983887,0.17004148662090302,-0.5362070798873901,0.08177486062049866,-0.23641882836818695,-0.2693883180618286,-1.2202364206314087,0.5844636559486389,0.13461947441101074,0.07729092240333557,0.08677682280540466,-0.9155054092407227,-0.35346582531929016,-0.19212529063224792,0.30475276708602905,-0.2975565195083618,-0.904757559299469,0.0757749080657959,-0.3124427795410156,0.13981708884239197,0.06611084938049316,-0.9264668226242065,-0.3705247640609741,-0.8951596021652222,0.10898149013519287,-0.43221789598464966,0.3295552730560303,-0.017113283276557922,-0.03100006654858589,-0.5616050958633423,0.8274053931236267,-4.844458771913196e-07,-0.8274053931236267,-0.5616050958633423,-1.5467762182197475e-08,0.29633069038391113,-0.1707974523305893,-0.031000014394521713,0.3627798557281494,0.13657088577747345,-0.03100011870265007
48,-0.9751986861228943,-1.4845329523086548,-0.40527063608169556,0.01798529550433159,-0.3220196068286896,1.0766754150390625,0.23177467286586761,0.7311269640922546,-0.029379086568951607,-0.1954338550567627,0.08379577845335007,-0.3080928325653076,-0.21303728222846985,0.007590337190777063,0.11012741923332214,-0.005553412716835737,0.27478355169296265,0.10781721025705338,-0.3711303770542145,0.8874268531799316,0.07788022607564926,1.92258882522583,-0.412231981754303,0.7294631004333496,0.05090676248073578,0.17572228610515594,-0.553623616695404,0.07801860570907593,-0.22870805859565735,-0.27932310104370117,-1.2365431785583496,0.59096759557724,0.13226866722106934,0.07845663279294968,0.07999368011951447,-0.918576717376709,-0.3546816110610962,-0.17440687119960785,0.28917914628982544,-0.3023035526275635,-0.9082884788513184,0.07556557655334473,-0.3118099570274353,0.13998134434223175,0.03179377317428589,-0.9252713322639465,-0.3779711425304413,-0.8954550623893738,0.14162564277648926,-0.42202189564704895,0.3295552730560303,-0.017113182693719864,-0.031000033020973206,-0.5616050958633423,0.8274053931236267,-3.255115075262438e-07,-0.8274053931236267,-0.5616050958633423,1.2314478681219043e-07,0.29633069038391113,-0.17079734802246094,-0.030999984592199326,0.3627798557281494,0.1365709900856018,-0.031000081449747086
49,-0.9756229519844055,-1.4975652694702148,-0.4007158875465393,0.005713832098990679,-0.3377443850040436,1.076678991317749,0.2398691475391388,0.7310250997543335,-0.009809309616684914,-0.1962396502494812,-0.10796558856964111,0.09381233155727386,-0.20448777079582214,0.05750333145260811,0.0038179978728294373,-0.0029389443807303905,0.26730456948280334,0.12008065730333328,-0.394377738237381,0.8894950747489929,0.08800364285707474,1.9263819456100464,-0.4187377095222473,0.7294406294822693,0.033849820494651794,0.17925593256950378,-0.5623417496681213,0.07315664738416672,-0.22090332210063934,-0.2906804382801056,-1.2594938278198242,0.6026822924613953,0.12983298301696777,0.07737374305725098,0.07703924179077148,-0.9212899208068848,-0.3549695611000061,-0.15881307423114777,0.2768867611885071,-0.31202268600463867,-0.9088319540023804,0.07533669471740723,-0.3110726773738861,0.1402461677789688,-0.0045223236083984375,-0.9228985905647278,-0.38501647114753723,-0.8943628668785095,0.17596155405044556,-0.411281555891037,0.3295552730560303,-0.017113305628299713,-0.03100006654858589,-0.5616055727005005,0.8274052739143372,4.699843003663773e-08,-0.8274052739143372,-0.5616055727005005,7.206418217720056e-07,0.2963307499885559,-0.17079752683639526,-0.030999988317489624,0.36277979612350464,0.13657090067863464,-0.03100014477968216
50,-0.9780158996582031,-1.512468695640564,-0.3987477719783783,0.005382360890507698,-0.3551199436187744,1.0770349502563477,0.24720899760723114,0.7310723066329956,-0.040172744542360306,-0.20532408356666565,-0.07068640738725662,0.05671975016593933,-0.21345514059066772,0.10160134732723236,-0.029749438166618347,-0.05953224003314972,0.25950711965560913,0.13284672796726227,-0.4214553236961365,0.8909305930137634,0.09981632977724075,1.9308701753616333,-0.42606475949287415,0.7294275164604187,-0.04310901463031769,0.18620669841766357,-0.594616174697876,0.0531669519841671,-0.11197271943092346,-0.2742597460746765,-1.168982744216919,0.5992588400840759,0.126265287399292,0.0719369500875473,0.0807972252368927,-0.9248789548873901,-0.3509857952594757,-0.14631377160549164,0.2692556083202362,-0.3327704668045044,-0.9037505388259888,0.07506060600280762,-0.3100731670856476,0.14070409536361694,-0.04577052593231201,-0.9184834361076355,-0.39280202984809875,-0.8911589980125427,0.21521633863449097,-0.39939677715301514,0.3295552730560303,-0.01711319200694561,-0.03100001811981201,-0.5616052150726318,0.8274053931236267,-7.510047907999251e-07,-0.8274053931236267,-0.5616052150726318,2.755230070761172e-07,0.29633069038391113,-0.17079737782478333,-0.030999906361103058,0.3627798557281494,0.1365709900856018,-0.031000129878520966
51,-0.9784794449806213,-1.5286682844161987,-0.39802077412605286,0.005322983022779226,-0.37195801734924316,1.0813045501708984,0.2536453306674957,0.7310624718666077,-0.0034567201510071754,-0.22414591908454895,-0.06291370093822479,0.06347701698541641,-0.1918690949678421,0.17383524775505066,-0.04140003025531769,-0.02930113673210144,0.2476692795753479,0.1452973634004593,-0.4501279890537262,0.8908792734146118,0.11373694986104965,1.9364588260650635,-0.4336186647415161,0.7296202182769775,-0.16070452332496643,0.1748294234275818,-0.5814204812049866,0.016400670632719994,0.027553021907806396,-0.2058187872171402,-1.0235496759414673,0.7499682903289795,0.12292695045471191,0.06770764291286469,0.08425705134868622,-0.9275367259979248,-0.34859606623649597,-0.13474492728710175,0.2622823417186737,-0.3503180742263794,-0.8991579413414001,0.07458710670471191,-0.3086192309856415,0.14157086610794067,-0.09390115737915039,-0.9109975099563599,-0.4015795588493347,-0.8847864866256714,0.2612879276275635,-0.3858516216278076,0.3295552730560303,-0.017113303765654564,-0.03100006654858589,-0.5616055727005005,0.8274052739143372,5.587222773328904e-08,-0.8274052739143372,-0.5616055727005005,7.807612973920186e-07,0.2963307499885559,-0.17079751193523407,-0.030999984592199326,0.36277979612350464,0.13657091557979584,-0.031000148504972458
52,-0.9778796434402466,-1.5453290939331055,-0.399848073720932,0.005172517150640488,-0.38867923617362976,1.0886672735214233,0.2578597068786621,0.7310541272163391,0.016017064452171326,-0.22903692722320557,-0.05519246309995651,0.0669000893831253,-0.17084166407585144,0.23862451314926147,-0.054986946284770966,-0.05699088051915169,0.2326347976922989,0.156646728515625,-0.4783393442630768,0.8867740035057068,0.13211992383003235,1.944554328918457,-0.44138070940971375,0.729986310005188,-0.22240681946277618,0.15972702205181122,-0.5403524041175842,-0.07368297874927521,0.22270452976226807,-0.08816838264465332,-0.7558598518371582,0.7092102766036987,0.11974644660949707,0.06462010741233826,0.08705095946788788,-0.9291720390319824,-0.3481298089027405,-0.12427689880132675,0.2562252879142761,-0.3642449378967285,-0.8953625559806824,0.07312893867492676,-0.30522242188453674,0.14346034824848175,-0.14879298210144043,-0.8982020616531372,-0.4136348366737366,-0.8753619194030762,0.31421834230422974,-0.36743491888046265,0.3295552730560303,-0.01711319014430046,-0.03100001811981201,-0.5616050958633423,0.8274054527282715,-7.390931386908051e-07,-0.8274054527282715,-0.5616050958633423,3.268374086928816e-07,0.29633069038391113,-0.17079737782478333,-0.03099989891052246,0.3627798557281494,0.1365709900856018,-0.031000137329101562
53,-0.974267840385437,-1.5625576972961426,-0.40193361043930054,0.0048145875334739685,-0.40541279315948486,1.0992671251296997,0.2611311376094818,0.7310482263565063,0.06359097361564636,-0.23711147904396057,-0.056254081428050995,0.06829681247472763,-0.16545550525188446,0.28684869408607483,-0.07031112909317017,-0.028804589062929153,0.2163466215133667,0.16875171661376953,-0.5068504214286804,0.8808906078338623,0.15159520506858826,1.9543918371200562,-0.4502561092376709,0.7300359606742859,-0.2411012500524521,0.1778193712234497,-0.5757413506507874,-0.07420262694358826,0.22923798859119415,-0.0702168196439743,-0.7262754440307617,0.7542272806167603,0.11687922477722168,0.0626707524061203,0.08917498588562012,-0.9296870231628418,-0.3505832850933075,-0.11301964521408081,0.25000014901161194,-0.375207781791687,-0.8925912380218506,0.0714104175567627,-0.3012149930000305,0.14597748219966888,-0.20610010623931885,-0.8807346224784851,-0.4264143705368042,-0.8627281785011292,0.36918532848358154,-0.3455462157726288,0.3295552730560303,-0.017113182693719864,-0.031000033020973206,-0.5616052150726318,0.8274053335189819,-3.432475921272271e-07,-0.8274053335189819,-0.5616052150726318,8.460539646648613e-08,0.29633069038391113,-0.17079736292362213,-0.030999984592199326,0.3627798557281494,0.136571004986763,-0.031000081449747086
54,-0.9677411913871765,-1.5808290243148804,-0.40552255511283875,0.004429888445883989,-0.42222997546195984,1.1127225160598755,0.26270416378974915,0.731034517288208,0.10708338767290115,-0.25326794385910034,-0.0720619484782219,0.06360523402690887,-0.16279375553131104,0.32381874322891235,-0.08850405365228653,-0.013908011838793755,0.19908230006694794,0.18121156096458435,-0.5357481837272644,0.8744760155677795,0.17014238238334656,1.964737892150879,-0.4613320827484131,0.7300814986228943,-0.23967258632183075,0.18378810584545135,-0.5875006318092346,-0.08497985452413559,0.23742938041687012,-0.060550495982170105,-0.7317430973052979,0.7511612772941589,0.11455941200256348,0.06168992072343826,0.09085875749588013,-0.9287381172180176,-0.35643449425697327,-0.1019817367196083,0.24496501684188843,-0.38351595401763916,-0.8904537558555603,0.07001328468322754,-0.29746511578559875,0.14872212707996368,-0.2625281810760498,-0.8590925335884094,-0.4393618702888489,-0.8462629914283752,0.42375320196151733,-0.32291197776794434,0.3295552730560303,-0.017113305628299713,-0.03100006654858589,-0.5616053342819214,0.8274052739143372,3.22732276458737e-08,-0.8274052739143372,-0.5616053342819214,6.709975650665001e-07,0.2963307201862335,-0.17079749703407288,-0.030999992042779922,0.362779825925827,0.13657090067863464,-0.03100014105439186
55,-0.9580916166305542,-1.6000909805297852,-0.410274863243103,0.0038062077946960926,-0.43913334608078003,1.1284528970718384,0.26315340399742126,0.7310095429420471,0.15191549062728882,-0.2686072587966919,-0.11659301817417145,0.056529220193624496,-0.17001241445541382,0.34135299921035767,-0.11124441027641296,0.020786946639418602,0.18147516250610352,0.1943531036376953,-0.5647450685501099,0.8679702877998352,0.18742907047271729,1.9755699634552002,-0.47440844774246216,0.7301177382469177,-0.23628517985343933,0.19523786008358002,-0.5978502035140991,-0.08897280693054199,0.23882393538951874,-0.06047244369983673,-0.7612243294715881,0.7575849890708923,0.11289572715759277,0.06155725568532944,0.09210366010665894,-0.9263299703598022,-0.3655211925506592,-0.09114246815443039,0.24117690324783325,-0.3895716667175293,-0.8888574242591858,0.06896281242370605,-0.2940811514854431,0.15163469314575195,-0.31688690185546875,-0.833832323551178,-0.452002614736557,-0.8264316916465759,0.47658610343933105,-0.2997937500476837,0.3295552730560303,-0.017113247886300087,-0.03100002557039261,-0.5616053342819214,0.8274054527282715,-6.887943300171173e-07,-0.8274054527282715,-0.5616053342819214,1.7044006028754666e-07,0.29633069038391113,-0.1707974672317505,-0.030999932438135147,0.3627798557281494,0.13657096028327942,-0.03100011870265007
56,-0.9465674161911011,-1.619602084159851,-0.4163387417793274,0.0019042325438931584,-0.4571472406387329,1.1448131799697876,0.2646141052246094,0.7310149073600769,0.17780061066150665,-0.26597630977630615,-0.1327890008687973,0.03572579473257065,-0.1922050416469574,0.34113654494285583,-0.09928623586893082,0.05980593338608742,0.16402751207351685,0.20825660228729248,-0.592682957649231,0.8608434200286865,0.20392562448978424,1.986611008644104,-0.4886234402656555,0.7301894426345825,-0.21444390714168549,0.20979033410549164,-0.5833813548088074,-0.09654232859611511,0.24853040277957916,-0.04425869882106781,-0.7298375964164734,0.7503522038459778,0.11162066459655762,0.0619373694062233,0.092527836561203,-0.9233757257461548,-0.37534576654434204,-0.08058028668165207,0.2376546561717987,-0.39404356479644775,-0.8878345489501953,0.06809353828430176,-0.29072120785713196,0.15464425086975098,-0.36852025985717773,-0.8055490851402283,-0.46398675441741943,-0.8040421605110168,0.5267132520675659,-0.2758432924747467,0.3295552730560303,-0.01711319200694561,-0.03100001811981201,-0.5616052150726318,0.8274053931236267,-7.152624448281131e-07,-0.8274053931236267,-0.5616052150726318,3.6248118817638897e-07,0.29633069038391113,-0.17079737782478333,-0.03099989891052246,0.3627798557281494,0.1365709900856018,-0.031000137329101562
57,-0.9331088662147522,-1.638785481452942,-0.4209567904472351,0.002782730385661125,-0.47643259167671204,1.1609033346176147,0.2680525779724121,0.7310516834259033,0.20349523425102234,-0.26807957887649536,-0.044605862349271774,0.0562189482152462,-0.1932799220085144,0.34501656889915466,-0.05278090015053749,-0.029500391334295273,0.14750340580940247,0.22285698354244232,-0.6185389757156372,0.8530556559562683,0.21979989111423492,1.9980660676956177,-0.5033707618713379,0.7302707433700562,-0.18399326503276825,0.22414226830005646,-0.5524414777755737,-0.10465823858976364,0.2597271502017975,-0.02357400953769684,-0.6846019625663757,0.7286579012870789,0.11004900932312012,0.06125061959028244,0.09451566636562347,-0.9207974672317505,-0.3838938772678375,-0.06897617876529694,0.23382027447223663,-0.40175163745880127,-0.8853947520256042,0.0673062801361084,-0.2871626019477844,0.15783730149269104,-0.41646409034729004,-0.7751436829566956,-0.47508934140205383,-0.78029865026474,0.572930634021759,-0.25076791644096375,0.3295552730560303,-0.017113160341978073,-0.03100001811981201,-0.5616053342819214,0.8274053931236267,-7.927957881292969e-07,-0.8274053931236267,-0.5616053342819214,5.090741410640476e-07,0.29633069038391113,-0.17079736292362213,-0.03099987283349037,0.3627798557281494,0.1365710347890854,-0.03100016340613365
58,-0.9176484942436218,-1.6572108268737793,-0.4239550828933716,0.0025497497990727425,-0.49683693051338196,1.1770892143249512,0.2729372978210449,0.7310512065887451,0.23836462199687958,-0.2545703649520874,-0.048895128071308136,0.058796804398298264,-0.21016159653663635,0.34245625138282776,-0.029261767864227295,0.025905806571245193,0.13179589807987213,0.23840446770191193,-0.6424050331115723,0.8451509475708008,0.23471160233020782,2.0098681449890137,-0.5188791751861572,0.7303348183631897,-0.16502656042575836,0.24134019017219543,-0.5284057855606079,-0.10607485473155975,0.2644711434841156,-0.014381542801856995,-0.669158935546875,0.7103062868118286,0.10841870307922363,0.060686103999614716,0.09586015343666077,-0.9180327653884888,-0.39266812801361084,-0.055023886263370514,0.22803576290607452,-0.4093400239944458,-0.8834254145622253,0.06667208671569824,-0.28363025188446045,0.16114412248134613,-0.4605746269226074,-0.743293046951294,-0.48516646027565,-0.7556659579277039,0.6150995492935181,-0.2249923050403595,0.3295552730560303,-0.01711319014430046,-0.03100001811981201,-0.5616050958633423,0.8274053931236267,-3.863003144033428e-07,-0.8274053931236267,-0.5616050958633423,2.620139980535896e-07,0.29633069038391113,-0.17079736292362213,-0.03099994733929634,0.3627798557281494,0.1365709751844406,-0.031000088900327682
59,-0.9017484188079834,-1.6736549139022827,-0.4266202449798584,0.0023110273759812117,-0.5186075568199158,1.1911383867263794,0.2799697816371918,0.7310640811920166,0.24201734364032745,-0.22456252574920654,-0.044688232243061066,0.05757541581988335,-0.2297426164150238,0.3062007427215576,0.0013974905014038086,-0.044085100293159485,0.11682326346635818,0.2546180486679077,-0.6632373929023743,0.8360316753387451,0.24972417950630188,2.022479772567749,-0.5342936515808105,0.7304090261459351,-0.1405307948589325,0.25591713190078735,-0.47558847069740295,-0.12338142842054367,0.2825876474380493,0.01886783540248871,-0.6031590700149536,0.6792325973510742,0.10666680335998535,0.05950339883565903,0.09729340672492981,-0.9158527851104736,-0.39945685863494873,-0.040595486760139465,0.22144578397274017,-0.4181903600692749,-0.8809532523155212,0.06599307060241699,-0.2794816195964813,0.16484197974205017,-0.5018000602722168,-0.7097944021224976,-0.494356632232666,-0.7306185960769653,0.6537425518035889,-0.1970205008983612,0.3295552730560303,-0.017113251611590385,-0.03100002557039261,-0.5616052150726318,0.8274053931236267,-6.835742851762916e-07,-0.8274053931236267,-0.5616052150726318,2.526070659314428e-07,0.29633069038391113,-0.1707974374294281,-0.03099992126226425,0.3627798557281494,0.13657093048095703,-0.031000129878520966
60,-0.8854379653930664,-1.688494324684143,-0.4284186065196991,0.0020977610256522894,-0.5413577556610107,1.2031570672988892,0.28933650255203247,0.731070339679718,0.24623973667621613,-0.20112620294094086,-0.044038865715265274,0.057780999690294266,-0.24450747668743134,0.26765137910842896,0.02938300371170044,-0.04126711189746857,0.1026422530412674,0.27170729637145996,-0.6808289885520935,0.8260580897331238,0.2645775079727173,2.035879373550415,-0.5496490597724915,0.7304683327674866,-0.1239217221736908,0.2730686068534851,-0.42496150732040405,-0.13577277958393097,0.2932438254356384,0.0419972687959671,-0.5617311596870422,0.6542291641235352,0.10485577583312988,0.05768001824617386,0.09898887574672699,-0.9143567085266113,-0.40408825874328613,-0.02578306570649147,0.2141740471124649,-0.4286212921142578,-0.8777319192886353,0.0653221607208252,-0.2748544216156006,0.1689125895500183,-0.539980411529541,-0.6752956509590149,-0.5023913383483887,-0.7057214379310608,0.6885321140289307,-0.16697554290294647,0.3295552730560303,-0.017113162204623222,-0.03100001811981201,-0.5616053342819214,0.8274052739143372,-6.800234473303135e-07,-0.8274052739143372,-0.5616053342819214,7.900598575361073e-07,0.2963307201862335,-0.17079736292362213,-0.03099985420703888,0.362779825925827,0.1365710347890854,-0.031000182032585144
61,-0.8673845529556274,-1.7021769285202026,-0.42906177043914795,0.002027500420808792,-0.564360499382019,1.213777780532837,0.3011632561683655,0.7310698628425598,0.2705022990703583,-0.1836003214120865,-0.04616778716444969,0.05553025007247925,-0.2553645968437195,0.23387600481510162,0.05605529993772507,-0.03042473830282688,0.0885055884718895,0.28953495621681213,-0.6931963562965393,0.8118497729301453,0.27954500913619995,2.051760673522949,-0.5640940070152283,0.7306089997291565,-0.13232216238975525,0.303035706281662,-0.2937151789665222,-0.2505670189857483,0.351098895072937,0.13063691556453705,-0.3931152820587158,-0.03986335173249245,0.10342621803283691,0.0555204302072525,0.10102152824401855,-0.9130771160125732,-0.40763482451438904,-0.011151704005897045,0.20713864266872406,-0.4400749206542969,-0.8737435936927795,0.0635979175567627,-0.26870664954185486,0.17434969544410706,-0.5775018930435181,-0.6385332345962524,-0.5086913704872131,-0.6818718910217285,0.7199074029922485,-0.12955313920974731,0.3295552730560303,-0.01711318828165531,-0.03100001811981201,-0.5616052150726318,0.8274053335189819,-4.139597820085328e-07,-0.8274053335189819,-0.5616052150726318,1.1031477242795518e-07,0.29633069038391113,-0.17079737782478333,-0.030999962240457535,0.3627798557281494,0.1365709900856018,-0.03100007399916649
62,-0.8504906892776489,-1.7110702991485596,-0.4253096878528595,0.0017202055314555764,-0.5884402394294739,1.2184791564941406,0.31789833307266235,0.7310932278633118,0.23244011402130127,-0.10615383833646774,-0.09764377772808075,0.05464606732130051,-0.3024800419807434,0.11268135160207748,0.06875382363796234,-0.03447478637099266,0.07467550784349442,0.31135663390159607,-0.7028704285621643,0.7922773361206055,0.29484617710113525,2.071747303009033,-0.576693594455719,0.7305924296379089,-0.1757739782333374,0.36214497685432434,-0.21232642233371735,-0.3665112853050232,0.3254173696041107,0.2727500796318054,-0.20680436491966248,0.7783418297767639,0.10151839256286621,0.05181308090686798,0.10370595753192902,-0.9139426946640015,-0.405801922082901,0.005801901686936617,0.19686460494995117,-0.4557870626449585,-0.8680452108383179,0.06058049201965332,-0.26086682081222534,0.1817694902420044,-0.6192632913589478,-0.5975871682167053,-0.5093160271644592,-0.6570467352867126,0.7495337128639221,-0.08055301010608673,0.3295552730560303,-0.01711328700184822,-0.03100006654858589,-0.5616053342819214,0.8274054527282715,-4.110109443900001e-07,-0.8274054527282715,-0.5616053342819214,4.4815402588938014e-07,0.29633069038391113,-0.17079749703407288,-0.03099996969103813,0.3627798557281494,0.13657093048095703,-0.03100016340613365
63,-0.8294109106063843,-1.723280906677246,-0.42214447259902954,0.003113614162430167,-0.6120321750640869,1.2238757610321045,0.33539074659347534,0.7310816645622253,0.30511724948883057,-0.1626741886138916,-0.04306694120168686,0.04710959643125534,-0.30227044224739075,0.10598421096801758,0.12238363176584244,-0.041263945400714874,0.06591875851154327,0.33285191655158997,-0.6984333992004395,0.7638906240463257,0.3046363592147827,2.093271017074585,-0.5884227752685547,0.7306249141693115,-0.037859611213207245,0.37486881017684937,0.09922470152378082,-0.46037042140960693,0.15805789828300476,0.29375410079956055,-0.1810453236103058,0.5164701342582703,0.10115170478820801,0.04794847592711449,0.10815931856632233,-0.9136612415313721,-0.4060111939907074,0.019450757652521133,0.19193921983242035,-0.4731196165084839,-0.8598355650901794,0.05351090431213379,-0.25113409757614136,0.1915629506111145,-0.6533347368240356,-0.56374192237854,-0.5053204894065857,-0.6448371410369873,0.764090895652771,-0.018712090328335762,0.3295552730560303,-0.017113177105784416,-0.03100002184510231,-0.5616052150726318,0.8274054527282715,1.4425014072116937e-08,-0.8274054527282715,-0.5616052150726318,6.822825184826797e-07,0.29633069038391113,-0.17079737782478333,-0.03099994733929634,0.3627798557281494,0.1365710198879242,-0.03100009635090828
64,-0.8075263500213623,-1.7353659868240356,-0.4185802638530731,0.00359531887806952,-0.6356199383735657,1.230593204498291,0.3545320928096771,0.731070339679718,0.3072830140590668,-0.1612042933702469,-0.07976612448692322,0.03392573446035385,-0.31497666239738464,0.10810330510139465,0.14283835887908936,-0.018704544752836227,0.058909256011247635,0.35401052236557007,-0.6904593706130981,0.7439262270927429,0.321062296628952,2.111186981201172,-0.5985308885574341,0.7310329079627991,-0.05059048533439636,0.2963162064552307,0.017552219331264496,-0.15687918663024902,0.4708173871040344,0.19497962296009064,-0.20548813045024872,0.5042269825935364,0.10083937644958496,0.04452461749315262,0.11205601692199707,-0.9136602878570557,-0.40516236424446106,0.032686445862054825,0.18650762736797333,-0.489313006401062,-0.8519317507743835,0.051085710525512695,-0.2418956160545349,0.19942978024482727,-0.6810289621353149,-0.5321776270866394,-0.502977728843689,-0.6298186182975769,0.7760984897613525,0.031616467982530594,0.3295552730560303,-0.01711319200694561,-0.03100001811981201,-0.5616053342819214,0.8274054527282715,-7.320449526559969e-07,-0.8274054527282715,-0.5616053342819214,3.0993700761428045e-07,0.29633069038391113,-0.1707974076271057,-0.03099990263581276,0.3627798557281494,0.1365710198879242,-0.031000133603811264
65,-0.7853035926818848,-1.749321699142456,-0.4145868420600891,0.004414023831486702,-0.6594792604446411,1.2368364334106445,0.3741828203201294,0.7310813069343567,0.3132307529449463,-0.19033950567245483,-0.03447534143924713,0.04028185456991196,-0.3196352422237396,0.0965086966753006,0.16574198007583618,-0.039994016289711,0.053645700216293335,0.3707874119281769,-0.6823167204856873,0.7413439154624939,0.33596283197402954,2.122713565826416,-0.610089898109436,0.730785071849823,-0.0215890035033226,0.25153040885925293,0.08045744895935059,0.08150485157966614,0.21528509259223938,0.02841179072856903,-1.0421462059020996,0.18694166839122772,0.10088896751403809,0.040596991777420044,0.11705823242664337,-0.913923978805542,-0.40342310070991516,0.04463909566402435,0.1829787790775299,-0.5076801776885986,-0.8418904542922974,0.05311226844787598,-0.23705683648586273,0.20300230383872986,-0.6931812763214111,-0.5117476582527161,-0.5075571537017822,-0.6194955706596375,0.7829541563987732,0.05663945525884628,0.3295552730560303,-0.017113182693719864,-0.031000033020973206,-0.5616052150726318,0.8274053335189819,-3.4186962238891283e-07,-0.8274053335189819,-0.5616052150726318,8.991804634206346e-08,0.29633069038391113,-0.17079736292362213,-0.030999984592199326,0.3627798557281494,0.136571004986763,-0.031000081449747086
66,-0.7626516222953796,-1.7619911432266235,-0.4113708436489105,0.004980953875929117,-0.6837205290794373,1.2433656454086304,0.39436203241348267,0.7310663461685181,0.3189016580581665,-0.17100420594215393,-0.06812169402837753,0.026218026876449585,-0.33124542236328125,0.09184210747480392,0.17930066585540771,-0.02753930166363716,0.04863115772604942,0.38694754242897034,-0.6696794629096985,0.7327982783317566,0.3553614020347595,2.1351802349090576,-0.6203664541244507,0.731056809425354,-0.016032058745622635,0.28176766633987427,0.1968703269958496,-0.12886951863765717,0.48150765895843506,0.1382315754890442,-1.1286306381225586,0.38777706027030945,0.10103392601013184,0.036925897002220154,0.12166479229927063,-0.9142625331878662,-0.4012676477432251,0.05575314909219742,0.17957629263401031,-0.5247657299041748,-0.8320897817611694,0.05482363700866699,-0.22982196509838104,0.20784235000610352,-0.7078465223312378,-0.4870656132698059,-0.51158607006073,-0.6073334813117981,0.7894815802574158,0.08868414908647537,0.3295552730560303,-0.017113305628299713,-0.03100006654858589,-0.5616053342819214,0.8274053335189819,3.2636073399316956e-08,-0.8274053335189819,-0.5616053342819214,3.0762066671741195e-07,0.2963307201862335,-0.17079749703407288,-0.031000036746263504,0.362779825925827,0.13657090067863464,-0.03100009635090828
67,-0.7396215796470642,-1.774458885192871,-0.4083392322063446,0.0054190270602703094,-0.7070712447166443,1.2500957250595093,0.4150772988796234,0.7310651540756226,0.32887202501296997,-0.16802436113357544,-0.030398476868867874,0.03724855184555054,-0.3074203133583069,0.10391699522733688,0.1952710598707199,-0.03720411658287048,0.04369160160422325,0.4032975733280182,-0.6545870900154114,0.7216139435768127,0.37646907567977905,2.1470885276794434,-0.6275487542152405,0.7311245799064636,-0.032560087740421295,0.2646958529949188,0.17272049188613892,-0.1186995655298233,0.4626942276954651,0.16285626590251923,-0.5352726578712463,0.3920692205429077,0.10158610343933105,0.03354736417531967,0.1262129247188568,-0.9147287607192993,-0.39881274104118347,0.06496084481477737,0.17745022475719452,-0.5409202575683594,-0.8221416473388672,0.056404829025268555,-0.22180534899234772,0.21296155452728271,-0.7242355346679688,-0.46192654967308044,-0.5119634866714478,-0.5940750241279602,0.7949255704879761,0.1231592446565628,0.3295552730560303,-0.017113251611590385,-0.03100002557039261,-0.5616053342819214,0.8274053931236267,-8.385192700188782e-07,-0.8274053931236267,-0.5616053342819214,-1.4340552922931238e-07,0.29633069038391113,-0.1707974523305893,-0.03099995106458664,0.3627798557281494,0.13657094538211823,-0.031000100076198578
68,-0.7179135680198669,-1.7870529890060425,-0.40542978048324585,0.005515464581549168,-0.7305372953414917,1.2554577589035034,0.43600112199783325,0.7310519218444824,0.30216163396835327,-0.17405518889427185,-0.07051502913236618,0.03009900450706482,-0.3140813112258911,0.07511194050312042,0.18465152382850647,-0.0200602225959301,0.03788743168115616,0.4200283885002136,-0.6402277946472168,0.7098845839500427,0.398252934217453,2.159677028656006,-0.634334921836853,0.7311287522315979,-0.03520842269062996,0.28131499886512756,0.15192583203315735,-0.12683263421058655,0.48104631900787354,0.19255118072032928,-0.36749041080474854,0.4312056005001068,0.10224318504333496,0.02985570766031742,0.1311543881893158,-0.9157881736755371,-0.3950044810771942,0.07282350212335587,0.17616327106952667,-0.5579330921173096,-0.8109727501869202,0.05847334861755371,-0.21390418708324432,0.21843141317367554,-0.742270827293396,-0.4343322217464447,-0.5102839469909668,-0.5775338411331177,0.8008420467376709,0.15845102071762085,0.3295552730560303,-0.01711319014430046,-0.03100001811981201,-0.5616052150726318,0.8274053931236267,-7.089968789841805e-07,-0.8274053931236267,-0.5616052150726318,4.064731626840512e-07,0.29633069038391113,-0.17079737782478333,-0.030999895185232162,0.3627798557281494,0.1365709900856018,-0.03100014105439186
69,-0.6960045099258423,-1.800141453742981,-0.40194839239120483,0.005796276964247227,-0.7535356283187866,1.2609598636627197,0.4573434889316559,0.731054961681366,0.30866917967796326,-0.17674382030963898,-0.04526869207620621,0.040844373404979706,-0.30152347683906555,0.08109220862388611,0.18668818473815918,-0.034314822405576706,0.03094211407005787,0.43717852234840393,-0.6259363293647766,0.6978039741516113,0.4203113615512848,2.1720988750457764,-0.6401269435882568,0.7311259508132935,-0.0464923158288002,0.28875604271888733,0.13608418405056,-0.13249187171459198,0.4885307550430298,0.19903457164764404,-0.27292102575302124,0.4591388702392578,0.10309147834777832,0.026165617629885674,0.13653358817100525,-0.9171520471572876,-0.3905591368675232,0.0793476477265358,0.1758328229188919,-0.5752133131027222,-0.7988820672035217,0.06096959114074707,-0.20627358555793762,0.22391879558563232,-0.7613128423690796,-0.4054102301597595,-0.5060091018676758,-0.5583142638206482,0.8067042827606201,0.19368356466293335,0.3295552730560303,-0.017113160341978073,-0.03100001811981201,-0.5616052150726318,0.8274053335189819,-7.835231485842087e-07,-0.8274053335189819,-0.5616052150726318,5.36344884949358e-07,0.29633069038391113,-0.17079734802246094,-0.03099987283349037,0.3627798557281494,0.1365710198879242,-0.03100016340613365
70,-0.6743557453155518,-1.8093771934509277,-0.39960864186286926,0.005987804848700762,-0.7770073413848877,1.2646154165267944,0.47819599509239197,0.7310460209846497,0.3068734407424927,-0.11593747138977051,-0.05983688682317734,0.03688173368573189,-0.2988578975200653,0.06149904057383537,0.17796450853347778,-0.01846594549715519,0.02414362132549286,0.4551689326763153,-0.6122366189956665,0.6826547980308533,0.4426947832107544,2.185628652572632,-0.6456156373023987,0.7310178875923157,-0.049012672156095505,0.3254995346069336,0.1708299219608307,-0.2868309020996094,0.5099464654922485,0.17016209661960602,-0.8517295122146606,0.47043654322624207,0.10415244102478027,0.02259494550526142,0.14133435487747192,-0.9181511402130127,-0.3868238627910614,0.08582272380590439,0.17534394562244415,-0.5908997058868408,-0.7874590754508972,0.06334853172302246,-0.19841432571411133,0.23027253150939941,-0.7826066017150879,-0.37375184893608093,-0.4978320002555847,-0.5355310440063477,0.811937689781189,0.2323010414838791,0.3295552730560303,-0.01711319014430046,-0.03100002184510231,-0.5616053342819214,0.8274053931236267,-6.789647954974498e-07,-0.8274053931236267,-0.5616053342819214,4.4854965608465136e-07,0.29633069038391113,-0.17079739272594452,-0.03099989891052246,0.3627798557281494,0.136571004986763,-0.03100014477968216
71,-0.6527193188667297,-1.8136560916900635,-0.39927539229393005,0.0063184574246406555,-0.8008534908294678,1.2668559551239014,0.49897754192352295,0.7310416102409363,0.3161945641040802,-0.041574910283088684,-0.03995239734649658,0.03828936815261841,-0.28614965081214905,0.059940725564956665,0.19297194480895996,-0.0242169126868248,0.01893424428999424,0.4745897948741913,-0.5964732766151428,0.6625487208366394,0.46549320220947266,2.1968705654144287,-0.6494317650794983,0.7310410141944885,-0.015551157295703888,0.31929025053977966,0.1820179522037506,-0.2785698473453522,0.48149245977401733,0.16637574136257172,-0.5028579235076904,0.43090444803237915,0.10544562339782715,0.019380291923880577,0.1450914740562439,-0.9187244176864624,-0.3840327560901642,0.09200134128332138,0.17450569570064545,-0.6038051843643188,-0.7777963280677795,0.06471371650695801,-0.1898312121629715,0.23665499687194824,-0.8051233291625977,-0.34326741099357605,-0.4836776852607727,-0.5115827322006226,0.8145478367805481,0.2734866738319397,0.3295552730560303,-0.01711328700184822,-0.03100006654858589,-0.5616053342819214,0.8274053335189819,-4.271760190022178e-07,-0.8274053335189819,-0.5616053342819214,3.761484776987345e-07,0.2963307201862335,-0.17079748213291168,-0.03099997714161873,0.362779825925827,0.13657091557979584,-0.031000155955553055
72,-0.6310892105102539,-1.813690185546875,-0.3998899757862091,0.0062425038777291775,-0.8251389861106873,1.2668735980987549,0.5185782313346863,0.7310341000556946,0.3214670419692993,0.01856270246207714,-0.0375768281519413,0.039825212210416794,-0.2789185047149658,0.039489246904850006,0.17710284888744354,0.02109847217798233,0.014997114427387714,0.4943183660507202,-0.5816866755485535,0.6418875455856323,0.4883001446723938,2.2109603881835938,-0.6535161733627319,0.7310296893119812,-0.0028932690620422363,0.3239177167415619,0.16098558902740479,-0.290067195892334,0.4810550808906555,0.2243088185787201,-0.3975672721862793,0.4577922523021698,0.10718607902526855,0.016323158517479897,0.14809206128120422,-0.918290376663208,-0.38321453332901,0.09944641590118408,0.1734546571969986,-0.615216851234436,-0.7690396904945374,0.06653523445129395,-0.18159542977809906,0.24418503046035767,-0.8279845714569092,-0.3112884759902954,-0.46641287207603455,-0.48480701446533203,0.8153631687164307,0.31645694375038147,0.3295552730560303,-0.017113160341978073,-0.03100001811981201,-0.5616053342819214,0.8274053335189819,-7.188687050074805e-07,-0.8274053335189819,-0.5616053342819214,6.876428528812539e-07,0.2963307201862335,-0.17079736292362213,-0.030999861657619476,0.362779825925827,0.1365710347890854,-0.031000174582004547
73,-0.6085885167121887,-1.8093539476394653,-0.40370050072669983,0.005848753731697798,-0.8496614098548889,1.2653387784957886,0.5359317064285278,0.7310066223144531,0.3413352966308594,0.0845770388841629,-0.08977664262056351,0.026886656880378723,-0.28113043308258057,0.01566413976252079,0.1536497175693512,0.040046535432338715,0.013701040297746658,0.514413595199585,-0.5665665864944458,0.6166539192199707,0.5086030960083008,2.2268128395080566,-0.6577609777450562,0.7308415770530701,0.03279195725917816,0.338045597076416,0.20787882804870605,-0.38900327682495117,0.3888567090034485,0.22420716285705566,-0.4304475784301758,0.471122145652771,0.10983633995056152,0.013905014842748642,0.1497166007757187,-0.9160078763961792,-0.386530339717865,0.1073499470949173,0.17360886931419373,-0.6232023239135742,-0.7625477313995361,0.06709694862365723,-0.1734899878501892,0.2533290684223175,-0.8514620065689087,-0.2806857228279114,-0.442976176738739,-0.45683208107948303,0.8118006587028503,0.3637087643146515,0.3295552730560303,-0.01711328513920307,-0.03100006654858589,-0.5616053342819214,0.8274053335189819,-4.329831995164568e-07,-0.8274053335189819,-0.5616053342819214,2.764355713225086e-07,0.2963307201862335,-0.17079748213291168,-0.030999988317489624,0.362779825925827,0.13657091557979584,-0.03100014477968216
74,-0.5845927596092224,-1.8047863245010376,-0.4090222716331482,0.005621975753456354,-0.8735584616661072,1.2654718160629272,0.551716148853302,0.7310069799423218,0.36139506101608276,0.0798608735203743,-0.09263624250888824,0.019951794296503067,-0.2813471257686615,0.031430669128894806,0.1494341790676117,0.019214998930692673,0.015414372086524963,0.5339376330375671,-0.5507950186729431,0.5944163799285889,0.5272172093391418,2.243647336959839,-0.661699116230011,0.7307950258255005,0.08004356920719147,0.3095586895942688,0.18180300295352936,-0.339182585477829,0.5345437526702881,0.2960914075374603,0.3786025047302246,1.1910374164581299,0.11298108100891113,0.01214071735739708,0.15070059895515442,-0.9125808477401733,-0.3923981487751007,0.11497819423675537,0.17504046857357025,-0.6290196180343628,-0.7574267387390137,0.06778645515441895,-0.1664566695690155,0.26247939467430115,-0.8715325593948364,-0.25550568103790283,-0.41850703954696655,-0.43176111578941345,0.8044282793998718,0.408016562461853,0.3295552730560303,-0.017113186419010162,-0.031000033020973206,-0.5616052150726318,0.8274053335189819,-5.100824864712195e-07,-0.8274053335189819,-0.5616052150726318,5.0555179598177347e-08,0.29633069038391113,-0.17079737782478333,-0.03099997341632843,0.3627798557281494,0.1365709900856018,-0.03100009262561798
75,-0.5584766864776611,-1.801556944847107,-0.41466259956359863,0.00533882062882185,-0.8950991034507751,1.268694281578064,0.564555287361145,0.7310155034065247,0.3935452103614807,0.056265272200107574,-0.08976614475250244,0.013064118102192879,-0.25771403312683105,0.0691249817609787,0.12475968897342682,-0.022976305335760117,0.017694052308797836,0.5523132681846619,-0.5353065729141235,0.5741949081420898,0.5475749373435974,2.2619616985321045,-0.6653467416763306,0.731020987033844,0.0861625075340271,0.3017680048942566,0.18291984498500824,-0.27827131748199463,0.44920992851257324,0.26922693848609924,-0.13587415218353271,0.48095208406448364,0.11670613288879395,0.011402489617466927,0.15097345411777496,-0.9074304103851318,-0.4018794596195221,0.12273193895816803,0.17805275321006775,-0.6323003768920898,-0.7539851665496826,0.06989884376525879,-0.15994471311569214,0.27168288826942444,-0.8899682760238647,-0.2297612875699997,-0.3939114809036255,-0.4045865535736084,0.7963545918464661,0.4495876431465149,0.3295552730560303,-0.01711331121623516,-0.03100006654858589,-0.5616052150726318,0.8274053335189819,-2.5546296456013806e-07,-0.8274053335189819,-0.5616052150726318,3.2566421737101336e-07,0.29633069038391113,-0.17079749703407288,-0.031000003218650818,0.3627798557281494,0.13657087087631226,-0.031000129878520966
76,-0.5322412848472595,-1.8000637292861938,-0.4204171895980835,0.0050176591612398624,-0.9173617362976074,1.273114800453186,0.5768895745277405,0.7310171127319336,0.3913462460041046,0.02693820558488369,-0.08416898548603058,0.00801370944827795,-0.27589523792266846,0.07982134819030762,0.13190880417823792,0.000531122088432312,0.02304208278656006,0.5714632868766785,-0.5185326933860779,0.5542921423912048,0.5670145153999329,2.280594825744629,-0.67106693983078,0.7310786843299866,0.14867660403251648,0.3207504451274872,0.20364700257778168,-0.2772057056427002,0.45234888792037964,0.28111520409584045,-0.10823024809360504,0.4546656906604767,0.12030196189880371,0.010527092963457108,0.15158942341804504,-0.9022214412689209,-0.4109877049922943,0.1307128369808197,0.18127690255641937,-0.6364040374755859,-0.7497524619102478,0.07163119316101074,-0.1538814902305603,0.2809153199195862,-0.9063208103179932,-0.20738445222377777,-0.36820441484451294,-0.37880000472068787,0.7849277257919312,0.4903050661087036,0.3295552730560303,-0.017113184556365013,-0.031000033020973206,-0.5616053342819214,0.8274053335189819,-5.257560928839666e-07,-0.8274053335189819,-0.5616053342819214,9.945462409177708e-08,0.2963307201862335,-0.17079737782478333,-0.030999965965747833,0.362779825925827,0.1365710198879242,-0.031000100076198578
77,-0.5048448443412781,-1.8026230335235596,-0.42457330226898193,0.0051160152070224285,-0.9376114010810852,1.2811903953552246,0.5886067748069763,0.7310197353363037,0.40806758403778076,-0.03781537339091301,-0.05770145729184151,0.0014389213174581528,-0.26589542627334595,0.12250009924173355,0.14353495836257935,0.23797939717769623,0.029889581725001335,0.5907810926437378,-0.4998493194580078,0.5321875214576721,0.5835339426994324,2.2997827529907227,-0.6768493056297302,0.7310649752616882,0.16233383119106293,0.32283827662467957,0.24019849300384521,-0.332192599773407,0.40096205472946167,0.31663888692855835,-0.015847098082304,0.4645536243915558,0.1238248348236084,0.010004248470067978,0.15275365114212036,-0.8971438407897949,-0.41978582739830017,0.1375247836112976,0.1855691522359848,-0.6406726837158203,-0.74505215883255,0.0723273754119873,-0.1484265774488449,0.2909618318080902,-0.9219098091125488,-0.18926408886909485,-0.3380262553691864,-0.3530897796154022,0.7695229649543762,0.53212970495224,0.3295552730560303,-0.01711330935359001,-0.03100006654858589,-0.5616053342819214,0.8274052739143372,1.26479093864873e-08,-0.8274052739143372,-0.5616053342819214,2.816872779476398e-07,0.2963307201862335,-0.17079751193523407,-0.031000036746263504,0.362779825925827,0.13657088577747345,-0.03100009635090828
78,-0.47653913497924805,-1.8091931343078613,-0.42633602023124695,0.0048868777230381966,-0.9514094591140747,1.2942285537719727,0.5981106162071228,0.7310032844543457,0.4197649657726288,-0.09636389464139938,-0.03360571712255478,0.00688946433365345,-0.1742885410785675,0.18812395632266998,0.11107724905014038,0.06302277743816376,0.036455366760492325,0.6121203303337097,-0.4894649088382721,0.5235034823417664,0.5983425378799438,2.313633680343628,-0.684032678604126,0.7307611107826233,0.15444910526275635,0.32986053824424744,0.001688152551651001,-0.012869808822870255,0.3171384334564209,-0.010742276906967163,-2.1639833450317383,0.27182549238204956,0.12747883796691895,0.01096288301050663,0.15322259068489075,-0.891533613204956,-0.43001073598861694,0.14233343303203583,0.1910865604877472,-0.6419589519500732,-0.7425460815429688,0.07513642311096191,-0.1450597196817398,0.29557642340660095,-0.9324729442596436,-0.17463867366313934,-0.31622114777565,-0.3315306603908539,0.7613708972930908,0.5571370720863342,0.3295552730560303,-0.017113160341978073,-0.03100001811981201,-0.5616053342819214,0.8274053931236267,-7.905871370894602e-07,-0.8274053931236267,-0.5616053342819214,4.496353653848928e-07,0.29633069038391113,-0.17079736292362213,-0.03099988028407097,0.3627798557281494,0.1365710347890854,-0.031000155955553055
79,-0.44771653413772583,-1.8243813514709473,-0.42755985260009766,0.007954774424433708,-0.9553871154785156,1.3129116296768188,0.6059834957122803,0.7309953570365906,0.4231773316860199,-0.2368890643119812,-0.018408706411719322,0.050521645694971085,-0.05481213331222534,0.2584473192691803,0.1093176007270813,0.21098825335502625,0.041877906769514084,0.6308826208114624,-0.4820134937763214,0.5208555459976196,0.6115120053291321,2.322996139526367,-0.6905927658081055,0.7308090329170227,0.17755566537380219,0.303013414144516,-0.008376039564609528,-0.0005270205438137054,0.30943480134010315,-0.05460374057292938,-2.396881580352783,0.22458921372890472,0.13173413276672363,0.013545013964176178,0.15473128855228424,-0.8872501850128174,-0.44076699018478394,0.1360577493906021,0.20371399819850922,-0.6390265226364136,-0.7417181134223938,0.07822251319885254,-0.1425391137599945,0.29738664627075195,-0.9394110441207886,-0.16338862478733063,-0.301349014043808,-0.3152771592140198,0.7569095492362976,0.5724406242370605,0.3295552730560303,-0.01711328700184822,-0.03100006654858589,-0.5616053342819214,0.8274054527282715,-4.1381935034223716e-07,-0.8274054527282715,-0.5616053342819214,3.776287371692888e-07,0.29633069038391113,-0.17079749703407288,-0.03099997714161873,0.3627798557281494,0.13657093048095703,-0.031000155955553055
80,-0.4193243980407715,-1.840136170387268,-0.427268922328949,0.006757508497685194,-0.9524040222167969,1.3319306373596191,0.6107537150382996,0.7309780716896057,0.42401179671287537,-0.22279636561870575,-0.006574454251676798,-0.04200741648674011,0.04746921360492706,0.2666891813278198,0.06665534526109695,0.06939435005187988,0.04625411331653595,0.6504514813423157,-0.4805729389190674,0.5179519653320312,0.6231091022491455,2.335216760635376,-0.6970550417900085,0.730719804763794,0.13183936476707458,0.31323733925819397,-0.09513067454099655,-0.01136278361082077,0.2819695472717285,-0.0320468544960022,-2.491342067718506,0.2925752103328705,0.137101411819458,0.01846907287836075,0.15337316691875458,-0.8801674842834473,-0.4564892649650574,0.13008785247802734,0.21703866124153137,-0.6307804584503174,-0.7449900507926941,0.08254408836364746,-0.1409207284450531,0.2994297444820404,-0.9476251602172852,-0.14758703112602234,-0.28323978185653687,-0.2930174767971039,0.7545840740203857,0.5871487855911255,0.3295552730560303,-0.01711316592991352,-0.03100001811981201,-0.5616053342819214,0.8274052739143372,-6.956803417779156e-07,-0.8274052739143372,-0.5616053342819214,6.86865689658589e-07,0.2963307201862335,-0.17079736292362213,-0.030999865382909775,0.362779825925827,0.1365710347890854,-0.03100017085671425
81,-0.3916800022125244,-1.8528029918670654,-0.42719078063964844,0.004647936671972275,-0.9481670260429382,1.3499277830123901,0.6164571642875671,0.7309443950653076,0.408314973115921,-0.1816031038761139,-0.018523184582591057,0.019773058593273163,0.07672466337680817,0.2570379972457886,0.05184227228164673,0.1144908145070076,0.050830915570259094,0.6710909605026245,-0.4801676571369171,0.5110847353935242,0.6358293294906616,2.3495030403137207,-0.7026622295379639,0.7308709025382996,0.14483286440372467,0.33950895071029663,-0.08573447167873383,-0.1062593162059784,0.40476739406585693,0.08998367190361023,-2.2478630542755127,0.40797126293182373,0.1423962116241455,0.024018025025725365,0.15074923634529114,-0.8725943565368652,-0.4723063111305237,0.12452283501625061,0.22871579229831696,-0.6203542947769165,-0.7502331137657166,0.08742117881774902,-0.1390594244003296,0.30232417583465576,-0.9572385549545288,-0.12850657105445862,-0.25919222831726074,-0.26446533203125,0.7518786787986755,0.6039342284202576,0.3295552730560303,-0.01711328513920307,-0.03100006654858589,-0.5616053342819214,0.8274053335189819,-4.864262450610113e-07,-0.8274053335189819,-0.5616053342819214,-9.267597533835215e-08,0.2963307201862335,-0.17079748213291168,-0.03100002557039261,0.362779825925827,0.13657091557979584,-0.031000107526779175
82,-0.3643096089363098,-1.8609052896499634,-0.42488837242126465,0.004777335096150637,-0.9432262182235718,1.367234468460083,0.6222558617591858,0.7310000061988831,0.3982156813144684,-0.10410823673009872,-0.01930502988398075,0.012058792635798454,0.07282797247171402,0.233254536986351,0.047066718339920044,0.003564758226275444,0.05852086842060089,0.6923492550849915,-0.48046088218688965,0.5045662522315979,0.6469243168830872,2.3646512031555176,-0.7106649279594421,0.730927586555481,0.19422563910484314,0.340273380279541,-0.11074280738830566,-0.0781213790178299,0.3609374761581421,0.06938999891281128,-2.4528768062591553,0.3499321937561035,0.14679360389709473,0.02924499660730362,0.1485605686903,-0.8650557994842529,-0.4868147671222687,0.1212024986743927,0.23757988214492798,-0.6103173494338989,-0.75569087266922,0.09179520606994629,-0.13744789361953735,0.3051404356956482,-0.9654680490493774,-0.11152905970811844,-0.23544225096702576,-0.23757395148277283,0.7477815747261047,0.6199849843978882,0.3295552730560303,-0.017113247886300087,-0.03100002557039261,-0.5616052150726318,0.8274053931236267,-8.01749081347225e-07,-0.8274053931236267,-0.5616052150726318,9.626445773847081e-08,0.29633069038391113,-0.1707974374294281,-0.03099992871284485,0.3627798557281494,0.13657093048095703,-0.03100012242794037
83,-0.33817511796951294,-1.8650246858596802,-0.4211004972457886,0.005151997320353985,-0.9370737671852112,1.3831514120101929,0.6281608939170837,0.7309947609901428,0.3780282735824585,-0.04468151181936264,-0.005559448152780533,0.01715586706995964,0.0875638946890831,0.2108302116394043,0.046059977263212204,0.03045595809817314,0.07006876915693283,0.7141633629798889,-0.4814603626728058,0.4983925521373749,0.6568179130554199,2.3796896934509277,-0.7195015549659729,0.73098224401474,0.2523271143436432,0.34946209192276,-0.11611247062683105,-0.07560369372367859,0.3549598455429077,0.06740713119506836,-2.46128249168396,0.29141777753829956,0.15060973167419434,0.03453436493873596,0.14595834910869598,-0.8573634624481201,-0.5005549192428589,0.11988729238510132,0.24372217059135437,-0.5999600887298584,-0.7620025277137756,0.09544253349304199,-0.13579416275024414,0.307525098323822,-0.9724252223968506,-0.09852033853530884,-0.21138380467891693,-0.21318969130516052,0.7429851293563843,0.6344472765922546,0.3295552730560303,-0.01711316406726837,-0.03100001811981201,-0.5616053342819214,0.8274053931236267,-7.124619969545165e-07,-0.8274053931236267,-0.5616053342819214,7.355393449870462e-07,0.29633069038391113,-0.17079736292362213,-0.030999857932329178,0.3627798557281494,0.1365710347890854,-0.031000178307294846
84,-0.31311172246932983,-1.865645170211792,-0.41394245624542236,0.005981982685625553,-0.9279452562332153,1.3974627256393433,0.6336288452148438,0.7309946417808533,0.3612062931060791,0.007453712169080973,0.035920992493629456,0.023873422294855118,0.12880446016788483,0.18760046362876892,0.03749164938926697,0.0363205149769783,0.08619682490825653,0.7364346385002136,-0.48192912340164185,0.4927094280719757,0.6664937138557434,2.3954687118530273,-0.7269548177719116,0.7310041785240173,0.3226395845413208,0.35480737686157227,-0.1021709144115448,-0.06791689991950989,0.3608190417289734,0.0762995034456253,-2.485572576522827,0.2712021470069885,0.15401482582092285,0.040013834834098816,0.14335514605045319,-0.849324107170105,-0.5139337182044983,0.12050163745880127,0.24778661131858826,-0.5897175073623657,-0.7686579823493958,0.09843802452087402,-0.1338580846786499,0.30976682901382446,-0.9783952236175537,-0.09123945981264114,-0.18552187085151672,-0.1916363537311554,0.7369545698165894,0.64820796251297,0.3295552730560303,-0.01711331307888031,-0.03100006654858589,-0.5616050958633423,0.8274053931236267,-5.269638450045022e-07,-0.8274053931236267,-0.5616050958633423,1.251258794354726e-07,0.29633069038391113,-0.17079748213291168,-0.03099999576807022,0.3627798557281494,0.13657085597515106,-0.031000137329101562
85,-0.28886768221855164,-1.8628062009811401,-0.4024377763271332,0.007668088190257549,-0.9148978590965271,1.4102987051010132,0.6389769315719604,0.7309553623199463,0.3494965136051178,0.05867929384112358,0.10556261241436005,0.031002886593341827,0.1843291074037552,0.16916003823280334,0.04221632331609726,0.08107208460569382,0.10604415088891983,0.758771538734436,-0.480997234582901,0.4882165193557739,0.6757028102874756,2.411614418029785,-0.7322300672531128,0.7310392260551453,0.3764634430408478,0.3536226451396942,-0.07856626063585281,-0.050379227846860886,0.3629726767539978,0.0787104070186615,-2.50076961517334,0.2350243330001831,0.15702605247497559,0.04574938863515854,0.14099322259426117,-0.841110110282898,-0.5267756581306458,0.12264381349086761,0.2500171661376953,-0.5797542333602905,-0.7754848003387451,0.10069775581359863,-0.13169556856155396,0.31180205941200256,-0.9832050800323486,-0.09062942117452621,-0.15841144323349,-0.17380359768867493,0.7297796010971069,0.6612216830253601,0.3295552730560303,-0.01711331121623516,-0.03100006654858589,-0.5616053342819214,0.8274052739143372,8.48531911401551e-08,-0.8274052739143372,-0.5616053342819214,8.604953336543986e-07,0.2963307201862335,-0.17079751193523407,-0.03099997714161873,0.362779825925827,0.13657088577747345,-0.031000155955553055
86,-0.2648884654045105,-1.857201337814331,-0.3868457078933716,0.010412150993943214,-0.8981860876083374,1.4219794273376465,0.6439836621284485,0.7309589982032776,0.34655460715293884,0.09820793569087982,0.16838864982128143,0.04335736855864525,0.23697657883167267,0.15633796155452728,0.04746554046869278,0.06380272656679153,0.12849290668964386,0.7806866765022278,-0.47772300243377686,0.4853917360305786,0.6845822334289551,2.427891969680786,-0.7346655130386353,0.7310839295387268,0.4137490391731262,0.3449712097644806,-0.040616244077682495,-0.02589396759867668,0.36364978551864624,0.07974304258823395,-2.4604597091674805,0.18424378335475922,0.15978312492370605,0.05175062268972397,0.1390574723482132,-0.8324968814849854,-0.5395101308822632,0.12600798904895782,0.2511039078235626,-0.5701630115509033,-0.7822157144546509,0.10226655006408691,-0.1293351650238037,0.31366512179374695,-0.9866883754730225,-0.09684132039546967,-0.13064458966255188,-0.16001556813716888,0.7214304208755493,0.6737456321716309,0.3295552730560303,-0.017113162204623222,-0.03100001811981201,-0.5616053342819214,0.8274052739143372,-7.029503876765375e-07,-0.8274052739143372,-0.5616053342819214,7.670141144444642e-07,0.2963307201862335,-0.17079736292362213,-0.03099985420703888,0.362779825925827,0.1365710347890854,-0.031000182032585144
87,-0.238597109913826,-1.844029188156128,-0.370630145072937,0.01726382225751877,-0.881613552570343,1.4378896951675415,0.6544141173362732,0.7309950590133667,0.3879917562007904,0.20402716100215912,0.22714516520500183,0.09364398568868637,0.234152153134346,0.2223220318555832,0.14601339399814606,-0.0013761197915300727,0.15179075300693512,0.8037851452827454,-0.4704928398132324,0.4876636862754822,0.691057562828064,2.4425485134124756,-0.7249967455863953,0.7311785817146301,0.4349735379219055,0.36380714178085327,0.005070768296718597,0.052353568375110626,0.3792112171649933,0.008787214756011963,-2.884164810180664,0.10111398249864578,0.16050982475280762,0.057638585567474365,0.1366724818944931,-0.8261637687683105,-0.547977089881897,0.13105210661888123,0.24549832940101624,-0.5594600439071655,-0.7916660308837891,0.10263419151306152,-0.12724101543426514,0.3145963251590729,-0.9880539178848267,-0.11944954842329025,-0.09737251698970795,-0.1535944640636444,0.7116900086402893,0.685496985912323,0.3295552730560303,-0.01711331307888031,-0.03100006654858589,-0.5616052150726318,0.8274055123329163,-2.149502904558176e-07,-0.8274055123329163,-0.5616052150726318,5.002922307539848e-07,0.29633069038391113,-0.17079751193523407,-0.030999984592199326,0.3627798557281494,0.13657088577747345,-0.031000148504972458
88,-0.2108890414237976,-1.8241451978683472,-0.3566588759422302,0.02890010178089142,-0.866745114326477,1.4582295417785645,0.6706255078315735,0.7310158014297485,0.40733349323272705,0.299714595079422,0.19524307548999786,0.16700267791748047,0.20940734446048737,0.28443536162376404,0.22707386314868927,-0.022685103118419647,0.17588141560554504,0.8286203145980835,-0.460518479347229,0.4939962327480316,0.6955351829528809,2.4553067684173584,-0.7055416107177734,0.731246292591095,0.4465605616569519,0.38626629114151,0.04176715761423111,0.10675263404846191,0.397513747215271,-0.07769659161567688,-3.4162724018096924,0.05823059007525444,0.15913796424865723,0.06310181319713593,0.13414211571216583,-0.8230340480804443,-0.5514166355133057,0.13621607422828674,0.23380795121192932,-0.5474658012390137,-0.8035017848014832,0.10193181037902832,-0.12528038024902344,0.3145148456096649,-0.9860458374023438,-0.15553425252437592,-0.059352338314056396,-0.15252871811389923,0.7012343406677246,0.6964232921600342,0.3295552730560303,-0.01711318828165531,-0.03100001811981201,-0.5616052150726318,0.8274055123329163,-4.0581511484560906e-07,-0.8274055123329163,-0.5616052150726318,1.683910966221447e-07,0.29633069038391113,-0.17079739272594452,-0.030999954789876938,0.3627798557281494,0.136571004986763,-0.031000081449747086
89,-0.1824713945388794,-1.8013628721237183,-0.34382164478302,0.044626787304878235,-0.8546963334083557,1.4811466932296753,0.6898592114448547,0.731031596660614,0.41562381386756897,0.3356895446777344,0.18198704719543457,0.23252101242542267,0.1685980260372162,0.31910157203674316,0.26947906613349915,-0.03862930089235306,0.20084866881370544,0.8546390533447266,-0.44935715198516846,0.5022456645965576,0.6987179517745972,2.4672186374664307,-0.6832727789878845,0.7312725782394409,0.45182156562805176,0.3968365788459778,0.06583092361688614,0.12757089734077454,0.4132070243358612,-0.14465302228927612,-3.91422700881958,0.0006628250703215599,0.1564347743988037,0.06744351983070374,0.13293449580669403,-0.8223729133605957,-0.5509192943572998,0.14209513366222382,0.2191770374774933,-0.5372388362884521,-0.8144543766975403,0.10059380531311035,-0.12336975336074829,0.3138980567455292,-0.9801214933395386,-0.19736889004707336,-0.020190300419926643,-0.15358392894268036,0.6903670430183411,0.706969141960144,0.3295552730560303,-0.017113303765654564,-0.03100006654858589,-0.5616055727005005,0.8274052739143372,7.286832470754234e-08,-0.8274052739143372,-0.5616055727005005,7.794170073793794e-07,0.2963307499885559,-0.17079751193523407,-0.030999984592199326,0.36277979612350464,0.13657091557979584,-0.031000148504972458
90,-0.15386445820331573,-1.7770133018493652,-0.33339133858680725,0.06201082468032837,-0.8458982706069946,1.5051326751708984,0.7108697295188904,0.7310434579849243,0.4196822941303253,0.35928869247436523,0.14657309651374817,0.25084859132766724,0.12365664541721344,0.33437883853912354,0.2944525182247162,-0.05217120051383972,0.22610405087471008,0.8813961744308472,-0.4378332495689392,0.5108935236930847,0.7015427947044373,2.478548049926758,-0.6597010493278503,0.731301486492157,0.4489400386810303,0.40489593148231506,0.0739959329366684,0.13122454285621643,0.42670026421546936,-0.17538659274578094,-4.035425662994385,3.5410281270742416e-05,0.153092622756958,0.07095089554786682,0.13236671686172485,-0.8229306936264038,-0.5482469797134399,0.1490315943956375,0.20269432663917542,-0.5283657312393188,-0.824466347694397,0.09900355339050293,-0.12138544768095016,0.31291434168815613,-0.9703006744384766,-0.24109917879104614,0.019691558554768562,-0.15435023605823517,0.6797430515289307,0.7170253396034241,0.3295552730560303,-0.01711319014430046,-0.03100001811981201,-0.5616050958633423,0.8274054527282715,-7.35982951027836e-07,-0.8274054527282715,-0.5616050958633423,3.2847498232513317e-07,0.29633069038391113,-0.17079737782478333,-0.03099990263581276,0.3627798557281494,0.1365709900856018,-0.031000133603811264
91,-0.12505783140659332,-1.751612663269043,-0.32594025135040283,0.07958413660526276,-0.8402185440063477,1.5295683145523071,0.7333974838256836,0.7310531139373779,0.42371249198913574,0.3751857578754425,0.10361846536397934,0.2506302297115326,0.08038938045501709,0.3407587707042694,0.315876305103302,-0.06373689323663712,0.2510528862476349,0.9086685180664062,-0.4263596832752228,0.5193454623222351,0.7044036984443665,2.489626884460449,-0.63511061668396,0.73133784532547,0.43980297446250916,0.41200435161590576,0.07215000689029694,0.1305798441171646,0.4388576149940491,-0.18581944704055786,-3.946911334991455,0.02168246917426586,0.1494443416595459,0.07389844954013824,0.13186968863010406,-0.8240413665771484,-0.544286847114563,0.15718646347522736,0.18462644517421722,-0.5203115940093994,-0.8337799310684204,0.0974428653717041,-0.11933618783950806,0.3116701543331146,-0.9567033052444458,-0.28474485874176025,0.06032814830541611,-0.1535218507051468,0.6697441339492798,0.7265493273735046,0.3295552730560303,-0.017113182693719864,-0.031000033020973206,-0.5616052150726318,0.8274053335189819,-3.40174977964125e-07,-0.8274053335189819,-0.5616052150726318,8.618896885081995e-08,0.29633069038391113,-0.17079736292362213,-0.030999984592199326,0.3627798557281494,0.136571004986763,-0.031000081449747086
92,-0.09611733257770538,-1.725344181060791,-0.32206493616104126,0.09623368829488754,-0.8381707072257996,1.554254174232483,0.7570579051971436,0.7310776710510254,0.4267003834247589,0.38943660259246826,0.051713839173316956,0.23320071399211884,0.030147956684231758,0.3444992005825043,0.33216264843940735,-0.09630616009235382,0.2752426266670227,0.9363784790039062,-0.4151710569858551,0.5274122953414917,0.7073478698730469,2.5005321502685547,-0.6098084449768066,0.7313752770423889,0.4248046875,0.41920793056488037,0.06595387309789658,0.12829768657684326,0.4493221640586853,-0.18945463001728058,-3.7775890827178955,0.053659744560718536,0.14548802375793457,0.07628446072340012,0.13099722564220428,-0.8252193927764893,-0.5394282341003418,0.16742238402366638,0.16446571052074432,-0.5130695104598999,-0.8424433469772339,0.09604287147521973,-0.11726191639900208,0.31017905473709106,-0.9395101070404053,-0.32713934779167175,0.1014929935336113,-0.15060272812843323,0.6606723070144653,0.735412061214447,0.3295552730560303,-0.017113305628299713,-0.03100006654858589,-0.5616053342819214,0.8274052739143372,3.5286497279685136e-08,-0.8274052739143372,-0.5616053342819214,6.72524151923426e-07,0.2963307201862335,-0.17079749703407288,-0.030999992042779922,0.362779825925827,0.13657090067863464,-0.03100014105439186
93,-0.06708082556724548,-1.6983264684677124,-0.3224931061267853,0.11145366728305817,-0.8402113318443298,1.5792423486709595,0.7817416787147522,0.7311212420463562,0.42899268865585327,0.4016513228416443,-0.010468540713191032,0.20946520566940308,-0.026782942935824394,0.34908509254455566,0.34683409333229065,-0.15568441152572632,0.29821231961250305,0.9645044207572937,-0.4042413532733917,0.5351548194885254,0.7102678418159485,2.511152744293213,-0.58388751745224,0.7314091920852661,0.40205591917037964,0.4255388379096985,0.06177300214767456,0.12578675150871277,0.45786866545677185,-0.1953655630350113,-3.6028449535369873,0.08480967581272125,0.14113402366638184,0.07804343104362488,0.12948967516422272,-0.8262845277786255,-0.53368079662323,0.1801072508096695,0.14178702235221863,-0.506544828414917,-0.850475549697876,0.09483647346496582,-0.11522006243467331,0.3084198832511902,-0.9188838005065918,-0.36774757504463196,0.14287839829921722,-0.14559032022953033,0.6526619791984558,0.7435292601585388,0.3295552730560303,-0.017113247886300087,-0.03100002557039261,-0.5616053342819214,0.8274054527282715,-6.856529921606125e-07,-0.8274054527282715,-0.5616053342819214,1.714393107477008e-07,0.29633069038391113,-0.1707974672317505,-0.030999932438135147,0.3627798557281494,0.13657096028327942,-0.03100011870265007
94,-0.037934910506010056,-1.670761227607727,-0.32636958360671997,0.12535706162452698,-0.8456636071205139,1.6046348810195923,0.8072644472122192,0.7311437129974365,0.4308672249317169,0.4102574586868286,-0.05944078415632248,0.18950340151786804,-0.07446389645338058,0.3547353744506836,0.3588517904281616,-0.18433216214179993,0.31953999400138855,0.9929616451263428,-0.3934963643550873,0.5427141189575195,0.7129595279693604,2.52133846282959,-0.5575233101844788,0.7314305901527405,0.37220287322998047,0.43011555075645447,0.06013071537017822,0.12447381019592285,0.4612567126750946,-0.205336794257164,-3.5192017555236816,0.10975129157304764,0.13634943962097168,0.07914985716342926,0.1275453269481659,-0.8271468877792358,-0.5269254446029663,0.19539093971252441,0.11665041744709015,-0.5010855197906494,-0.857499897480011,0.09382319450378418,-0.11328646540641785,0.30638617277145386,-0.895065426826477,-0.4062124788761139,0.18398208916187286,-0.13870768249034882,0.6457192897796631,0.7508707046508789,0.3295552730560303,-0.01711318828165531,-0.03100001811981201,-0.5616052150726318,0.8274053931236267,-7.272897732946149e-07,-0.8274053931236267,-0.5616052150726318,3.925075020561053e-07,0.29633069038391113,-0.17079737782478333,-0.030999895185232162,0.3627798557281494,0.1365709900856018,-0.03100014105439186
95,-0.008734877221286297,-1.6427823305130005,-0.33315396308898926,0.1379404515028,-0.8539659380912781,1.6299735307693481,0.833192765712738,0.7311641573905945,0.4321613311767578,0.4170745611190796,-0.10088229179382324,0.16902631521224976,-0.11416921019554138,0.353870153427124,0.3647797107696533,-0.2103348970413208,0.3386366665363312,1.0215919017791748,-0.3829454481601715,0.5500555038452148,0.7154178023338318,2.531053304672241,-0.53089839220047,0.7314552664756775,0.33249589800834656,0.43208059668540955,0.05856507271528244,0.1219400092959404,0.4625389575958252,-0.21231481432914734,-3.320326089859009,0.14745163917541504,0.13129115104675293,0.07962710410356522,0.12532716989517212,-0.8274626731872559,-0.5194873213768005,0.2131628394126892,0.08959607779979706,-0.49689996242523193,-0.863170325756073,0.09310793876647949,-0.11152113974094391,0.30410483479499817,-0.8686009645462036,-0.4417855143547058,0.22440622746944427,-0.12979206442832947,0.6399131417274475,0.7574069499969482,0.3295552730560303,-0.017113160341978073,-0.03100001811981201,-0.5616053342819214,0.8274053931236267,-7.932471817184705e-07,-0.8274053931236267,-0.5616053342819214,5.322694960341323e-07,0.29633069038391113,-0.17079736292362213,-0.03099987283349037,0.3627798557281494,0.1365710347890854,-0.03100016340613365
96,0.020483393222093582,-1.6145402193069458,-0.3440275490283966,0.1483580321073532,-0.8650119304656982,1.653997540473938,0.858315646648407,0.7311758995056152,0.43428272008895874,0.42254719138145447,-0.1607903689146042,0.13268475234508514,-0.1516745388507843,0.3356495797634125,0.35364991426467896,-0.22375716269016266,0.35622039437294006,1.0502883195877075,-0.37266454100608826,0.5569148063659668,0.7175317406654358,2.5389723777770996,-0.5042198896408081,0.7314711809158325,0.3054051697254181,0.4328334331512451,0.05967380851507187,0.11581062525510788,0.45244503021240234,-0.23577389121055603,-3.134769916534424,0.1578202247619629,0.12634730339050293,0.07976182550191879,0.12238925695419312,-0.8260631561279297,-0.5131275653839111,0.23306681215763092,0.06147019565105438,-0.4931156635284424,-0.8677894473075867,0.09209799766540527,-0.1097908765077591,0.30137354135513306,-0.8394291400909424,-0.47528788447380066,0.2635525166988373,-0.12041576206684113,0.6355491876602173,0.7626120448112488,0.3295552730560303,-0.01711318828165531,-0.03100001811981201,-0.5616050958633423,0.8274053931236267,-3.6855306007055333e-07,-0.8274053931236267,-0.5616050958633423,3.0325662692121114e-07,0.29633069038391113,-0.17079736292362213,-0.030999943614006042,0.3627798557281494,0.1365709751844406,-0.03100009262561798
97,0.04986753687262535,-1.586059808731079,-0.3575347363948822,0.15626615285873413,-0.8782283663749695,1.677120566368103,0.8828988075256348,0.7311962842941284,0.4372623562812805,0.42740973830223083,-0.19824595749378204,0.09377720952033997,-0.18160399794578552,0.3231218159198761,0.3463084101676941,-0.24736924469470978,0.37248316407203674,1.0791735649108887,-0.362592875957489,0.5634135007858276,0.7192494869232178,2.545461893081665,-0.47720322012901306,0.731509268283844,0.28014376759529114,0.43524447083473206,0.060721419751644135,0.10987011343240738,0.45400309562683105,-0.25509896874427795,-2.805798292160034,0.17138542234897614,0.12133955955505371,0.07955735176801682,0.11883890628814697,-0.8227781057357788,-0.5074880719184875,0.25591394305229187,0.03177521005272865,-0.49063289165496826,-0.870786726474762,0.09083914756774902,-0.1081438884139061,0.29828742146492004,-0.8074864149093628,-0.5069237947463989,0.3016522526741028,-0.11057043075561523,0.6323806047439575,0.7667261958122253,0.3295552730560303,-0.017113251611590385,-0.03100002557039261,-0.5616052150726318,0.8274053931236267,-8.29083262487984e-07,-0.8274053931236267,-0.5616052150726318,-5.432844574215778e-08,0.29633069038391113,-0.1707974374294281,-0.030999943614006042,0.3627798557281494,0.13657093048095703,-0.031000107526779175
98,0.07943694293498993,-1.557668685913086,-0.37291419506073,0.16304995119571686,-0.8931648135185242,1.698837161064148,0.9056549668312073,0.7312031984329224,0.4398997128009796,0.42457816004753113,-0.22303183376789093,0.08141963183879852,-0.20660705864429474,0.30347129702568054,0.319661408662796,-0.02543351985514164,0.3886066675186157,1.10818350315094,-0.3526163399219513,0.5695479512214661,0.7208398580551147,2.5511980056762695,-0.4498503506183624,0.7315431237220764,0.2774583697319031,0.4377651810646057,0.06225593388080597,0.10810712724924088,0.44998398423194885,-0.25677624344825745,-2.501068353652954,0.15760882198810577,0.11664557456970215,0.0788629874587059,0.11541694402694702,-0.8173412084579468,-0.5032457113265991,0.28053057193756104,0.0023785235825926065,-0.48984503746032715,-0.8718063831329346,0.08928990364074707,-0.10648143291473389,0.2949984073638916,-0.7724683284759521,-0.5371751189231873,0.33872660994529724,-0.10048584640026093,0.6300538778305054,0.7700226306915283,0.3295552730560303,-0.017113298177719116,-0.03100006654858589,-0.5616052150726318,0.8274053335189819,2.5473770648432037e-08,-0.8274053335189819,-0.5616052150726318,4.974153853254393e-07,0.29633069038391113,-0.17079748213291168,-0.031000014394521713,0.3627798557281494,0.13657088577747345,-0.03100011870265007
99,0.10910311341285706,-1.5292128324508667,-0.3925020098686218,0.16991601884365082,-0.9118565917015076,1.7182797193527222,0.9257550239562988,0.7311996221542358,0.44160225987434387,0.4245387017726898,-0.2830955684185028,0.08528538048267365,-0.2599993050098419,0.271105021238327,0.28253358602523804,-0.02756825089454651,0.40573757886886597,1.1373852491378784,-0.34227392077445984,0.5754398703575134,0.7223763465881348,2.556004047393799,-0.42190802097320557,0.7315889596939087,0.29347509145736694,0.44258150458335876,0.06950999796390533,0.10958395153284073,0.4472109079360962,-0.25992441177368164,-2.1540091037750244,0.15639938414096832,0.11263585090637207,0.07721055299043655,0.11232724785804749,-0.8098878860473633,-0.500707745552063,0.3055707812309265,-0.025442054495215416,-0.49045705795288086,-0.8710938692092896,0.08709454536437988,-0.10469533503055573,0.29152584075927734,-0.7335058450698853,-0.5671486854553223,0.3745820224285126,-0.09115415066480637,0.6282188892364502,0.7726784944534302,0.3295552730560303,-0.01711331307888031,-0.03100006654858589,-0.5616050958633423,0.8274053931236267,-5.251347374723991e-07,-0.8274053931236267,-0.5616050958633423,1.0361507918332791e-07,0.29633069038391113,-0.17079748213291168,-0.03099999949336052,0.3627798557281494,0.13657085597515106,-0.031000133603811264
100,0.138635516166687,-1.5007209777832031,-0.41254276037216187,0.17491412162780762,-0.9321860671043396,1.729636549949646,0.9435364603996277,0.7311758995056152,0.4428148567676544,0.42685288190841675,-0.28726130723953247,0.05469551682472229,-0.28178709745407104,0.15558548271656036,0.2501261830329895,-0.02483210153877735,0.4201037883758545,1.1668790578842163,-0.33295542001724243,0.5806480646133423,0.7238880395889282,2.5611391067504883,-0.39350059628486633,0.7315881252288818,0.23743106424808502,0.4489522874355316,0.04959458112716675,0.09852765500545502,0.44533729553222656,-0.24430830776691437,-1.8604936599731445,0.20573124289512634,0.11137175559997559,0.07519875466823578,0.10966403782367706,-0.7999304533004761,-0.5020997524261475,0.3286447823047638,-0.046566981822252274,-0.49406731128692627,-0.868175745010376,0.08562970161437988,-0.1031845435500145,0.2879261374473572,-0.6933647394180298,-0.5924878716468811,0.41012606024742126,-0.07865957170724869,0.6279874444007874,0.7742379903793335,0.3295552730560303,-0.017113305628299713,-0.03100006654858589,-0.5616053342819214,0.8274052739143372,8.164366960272673e-08,-0.8274052739143372,-0.5616053342819214,8.425975011050468e-07,0.2963307201862335,-0.17079749703407288,-0.030999980866909027,0.362779825925827,0.13657090067863464,-0.031000152230262756
101,0.16807812452316284,-1.4720596075057983,-0.4337518811225891,0.17907236516475677,-0.9540968537330627,1.7303305864334106,0.9570558071136475,0.7311227917671204,0.44372883439064026,0.4278985261917114,-0.30207359790802,0.04629820957779884,-0.30469512939453125,0.004938063677400351,0.18955294787883759,-0.002989006694406271,0.43397292494773865,1.1946730613708496,-0.32536813616752625,0.5858663320541382,0.7247626781463623,2.5669524669647217,-0.36492571234703064,0.7316234111785889,0.19595450162887573,0.0959009975194931,-0.0007351376116275787,0.06675107777118683,0.29394951462745667,-0.0588628351688385,-2.1119749546051025,0.14779499173164368,0.11397337913513184,0.07310396432876587,0.10740214586257935,-0.7870237827301025,-0.5099095106124878,0.3472549617290497,-0.05774834752082825,-0.49951910972595215,-0.8643760085105896,0.08447861671447754,-0.10193496197462082,0.284466028213501,-0.6519944667816162,-0.6152681112289429,0.443112313747406,-0.06641218066215515,0.6285027265548706,0.7749669551849365,0.3295552730560303,-0.01711316406726837,-0.03100001811981201,-0.5616053342819214,0.8274052739143372,-6.974339612497715e-07,-0.8274052739143372,-0.5616053342819214,7.533831762884802e-07,0.2963307201862335,-0.17079736292362213,-0.030999857932329178,0.362779825925827,0.1365710347890854,-0.031000178307294846
102,0.19747142493724823,-1.4430466890335083,-0.4573599696159363,0.18285252153873444,-0.9783269166946411,1.7201842069625854,0.9654536247253418,0.7310646176338196,0.44510605931282043,0.4328499436378479,-0.33577778935432434,0.04121905192732811,-0.3369500935077667,-0.14835575222969055,0.1180761456489563,-0.013572650961577892,0.4471929669380188,1.2032694816589355,-0.3246402442455292,0.5934749841690063,0.719338595867157,2.5801501274108887,-0.3361814320087433,0.7315683364868164,0.1916990429162979,0.11859957128763199,0.004382731392979622,0.07791635394096375,0.24778637290000916,0.03673936426639557,-1.0934512615203857,-0.04945089668035507,0.1205132007598877,0.07109701633453369,0.10518509149551392,-0.7708761692047119,-0.5248172283172607,0.36099401116371155,-0.058810509741306305,-0.5056629180908203,-0.8607242107391357,0.08568024635314941,-0.10258547216653824,0.28494128584861755,-0.6160393953323364,-0.6392235159873962,0.4603140652179718,-0.06390245258808136,0.6229943037033081,0.7796118259429932,0.3295552730560303,-0.017113303765654564,-0.03100006654858589,-0.5616055727005005,0.8274052739143372,6.632638616110853e-08,-0.8274052739143372,-0.5616055727005005,7.594937869725982e-07,0.2963307499885559,-0.17079751193523407,-0.030999988317489624,0.36277979612350464,0.13657091557979584,-0.03100014477968216
103,0.22683307528495789,-1.4145114421844482,-0.47782593965530396,0.18462508916854858,-1.000386357307434,1.701880693435669,0.9647214412689209,0.7310265898704529,0.4466967284679413,0.42731282114982605,-0.28847140073776245,0.007490823976695538,-0.3049505054950714,-0.26325181126594543,-0.009981464594602585,-0.01157697755843401,0.46019259095191956,1.2110897302627563,-0.32660698890686035,0.5994192361831665,0.7137326598167419,2.5929012298583984,-0.3079718053340912,0.7315008044242859,0.18321102857589722,0.10783751308917999,-0.03923938795924187,0.05861658230423927,0.22019639611244202,0.031461119651794434,-0.8492133617401123,-0.047167789191007614,0.1300675868988037,0.07031617313623428,0.10290737450122833,-0.7475197315216064,-0.5492081642150879,0.3736104369163513,-0.051629453897476196,-0.5127211809158325,-0.8570014238357544,0.08700346946716309,-0.10318398475646973,0.28523802757263184,-0.5802276134490967,-0.6598107218742371,0.4774787425994873,-0.06082642823457718,0.6197241544723511,0.782459020614624,0.3295552730560303,-0.01711319014430046,-0.03100001811981201,-0.5616050958633423,0.8274054527282715,-7.545270364062162e-07,-0.8274054527282715,-0.5616050958633423,3.1581157600157894e-07,0.29633069038391113,-0.17079737782478333,-0.03099989891052246,0.3627798557281494,0.1365709900856018,-0.031000137329101562
104,0.2561502754688263,-1.3860623836517334,-0.49607402086257935,0.18457333743572235,-1.0209195613861084,1.678483009338379,0.9568668007850647,0.7310059666633606,0.44666406512260437,0.42699599266052246,-0.25706490874290466,-0.02031753771007061,-0.28312331438064575,-0.33430835604667664,-0.10987278074026108,-0.008979805745184422,0.4748617112636566,1.2183334827423096,-0.32961422204971313,0.6045020818710327,0.7080609798431396,2.605106830596924,-0.28048744797706604,0.7314135432243347,0.2343689501285553,0.10485417395830154,-0.08412951231002808,0.018375389277935028,0.06287355720996857,0.09859961271286011,-0.6906006336212158,0.21665692329406738,0.141340970993042,0.07075466215610504,0.10031215846538544,-0.7172195911407471,-0.5798333287239075,0.38650965690612793,-0.03947124257683754,-0.519960880279541,-0.853277862071991,0.08786988258361816,-0.10354646295309067,0.28545433282852173,-0.543128490447998,-0.6791605353355408,0.49371281266212463,-0.058944106101989746,0.6173883676528931,0.7844470739364624,0.3295552730560303,-0.017113307490944862,-0.03100006654858589,-0.5616053342819214,0.8274054527282715,7.032557647335125e-08,-0.8274054527282715,-0.5616053342819214,8.070585977293376e-07,0.29633069038391113,-0.17079752683639526,-0.030999980866909027,0.3627798557281494,0.13657090067863464,-0.031000152230262756
105,0.28529244661331177,-1.3578290939331055,-0.5114444494247437,0.18274778127670288,-1.0397491455078125,1.652206540107727,0.9437509775161743,0.7309988737106323,0.4444166421890259,0.4243457317352295,-0.21536722779273987,-0.04723350331187248,-0.2587485611438751,-0.37461191415786743,-0.18346121907234192,0.003428777912631631,0.48976457118988037,1.2256661653518677,-0.3326413035392761,0.6096062064170837,0.7020843029022217,2.6174166202545166,-0.2536621391773224,0.731277346611023,0.2289188653230667,0.10913621634244919,-0.06681545823812485,0.057181693613529205,0.005887039005756378,0.15327942371368408,0.1309797763824463,0.10336405038833618,0.1534726619720459,0.07240404188632965,0.09748847782611847,-0.6804413795471191,-0.6137000918388367,0.40046435594558716,-0.02415388822555542,-0.5274035930633545,-0.8492714166641235,0.08875060081481934,-0.10387544333934784,0.2856486439704895,-0.5050404071807861,-0.6971799731254578,0.5087969899177551,-0.05701033025979996,0.615161657333374,0.7863370776176453,0.3295552730560303,-0.01711319014430046,-0.03100001811981201,-0.5616050958633423,0.8274054527282715,-7.246165978358476e-07,-0.8274054527282715,-0.5616050958633423,3.46580236509908e-07,0.29633069038391113,-0.17079737782478333,-0.03099989891052246,0.3627798557281494,0.1365709900856018,-0.031000137329101562
106,0.31403806805610657,-1.330485463142395,-0.5197342038154602,0.17528873682022095,-1.0542711019515991,1.6241904497146606,0.9233497977256775,0.7310178875923157,0.4419133961200714,0.4162423014640808,-0.11548633128404617,-0.14307726919651031,-0.19498656690120697,-0.3986770212650299,-0.2854514718055725,-0.013459512032568455,0.5029429793357849,1.2319527864456177,-0.340719074010849,0.6117217540740967,0.6963421702384949,2.6275413036346436,-0.23046919703483582,0.731035590171814,0.18623703718185425,0.08959965407848358,-0.12892960011959076,0.021494975313544273,-0.04358207806944847,0.13171416521072388,0.2823449671268463,0.08152320981025696,0.16557002067565918,0.0762137696146965,0.09382528066635132,-0.6324141025543213,-0.6514125466346741,0.41918283700942993,-0.007068068720400333,-0.5362640619277954,-0.8440207839012146,0.08963179588317871,-0.10415175557136536,0.2852705121040344,-0.4726533889770508,-0.7082169055938721,0.5244308710098267,-0.054855480790138245,0.6175904273986816,0.7845845222473145,0.3295552730560303,-0.017113182693719864,-0.031000033020973206,-0.5616052150726318,0.8274053335189819,-3.3985168101935415e-07,-0.8274053335189819,-0.5616052150726318,1.0644797043823928e-07,0.29633069038391113,-0.17079736292362213,-0.030999984592199326,0.3627798557281494,0.136571004986763,-0.031000081449747086
107,0.342153400182724,-1.303685188293457,-0.5235968232154846,0.16374965012073517,-1.065661907196045,1.595170021057129,0.8986100554466248,0.731027364730835,0.43143230676651,0.40783506631851196,-0.05375295132398605,-0.20092037320137024,-0.1509079784154892,-0.4123683273792267,-0.3460261821746826,-0.01665795035660267,0.5148666501045227,1.2390494346618652,-0.35709789395332336,0.6110742092132568,0.6902275085449219,2.632730007171631,-0.2123093158006668,0.7309197783470154,0.16921477019786835,0.09642814099788666,-0.21640212833881378,0.005272884853184223,-0.07156593352556229,0.07238108664751053,0.25332945585250854,0.0932106226682663,0.17710614204406738,0.08185462653636932,0.08921302855014801,-0.5753991603851318,-0.6891389489173889,0.44045811891555786,0.010882914997637272,-0.5449447631835938,-0.8384013175964355,0.08960080146789551,-0.1044837087392807,0.28324976563453674,-0.44766318798065186,-0.7108113169670105,0.5425354838371277,-0.05514717847108841,0.6275169849395752,0.7766474485397339,0.3295552730560303,-0.017113305628299713,-0.03100006654858589,-0.5616053342819214,0.8274053335189819,4.102511397263697e-08,-0.8274053335189819,-0.5616053342819214,3.158540664571774e-07,0.2963307201862335,-0.17079749703407288,-0.031000036746263504,0.362779825925827,0.13657090067863464,-0.03100009635090828
108,0.36910611391067505,-1.277272343635559,-0.525746762752533,0.14898380637168884,-1.075553059577942,1.565685510635376,0.8715960383415222,0.7310352325439453,0.41281136870384216,0.4027099907398224,-0.03210430592298508,-0.2502152621746063,-0.12927338480949402,-0.4177820682525635,-0.3777879476547241,-0.01871146261692047,0.5264297127723694,1.2482701539993286,-0.37833163142204285,0.609522819519043,0.6855666041374207,2.6309564113616943,-0.19891959428787231,0.7308757305145264,0.1552140712738037,0.12999187409877777,-0.32172903418540955,-0.008312636986374855,-0.07029461115598679,-0.02477136068046093,0.18391351401805878,0.1354718655347824,0.18749642372131348,0.08881401270627975,0.08340966701507568,-0.5115989446640015,-0.7239921689033508,0.4627116918563843,0.02843746915459633,-0.5524948835372925,-0.8330312967300415,0.08759617805480957,-0.10453661531209946,0.2791264057159424,-0.4292336702346802,-0.7071621417999268,0.5618541836738586,-0.060605354607105255,0.6432238817214966,0.7632758617401123,0.3295552730560303,-0.017113249748945236,-0.03100002557039261,-0.5616053342819214,0.8274053931236267,-8.433638640781282e-07,-0.8274053931236267,-0.5616053342819214,-1.3192705239362112e-07,0.29633069038391113,-0.1707974523305893,-0.03099994733929634,0.3627798557281494,0.13657094538211823,-0.031000103801488876
109,0.39535820484161377,-1.2507116794586182,-0.531715452671051,0.13351616263389587,-1.0871446132659912,1.5361300706863403,0.8436197638511658,0.7310260534286499,0.40021172165870667,0.4030943810939789,-0.08882764726877213,-0.25692012906074524,-0.15389861166477203,-0.41778364777565,-0.3913855254650116,-0.013593067415058613,0.5411099791526794,1.2588090896606445,-0.40074393153190613,0.6090113520622253,0.6789458990097046,2.62088942527771,-0.18682971596717834,0.7309183478355408,0.22091755270957947,0.13999800384044647,-0.3088086247444153,0.016716528683900833,-0.08580444753170013,-0.13798335194587708,0.16540512442588806,0.07877218723297119,0.19662070274353027,0.09629503637552261,0.07630249857902527,-0.4437826871871948,-0.7546316385269165,0.4833095073699951,0.04458112642168999,-0.5572504997253418,-0.8291468024253845,0.08187651634216309,-0.10485721379518509,0.2736971378326416,-0.408174991607666,-0.7049590349197388,0.580022394657135,-0.0770227462053299,0.6596881747245789,0.7475821375846863,0.3295552730560303,-0.01711319200694561,-0.03100001811981201,-0.5616052150726318,0.8274053931236267,-7.22747699910542e-07,-0.8274053931236267,-0.5616052150726318,4.227646002163965e-07,0.29633069038391113,-0.17079737782478333,-0.030999891459941864,0.3627798557281494,0.1365709900856018,-0.03100014477968216
110,0.42063087224960327,-1.22420072555542,-0.5417031049728394,0.11678232252597809,-1.1003787517547607,1.5065076351165771,0.8150532841682434,0.7310174107551575,0.3845957815647125,0.4028991758823395,-0.147796630859375,-0.2799849808216095,-0.1759495884180069,-0.41770461201667786,-0.3994806706905365,-0.015795152634382248,0.557933509349823,1.2722053527832031,-0.42503616213798523,0.6091374754905701,0.6707110404968262,2.6039371490478516,-0.1751125305891037,0.730873167514801,0.23582248389720917,0.2092515081167221,-0.36649996042251587,0.006406220607459545,-0.12464229762554169,-0.24989043176174164,0.16286562383174896,0.157353475689888,0.20415997505187988,0.10430292785167694,0.06768721342086792,-0.37249863147735596,-0.7808085680007935,0.5015801787376404,0.05867121368646622,-0.5592094659805298,-0.8269477486610413,0.07325577735900879,-0.10574767738580704,0.2667641043663025,-0.38406288623809814,-0.702289879322052,0.5994033217430115,-0.10138233006000519,0.6773431301116943,0.7286478877067566,0.3295552730560303,-0.017113158479332924,-0.03100001811981201,-0.5616052150726318,0.8274053335189819,-8.05545823823195e-07,-0.8274053335189819,-0.5616052150726318,5.503761713043787e-07,0.29633069038391113,-0.17079734802246094,-0.030999869108200073,0.3627798557281494,0.1365710198879242,-0.03100016713142395
111,0.44473618268966675,-1.1977509260177612,-0.555838942527771,0.09844793379306793,-1.1151529550552368,1.4768627882003784,0.7860842347145081,0.7310064435005188,0.3659140169620514,0.4020635783672333,-0.2081809937953949,-0.30642491579055786,-0.1972150057554245,-0.4166354835033417,-0.405376672744751,-0.009748158045113087,0.5763884782791138,1.2887216806411743,-0.45052748918533325,0.6110755801200867,0.6610402464866638,2.581892490386963,-0.16400651633739471,0.7308831810951233,0.2705141305923462,0.2406335324048996,-0.3672075569629669,0.017476249486207962,-0.14598213136196136,-0.3067474067211151,0.15450742840766907,0.14798003435134888,0.20979619026184082,0.11281026899814606,0.05745066702365875,-0.29822230339050293,-0.8024457097053528,0.5168602466583252,0.07004977017641068,-0.558440089225769,-0.8265820741653442,0.06246447563171387,-0.1075972467660904,0.2584711015224457,-0.35733163356781006,-0.6989439129829407,0.6195089221000671,-0.1326064020395279,0.6945492029190063,0.707118809223175,0.3295552730560303,-0.017113247886300087,-0.03100002557039261,-0.5616053342819214,0.8274054527282715,-8.710683232493466e-07,-0.8274054527282715,-0.5616053342819214,-2.1648547487984615e-07,0.29633069038391113,-0.1707974672317505,-0.030999954789876938,0.3627798557281494,0.13657096028327942,-0.03100009635090828
112,0.46757811307907104,-1.1713236570358276,-0.5735956430435181,0.07837933301925659,-1.1316131353378296,1.4471865892410278,0.756854236125946,0.7310229539871216,0.3460623621940613,0.40175914764404297,-0.26066428422927856,-0.3342229127883911,-0.22014841437339783,-0.4165271818637848,-0.40902742743492126,0.018573179841041565,0.5934956073760986,1.293962001800537,-0.4615768790245056,0.6081944108009338,0.670703649520874,2.5793309211730957,-0.15348182618618011,0.7317003011703491,0.2597494125366211,0.038760244846343994,-0.11916523426771164,-0.09074603766202927,0.47940266132354736,0.372457891702652,-3.081291437149048,0.10436341166496277,0.21341919898986816,0.12166903167963028,0.045789510011672974,-0.22143220901489258,-0.8193114995956421,0.5288635492324829,0.07870326191186905,-0.5555720329284668,-0.8277353048324585,0.058946847915649414,-0.10496151447296143,0.25424692034721375,-0.3463362455368042,-0.6924986839294434,0.6328480839729309,-0.14244753122329712,0.7055970430374146,0.694148063659668,0.3295552730560303,-0.017113162204623222,-0.03100001811981201,-0.5616052150726318,0.8274053335189819,-7.914028401501128e-07,-0.8274053335189819,-0.5616052150726318,6.097982350183884e-07,0.29633069038391113,-0.17079734802246094,-0.030999861657619476,0.3627798557281494,0.1365710198879242,-0.031000174582004547
113,0.4915538430213928,-1.144408941268921,-0.5858463644981384,0.05854297801852226,-1.1440070867538452,1.41750168800354,0.7279074192047119,0.7310183644294739,0.3670107424259186,0.40806135535240173,-0.1756059229373932,-0.32371437549591064,-0.164337158203125,-0.4187912940979004,-0.4051037132740021,-0.02751798927783966,0.6108795404434204,1.2973175048828125,-0.4732249677181244,0.6025229096412659,0.6831892728805542,2.5807220935821533,-0.14323021471500397,0.7316780090332031,0.2569156289100647,0.03561928868293762,-0.15983162820339203,-0.12699459493160248,0.5116645097732544,0.41782572865486145,-3.0813302993774414,0.08606822788715363,0.21637797355651855,0.1315111517906189,0.03469301760196686,-0.1420881748199463,-0.8306060433387756,0.538428008556366,0.08841592818498611,-0.5524225234985352,-0.8288620710372925,0.05690503120422363,-0.1015678346157074,0.2506200969219208,-0.3388965129852295,-0.6830588579177856,0.6469773650169373,-0.14745433628559113,0.7177354097366333,0.6805241703987122,0.3295552730560303,-0.017113247886300087,-0.03100002557039261,-0.5616052150726318,0.8274053931236267,-8.658054184706998e-07,-0.8274053931236267,-0.5616052150726318,-1.7202742697008944e-07,0.29633069038391113,-0.1707974374294281,-0.03099995106458664,0.3627798557281494,0.13657093048095703,-0.031000100076198578
114,0.5160902738571167,-1.1180503368377686,-0.601205050945282,0.03885095193982124,-1.157059669494629,1.3878566026687622,0.6987923979759216,0.7310127019882202,0.37065446376800537,0.39811691641807556,-0.22533245384693146,-0.3254700005054474,-0.17296357452869415,-0.4167252779006958,-0.4076259732246399,0.023059917613863945,0.6297633647918701,1.301396369934082,-0.48272815346717834,0.5982888340950012,0.6945041418075562,2.5818729400634766,-0.13483431935310364,0.7317330241203308,0.29363542795181274,0.04703478887677193,-0.12253090739250183,-0.11186336725950241,0.5023422241210938,0.44127020239830017,-2.922083854675293,0.1017591804265976,0.21801161766052246,0.1419057995080948,0.022937387228012085,-0.06178855895996094,-0.837509274482727,0.5429183840751648,0.09682205319404602,-0.5464217662811279,-0.8318946361541748,0.05417370796203613,-0.0984567254781723,0.2471158802509308,-0.330214262008667,-0.6757640242576599,0.6590157151222229,-0.154655322432518,0.7274785041809082,0.6684734225273132,0.3295552730560303,-0.01711318828165531,-0.03100001811981201,-0.5616052150726318,0.8274053931236267,-7.33861384105694e-07,-0.8274053931236267,-0.5616052150726318,3.8648772715532687e-07,0.29633069038391113,-0.17079737782478333,-0.030999895185232162,0.3627798557281494,0.1365709900856018,-0.03100014105439186
115,0.5412777066230774,-1.0923134088516235,-0.6182872653007507,0.018533727154135704,-1.1689226627349854,1.3583545684814453,0.6696485280990601,0.730989933013916,0.37994250655174255,0.3896261751651764,-0.2501688301563263,-0.3380824029445648,-0.15553170442581177,-0.41453245282173157,-0.40761643648147583,0.026001935824751854,0.6500908136367798,1.3062093257904053,-0.49010804295539856,0.5957693457603455,0.7053059935569763,2.5829248428344727,-0.1281997114419937,0.7317601442337036,0.31816163659095764,0.059868112206459045,-0.09497898817062378,-0.09710019826889038,0.4725767970085144,0.47044607996940613,-2.7009711265563965,0.1182427704334259,0.21784520149230957,0.1531786024570465,0.010402798652648926,0.019378066062927246,-0.8401671648025513,0.5419812798500061,0.1030452698469162,-0.5375180244445801,-0.8369325995445251,0.050829172134399414,-0.09552866220474243,0.24361377954483032,-0.3208339214324951,-0.6704266667366028,0.6690243482589722,-0.16405169665813446,0.7350254058837891,0.6578941941261292,0.3295552730560303,-0.017113160341978073,-0.03100001811981201,-0.5616053342819214,0.8274053931236267,-8.207117048186774e-07,-0.8274053931236267,-0.5616053342819214,5.057607950220699e-07,0.29633069038391113,-0.17079736292362213,-0.03099987283349037,0.3627798557281494,0.1365710347890854,-0.03100016340613365
116,0.5672772526741028,-1.0670796632766724,-0.6372330188751221,-0.0011906372383236885,-1.1798207759857178,1.3292648792266846,0.6404493451118469,0.7310974597930908,0.4216506779193878,0.4716131389141083,-0.03755010664463043,0.12465907633304596,0.2482304573059082,-0.26290667057037354,-0.6091392040252686,-0.14624620974063873,0.6721186637878418,1.3115205764770508,-0.49550575017929077,0.5954452753067017,0.7160415649414062,2.5831458568573,-0.12353068590164185,0.7317569851875305,0.3390149176120758,0.062283217906951904,-0.038273654878139496,-0.07385342568159103,0.4926779866218567,0.470671683549881,-2.3176631927490234,-0.10029233247041702,0.21613574028015137,0.16497716307640076,-0.002364903688430786,0.09984934329986572,-0.8385778069496155,0.5355533957481384,0.10707719624042511,-0.5260615348815918,-0.8436787724494934,0.04658198356628418,-0.09277752041816711,0.23990342020988464,-0.3114057779312134,-0.6672502756118774,0.6766118407249451,-0.17701826989650726,0.7402843236923218,0.6485704183578491,0.3295552730560303,-0.01711319200694561,-0.03100001811981201,-0.5616053342819214,0.8274053931236267,-3.6761741739610443e-07,-0.8274053931236267,-0.5616053342819214,2.781713703825517e-07,0.29633069038391113,-0.17079739272594452,-0.03099994733929634,0.3627798557281494,0.136571004986763,-0.031000088900327682
117,0.5916843414306641,-1.042937159538269,-0.6508686542510986,-0.0014238579897210002,-1.1931674480438232,1.3002294301986694,0.6111472249031067,0.7309581637382507,0.3675948679447174,0.34019866585731506,-0.028077468276023865,0.030527379363775253,0.10813561081886292,-0.3026626706123352,-0.5730395913124084,-0.0511641763150692,0.6937897205352783,1.316881537437439,-0.5022363662719727,0.5935907959938049,0.7287386655807495,2.582494020462036,-0.1187465488910675,0.7317216396331787,0.325158953666687,0.06329486519098282,-0.06641313433647156,-0.09169700741767883,0.524196982383728,0.4482424557209015,-2.094212532043457,-0.061574582010507584,0.22229266166687012,0.17332124710083008,-0.006991520524024963,0.1619870662689209,-0.8322489261627197,0.5302093625068665,0.12337574362754822,-0.5160086154937744,-0.8476517200469971,0.04222846031188965,-0.08983004093170166,0.23562905192375183,-0.30451738834381104,-0.6614604592323303,0.6853751540184021,-0.18962329626083374,0.7472451329231262,0.6369205117225647,0.3295552730560303,-0.017113251611590385,-0.03100002557039261,-0.5616052150726318,0.8274053931236267,-6.818633551120001e-07,-0.8274053931236267,-0.5616052150726318,2.7182196049579943e-07,0.29633069038391113,-0.1707974374294281,-0.03099992126226425,0.3627798557281494,0.13657093048095703,-0.031000129878520966
118,0.6183001399040222,-1.0204250812530518,-0.6642305254936218,-0.0008996690157800913,-1.2045178413391113,1.271464467048645,0.5818570256233215,0.7309648990631104,0.4035983383655548,0.329630583524704,0.004632681608200073,0.08613434433937073,0.15503959357738495,-0.2897431552410126,-0.5861501097679138,-0.05269812420010567,0.7168672680854797,1.3228631019592285,-0.5069981217384338,0.5938547253608704,0.741608202457428,2.579707384109497,-0.11565187573432922,0.7316759824752808,0.36077970266342163,0.11902294307947159,-0.02371848188340664,-0.027591407299041748,0.5775529146194458,0.2958776652812958,-2.741687536239624,-0.09710729122161865,0.22843527793884277,0.18283860385417938,-0.01148366928100586,0.22358304262161255,-0.8228340148925781,0.5224507451057434,0.14009825885295868,-0.5033237934112549,-0.8526650667190552,0.036596059799194336,-0.08718176186084747,0.2308882176876068,-0.297613263130188,-0.6578183174133301,0.6918824911117554,-0.20664553344249725,0.7519288063049316,0.6260197162628174,0.3295552730560303,-0.01711331121623516,-0.03100006654858589,-0.5616050958633423,0.8274053931236267,-5.191281502447964e-07,-0.8274053931236267,-0.5616050958633423,1.7867556323380995e-07,0.29633069038391113,-0.17079748213291168,-0.030999988317489624,0.3627798557281494,0.13657085597515106,-0.03100014477968216
119,0.6461557149887085,-1.0007179975509644,-0.6775076389312744,-3.8616581150563434e-05,-1.2135077714920044,1.2431896924972534,0.5526530742645264,0.7309380173683167,0.41965070366859436,0.2836872935295105,-0.030688926577568054,0.07312873005867004,0.17944389581680298,-0.28779393434524536,-0.5862968564033508,0.005095467437058687,0.7410240769386292,1.330228328704834,-0.5113554000854492,0.594266414642334,0.7579478621482849,2.5740134716033936,-0.1140180379152298,0.7316268086433411,0.378962904214859,0.06945628672838211,-0.06682144850492477,-0.0512230284512043,0.4707246720790863,0.305630624294281,-2.152803897857666,0.0809667557477951,0.23429322242736816,0.19355492293834686,-0.015890806913375854,0.28324586153030396,-0.81099534034729,0.5119163393974304,0.1566563993692398,-0.4874821901321411,-0.8589645624160767,0.02974104881286621,-0.08435291051864624,0.224764883518219,-0.29375696182250977,-0.6527861952781677,0.6982672810554504,-0.2265743762254715,0.7572301030158997,0.6125900745391846,0.3295552730560303,-0.017113301903009415,-0.03100006654858589,-0.5616052150726318,0.8274053335189819,6.168784949522887e-08,-0.8274053335189819,-0.5616052150726318,6.435741397581296e-07,0.29633069038391113,-0.17079748213291168,-0.03099999949336052,0.3627798557281494,0.13657088577747345,-0.031000133603811264
120,0.6739910244941711,-0.9813262224197388,-0.6914164423942566,0.0008872555918060243,-1.2232253551483154,1.2151483297348022,0.5233734846115112,0.7309303879737854,0.41797617077827454,0.2815929055213928,-0.04491393268108368,0.07930509746074677,0.18746185302734375,-0.2765548825263977,-0.6037458181381226,0.003642211202532053,0.7648006081581116,1.335723876953125,-0.516214907169342,0.594736635684967,0.7738385200500488,2.568812847137451,-0.11105479300022125,0.7316321730613708,0.3694690465927124,0.06314027309417725,-0.05832047760486603,-0.04956759139895439,0.4770621657371521,0.31409043073654175,-1.8630565404891968,0.06737158447504044,0.23965001106262207,0.20435626804828644,-0.020241349935531616,0.34158164262771606,-0.7952007055282593,0.5009768605232239,0.17229589819908142,-0.4710226058959961,-0.8651310205459595,0.02317643165588379,-0.0817994624376297,0.2189922332763672,-0.2901041507720947,-0.6484341025352478,0.7038273215293884,-0.24702273309230804,0.7612708210945129,0.5995386242866516,0.3295552730560303,-0.017113186419010162,-0.03100001811981201,-0.5616052150726318,0.8274053335189819,-3.389781397800107e-07,-0.8274053335189819,-0.5616052150726318,3.821109260115918e-07,0.29633069038391113,-0.17079737782478333,-0.030999936163425446,0.3627798557281494,0.1365709900856018,-0.031000100076198578
121,0.7017495036125183,-0.9620398879051208,-0.7059507966041565,0.0023734630085527897,-1.232615351676941,1.1875231266021729,0.49408775568008423,0.730940580368042,0.4138775169849396,0.2796919345855713,-0.03237023949623108,0.09965409338474274,0.22193270921707153,-0.25905609130859375,-0.6239101886749268,0.00498686358332634,0.788101315498352,1.340449571609497,-0.5209611654281616,0.5950084328651428,0.7900434732437134,2.5639097690582275,-0.10731025040149689,0.7316284775733948,0.36174407601356506,0.05098119378089905,-0.05638819560408592,-0.05627048760652542,0.47896528244018555,0.3269667327404022,-1.6713656187057495,0.0614091232419014,0.24437403678894043,0.21521125733852386,-0.02452273666858673,0.3977072238922119,-0.7762333154678345,0.4891735315322876,0.18621638417243958,-0.4537668228149414,-0.8714465498924255,0.016822099685668945,-0.07936932146549225,0.21331822872161865,-0.28690946102142334,-0.6441371440887451,0.709062933921814,-0.2671060264110565,0.7646185159683228,0.586526095867157,0.3295552730560303,-0.01711331121623516,-0.03100006654858589,-0.5616053342819214,0.8274054527282715,3.6889620247393395e-08,-0.8274054527282715,-0.5616053342819214,6.391233569047472e-07,0.29633069038391113,-0.17079752683639526,-0.03099999949336052,0.3627798557281494,0.13657090067863464,-0.031000133603811264
122,0.7296165227890015,-0.9437043070793152,-0.7214299440383911,0.0035517301876097918,-1.2418361902236938,1.1608511209487915,0.4647740125656128,0.7309247851371765,0.4141634404659271,0.262753963470459,-0.03929859399795532,0.09135866165161133,0.2360084056854248,-0.2404382973909378,-0.6331802010536194,0.014240552671253681,0.8115232586860657,1.3449360132217407,-0.5254637002944946,0.5960676074028015,0.8069721460342407,2.558417797088623,-0.10346794873476028,0.731610119342804,0.3670805096626282,0.04728514328598976,-0.051231998950242996,-0.04254452884197235,0.47471439838409424,0.3126433491706848,-1.3680078983306885,0.05277637764811516,0.24818634986877441,0.22617384791374207,-0.028934195637702942,0.4518924355506897,-0.7542219758033752,0.4763849973678589,0.19822445511817932,-0.43577301502227783,-0.8779574036598206,0.010270357131958008,-0.07712525129318237,0.20732706785202026,-0.28458309173583984,-0.6403335928916931,0.7134321331977844,-0.28852155804634094,0.7669087648391724,0.5732418298721313,0.3295552730560303,-0.017113283276557922,-0.03100006654858589,-0.5616053342819214,0.8274053335189819,-4.4368260887495126e-07,-0.8274053335189819,-0.5616053342819214,2.2879942207509885e-07,0.2963307201862335,-0.17079748213291168,-0.030999992042779922,0.362779825925827,0.13657091557979584,-0.03100014105439186
123,0.7573933005332947,-0.9268465042114258,-0.7373252511024475,0.005350444000214338,-1.2520006895065308,1.134909749031067,0.4354022145271301,0.73093181848526,0.4131166338920593,0.23900610208511353,-0.020174771547317505,0.09531786292791367,0.23883691430091858,-0.22390855848789215,-0.6400763988494873,-0.003617832437157631,0.8356508612632751,1.3493549823760986,-0.5302716493606567,0.5980838537216187,0.8257315754890442,2.551908254623413,-0.09921184927225113,0.7315711975097656,0.3731895089149475,0.0455186553299427,-0.05079738050699234,-0.029356621205806732,0.4883437156677246,0.2793806195259094,-1.047736644744873,0.020988183096051216,0.25205349922180176,0.23706746101379395,-0.032858140766620636,0.5032520890235901,-0.7290775179862976,0.46387845277786255,0.21036511659622192,-0.41729736328125,-0.8840867280960083,0.0033648014068603516,-0.07497227191925049,0.20057228207588196,-0.2837601900100708,-0.6365644931793213,0.71712327003479,-0.312102735042572,0.7684540748596191,0.5586323738098145,0.3295552730560303,-0.017113182693719864,-0.031000033020973206,-0.5616052150726318,0.8274053335189819,-5.442133783617464e-07,-0.8274053335189819,-0.5616052150726318,1.6592126783621097e-08,0.29633069038391113,-0.17079736292362213,-0.03099997341632843,0.3627798557281494,0.136571004986763,-0.03100009262561798
124,0.7847801446914673,-0.9119112491607666,-0.7521671652793884,0.007205614820122719,-1.262995719909668,1.1091948747634888,0.40604278445243835,0.7309355139732361,0.4037782847881317,0.20754995942115784,0.011339038610458374,0.09769835323095322,0.2572254538536072,-0.2063181847333908,-0.652083694934845,-0.008130467496812344,0.8599869012832642,1.3540844917297363,-0.5371886491775513,0.5992611646652222,0.8481906652450562,2.543342113494873,-0.09366006404161453,0.7314916849136353,0.37131014466285706,0.05630534887313843,-0.07862401753664017,-0.03357543796300888,0.5193747878074646,0.19727562367916107,-1.5845435857772827,0.13071942329406738,0.25620532035827637,0.24814440310001373,-0.03616972267627716,0.5520023703575134,-0.7004207372665405,0.4524424076080322,0.2238249033689499,-0.3982231616973877,-0.8895620703697205,-0.0038297176361083984,-0.07274912297725677,0.1922876238822937,-0.28644704818725586,-0.6299664378166199,0.7218660116195679,-0.3370695114135742,0.7715330123901367,0.5395563244819641,0.3295552730560303,-0.01711331121623516,-0.03100006654858589,-0.5616053342819214,0.8274052739143372,-2.504101246358914e-07,-0.8274052739143372,-0.5616053342819214,2.924589921349252e-07,0.2963307201862335,-0.17079751193523407,-0.031000006943941116,0.362779825925827,0.13657088577747345,-0.031000126153230667
125,0.8117880821228027,-0.9006401300430298,-0.7659581899642944,0.009226474910974503,-1.2722551822662354,1.0842443704605103,0.3768325448036194,0.7309351563453674,0.39392420649528503,0.14860676229000092,0.10629941523075104,0.10374218225479126,0.3144790828227997,-0.17538319528102875,-0.6566495895385742,0.273363322019577,0.8826380372047424,1.356505036354065,-0.5479333400726318,0.594637930393219,0.8689835667610168,2.536508798599243,-0.09658071398735046,0.731254518032074,0.3338997960090637,0.021114826202392578,-0.13379010558128357,-0.15197309851646423,0.429085910320282,0.09865979850292206,0.06229041516780853,0.09060825407505035,0.2603418827056885,0.2599615752696991,-0.038890182971954346,0.5968799591064453,-0.670544445514679,0.4405730366706848,0.2375553697347641,-0.3767983913421631,-0.895315945148468,-0.009707212448120117,-0.07062294334173203,0.18497321009635925,-0.29945075511932373,-0.6204181909561157,0.7248520851135254,-0.3567105829715729,0.7774207592010498,0.5180488228797913,0.3295552730560303,-0.017113186419010162,-0.031000033020973206,-0.5616052150726318,0.8274053335189819,-5.240927976046805e-07,-0.8274053335189819,-0.5616052150726318,7.088303988211919e-08,0.29633069038391113,-0.17079737782478333,-0.03099996969103813,0.3627798557281494,0.1365709900856018,-0.03100009635090828
126,0.8372205495834351,-0.8892613649368286,-0.7788233757019043,0.01283816434442997,-1.283819317817688,1.0586990118026733,0.3475632071495056,0.7309335470199585,0.3662601113319397,0.14784236252307892,0.08646763861179352,0.13343723118305206,0.2908679246902466,-0.17961645126342773,-0.6729683876037598,0.2367216944694519,0.9046498537063599,1.3579180240631104,-0.5589462518692017,0.5892425179481506,0.888955295085907,2.530402421951294,-0.09670448303222656,0.7313659191131592,0.30974432826042175,0.0169557873159647,-0.11393742263317108,-0.11714242398738861,0.5086860060691833,0.13858583569526672,0.26001906394958496,0.013942765071988106,0.26547694206237793,0.27129459381103516,-0.0405966080725193,0.6381677389144897,-0.6375290751457214,0.43162330985069275,0.2530765235424042,-0.35576164722442627,-0.8996589183807373,-0.015077829360961914,-0.06869971752166748,0.17808058857917786,-0.31052470207214355,-0.6109828352928162,0.7281994223594666,-0.3750368356704712,0.7826722264289856,0.4967610836029053,0.3295552730560303,-0.01711331121623516,-0.03100006654858589,-0.5616053342819214,0.8274053335189819,2.246199493072254e-08,-0.8274053335189819,-0.5616053342819214,6.00187547661335e-07,0.2963307201862335,-0.17079751193523407,-0.03099999949336052,0.362779825925827,0.13657088577747345,-0.031000133603811264
127,0.8631716370582581,-0.8832038044929504,-0.7912124395370483,0.016676446422934532,-1.2934424877166748,1.0332573652267456,0.3185638189315796,0.7309237122535706,0.37553033232688904,0.06191482022404671,0.10919487476348877,0.12887394428253174,0.33163684606552124,-0.17531171441078186,-0.6723214983940125,0.03503085672855377,0.9248518943786621,1.3581258058547974,-0.5691071152687073,0.5831826329231262,0.9087138772010803,2.523918867111206,-0.09534505009651184,0.7312833666801453,0.2934631407260895,0.002928385976701975,-0.11967267096042633,-0.11982690542936325,0.45537781715393066,0.08479546755552292,0.39516931772232056,0.07658078521490097,0.270953893661499,0.2843185365200043,-0.04152056202292442,0.6756060123443604,-0.6044849157333374,0.4220835268497467,0.26986244320869446,-0.3300129175186157,-0.9045804738998413,-0.020055532455444336,-0.06688904762268066,0.17151010036468506,-0.32141005992889404,-0.6019426584243774,0.7309996485710144,-0.3918708562850952,0.7873071432113647,0.4760091006755829,0.3295552730560303,-0.017113283276557922,-0.03100006654858589,-0.5616052150726318,0.8274053931236267,-4.536232438567822e-07,-0.8274053931236267,-0.5616052150726318,1.9361574743470555e-07,0.29633069038391113,-0.1707974672317505,-0.03099999576807022,0.3627798557281494,0.13657090067863464,-0.031000137329101562
128,0.8911911249160767,-0.8846996426582336,-0.8021804094314575,0.01991693675518036,-1.2981575727462769,1.0085866451263428,0.2903156578540802,0.7309128046035767,0.40713268518447876,-0.051491156220436096,0.11983391642570496,0.11585912108421326,0.38013944029808044,-0.17002719640731812,-0.6502475738525391,0.04677508771419525,0.9393585920333862,1.355222463607788,-0.5725919604301453,0.580723762512207,0.9203527569770813,2.522097587585449,-0.061005692929029465,0.7313498258590698,0.18580877780914307,-0.0640840008854866,0.06261757016181946,-0.08862844854593277,0.2777930200099945,0.11098235845565796,1.0757888555526733,0.6483843922615051,0.2761504650115967,0.30016329884529114,-0.04161917418241501,0.7096080780029297,-0.5724478960037231,0.4108038544654846,0.28718456625938416,-0.2974250316619873,-0.9105291366577148,-0.023123979568481445,-0.06538780778646469,0.16889435052871704,-0.2973039150238037,-0.5960696935653687,0.7458629012107849,-0.40308666229248047,0.7865142822265625,0.4678850769996643,0.3295552730560303,-0.01711328513920307,-0.03100006654858589,-0.5616053342819214,0.8274053335189819,-4.850065238315437e-07,-0.8274053335189819,-0.5616053342819214,-6.000198027322767e-08,0.2963307201862335,-0.17079748213291168,-0.03100002184510231,0.362779825925827,0.13657091557979584,-0.031000111252069473
129,0.9195334315299988,-0.887850284576416,-0.8137924075126648,0.023613963276147842,-1.3002991676330566,0.9850342273712158,0.26302629709243774,0.73090660572052,0.41302013397216797,-0.06519407778978348,0.04060199856758118,0.1009560227394104,0.3454115390777588,-0.17992044985294342,-0.6040652990341187,0.076926089823246,0.9499979615211487,1.3486014604568481,-0.568285346031189,0.5875363349914551,0.9282200336456299,2.518622398376465,0.00064327591098845,0.7314519882202148,0.1686289757490158,-0.10876692086458206,0.12955787777900696,0.08763911575078964,0.15055842697620392,0.13502806425094604,0.8665266036987305,0.4437018632888794,0.28035521507263184,0.31646856665611267,-0.041414011269807816,0.7401466369628906,-0.541448712348938,0.39876842498779297,0.3014545142650604,-0.26291799545288086,-0.9165147542953491,-0.026297807693481445,-0.064369335770607,0.167864590883255,-0.24541115760803223,-0.5956358313560486,0.7648472785949707,-0.41897207498550415,0.7766525745391846,0.47039681673049927,0.3295552730560303,-0.017113182693719864,-0.031000033020973206,-0.5616052150726318,0.8274053335189819,-3.5101049888908165e-07,-0.8274053335189819,-0.5616052150726318,6.734671131880532e-08,0.29633069038391113,-0.17079736292362213,-0.030999988317489624,0.3627798557281494,0.136571004986763,-0.031000077724456787
130,0.94798743724823,-0.8933693766593933,-0.8261099457740784,0.027486464008688927,-1.2994036674499512,0.9623122811317444,0.23738180100917816,0.7309309244155884,0.4157572388648987,-0.09833236038684845,0.004270449280738831,0.09155212342739105,0.3225657641887665,-0.19060105085372925,-0.5393334031105042,0.04321902245283127,0.9561232328414917,1.338980793952942,-0.5605098009109497,0.5989978313446045,0.9339287281036377,2.5120468139648438,0.07108044624328613,0.7313781380653381,0.07709972560405731,-0.15083947777748108,0.1797797977924347,0.1540999710559845,0.15621773898601532,-0.01799347996711731,1.3683009147644043,-0.0528642013669014,0.2834961414337158,0.3334439992904663,-0.04089032858610153,0.7670105695724487,-0.5129876732826233,0.3854069113731384,0.31257903575897217,-0.22582793235778809,-0.9226570725440979,-0.029387712478637695,-0.06375959515571594,0.1673671007156372,-0.18568658828735352,-0.5957369804382324,0.7814204096794128,-0.43742311000823975,0.7622219324111938,0.4771569073200226,0.3295552730560303,-0.017113305628299713,-0.03100006654858589,-0.5616053342819214,0.8274053335189819,1.6450773188125822e-08,-0.8274053335189819,-0.5616053342819214,2.9071824769744126e-07,0.2963307201862335,-0.17079749703407288,-0.031000036746263504,0.362779825925827,0.13657090067863464,-0.03100009635090828
131,0.9761822819709778,-0.895424485206604,-0.8412883281707764,0.03207093104720116,-1.3002070188522339,0.9379262328147888,0.2120383232831955,0.7309585809707642,0.4169713854789734,-0.034696485847234726,-0.068147212266922,0.0997801274061203,0.2251148819923401,-0.24063561856746674,-0.49485087394714355,0.09001639485359192,0.9630153775215149,1.3270519971847534,-0.5522939562797546,0.6129876971244812,0.9382248520851135,2.5022354125976562,0.14800520241260529,0.7311652898788452,0.11443621665239334,-0.1433933824300766,0.14125698804855347,0.2335595041513443,-0.004019479267299175,-0.18271329998970032,1.345551609992981,-0.24791911244392395,0.2857944965362549,0.34986060857772827,-0.040657684206962585,0.792363166809082,-0.4834475815296173,0.3720739483833313,0.3204253613948822,-0.18918681144714355,-0.9281895756721497,-0.03345131874084473,-0.06370235979557037,0.16670259833335876,-0.1198873519897461,-0.5930207371711731,0.7962118983268738,-0.46137312054634094,0.743411660194397,0.4842250943183899,0.3295552730560303,-0.017113247886300087,-0.03100002557039261,-0.5616053342819214,0.8274054527282715,-8.438981922154198e-07,-0.8274054527282715,-0.5616053342819214,-1.6085284926248278e-07,0.29633069038391113,-0.1707974672317505,-0.03099995106458664,0.3627798557281494,0.13657096028327942,-0.031000100076198578
132,1.0043002367019653,-0.900671124458313,-0.8579118847846985,0.036928270012140274,-1.2980854511260986,0.9146628975868225,0.18994155526161194,0.7309653759002686,0.4142923653125763,-0.0903039425611496,-0.17382878065109253,0.0796545073390007,0.14055746793746948,-0.2829110622406006,-0.3757157027721405,0.09752055257558823,0.9643868207931519,1.3109492063522339,-0.5445799827575684,0.6281753182411194,0.9428730607032776,2.488929033279419,0.23421405255794525,0.7311059236526489,0.036731865257024765,-0.24216881394386292,0.12041871249675751,0.24413888156414032,0.08237384259700775,-0.19460678100585938,1.2407904863357544,-0.13165000081062317,0.2871716022491455,0.36680957674980164,-0.03998594358563423,0.8134329319000244,-0.45925211906433105,0.35695135593414307,0.3251006603240967,-0.1499084234237671,-0.9337220788002014,-0.03651690483093262,-0.063527911901474,0.16569668054580688,-0.05333602428436279,-0.5838794112205505,0.8100864291191101,-0.485820472240448,0.7239322662353516,0.48979640007019043,0.3295552730560303,-0.01711319014430046,-0.03100001811981201,-0.5616053342819214,0.8274054527282715,-7.130887524908758e-07,-0.8274054527282715,-0.5616053342819214,3.9287129993681447e-07,0.29633069038391113,-0.1707974076271057,-0.030999895185232162,0.3627798557281494,0.1365710198879242,-0.03100014105439186
133,1.0319849252700806,-0.907614529132843,-0.87703537940979,0.043551087379455566,-1.2945656776428223,0.8915045261383057,0.17139847576618195,0.7309873700141907,0.40427789092063904,-0.11292817443609238,-0.269736647605896,0.0867113545536995,0.05238700658082962,-0.3316665291786194,-0.25960785150527954,0.018328502774238586,0.9622628092765808,1.290235996246338,-0.5369412899017334,0.6444751620292664,0.9514472484588623,2.4727542400360107,0.3346420228481293,0.7310749292373657,-0.01783791370689869,-0.3151829242706299,0.10369942337274551,0.2517736852169037,0.13479775190353394,-0.23404037952423096,1.3651398420333862,-0.10242481529712677,0.28847813606262207,0.38386547565460205,-0.0385533906519413,0.8301505446434021,-0.4414283037185669,0.3405747711658478,0.32741573452949524,-0.10844695568084717,-0.9386364221572876,-0.0386044979095459,-0.06236567348241806,0.16383305191993713,0.01488274335861206,-0.5655604600906372,0.8245725631713867,-0.511188268661499,0.7044414281845093,0.49239102005958557,0.3295552730560303,-0.017113160341978073,-0.03100001811981201,-0.5616053342819214,0.8274052739143372,-8.104673270281637e-07,-0.8274052739143372,-0.5616053342819214,5.318158855516231e-07,0.2963307201862335,-0.17079736292362213,-0.030999869108200073,0.362779825925827,0.1365710347890854,-0.03100016713142395
134,1.0592408180236816,-0.9155676960945129,-0.8961761593818665,0.057235438376665115,-1.291296362876892,0.8675767779350281,0.15585708618164062,0.7309913635253906,0.3910296559333801,-0.13831280171871185,-0.25414082407951355,0.24170807003974915,0.04777676612138748,-0.345811665058136,-0.21756993234157562,0.06820932775735855,0.9577999711036682,1.2655647993087769,-0.5299748182296753,0.6623742580413818,0.9627555012702942,2.455937147140503,0.43834608793258667,0.7310535311698914,-0.057559624314308167,-0.39894700050354004,0.08125735819339752,0.288385808467865,0.17324580252170563,-0.22986246645450592,1.3797112703323364,-0.07827284932136536,0.2933824062347412,0.4007905125617981,-0.033973246812820435,0.8409943580627441,-0.4302036166191101,0.32810571789741516,0.33367815613746643,-0.0649561882019043,-0.9404464960098267,-0.039270639419555664,-0.06010551005601883,0.16156534850597382,0.07592594623565674,-0.5420714616775513,0.8368953466415405,-0.5367980003356934,0.6850889325141907,0.4924439489841461,0.3295552730560303,-0.01711319014430046,-0.03100001811981201,-0.5616050958633423,0.8274053931236267,-3.5247569485363783e-07,-0.8274053931236267,-0.5616050958633423,2.9307327054084453e-07,0.29633069038391113,-0.17079736292362213,-0.03099994733929634,0.3627798557281494,0.1365709751844406,-0.031000088900327682
135,1.0856491327285767,-0.9258527159690857,-0.9133308529853821,0.07744639366865158,-1.2878367900848389,0.8424836993217468,0.14501044154167175,0.7309997081756592,0.3781243562698364,-0.17553797364234924,-0.2244243025779724,0.3375093638896942,0.05143513157963753,-0.36342233419418335,-0.1512647122144699,0.03797006234526634,0.9510005712509155,1.237834095954895,-0.5235347747802734,0.6818012595176697,0.976859986782074,2.440269708633423,0.538582980632782,0.7310320138931274,-0.09226077795028687,-0.4515392482280731,0.07675781846046448,0.313261479139328,0.21582305431365967,-0.20829547941684723,1.3485630750656128,-0.04789460822939873,0.30214428901672363,0.4180285334587097,-0.02566680684685707,0.8457870483398438,-0.426988422870636,0.3198830783367157,0.3455296456813812,-0.01845073699951172,-0.9382265210151672,-0.037986040115356445,-0.05642777308821678,0.15927369892597198,0.12450295686721802,-0.5176239609718323,0.846501350402832,-0.5607760548591614,0.6671074628829956,0.490405797958374,0.3295552730560303,-0.017113251611590385,-0.03100002557039261,-0.5616052150726318,0.8274053931236267,-8.234925985561858e-07,-0.8274053931236267,-0.5616052150726318,-5.9545705255459325e-08,0.29633069038391113,-0.1707974374294281,-0.030999943614006042,0.3627798557281494,0.13657093048095703,-0.031000107526779175
136,1.107921838760376,-0.9395720362663269,-0.9254262447357178,0.09951427578926086,-1.283342957496643,0.8174642324447632,0.14273010194301605,0.7309921979904175,0.31543856859207153,-0.226584792137146,-0.1536938101053238,0.36037731170654297,0.06552480906248093,-0.36203521490097046,-0.03169162943959236,0.023921100422739983,0.9394373893737793,1.2084394693374634,-0.5189688205718994,0.7025044560432434,0.9927356839179993,2.426034927368164,0.6317819952964783,0.7309898138046265,-0.17586731910705566,-0.474821537733078,0.034361086785793304,0.3347850441932678,0.2386922985315323,-0.1958615630865097,1.28817880153656,0.004222458694130182,0.31285881996154785,0.43490833044052124,-0.01442350447177887,0.8442028164863586,-0.4343477189540863,0.3141077756881714,0.36164572834968567,0.02900087833404541,-0.9318644404411316,-0.033857107162475586,-0.05153919756412506,0.15691521763801575,0.1575103998184204,-0.49483153223991394,0.8545948266983032,-0.581100344657898,0.6532616019248962,0.48535725474357605,0.3295552730560303,-0.01711331680417061,-0.03100006654858589,-0.5616053342819214,0.8274052739143372,-5.128209181748389e-07,-0.8274052739143372,-0.5616053342819214,1.814905630226349e-07,0.2963307201862335,-0.17079751193523407,-0.030999992042779922,0.362779825925827,0.13657088577747345,-0.03100014105439186
137,1.120722770690918,-0.9568560719490051,-0.9306753873825073,0.12183650583028793,-1.2768638134002686,0.7931885123252869,0.15037468075752258,0.7310120463371277,0.16739971935749054,-0.2819857895374298,-0.05911306291818619,0.3726842701435089,0.09243575483560562,-0.35048845410346985,0.10736936330795288,0.0076021961867809296,0.9232844710350037,1.1789436340332031,-0.5182360410690308,0.7243447303771973,1.0093872547149658,2.411717176437378,0.7224981188774109,0.7309042811393738,-0.2561403810977936,-0.4645124673843384,-0.042735666036605835,0.35355451703071594,0.2422715276479721,-0.21447588503360748,1.2349393367767334,0.10750999301671982,0.32526564598083496,0.44972267746925354,-0.00034052133560180664,0.8343637585639954,-0.45650866627693176,0.30892881751060486,0.3819412887096405,0.07470703125,-0.9211622476577759,-0.026938676834106445,-0.04611806198954582,0.15375357866287231,0.17897921800613403,-0.470153272151947,0.864246666431427,-0.5988065600395203,0.6449360251426697,0.47485601902008057,0.3295552730560303,-0.017113300040364265,-0.03100006654858589,-0.5616053342819214,0.8274052739143372,5.649334866575373e-08,-0.8274052739143372,-0.5616053342819214,6.488916710623016e-07,0.2963307201862335,-0.17079749703407288,-0.03099999949336052,0.362779825925827,0.13657090067863464,-0.031000133603811264
138,1.1156398057937622,-0.9712796807289124,-0.9317652583122253,0.14337454736232758,-1.268156886100769,0.7683010697364807,0.16255226731300354,0.7310441732406616,-0.11200585961341858,-0.23154683411121368,-0.012794233858585358,0.36452004313468933,0.11930226534605026,-0.3516119718551636,0.17104753851890564,0.009760076180100441,0.9077171087265015,1.1498043537139893,-0.5198779106140137,0.7461959719657898,1.02398681640625,2.401118755340576,0.7862316966056824,0.7308973670005798,-0.2356509119272232,-0.4667460024356842,-0.06082000210881233,0.36925008893013,0.208462655544281,-0.144770085811615,0.5509299039840698,0.275883287191391,0.33904528617858887,0.4581604301929474,0.014403492212295532,0.8152273297309875,-0.4943575859069824,0.3016869127750397,0.40349286794662476,0.11114245653152466,-0.9082074761390686,-0.018497705459594727,-0.040678754448890686,0.15179140865802765,0.1789197325706482,-0.4597834050655365,0.8698200583457947,-0.6140775680541992,0.6385537385940552,0.4638511538505554,0.3295552730560303,-0.017113186419010162,-0.03100001811981201,-0.5616052150726318,0.8274053335189819,-3.4422149042256933e-07,-0.8274053335189819,-0.5616052150726318,3.837215842850128e-07,0.29633069038391113,-0.17079737782478333,-0.030999936163425446,0.3627798557281494,0.1365709900856018,-0.031000100076198578
139,1.0996507406234741,-0.9853833317756653,-0.9234765768051147,0.1657429039478302,-1.2533926963806152,0.7434043288230896,0.17998775839805603,0.7310913801193237,-0.26157113909721375,-0.23630765080451965,0.1292111873626709,0.3880724310874939,0.20724095404148102,-0.3567560911178589,0.24443475902080536,0.009569612331688404,0.8909478187561035,1.1234432458877563,-0.5209857225418091,0.7706868648529053,1.0425362586975098,2.393552541732788,0.8459919095039368,0.7309156060218811,-0.25359711050987244,-0.42868712544441223,-0.04468967393040657,0.3955807685852051,0.28234973549842834,-0.10845290124416351,0.7665632367134094,0.10173367708921432,0.3545997142791748,0.4631301164627075,0.03186643123626709,0.7873199582099915,-0.5424611568450928,0.29302412271499634,0.4298567771911621,0.14225667715072632,-0.891619861125946,-0.007980108261108398,-0.03404167667031288,0.1498129516839981,0.1725935935974121,-0.4524160325527191,0.8749464154243469,-0.6253482699394226,0.6359661817550659,0.4522019624710083,0.3295552730560303,-0.01711328513920307,-0.03100006654858589,-0.5616050958633423,0.8274053931236267,-5.050275149187655e-07,-0.8274053931236267,-0.5616050958633423,4.6561154931623605e-07,0.29633069038391113,-0.1707974523305893,-0.030999958515167236,0.3627798557281494,0.13657088577747345,-0.031000174582004547
140,1.0802392959594727,-1.0002832412719727,-0.9146338701248169,0.18965087831020355,-1.2372592687606812,0.7185296416282654,0.19815818965435028,0.731102705001831,-0.31086546182632446,-0.25027257204055786,0.13254372775554657,0.41058623790740967,0.22737044095993042,-0.356284499168396,0.2547065019607544,-0.08490697294473648,0.8759818077087402,1.0983809232711792,-0.5187677145004272,0.7975142002105713,1.0637012720108032,2.383518934249878,0.8771343231201172,0.7308408617973328,-0.21933722496032715,-0.3841903805732727,-0.013304539024829865,0.4941476583480835,0.36622026562690735,-0.21731895208358765,-0.20127266645431519,0.20263344049453735,0.3712046146392822,0.465810626745224,0.05129116773605347,0.7545791268348694,-0.5930864214897156,0.2808181345462799,0.45899802446365356,0.1712009310722351,-0.8717861771583557,0.002053499221801758,-0.026653172448277473,0.14730606973171234,0.1433085799217224,-0.46266138553619385,0.8748754262924194,-0.6383950710296631,0.6322824358940125,0.43894264101982117,0.3295552730560303,-0.017113184556365013,-0.03100001811981201,-0.5616052150726318,0.8274053335189819,-3.2441360531265673e-07,-0.8274053335189819,-0.5616052150726318,4.444450496521313e-07,0.29633069038391113,-0.17079736292362213,-0.030999932438135147,0.3627798557281494,0.136571004986763,-0.031000103801488876
141,1.0603349208831787,-1.0174903869628906,-0.9012001156806946,0.21451906859874725,-1.2173155546188354,0.693195641040802,0.21663449704647064,0.7311131954193115,-0.31148698925971985,-0.28998738527297974,0.20583496987819672,0.4274841845035553,0.28329288959503174,-0.36719581484794617,0.2589099407196045,-0.09734631329774857,0.862115740776062,1.0758799314498901,-0.5132015347480774,0.8270163536071777,1.086556315422058,2.3713219165802,0.8825455904006958,0.7309555411338806,-0.18973349034786224,-0.37554603815078735,0.07080037891864777,0.45416060090065,0.32822614908218384,-0.16369453072547913,0.0747177004814148,0.06130356714129448,0.3881533145904541,0.4682202935218811,0.07387179136276245,0.719292938709259,-0.6420150995254517,0.26539450883865356,0.49177536368370056,0.2007271647453308,-0.8472695350646973,0.011740446090698242,-0.01860284060239792,0.14423911273479462,0.09481531381607056,-0.4880293607711792,0.8676619529724121,-0.652429461479187,0.627845287322998,0.4244362711906433,0.3295552730560303,-0.01711328513920307,-0.03100006654858589,-0.5616053342819214,0.8274053335189819,-4.836441007682879e-07,-0.8274053335189819,-0.5616053342819214,5.15605222517479e-07,0.2963307201862335,-0.17079748213291168,-0.030999954789876938,0.362779825925827,0.13657091557979584,-0.031000178307294846
142,1.0393898487091064,-1.036391019821167,-0.8881145715713501,0.23948203027248383,-1.1988831758499146,0.6682043671607971,0.23618382215499878,0.731124758720398,-0.33529984951019287,-0.3149834871292114,0.19400067627429962,0.42876529693603516,0.26161035895347595,-0.3603324890136719,0.27390146255493164,-0.11045947670936584,0.8496925830841064,1.0551141500473022,-0.5042687058448792,0.854958713054657,1.1089990139007568,2.3583672046661377,0.8891324400901794,0.7309978008270264,-0.14390155673027039,-0.3766060471534729,0.13623706996440887,0.4675481915473938,0.3275565803050995,-0.17289046943187714,0.09342668950557709,0.017433568835258484,0.4051229953765869,0.4687337577342987,0.09827280044555664,0.6813117265701294,-0.6891371011734009,0.24678799510002136,0.5271039009094238,0.22794747352600098,-0.8186582922935486,0.020400285720825195,-0.010235205292701721,0.14189937710762024,0.051745474338531494,-0.5110303163528442,0.8580037951469421,-0.6652787923812866,0.6231169700622559,0.41125330328941345,0.33277153968811035,-0.008087970316410065,-0.031000282615423203,-0.5717072486877441,0.8204576969146729,1.635455646464834e-06,-0.8204576969146729,-0.5717072486877441,2.308151351826382e-06,0.3014336824417114,-0.16216793656349182,-0.031000196933746338,0.3641093969345093,0.14599201083183289,-0.031000368297100067
143,1.0172319412231445,-1.0587944984436035,-0.8696168065071106,0.2620692253112793,-1.177547812461853,0.6464024782180786,0.2565666437149048,0.731116771697998,-0.3463914096355438,-0.3681427836418152,0.2775764763355255,0.387503445148468,0.30415040254592896,-0.31820183992385864,0.2853299677371979,-0.09998217225074768,0.8421069979667664,1.035239577293396,-0.4888725280761719,0.8833056688308716,1.1292039155960083,2.350832223892212,0.8912036418914795,0.7310731410980225,-0.050488706678152084,-0.3525811731815338,0.24956680834293365,0.45792096853256226,0.2951425611972809,-0.09526864439249039,0.03024112433195114,-0.0069784061051905155,0.42035984992980957,0.46827200055122375,0.12441699206829071,0.6425526142120361,-0.7323917746543884,0.22522975504398346,0.5634313225746155,0.2523978352546692,-0.7866641879081726,0.026757478713989258,-0.00128120556473732,0.14321169257164001,0.017879962921142578,-0.5407623052597046,0.8409853577613831,-0.6785284280776978,0.6112178564071655,0.40744549036026,0.33754563331604004,0.005880364216864109,-0.03100096806883812,-0.5836760997772217,0.81198650598526,5.637291451421333e-07,-0.81198650598526,-0.5836760997772217,8.62911474541761e-06,0.3084704279899597,-0.14864253997802734,-0.0310000479221344,0.36662083864212036,0.1604032814502716,-0.03100188821554184
144,0.9944177269935608,-1.0838862657546997,-0.8469369411468506,0.2764637768268585,-1.1558393239974976,0.6342247128486633,0.2782762050628662,0.7310720086097717,-0.3465797007083893,-0.39055541157722473,0.3297131657600403,0.233777716755867,0.30707094073295593,-0.17764264345169067,0.3038457930088043,-0.07182220369577408,0.8349652886390686,1.013265609741211,-0.47101864218711853,0.9115222692489624,1.1459474563598633,2.353307008743286,0.8899555802345276,0.7311522364616394,-0.06882751733064651,-0.40787777304649353,0.261338472366333,0.4569823741912842,0.24715247750282288,0.047956183552742004,-0.016954073682427406,-0.011759646236896515,0.4307072162628174,0.46643927693367004,0.14733314514160156,0.6064969301223755,-0.7688090205192566,0.20271681249141693,0.5942420363426208,0.2689189314842224,-0.757996678352356,0.0332181453704834,0.007621563971042633,0.1501184105873108,-0.008814334869384766,-0.5784247517585754,0.8156881332397461,-0.6889949440956116,0.594698429107666,0.41427016258239746,0.342393159866333,0.021060243248939514,-0.03100002557039261,-0.5924030542373657,0.805641770362854,-7.240087995796785e-08,-0.805641770362854,-0.5924030542373657,1.5784816298491933e-07,0.31498685479164124,-0.13376738131046295,-0.03099999949336052,0.3697994649410248,0.17588786780834198,-0.031000051647424698
145,0.9681582450866699,-1.1096152067184448,-0.8229798078536987,0.27587437629699707,-1.1326475143432617,0.636224091053009,0.297034353017807,0.7310498356819153,-0.39143887162208557,-0.3759557604789734,0.3320486545562744,-0.026650041341781616,0.3238517940044403,0.031401850283145905,0.26235032081604004,-0.05036664754152298,0.8336427807807922,0.9880129098892212,-0.4521760940551758,0.9400453567504883,1.159071922302246,2.366727113723755,0.8785260915756226,0.7312918901443481,0.04786744713783264,-0.4550440013408661,0.302288681268692,0.46838876605033875,0.19972065091133118,0.20010574162006378,-0.15316645801067352,-0.362207293510437,0.43332457542419434,0.4627209007740021,0.16029952466487885,0.5763037800788879,-0.7969434261322021,0.18098394572734833,0.611443281173706,0.273539662361145,-0.7425047159194946,0.038068532943725586,0.016033006832003593,0.16305005550384521,-0.03067469596862793,-0.6275733113288879,0.777953028678894,-0.7007998824119568,0.5684713125228882,0.4309522807598114,0.34659457206726074,0.033581800758838654,-0.0310002863407135,-0.6041945219039917,0.7968368530273438,3.8363106114047696e-07,-0.7968368530273438,-0.6041945219039917,2.0695836155937286e-06,0.32146963477134705,-0.12163235992193222,-0.03100009262561798,0.37171950936317444,0.18879595398902893,-0.03100048005580902
146,0.9402821063995361,-1.1349278688430786,-0.798253059387207,0.26476001739501953,-1.107698917388916,0.6464321613311768,0.3118557929992676,0.7310406565666199,-0.41118448972702026,-0.36900457739830017,0.3449140191078186,-0.17466847598552704,0.3487203121185303,0.14574497938156128,0.20724914968013763,-0.043889425694942474,0.8377127051353455,0.9611799716949463,-0.43234044313430786,0.968774676322937,1.1696186065673828,2.3863186836242676,0.859603762626648,0.7313917279243469,0.13806091248989105,-0.4853721261024475,0.3270028531551361,0.4802527129650116,0.16581887006759644,0.28567010164260864,-0.25546568632125854,-0.4947766661643982,0.43076443672180176,0.45883166790008545,0.1658375859260559,0.5516378879547119,-0.8182780742645264,0.16160646080970764,0.6188967227935791,0.27167272567749023,-0.7369943857192993,0.04054093360900879,0.023516573011875153,0.17968657612800598,-0.04688858985900879,-0.6822574734687805,0.7296068668365479,-0.7148610949516296,0.5330817699432373,0.4525454342365265,0.3515150547027588,0.047688815742731094,-0.031000278890132904,-0.6233035326004028,0.781980037689209,6.701054076074797e-07,-0.781980037689209,-0.6233035326004028,1.5093269212229643e-06,0.330154150724411,-0.10808800160884857,-0.031000178307294846,0.37287595868110657,0.20346562564373016,-0.031000379472970963
147,0.911922037601471,-1.1621487140655518,-0.7710391879081726,0.24733301997184753,-1.0805022716522217,0.6636138558387756,0.3248871862888336,0.7310405373573303,-0.41664448380470276,-0.398985356092453,0.3823173940181732,-0.26335409283638,0.38057664036750793,0.2426263689994812,0.1821834295988083,-0.04656096547842026,0.8510912656784058,0.9341772794723511,-0.4093373119831085,0.9974081516265869,1.1772409677505493,2.41082501411438,0.8384243845939636,0.7315565347671509,0.3292205333709717,-0.4836835265159607,0.414732426404953,0.48096662759780884,0.12546145915985107,0.3547656238079071,-0.2845709025859833,-0.714122474193573,0.4250352382659912,0.455148309469223,0.16725510358810425,0.5296553373336792,-0.8358010649681091,0.1445746123790741,0.6209224462509155,0.2659341096878052,-0.7373834252357483,0.038161516189575195,0.029755111783742905,0.19936347007751465,-0.0472412109375,-0.7380173206329346,0.6731261014938354,-0.7325427532196045,0.48372578620910645,0.478947252035141,0.3569343090057373,0.06475958228111267,-0.03100033476948738,-0.6428786516189575,0.7659680843353271,9.797157645152765e-07,-0.7659680843353271,-0.6428786516189575,1.952927277670824e-06,0.3395194709300995,-0.09150758385658264,-0.03100021928548813,0.3743491470813751,0.22102674841880798,-0.031000450253486633
148,0.8841041326522827,-1.1893552541732788,-0.7431214451789856,0.22340849041938782,-1.0523927211761475,0.6875975131988525,0.3361687660217285,0.7310344576835632,-0.4010508060455322,-0.3839309513568878,0.38742342591285706,-0.37914755940437317,0.3924373686313629,0.34240803122520447,0.15751905739307404,-0.042359739542007446,0.8668275475502014,0.9081644415855408,-0.3851932883262634,1.0250588655471802,1.1782195568084717,2.4376394748687744,0.8143667578697205,0.7315821647644043,0.3151794970035553,-0.46022412180900574,0.39394062757492065,0.443023681640625,0.02875584177672863,0.3850404620170593,-0.32708507776260376,-0.7521695494651794,0.4160487651824951,0.45164889097213745,0.16326385736465454,0.5110227465629578,-0.8495205044746399,0.13103726506233215,0.6159074306488037,0.25554531812667847,-0.7452211976051331,0.032965898513793945,0.03299444168806076,0.22016072273254395,-0.03525412082672119,-0.7901439070701599,0.6119067072868347,-0.7503592371940613,0.4253436326980591,0.5060076713562012,0.3621366024017334,0.0830380916595459,-0.031000033020973206,-0.6590287685394287,0.7521176934242249,1.7939125029897696e-07,-0.7521176934242249,-0.6590287685394287,9.875442685824964e-08,0.34805020689964294,-0.07356418669223785,-0.031000040471553802,0.37622296810150146,0.23964037001132965,-0.03100002557039261
149,0.8591111302375793,-1.2151826620101929,-0.7146041393280029,0.19526462256908417,-1.0236353874206543,0.7156039476394653,0.34583932161331177,0.7310306429862976,-0.3545636534690857,-0.3599358797073364,0.397347629070282,-0.44264844059944153,0.4019787609577179,0.3987663686275482,0.134957954287529,-0.044106654822826385,0.87514328956604,0.8830099105834961,-0.3648393750190735,1.0488370656967163,1.1699002981185913,2.466233968734741,0.7878459095954895,0.7314943075180054,0.13006633520126343,-0.4347156882286072,0.29691198468208313,0.3774052560329437,-0.10807070136070251,0.4086502492427826,-0.3599400520324707,-0.6355567574501038,0.4046475887298584,0.44907671213150024,0.1551773101091385,0.4967084527015686,-0.8593804836273193,0.1214328408241272,0.6049624681472778,0.24249035120010376,-0.7584317922592163,0.029436826705932617,0.031799718737602234,0.240651935338974,-0.02049887180328369,-0.8340701460838318,0.5512775778770447,-0.7632414698600769,0.3692131042480469,0.5302304029464722,0.3658735752105713,0.09765863418579102,-0.031000345945358276,-0.6687232255935669,0.743511438369751,1.130918008129811e-06,-0.743511438369751,-0.6687232255935669,2.4047430997597985e-06,0.35381844639778137,-0.05911308526992798,-0.03100019320845604,0.3779287338256836,0.25443035364151,-0.031000498682260513
150,0.8356384634971619,-1.2417597770690918,-0.6854084730148315,0.16602127254009247,-0.994583785533905,0.7442589402198792,0.35773974657058716,0.7310364842414856,-0.3388351500034332,-0.37927716970443726,0.40783435106277466,-0.445380836725235,0.4065699577331543,0.406000018119812,0.16632001101970673,-0.052793316543102264,0.8743904232978821,0.8571645617485046,-0.3468819558620453,1.072792410850525,1.158144474029541,2.495344638824463,0.7606322765350342,0.7314543128013611,0.001341699156910181,-0.47146302461624146,0.2603360116481781,0.40000689029693604,-0.1522129476070404,0.4179951250553131,-0.3703690469264984,-0.5822690725326538,0.3927490711212158,0.44690433144569397,0.1462523192167282,0.48176372051239014,-0.8690690398216248,0.11235116422176361,0.5929313898086548,0.22888076305389404,-0.7720401287078857,0.029227495193481445,0.02826079912483692,0.26073935627937317,-0.010481119155883789,-0.8721899390220642,0.48905515670776367,-0.7727288603782654,0.3174775242805481,0.549634575843811,0.36881375312805176,0.11042305082082748,-0.03100038692355156,-0.6749401092529297,0.7378725409507751,6.0193622175575e-07,-0.7378725409507751,-0.6749401092529297,3.0980897918198025e-06,0.3580748438835144,-0.04644433408975601,-0.031000100076198578,0.3795526623725891,0.2672904431819916,-0.03100067377090454
151,0.8116039037704468,-1.2695262432098389,-0.6558574438095093,0.13675804436206818,-0.9654313325881958,0.77279132604599,0.37316563725471497,0.7310466766357422,-0.35127928853034973,-0.39700737595558167,0.4114731252193451,-0.4436999261379242,0.4076766073703766,0.40489017963409424,0.2157542109489441,-0.06370685249567032,0.8651466369628906,0.8291869759559631,-0.3292877972126007,1.100296139717102,1.146127700805664,2.5246806144714355,0.7330371737480164,0.7313995361328125,-0.14476419985294342,-0.5166901350021362,0.23282656073570251,0.4449286460876465,-0.15565459430217743,0.4226852059364319,-0.3788018524646759,-0.5080402493476868,0.3811957836151123,0.4441608190536499,0.13731515407562256,0.46271979808807373,-0.8805400133132935,0.10266345739364624,0.5815247297286987,0.21408110857009888,-0.7848556041717529,0.03221011161804199,0.02351297065615654,0.28099384903907776,-0.007338166236877441,-0.9067335724830627,0.42164015769958496,-0.7815185189247131,0.268250048160553,0.5632679462432861,0.37107014656066895,0.12063738703727722,-0.031000033020973206,-0.6803672313690186,0.7328714728355408,-2.2509951236315828e-07,-0.7328714728355408,-0.6803672313690186,3.41274329684893e-07,0.3614892065525055,-0.03630499541759491,-0.03099996969103813,0.3806510865688324,0.27757978439331055,-0.03100009635090828
152,0.7853884100914001,-1.29758620262146,-0.6262102723121643,0.10827776789665222,-0.936681866645813,0.7999778389930725,0.3922988772392273,0.7310621738433838,-0.38742005825042725,-0.40176451206207275,0.4124540686607361,-0.42751410603523254,0.40162283182144165,0.38620439171791077,0.2677413523197174,-0.07920987904071808,0.8465445041656494,0.7997300624847412,-0.3111555278301239,1.130037546157837,1.1391340494155884,2.554213047027588,0.7049040794372559,0.7313199043273926,-0.30985531210899353,-0.5337752103805542,0.22201092541217804,0.46895095705986023,-0.08684428781270981,0.4257481098175049,-0.3874192237854004,-0.4058220684528351,0.37064290046691895,0.44023212790489197,0.12875370681285858,0.4375467896461487,-0.894428014755249,0.09247396141290665,0.571783721446991,0.19738256931304932,-0.7963061332702637,0.03872179985046387,0.018608367070555687,0.3016102910041809,-0.01557624340057373,-0.937372624874115,0.3479797840118408,-0.7883736491203308,0.22557294368743896,0.5723493695259094,0.3717367649078369,0.12383711338043213,-0.03100002557039261,-0.6826926469802856,0.7307057976722717,3.362095526426856e-07,-0.7307057976722717,-0.6826926469802856,4.30774804272005e-07,0.36265459656715393,-0.03313492238521576,-0.031000014394521713,0.3808189332485199,0.2808091640472412,-0.031000036746263504
153,0.7586742043495178,-1.3250269889831543,-0.596602737903595,0.08090744912624359,-0.9086893200874329,0.8254639506340027,0.41243472695350647,0.7310718297958374,-0.3919011950492859,-0.39041587710380554,0.4123930037021637,-0.4128541052341461,0.3911500573158264,0.3623485565185547,0.2817913889884949,-0.08892460912466049,0.8231039047241211,0.7699610590934753,-0.295428603887558,1.160098910331726,1.137210488319397,2.5837695598602295,0.6768942475318909,0.7312188744544983,-0.3795913755893707,-0.5389636754989624,0.18787501752376556,0.472561240196228,-0.01694299839437008,0.42655491828918457,-0.38686707615852356,-0.27046194672584534,0.3610379695892334,0.4356864094734192,0.12052148580551147,0.40932613611221313,-0.9085413813591003,0.08369356393814087,0.5632837414741516,0.1794799566268921,-0.8065347671508789,0.04740452766418457,0.01339053362607956,0.32193005084991455,-0.032887816429138184,-0.9618375301361084,0.2716377079486847,-0.7946327924728394,0.19000840187072754,0.5765895843505859,0.3717367649078369,0.12383745610713959,-0.031000051647424698,-0.6826926469802856,0.7307056784629822,-9.382715688843746e-07,-0.7307056784629822,-0.6826926469802856,7.238049448687889e-08,0.36265459656715393,-0.03313456475734711,-0.030999939888715744,0.3808189034461975,0.2808094620704651,-0.03100016340613365
154,0.7326763272285461,-1.3465718030929565,-0.5671810507774353,0.05419043079018593,-0.8833150267601013,0.8491174578666687,0.4304656684398651,0.7310878038406372,-0.3773147165775299,-0.2913232743740082,0.40857648849487305,-0.4156527519226074,0.35390210151672363,0.33956241607666016,0.2523258328437805,-0.10822254419326782,0.7967969179153442,0.7405056357383728,-0.28383904695510864,1.1902577877044678,1.1448544263839722,2.6132683753967285,0.6522728800773621,0.731117308139801,-0.4409771263599396,-0.5384079217910767,0.11952055990695953,0.4757949113845825,0.11643378436565399,0.4266622066497803,-0.3414762020111084,-0.13850168883800507,0.35178399085998535,0.4302433133125305,0.11080366373062134,0.3821835517883301,-0.9205019474029541,0.08131419867277145,0.5531871318817139,0.15741407871246338,-0.818049430847168,0.058176279067993164,0.008761191740632057,0.34205400943756104,-0.06032252311706543,-0.979033350944519,0.19456370174884796,-0.8002997636795044,0.16392886638641357,0.5767562985420227,0.3717367649078369,0.12383759021759033,-0.031000006943941116,-0.6826926469802856,0.7307056188583374,-7.075237249409838e-07,-0.7307056188583374,-0.6826926469802856,4.749460345010448e-07,0.3626546263694763,-0.03313443064689636,-0.03099987655878067,0.3808189034461975,0.280809611082077,-0.031000137329101562
155,0.7069865465164185,-1.3608675003051758,-0.5379432439804077,0.02837044559419155,-0.8617615699768066,0.8697503209114075,0.44829073548316956,0.7311087250709534,-0.374250590801239,-0.18396691977977753,0.4062086045742035,-0.4019748270511627,0.3004877269268036,0.2976381778717041,0.24949786067008972,-0.1329430490732193,0.7682361602783203,0.7110888361930847,-0.2727248966693878,1.2205251455307007,1.1596283912658691,2.6426663398742676,0.6357789635658264,0.731109082698822,-0.4595349133014679,-0.5397606492042542,0.1225271001458168,0.4777810275554657,0.21577566862106323,0.42630162835121155,-0.22878144681453705,-0.1290760338306427,0.34308457374572754,0.4235897958278656,0.09979704022407532,0.3548843264579773,-0.9310256838798523,0.08513709902763367,0.5417839884757996,0.13058751821517944,-0.8303114175796509,0.06956362724304199,0.003931229002773762,0.36259347200393677,-0.08905744552612305,-0.9888050556182861,0.11972153186798096,-0.8058866262435913,0.14217138290405273,0.5747470259666443,0.3717367649078369,0.1238374337553978,-0.0310000479221344,-0.6826926469802856,0.7307056188583374,-7.559411301372165e-07,-0.7307056188583374,-0.6826926469802856,4.134216169404681e-07,0.3626546263694763,-0.0331345871090889,-0.030999917536973953,0.3808189034461975,0.2808094620704651,-0.031000178307294846
156,0.681255042552948,-1.373453140258789,-0.5086995959281921,0.004202275536954403,-0.8435091376304626,0.8867955803871155,0.46828919649124146,0.7311217188835144,-0.3781859278678894,-0.17102356255054474,0.4080975651741028,-0.3656039834022522,0.25515830516815186,0.24440057575702667,0.280020534992218,-0.1477782279253006,0.7382627725601196,0.6817420125007629,-0.2562805414199829,1.2508636713027954,1.1780229806900024,2.6719765663146973,0.6312890648841858,0.7311468720436096,-0.4529809057712555,-0.5371359586715698,0.21400661766529083,0.4780671298503876,0.2673806846141815,0.42500802874565125,-0.05946483463048935,-0.1751820147037506,0.3358590602874756,0.41627153754234314,0.08992494642734528,0.3247881531715393,-0.9413894414901733,0.09109646081924438,0.5330387353897095,0.10263335704803467,-0.8398428559303284,0.07958054542541504,-0.0019335085526108742,0.38398605585098267,-0.10817933082580566,-0.9928779602050781,0.04990566521883011,-0.8114765882492065,0.11719125509262085,0.5725137591362,0.3717367649078369,0.1238374412059784,-0.0310000479221344,-0.6826926469802856,0.7307056784629822,-1.073477051249938e-06,-0.7307056784629822,-0.6826926469802856,2.2254334908211604e-07,0.36265459656715393,-0.0331345796585083,-0.030999906361103058,0.3808189034461975,0.2808094620704651,-0.03100018948316574
157,0.6549630761146545,-1.3884176015853882,-0.48267486691474915,-0.0016483926447108388,-0.8271619081497192,0.9002047777175903,0.4906800091266632,0.731067955493927,-0.41113850474357605,-0.2771865725517273,0.35625502467155457,0.06103697419166565,0.28399568796157837,0.20959419012069702,0.1937810480594635,-0.10181748867034912,0.7082559466362,0.6526222229003906,-0.23396475613117218,1.2812107801437378,1.1981831789016724,2.7011189460754395,0.6377138495445251,0.7312450408935547,-0.4421984553337097,-0.5347687005996704,0.3038507401943207,0.4783972501754761,0.2930600345134735,0.4221940040588379,0.09501186013221741,-0.3056337833404541,0.33577418327331543,0.4072383642196655,0.090850830078125,0.28204184770584106,-0.9552448391914368,0.08921737223863602,0.5386755466461182,0.08072066307067871,-0.8386375308036804,0.08743500709533691,-0.009106306359171867,0.40588510036468506,-0.1151202917098999,-0.9932491779327393,-0.014261962845921516,-0.8174906969070435,0.08657348155975342,0.5693978667259216,0.3717367649078369,0.12383759021759033,-0.031000006943941116,-0.6826926469802856,0.7307057976722717,-7.062272970870254e-07,-0.7307057976722717,-0.6826926469802856,5.337060997590015e-07,0.36265459656715393,-0.033134445548057556,-0.030999869108200073,0.3808189332485199,0.2808096408843994,-0.03100014477968216
158,0.6276093125343323,-1.4100990295410156,-0.457256555557251,0.0002900182153098285,-0.8116539120674133,0.9077558517456055,0.515616774559021,0.7310592532157898,-0.3998551070690155,-0.32214799523353577,0.3201209306716919,0.051016926765441895,0.2616182863712311,0.13969138264656067,0.22291727364063263,-0.08877094835042953,0.6787540912628174,0.6241858601570129,-0.20720073580741882,1.3115900754928589,1.2192360162734985,2.72983455657959,0.6531619429588318,0.7313286662101746,-0.4292895793914795,-0.5227499604225159,0.37070783972740173,0.47795745730400085,0.30599719285964966,0.4152781367301941,0.2224234789609909,-0.4173394739627838,0.34003424644470215,0.3988410532474518,0.09930984675884247,0.23257863521575928,-0.9693511724472046,0.07915482670068741,0.5568673014640808,0.06600004434585571,-0.8279750347137451,0.09319233894348145,-0.017552362754940987,0.42763960361480713,-0.11109960079193115,-0.9911676645278931,-0.07241210341453552,-0.824084997177124,0.05115586519241333,0.5641516447067261,0.3717367649078369,0.1238374263048172,-0.0310000479221344,-0.6826926469802856,0.7307056188583374,-7.628749472132768e-07,-0.7307056188583374,-0.6826926469802856,4.913566726827412e-07,0.3626546263694763,-0.033134594559669495,-0.030999910086393356,0.3808189034461975,0.2808094620704651,-0.031000185757875443
159,0.5994694232940674,-1.4319113492965698,-0.4314103126525879,0.0033871233463287354,-0.7995954155921936,0.9104939699172974,0.5408909320831299,0.7310816645622253,-0.4179164469242096,-0.32405227422714233,0.34171441197395325,0.05131029337644577,0.1930631697177887,0.05508808791637421,0.26448342204093933,-0.12244859337806702,0.6503408551216125,0.597112774848938,-0.17867809534072876,1.3419952392578125,1.241953730583191,2.758028030395508,0.6738677620887756,0.7313493490219116,-0.41561684012413025,-0.4997275173664093,0.3960453271865845,0.4770549237728119,0.32945874333381653,0.4068954586982727,0.29656633734703064,-0.4447809159755707,0.34563279151916504,0.39030665159225464,0.10995236039161682,0.18289345502853394,-0.9807080626487732,0.06900535523891449,0.5799252390861511,0.05094069242477417,-0.8130754828453064,0.09740519523620605,-0.02691115438938141,0.44869738817214966,-0.10053324699401855,-0.9868995547294617,-0.12618456780910492,-0.8310072422027588,0.01355046033859253,0.556096613407135,0.3717367649078369,0.1238374337553978,-0.0310000479221344,-0.6826926469802856,0.7307056784629822,-1.0773981102829566e-06,-0.7307056784629822,-0.6826926469802856,3.2317865361619624e-07,0.36265459656715393,-0.0331345871090889,-0.030999895185232162,0.3808189034461975,0.2808094620704651,-0.031000200659036636
160,0.5708749294281006,-1.4533456563949585,-0.4070434868335724,0.008723470382392406,-0.7907771468162537,0.9083837866783142,0.5660805106163025,0.7310710549354553,-0.43009090423583984,-0.3242436349391937,0.241822749376297,0.12385088205337524,0.107295460999012,-0.052636079490184784,0.2589975893497467,-0.10641162842512131,0.623096764087677,0.5712081789970398,-0.14964018762111664,1.3723655939102173,1.265799880027771,2.7854526042938232,0.6964660286903381,0.7313657402992249,-0.3977435529232025,-0.4837155342102051,0.4054679274559021,0.47672101855278015,0.34535840153694153,0.3955060541629791,0.3233643174171448,-0.46637097001075745,0.35244107246398926,0.381656676530838,0.12307240068912506,0.1334618330001831,-0.9894359707832336,0.05660808086395264,0.607024610042572,0.036461710929870605,-0.7938461303710938,0.1002657413482666,-0.037083737552165985,0.46876633167266846,-0.0859459638595581,-0.980383574962616,-0.17737334966659546,-0.8383651375770569,-0.02502262592315674,0.5445343852043152,0.3717367649078369,0.1238374412059784,-0.0310000479221344,-0.6826926469802856,0.730705738067627,-1.0141197890334297e-06,-0.730705738067627,-0.6826926469802856,4.4778468577533204e-07,0.36265459656715393,-0.0331345796585083,-0.030999887734651566,0.3808189332485199,0.2808094620704651,-0.031000208109617233
161,0.5418722033500671,-1.4737942218780518,-0.3791918158531189,0.01240441296249628,-0.78465336561203,0.902187168598175,0.5906704068183899,0.7311279773712158,-0.43341416120529175,-0.30312469601631165,0.4349484443664551,0.029625168070197105,0.0852016806602478,-0.09103336930274963,0.3444230258464813,-0.14450225234031677,0.5969719886779785,0.5455809831619263,-0.1205185279250145,1.4026628732681274,1.2904058694839478,2.8119423389434814,0.7194688320159912,0.7313830256462097,-0.38126876950263977,-0.4854293763637543,0.4086706042289734,0.47759950160980225,0.35626477003097534,0.3822237551212311,0.32931041717529297,-0.4891531467437744,0.3593132495880127,0.3728160262107849,0.1368764191865921,0.08703356981277466,-0.9950471520423889,0.048023831099271774,0.636300802230835,0.018433868885040283,-0.771220862865448,0.1017463207244873,-0.048033639788627625,0.48787498474121094,-0.06825625896453857,-0.97148197889328,-0.22707682847976685,-0.8463823199272156,-0.06411349773406982,0.5287026166915894,0.3717367649078369,0.12383753061294556,-0.031000040471553802,-0.6826927661895752,0.7307055592536926,-1.2919732625960023e-06,-0.7307055592536926,-0.6826927661895752,3.125722400909581e-07,0.3626546263694763,-0.03313449025154114,-0.030999865382909775,0.3808189034461975,0.28080955147743225,-0.03100021556019783
162,0.5129032731056213,-1.4938634634017944,-0.35191839933395386,0.016850046813488007,-0.77702796459198,0.8948137760162354,0.6142174601554871,0.7311179637908936,-0.4382686913013458,-0.31660306453704834,0.4302995800971985,0.07313376665115356,0.10572675615549088,-0.11346801370382309,0.3272750973701477,-0.13269537687301636,0.5727819204330444,0.5194694399833679,-0.09164461493492126,1.4329267740249634,1.3149396181106567,2.8366200923919678,0.7423353791236877,0.7314081788063049,-0.34387508034706116,-0.4971897304058075,0.41114541888237,0.4788801968097687,0.35554835200309753,0.35609349608421326,0.3277423679828644,-0.5220364332199097,0.36556458473205566,0.3641376793384552,0.15126784145832062,0.04197525978088379,-0.9984569549560547,0.03635752573609352,0.6643580794334412,0.0007135868072509766,-0.7474141120910645,0.10146069526672363,-0.05943286418914795,0.5058239698410034,-0.04696154594421387,-0.9603215456008911,-0.27491310238838196,-0.8554369211196899,-0.10344231128692627,0.50747150182724,0.3717367649078369,0.1238374337553978,-0.0310000479221344,-0.6826926469802856,0.7307056188583374,-7.710527825111058e-07,-0.7307056188583374,-0.6826926469802856,4.7347276677101036e-07,0.3626546263694763,-0.0331345871090889,-0.030999910086393356,0.3808189034461975,0.2808094620704651,-0.031000185757875443
163,0.48387107253074646,-1.5147558450698853,-0.3254242539405823,0.023570289835333824,-0.7676583528518677,0.886125385761261,0.6369238495826721,0.7311052680015564,-0.4400113821029663,-0.3354202210903168,0.42824652791023254,0.11373352259397507,0.1306007355451584,-0.1338234841823578,0.3181130588054657,-0.11597318947315216,0.5518906116485596,0.4930463433265686,-0.06304702162742615,1.4632291793823242,1.339152216911316,2.858731269836426,0.7642584443092346,0.731439471244812,-0.2800196409225464,-0.5010279417037964,0.41576138138771057,0.47929146885871887,0.35133546590805054,0.3186084032058716,0.3149721622467041,-0.5634018182754517,0.37157654762268066,0.3555870056152344,0.16754049062728882,-0.00206911563873291,-0.9997989535331726,0.019944822415709496,0.6928521394729614,-0.015815138816833496,-0.7209062576293945,0.09910035133361816,-0.0707077905535698,0.5223868489265442,-0.021573305130004883,-0.9469507336616516,-0.3206537961959839,-0.8650628924369812,-0.14310574531555176,0.4808189272880554,0.3717367649078369,0.1238374263048172,-0.0310000479221344,-0.6826926469802856,0.7307056188583374,-7.091959446370311e-07,-0.7307056188583374,-0.6826926469802856,5.521791877072246e-07,0.3626546263694763,-0.033134594559669495,-0.030999906361103058,0.3808189034461975,0.2808094620704651,-0.03100018948316574
164,0.45490673184394836,-1.5371053218841553,-0.29831045866012573,0.03031892143189907,-0.7550170421600342,0.8768319487571716,0.6590045690536499,0.731083333492279,-0.43480542302131653,-0.3487898111343384,0.3996933400630951,0.13013720512390137,0.1764562875032425,-0.13801173865795135,0.3093036711215973,-0.09139476716518402,0.535208523273468,0.46615126729011536,-0.03478710353374481,1.4935061931610107,1.3626389503479004,2.8769476413726807,0.7852083444595337,0.731469452381134,-0.20452314615249634,-0.5108866095542908,0.4185000956058502,0.48005226254463196,0.34156396985054016,0.26256099343299866,0.30177345871925354,-0.6044291257858276,0.3766329288482666,0.3475782573223114,0.18447107076644897,-0.04407835006713867,-0.9990280270576477,-0.0004758239956572652,0.7203716039657593,-0.031453728675842285,-0.6928748488426208,0.09444689750671387,-0.08118987083435059,0.537372350692749,0.007931709289550781,-0.9316335916519165,-0.3633125126361847,-0.8749549388885498,-0.18237090110778809,0.44854745268821716,0.3717367649078369,0.1238374263048172,-0.0310000479221344,-0.6826928853988647,0.7307056188583374,-1.0912921197814285e-06,-0.7307056188583374,-0.6826928853988647,1.1939174271446973e-07,0.3626546263694763,-0.03313462436199188,-0.030999917536973953,0.3808189034461975,0.2808094620704651,-0.031000178307294846
165,0.4259175956249237,-1.560787320137024,-0.2714574337005615,0.03797685354948044,-0.7394310832023621,0.8662380576133728,0.6802783608436584,0.7310634851455688,-0.43522098660469055,-0.37164008617401123,0.38846608996391296,0.15750771760940552,0.21763205528259277,-0.1572195589542389,0.297970175743103,-0.06823817640542984,0.5226191282272339,0.4380861520767212,-0.0069537959061563015,1.5237191915512085,1.3855565786361694,2.8910129070281982,0.8042812347412109,0.7314960956573486,-0.13657459616661072,-0.5358167886734009,0.4177421033382416,0.48199307918548584,0.3341667652130127,0.20358645915985107,0.2758830785751343,-0.642142117023468,0.38096165657043457,0.3401274085044861,0.20264026522636414,-0.08351290225982666,-0.9961742162704468,-0.025736600160598755,0.7476257085800171,-0.04555869102478027,-0.6625558137893677,0.08752655982971191,-0.09072930365800858,0.551025927066803,0.04050642251968384,-0.9139944314956665,-0.4036996066570282,-0.8847055435180664,-0.2205888032913208,0.4106537997722626,0.3717367649078369,0.12383753061294556,-0.031000040471553802,-0.6826927661895752,0.7307056784629822,-1.2264594033695175e-06,-0.7307056784629822,-0.6826927661895752,6.19413299318694e-07,0.3626546263694763,-0.03313450515270233,-0.030999835580587387,0.3808189034461975,0.28080958127975464,-0.031000245362520218
166,0.39700162410736084,-1.5851995944976807,-0.24537308514118195,0.046875499188899994,-0.722066342830658,0.8546609878540039,0.7008448243141174,0.7310497760772705,-0.43379536271095276,-0.3823937475681305,0.3779348134994507,0.17547035217285156,0.24250313639640808,-0.1711585521697998,0.28803545236587524,-0.05199300870299339,0.5134801864624023,0.40929365158081055,0.02026231586933136,1.5540121793746948,1.4079463481903076,2.9009878635406494,0.8214119076728821,0.7315076589584351,-0.0815533921122551,-0.5447193384170532,0.41189882159233093,0.4822594225406647,0.32671284675598145,0.1450643390417099,0.24880313873291016,-0.6531709432601929,0.3845179080963135,0.3329647481441498,0.2220349907875061,-0.12001287937164307,-0.9912545680999756,-0.054874688386917114,0.774430513381958,-0.058890461921691895,-0.6299121379852295,0.0787498950958252,-0.09924469888210297,0.56339430809021,0.074962317943573,-0.894088089466095,-0.4415735602378845,-0.8936807513237,-0.2566906213760376,0.36802828311920166,0.3717367649078369,0.12383759021759033,-0.031000006943941116,-0.6826927661895752,0.7307056784629822,-7.21257094937755e-07,-0.7307056784629822,-0.6826927661895752,5.421902642410714e-07,0.3626546263694763,-0.033134445548057556,-0.030999865382909775,0.3808189034461975,0.2808096408843994,-0.031000148504972458
167,0.3681935667991638,-1.6079680919647217,-0.22177515923976898,0.05586566403508186,-0.7055540680885315,0.8426247835159302,0.7193158268928528,0.7310462594032288,-0.43109971284866333,-0.35209372639656067,0.34121420979499817,0.16805483400821686,0.23029431700706482,-0.17565588653087616,0.25867795944213867,-0.048179443925619125,0.506866991519928,0.3804411292076111,0.04604826867580414,1.5843225717544556,1.4302756786346436,2.9090585708618164,0.8346602320671082,0.7315095067024231,-0.050767965614795685,-0.54515141248703,0.3908371031284332,0.48193812370300293,0.3257114589214325,0.11817658692598343,0.19443251192569733,-0.6435658931732178,0.3871142864227295,0.32570311427116394,0.24097588658332825,-0.15262293815612793,-0.9847248792648315,-0.08380405604839325,0.7986795902252197,-0.07295346260070801,-0.5973179340362549,0.06888461112976074,-0.10739393532276154,0.5747373104095459,0.1096353530883789,-0.870995044708252,-0.47890251874923706,-0.9008395671844482,-0.2906947135925293,0.3224662244319916,0.3717367649078369,0.1238374263048172,-0.0310000479221344,-0.6826926469802856,0.7307056188583374,-7.741323315713089e-07,-0.7307056188583374,-0.6826926469802856,4.869139047514182e-07,0.3626546263694763,-0.033134594559669495,-0.030999910086393356,0.3808189034461975,0.2808094620704651,-0.031000185757875443
168,0.3396620750427246,-1.6243813037872314,-0.2037626951932907,0.05989738181233406,-0.689751923084259,0.8290287852287292,0.7346343398094177,0.7310463786125183,-0.421495646238327,-0.23581786453723907,0.2565893530845642,0.05886365473270416,0.22018498182296753,-0.1899842768907547,0.21450024843215942,-0.049725182354450226,0.5005484819412231,0.35159891843795776,0.06837998330593109,1.614596962928772,1.452414631843567,2.918623685836792,0.8458170294761658,0.73148512840271,-0.08136582374572754,-0.5466707348823547,0.33185163140296936,0.48197561502456665,0.32237565517425537,0.1405070722103119,0.16491027176380157,-0.6150226593017578,0.38861536979675293,0.3193756341934204,0.25435301661491394,-0.18011808395385742,-0.9775096774101257,-0.10969221591949463,0.8153945803642273,-0.08600485324859619,-0.5724813938140869,0.05904221534729004,-0.1164497584104538,0.5852414965629578,0.14414292573928833,-0.8454448580741882,-0.5142430067062378,-0.9060371518135071,-0.3217124938964844,0.2749503552913666,0.3717367649078369,0.1238374337553978,-0.0310000479221344,-0.6826926469802856,0.7307056784629822,-1.0953668834190466e-06,-0.7307056784629822,-0.6826926469802856,3.229730509701767e-07,0.36265459656715393,-0.0331345871090889,-0.030999891459941864,0.3808189034461975,0.2808094620704651,-0.031000204384326935
169,0.31170061230659485,-1.6312716007232666,-0.19320441782474518,0.05746884271502495,-0.6742943525314331,0.8151674270629883,0.7468035221099854,0.7310080528259277,-0.40984997153282166,-0.06055488437414169,-0.003906935453414917,0.010818757116794586,0.20880906283855438,-0.19261230528354645,0.09489703178405762,-0.0120093934237957,0.4927516579627991,0.32279694080352783,0.08553595095872879,1.6448525190353394,1.4743176698684692,2.930410623550415,0.8567214012145996,0.7314439415931702,-0.1317138969898224,-0.5450369715690613,0.25080859661102295,0.48176950216293335,0.31811895966529846,0.17249584197998047,0.1605052947998047,-0.567240297794342,0.389326810836792,0.3141097128391266,0.25928017497062683,-0.2043226957321167,-0.9700514078140259,-0.1313483566045761,0.8219679594039917,-0.0971449613571167,-0.5611875653266907,0.049927473068237305,-0.12662112712860107,0.5947719812393188,0.177168607711792,-0.8191010355949402,-0.545604944229126,-0.9102371335029602,-0.3471953868865967,0.22566276788711548,0.3717367649078369,0.1238374188542366,-0.0310000479221344,-0.6826926469802856,0.7307056784629822,-1.1452154922153568e-06,-0.7307056784629822,-0.6826926469802856,1.31909445144629e-07,0.36265459656715393,-0.03313460201025009,-0.030999910086393356,0.3808189034461975,0.2808094322681427,-0.031000185757875443
170,0.28431129455566406,-1.6309453248977661,-0.19106656312942505,0.0574772022664547,-0.659004271030426,0.8011717200279236,0.7569808959960938,0.7309991717338562,-0.4064786434173584,0.01660364493727684,-0.021832533180713654,0.027902085334062576,0.22414430975914001,-0.1892423778772354,0.04783540964126587,-0.055913735181093216,0.48244303464889526,0.2938912510871887,0.09718161821365356,1.675065517425537,1.496058702468872,2.94419002532959,0.8672184944152832,0.7313956022262573,-0.19555658102035522,-0.5475608706474304,0.1662510335445404,0.48214125633239746,0.31531596183776855,0.20097073912620544,0.1542145162820816,-0.5014607906341553,0.3900735378265381,0.3088935613632202,0.26216259598731995,-0.22722434997558594,-0.9612420797348022,-0.1561497151851654,0.8245809078216553,-0.10460138320922852,-0.5559900403022766,0.04169487953186035,-0.137739360332489,0.6032540798187256,0.20770537853240967,-0.7927977442741394,-0.5730011463165283,-0.914203941822052,-0.3657104969024658,0.17460568249225616,0.3717367649078369,0.12383753061294556,-0.031000040471553802,-0.6826927661895752,0.7307056784629822,-1.2185029163447325e-06,-0.7307056784629822,-0.6826927661895752,6.208804279594915e-07,0.3626546263694763,-0.03313450515270233,-0.030999839305877686,0.3808189034461975,0.28080958127975464,-0.03100024163722992
171,0.2571644186973572,-1.6272199153900146,-0.19100157916545868,0.05761006101965904,-0.6441891193389893,0.7854052186012268,0.7668353915214539,0.7309898138046265,-0.397482693195343,0.06640616059303284,-0.019004173576831818,0.02387169376015663,0.23443785309791565,-0.18532387912273407,0.054712869226932526,-0.053444407880306244,0.46974581480026245,0.2648915946483612,0.10442008823156357,1.7052644491195679,1.5177686214447021,2.9581782817840576,0.8769172430038452,0.7313580513000488,-0.23716796934604645,-0.5482859015464783,0.10318037122488022,0.4820619225502014,0.3142718970775604,0.2036830633878708,0.1420409381389618,-0.4568313658237457,0.3910343647003174,0.30389484763145447,0.26430705189704895,-0.2488710880279541,-0.9514509439468384,-0.18111944198608398,0.8262604475021362,-0.11099910736083984,-0.5522435307502747,0.03394484519958496,-0.14903923869132996,0.6106472015380859,0.23548972606658936,-0.7670150399208069,-0.5968523025512695,-0.9182623028755188,-0.37675416469573975,0.12186378240585327,0.3717367649078369,0.12383759021759033,-0.031000006943941116,-0.6826927661895752,0.7307056784629822,-7.122359306777071e-07,-0.7307056784629822,-0.6826927661895752,4.6869189418430324e-07,0.3626546263694763,-0.033134445548057556,-0.03099987655878067,0.3808189034461975,0.2808096408843994,-0.031000137329101562
172,0.2297227531671524,-1.621898889541626,-0.1925431191921234,0.05759969726204872,-0.6306493282318115,0.7663301825523376,0.7769309282302856,0.7309946417808533,-0.4006394147872925,0.0834251195192337,-0.024560239166021347,0.0069786738604307175,0.21352875232696533,-0.23126620054244995,0.09228768944740295,-0.03864347189664841,0.4558066129684448,0.23580828309059143,0.11005466431379318,1.735443115234375,1.5399250984191895,2.970935344696045,0.8856559991836548,0.7313534021377563,-0.23942722380161285,-0.5513795614242554,0.08585742115974426,0.4823669195175171,0.3206275403499603,0.18562929332256317,0.12829895317554474,-0.45252975821495056,0.3924400806427002,0.2989843785762787,0.2668289244174957,-0.2690396308898926,-0.9406249523162842,-0.20698414742946625,0.8288185596466064,-0.11664414405822754,-0.5472238063812256,0.0259401798248291,-0.1599504053592682,0.6171157956123352,0.26221662759780884,-0.7410319447517395,-0.6181538105010986,-0.9214150905609131,-0.3826165199279785,0.06781592965126038,0.3717367649078369,0.12383753061294556,-0.03099999576807022,-0.6826928853988647,0.7307056188583374,-9.037265726874466e-07,-0.7307056188583374,-0.6826928853988647,1.5977540215317276e-06,0.3626546263694763,-0.033134520053863525,-0.030999716371297836,0.3808189034461975,0.28080958127975464,-0.031000275164842606
173,0.20223771035671234,-1.61571204662323,-0.19545316696166992,0.05681421235203743,-0.6176424026489258,0.7460336685180664,0.7868604063987732,0.7309985160827637,-0.4018682837486267,0.09392134100198746,-0.03272492066025734,0.0009007826447486877,0.20222246646881104,-0.2515377104282379,0.10717663168907166,-0.03130948171019554,0.44568800926208496,0.20690810680389404,0.10903221368789673,1.7654744386672974,1.5712465047836304,2.971801996231079,0.8911733627319336,0.7314510941505432,-0.29842525720596313,-0.5551989078521729,0.12012799084186554,0.4835280776023865,0.199456125497818,-0.21442964673042297,-3.879960060119629,-0.29369616508483887,0.3939511775970459,0.29404541850090027,0.2689202129840851,-0.2883329391479492,-0.9287233352661133,-0.23310327529907227,0.8312053680419922,-0.1219099760055542,-0.5424349308013916,0.01685023307800293,-0.16603028774261475,0.6237826943397522,0.2768937349319458,-0.7128563523292542,-0.6443334817886353,-0.9274859428405762,-0.37356817722320557,0.014721216633915901,0.3717367649078369,0.1238374263048172,-0.0310000479221344,-0.6826926469802856,0.7307056188583374,-7.86477642122918e-07,-0.7307056188583374,-0.6826926469802856,2.904774589751469e-07,0.3626546263694763,-0.033134594559669495,-0.03099992871284485,0.3808189034461975,0.2808094620704651,-0.03100016713142395
174,0.17347338795661926,-1.5980890989303589,-0.21213342249393463,0.05198829248547554,-0.6077526807785034,0.7185475826263428,0.7955326437950134,0.7310161590576172,-0.4193478226661682,0.28916478157043457,-0.24392272531986237,-0.10937710851430893,0.1356719583272934,-0.3729378581047058,0.1215101107954979,-0.01295558363199234,0.43875589966773987,0.1779530942440033,0.10355613380670547,1.795404076576233,1.6059255599975586,2.972233533859253,0.8909989595413208,0.7315512895584106,-0.28628483414649963,-0.5698626637458801,0.09224608540534973,0.4847639799118042,0.17333641648292542,-0.23701918125152588,-4.3499064445495605,-0.22253386676311493,0.3962819576263428,0.2896031439304352,0.26513466238975525,-0.30709707736968994,-0.9146513342857361,-0.26287737488746643,0.8283576369285583,-0.12091338634490967,-0.5469951629638672,0.007242918014526367,-0.17189477384090424,0.6302959322929382,0.2911490797996521,-0.6787671446800232,-0.6741717457771301,-0.9314478635787964,-0.3618966341018677,-0.037893690168857574,0.3717367649078369,0.12383753806352615,-0.03099999949336052,-0.6826927661895752,0.7307056784629822,-8.673440561324242e-07,-0.7307056784629822,-0.6826927661895752,1.2291420716792345e-06,0.3626546263694763,-0.033134497702121735,-0.030999764800071716,0.3808189034461975,0.28080958127975464,-0.031000234186649323
175,0.14495648443698883,-1.5778414011001587,-0.22980080544948578,0.045155152678489685,-0.5982062220573425,0.6909525394439697,0.8045939207077026,0.7310025095939636,-0.41674181818962097,0.309933602809906,-0.25670185685157776,-0.09277773648500443,0.13609153032302856,-0.36818474531173706,0.11787520349025726,0.016808118671178818,0.43094390630722046,0.14870336651802063,0.0949409231543541,1.8253635168075562,1.6417394876480103,2.9724221229553223,0.8910419344902039,0.7315468788146973,-0.34910792112350464,-0.5741073489189148,0.040899477899074554,0.48576706647872925,0.16012823581695557,-0.25246694684028625,-4.774115085601807,-0.23370765149593353,0.39838528633117676,0.285102903842926,0.25915011763572693,-0.327173113822937,-0.8988403081893921,-0.2916230261325836,0.8235023021697998,-0.1198432445526123,-0.554510235786438,-0.002480745315551758,-0.17780399322509766,0.6364032030105591,0.3059665560722351,-0.6436799168586731,-0.7014703750610352,-0.934107780456543,-0.34530937671661377,-0.09057692438364029,0.3717367649078369,0.12383753061294556,-0.031000040471553802,-0.6826927661895752,0.7307055592536926,-1.2147698953413055e-06,-0.7307055592536926,-0.6826927661895752,1.0010470532506588e-06,0.3626546263694763,-0.03313449025154114,-0.030999794602394104,0.3808189034461975,0.28080955147743225,-0.0310002863407135
176,0.11647189408540726,-1.5560420751571655,-0.24920643866062164,0.038813795894384384,-0.5895883440971375,0.6630820631980896,0.8130038380622864,0.731006383895874,-0.4163110852241516,0.33176836371421814,-0.2795390188694,-0.09515950828790665,0.12371157854795456,-0.37102919816970825,0.1078302189707756,0.014645732939243317,0.420722097158432,0.11943652480840683,0.08352702856063843,1.8552918434143066,1.6780437231063843,2.972360849380493,0.8913829922676086,0.7315341830253601,-0.38490086793899536,-0.5753894448280334,-0.017030879855155945,0.4859544634819031,0.16079974174499512,-0.25130927562713623,-4.909617900848389,-0.23251967132091522,0.40035510063171387,0.2800539433956146,0.25303345918655396,-0.34786248207092285,-0.8811339139938354,-0.32030442357063293,0.818509042263031,-0.11881768703460693,-0.5620724558830261,-0.012062311172485352,-0.18365542590618134,0.641995370388031,0.3208269476890564,-0.608731746673584,-0.7256140112876892,-0.9356294870376587,-0.3227577209472656,-0.14291676878929138,0.3717367649078369,0.12383759766817093,-0.031000006943941116,-0.6826926469802856,0.7307056188583374,-7.147376095417712e-07,-0.7307056188583374,-0.6826926469802856,4.816968726117921e-07,0.3626546263694763,-0.033134423196315765,-0.03099987283349037,0.3808189034461975,0.280809611082077,-0.03100014105439186
177,0.08782251924276352,-1.5325877666473389,-0.27064085006713867,0.03306742385029793,-0.5821006894111633,0.6352039575576782,0.8191622495651245,0.731010913848877,-0.42229580879211426,0.3450135588645935,-0.301268607378006,-0.08291768282651901,0.11115942150354385,-0.37758633494377136,0.07557230442762375,0.014735211618244648,0.4086916446685791,0.09019170701503754,0.0704369843006134,1.885182499885559,1.7146621942520142,2.9722671508789062,0.8917447328567505,0.7315377593040466,-0.39239758253097534,-0.5769824981689453,-0.06779677420854568,0.48598232865333557,0.16848045587539673,-0.2460479885339737,-4.958698272705078,-0.23266062140464783,0.40210747718811035,0.2742666006088257,0.24670341610908508,-0.3688161373138428,-0.8620592951774597,-0.34760385751724243,0.8132111430168152,-0.11813890933990479,-0.5698515176773071,-0.021741151809692383,-0.18949338793754578,0.6470373868942261,0.3371248245239258,-0.5735242366790771,-0.7466035485267639,-0.9350816607475281,-0.29613518714904785,-0.19474667310714722,0.3717367649078369,0.12383752316236496,-0.03099999576807022,-0.6826928853988647,0.7307056188583374,-9.987252269638702e-07,-0.7307056188583374,-0.6826928853988647,1.2496317367549636e-06,0.3626546263694763,-0.03313452750444412,-0.030999746173620224,0.3808189034461975,0.28080958127975464,-0.031000245362520218
178,0.05903968960046768,-1.508107304573059,-0.29342731833457947,0.026736071333289146,-0.575489342212677,0.6072251200675964,0.8231711387634277,0.7310246825218201,-0.422511488199234,0.35969293117523193,-0.32073190808296204,-0.11368683725595474,0.09741208702325821,-0.37275707721710205,0.04467511549592018,0.022820979356765747,0.39523085951805115,0.060912299901247025,0.05583677068352699,1.9150550365447998,1.7513152360916138,2.972259283065796,0.891713559627533,0.7315425276756287,-0.3952926993370056,-0.5788988471031189,-0.12768232822418213,0.48598799109458923,0.17676371335983276,-0.2385951280593872,-4.958956241607666,-0.23263946175575256,0.4035298824310303,0.2680045962333679,0.23969575762748718,-0.3898806571960449,-0.8419087529182434,-0.3730718791484833,0.8074515461921692,-0.11777079105377197,-0.578058660030365,-0.0316164493560791,-0.19529227912425995,0.6514512300491333,0.3554532527923584,-0.5380695462226868,-0.7642867565155029,-0.9319901466369629,-0.26618075370788574,-0.24605318903923035,0.3717367649078369,0.1238374337553978,-0.0310000479221344,-0.6826926469802856,0.7307056188583374,-7.300125162146287e-07,-0.7307056188583374,-0.6826926469802856,5.468535277941555e-07,0.3626546263694763,-0.0331345871090889,-0.030999906361103058,0.3808189034461975,0.2808094620704651,-0.03100018948316574
179,0.0301501527428627,-1.4824535846710205,-0.31780076026916504,0.02121802605688572,-0.5700193643569946,0.5794516801834106,0.8247849941253662,0.7309389710426331,-0.41807878017425537,0.40621015429496765,-0.3650110363960266,0.009261023253202438,0.0927005186676979,-0.32942789793014526,-0.015771549195051193,0.07392558455467224,0.38007426261901855,0.03159244731068611,0.04030252993106842,1.9449174404144287,1.787869930267334,2.972438335418701,0.8908648490905762,0.731552243232727,-0.385537713766098,-0.5805419087409973,-0.1854580193758011,0.4857458174228668,0.18842938542366028,-0.22822915017604828,-4.8741607666015625,-0.22364303469657898,0.4046328067779541,0.26094913482666016,0.2327546775341034,-0.41098833084106445,-0.8207106590270996,-0.3968910574913025,0.80169677734375,-0.11810636520385742,-0.5859463810920715,-0.04173445701599121,-0.20101499557495117,0.65517258644104,0.3761383295059204,-0.5023596882820129,-0.7785593867301941,-0.9259876608848572,-0.2334287166595459,-0.2967458963394165,0.3717367649078369,0.1238374337553978,-0.0310000479221344,-0.6826926469802856,0.7307056784629822,-1.1039238643206772e-06,-0.7307056784629822,-0.6826926469802856,1.475003443829337e-07,0.36265459656715393,-0.0331345871090889,-0.030999910086393356,0.3808189034461975,0.2808094620704651,-0.031000185757875443
180,0.0009911208180710673,-1.4565598964691162,-0.34289249777793884,0.015518714673817158,-0.565176784992218,0.5514311194419861,0.8238835334777832,0.7310310006141663,-0.42660874128341675,0.3796203136444092,-0.352117121219635,-0.12181857228279114,0.07352602481842041,-0.3644786477088928,-0.027614988386631012,0.015715837478637695,0.3634151518344879,0.0022229391615837812,0.024113981053233147,1.9747835397720337,1.8241539001464844,2.9729385375976562,0.8887645602226257,0.731564998626709,-0.36536258459091187,-0.5818870067596436,-0.24144479632377625,0.48528656363487244,0.1992415487766266,-0.21526871621608734,-4.724616527557373,-0.2213112711906433,0.405381441116333,0.2533501088619232,0.22578710317611694,-0.4316141605377197,-0.7988893389701843,-0.4189092516899109,0.7962387204170227,-0.11916565895080566,-0.5931301116943359,-0.052144765853881836,-0.2066206932067871,0.6581142544746399,0.3995959758758545,-0.4663735032081604,-0.7891886234283447,-0.9166778922080994,-0.19862794876098633,-0.3467687666416168,0.3717367649078369,0.12383759766817093,-0.031000006943941116,-0.6826926469802856,0.7307056784629822,-1.0915215398199507e-06,-0.7307056784629822,-0.6826926469802856,5.13022200721025e-07,0.36265459656715393,-0.033134423196315765,-0.03099983185529709,0.3808189034461975,0.280809611082077,-0.031000182032585144
181,-0.028195254504680634,-1.4298278093338013,-0.3683162033557892,0.011663144454360008,-0.5577910542488098,0.5237049460411072,0.8183658719062805,0.7309246063232422,-0.42113956809043884,0.4227719008922577,-0.38077810406684875,0.037773504853248596,0.11489032208919525,-0.32707154750823975,-0.11056753247976303,0.06698663532733917,0.34604141116142273,-0.02717563323676586,0.008335568010807037,2.004699945449829,1.8594698905944824,2.9739952087402344,0.8840394616127014,0.731594443321228,-0.31351137161254883,-0.5821757912635803,-0.2728089392185211,0.48413026332855225,0.224295973777771,-0.1877555400133133,-4.093484878540039,-0.22644057869911194,0.4058496952056885,0.24514494836330414,0.21963009238243103,-0.45117974281311035,-0.7763194441795349,-0.44018739461898804,0.7914733290672302,-0.12018978595733643,-0.5992699265480042,-0.06301188468933105,-0.21214549243450165,0.6601016521453857,0.42690491676330566,-0.429129958152771,-0.7959897518157959,-0.9034293293952942,-0.16385233402252197,-0.39619165658950806,0.3717367649078369,0.12383759766817093,-0.031000006943941116,-0.6826926469802856,0.7307056188583374,-7.323706086026505e-07,-0.7307056188583374,-0.6826926469802856,5.304681849338522e-07,0.3626546263694763,-0.033134423196315765,-0.030999865382909775,0.3808189034461975,0.280809611082077,-0.031000148504972458
182,-0.05739967152476311,-1.4041194915771484,-0.39241114258766174,0.007886749692261219,-0.5492968559265137,0.4960540235042572,0.8107691407203674,0.7310420870780945,-0.4295061528682709,0.3768085539340973,-0.33929207921028137,-0.10591106116771698,0.11778923869132996,-0.3807772696018219,-0.10624361783266068,0.008557259105145931,0.32843175530433655,-0.05670149251818657,-0.007566109299659729,2.0346527099609375,1.8935682773590088,2.9750592708587646,0.8788818120956421,0.7315766215324402,-0.2861546277999878,-0.5823107957839966,-0.30042359232902527,0.48390185832977295,0.24798886477947235,-0.15367838740348816,-3.4480817317962646,-0.19914060831069946,0.4060065746307373,0.23652969300746918,0.21412643790245056,-0.4697580337524414,-0.7533373832702637,-0.46022841334342957,0.7877577543258667,-0.12240946292877197,-0.6037001013755798,-0.07432246208190918,-0.21730570495128632,0.6611433625221252,0.4573846459388733,-0.3932521641254425,-0.7975914478302002,-0.886328935623169,-0.12872302532196045,-0.44480496644973755,0.3717367649078369,0.1238374337553978,-0.0310000479221344,-0.6826926469802856,0.7307056188583374,-7.988529659996857e-07,-0.7307056188583374,-0.6826926469802856,2.3448163233297237e-07,0.3626546263694763,-0.0331345871090889,-0.030999936163425446,0.3808189034461975,0.2808094620704651,-0.031000159680843353
183,-0.08630581945180893,-1.3792812824249268,-0.41394755244255066,0.008651760406792164,-0.5370181202888489,0.4687908887863159,0.8012462258338928,0.7310066819190979,-0.43230828642845154,0.34942007064819336,-0.3049694299697876,0.018541928380727768,0.17469362914562225,-0.38424915075302124,-0.1331588178873062,0.008268482983112335,0.3107627332210541,-0.0863516703248024,-0.023303784430027008,2.0646557807922363,1.9256658554077148,2.9765028953552246,0.8716755509376526,0.7315552830696106,-0.25802016258239746,-0.5817582607269287,-0.2964300513267517,0.4829537272453308,0.28494441509246826,-0.09942018985748291,-2.4329397678375244,-0.46812620759010315,0.40631699562072754,0.22658374905586243,0.21198847889900208,-0.4867974519729614,-0.7288378477096558,-0.4814808666706085,0.7870616912841797,-0.12688302993774414,-0.6036843061447144,-0.08599066734313965,-0.22212830185890198,0.6610692143440247,0.4911497235298157,-0.3581651747226715,-0.7940338253974915,-0.8651155233383179,-0.09411919116973877,-0.4926629960536957,0.3717367649078369,0.12383753061294556,-0.031000040471553802,-0.6826928853988647,0.7307056188583374,-1.2649240943574114e-06,-0.7307056188583374,-0.6826928853988647,7.062171789584681e-07,0.3626546263694763,-0.033134520053863525,-0.03099982440471649,0.3808189034461975,0.28080958127975464,-0.031000256538391113
184,-0.11459539830684662,-1.359642744064331,-0.42897605895996094,0.015952596440911293,-0.5231711268424988,0.44253143668174744,0.7948697209358215,0.7309813499450684,-0.4268759787082672,0.2606303095817566,-0.21326406300067902,0.15444207191467285,0.19841629266738892,-0.37574148178100586,-0.08905226737260818,0.03954875469207764,0.2920052707195282,-0.1162288710474968,-0.040248386561870575,2.0947353839874268,1.9546006917953491,2.977611780166626,0.8650334477424622,0.7314879894256592,-0.2969379723072052,-0.5802409648895264,-0.294062077999115,0.4821537137031555,0.32593443989753723,-0.036417581140995026,-1.1927034854888916,-0.5167738795280457,0.40715670585632324,0.21444278955459595,0.21630293130874634,-0.500969648361206,-0.7032592296600342,-0.5044362545013428,0.7921210527420044,-0.1377640962600708,-0.5946136713027954,-0.09766507148742676,-0.22606141865253448,0.6598984599113464,0.526137113571167,-0.3289342522621155,-0.784207820892334,-0.8400219082832336,-0.05739915370941162,-0.5395076274871826,0.3717367649078369,0.12383745610713959,-0.031000051647424698,-0.6826926469802856,0.7307056784629822,-9.289383342547808e-07,-0.7307056784629822,-0.6826926469802856,1.1782880449118238e-07,0.36265459656715393,-0.03313456475734711,-0.030999936163425446,0.3808189034461975,0.2808094620704651,-0.03100016713142395
185,-0.1422787606716156,-1.3495380878448486,-0.4363917112350464,0.02998838759958744,-0.509797215461731,0.4182853400707245,0.7916248440742493,0.7309467792510986,-0.42173248529434204,0.10584213584661484,-0.10382558405399323,0.27070826292037964,0.1941239982843399,-0.35380420088768005,-0.04526195675134659,0.06979446113109589,0.27312976121902466,-0.14622370898723602,-0.058195147663354874,2.1248421669006348,1.980372428894043,2.97622013092041,0.8598319292068481,0.7314292788505554,-0.3025876581668854,-0.577429473400116,-0.2705754041671753,0.48136064410209656,0.36983200907707214,-0.016258230432868004,-0.06664709001779556,-0.5112025737762451,0.4083282947540283,0.1998889148235321,0.22876599431037903,-0.509443998336792,-0.679493248462677,-0.5279729962348938,0.8039212226867676,-0.15701234340667725,-0.573635458946228,-0.10943722724914551,-0.2284163385629654,0.6581252813339233,0.56048983335495,-0.30641433596611023,-0.769390344619751,-0.8115432858467102,-0.018038153648376465,-0.5840139985084534,0.3717367649078369,0.12383759021759033,-0.031000006943941116,-0.6826926469802856,0.7307056188583374,-6.992273142714112e-07,-0.7307056188583374,-0.6826926469802856,5.035241201767349e-07,0.3626546263694763,-0.03313443064689636,-0.03099987283349037,0.3808189034461975,0.280809611082077,-0.03100014105439186
186,-0.16871528327465057,-1.3441954851150513,-0.44205889105796814,0.04463537409901619,-0.4980531632900238,0.3956436812877655,0.7931116223335266,0.7309492230415344,-0.3981356620788574,0.05453669652342796,-0.08244073390960693,0.24898461997509003,0.16869083046913147,-0.32453635334968567,0.02098376303911209,0.07527951896190643,0.2529885768890381,-0.17613154649734497,-0.07752721011638641,2.1549124717712402,2.005474328994751,2.973522901535034,0.8569820523262024,0.7314335107803345,-0.31724414229393005,-0.575421154499054,-0.28928062319755554,0.4796590507030487,0.36164727807044983,-0.03645709156990051,-0.033098090440034866,-0.5525054931640625,0.4087998867034912,0.18502509593963623,0.2433171272277832,-0.5151776075363159,-0.6549894213676453,-0.552793562412262,0.8165076971054077,-0.17896556854248047,-0.5488956570625305,-0.12108063697814941,-0.22955825924873352,0.6558746695518494,0.5937066674232483,-0.2902309000492096,-0.750518798828125,-0.7795989513397217,0.023593127727508545,-0.625834584236145,0.3717367649078369,0.1238374337553978,-0.0310000479221344,-0.6826926469802856,0.7307056188583374,-7.840505986678181e-07,-0.7307056188583374,-0.6826926469802856,4.7240848743967945e-07,0.3626546263694763,-0.0331345871090889,-0.030999910086393356,0.3808189034461975,0.2808094620704651,-0.031000185757875443
187,-0.19505342841148376,-1.3379878997802734,-0.4510529637336731,0.06131618097424507,-0.487104207277298,0.3719136714935303,0.7939462065696716,0.7309376001358032,-0.40345045924186707,0.06538403779268265,-0.13344931602478027,0.29273274540901184,0.15934374928474426,-0.3419429659843445,0.011899120174348354,0.09156698733568192,0.23430418968200684,-0.20587058365345,-0.09707756340503693,2.184896945953369,2.0307843685150146,2.9678075313568115,0.8534950017929077,0.7314386963844299,-0.2739754021167755,-0.5743758082389832,-0.2825143039226532,0.4799283742904663,0.3638555407524109,-0.079156793653965,-0.045051589608192444,-0.05892579257488251,0.4084036350250244,0.16875942051410675,0.2590544819831848,-0.5185717344284058,-0.629246175289154,-0.5789064168930054,0.8285694122314453,-0.20267486572265625,-0.5219154953956604,-0.13309073448181152,-0.22939680516719818,0.6536223292350769,0.6261696815490723,-0.2746051251888275,-0.7297284007072449,-0.7449966669082642,0.06534206867218018,-0.6638601422309875,0.3717367649078369,0.1238374263048172,-0.0310000479221344,-0.6826926469802856,0.7307056188583374,-7.081563353494857e-07,-0.7307056188583374,-0.6826926469802856,5.50383788322506e-07,0.3626546263694763,-0.033134594559669495,-0.030999910086393356,0.3808189034461975,0.2808094620704651,-0.031000185757875443
188,-0.22193624079227448,-1.3315538167953491,-0.46316441893577576,0.08028058707714081,-0.4787486791610718,0.34721675515174866,0.7948771119117737,0.7309326529502869,-0.41457870602607727,0.06495178490877151,-0.17929300665855408,0.3298525810241699,0.12382073700428009,-0.3564438819885254,0.013244342058897018,0.09904525429010391,0.21784062683582306,-0.2355603575706482,-0.11507058143615723,2.2148656845092773,2.056520462036133,2.9589390754699707,0.8516557812690735,0.7314448356628418,-0.2324090451002121,-0.5756694674491882,-0.2534734904766083,0.48073476552963257,0.36985212564468384,-0.12357401102781296,-0.02239558845758438,-0.04562769830226898,0.40671372413635254,0.150536447763443,0.2763303518295288,-0.519747257232666,-0.6028226017951965,-0.6053659319877625,0.8396906852722168,-0.2298901081085205,-0.4920063018798828,-0.14582085609436035,-0.22822098433971405,0.6513991355895996,0.6579883098602295,-0.2598184049129486,-0.7067855000495911,-0.708303689956665,0.10510563850402832,-0.6980391144752502,0.3717367649078369,0.1238374263048172,-0.0310000479221344,-0.6826928853988647,0.7307056188583374,-1.0902426765824202e-06,-0.7307056188583374,-0.6826928853988647,1.1758574203213357e-07,0.3626546263694763,-0.03313462436199188,-0.030999917536973953,0.3808189034461975,0.2808094620704651,-0.031000178307294846
189,-0.24890701472759247,-1.325871467590332,-0.47736644744873047,0.10171806067228317,-0.47254833579063416,0.3215341567993164,0.7971689105033875,0.7309195399284363,-0.4185672402381897,0.04789668694138527,-0.20999854803085327,0.3734874427318573,0.09490042924880981,-0.3723837733268738,0.03227084130048752,0.11787764728069305,0.20316118001937866,-0.26520732045173645,-0.13162901997566223,2.244844675064087,2.082550048828125,2.9466419219970703,0.8515344262123108,0.7314425706863403,-0.20518998801708221,-0.5753189325332642,-0.22908879816532135,0.48086658120155334,0.3743692934513092,-0.1721564531326294,0.0024600729811936617,-0.06704899668693542,0.4034602642059326,0.13057486712932587,0.29570940136909485,-0.5177981853485107,-0.5757829546928406,-0.6327395439147949,0.8497822284698486,-0.26077544689178467,-0.4581120014190674,-0.1592552661895752,-0.22600002586841583,0.6492783427238464,0.6885241866111755,-0.24593549966812134,-0.6822390556335449,-0.6702269911766052,0.14353591203689575,-0.7281436920166016,0.3717367649078369,0.12383753061294556,-0.031000040471553802,-0.6826927661895752,0.7307056784629822,-1.225434971274808e-06,-0.7307056784629822,-0.6826927661895752,6.176632609822263e-07,0.3626546263694763,-0.03313450515270233,-0.030999835580587387,0.3808189034461975,0.28080958127975464,-0.031000245362520218
190,-0.27586016058921814,-1.3211807012557983,-0.4934285283088684,0.1254422515630722,-0.4670020043849945,0.2949410378932953,0.7995132803916931,0.7309058904647827,-0.42144113779067993,0.029921121895313263,-0.23854240775108337,0.41069453954696655,0.08674851059913635,-0.3862323462963104,0.032982394099235535,0.13524071872234344,0.19034481048583984,-0.29469460248947144,-0.14693330228328705,2.274827241897583,2.108856201171875,2.9311983585357666,0.8536065816879272,0.7314358949661255,-0.17808900773525238,-0.5728884339332581,-0.20767733454704285,0.4810478091239929,0.3776768147945404,-0.2159247249364853,0.0312227550894022,-0.0445174016058445,0.39824700355529785,0.1091066300868988,0.3170953392982483,-0.5120959281921387,-0.5487150549888611,-0.6608098149299622,0.8581855297088623,-0.2948739528656006,-0.4201986789703369,-0.1733710765838623,-0.2229444831609726,0.647229790687561,0.7174270749092102,-0.2330634891986847,-0.6564905047416687,-0.6314443349838257,0.18047386407852173,-0.7541267275810242,0.3717367649078369,0.12383759021759033,-0.031000006943941116,-0.6826927661895752,0.7307056784629822,-7.191670761130808e-07,-0.7307056784629822,-0.6826927661895752,4.654139900139853e-07,0.3626546263694763,-0.033134445548057556,-0.03099987655878067,0.3808189034461975,0.2808096408843994,-0.031000137329101562
191,-0.3024609386920929,-1.3223400115966797,-0.5115888714790344,0.15136541426181793,-0.4593815505504608,0.2676014304161072,0.7991576194763184,0.7308517098426819,-0.4240041673183441,-0.07418849319219589,-0.27087506651878357,0.4608817994594574,0.11838711053133011,-0.4017908275127411,-0.0048441519029438496,0.20204214751720428,0.17993059754371643,-0.32396209239959717,-0.1627165973186493,2.3048288822174072,2.1352739334106445,2.912313461303711,0.858518123626709,0.7314199805259705,-0.1455102115869522,-0.5695695877075195,-0.2125120460987091,0.4805072247982025,0.38009101152420044,-0.26485002040863037,0.07281000167131424,-0.06976079195737839,0.3903501033782959,0.08649033308029175,0.3424120843410492,-0.49879133701324463,-0.523215651512146,-0.6909794211387634,0.8660720586776733,-0.3317495584487915,-0.3739803433418274,-0.18807387351989746,-0.219096377491951,0.6453996896743774,0.743802547454834,-0.22197066247463226,-0.6304655075073242,-0.5926102995872498,0.21726322174072266,-0.7756351232528687,0.3717367649078369,0.1238374337553978,-0.0310000479221344,-0.6826926469802856,0.7307056784629822,-7.553882142019575e-07,-0.7307056784629822,-0.6826926469802856,4.088819309799874e-07,0.36265459656715393,-0.0331345871090889,-0.03099992126226425,0.3808189034461975,0.2808094620704651,-0.031000174582004547
192,-0.32727834582328796,-1.3244738578796387,-0.5256746411323547,0.17727963626384735,-0.45008584856987,0.240602508187294,0.8029381632804871,0.7308560609817505,-0.38702061772346497,-0.06932346522808075,-0.20687642693519592,0.4363791048526764,0.13841843605041504,-0.3920165002346039,0.053033046424388885,0.20335924625396729,0.16385674476623535,-0.3530181646347046,-0.180495023727417,2.3347766399383545,2.161257028579712,2.8952689170837402,0.8651948571205139,0.7314332723617554,-0.2292216271162033,-0.5665232539176941,-0.23876553773880005,0.47916051745414734,0.3719885051250458,-0.23812301456928253,0.09515093266963959,-0.029166825115680695,0.3806602954864502,0.06517529487609863,0.3683103024959564,-0.48163485527038574,-0.49890944361686707,-0.7204977869987488,0.8702892065048218,-0.36898207664489746,-0.3262646198272705,-0.20174241065979004,-0.21427461504936218,0.6425482034683228,0.7678815722465515,-0.219669908285141,-0.6017499566078186,-0.5499883890151978,0.25554394721984863,-0.7951163649559021,0.3717367649078369,0.1238374412059784,-0.0310000479221344,-0.6826926469802856,0.730705738067627,-1.0726413393058465e-06,-0.730705738067627,-0.6826926469802856,2.2836135826764803e-07,0.36265459656715393,-0.0331345796585083,-0.030999906361103058,0.3808189332485199,0.2808094620704651,-0.03100018948316574
193,-0.349192351102829,-1.324877381324768,-0.5345383882522583,0.2019798755645752,-0.43963563442230225,0.21407254040241241,0.8110074996948242,0.7308609485626221,-0.3395547866821289,-0.037951212376356125,-0.12922431528568268,0.4118565320968628,0.15364736318588257,-0.3845261335372925,0.11285176128149033,0.17781592905521393,0.14335712790489197,-0.3818435072898865,-0.19972842931747437,2.3646209239959717,2.1868622303009033,2.8804469108581543,0.8728575110435486,0.7314537167549133,-0.29312005639076233,-0.5636258721351624,-0.2537180781364441,0.4776657521724701,0.3672823905944824,-0.20798882842063904,0.11218655854463577,-0.0668613612651825,0.37037205696105957,0.04643452912569046,0.39299464225769043,-0.4623185396194458,-0.47701698541641235,-0.7474732995033264,0.8706404566764832,-0.40397727489471436,-0.2806912660598755,-0.214369535446167,-0.20858298242092133,0.6385355591773987,0.7900816202163696,-0.22476720809936523,-0.5703075528144836,-0.5033499598503113,0.29312270879745483,-0.8128455281257629,0.3717367649078369,0.12383759021759033,-0.031000006943941116,-0.6826926469802856,0.7307057976722717,-6.971946504563675e-07,-0.7307057976722717,-0.6826926469802856,5.358156727197638e-07,0.36265459656715393,-0.033134445548057556,-0.030999869108200073,0.3808189332485199,0.2808096408843994,-0.03100014477968216
194,-0.3672173023223877,-1.3237056732177734,-0.5380395650863647,0.22513942420482635,-0.4273940324783325,0.18815302848815918,0.8222415447235107,0.7308565974235535,-0.27688100934028625,-0.011160532012581825,-0.048977889120578766,0.3824867904186249,0.177459254860878,-0.37519732117652893,0.15714751183986664,0.1767614334821701,0.12025267630815506,-0.4103403389453888,-0.21997562050819397,2.394350528717041,2.211988925933838,2.8679916858673096,0.8810135126113892,0.7314732670783997,-0.33210456371307373,-0.5576752424240112,-0.263217568397522,0.4757450520992279,0.3602373003959656,-0.17489409446716309,0.11904653161764145,-0.0670858845114708,0.36049914360046387,0.030989721417427063,0.4164121150970459,-0.44056928157806396,-0.4584893584251404,-0.771807074546814,0.8686410784721375,-0.4347658157348633,-0.2375737428665161,-0.22597956657409668,-0.20226190984249115,0.6332998275756836,0.8105404376983643,-0.2356611043214798,-0.5361791253089905,-0.45301246643066406,0.3279913067817688,-0.8289762139320374,0.3717367649078369,0.1238374263048172,-0.0310000479221344,-0.6826926469802856,0.7307056188583374,-7.680442877244786e-07,-0.7307056188583374,-0.6826926469802856,4.958915269526187e-07,0.3626546263694763,-0.033134594559669495,-0.030999906361103058,0.3808189034461975,0.2808094620704651,-0.03100018948316574
195,-0.3810150623321533,-1.3232028484344482,-0.5374386310577393,0.24675020575523376,-0.4129374027252197,0.1630638986825943,0.834755003452301,0.7308320999145508,-0.21379464864730835,-0.02433973364531994,0.011411219835281372,0.360256165266037,0.20781221985816956,-0.36366885900497437,0.17466546595096588,0.20689141750335693,0.09583958983421326,-0.4384572207927704,-0.24127420783042908,2.4239494800567627,2.2364981174468994,2.85756516456604,0.8895465731620789,0.7314921021461487,-0.353300541639328,-0.5514464974403381,-0.2739526331424713,0.4737616777420044,0.3512435555458069,-0.14641790091991425,0.12452373653650284,-0.07142902165651321,0.35127997398376465,0.01891671121120453,0.4393860101699829,-0.4150623083114624,-0.44401365518569946,-0.7940876483917236,0.8659265637397766,-0.46055376529693604,-0.19509342312812805,-0.23656392097473145,-0.19539131224155426,0.6269479393959045,0.8288485407829285,-0.25147271156311035,-0.4997715353965759,-0.39946892857551575,0.35941892862319946,-0.8433520197868347,0.3717367649078369,0.12383758276700974,-0.031000006943941116,-0.6826926469802856,0.730705738067627,-7.038104286039015e-07,-0.730705738067627,-0.6826926469802856,4.809839992958587e-07,0.36265459656715393,-0.03313443809747696,-0.03099987655878067,0.3808189332485199,0.280809611082077,-0.031000137329101562
196,-0.39106735587120056,-1.3235770463943481,-0.5339117050170898,0.26706549525260925,-0.39738929271698,0.1387903392314911,0.8485013842582703,0.7308117747306824,-0.1572936475276947,-0.0353718064725399,0.05483071133494377,0.3378359377384186,0.2226686179637909,-0.35229870676994324,0.19209954142570496,0.2330293208360672,0.07059968262910843,-0.46623900532722473,-0.2632374167442322,2.45340633392334,2.260479211807251,2.848684549331665,0.8987674117088318,0.7315070629119873,-0.36836162209510803,-0.5464084148406982,-0.2788594365119934,0.47193098068237305,0.3435704708099365,-0.12488510459661484,0.1334684044122696,-0.06923101842403412,0.3427126407623291,0.009768731892108917,0.4620412588119507,-0.38619542121887207,-0.43312641978263855,-0.8144043684005737,0.8628585338592529,-0.48174309730529785,-0.15296626091003418,-0.24617409706115723,-0.18795499205589294,0.6196079254150391,0.8444737792015076,-0.2716938257217407,-0.461569607257843,-0.343265175819397,0.3869771957397461,-0.8558140993118286,0.3717367649078369,0.12383744865655899,-0.0310000479221344,-0.6826926469802856,0.7307056188583374,-7.972408866407932e-07,-0.7307056188583374,-0.6826926469802856,2.9703215886911494e-07,0.3626546263694763,-0.033134572207927704,-0.03099992871284485,0.3808189034461975,0.2808094620704651,-0.03100016713142395
197,-0.39763861894607544,-1.324658751487732,-0.5278445482254028,0.2862299084663391,-0.38089391589164734,0.11523639410734177,0.8632388710975647,0.7307925820350647,-0.10453435778617859,-0.04410526901483536,0.09360753744840622,0.3184301555156708,0.2348995953798294,-0.341086208820343,0.20537009835243225,0.25588512420654297,0.044699009507894516,-0.4937534034252167,-0.28579074144363403,2.4827327728271484,2.284001111984253,2.8411831855773926,0.9085106253623962,0.7315222024917603,-0.38153624534606934,-0.5424447059631348,-0.2828052341938019,0.47041088342666626,0.33689528703689575,-0.10565241426229477,0.140895277261734,-0.072189100086689,0.33491969108581543,0.0033267494291067123,0.4843822717666626,-0.3543431758880615,-0.4253997206687927,-0.832751989364624,0.8597658276557922,-0.49842989444732666,-0.11122184991836548,-0.25476670265197754,-0.1799595206975937,0.611343502998352,0.8570857048034668,-0.29580944776535034,-0.42178305983543396,-0.28467774391174316,0.41042131185531616,-0.8663215637207031,0.3717367649078369,0.12383753061294556,-0.031000040471553802,-0.6826927661895752,0.7307056784629822,-1.2212024103064323e-06,-0.7307056784629822,-0.6826927661895752,6.045115128472389e-07,0.3626546263694763,-0.03313450515270233,-0.030999839305877686,0.3808189034461975,0.28080958127975464,-0.03100024163722992
198,-0.4004895091056824,-1.3263005018234253,-0.5191847681999207,0.3041965663433075,-0.3630043864250183,0.09244605898857117,0.8786512613296509,0.7307742834091187,-0.04668831452727318,-0.049267709255218506,0.1343124359846115,0.29630911350250244,0.25329241156578064,-0.3294868767261505,0.21456709504127502,0.27225229144096375,0.018277861177921295,-0.5209301114082336,-0.30885079503059387,2.5119051933288574,2.30698823928833,2.835226535797119,0.9183750152587891,0.7315359711647034,-0.39295893907546997,-0.5357264280319214,-0.2849113643169403,0.4678646922111511,0.32919245958328247,-0.08473895490169525,0.14500461518764496,-0.6092760562896729,0.3282320499420166,-0.0003282874822616577,0.5063073635101318,-0.31966304779052734,-0.42042773962020874,-0.8491501808166504,0.8572216629981995,-0.5101513862609863,-0.07011750340461731,-0.2621896266937256,-0.1715010106563568,0.6021849513053894,0.8664439916610718,-0.3232981264591217,-0.3804643750190735,-0.22400251030921936,0.429313600063324,-0.8749358654022217,0.3717367649078369,0.12383759021759033,-0.031000006943941116,-0.6826926469802856,0.730705738067627,-7.173806011451234e-07,-0.730705738067627,-0.6826926469802856,5.070655788586009e-07,0.36265459656715393,-0.03313443064689636,-0.03099987283349037,0.3808189332485199,0.280809611082077,-0.03100014105439186
