step,agent/xarm7_ball_ee-0/qpos_0,agent/xarm7_ball_ee-0/qpos_1,agent/xarm7_ball_ee-0/qpos_2,agent/xarm7_ball_ee-0/qpos_3,agent/xarm7_ball_ee-0/qpos_4,agent/xarm7_ball_ee-0/qpos_5,agent/xarm7_ball_ee-0/qpos_6,agent/xarm7_ball_ee-0/qpos_7,agent/xarm7_ball_ee-0/qvel_0,agent/xarm7_ball_ee-0/qvel_1,agent/xarm7_ball_ee-0/qvel_2,agent/xarm7_ball_ee-0/qvel_3,agent/xarm7_ball_ee-0/qvel_4,agent/xarm7_ball_ee-0/qvel_5,agent/xarm7_ball_ee-0/qvel_6,agent/xarm7_ball_ee-0/qvel_7,agent/xarm7_ball_ee-1/qpos_0,agent/xarm7_ball_ee-1/qpos_1,agent/xarm7_ball_ee-1/qpos_2,agent/xarm7_ball_ee-1/qpos_3,agent/xarm7_ball_ee-1/qpos_4,agent/xarm7_ball_ee-1/qpos_5,agent/xarm7_ball_ee-1/qpos_6,agent/xarm7_ball_ee-1/qpos_7,agent/xarm7_ball_ee-1/qvel_0,agent/xarm7_ball_ee-1/qvel_1,agent/xarm7_ball_ee-1/qvel_2,agent/xarm7_ball_ee-1/qvel_3,agent/xarm7_ball_ee-1/qvel_4,agent/xarm7_ball_ee-1/qvel_5,agent/xarm7_ball_ee-1/qvel_6,agent/xarm7_ball_ee-1/qvel_7,extra/left_tcp_pose_6d_from_bimanual_center_0,extra/left_tcp_pose_6d_from_bimanual_center_1,extra/left_tcp_pose_6d_from_bimanual_center_2,extra/left_tcp_pose_6d_from_bimanual_center_3,extra/left_tcp_pose_6d_from_bimanual_center_4,extra/left_tcp_pose_6d_from_bimanual_center_5,extra/left_tcp_pose_6d_from_bimanual_center_6,extra/left_tcp_pose_6d_from_bimanual_center_7,extra/left_tcp_pose_6d_from_bimanual_center_8,extra/right_tcp_pose_6d_from_bimanual_center_0,extra/right_tcp_pose_6d_from_bimanual_center_1,extra/right_tcp_pose_6d_from_bimanual_center_2,extra/right_tcp_pose_6d_from_bimanual_center_3,extra/right_tcp_pose_6d_from_bimanual_center_4,extra/right_tcp_pose_6d_from_bimanual_center_5,extra/right_tcp_pose_6d_from_bimanual_center_6,extra/right_tcp_pose_6d_from_bimanual_center_7,extra/right_tcp_pose_6d_from_bimanual_center_8,extra/box_pose_6d_from_bimanual_center_0,extra/box_pose_6d_from_bimanual_center_1,extra/box_pose_6d_from_bimanual_center_2,extra/box_pose_6d_from_bimanual_center_3,extra/box_pose_6d_from_bimanual_center_4,extra/box_pose_6d_from_bimanual_center_5,extra/box_pose_6d_from_bimanual_center_6,extra/box_pose_6d_from_bimanual_center_7,extra/box_pose_6d_from_bimanual_center_8,extra/pushpoint_left_from_bimanual_center_0,extra/pushpoint_left_from_bimanual_center_1,extra/pushpoint_left_from_bimanual_center_2,extra/pushpoint_right_from_bimanual_center_0,extra/pushpoint_right_from_bimanual_center_1,extra/pushpoint_right_from_bimanual_center_2
0,0.4039173424243927,-0.10245057940483093,0.36433660984039307,0.6423630118370056,-0.38677525520324707,1.2716255187988281,-0.2933450937271118,0.7310540080070496,-0.3308880031108856,-0.4550974369049072,-0.04933907836675644,-0.21365387737751007,-0.15193700790405273,0.405593603849411,0.22159595787525177,-0.02461739256978035,-0.016385486349463463,-0.30067819356918335,-0.05685596540570259,0.8094044923782349,0.21072375774383545,1.1948096752166748,0.22221510112285614,0.7310131788253784,0.1530267298221588,0.4789222180843353,-0.2406054586172104,-0.48895692825317383,0.21644125878810883,0.22210530936717987,0.23722420632839203,-0.019737664610147476,0.24202662706375122,0.3748817443847656,0.02410261332988739,0.958336591720581,-0.25791388750076294,0.12276572734117508,-0.058297209441661835,-0.5973465442657471,-0.79986172914505,0.3558690845966339,-0.2847414016723633,0.10887201130390167,-0.3747810125350952,-0.909845232963562,-0.17810405790805817,-0.0608338788151741,0.21582567691802979,-0.9745351076126099,0.33324146270751953,0.009463310241699219,-0.03100007027387619,-0.578782320022583,0.8154821991920471,-9.30506018903543e-07,-0.8154821991920471,-0.578782320022583,3.910565169462643e-07,0.3032374680042267,-0.144881933927536,-0.03099992498755455,0.3632454574108124,0.16380855441093445,-0.03100021556019783
1,0.38860616087913513,-0.13020829856395721,0.3584003150463104,0.6348006129264832,-0.3972313404083252,1.2995721101760864,-0.2775670886039734,0.7310233116149902,-0.2970402240753174,-0.44063445925712585,-0.10505847632884979,-0.08237038552761078,-0.1534755825996399,0.39372503757476807,0.22059841454029083,-0.005236851051449776,-0.006295260041952133,-0.27714672684669495,-0.06786830723285675,0.7834661602973938,0.22223560512065887,1.2077059745788574,0.23918160796165466,0.7310309410095215,0.17185655236244202,0.38851863145828247,-0.14155583083629608,-0.42338085174560547,0.16162119805812836,0.19293376803398132,0.23752671480178833,-0.04631385579705238,0.24293839931488037,0.3599739074707031,0.03419975936412811,0.9460397362709045,-0.2877710461616516,0.1489853858947754,-0.06276959180831909,-0.6137865781784058,-0.7869728207588196,0.3357953429222107,-0.2788357734680176,0.09160368144512177,-0.40336477756500244,-0.8996058702468872,-0.16735126078128815,-0.11955741047859192,0.23313575983047485,-0.9650667905807495,0.33324146270751953,0.009463787078857422,-0.031000059098005295,-0.5787817239761353,0.8154825568199158,-7.856203154688046e-08,-0.8154825568199158,-0.5787817239761353,1.4606003162498382e-07,0.3032373785972595,-0.14488142728805542,-0.031000033020973206,0.36324554681777954,0.16380900144577026,-0.031000085175037384
2,0.3701043725013733,-0.15907222032546997,0.3529461920261383,0.6257522702217102,-0.40824615955352783,1.3272227048873901,-0.2603710889816284,0.7310246229171753,-0.36147892475128174,-0.44249576330184937,-0.10385023802518845,-0.134734645485878,-0.16429132223129272,0.3957490622997284,0.2388717383146286,0.25306397676467896,0.007286712992936373,-0.25798508524894714,-0.07795058935880661,0.7611063718795776,0.2386486828327179,1.2179656028747559,0.25793612003326416,0.7310007810592651,0.22536097466945648,0.31555959582328796,-0.12852166593074799,-0.3609597682952881,0.2313120812177658,0.15359582006931305,0.2624005377292633,-0.0012659819331020117,0.24298545718193054,0.3440208435058594,0.04435686767101288,0.9307321906089783,-0.3200690448284149,0.17689946293830872,-0.06971286982297897,-0.6301404237747192,-0.7733455300331116,0.3185446858406067,-0.2703695297241211,0.07876089215278625,-0.4300987720489502,-0.8884751200675964,-0.16008441150188446,-0.1675329953432083,0.2527937889099121,-0.9529050588607788,0.3332414925098419,0.009463310241699219,-0.031000059098005295,-0.5787822008132935,0.8154822587966919,1.6280954184821894e-07,-0.8154822587966919,-0.5787822008132935,8.053203259805741e-07,0.3032374978065491,-0.144881933927536,-0.030999984592199326,0.36324548721313477,0.16380855441093445,-0.031000133603811264
3,0.35297247767448425,-0.18760906159877777,0.34431585669517517,0.6166266202926636,-0.4194435775279999,1.3550257682800293,-0.24353818595409393,0.7310076355934143,-0.3246093988418579,-0.4423857629299164,-0.1465548276901245,-0.1265082061290741,-0.16311469674110413,0.39719220995903015,0.23586317896842957,0.0420125275850296,0.021565904840826988,-0.2437688708305359,-0.08627679198980331,0.7406667470932007,0.25525233149528503,1.2272367477416992,0.2776387631893158,0.7310018539428711,0.23197206854820251,0.2348271608352661,-0.10557470470666885,-0.3291475176811218,0.2334480583667755,0.1392688751220703,0.27567848563194275,-0.0028194121550768614,0.24201756715774536,0.32776594161987305,0.054450973868370056,0.9131093621253967,-0.35283926129341125,0.20429325103759766,-0.0795760378241539,-0.6456630229949951,-0.759465217590332,0.3029690086841583,-0.26147031784057617,0.06909959018230438,-0.4542733430862427,-0.8777356743812561,-0.15236765146255493,-0.20794516801834106,0.27078330516815186,-0.9399123191833496,0.33324146270751953,0.009463310241699219,-0.03100007027387619,-0.5787827968597412,0.8154817819595337,-1.2351847544778138e-06,-0.8154817819595337,-0.5787827968597412,-5.4643962243972055e-08,0.30323758721351624,-0.1448819488286972,-0.030999943614006042,0.3632453382015228,0.16380856931209564,-0.031000196933746338
4,0.3357575237751007,-0.21626953780651093,0.3328942358493805,0.605983316898346,-0.4293058514595032,1.3828238248825073,-0.22597743570804596,0.7309756875038147,-0.3418293595314026,-0.43785712122917175,-0.19293184578418732,-0.15910649299621582,-0.14500701427459717,0.39974337816238403,0.24533724784851074,0.0515139177441597,0.03655368089675903,-0.23475641012191772,-0.09286049753427505,0.7229247093200684,0.27187252044677734,1.2343515157699585,0.2984126806259155,0.7309949994087219,0.2510875463485718,0.14259405434131622,-0.07788309454917908,-0.27392005920410156,0.2347717136144638,0.10609374940395355,0.29067233204841614,-0.0038629737682640553,0.23907709121704102,0.3109312057495117,0.06405283510684967,0.8921123147010803,-0.38862693309783936,0.23044458031654358,-0.0947728082537651,-0.6596561670303345,-0.7455682158470154,0.29012221097946167,-0.2523632049560547,0.06249278783798218,-0.47588491439819336,-0.8673809766769409,-0.14554660022258759,-0.23904600739479065,0.28681665658950806,-0.9276816844940186,0.33324146270751953,0.009463310241699219,-0.03100001811981201,-0.5787824392318726,0.8154820203781128,-5.157626219443046e-07,-0.8154820203781128,-0.5787824392318726,3.536438839546463e-07,0.30323752760887146,-0.144881933927536,-0.03099992126226425,0.3632453978061676,0.16380855441093445,-0.03100011497735977
5,0.3208845257759094,-0.24432218074798584,0.31763532757759094,0.5965324640274048,-0.4357391893863678,1.4106045961380005,-0.20779092609882355,0.7309708595275879,-0.28617456555366516,-0.4340304136276245,-0.24219487607479095,-0.13171841204166412,-0.09459945559501648,0.3975276052951813,0.25566565990448,0.04005420580506325,0.054081883281469345,-0.23272010684013367,-0.09903901070356369,0.710257887840271,0.289462149143219,1.236747145652771,0.31935974955558777,0.730951189994812,0.2907922863960266,0.011649887077510357,-0.07060377299785614,-0.17124143242835999,0.24958521127700806,0.034507934004068375,0.2929316461086273,0.048935554921627045,0.23446139693260193,0.2953147888183594,0.0730985552072525,0.8674725890159607,-0.4275505542755127,0.2543458640575409,-0.11475712060928345,-0.6694490909576416,-0.7339404225349426,0.2826637625694275,-0.24278020858764648,0.059731945395469666,-0.49400556087493896,-0.857367217540741,-0.14449845254421234,-0.2549637258052826,0.30173707008361816,-0.9186666011810303,0.3332414925098419,0.009463310241699219,-0.03100002557039261,-0.5787818431854248,0.8154824376106262,-8.328524927492253e-07,-0.8154824376106262,-0.5787818431854248,4.2407319256199116e-07,0.3032374382019043,-0.14488190412521362,-0.030999887734651566,0.36324554681777954,0.16380852460861206,-0.03100016340613365
6,0.31239601969718933,-0.27039873600006104,0.29710790514945984,0.5932191610336304,-0.4395778775215149,1.4377039670944214,-0.19096063077449799,0.7309802174568176,-0.17788901925086975,-0.41309821605682373,-0.3129351735115051,-0.0255411509424448,-0.060028377920389175,0.3833409547805786,0.23524492979049683,0.0344812273979187,0.07445582747459412,-0.23881879448890686,-0.10398408770561218,0.7052487730979919,0.3066975176334381,1.2330615520477295,0.3392393887042999,0.7309030890464783,0.3415650725364685,-0.13464325666427612,-0.04854489490389824,-0.031499769538640976,0.24613632261753082,-0.05593041330575943,0.277831494808197,0.1057388037443161,0.23044359683990479,0.28310585021972656,0.08206652104854584,0.8408656120300293,-0.46566706895828247,0.27586081624031067,-0.13419657945632935,-0.6731377840042114,-0.7272392511367798,0.282479465007782,-0.2328786849975586,0.061395466327667236,-0.5058466196060181,-0.849087655544281,-0.15221506357192993,-0.25204628705978394,0.3142375946044922,-0.9152745008468628,0.33324146270751953,0.009463310241699219,-0.031000062823295593,-0.5787824392318726,0.8154820799827576,-4.5909291657153517e-07,-0.8154820799827576,-0.5787824392318726,2.5497259859008636e-09,0.3032374978065491,-0.144881933927536,-0.031000014394521713,0.36324542760849,0.16380855441093445,-0.031000111252069473
7,0.311217337846756,-0.2927694022655487,0.27244454622268677,0.5969860553741455,-0.442129909992218,1.4636884927749634,-0.17682088911533356,0.7310006618499756,-0.05925646796822548,-0.3563368618488312,-0.36605945229530334,0.08071645349264145,-0.040353622287511826,0.365547776222229,0.19848008453845978,0.030744675546884537,0.09732761234045029,-0.2517363727092743,-0.10820255428552628,0.7072330117225647,0.32327738404273987,1.2243900299072266,0.3575480580329895,0.7308594584465027,0.3737944960594177,-0.24271318316459656,-0.03855595365166664,0.07881759852170944,0.23720782995224,-0.12750713527202606,0.25571152567863464,0.15688608586788177,0.22790715098381042,0.27454090118408203,0.09089377522468567,0.8148193955421448,-0.49969881772994995,0.2938884496688843,-0.15049532055854797,-0.6719052791595459,-0.7251858711242676,0.28845733404159546,-0.2226114273071289,0.06701862812042236,-0.5116329193115234,-0.842444658279419,-0.16887521743774414,-0.23320737481117249,0.3253299593925476,-0.9163923263549805,0.3332414925098419,0.009463310241699219,-0.03100007027387619,-0.5787820816040039,0.8154823780059814,-5.786012593489431e-07,-0.8154823780059814,-0.5787820816040039,8.721158195612588e-08,0.3032374680042267,-0.14488191902637482,-0.03099999576807022,0.36324551701545715,0.16380853950977325,-0.03100014477968216
8,0.3162815272808075,-0.3088172376155853,0.24531802535057068,0.6073163151741028,-0.4436838924884796,1.4882564544677734,-0.16620522737503052,0.7309948801994324,0.03676973655819893,-0.2551136612892151,-0.3970916271209717,0.1732996255159378,-0.02564968541264534,0.3440293073654175,0.1497342884540558,-0.004970932379364967,0.12195000797510147,-0.2688567042350769,-0.1126144751906395,0.7140334844589233,0.3394363522529602,1.2119866609573364,0.3737248182296753,0.7308217287063599,0.3933437764644623,-0.30422043800354004,-0.042229365557432175,0.14924860000610352,0.23008467257022858,-0.17964406311511993,0.22538268566131592,0.21604160964488983,0.22668659687042236,0.2691192626953125,0.09908542037010193,0.7916165590286255,-0.5286383628845215,0.3064061999320984,-0.1645234078168869,-0.6673612594604492,-0.7263340950012207,0.2984459102153778,-0.2119765281677246,0.07565802335739136,-0.512549638748169,-0.8366994857788086,-0.19294214248657227,-0.20349010825157166,0.33666205406188965,-0.919374942779541,0.3332415223121643,0.009463310241699219,-0.03100002184510231,-0.5787825584411621,0.815481960773468,-4.3791607140519773e-07,-0.815481960773468,-0.5787825584411621,7.368876140390057e-07,0.30323758721351624,-0.144881933927536,-0.030999891459941864,0.3632454574108124,0.16380855441093445,-0.031000152230262756
9,0.3262932598590851,-0.3163457214832306,0.21700774133205414,0.6227008104324341,-0.4441794753074646,1.5110127925872803,-0.15911374986171722,0.7309657335281372,0.11307106912136078,-0.11748727411031723,-0.41073858737945557,0.23863255977630615,-0.012719392776489258,0.3171183168888092,0.09739255160093307,0.2672567069530487,0.14783665537834167,-0.28823381662368774,-0.11816718429327011,0.7239610552787781,0.355575293302536,1.196824312210083,0.38725951313972473,0.730783224105835,0.40326666831970215,-0.3377450406551361,-0.060343705117702484,0.19524817168712616,0.2302751988172531,-0.21876321732997894,0.18861496448516846,0.2565746009349823,0.2262052595615387,0.26611852645874023,0.10601630806922913,0.7728515863418579,-0.5525362491607666,0.31209635734558105,-0.178279846906662,-0.6610532999038696,-0.7288517355918884,0.31081628799438477,-0.20101499557495117,0.0866965502500534,-0.5095076560974121,-0.8310531377792358,-0.22305327653884888,-0.16665764153003693,0.3496248722076416,-0.9219477772712708,0.33324146270751953,0.009463310241699219,-0.031000062823295593,-0.5787819623947144,0.8154823184013367,-1.0633273461735371e-07,-0.8154823184013367,-0.5787819623947144,5.020867206440016e-07,0.3032374382019043,-0.14488190412521362,-0.03099999576807022,0.36324548721313477,0.16380852460861206,-0.031000129878520966
10,0.34121325612068176,-0.3173293173313141,0.18873383104801178,0.638184130191803,-0.4449313282966614,1.5310819149017334,-0.15396305918693542,0.7309765815734863,0.19265109300613403,-0.013348298147320747,-0.4047624468803406,0.22752031683921814,-0.012399384751915932,0.28040868043899536,0.0716061145067215,0.03703886270523071,0.17409615218639374,-0.3083570599555969,-0.12662406265735626,0.7354679703712463,0.373684287071228,1.1801413297653198,0.39893364906311035,0.7307324409484863,0.3901634216308594,-0.34559357166290283,-0.10831941664218903,0.21539993584156036,0.25536468625068665,-0.23952515423297882,0.16210784018039703,0.3360365033149719,0.22569730877876282,0.26433706283569336,0.1112869381904602,0.7595386505126953,-0.570210874080658,0.3129866123199463,-0.19128775596618652,-0.6557056903839111,-0.7303827404975891,0.3243246078491211,-0.1897873878479004,0.09970957040786743,-0.5062127113342285,-0.8227517604827881,-0.25851160287857056,-0.12573227286338806,0.3669605255126953,-0.9217002987861633,0.33324146270751953,0.009463787078857422,-0.03100001811981201,-0.5787826776504517,0.8154820203781128,-9.402756973031501e-07,-0.8154820203781128,-0.5787826776504517,6.112997539275966e-07,0.30323755741119385,-0.144881471991539,-0.030999846756458282,0.3632453680038452,0.16380904614925385,-0.03100018948316574
11,0.3584742248058319,-0.31138285994529724,0.16068421304225922,0.6543629765510559,-0.4449235498905182,1.54531729221344,-0.14984117448329926,0.7310081124305725,0.22426310181617737,0.09537745267152786,-0.40192165970802307,0.23691852390766144,-0.0010292375227436423,0.19700850546360016,0.05782903730869293,-0.012048868462443352,0.20034311711788177,-0.32885751128196716,-0.13521043956279755,0.7507394552230835,0.3942462205886841,1.1608027219772339,0.40876442193984985,0.7306762337684631,0.4033825397491455,-0.3653428852558136,-0.10256951302289963,0.28641071915626526,0.29072636365890503,-0.27900245785713196,0.136072039604187,0.4073837399482727,0.2260204255580902,0.2641482353210449,0.11438903212547302,0.7498895525932312,-0.5844787359237671,0.3099198043346405,-0.2032793164253235,-0.6493740081787109,-0.7327967286109924,0.33991575241088867,-0.17771387100219727,0.11568081378936768,-0.5000565052032471,-0.8122719526290894,-0.30026310682296753,-0.07877267152070999,0.3879541754722595,-0.918306291103363,0.33324146270751953,0.009463787078857422,-0.03100001811981201,-0.5787818431854248,0.8154823184013367,-4.652826532947074e-07,-0.8154823184013367,-0.5787818431854248,4.5055514874547953e-07,0.3032374083995819,-0.14488141238689423,-0.030999917536973953,0.36324551701545715,0.16380898654460907,-0.03100011870265007
12,0.3776322901248932,-0.2999879717826843,0.13277667760849,0.6705880761146545,-0.44454607367515564,1.5522898435592651,-0.14752374589443207,0.730987548828125,0.2570970356464386,0.17879973351955414,-0.3970138728618622,0.23533202707767487,0.003806408029049635,0.0938413068652153,0.031662605702877045,0.04267983138561249,0.22694112360477448,-0.3496725857257843,-0.14420193433761597,0.7679832577705383,0.417301207780838,1.14007568359375,0.41633695363998413,0.7306386232376099,0.401311457157135,-0.3657971918582916,-0.11074919253587723,0.3083813190460205,0.32610252499580383,-0.2976008355617523,0.10478208214044571,0.4367308020591736,0.2277257740497589,0.2654705047607422,0.11535289883613586,0.743995726108551,-0.5951170921325684,0.303818941116333,-0.21262821555137634,-0.6419205665588379,-0.736700177192688,0.3559945821762085,-0.16477441787719727,0.13424381613731384,-0.4903765916824341,-0.7995750904083252,-0.346714049577713,-0.029161039739847183,0.412662148475647,-0.9104173183441162,0.3332414925098419,0.009463787078857422,-0.03100001811981201,-0.5787826776504517,0.8154820203781128,-1.1721069768100278e-06,-0.8154820203781128,-0.5787826776504517,1.7754793191215867e-07,0.30323758721351624,-0.144881471991539,-0.030999869108200073,0.3632453978061676,0.16380904614925385,-0.03100016713142395
13,0.3980531096458435,-0.2840214669704437,0.10521430522203445,0.6858925223350525,-0.4446948170661926,1.550521969795227,-0.14773352444171906,0.7309889197349548,0.2777588963508606,0.2524226903915405,-0.39060139656066895,0.21789970993995667,-0.004058036953210831,-0.02961474284529686,-0.004310226067900658,0.19139230251312256,0.25323718786239624,-0.3694760799407959,-0.15411855280399323,0.7862014770507812,0.44249197840690613,1.1184494495391846,0.42232105135917664,0.7306091785430908,0.3896028697490692,-0.3471876084804535,-0.12669506669044495,0.31973516941070557,0.35508114099502563,-0.3099622428417206,0.08255266398191452,0.47293800115585327,0.23123019933700562,0.26804018020629883,0.11407865583896637,0.7422667741775513,-0.6014016270637512,0.2955606281757355,-0.21793946623802185,-0.6337460279464722,-0.7422051429748535,0.3717499375343323,-0.15163230895996094,0.1546039879322052,-0.4788825511932373,-0.7837297320365906,-0.3955242335796356,0.02052241750061512,0.4404277801513672,-0.8975535035133362,0.33324146270751953,0.009463310241699219,-0.031000062823295593,-0.5787820816040039,0.8154822587966919,8.998751610533873e-08,-0.8154822587966919,-0.5787820816040039,3.3387493658665335e-07,0.3032374382019043,-0.14488191902637482,-0.031000033020973206,0.36324548721313477,0.16380853950977325,-0.03100009262561798
14,0.41943082213401794,-0.2652837336063385,0.07837465405464172,0.6997255086898804,-0.4455749988555908,1.540748119354248,-0.15000315010547638,0.7309983372688293,0.2975285053253174,0.2930513918399811,-0.37766364216804504,0.196136012673378,-0.01272183284163475,-0.14219610393047333,-0.03237641230225563,0.04212895780801773,0.27860787510871887,-0.3876892030239105,-0.16561970114707947,0.8046861886978149,0.4689827561378479,1.0962876081466675,0.4258333444595337,0.7305888533592224,0.36485111713409424,-0.31990668177604675,-0.1546856164932251,0.32015711069107056,0.370128870010376,-0.316803902387619,0.047650884836912155,0.5170641541481018,0.23641201853752136,0.2716331481933594,0.11094847321510315,0.7440536022186279,-0.603568434715271,0.2865124046802521,-0.21868644654750824,-0.6252222061157227,-0.7491819262504578,0.38686245679855347,-0.13918733596801758,0.1761014759540558,-0.46586906909942627,-0.7647825479507446,-0.44505465030670166,0.06896782666444778,0.47005587816238403,-0.8799380660057068,0.33324146270751953,0.009463310241699219,-0.031000062823295593,-0.5787826776504517,0.8154819011688232,1.315139428470502e-07,-0.8154819011688232,-0.5787826776504517,4.689272543600964e-07,0.30323755741119385,-0.144881933927536,-0.03100002557039261,0.3632453680038452,0.16380855441093445,-0.031000100076198578
15,0.44026049971580505,-0.24488595128059387,0.05280869081616402,0.710788369178772,-0.4462173581123352,1.5240150690078735,-0.1527724713087082,0.7309982180595398,0.2884235680103302,0.3232711851596832,-0.3605148196220398,0.14920274913311005,-0.009093649685382843,-0.23880964517593384,-0.03958507254719734,0.14393427968025208,0.3025284707546234,-0.40314361453056335,-0.17782779037952423,0.8235690593719482,0.4964524507522583,1.073555827140808,0.42763638496398926,0.7305848002433777,0.3434390425682068,-0.2723517119884491,-0.1647753119468689,0.3217523694038391,0.3832245469093323,-0.3245014250278473,0.02388302981853485,0.5240521430969238,0.2422890067100525,0.2758617401123047,0.10595309734344482,0.7474881410598755,-0.6037228107452393,0.2770925760269165,-0.2169424444437027,-0.6161285638809204,-0.7571800351142883,0.40134915709495544,-0.12771368026733398,0.19811999797821045,-0.4521991014480591,-0.7428968548774719,-0.49357888102531433,0.11524765193462372,0.5000841021537781,-0.8582738637924194,0.33324146270751953,0.009463787078857422,-0.03100001811981201,-0.5787819623947144,0.8154823780059814,-6.217439931788249e-07,-0.8154823780059814,-0.5787819623947144,-1.24540262547157e-08,0.3032374083995819,-0.14488142728805542,-0.03099995106458664,0.36324551701545715,0.16380900144577026,-0.031000085175037384
16,0.45824912190437317,-0.22502370178699493,0.028660692274570465,0.7155818939208984,-0.4449150562286377,1.5063880681991577,-0.15366408228874207,0.7309879064559937,0.23062805831432343,0.3216836750507355,-0.3472708463668823,0.04193108528852463,0.020400945097208023,-0.24597208201885223,-0.011844041757285595,0.014055907726287842,0.3243665099143982,-0.4144863486289978,-0.19297605752944946,0.8414641618728638,0.5244835615158081,1.0515110492706299,0.430702269077301,0.7305964827537537,0.2897995412349701,-0.19493193924427032,-0.22141976654529572,0.29325369000434875,0.3903025984764099,-0.3152514696121216,0.042071063071489334,0.49032023549079895,0.24542123079299927,0.27883148193359375,0.09946094453334808,0.7493860721588135,-0.6061690449714661,0.2664199471473694,-0.22043181955814362,-0.6078073978424072,-0.7628762722015381,0.4149244427680969,-0.11851072311401367,0.21903082728385925,-0.4441105127334595,-0.716089129447937,-0.5384999513626099,0.157145157456398,0.5294522047042847,-0.8336580991744995,0.3332414925098419,0.009463310241699219,-0.031000062823295593,-0.5787824392318726,0.8154819011688232,1.5318363466576557e-07,-0.8154819011688232,-0.5787824392318726,6.418111411221616e-07,0.30323755741119385,-0.14488191902637482,-0.031000006943941116,0.36324542760849,0.16380853950977325,-0.03100011870265007
17,0.47161340713500977,-0.20517201721668243,0.005297061987221241,0.7137879729270935,-0.4411052465438843,1.4889931678771973,-0.1520443856716156,0.7308974862098694,0.1467723399400711,0.33027058839797974,-0.3429541289806366,-0.06343840062618256,0.05396316573023796,-0.2400754690170288,0.021851560100913048,0.1320827454328537,0.3436167240142822,-0.42137476801872253,-0.21044132113456726,0.8596518039703369,0.5528306365013123,1.0295414924621582,0.43756580352783203,0.7305999398231506,0.24853257834911346,-0.1288032978773117,-0.25677546858787537,0.29949426651000977,0.3926103115081787,-0.3149176239967346,0.09518514573574066,0.51087486743927,0.24490970373153687,0.27979516983032227,0.091414675116539,0.7477884292602539,-0.6135280728340149,0.2537632882595062,-0.23238840699195862,-0.599898099899292,-0.7655834555625916,0.42863279581069946,-0.11189699172973633,0.23899036645889282,-0.4435384273529053,-0.6834782361984253,-0.5797681212425232,0.19672851264476776,0.5568587779998779,-0.8069734573364258,0.33324146270751953,0.009463310241699219,-0.031000062823295593,-0.5787822008132935,0.8154822587966919,5.8512853229331085e-08,-0.8154822587966919,-0.5787822008132935,3.6138231962468126e-07,0.3032374680042267,-0.144881933927536,-0.031000029295682907,0.3632454574108124,0.16380855441093445,-0.03100009635090828
18,0.4812138080596924,-0.18555790185928345,-0.017568733543157578,0.7076748013496399,-0.43467068672180176,1.4726505279541016,-0.1485428661108017,0.7308336496353149,0.09154476225376129,0.3241611421108246,-0.33599966764450073,-0.12394601106643677,0.08951866626739502,-0.22494353353977203,0.047340746968984604,0.21658635139465332,0.36026284098625183,-0.4250432848930359,-0.22953473031520844,0.8781419396400452,0.581360399723053,1.0076979398727417,0.44707655906677246,0.7306042909622192,0.20331153273582458,-0.07994939386844635,-0.28514015674591064,0.30130735039711,0.3942256271839142,-0.3135717213153839,0.1322859525680542,0.49292340874671936,0.2413814663887024,0.2793140411376953,0.08252879977226257,0.7425107955932617,-0.6255587339401245,0.23948684334754944,-0.25137045979499817,-0.5916272401809692,-0.7660223841667175,0.4426577389240265,-0.10784101486206055,0.25828245282173157,-0.4482933282852173,-0.645923912525177,-0.6179121732711792,0.23521026968955994,0.581666111946106,-0.778678834438324,0.33324146270751953,0.009463310241699219,-0.03100001811981201,-0.5787826776504517,0.8154818415641785,-4.2414188783368445e-07,-0.8154818415641785,-0.5787826776504517,6.8373054773474e-07,0.30323755741119385,-0.144881933927536,-0.030999895185232162,0.3632453680038452,0.16380855441093445,-0.03100014105439186
19,0.48738422989845276,-0.16650038957595825,-0.03967352211475372,0.6995273232460022,-0.42599353194236755,1.4570238590240479,-0.14299523830413818,0.7307713031768799,0.03569108992815018,0.31279456615448,-0.32685381174087524,-0.15003785490989685,0.11941786110401154,-0.21499201655387878,0.07533177733421326,0.2921898663043976,0.3747314214706421,-0.426803320646286,-0.24907046556472778,0.8978172540664673,0.609831690788269,0.9855315089225769,0.45860418677330017,0.7305984497070312,0.17221267521381378,-0.05881534516811371,-0.29080575704574585,0.3237284719944,0.3939509391784668,-0.31915631890296936,0.1607726514339447,0.5150286555290222,0.23601582646369934,0.27809572219848633,0.07343599200248718,0.7330223321914673,-0.6418713331222534,0.22512106597423553,-0.27462756633758545,-0.5820608139038086,-0.7653659582138062,0.4572640657424927,-0.1059422492980957,0.2778370678424835,-0.45518219470977783,-0.604326069355011,-0.6539108157157898,0.2743472754955292,0.6034831404685974,-0.7486932873725891,0.33324146270751953,0.009463787078857422,-0.03100001811981201,-0.5787822008132935,0.8154821991920471,-9.158895863947691e-07,-0.8154821991920471,-0.5787822008132935,8.048531299209571e-07,0.3032374680042267,-0.1448814421892166,-0.03099982813000679,0.3632454574108124,0.16380901634693146,-0.031000208109617233
20,0.49058306217193604,-0.14820420742034912,-0.06091464310884476,0.6927036643028259,-0.4159401059150696,1.4419857263565063,-0.13563823699951172,0.7307565808296204,-0.008752069436013699,0.2916627526283264,-0.31423255801200867,-0.1188889592885971,0.1393311470746994,-0.20825137197971344,0.10163024067878723,0.30789005756378174,0.3881632387638092,-0.4293472170829773,-0.26746487617492676,0.9193268418312073,0.6376911997795105,0.9627772569656372,0.47046998143196106,0.7305766344070435,0.163616344332695,-0.08676628768444061,-0.2689511477947235,0.3607209026813507,0.3863421082496643,-0.3278840184211731,0.16558249294757843,0.5415489077568054,0.23060539364814758,0.2768821716308594,0.06493639945983887,0.7191044688224792,-0.6615894436836243,0.2125750035047531,-0.2986146807670593,-0.570422887802124,-0.7651450037956238,0.47208142280578613,-0.10529518127441406,0.29924312233924866,-0.45854735374450684,-0.5607355833053589,-0.6894271969795227,0.3154037594795227,0.6226007342338562,-0.7161625027656555,0.3332414925098419,0.009463310241699219,-0.03100007027387619,-0.5787826776504517,0.8154817819595337,-1.1799795629485743e-06,-0.8154817819595337,-0.5787826776504517,4.950288712279871e-08,0.30323758721351624,-0.144881933927536,-0.030999936163425446,0.3632453978061676,0.16380855441093445,-0.031000204384326935
21,0.49252066016197205,-0.13037480413913727,-0.08134208619594574,0.6903688311576843,-0.4054846167564392,1.4269723892211914,-0.12704680860042572,0.7307697534561157,-0.017328917980194092,0.2756843566894531,-0.29895326495170593,-0.04037414491176605,0.1442190706729889,-0.21088773012161255,0.11894550919532776,0.29002419114112854,0.4016033113002777,-0.43447616696357727,-0.28394556045532227,0.942940354347229,0.6646572351455688,0.9395080804824829,0.48224884271621704,0.7305493950843811,0.16887512803077698,-0.13796493411064148,-0.23676607012748718,0.399189829826355,0.37447991967201233,-0.3350635766983032,0.1644546389579773,0.5730369091033936,0.2271137535572052,0.27655744552612305,0.057509616017341614,0.7019197344779968,-0.6826297044754028,0.20328634977340698,-0.3192441165447235,-0.55666184425354,-0.766948938369751,0.48645874857902527,-0.10518646240234375,0.323615163564682,-0.4553319215774536,-0.5161763429641724,-0.7254205942153931,0.3582629859447479,0.6396802067756653,-0.6800419092178345,0.3332414925098419,0.009463310241699219,-0.031000059098005295,-0.5787822008132935,0.8154822587966919,1.7252860118333047e-07,-0.8154822587966919,-0.5787822008132935,8.871492127582314e-07,0.3032374978065491,-0.144881933927536,-0.03099997714161873,0.36324548721313477,0.16380855441093445,-0.03100014105439186
22,0.49396589398384094,-0.11337283998727798,-0.09998921304941177,0.6943155527114868,-0.39455312490463257,1.4119338989257812,-0.11686168611049652,0.7307978868484497,-0.011727485805749893,0.25193965435028076,-0.2695351541042328,0.06425075978040695,0.14966793358325958,-0.21438223123550415,0.14094039797782898,0.2547122538089752,0.4150936007499695,-0.4424476623535156,-0.29855021834373474,0.9682447910308838,0.6902158856391907,0.9162254929542542,0.4931980073451996,0.7305303812026978,0.16969914734363556,-0.1859053522348404,-0.2089652717113495,0.4264061152935028,0.354791522026062,-0.3349727988243103,0.1529930979013443,0.5947748422622681,0.22671747207641602,0.27784061431884766,0.05143624544143677,0.6820276379585266,-0.7039726972579956,0.1981431245803833,-0.33388984203338623,-0.5407869815826416,-0.7720537185668945,0.49974876642227173,-0.10563230514526367,0.3508218824863434,-0.44484007358551025,-0.4716508388519287,-0.761355996131897,0.401630163192749,0.6547727584838867,-0.6402857303619385,0.3332414925098419,0.009463787078857422,-0.03100001811981201,-0.5787829160690308,0.8154818415641785,-9.456286420572724e-07,-0.8154818415641785,-0.5787829160690308,2.0484262108766416e-07,0.3032376170158386,-0.1448814868927002,-0.030999891459941864,0.3632453680038452,0.16380906105041504,-0.03100014477968216
23,0.4979793131351471,-0.09691253304481506,-0.1177845299243927,0.7054435014724731,-0.38507941365242004,1.3977371454238892,-0.10639671981334686,0.7308533191680908,0.04530009254813194,0.2361520528793335,-0.2513976991176605,0.17891664803028107,0.12993137538433075,-0.2051950991153717,0.14549608528614044,0.1857924461364746,0.42790988087654114,-0.45283636450767517,-0.309402734041214,0.9947468638420105,0.7136375308036804,0.8930490612983704,0.5055036544799805,0.7305267453193665,0.17245030403137207,-0.22545257210731506,-0.14602944254875183,0.4450747072696686,0.3253820538520813,-0.33188724517822266,0.17209218442440033,0.5945989489555359,0.23020857572555542,0.2806100845336914,0.047054409980773926,0.66265469789505,-0.7224470973014832,0.1973801553249359,-0.34037917852401733,-0.5252810716629028,-0.7798857092857361,0.5112341046333313,-0.10611724853515625,0.3802793323993683,-0.4286156892776489,-0.42775100469589233,-0.7958125472068787,0.4437407851219177,0.6676017045974731,-0.5978311896324158,0.3332415223121643,0.009463310241699219,-0.031000033020973206,-0.5787824392318726,0.8154820203781128,2.7545470970835595e-07,-0.8154820203781128,-0.5787824392318726,8.954514782999468e-07,0.30323758721351624,-0.144881933927536,-0.030999962240457535,0.3632454574108124,0.16380855441093445,-0.031000103801488876
24,0.5031040906906128,-0.08272155374288559,-0.1343216747045517,0.7193877100944519,-0.37947940826416016,1.3868106603622437,-0.0969032421708107,0.7308971285820007,0.043091997504234314,0.20064100623130798,-0.23768377304077148,0.2133004367351532,0.07476670295000076,-0.1570964902639389,0.13195960223674774,0.1374010294675827,0.4367034435272217,-0.462924599647522,-0.31719592213630676,1.0212461948394775,0.7338925004005432,0.871901273727417,0.5201632380485535,0.7305642366409302,0.09888162463903427,-0.2053811103105545,-0.11660870164632797,0.4324968755245209,0.2818107604980469,-0.3047228455543518,0.20521749556064606,0.5289255976676941,0.23560494184494019,0.2828183174133301,0.04450172185897827,0.6457275748252869,-0.7368288636207581,0.20029740035533905,-0.34164589643478394,-0.5133978128433228,-0.7872106432914734,0.5210744738578796,-0.10819530487060547,0.4092545509338379,-0.41237688064575195,-0.3846854269504547,-0.8258101344108582,0.48287710547447205,0.6763662099838257,-0.5561999678611755,0.33324146270751953,0.009463787078857422,-0.03100006654858589,-0.5787818431854248,0.8154824376106262,-8.516472576047818e-07,-0.8154824376106262,-0.5787818431854248,2.736726678609358e-10,0.3032374083995819,-0.14488142728805542,-0.03099997341632843,0.36324551701545715,0.16380900144577026,-0.031000159680843353
25,0.5052998065948486,-0.0722956582903862,-0.14796514809131622,0.7323989868164062,-0.3763992190361023,1.3804913759231567,-0.08826500177383423,0.7309118509292603,-0.012428635731339455,0.1426180750131607,-0.2003338634967804,0.1942473202943802,0.039644837379455566,-0.09014913439750671,0.12017200887203217,0.11997366696596146,0.44022271037101746,-0.4708925187587738,-0.3262150287628174,1.045928955078125,0.7493782639503479,0.8544007539749146,0.5338150262832642,0.7306230068206787,-0.001716154394671321,-0.15918174386024475,-0.15677835047245026,0.3925521969795227,0.2135201394557953,-0.2551502585411072,0.19131149351596832,0.46382930874824524,0.24053993821144104,0.2835054397583008,0.04347825050354004,0.6294453144073486,-0.7495332956314087,0.2049351930618286,-0.3425436019897461,-0.5043810606002808,-0.7926308512687683,0.5301323533058167,-0.1143045425415039,0.4348382353782654,-0.3990851640701294,-0.34446266293525696,-0.8497508764266968,0.5190148949623108,0.679124116897583,-0.5190510749816895,0.33324146270751953,0.009463310241699219,-0.03100007027387619,-0.5787824392318726,0.8154820203781128,-9.912064342643134e-07,-0.8154820203781128,-0.5787824392318726,1.2592303733072185e-07,0.30323752760887146,-0.144881933927536,-0.03099994733929634,0.3632453978061676,0.16380855441093445,-0.03100019320845604
26,0.5051913261413574,-0.06573887169361115,-0.15941862761974335,0.7455224990844727,-0.37593159079551697,1.37784743309021,-0.08026440441608429,0.7309343218803406,-0.04231719672679901,0.07599329203367233,-0.16855502128601074,0.20536692440509796,0.0030647257808595896,-0.03975243121385574,0.11153066903352737,0.09287688881158829,0.4379216730594635,-0.47685766220092773,-0.33519792556762695,1.067449927330017,0.7601598501205444,0.8422300815582275,0.546755313873291,0.7306997179985046,-0.07643432170152664,-0.12087365239858627,-0.15308058261871338,0.3362545669078827,0.14795619249343872,-0.17829519510269165,0.1813460886478424,0.3680892884731293,0.24575337767601013,0.2830495834350586,0.04404208064079285,0.6135573387145996,-0.7607520818710327,0.2116689383983612,-0.34172478318214417,-0.49745678901672363,-0.7973463535308838,0.5379210114479065,-0.12343263626098633,0.4557572603225708,-0.3901963233947754,-0.30902034044265747,-0.8673253059387207,0.55051589012146,0.676766037940979,-0.48879435658454895,0.3332414925098419,0.009463310241699219,-0.03100007027387619,-0.5787819623947144,0.8154823184013367,-5.813283223687904e-07,-0.8154823184013367,-0.5787819623947144,-5.148258708231879e-08,0.3032374680042267,-0.14488190412521362,-0.031000014394521713,0.36324551701545715,0.16380852460861206,-0.031000126153230667
27,0.5043865442276001,-0.062288813292980194,-0.16898192465305328,0.7584595680236816,-0.3743368089199066,1.3766075372695923,-0.07138402760028839,0.7309384346008301,-0.034541696310043335,0.03230847418308258,-0.13829274475574493,0.2013523429632187,0.019994257017970085,-0.02031836472451687,0.12380020320415497,0.08858952671289444,0.43400838971138,-0.48165109753608704,-0.34519270062446594,1.0862247943878174,0.7695047855377197,0.8325960040092468,0.5576263070106506,0.7307302355766296,-0.09948467463254929,-0.10412739962339401,-0.16884471476078033,0.2966592013835907,0.12719035148620605,-0.14249634742736816,0.15244583785533905,0.34290066361427307,0.25092607736587524,0.2830929756164551,0.0453418493270874,0.5965011119842529,-0.7722803354263306,0.2185623198747635,-0.3397083580493927,-0.4896491765975952,-0.8030205368995667,0.5447438359260559,-0.13388919830322266,0.4736438989639282,-0.3828999996185303,-0.2764076590538025,-0.8814684152603149,0.5785371661186218,0.67214435338974,-0.462078720331192,0.33324146270751953,0.009463310241699219,-0.031000062823295593,-0.5787826776504517,0.8154819011688232,1.42212087439475e-07,-0.8154819011688232,-0.5787826776504517,7.675502615711594e-07,0.30323755741119385,-0.144881933927536,-0.030999992042779922,0.3632453680038452,0.16380855441093445,-0.031000133603811264
28,0.5050297975540161,-0.059709034860134125,-0.1775929480791092,0.7706173062324524,-0.37177276611328125,1.3766268491744995,-0.0620034895837307,0.7309460639953613,-0.002107120817527175,0.028197864070534706,-0.12250246107578278,0.18411614000797272,0.03411748260259628,-0.002031082985922694,0.1307520568370819,0.08350516110658646,0.42923516035079956,-0.48510798811912537,-0.3556027114391327,1.1034172773361206,0.7782121300697327,0.8236359357833862,0.5685153603553772,0.7307535409927368,-0.10890843719244003,-0.07977259904146194,-0.17370013892650604,0.27160847187042236,0.11862915754318237,-0.13294267654418945,0.1527022123336792,0.3143356144428253,0.2554468810558319,0.2836422920227051,0.046818315982818604,0.5801258683204651,-0.7828965187072754,0.2247820496559143,-0.3377680778503418,-0.48234522342681885,-0.8082424402236938,0.5511407256126404,-0.14519214630126953,0.4895476698875427,-0.377200722694397,-0.24457359313964844,-0.8932543992996216,0.6046470999717712,0.6655431985855103,-0.4375547170639038,0.33324146270751953,0.009463310241699219,-0.03100007027387619,-0.5787822008132935,0.8154822587966919,-1.261613078895607e-06,-0.8154822587966919,-0.5787822008132935,-1.5158916255586519e-07,0.3032374680042267,-0.144881933927536,-0.03099995106458664,0.3632454574108124,0.16380855441093445,-0.03100018948316574
29,0.5087524652481079,-0.0570630207657814,-0.18567878007888794,0.7820605039596558,-0.3683018088340759,1.3782219886779785,-0.052309513092041016,0.7309709787368774,0.06381562352180481,0.03152858838438988,-0.11018076539039612,0.17260444164276123,0.047794949263334274,0.01995277591049671,0.1352783888578415,0.047748494893312454,0.42418789863586426,-0.487887442111969,-0.3649679720401764,1.1190305948257446,0.7848580479621887,0.8146448731422424,0.5796637535095215,0.730779230594635,-0.10414120554924011,-0.06891711056232452,-0.15219800174236298,0.2473628669977188,0.09135604649782181,-0.13269071280956268,0.15621447563171387,0.2735520899295807,0.2591208815574646,0.284914493560791,0.04832133650779724,0.5658016800880432,-0.7917819619178772,0.23010823130607605,-0.3362305760383606,-0.4763725996017456,-0.8124150037765503,0.5568745136260986,-0.15648698806762695,0.5037296414375305,-0.3717910051345825,-0.21542878448963165,-0.9029738903045654,0.628760576248169,0.6571730375289917,-0.4156726002693176,0.33324146270751953,0.009463310241699219,-0.031000062823295593,-0.5787826776504517,0.8154819011688232,-3.7291073340384173e-07,-0.8154819011688232,-0.5787826776504517,2.554308480284817e-07,0.30323755741119385,-0.144881933927536,-0.030999992042779922,0.3632453680038452,0.16380855441093445,-0.031000133603811264
30,0.5155846476554871,-0.05426966771483421,-0.19324913620948792,0.7928169965744019,-0.36404040455818176,1.3810839653015137,-0.04241170734167099,0.7309958934783936,0.11549880355596542,0.03497917950153351,-0.10125906765460968,0.16139857470989227,0.05943136289715767,0.037867121398448944,0.1382126808166504,0.007207713555544615,0.41939491033554077,-0.49000465869903564,-0.3731151819229126,1.1331725120544434,0.7898141741752625,0.8056358695030212,0.5909799933433533,0.7308058142662048,-0.09636065363883972,-0.05444842576980591,-0.13275466859340668,0.22261135280132294,0.06789436936378479,-0.1321536898612976,0.1585596352815628,0.24025680124759674,0.26205122470855713,0.2869853973388672,0.04978853464126587,0.553817868232727,-0.7989022135734558,0.23460835218429565,-0.3349063992500305,-0.47170090675354004,-0.8156814575195312,0.5619261264801025,-0.16722774505615234,0.5163334608078003,-0.36661338806152344,-0.189035564661026,-0.9109666347503662,0.6505954265594482,0.6478434801101685,-0.3962630033493042,0.33324146270751953,0.009463787078857422,-0.03100001811981201,-0.5787822008132935,0.8154823184013367,-4.409131975080527e-07,-0.8154823184013367,-0.5787822008132935,6.154126026558515e-07,0.3032374680042267,-0.1448814570903778,-0.03099989891052246,0.3632454574108124,0.16380903124809265,-0.031000137329101562
31,0.5245142579078674,-0.051342424005270004,-0.20056815445423126,0.8028640747070312,-0.35905182361602783,1.3847708702087402,-0.032389696687459946,0.7309970855712891,0.14538107812404633,0.03802676871418953,-0.09770318865776062,0.14994196593761444,0.06997215002775192,0.04970787465572357,0.14009743928909302,0.003446971531957388,0.4151419699192047,-0.4913277328014374,-0.3801319897174835,1.1459548473358154,0.7937260866165161,0.7965738773345947,0.6023737192153931,0.7308290004730225,-0.08370380848646164,-0.038716938346624374,-0.11364506930112839,0.20016025006771088,0.05350514128804207,-0.13206331431865692,0.15964004397392273,0.21086427569389343,0.26430872082710266,0.2896137237548828,0.05114905536174774,0.5433502197265625,-0.8049684762954712,0.23831957578659058,-0.33408913016319275,-0.46776843070983887,-0.8182768821716309,0.566418468952179,-0.1771373748779297,0.5274733304977417,-0.3618727922439575,-0.16494645178318024,-0.9175188541412354,0.6701346039772034,0.6381663084030151,-0.3790295720100403,0.33324146270751953,0.009463787078857422,-0.03100001811981201,-0.5787829160690308,0.8154817819595337,-1.0463171520314063e-06,-0.8154817819595337,-0.5787829160690308,3.1932802357914625e-07,0.30323758721351624,-0.1448814868927002,-0.030999869108200073,0.3632453382015228,0.16380906105041504,-0.03100016713142395
32,0.5348355770111084,-0.048343025147914886,-0.20778730511665344,0.812347948551178,-0.35349851846694946,1.3892433643341064,-0.02231976017355919,0.7310025691986084,0.1675998419523239,0.039394915103912354,-0.09575290232896805,0.14133749902248383,0.07817421853542328,0.060846053063869476,0.14083492755889893,-0.00352207338437438,0.4114970266819,-0.4918326437473297,-0.38615235686302185,1.157462239265442,0.7967822551727295,0.787481963634491,0.6138110160827637,0.7308505773544312,-0.07173999398946762,-0.02292412519454956,-0.09772521257400513,0.17899031937122345,0.04166277125477791,-0.13182902336120605,0.16025236248970032,0.18529291450977325,0.2659711539745331,0.2925853729248047,0.05244685709476471,0.5338569283485413,-0.8103872537612915,0.24139049649238586,-0.3339405357837677,-0.46433043479919434,-0.8202932476997375,0.570475697517395,-0.18616199493408203,0.5372176170349121,-0.3577476739883423,-0.14294137060642242,-0.9228132963180542,0.6875271201133728,0.628412663936615,-0.3638736307621002,0.33324146270751953,0.009463787078857422,-0.03100001811981201,-0.5787824392318726,0.8154820203781128,-1.2086363767593866e-06,-0.8154820203781128,-0.5787824392318726,7.93074264038296e-08,0.30323752760887146,-0.1448814570903778,-0.03099987655878067,0.3632453978061676,0.16380903124809265,-0.031000159680843353
33,0.5462104082107544,-0.04569191485643387,-0.21484920382499695,0.8214385509490967,-0.34731045365333557,1.394587516784668,-0.0121762715280056,0.7309991717338562,0.18594352900981903,0.03242363780736923,-0.09274362027645111,0.1365363448858261,0.0871722623705864,0.0730862244963646,0.14186833798885345,-0.002055541845038533,0.4081803858280182,-0.49150198698043823,-0.3914894461631775,1.167801856994629,0.7995169162750244,0.778455376625061,0.6253277063369751,0.7308672666549683,-0.06625932455062866,-0.007572118658572435,-0.08828654885292053,0.1598135083913803,0.03725527971982956,-0.13064666092395782,0.16134412586688995,0.16264879703521729,0.2671370506286621,0.29590797424316406,0.05380626022815704,0.5249694585800171,-0.8154350519180298,0.24387061595916748,-0.33428338170051575,-0.46104419231414795,-0.8220054507255554,0.574265718460083,-0.19451570510864258,0.545687735080719,-0.3545360565185547,-0.12220117449760437,-0.9270228147506714,0.7031568884849548,0.6186598539352417,-0.3504718244075775,0.33324146270751953,0.009463310241699219,-0.031000062823295593,-0.5787819623947144,0.8154823184013367,-1.3031703360866231e-07,-0.8154823184013367,-0.5787819623947144,3.685576928091905e-07,0.3032374382019043,-0.14488190412521362,-0.031000006943941116,0.36324548721313477,0.16380852460861206,-0.03100011870265007
34,0.558208703994751,-0.04350767657160759,-0.22178129851818085,0.8299925327301025,-0.3403993844985962,1.4005463123321533,-0.0019134355243295431,0.7309998273849487,0.1939363181591034,0.026109041646122932,-0.0911400318145752,0.12776058912277222,0.09759221971035004,0.08200488984584808,0.1437208354473114,-0.00235757022164762,0.40513384342193604,-0.4902551472187042,-0.3963395357131958,1.176995038986206,0.8023667335510254,0.7695348858833313,0.6368939876556396,0.730884850025177,-0.05967457592487335,0.010384738445281982,-0.08026614040136337,0.13995720446109772,0.038910042494535446,-0.12853723764419556,0.1620507538318634,0.1420055776834488,0.26779839396476746,0.29952430725097656,0.05518212914466858,0.5162794589996338,-0.8204210996627808,0.24569258093833923,-0.33521416783332825,-0.45757853984832764,-0.823561429977417,0.5779072046279907,-0.20224952697753906,0.5529060363769531,-0.3524656295776367,-0.10221950709819794,-0.9302253723144531,0.7171764969825745,0.6090657711029053,-0.33866897225379944,0.3332414925098419,0.009463310241699219,-0.03100002184510231,-0.5787824392318726,0.815481960773468,-7.842634772714518e-07,-0.815481960773468,-0.5787824392318726,3.5094953432235343e-07,0.30323755741119385,-0.14488191902637482,-0.030999895185232162,0.36324542760849,0.16380853950977325,-0.031000148504972458
35,0.5702290534973145,-0.04164467379450798,-0.22872209548950195,0.8377478122711182,-0.3327350914478302,1.406746506690979,0.008496567606925964,0.7309980988502502,0.18986095488071442,0.02285633608698845,-0.09228097647428513,0.11453063786029816,0.10778572410345078,0.08577927201986313,0.1455152928829193,-0.0011828552233055234,0.4025407135486603,-0.4879978895187378,-0.40070268511772156,1.1850608587265015,0.8056558966636658,0.7607210874557495,0.6484606862068176,0.7309019565582275,-0.04940209910273552,0.02961883507668972,-0.07125092297792435,0.12053725868463516,0.0451519750058651,-0.12629757821559906,0.16203626990318298,0.1190006285905838,0.26788970828056335,0.3032503128051758,0.05644036829471588,0.5072587132453918,-0.8257033228874207,0.2467847466468811,-0.3371090590953827,-0.4536590576171875,-0.8249551653862,0.5814610123634338,-0.2091836929321289,0.5588790774345398,-0.3516422510147095,-0.08282491564750671,-0.9324632883071899,0.7295242547988892,0.5999553799629211,-0.32840195298194885,0.33324146270751953,0.009463310241699219,-0.03100007027387619,-0.5787820816040039,0.8154824376106262,-6.810889203734405e-07,-0.8154824376106262,-0.5787820816040039,-2.418819349259138e-07,0.3032374382019043,-0.144881933927536,-0.03100002557039261,0.36324548721313477,0.16380855441093445,-0.03100011497735977
36,0.5819771885871887,-0.040011826902627945,-0.2358272671699524,0.8448708057403564,-0.32447296380996704,1.413081169128418,0.018988437950611115,0.7309842705726624,0.183144211769104,0.01939309574663639,-0.09521286189556122,0.10547160357236862,0.11590837687253952,0.08777104318141937,0.14649444818496704,0.03473879396915436,0.4005065858364105,-0.4848857522010803,-0.4045184850692749,1.1922276020050049,0.809389591217041,0.7519293427467346,0.6600165367126465,0.7309134006500244,-0.03874048963189125,0.04364784061908722,-0.06155601888895035,0.10656309872865677,0.051503293216228485,-0.1255529820919037,0.16187550127506256,0.10468357056379318,0.26752808690071106,0.30695295333862305,0.057596758008003235,0.4976441264152527,-0.8313905000686646,0.2472652792930603,-0.33994781970977783,-0.44921064376831055,-0.8262235522270203,0.5849418640136719,-0.21525907516479492,0.5638605952262878,-0.35173702239990234,-0.06397859007120132,-0.9339100122451782,0.7403913140296936,0.5914583206176758,-0.31937095522880554,0.3332414925098419,0.009463787078857422,-0.03100001811981201,-0.5787824392318726,0.8154820203781128,-9.110198107009637e-07,-0.8154820203781128,-0.5787824392318726,4.546475906863634e-07,0.30323755741119385,-0.1448814570903778,-0.030999869108200073,0.36324542760849,0.16380903124809265,-0.03100016713142395
37,0.5934586524963379,-0.03852580115199089,-0.2432093471288681,0.8516294956207275,-0.3158242702484131,1.4195425510406494,0.029455458745360374,0.7309732437133789,0.17725202441215515,0.017297236248850822,-0.09955374896526337,0.10032953321933746,0.12134676426649094,0.0896054059267044,0.14618290960788727,0.04220318794250488,0.3991085886955261,-0.4811467230319977,-0.4077455699443817,1.1987242698669434,0.8133821487426758,0.7430600523948669,0.6715366244316101,0.730923056602478,-0.026776712387800217,0.05431034043431282,-0.05101732537150383,0.09590975195169449,0.05487126111984253,-0.12598510086536407,0.16140808165073395,0.09584935009479523,0.26687100529670715,0.310579776763916,0.05870698392391205,0.4874837398529053,-0.8373802900314331,0.2472931444644928,-0.34351181983947754,-0.4443202018737793,-0.8273929953575134,0.5883413553237915,-0.22048473358154297,0.5681203603744507,-0.3523437976837158,-0.045779142528772354,-0.9347501993179321,0.7500157356262207,0.5835873484611511,-0.31129124760627747,0.33324146270751953,0.009463310241699219,-0.031000062823295593,-0.5787819623947144,0.8154823184013367,1.8641017618392652e-07,-0.8154823184013367,-0.5787819623947144,5.460164516080113e-07,0.3032374382019043,-0.14488190412521362,-0.03100002184510231,0.36324548721313477,0.16380852460861206,-0.031000103801488876
38,0.6046661138534546,-0.03731859475374222,-0.25081607699394226,0.8581371307373047,-0.30678507685661316,1.4261513948440552,0.039918966591358185,0.7309632897377014,0.17209666967391968,0.012305228970944881,-0.10296168923377991,0.09718174487352371,0.1266457438468933,0.09170844405889511,0.14600856602191925,0.04775655269622803,0.39820924401283264,-0.4769035875797272,-0.41046658158302307,1.2047030925750732,0.8177646994590759,0.7341346144676208,0.6830482482910156,0.7309294939041138,-0.018474478274583817,0.06283317506313324,-0.04310453310608864,0.08762003481388092,0.06043573096394539,-0.12655578553676605,0.16128279268741608,0.08727257698774338,0.26599442958831787,0.3141765594482422,0.05982683598995209,0.4767364263534546,-0.8436623811721802,0.24689322710037231,-0.34761327505111694,-0.4389054775238037,-0.828569233417511,0.5916797518730164,-0.22499465942382812,0.5718379020690918,-0.3533388376235962,-0.027926839888095856,-0.9350786209106445,0.7586396336555481,0.5763013958930969,-0.3038793206214905,0.3332414925098419,0.009463310241699219,-0.031000033020973206,-0.5787826776504517,0.8154817819595337,-1.6203385655444436e-07,-0.8154817819595337,-0.5787826776504517,8.06306616141228e-07,0.30323758721351624,-0.144881933927536,-0.03099992498755455,0.3632453978061676,0.16380855441093445,-0.03100014105439186
39,0.6156081557273865,-0.03640808165073395,-0.25862929224967957,0.8644830584526062,-0.29742854833602905,1.4328811168670654,0.05036182701587677,0.7309513688087463,0.16655181348323822,0.007616696413606405,-0.1062251403927803,0.09506624937057495,0.13094747066497803,0.09345373511314392,0.14566285908222198,0.06780924648046494,0.39772242307662964,-0.4722379148006439,-0.41280215978622437,1.2102744579315186,0.8225417137145996,0.7251543998718262,0.6945450901985168,0.7309349179267883,-0.011193850077688694,0.07021979242563248,-0.03674144297838211,0.08089455962181091,0.06631306558847427,-0.12722717225551605,0.1610376238822937,0.07684925943613052,0.26497116684913635,0.31775331497192383,0.06098376214504242,0.46544474363327026,-0.8501695990562439,0.2461155354976654,-0.35209473967552185,-0.4329793453216553,-0.8297941088676453,0.5949833393096924,-0.2289266586303711,0.5751241445541382,-0.3546210527420044,-0.010272115468978882,-0.9349536895751953,0.7664698362350464,0.5695005059242249,-0.2969733774662018,0.33324146270751953,0.009463787078857422,-0.03100001811981201,-0.5787822008132935,0.8154823184013367,-5.407136995927431e-07,-0.8154823184013367,-0.5787822008132935,1.3023171163695224e-07,0.3032374680042267,-0.1448814570903778,-0.030999943614006042,0.3632454574108124,0.16380903124809265,-0.03100009262561798
40,0.6263223886489868,-0.035778023302555084,-0.26663345098495483,0.8707774877548218,-0.28785037994384766,1.4397677183151245,0.06075470149517059,0.7309466600418091,0.1623295098543167,0.0029297673609107733,-0.10909542441368103,0.09477458894252777,0.1340302973985672,0.095640167593956,0.1449294090270996,0.06873887777328491,0.3975878953933716,-0.4672115743160248,-0.41484227776527405,1.215513825416565,0.8276314735412598,0.7161248922348022,0.7060249447822571,0.7309393882751465,-0.005215859040617943,0.07647199928760529,-0.031958308070898056,0.07538881152868271,0.07042402029037476,-0.12754693627357483,0.16081863641738892,0.07233621925115585,0.26386046409606934,0.32131052017211914,0.06221073865890503,0.4536992311477661,-0.8568075299263,0.24502617120742798,-0.3568318486213684,-0.42661523818969727,-0.831065833568573,0.5982695817947388,-0.232391357421875,0.5780401825904846,-0.3561265468597412,0.007218361832201481,-0.9344098567962646,0.7736549377441406,0.5630830526351929,-0.29050910472869873,0.33324146270751953,0.009463787078857422,-0.03100006654858589,-0.5787816047668457,0.8154824376106262,-8.440690066890966e-07,-0.8154824376106262,-0.5787816047668457,1.6993210749660648e-07,0.3032373785972595,-0.14488139748573303,-0.030999954789876938,0.36324554681777954,0.16380897164344788,-0.031000178307294846
41,0.6367037892341614,-0.03525837883353233,-0.2749160826206207,0.8770528435707092,-0.2781606912612915,1.4465564489364624,0.07105889171361923,0.7309412956237793,0.15335115790367126,0.0017234320985153317,-0.11393549293279648,0.09436511248350143,0.1357625126838684,0.09431762248277664,0.14386403560638428,0.0755079835653305,0.39791879057884216,-0.4619416892528534,-0.416567862033844,1.2206228971481323,0.8330549597740173,0.7069728374481201,0.7174504399299622,0.7309410572052002,0.003453570883721113,0.07983513921499252,-0.025638291612267494,0.07381501793861389,0.07521902024745941,-0.1290481686592102,0.16006910800933838,0.07247021794319153,0.26275336742401123,0.32479190826416016,0.06345567107200623,0.44143515825271606,-0.8635686635971069,0.2436889410018921,-0.3617338538169861,-0.4198065996170044,-0.832412838935852,0.6015145778656006,-0.23536109924316406,0.5808035135269165,-0.35754525661468506,0.024557441473007202,-0.9335728883743286,0.780297040939331,0.5571118593215942,-0.28418806195259094,0.33324146270751953,0.009463310241699219,-0.03100007027387619,-0.578782320022583,0.8154821395874023,-9.51361244005966e-07,-0.8154821395874023,-0.578782320022583,2.9311686944311077e-07,0.3032374978065491,-0.144881933927536,-0.030999932438135147,0.36324542760849,0.16380855441093445,-0.031000208109617233
42,0.6463709473609924,-0.034497976303100586,-0.28351065516471863,0.8831710815429688,-0.2685772776603699,1.453012466430664,0.08123623579740524,0.7309361696243286,0.13689202070236206,0.0072545544244349,-0.1197463646531105,0.09069011360406876,0.13403421640396118,0.08982870727777481,0.142051100730896,0.08041435480117798,0.39887574315071106,-0.4564048647880554,-0.41811272501945496,1.225659966468811,0.8386861085891724,0.6977636814117432,0.7287463545799255,0.7309452891349792,0.01393196638673544,0.08538337796926498,-0.022122278809547424,0.07165716588497162,0.07809615135192871,-0.12951993942260742,0.15823838114738464,0.06419830024242401,0.26164865493774414,0.32799673080444336,0.06460371613502502,0.4285104274749756,-0.8704477548599243,0.24227982759475708,-0.367010235786438,-0.4127119779586792,-0.8336499929428101,0.6047275066375732,-0.23781824111938477,0.583395779132843,-0.3588993549346924,0.04157126322388649,-0.9324501156806946,0.7863644957542419,0.5516374111175537,-0.27807754278182983,0.3332414925098419,0.009463310241699219,-0.03100007027387619,-0.5787818431854248,0.815482497215271,-1.071185238288308e-06,-0.815482497215271,-0.5787818431854248,1.594963805473526e-08,0.3032374382019043,-0.14488190412521362,-0.03099995106458664,0.36324554681777954,0.16380852460861206,-0.03100018948316574
43,0.6552577614784241,-0.03339860215783119,-0.2924838662147522,0.8892607092857361,-0.2591978907585144,1.459145426750183,0.09124819934368134,0.7309316396713257,0.12207281589508057,0.012131677009165287,-0.12585392594337463,0.0905652567744255,0.13051576912403107,0.08527842909097672,0.13944964110851288,0.09151466935873032,0.40045201778411865,-0.45070138573646545,-0.41944560408592224,1.2307486534118652,0.8444045186042786,0.6884387731552124,0.7399210333824158,0.7309457659721375,0.024050891399383545,0.08691281825304031,-0.01770288497209549,0.07312707602977753,0.0794350877404213,-0.1310640275478363,0.15655629336833954,0.06658259779214859,0.26061704754829407,0.33086585998535156,0.06566914916038513,0.4148539900779724,-0.8774169683456421,0.2409060001373291,-0.3726166784763336,-0.40537285804748535,-0.8347633481025696,0.6078926920890808,-0.2397918701171875,0.5859506726264954,-0.35999882221221924,0.0581960529088974,-0.9311360120773315,0.791972815990448,0.5466054677963257,-0.2720322012901306,0.33324146270751953,0.009463787078857422,-0.03100001811981201,-0.5787822008132935,0.8154821991920471,-4.652998200072034e-07,-0.8154821991920471,-0.5787822008132935,3.699645105825766e-07,0.3032374680042267,-0.1448814421892166,-0.03099992498755455,0.3632454574108124,0.16380901634693146,-0.031000111252069473
44,0.6634716987609863,-0.03200652077794075,-0.30189454555511475,0.8956565856933594,-0.25015681982040405,1.4649120569229126,0.10102386772632599,0.7309278845787048,0.10866666585206985,0.015426025725901127,-0.1327868551015854,0.09620169550180435,0.12569935619831085,0.07992499321699142,0.1362171769142151,0.09494298696517944,0.4026251435279846,-0.44510695338249207,-0.42055121064186096,1.2362418174743652,0.8502196073532104,0.6788962483406067,0.7509814500808716,0.7309388518333435,0.03298172354698181,0.082215815782547,-0.013216283172369003,0.08137363940477371,0.08108923584222794,-0.1343804895877838,0.15490399301052094,0.07058673352003098,0.2598698139190674,0.33344316482543945,0.06673170626163483,0.4005175232887268,-0.8843899965286255,0.23966649174690247,-0.3781186640262604,-0.3977774381637573,-0.835942268371582,0.6109448671340942,-0.24138641357421875,0.5888901352882385,-0.3602665662765503,0.07460401207208633,-0.9298614859580994,0.7973912954330444,0.5419384241104126,-0.2654617130756378,0.33324146270751953,0.009463787078857422,-0.03100001811981201,-0.5787816047668457,0.8154824376106262,-7.037934324216621e-07,-0.8154824376106262,-0.5787816047668457,4.4249981101529556e-07,0.3032373785972595,-0.14488139748573303,-0.030999891459941864,0.36324554681777954,0.16380897164344788,-0.03100014477968216
45,0.6711511611938477,-0.030181387439370155,-0.3118396997451782,0.9026318192481995,-0.24164707958698273,1.4701206684112549,0.11043879389762878,0.7309263348579407,0.09770318865776062,0.021779261529445648,-0.14098554849624634,0.10529625415802002,0.11803358793258667,0.07182037830352783,0.13115555047988892,0.09678080677986145,0.40543729066848755,-0.4398807883262634,-0.4212968349456787,1.2421789169311523,0.8561830520629883,0.6692618131637573,0.7619169354438782,0.7309340834617615,0.04458358511328697,0.07530095428228378,-0.005568458698689938,0.0888066217303276,0.08318451792001724,-0.13534769415855408,0.1531594693660736,0.07613324373960495,0.2596147954463959,0.33573389053344727,0.06780339777469635,0.38567066192626953,-0.8912281394004822,0.23868530988693237,-0.38311031460762024,-0.390034556388855,-0.8373169898986816,0.613760769367218,-0.24247407913208008,0.5923900604248047,-0.35954034328460693,0.09077215939760208,-0.9287039637565613,0.8025282621383667,0.537887454032898,-0.25811895728111267,0.3332414925098419,0.009463310241699219,-0.031000062823295593,-0.5787824392318726,0.8154820799827576,-6.57263342418446e-07,-0.8154820799827576,-0.5787824392318726,4.38475389330506e-08,0.30323752760887146,-0.144881933927536,-0.030999988317489624,0.3632454574108124,0.16380855441093445,-0.031000137329101562
46,0.6784384250640869,-0.027735181152820587,-0.32237452268600464,0.9103569984436035,-0.2338668704032898,1.474658727645874,0.11937114596366882,0.7309274077415466,0.08927017450332642,0.031058765947818756,-0.1498444676399231,0.1166965663433075,0.10757908225059509,0.062139615416526794,0.12439671903848648,0.09533066302537918,0.4090322256088257,-0.4350629448890686,-0.4215644896030426,1.248421311378479,0.8622740507125854,0.6597064733505249,0.7727060317993164,0.7309332489967346,0.05884302407503128,0.06898464262485504,0.003901527263224125,0.09337305277585983,0.0849582627415657,-0.13376832008361816,0.15111437439918518,0.0765414610505104,0.25997844338417053,0.3377108573913574,0.06887605786323547,0.37055808305740356,-0.8977701663970947,0.23810797929763794,-0.38733968138694763,-0.3823714256286621,-0.8389041423797607,0.6162704825401306,-0.24281644821166992,0.5963581800460815,-0.3580608367919922,0.10647562146186829,-0.9276072978973389,0.8071056604385376,0.5347898006439209,-0.25016066431999207,0.33324146270751953,0.009463787078857422,-0.03100001811981201,-0.5787818431854248,0.8154824376106262,-1.1011950391548453e-06,-0.8154824376106262,-0.5787818431854248,3.1469329542233027e-07,0.3032374083995819,-0.14488142728805542,-0.030999861657619476,0.36324551701545715,0.16380900144577026,-0.031000174582004547
47,0.6854190230369568,-0.02469206415116787,-0.33345961570739746,0.9189311265945435,-0.2269166111946106,1.4786218404769897,0.12776325643062592,0.7309297323226929,0.0824102908372879,0.03908329829573631,-0.15806876122951508,0.1298574060201645,0.09606602042913437,0.05378073453903198,0.11703135073184967,0.0893569216132164,0.4134369194507599,-0.4305563271045685,-0.4214326739311218,1.2548855543136597,0.8684874176979065,0.650316059589386,0.78333979845047,0.7309335470199585,0.07204396277666092,0.06433846056461334,0.01098604965955019,0.09665185958147049,0.08665315806865692,-0.13119690120220184,0.14893916249275208,0.07569029927253723,0.2610001862049103,0.33935976028442383,0.0699925571680069,0.3553505539894104,-0.9039244651794434,0.23800581693649292,-0.3906714618206024,-0.3749420642852783,-0.8407106399536133,0.6184934973716736,-0.24239826202392578,0.6006613969802856,-0.35610711574554443,0.12168055772781372,-0.9264888763427734,0.8110367655754089,0.5326976180076599,-0.24176982045173645,0.33324146270751953,0.009463310241699219,-0.03100007027387619,-0.5787824392318726,0.8154820203781128,-1.2490494327721535e-06,-0.8154820203781128,-0.5787824392318726,-1.2721484665689786e-07,0.30323752760887146,-0.144881933927536,-0.03099995106458664,0.3632453978061676,0.16380855441093445,-0.03100018948316574
48,0.6921200752258301,-0.021106507629156113,-0.3450525999069214,0.9283953905105591,-0.22085733711719513,1.4820729494094849,0.13558261096477509,0.730932891368866,0.07565610110759735,0.046404797583818436,-0.16575051844120026,0.1434417963027954,0.08338935673236847,0.04633893445134163,0.10902520269155502,0.08641991764307022,0.41860300302505493,-0.426268994808197,-0.4210362732410431,1.2615121603012085,0.874845564365387,0.641148030757904,0.7938080430030823,0.730934739112854,0.08435642719268799,0.06124573573470116,0.01591385155916214,0.09889771044254303,0.0886760950088501,-0.1278383731842041,0.14662258327007294,0.07398078590631485,0.26269862055778503,0.3406691551208496,0.0711841732263565,0.34014052152633667,-0.909649133682251,0.2384176254272461,-0.3930129408836365,-0.3678417205810547,-0.8427534103393555,0.6204662322998047,-0.24129486083984375,0.6051875352859497,-0.3539074659347534,0.13645415008068085,-0.9252728819847107,0.8143271207809448,0.5315489768981934,-0.2330819070339203,0.33324146270751953,0.009463310241699219,-0.03100001811981201,-0.5787822008132935,0.8154823184013367,-1.1309512046864256e-06,-0.8154823184013367,-0.5787822008132935,2.8026801146552316e-07,0.3032374680042267,-0.144881933927536,-0.030999861657619476,0.3632454574108124,0.16380855441093445,-0.031000174582004547
49,0.6984738707542419,-0.01696067303419113,-0.357109934091568,0.9387239813804626,-0.2157580852508545,1.484995722770691,0.142830953001976,0.7309368252754211,0.06725919246673584,0.0543922558426857,-0.17298485338687897,0.15632931888103485,0.06945865601301193,0.03876097872853279,0.10087566822767258,0.08517799526453018,0.42449089884757996,-0.4221595823764801,-0.4205149710178375,1.2683519124984741,0.8813055157661438,0.6321980953216553,0.8040972948074341,0.7309346795082092,0.09541945159435272,0.05798625200986862,0.018510621041059494,0.10245433449745178,0.09010455757379532,-0.12469390779733658,0.14411091804504395,0.07398441433906555,0.2650757133960724,0.3415837287902832,0.07244598865509033,0.32493728399276733,-0.9149290323257446,0.23941746354103088,-0.3943447470664978,-0.36117351055145264,-0.8450124859809875,0.6222177147865295,-0.23963260650634766,0.6099321842193604,-0.35149383544921875,0.15085215866565704,-0.9239565134048462,0.8170678615570068,0.5312044024467468,-0.22410255670547485,0.33324146270751953,0.009463310241699219,-0.031000062823295593,-0.5787829160690308,0.8154817223548889,-6.536657792821643e-07,-0.8154817223548889,-0.5787829160690308,1.3869072290617623e-07,0.30323758721351624,-0.1448819488286972,-0.03099997714161873,0.3632453382015228,0.16380856931209564,-0.031000148504972458
50,0.7043871879577637,-0.012198418378829956,-0.3695923984050751,0.9499005675315857,-0.2117292284965515,1.4873943328857422,0.14950962364673615,0.7309415936470032,0.05736415088176727,0.06330006569623947,-0.1797512024641037,0.168924942612648,0.05446409806609154,0.031192729249596596,0.09308282285928726,0.07856866717338562,0.4310401976108551,-0.4182572364807129,-0.4200384020805359,1.2755540609359741,0.8877297639846802,0.6234086751937866,0.8141895532608032,0.7309320569038391,0.10459498316049576,0.05346017703413963,0.01814042404294014,0.10876081883907318,0.0892980694770813,-0.12233415246009827,0.1413867026567459,0.0783643126487732,0.2681314945220947,0.34201765060424805,0.07377356290817261,0.3097458481788635,-0.9197343587875366,0.2411351501941681,-0.3946731388568878,-0.35509586334228516,-0.8474314212799072,0.6237654089927673,-0.2376084327697754,0.6149948239326477,-0.34869587421417236,0.1649237424135208,-0.9226112365722656,0.8194484114646912,0.5314164757728577,-0.21471130847930908,0.33324146270751953,0.009463787078857422,-0.031000014394521713,-0.5787822008132935,0.8154821395874023,-9.878013997877133e-07,-0.8154821395874023,-0.5787822008132935,1.721970477319701e-07,0.3032374680042267,-0.1448814421892166,-0.030999887734651566,0.3632454574108124,0.16380901634693146,-0.03100014105439186
51,0.709882378578186,-0.007282568141818047,-0.382485955953598,0.9619299173355103,-0.20844265818595886,1.4894498586654663,0.15563024580478668,0.7309423089027405,0.048541419208049774,0.06237804517149925,-0.1860826164484024,0.18324169516563416,0.04395107924938202,0.026088126003742218,0.08528836071491241,0.07799138873815536,0.43803781270980835,-0.41444724798202515,-0.4196054935455322,1.2828428745269775,0.8948165774345398,0.6149919629096985,0.8241474628448486,0.7309355139732361,0.11240262538194656,0.05412648990750313,0.01808962970972061,0.10832906514406204,0.09886330366134644,-0.11695558577775955,0.13948512077331543,0.0725577250123024,0.27181926369667053,0.34209680557250977,0.07527463138103485,0.2943546175956726,-0.9242371916770935,0.24318939447402954,-0.39395761489868164,-0.34918212890625,-0.8502172827720642,0.6251254677772522,-0.23519277572631836,0.6201732158660889,-0.3460545539855957,0.17926464974880219,-0.9209291934967041,0.8213092088699341,0.5323820114135742,-0.20498916506767273,0.33324146270751953,0.009463787078857422,-0.031000059098005295,-0.5787817239761353,0.8154825568199158,-5.7461313929252356e-08,-0.8154825568199158,-0.5787817239761353,2.789222151022841e-07,0.3032373785972595,-0.14488142728805542,-0.03100002184510231,0.36324554681777954,0.16380900144577026,-0.03100009635090828
52,0.7149943709373474,-0.002366254571825266,-0.39573225378990173,0.9748333692550659,-0.20588436722755432,1.4912539720535278,0.1612076461315155,0.7309434413909912,0.04081428796052933,0.06106474623084068,-0.19153882563114166,0.19684270024299622,0.03357924893498421,0.02235407382249832,0.07768386602401733,0.0777057558298111,0.44545823335647583,-0.41056889295578003,-0.41929197311401367,1.2900943756103516,0.9025390148162842,0.6069965362548828,0.8339809775352478,0.7309387922286987,0.11878134310245514,0.05588773638010025,0.01646435633301735,0.10716255009174347,0.10745101422071457,-0.11071011424064636,0.13776859641075134,0.06948944181203842,0.2761313021183014,0.34183263778686523,0.07700720429420471,0.27879685163497925,-0.9284330606460571,0.24552863836288452,-0.39211347699165344,-0.34343385696411133,-0.8534049987792969,0.6263588666915894,-0.2324066162109375,0.6252638697624207,-0.34389305114746094,0.19381138682365417,-0.918789803981781,0.8226028680801392,0.5340471863746643,-0.1952383816242218,0.33324146270751953,0.009463787078857422,-0.031000014394521713,-0.578782320022583,0.8154821395874023,-1.0305764135409845e-06,-0.8154821395874023,-0.578782320022583,8.331070233680293e-08,0.3032374978065491,-0.1448814570903778,-0.030999891459941864,0.36324542760849,0.16380903124809265,-0.031000137329101562
53,0.7197790741920471,0.002294388832524419,-0.40922972559928894,0.9884767532348633,-0.2037864774465561,1.493003010749817,0.166401207447052,0.7309427261352539,0.034915558993816376,0.05502570420503616,-0.19534766674041748,0.20877008140087128,0.027052823454141617,0.021447457373142242,0.07229893654584885,0.0796370878815651,0.4531087279319763,-0.4066442847251892,-0.4191471040248871,1.2974584102630615,0.9108608961105347,0.5992258787155151,0.8437480926513672,0.7309366464614868,0.12092792987823486,0.055351607501506805,0.013467728160321712,0.10963031649589539,0.11616570502519608,-0.1079907938838005,0.13681666553020477,0.07155042141675949,0.28092464804649353,0.34131956100463867,0.07901662588119507,0.2629464864730835,-0.9324103593826294,0.24793148040771484,-0.3892894685268402,-0.337660551071167,-0.8569942712783813,0.6275061368942261,-0.22948741912841797,0.630405843257904,-0.3419543504714966,0.20876413583755493,-0.9162341356277466,0.8236130475997925,0.5360454320907593,-0.1852484494447708,0.33324146270751953,0.009463787078857422,-0.03100006654858589,-0.5787819623947144,0.8154823780059814,-5.385741133068223e-07,-0.8154823780059814,-0.5787819623947144,2.1053932641734718e-07,0.3032374083995819,-0.14488142728805542,-0.030999984592199326,0.36324551701545715,0.16380900144577026,-0.031000148504972458
54,0.7239673733711243,0.006457196548581123,-0.4228689968585968,1.0025132894515991,-0.2017894685268402,1.4947386980056763,0.1714048981666565,0.7309377193450928,0.021046020090579987,0.04617074877023697,-0.19855670630931854,0.2146899402141571,0.02550729550421238,0.021349649876356125,0.06962623447179794,0.08636447042226791,0.4608471393585205,-0.402574360370636,-0.4193402826786041,1.3050479888916016,0.9199761152267456,0.5915066003799438,0.8534536957740784,0.7309342622756958,0.12081967294216156,0.058063894510269165,0.007498203776776791,0.11251465231180191,0.1269904524087906,-0.10722711682319641,0.13597741723060608,0.07757977396249771,0.28599923849105835,0.34058570861816406,0.08127468824386597,0.24635779857635498,-0.9363563656806946,0.2500894069671631,-0.385833740234375,-0.3314673900604248,-0.8609656095504761,0.6286563873291016,-0.2266864776611328,0.6356556415557861,-0.34010839462280273,0.22447776794433594,-0.913201093673706,0.8245885372161865,0.5380348563194275,-0.17484931647777557,0.3332414925098419,0.009463310241699219,-0.03100007027387619,-0.5787825584411621,0.8154820203781128,-1.156638631982787e-06,-0.8154820203781128,-0.5787825584411621,-1.3071829840782812e-08,0.30323755741119385,-0.144881933927536,-0.03099994733929634,0.36324542760849,0.16380855441093445,-0.03100019320845604
55,0.72740238904953,0.010070860385894775,-0.4366273581981659,1.016827940940857,-0.19979798793792725,1.4965208768844604,0.1762971580028534,0.7309315204620361,0.007113367784768343,0.03658103197813034,-0.2010023593902588,0.21943409740924835,0.025281405076384544,0.022006506100296974,0.06802825629711151,0.09466095268726349,0.4685468375682831,-0.39832934737205505,-0.41992706060409546,1.3128360509872437,0.9298295974731445,0.5838207006454468,0.8631230592727661,0.7309314012527466,0.11898849159479141,0.060541488230228424,0.0009344714926555753,0.11526720225811005,0.13731595873832703,-0.10689764469861984,0.13546550273895264,0.0837525948882103,0.2912687063217163,0.3395876884460449,0.0837777853012085,0.2288087010383606,-0.9403104782104492,0.25191810727119446,-0.3819184899330139,-0.3247452974319458,-0.8652622103691101,0.629847526550293,-0.22412729263305664,0.6409645676612854,-0.3383777141571045,0.24097111821174622,-0.9096336364746094,0.8256226778030396,0.5398253798484802,-0.16412101686000824,0.33324146270751953,0.009463310241699219,-0.03100007027387619,-0.5787820816040039,0.8154822587966919,-9.977806030292413e-07,-0.8154822587966919,-0.5787820816040039,-3.633352108067811e-08,0.3032374382019043,-0.14488191902637482,-0.030999965965747833,0.36324548721313477,0.16380853950977325,-0.031000174582004547
56,0.7301217913627625,0.013068578206002712,-0.45044246315956116,1.0313159227371216,-0.19765202701091766,1.4983500242233276,0.18119673430919647,0.7309244275093079,-0.005128737539052963,0.026060093194246292,-0.2023255079984665,0.2225806713104248,0.027355514466762543,0.022678859531879425,0.06808573752641678,0.10404019802808762,0.476068913936615,-0.39398133754730225,-0.420880526304245,1.320865273475647,0.9404003024101257,0.5761260986328125,0.8728018999099731,0.7309262156486511,0.11485390365123749,0.0610266849398613,-0.005288704764097929,0.11928438395261765,0.14765653014183044,-0.10747794061899185,0.13557113707065582,0.08945055305957794,0.2966606020927429,0.33838605880737305,0.08651483058929443,0.21022772789001465,-0.9442753791809082,0.25327515602111816,-0.3775942325592041,-0.31738555431365967,-0.8698787093162537,0.631072461605072,-0.22191810607910156,0.6464064121246338,-0.33662307262420654,0.25831907987594604,-0.9055143594741821,0.8268230557441711,0.5412636995315552,-0.15296167135238647,0.3332414925098419,0.009463310241699219,-0.031000062823295593,-0.5787826776504517,0.8154818415641785,-2.5616591869948024e-07,-0.8154818415641785,-0.5787826776504517,2.500682683148625e-07,0.30323758721351624,-0.144881933927536,-0.031000006943941116,0.3632453978061676,0.16380855441093445,-0.03100011870265007
57,0.7315651178359985,0.01563180796802044,-0.4647826552391052,1.0460799932479858,-0.1953468918800354,1.4993540048599243,0.18583792448043823,0.7309106588363647,-0.04111481457948685,0.017892014235258102,-0.21362270414829254,0.2278134524822235,0.028973763808608055,0.010859662666916847,0.06445149332284927,0.12092147022485733,0.4840722382068634,-0.389708012342453,-0.42168036103248596,1.329540729522705,0.9525270462036133,0.5681001543998718,0.8823475241661072,0.7309199571609497,0.12834662199020386,0.057340677827596664,0.002639962825924158,0.13101989030838013,0.1691276729106903,-0.11130114644765854,0.13377249240875244,0.10834801197052002,0.30250054597854614,0.3367476463317871,0.08938884735107422,0.18982625007629395,-0.9484061002731323,0.2539527118206024,-0.3724328577518463,-0.30888044834136963,-0.8751495480537415,0.6321141719818115,-0.21940231323242188,0.6525590419769287,-0.3343604803085327,0.27682021260261536,-0.9008737802505493,0.8278082609176636,0.5431753396987915,-0.140335351228714,0.33324146270751953,0.009463787078857422,-0.03100001811981201,-0.5787822008132935,0.8154821991920471,-5.154549853614299e-07,-0.8154821991920471,-0.5787822008132935,2.1348192547065992e-07,0.3032374680042267,-0.1448814421892166,-0.030999936163425446,0.3632454574108124,0.16380901634693146,-0.031000100076198578
58,0.7307917475700378,0.017711132764816284,-0.47990682721138,1.0610936880111694,-0.1928415149450302,1.499479055404663,0.19014039635658264,0.7308915853500366,-0.08958178013563156,0.008514954708516598,-0.22842006385326385,0.23223966360092163,0.03110983408987522,-0.0014323153300210834,0.05962081998586655,0.14590147137641907,0.4930516481399536,-0.38544797897338867,-0.42196664214134216,1.3388875722885132,0.9662930369377136,0.5596587657928467,0.8917031288146973,0.7309183478355408,0.14696750044822693,0.05791305750608444,0.013330921530723572,0.14044618606567383,0.19189201295375824,-0.11640075594186783,0.13106387853622437,0.10541388392448425,0.30879586935043335,0.3342719078063965,0.09241724014282227,0.1665036678314209,-0.9528129696846008,0.25381892919540405,-0.3666665256023407,-0.29878222942352295,-0.8810703754425049,0.6328637003898621,-0.21603822708129883,0.6594410538673401,-0.33181214332580566,0.2961136996746063,-0.8956659436225891,0.8281267285346985,0.5461424589157104,-0.1262325495481491,0.33324146270751953,0.009463787078857422,-0.03100006654858589,-0.5787818431854248,0.815482497215271,-8.635495305497898e-07,-0.815482497215271,-0.5787818431854248,-2.5113795487641255e-08,0.3032373785972595,-0.14488142728805542,-0.03099997714161873,0.36324554681777954,0.16380900144577026,-0.031000155955553055
59,0.7271915674209595,0.019434085115790367,-0.4960210919380188,1.0763317346572876,-0.1902456283569336,1.498589038848877,0.1939123421907425,0.7308714389801025,-0.1494702845811844,0.0017987227765843272,-0.2467576563358307,0.2357175648212433,0.03162505105137825,-0.015611014328897,0.05214822664856911,0.1671234667301178,0.5034189224243164,-0.38088318705558777,-0.42157742381095886,1.3486632108688354,0.9817516207695007,0.550825297832489,0.9007530212402344,0.7309386730194092,0.17430779337882996,0.06580974161624908,0.027666259557008743,0.14466311037540436,0.21548932790756226,-0.12085278332233429,0.1268026977777481,0.07643459737300873,0.3155621290206909,0.3305854797363281,0.09558269381523132,0.13970625400543213,-0.9573507308959961,0.2529067099094391,-0.3603421747684479,-0.28705334663391113,-0.8875550031661987,0.633338212966919,-0.21136140823364258,0.6666917204856873,-0.3297102451324463,0.3157331943511963,-0.889721155166626,0.827317476272583,0.5506206154823303,-0.11118747293949127,0.3332414925098419,0.009463310241699219,-0.031000036746263504,-0.5787824392318726,0.8154820203781128,-7.244590278787655e-07,-0.8154820203781128,-0.5787824392318726,4.351034021965461e-07,0.30323755741119385,-0.144881933927536,-0.030999910086393356,0.36324542760849,0.16380855441093445,-0.03100016340613365
60,0.7206127643585205,0.020652340725064278,-0.5133575797080994,1.0920894145965576,-0.1875874549150467,1.4966509342193604,0.1969405561685562,0.7308492064476013,-0.20903833210468292,-0.01019419077783823,-0.2678070366382599,0.2458534836769104,0.031750407069921494,-0.03055066429078579,0.041663143783807755,0.19198444485664368,0.5154641270637512,-0.37597328424453735,-0.4200696051120758,1.3588194847106934,0.9990301728248596,0.541548490524292,0.9094910025596619,0.7309580445289612,0.2070392668247223,0.0710616260766983,0.049839384853839874,0.15045572817325592,0.24075748026371002,-0.12593013048171997,0.12254008650779724,0.05907352268695831,0.32292279601097107,0.3254985809326172,0.09902335703372955,0.10915684700012207,-0.9618042707443237,0.25103265047073364,-0.3529908359050751,-0.27358853816986084,-0.8947328925132751,0.6334028244018555,-0.20487403869628906,0.6742925047874451,-0.3284503221511841,0.3354039490222931,-0.8829635381698608,0.8249502182006836,0.5571233034133911,-0.09524042904376984,0.3332414925098419,0.009463310241699219,-0.03100007027387619,-0.5787820816040039,0.8154822587966919,-6.257808422560629e-07,-0.8154822587966919,-0.5787820816040039,3.031599149494468e-08,0.3032374680042267,-0.14488191902637482,-0.03099999949336052,0.36324551701545715,0.16380853950977325,-0.03100014105439186
61,0.7112156748771667,0.02117251232266426,-0.5319170355796814,1.1085984706878662,-0.1849692165851593,1.493912696838379,0.19910010695457458,0.7308295369148254,-0.2631053030490875,-0.02457159198820591,-0.28816473484039307,0.2588033676147461,0.030551111325621605,-0.04189055413007736,0.029431283473968506,0.21407537162303925,0.529273271560669,-0.37072858214378357,-0.41731294989585876,1.369381308555603,1.0178627967834473,0.5317683815956116,0.9179040193557739,0.7309778332710266,0.23902548849582672,0.07694614678621292,0.07201148569583893,0.15592962503433228,0.26254597306251526,-0.13220472633838654,0.11789321899414062,0.02024485170841217,0.33085688948631287,0.318906307220459,0.10291218757629395,0.0750921368598938,-0.9658114910125732,0.2481313943862915,-0.3442079722881317,-0.258644700050354,-0.9025651216506958,0.632964551448822,-0.1964735984802246,0.6822337508201599,-0.32820260524749756,0.354810893535614,-0.8754383325576782,0.8208924531936646,0.5656629204750061,-0.07849285751581192,0.33324146270751953,0.009463310241699219,-0.031000062823295593,-0.5787824392318726,0.8154818415641785,-3.833158928046032e-07,-0.8154818415641785,-0.5787824392318726,2.1755823809144204e-07,0.30323752760887146,-0.14488190412521362,-0.03099999576807022,0.3632453978061676,0.16380852460861206,-0.031000129878520966
62,0.6993209719657898,0.02098110131919384,-0.551632821559906,1.1261855363845825,-0.18285594880580902,1.490668535232544,0.20012488961219788,0.7308170199394226,-0.31114470958709717,-0.039454370737075806,-0.30726566910743713,0.2770084738731384,0.022770380601286888,-0.049231089651584625,0.013476564548909664,0.22825166583061218,0.5448378324508667,-0.36507511138916016,-0.41359496116638184,1.3804377317428589,1.0379260778427124,0.521483302116394,0.9259149432182312,0.7309959530830383,0.2687171995639801,0.08365114033222198,0.0884857326745987,0.16275517642498016,0.279531329870224,-0.13857266306877136,0.11225196719169617,-8.84602777659893e-05,0.3393484354019165,0.31062889099121094,0.10743659734725952,0.038286447525024414,-0.9688917398452759,0.2445056140422821,-0.33353686332702637,-0.24304330348968506,-0.9108694791793823,0.6320260763168335,-0.18639707565307617,0.6904501914978027,-0.3290364742279053,0.373768150806427,-0.8671979904174805,0.8152435421943665,0.5758846998214722,-0.06111353635787964,0.33324146270751953,0.009463787078857422,-0.03100001811981201,-0.5787819623947144,0.8154823184013367,-5.228119448474899e-07,-0.8154823184013367,-0.5787819623947144,2.027020684636227e-07,0.3032374382019043,-0.14488142728805542,-0.030999939888715744,0.36324548721313477,0.16380900144577026,-0.03100009635090828
63,0.6849586963653564,0.020053282380104065,-0.5721729397773743,1.1444709300994873,-0.181208074092865,1.4871898889541626,0.20021432638168335,0.7308090925216675,-0.357787162065506,-0.052213218063116074,-0.32144254446029663,0.2868942618370056,0.015725145116448402,-0.05224959924817085,0.0003181184292770922,0.23874740302562714,0.5617928504943848,-0.3585480749607086,-0.4096350073814392,1.3916054964065552,1.0590050220489502,0.5110329389572144,0.9334983229637146,0.7310041785240173,0.28968262672424316,0.10316277295351028,0.09057603031396866,0.15957100689411163,0.2940967082977295,-0.1408199667930603,0.10623946785926819,-0.006278429180383682,0.3479909300804138,0.3006129264831543,0.11255642771720886,-0.0009658336639404297,-0.9707071781158447,0.24026378989219666,-0.3213339149951935,-0.22722041606903076,-0.9193015694618225,0.630886435508728,-0.1751561164855957,0.698241114616394,-0.33171987533569336,0.3921402096748352,-0.8580139875411987,0.8082857131958008,0.587132453918457,-0.04415566101670265,0.33324146270751953,0.009463310241699219,-0.03100007027387619,-0.5787826776504517,0.8154819011688232,-1.1023894330719486e-06,-0.8154819011688232,-0.5787826776504517,1.7588041600902216e-07,0.30323755741119385,-0.144881933927536,-0.030999932438135147,0.3632453680038452,0.16380855441093445,-0.031000208109617233
64,0.6686189770698547,0.019033268094062805,-0.5933359861373901,1.1632829904556274,-0.18047118186950684,1.4838330745697021,0.19946137070655823,0.7308138608932495,-0.38989996910095215,-0.052225690335035324,-0.3312315344810486,0.292845219373703,0.003649744438007474,-0.05045668035745621,-0.010758612304925919,0.02378069795668125,0.5797934532165527,-0.35096868872642517,-0.4058801531791687,1.4025551080703735,1.0802640914916992,0.5004774332046509,0.9406530857086182,0.7310014963150024,0.3054271340370178,0.12171874940395355,0.08689811080694199,0.15394337475299835,0.2966430187225342,-0.1421513855457306,0.10017696768045425,-8.804677054286003e-05,0.35638538002967834,0.2887406349182129,0.1181359589099884,-0.041672468185424805,-0.9707785844802856,0.2363310158252716,-0.30825328826904297,-0.21250557899475098,-0.9272655248641968,0.6297764182090759,-0.1632094383239746,0.7051236629486084,-0.33639228343963623,0.40938079357147217,-0.8480847477912903,0.800471305847168,0.5986926555633545,-0.02851012349128723,0.3332414925098419,0.009463310241699219,-0.031000062823295593,-0.5787822008132935,0.8154823780059814,2.0063842498529993e-07,-0.8154823780059814,-0.5787822008132935,7.692645453971636e-07,0.3032374680042267,-0.144881933927536,-0.03099999576807022,0.36324551701545715,0.16380855441093445,-0.031000129878520966
65,0.6504582762718201,0.018254410475492477,-0.6145358085632324,1.1815681457519531,-0.1800258457660675,1.4803882837295532,0.19879205524921417,0.7308213710784912,-0.4188532531261444,-0.044946715235710144,-0.3324081003665924,0.2809391915798187,-0.0014786649262532592,-0.05072129890322685,-0.01032132375985384,0.22642502188682556,0.5982076525688171,-0.34220701456069946,-0.40318599343299866,1.413140892982483,1.1015055179595947,0.49015772342681885,0.9475468993186951,0.7310096621513367,0.30455806851387024,0.14316201210021973,0.06560970097780228,0.14513935148715973,0.29628974199295044,-0.1393447369337082,0.0965777039527893,-0.005336138419806957,0.3639436662197113,0.275388240814209,0.12372714281082153,-0.08388113975524902,-0.9689081907272339,0.23276832699775696,-0.2953154742717743,-0.19892644882202148,-0.9344608783721924,0.6290256381034851,-0.15139293670654297,0.7107792496681213,-0.3430291414260864,0.42580047249794006,-0.8372724652290344,0.7925313711166382,0.6096550822257996,-0.014654491096735,0.3332414925098419,0.009463787078857422,-0.03100001811981201,-0.5787826776504517,0.8154819011688232,-4.737966037282604e-07,-0.8154819011688232,-0.5787826776504517,5.293669005368429e-07,0.30323758721351624,-0.1448814570903778,-0.030999906361103058,0.3632453978061676,0.16380903124809265,-0.031000129878520966
66,0.6309755444526672,0.016897624358534813,-0.6360031366348267,1.199422836303711,-0.17914900183677673,1.4774161577224731,0.19817402958869934,0.730816125869751,-0.4460919201374054,-0.06023266166448593,-0.33789563179016113,0.2777974605560303,0.0044964333064854145,-0.04408392682671547,-0.009600557386875153,0.23172999918460846,0.6169459223747253,-0.3326452374458313,-0.401083767414093,1.4246138334274292,1.12283194065094,0.478395015001297,0.9541910290718079,0.7310049533843994,0.31116294860839844,0.1466955989599228,0.05982808396220207,0.16442978382110596,0.2978518009185791,-0.1603887379169464,0.09301753342151642,-0.006832799408584833,0.3704652786254883,0.2609868049621582,0.1295304149389267,-0.1276320219039917,-0.9651439189910889,0.22848933935165405,-0.2824118137359619,-0.18547260761260986,-0.941192626953125,0.6285304427146912,-0.14017724990844727,0.71656334400177,-0.34920835494995117,0.44248467683792114,-0.8259909152984619,0.7854180335998535,0.6189655661582947,-0.0004743040190078318,0.3332414925098419,0.009463787078857422,-0.03100001811981201,-0.5787822008132935,0.8154821991920471,-4.879982498096069e-07,-0.8154821991920471,-0.5787822008132935,5.645191549774609e-07,0.3032374978065491,-0.1448814421892166,-0.03099990263581276,0.36324548721313477,0.16380901634693146,-0.031000133603811264
67,0.6100106835365295,0.015220772475004196,-0.6576669216156006,1.2166799306869507,-0.17794406414031982,1.474565029144287,0.19773346185684204,0.7308172583580017,-0.47270408272743225,-0.06184091791510582,-0.34187114238739014,0.26606854796409607,0.00888492539525032,-0.04185103252530098,-0.007139834575355053,0.23049983382225037,0.6359243392944336,-0.3226161301136017,-0.3995114862918854,1.436655044555664,1.1441725492477417,0.46584734320640564,0.9605967998504639,0.731006383895874,0.3140602111816406,0.1575614959001541,0.05033629387617111,0.1691560298204422,0.29737764596939087,-0.1707139015197754,0.0897417664527893,0.0015255678445100784,0.37588340044021606,0.24548912048339844,0.13539686799049377,-0.17291593551635742,-0.9591936469078064,0.22371354699134827,-0.269545316696167,-0.1723792552947998,-0.9474338293075562,0.6281214952468872,-0.12939214706420898,0.7223497629165649,-0.3553389310836792,0.4591442942619324,-0.8141994476318359,0.7787966132164001,0.6271255016326904,0.013761192560195923,0.33324146270751953,0.009463787078857422,-0.03100001811981201,-0.5787818431854248,0.815482497215271,-7.191205213530338e-07,-0.815482497215271,-0.5787818431854248,4.315809007948701e-07,0.3032373785972595,-0.14488142728805542,-0.030999891459941864,0.36324554681777954,0.16380900144577026,-0.03100014477968216
68,0.5880232453346252,0.012589799240231514,-0.679205596446991,1.2324291467666626,-0.17505869269371033,1.4729760885238647,0.19825124740600586,0.7308062314987183,-0.48515522480010986,-0.07674812525510788,-0.33945930004119873,0.24193516373634338,0.03287775069475174,-0.023137934505939484,0.006203882861882448,0.24405784904956818,0.6545900106430054,-0.31178876757621765,-0.3982574939727783,1.448541283607483,1.165189504623413,0.45235303044319153,0.9670960307121277,0.7310071587562561,0.30884605646133423,0.17384080588817596,0.04343307018280029,0.16348671913146973,0.29336217045783997,-0.18451650440692902,0.0910302996635437,0.002994151785969734,0.37944555282592773,0.2298145294189453,0.14110590517520905,-0.21992290019989014,-0.9510231018066406,0.21723076701164246,-0.2580021023750305,-0.15804922580718994,-0.9531293511390686,0.6281150579452515,-0.11910104751586914,0.7274162173271179,-0.3619731664657593,0.47555556893348694,-0.8017621040344238,0.7730274200439453,0.633800745010376,0.02693111076951027,0.33324146270751953,0.009463310241699219,-0.031000062823295593,-0.5787824392318726,0.8154820799827576,1.1676740996335866e-07,-0.8154820799827576,-0.5787824392318726,6.384736366271682e-07,0.3032374978065491,-0.144881933927536,-0.031000003218650818,0.36324542760849,0.16380855441093445,-0.03100012242794037
69,0.5653780698776245,0.010137674398720264,-0.7007073163986206,1.2465236186981201,-0.17102506756782532,1.4714912176132202,0.19943605363368988,0.7308086156845093,-0.4947257936000824,-0.06672360002994537,-0.3390173614025116,0.21315042674541473,0.04887313023209572,-0.021163729950785637,0.015507967211306095,0.24106545746326447,0.6730450987815857,-0.3002062737941742,-0.39665281772613525,1.4594618082046509,1.1859363317489624,0.43859606981277466,0.9735978841781616,0.7310200333595276,0.31543123722076416,0.19084984064102173,0.05171879753470421,0.1453307569026947,0.2890346050262451,-0.18665054440498352,0.09111808985471725,-0.0007921101059764624,0.38145941495895386,0.21393585205078125,0.14626702666282654,-0.26759278774261475,-0.940369725227356,0.20999784767627716,-0.2475142776966095,-0.14354491233825684,-0.9581918716430664,0.6282966136932373,-0.10843563079833984,0.7311797142028809,-0.37029504776000977,0.4907335638999939,-0.7887091636657715,0.767268180847168,0.6401938199996948,0.03809884563088417,0.3332414925098419,0.009463310241699219,-0.03100002557039261,-0.5787818431854248,0.815482497215271,-1.0155707741432707e-06,-0.815482497215271,-0.5787818431854248,3.4779861834977055e-07,0.3032374382019043,-0.14488190412521362,-0.03099987655878067,0.36324554681777954,0.16380852460861206,-0.031000174582004547
70,0.5425384044647217,0.008374679833650589,-0.7224570512771606,1.259363055229187,-0.16598179936408997,1.4695334434509277,0.2009672224521637,0.7308112978935242,-0.49622106552124023,-0.05522927641868591,-0.34215596318244934,0.1945858597755432,0.06308329850435257,-0.027883805334568024,0.020359527319669724,0.2374744564294815,0.691779375076294,-0.28830686211586,-0.39330145716667175,1.469470739364624,1.2065101861953735,0.4244663417339325,0.9801549911499023,0.7310458421707153,0.33490273356437683,0.193874791264534,0.08405591547489166,0.1337876319885254,0.28617584705352783,-0.19039128720760345,0.09192591160535812,-0.00450644176453352,0.3823058307170868,0.19790983200073242,0.1508551985025406,-0.3152806758880615,-0.9271871447563171,0.20229250192642212,-0.23746448755264282,-0.1293046474456787,-0.9627518057823181,0.6279723644256592,-0.09624910354614258,0.7340497970581055,-0.3806021213531494,0.5040909051895142,-0.7752640247344971,0.7604309916496277,0.6476573944091797,0.04779855161905289,0.3332414925098419,0.009463310241699219,-0.03100002184510231,-0.5787825584411621,0.815481960773468,-4.854225039707671e-07,-0.815481960773468,-0.5787825584411621,4.2943483435919916e-07,0.30323755741119385,-0.144881933927536,-0.03099992126226425,0.36324542760849,0.16380855441093445,-0.03100012242794037
71,0.519717812538147,0.00718830106779933,-0.7443233728408813,1.2705439329147339,-0.15950344502925873,1.4672952890396118,0.2031191885471344,0.7308124303817749,-0.4928220808506012,-0.042758677154779434,-0.34318628907203674,0.16647444665431976,0.08345025032758713,-0.03108823299407959,0.029039280489087105,0.23584575951099396,0.7109832763671875,-0.2762485146522522,-0.38772711157798767,1.4782618284225464,1.2267470359802246,0.4100853204727173,0.986878514289856,0.7310791015625,0.35244840383529663,0.20133718848228455,0.1183941587805748,0.11297556757926941,0.28119391202926636,-0.19274133443832397,0.0942952111363411,-0.008279484696686268,0.3818760812282562,0.18215465545654297,0.15472285449504852,-0.36284613609313965,-0.9114713668823242,0.19381096959114075,-0.22815632820129395,-0.11475753784179688,-0.9668378829956055,0.6268448233604431,-0.08207464218139648,0.735893726348877,-0.3934049606323242,0.5151265263557434,-0.7614967226982117,0.7520105242729187,0.6567859649658203,0.055789098143577576,0.3332414925098419,0.009463310241699219,-0.031000062823295593,-0.5787820816040039,0.8154823184013367,1.3598197767805686e-07,-0.8154823184013367,-0.5787820816040039,5.372122018343362e-07,0.3032374680042267,-0.14488191902637482,-0.03100001811981201,0.36324551701545715,0.16380853950977325,-0.031000107526779175
72,0.4971519410610199,0.006653080694377422,-0.766161322593689,1.2794243097305298,-0.15117411315441132,1.4647319316864014,0.20625397562980652,0.7308120727539062,-0.4838407039642334,-0.027840634807944298,-0.34180691838264465,0.1281994879245758,0.10971497744321823,-0.03482002019882202,0.04277443885803223,0.23582178354263306,0.7305070757865906,-0.2640072703361511,-0.3797321617603302,1.4854774475097656,1.246518611907959,0.395516574382782,0.9939118027687073,0.7311133742332458,0.3685273230075836,0.2074703872203827,0.15556402504444122,0.088104747235775,0.2746804356575012,-0.19454389810562134,0.09866411983966827,-0.01130015030503273,0.3801095187664032,0.16712188720703125,0.1575869619846344,-0.41013288497924805,-0.8931900858879089,0.1843981295824051,-0.21996080875396729,-0.09934473037719727,-0.9704370498657227,0.6248266100883484,-0.0658273696899414,0.7364193201065063,-0.4090569019317627,0.523546040058136,-0.7473766207695007,0.7419089674949646,0.6676612496376038,0.0616401806473732,0.33324146270751953,0.009463310241699219,-0.03100001811981201,-0.5787824392318726,0.8154819011688232,-4.3740766386690666e-07,-0.8154819011688232,-0.5787824392318726,6.566875754288048e-07,0.30323752760887146,-0.14488191902637482,-0.030999895185232162,0.3632453978061676,0.16380853950977325,-0.03100014105439186
73,0.47510063648223877,0.006710696034133434,-0.7879207134246826,1.2864009141921997,-0.14153040945529938,1.462105631828308,0.21005858480930328,0.7308132648468018,-0.4729245603084564,-0.018015101552009583,-0.33999279141426086,0.0998983159661293,0.12829989194869995,-0.035535383969545364,0.05216021090745926,0.2337920218706131,0.7505385279655457,-0.2514122724533081,-0.36995330452919006,1.4912748336791992,1.2659037113189697,0.3808782696723938,1.0011489391326904,0.7311427593231201,0.38255128264427185,0.2163315713405609,0.18081028759479523,0.06530726701021194,0.2696073651313782,-0.1953894942998886,0.10148455947637558,-0.012862793169915676,0.3772076964378357,0.1528315544128418,0.15962128341197968,-0.4563727378845215,-0.872512698173523,0.17448580265045166,-0.21263214945793152,-0.08347487449645996,-0.9735602140426636,0.6219764947891235,-0.04779815673828125,0.7355546355247498,-0.4273799657821655,0.5293818712234497,-0.7328718304634094,0.7302980422973633,0.6799994707107544,0.06531097739934921,0.33324146270751953,0.009463310241699219,-0.031000062823295593,-0.5787822008132935,0.8154821991920471,-6.460475105996011e-07,-0.8154821991920471,-0.5787822008132935,1.0735482192103518e-07,0.3032374680042267,-0.14488191902637482,-0.030999980866909027,0.3632454574108124,0.16380853950977325,-0.03100014477968216
74,0.4533814489841461,0.00756592582911253,-0.8098386526107788,1.292162537574768,-0.13104259967803955,1.4585480690002441,0.2142382264137268,0.7308170199394226,-0.4698536694049835,-0.004999714903533459,-0.34268462657928467,0.08214575797319412,0.14003457129001617,-0.048827387392520905,0.057443663477897644,0.228536456823349,0.7711696028709412,-0.23882988095283508,-0.3584044873714447,1.4967440366744995,1.2852035760879517,0.365803062915802,1.0084763765335083,0.7311565279960632,0.40167611837387085,0.20915748178958893,0.20939281582832336,0.06570518761873245,0.26818376779556274,-0.20118485391139984,0.1027473509311676,-0.01286192424595356,0.3737086355686188,0.1388545036315918,0.16105115413665771,-0.5015618801116943,-0.8493591547012329,0.16439200937747955,-0.20496809482574463,-0.06794464588165283,-0.976407527923584,0.6179460287094116,-0.028350830078125,0.734320342540741,-0.4471862316131592,0.5333408713340759,-0.7180333733558655,0.7172636389732361,0.6934398412704468,0.06836637109518051,0.3332414925098419,0.009463310241699219,-0.031000062823295593,-0.5787826776504517,0.8154819011688232,-3.3118729447778605e-07,-0.8154819011688232,-0.5787826776504517,2.3056342968175159e-07,0.30323758721351624,-0.144881933927536,-0.03099999949336052,0.3632453978061676,0.16380855441093445,-0.031000126153230667
75,0.43164435029029846,0.009207739494740963,-0.8320744633674622,1.2973078489303589,-0.12013968080282211,1.4539061784744263,0.2184811681509018,0.730821430683136,-0.4732663035392761,0.006065851543098688,-0.3479371964931488,0.07380356639623642,0.14570561051368713,-0.06427193433046341,0.05837083235383034,0.22260162234306335,0.7925720810890198,-0.22670020163059235,-0.34527310729026794,1.5026130676269531,1.3045710325241089,0.35019662976264954,1.0157746076583862,0.7311660647392273,0.4205227792263031,0.1985616832971573,0.23326456546783447,0.07414271682500839,0.26880791783332825,-0.20831184089183807,0.10233724117279053,-0.0119489636272192,0.3697758615016937,0.12476348876953125,0.16213193535804749,-0.5457323789596558,-0.8236169815063477,0.15437407791614532,-0.19643688201904297,-0.05335032939910889,-0.9790640473365784,0.6124153733253479,-0.007831096649169922,0.7334957718849182,-0.4677157402038574,0.5358940362930298,-0.7028936147689819,0.7027720212936401,0.7077651023864746,0.07197313755750656,0.3332414925098419,0.009463787078857422,-0.03100001811981201,-0.5787820816040039,0.8154824376106262,-5.380500169849256e-07,-0.8154824376106262,-0.5787820816040039,1.5676373266160226e-07,0.3032374680042267,-0.1448814570903778,-0.030999943614006042,0.36324551701545715,0.16380903124809265,-0.03100009262561798
76,0.40972158312797546,0.011249573901295662,-0.8547184467315674,1.3025050163269043,-0.10939550399780273,1.449242115020752,0.2221282720565796,0.7308265566825867,-0.48034730553627014,0.008969761431217194,-0.35468992590904236,0.07625292986631393,0.14331716299057007,-0.06472104042768478,0.05008264631032944,0.21627943217754364,0.8147888779640198,-0.21438579261302948,-0.3312314748764038,1.5082437992095947,1.3239809274673462,0.3342571258544922,1.0227667093276978,0.7311915159225464,0.43860146403312683,0.21092398464679718,0.24482133984565735,0.06417601555585861,0.26946204900741577,-0.2124049812555313,0.0979902520775795,0.002733187982812524,0.3651638925075531,0.1103367805480957,0.16322728991508484,-0.5883697271347046,-0.7955406904220581,0.14469364285469055,-0.18733905255794525,-0.03995978832244873,-0.981482207775116,0.6057789325714111,0.01361846923828125,0.7321471571922302,-0.4894455671310425,0.5365096926689148,-0.6874594688415527,0.6871063113212585,0.7226948738098145,0.07481414824724197,0.3332414925098419,0.009463310241699219,-0.031000062823295593,-0.5787824392318726,0.8154819011688232,2.0032049974361144e-07,-0.8154819011688232,-0.5787824392318726,7.307919531740481e-07,0.30323755741119385,-0.14488191902637482,-0.031000003218650818,0.36324542760849,0.16380853950977325,-0.03100012242794037
77,0.3875614404678345,0.013251665979623795,-0.8775853514671326,1.307102084159851,-0.0983293429017067,1.445464849472046,0.22549788653850555,0.7308287024497986,-0.48317959904670715,0.009776108898222446,-0.3578946590423584,0.06416475772857666,0.14791344106197357,-0.051446639001369476,0.04620170593261719,0.2139657884836197,0.837467610836029,-0.2010282576084137,-0.3164996802806854,1.5120508670806885,1.3431053161621094,0.3183480203151703,1.0295718908309937,0.7312315106391907,0.45253291726112366,0.24037213623523712,0.252713143825531,0.028213124722242355,0.26627063751220703,-0.21192379295825958,0.0954848974943161,-0.018378010019659996,0.3594364821910858,0.09609603881835938,0.1641693413257599,-0.6295748949050903,-0.7651367783546448,0.13491207361221313,-0.1785113662481308,-0.026545047760009766,-0.9835797548294067,0.5985391736030579,0.036179542541503906,0.7285130023956299,-0.5135233402252197,0.5340409874916077,-0.6716355085372925,0.6704781651496887,0.7381967306137085,0.07432783395051956,0.33324146270751953,0.009463310241699219,-0.03100007027387619,-0.5787819623947144,0.8154823780059814,-9.522628943159361e-07,-0.8154823780059814,-0.5787819623947144,3.3994544423876505e-07,0.3032374083995819,-0.14488190412521362,-0.03099992871284485,0.36324551701545715,0.16380852460861206,-0.031000211834907532
78,0.36568498611450195,0.01437362190335989,-0.9005101919174194,1.3103406429290771,-0.08614633977413177,1.4437525272369385,0.22835570573806763,0.7308197021484375,-0.4763973355293274,-0.004194863140583038,-0.3580716550350189,0.04251885414123535,0.16393537819385529,-0.02160707116127014,0.039000578224658966,0.22476571798324585,0.8605510592460632,-0.18583795428276062,-0.30134353041648865,1.5125375986099243,1.3614917993545532,0.30277830362319946,1.0362558364868164,0.7312849164009094,0.4662993550300598,0.2853395640850067,0.2564016580581665,-0.03191746771335602,0.2568507790565491,-0.2068384736776352,0.09378886222839355,-0.008416087366640568,0.35235485434532166,0.08301877975463867,0.1648147702217102,-0.668734073638916,-0.7330970168113708,0.12394939363002777,-0.17036812007427216,-0.01118326187133789,-0.9853169918060303,0.5910437703132629,0.060133934020996094,0.720916748046875,-0.5407280921936035,0.5272132754325867,-0.655484139919281,0.6529471278190613,0.754336953163147,0.06808651238679886,0.33324146270751953,0.009463787078857422,-0.03100001811981201,-0.5787824392318726,0.815481960773468,-4.0096750808515935e-07,-0.815481960773468,-0.5787824392318726,7.737240252936317e-07,0.30323752760887146,-0.1448814421892166,-0.030999887734651566,0.3632453978061676,0.16380901634693146,-0.031000148504972458
79,0.34474068880081177,0.012844820506870747,-0.9235668778419495,1.3123944997787476,-0.0720231905579567,1.4447731971740723,0.2293732911348343,0.7307880520820618,-0.46504855155944824,-0.05155507102608681,-0.35990580916404724,0.02993473969399929,0.19169342517852783,0.01667271926999092,0.01315066684037447,0.2624921500682831,0.8844735622406006,-0.16841571033000946,-0.28621435165405273,1.5098835229873657,1.3787771463394165,0.287521094083786,1.0427600145339966,0.7313305735588074,0.4863879680633545,0.3267797827720642,0.2548278570175171,-0.08298294246196747,0.2421167492866516,-0.20260277390480042,0.09146743267774582,-0.03144880756735802,0.3443841338157654,0.07184839248657227,0.16559529304504395,-0.7048590183258057,-0.7008601427078247,0.10940226912498474,-0.16093650460243225,0.007797181606292725,-0.9869338870048523,0.5832133293151855,0.08546733856201172,0.7091276049613953,-0.570419430732727,0.5156643986701965,-0.6393058896064758,0.6344546675682068,0.7709465622901917,0.05575490742921829,0.33324146270751953,0.009463310241699219,-0.03100001811981201,-0.5787820816040039,0.8154822587966919,-5.230181159276981e-07,-0.8154822587966919,-0.5787820816040039,2.2125232135294937e-07,0.3032374382019043,-0.14488191902637482,-0.030999936163425446,0.36324548721313477,0.16380853950977325,-0.031000100076198578
80,0.32393646240234375,0.009761851280927658,-0.946736752986908,1.3146119117736816,-0.05725114047527313,1.4463449716567993,0.22941449284553528,0.7307712435722351,-0.4665963351726532,-0.07463891059160233,-0.36217403411865234,0.0357346348464489,0.2004317194223404,0.023335717618465424,-0.0005874130874872208,0.2825978398323059,0.9092693328857422,-0.1497403085231781,-0.2712964415550232,1.5067859888076782,1.395803451538086,0.27231383323669434,1.0492159128189087,0.7313318252563477,0.5014714598655701,0.3304494619369507,0.2512051463127136,-0.07998642325401306,0.23855015635490417,-0.2029876857995987,0.09075573086738586,-0.028074871748685837,0.33629223704338074,0.06122875213623047,0.16682901978492737,-0.73885178565979,-0.667457103729248,0.09273120760917664,-0.1486283540725708,0.02718937397003174,-0.9885192513465881,0.5744168758392334,0.11126518249511719,0.6957206130027771,-0.6004623174667358,0.5016094446182251,-0.6227623224258423,0.6150665283203125,0.7873992919921875,0.04117562249302864,0.33324146270751953,0.009463787078857422,-0.03100006654858589,-0.5787816047668457,0.8154824376106262,-8.379923883694573e-07,-0.8154824376106262,-0.5787816047668457,2.476058966749406e-07,0.3032373785972595,-0.14488139748573303,-0.03099994733929634,0.36324554681777954,0.16380897164344788,-0.031000185757875443
81,0.30232658982276917,0.008415755815804005,-0.9698407649993896,1.3165522813796997,-0.04334650933742523,1.4473745822906494,0.23097741603851318,0.7307955622673035,-0.4734525680541992,-0.03484546020627022,-0.3609701991081238,0.021960334852337837,0.18734410405158997,0.01660884916782379,0.02072032168507576,0.2542639970779419,0.9337819218635559,-0.13105276226997375,-0.25578856468200684,1.5027658939361572,1.413144826889038,0.257221519947052,1.0557215213775635,0.7313461899757385,0.5015242695808411,0.3352803587913513,0.2572273313999176,-0.09742379933595657,0.24368946254253387,-0.20178663730621338,0.09150741994380951,-0.02950848825275898,0.32745611667633057,0.050225257873535156,0.1676395833492279,-0.7721000909805298,-0.6306341886520386,0.07849974185228348,-0.13684067130088806,0.04435431957244873,-0.9895996451377869,0.5643764734268188,0.1369032859802246,0.6812359094619751,-0.6304917335510254,0.48589685559272766,-0.6052970886230469,0.5948991775512695,0.8034031987190247,0.025263851508498192,0.3332414925098419,0.009463310241699219,-0.031000062823295593,-0.5787824392318726,0.815481960773468,1.370445943393861e-07,-0.815481960773468,-0.5787824392318726,4.837290248360659e-07,0.30323755741119385,-0.14488191902637482,-0.03100002184510231,0.36324542760849,0.16380853950977325,-0.031000103801488876
82,0.28037184476852417,0.009701257571578026,-0.9927526712417603,1.3177921772003174,-0.03050866350531578,1.4478116035461426,0.2342984676361084,0.7308235168457031,-0.47089457511901855,0.007541168946772814,-0.3569885492324829,0.008956300094723701,0.1723892092704773,0.008502581156790257,0.0454377606511116,0.22101259231567383,0.9578801989555359,-0.11216811835765839,-0.23965243995189667,1.497538447380066,1.4308552742004395,0.24226385354995728,1.0622860193252563,0.7313606142997742,0.5000647902488708,0.34134310483932495,0.26463520526885986,-0.1172638013958931,0.24942240118980408,-0.2002413421869278,0.09231961518526077,-0.03162354603409767,0.31773534417152405,0.03908586502075195,0.16767829656600952,-0.8040498495101929,-0.5906696319580078,0.06792206317186356,-0.12705793976783752,0.05910074710845947,-0.9901330471038818,0.553159236907959,0.16231632232666016,0.6653271913528442,-0.6605161428451538,0.4684143364429474,-0.5867761969566345,0.5739807486534119,0.8188339471817017,0.007549703121185303,0.33324146270751953,0.009463787078857422,-0.03100001811981201,-0.5787818431854248,0.8154824376106262,-7.481506827389239e-07,-0.8154824376106262,-0.5787818431854248,1.8553683389654907e-07,0.3032374083995819,-0.14488142728805542,-0.030999917536973953,0.36324551701545715,0.16380900144577026,-0.03100011870265007
83,0.2589992582798004,0.011368821375072002,-1.0155538320541382,1.3187990188598633,-0.01767718978226185,1.448273777961731,0.2376185804605484,0.7308225631713867,-0.4620226323604584,0.004849923308938742,-0.3549319803714752,0.011101260781288147,0.17301927506923676,0.00818434078246355,0.04548925906419754,0.22155635058879852,0.9821338057518005,-0.09300027787685394,-0.22349484264850616,1.4921239614486694,1.4485797882080078,0.22732557356357574,1.0688450336456299,0.7313633561134338,0.5045791268348694,0.34211936593055725,0.2638847231864929,-0.11773938685655594,0.24977003037929535,-0.20043082535266876,0.09214764088392258,-0.014946505427360535,0.30778026580810547,0.02851104736328125,0.16761323809623718,-0.8334243297576904,-0.5496035218238831,0.05779408663511276,-0.11679619550704956,0.07295668125152588,-0.990472674369812,0.5407560467720032,0.1872730255126953,0.6486450433731079,-0.6897062063217163,0.4495444595813751,-0.5676400065422058,0.5524320006370544,0.8334833979606628,-0.011147753335535526,0.3332414925098419,0.009463310241699219,-0.031000062823295593,-0.5787824392318726,0.8154820799827576,-2.766318800695444e-07,-0.8154820799827576,-0.5787824392318726,3.9940675833349815e-07,0.30323752760887146,-0.144881933927536,-0.030999988317489624,0.3632454574108124,0.16380855441093445,-0.031000137329101562
84,0.23788197338581085,0.011739810928702354,-1.037654161453247,1.3202811479568481,-0.004564845934510231,1.4485418796539307,0.24194501340389252,0.7308073043823242,-0.4570925235748291,-0.02043388970196247,-0.3445819914340973,0.02367968112230301,0.1774783730506897,0.004538369365036488,0.05955057591199875,0.2396438717842102,1.0059846639633179,-0.07373446971178055,-0.20656801760196686,1.486926794052124,1.4661601781845093,0.2124347984790802,1.0755287408828735,0.7313723564147949,0.5061408281326294,0.34276530146598816,0.275032639503479,-0.11417578905820847,0.24797095358371735,-0.19994744658470154,0.09387489408254623,-0.017343565821647644,0.2981967628002167,0.018427371978759766,0.16807985305786133,-0.8607573509216309,-0.5069178938865662,0.04616347327828407,-0.10369336605072021,0.08583539724349976,-0.9908985495567322,0.5269784927368164,0.2117304801940918,0.6316320300102234,-0.7177995443344116,0.4294244945049286,-0.5480496883392334,0.530081570148468,0.8474057912826538,-0.030281025916337967,0.33324146270751953,0.009463787078857422,-0.03100006654858589,-0.5787818431854248,0.8154824376106262,-3.9866023371359915e-07,-0.8154824376106262,-0.5787818431854248,7.345979611272924e-07,0.3032374083995819,-0.14488142728805542,-0.030999939888715744,0.36324551701545715,0.16380900144577026,-0.03100019320845604
85,0.24386650323867798,0.013020620681345463,-1.0538932085037231,1.31950044631958,0.008024603128433228,1.4480443000793457,0.24704928696155548,0.7309663891792297,0.22430889308452606,0.07436313480138779,-0.18451562523841858,0.0029507239814847708,0.19440574944019318,-0.0002606213092803955,0.06977994740009308,0.015542230568826199,1.0051873922348022,-0.06553251296281815,-0.1947605013847351,1.4859731197357178,1.481626033782959,0.1993231624364853,1.0823339223861694,0.7308265566825867,-0.22059769928455353,0.10718705505132675,0.12154122442007065,0.02001521736383438,0.1796567589044571,-0.23950928449630737,0.1633765995502472,0.18923591077327728,0.29808509349823,0.018550395965576172,0.1675567328929901,-0.8702846765518188,-0.49120599031448364,0.03635435551404953,-0.09513596445322037,0.0952182412147522,-0.9908999800682068,0.5259910821914673,0.21680831909179688,0.6254326105117798,-0.7276856899261475,0.43498650193214417,-0.5303397178649902,0.5315663814544678,0.8462830185890198,-0.03524451330304146,0.3332414925098419,0.009463310241699219,-0.03100002184510231,-0.5787824392318726,0.8154821395874023,-7.189449888755917e-07,-0.8154821395874023,-0.5787824392318726,3.664060841401806e-07,0.30323752760887146,-0.1448819488286972,-0.03099990263581276,0.3632454574108124,0.16380856931209564,-0.03100014105439186
86,0.2598005533218384,0.01642937958240509,-1.067226767539978,1.3198542594909668,0.021290985867381096,1.4465628862380981,0.25267237424850464,0.7309609055519104,0.22679142653942108,0.054287295788526535,-0.18180277943611145,0.0028312390204519033,0.17495982348918915,-0.010105570778250694,0.07706842571496964,0.012014498934149742,0.990645706653595,-0.059318382292985916,-0.18569715321063995,1.4884670972824097,1.4983768463134766,0.18405401706695557,1.089293122291565,0.7308351397514343,-0.21133175492286682,0.09823723882436752,0.1260528862476349,0.019248180091381073,0.13339778780937195,-0.21292418241500854,0.19285348057746887,0.17120394110679626,0.3025219738483429,0.02201080322265625,0.16707780957221985,-0.8736057281494141,-0.48585379123687744,0.027553558349609375,-0.08780588209629059,0.1016848087310791,-0.9909340739250183,0.5340823531150818,0.21170425415039062,0.6230441331863403,-0.7276170253753662,0.4568582773208618,-0.5117166638374329,0.5488988161087036,0.8351616263389587,-0.03485843539237976,0.33324146270751953,0.009463787078857422,-0.031000059098005295,-0.5787818431854248,0.8154826164245605,-6.631226234787846e-09,-0.8154826164245605,-0.5787818431854248,4.004490108400205e-07,0.3032373785972595,-0.1448814421892166,-0.031000014394521713,0.36324554681777954,0.16380901634693146,-0.031000103801488876
87,0.2755292057991028,0.01927577145397663,-1.0801721811294556,1.320579171180725,0.03464549407362938,1.444808006286621,0.2587680518627167,0.7309562563896179,0.22373539209365845,0.04629762843251228,-0.1770702451467514,0.00822617020457983,0.17921127378940582,-0.015492256730794907,0.08326320350170135,0.023336028680205345,0.9760790467262268,-0.053267527371644974,-0.1762012392282486,1.4914982318878174,1.5151326656341553,0.16879478096961975,1.0963256359100342,0.7308392524719238,-0.21124421060085297,0.09603072702884674,0.13209792971611023,0.028747141361236572,0.1452249437570572,-0.21325451135635376,0.18460267782211304,0.1675398349761963,0.30725881457328796,0.02538442611694336,0.16692954301834106,-0.8770111799240112,-0.48013031482696533,0.01806938834488392,-0.07943951338529587,0.10780960321426392,-0.9909927248954773,0.5418227910995483,0.20658254623413086,0.6209649443626404,-0.7267459630966187,0.47853440046310425,-0.49279317259788513,0.5657187104225159,0.8238869309425354,-0.03424479812383652,0.33324146270751953,0.009463310241699219,-0.03100007027387619,-0.5787822008132935,0.8154820203781128,-1.013290216178575e-06,-0.8154820203781128,-0.5787822008132935,9.304325487846654e-08,0.3032374978065491,-0.14488190412521362,-0.03099995106458664,0.36324542760849,0.16380852460861206,-0.03100018948316574
88,0.2910938858985901,0.02177616022527218,-1.0928149223327637,1.3213013410568237,0.04819399118423462,1.4430829286575317,0.26518920063972473,0.7309590578079224,0.2214367687702179,0.04223847761750221,-0.17236226797103882,0.005006007384508848,0.18289941549301147,-0.015898600220680237,0.0884411484003067,0.022273210808634758,0.9614317417144775,-0.04726900905370712,-0.1663479506969452,1.4945976734161377,1.5318320989608765,0.15357261896133423,1.1033974885940552,0.7308462262153625,-0.2119404524564743,0.09664037823677063,0.13711890578269958,0.029699349775910378,0.15459133684635162,-0.21339629590511322,0.1767560988664627,0.1786113679409027,0.3121054172515869,0.028870582580566406,0.16691896319389343,-0.8804278373718262,-0.4741102457046509,0.008152530528604984,-0.07063137739896774,0.11412328481674194,-0.9909526705741882,0.5493147969245911,0.20145130157470703,0.6187724471092224,-0.7252169847488403,0.4997990131378174,-0.47356218099594116,0.5820876359939575,0.812415361404419,-0.03398807346820831,0.3332414925098419,0.009463310241699219,-0.03100002557039261,-0.5787818431854248,0.8154823184013367,-1.1921732721020817e-06,-0.8154823184013367,-0.5787818431854248,2.708067370349454e-07,0.3032374382019043,-0.14488188922405243,-0.030999865382909775,0.36324554681777954,0.16380850970745087,-0.031000185757875443
89,0.3065132200717926,0.024178605526685715,-1.105290174484253,1.3226467370986938,0.06156249716877937,1.4408317804336548,0.27178341150283813,0.7309533953666687,0.21800342202186584,0.0381094329059124,-0.1699061244726181,0.01863986626267433,0.17995738983154297,-0.025054559111595154,0.09203559160232544,0.02972591668367386,0.9468753933906555,-0.04126632958650589,-0.15639522671699524,1.4984604120254517,1.5487160682678223,0.1382562816143036,1.110521674156189,0.7308449745178223,-0.2086162120103836,0.09251705557107925,0.13917340338230133,0.04406563192605972,0.16906976699829102,-0.21575720608234406,0.16622671484947205,0.181192085146904,0.3172227442264557,0.03200721740722656,0.16724145412445068,-0.8837802410125732,-0.46789833903312683,-0.0019512625876814127,-0.061067380011081696,0.11947840452194214,-0.9909570217132568,0.5566262006759644,0.19621849060058594,0.6169223189353943,-0.7228056192398071,0.5210825800895691,-0.453899621963501,0.5981929898262024,0.8006548285484314,-0.03342156112194061,0.3332414925098419,0.009463787078857422,-0.03100001811981201,-0.5787824392318726,0.8154820203781128,-4.702309297499596e-07,-0.8154820203781128,-0.5787824392318726,5.582134576798126e-07,0.30323755741119385,-0.1448814570903778,-0.03099990263581276,0.36324542760849,0.16380903124809265,-0.031000133603811264
90,0.32175150513648987,0.02664129063487053,-1.1177865266799927,1.3248353004455566,0.07463139295578003,1.438007116317749,0.27835673093795776,0.7309477925300598,0.21484330296516418,0.03817439824342728,-0.1695505678653717,0.03363218531012535,0.17240175604820251,-0.03252018988132477,0.09269117563962936,0.03284136578440666,0.9325929880142212,-0.03543320298194885,-0.14648066461086273,1.5031929016113281,1.5658140182495117,0.12281903624534607,1.1176749467849731,0.7308436036109924,-0.20449303090572357,0.08808426558971405,0.1388435959815979,0.054529041051864624,0.16410909593105316,-0.2163403183221817,0.17276057600975037,0.23100599646568298,0.32257381081581116,0.034621238708496094,0.1679501235485077,-0.8870489597320557,-0.46151697635650635,-0.012107881717383862,-0.05076467618346214,0.12357085943222046,-0.9910365343093872,0.5636976361274719,0.1908588409423828,0.6156151294708252,-0.7194651365280151,0.5424026846885681,-0.4337848424911499,0.6140109896659851,0.7886373400688171,-0.03227508068084717,0.33324146270751953,0.009463787078857422,-0.03100001811981201,-0.5787820816040039,0.8154823780059814,-4.332638354753726e-07,-0.8154823780059814,-0.5787820816040039,5.580546940109343e-07,0.3032374382019043,-0.1448814421892166,-0.030999906361103058,0.36324548721313477,0.16380901634693146,-0.031000129878520966
91,0.3367333710193634,0.029253412038087845,-1.1303801536560059,1.3280926942825317,0.08726388216018677,1.434425711631775,0.28486210107803345,0.7309377789497375,0.21145586669445038,0.03801142796874046,-0.17055651545524597,0.05531894415616989,0.16150620579719543,-0.0417306125164032,0.09232734143733978,0.03854341059923172,0.9186566472053528,-0.029812827706336975,-0.13669367134571075,1.50904381275177,1.5831928253173828,0.10721763968467712,1.1248631477355957,0.7308376431465149,-0.19913740456104279,0.08152540028095245,0.13736213743686676,0.06831227242946625,0.15036454796791077,-0.21898511052131653,0.1900061070919037,0.19679492712020874,0.32818299531936646,0.036513328552246094,0.1691182255744934,-0.8902461528778076,-0.4549356698989868,-0.022260218858718872,-0.0395975261926651,0.12598872184753418,-0.9912411570549011,0.5705243349075317,0.18533945083618164,0.6150552034378052,-0.7151262760162354,0.5638289451599121,-0.41314804553985596,0.6295814514160156,0.7763446569442749,-0.03026675060391426,0.33324146270751953,0.009463787078857422,-0.03100001811981201,-0.5787826776504517,0.8154818415641785,-9.933319233823568e-07,-0.8154818415641785,-0.5787826776504517,5.647473244607681e-07,0.30323755741119385,-0.1448814570903778,-0.030999846756458282,0.3632453680038452,0.16380903124809265,-0.03100018948316574
92,0.35142332315444946,0.032198235392570496,-1.1432241201400757,1.3323630094528198,0.09943334758281708,1.4301949739456177,0.29113560914993286,0.7309303879737854,0.207975834608078,0.042178791016340256,-0.17332370579242706,0.07391582429409027,0.14989906549453735,-0.04914391040802002,0.09003082662820816,0.04088878259062767,0.9051549434661865,-0.024471014738082886,-0.12714584171772003,1.5158636569976807,1.6008297204971313,0.09146063774824142,1.1320596933364868,0.7308348417282104,-0.19323576986789703,0.07587029784917831,0.13413265347480774,0.07803953438997269,0.13591518998146057,-0.22046281397342682,0.20700335502624512,0.17528516054153442,0.3339322507381439,0.037656307220458984,0.17069309949874878,-0.893364429473877,-0.44817599654197693,-0.0322222001850605,-0.027827296406030655,0.12675738334655762,-0.9915433526039124,0.5770983695983887,0.17964839935302734,0.6151760816574097,-0.7098314762115479,0.5852327346801758,-0.3919718563556671,0.6448950171470642,0.7637761831283569,-0.027501702308654785,0.33324143290519714,0.009463787078857422,-0.03100001811981201,-0.578782320022583,0.8154821395874023,-8.679573966219323e-07,-0.8154821395874023,-0.578782320022583,1.0040982942882692e-06,0.3032374680042267,-0.1448814570903778,-0.030999809503555298,0.3632453978061676,0.16380903124809265,-0.031000226736068726
93,0.3656488358974457,0.03543149307370186,-1.1562608480453491,1.3374541997909546,0.1112234964966774,1.4253485202789307,0.29726752638816833,0.7309329509735107,0.2025432586669922,0.0456746406853199,-0.18412192165851593,0.08363185822963715,0.16714704036712646,-0.0654323399066925,0.08073996752500534,0.07226629555225372,0.8920833468437195,-0.019453348591923714,-0.11776717752218246,1.5236579179763794,1.6187148094177246,0.0755600556731224,1.1392738819122314,0.7308351993560791,-0.18600501120090485,0.07202894985675812,0.1300548017024994,0.10495201498270035,0.1947375237941742,-0.22099465131759644,0.1598266065120697,0.22204618155956268,0.3397531807422638,0.03809213638305664,0.17262020707130432,-0.896490216255188,-0.44106191396713257,-0.04206666722893715,-0.015487628057599068,0.12608295679092407,-0.991898775100708,0.583362340927124,0.1738295555114746,0.6160088181495667,-0.7036540508270264,0.6064721941947937,-0.3702194392681122,0.6598750352859497,0.7509936094284058,-0.023950500413775444,0.33324146270751953,0.009463310241699219,-0.03100007027387619,-0.5787827968597412,0.8154817819595337,-1.2271635796423652e-06,-0.8154817819595337,-0.5787827968597412,-2.5733022379625936e-09,0.30323758721351624,-0.1448819488286972,-0.030999936163425446,0.3632453382015228,0.16380856931209564,-0.031000204384326935
94,0.3792877197265625,0.03942069411277771,-1.1697349548339844,1.3426169157028198,0.1227889358997345,1.420405626296997,0.3029032349586487,0.7309406399726868,0.19236937165260315,0.06088487058877945,-0.18942895531654358,0.07923278212547302,0.16241689026355743,-0.06739714741706848,0.07580146938562393,0.06279248744249344,0.879590630531311,-0.014754455536603928,-0.10871873050928116,1.5317823886871338,1.636746883392334,0.05958181619644165,1.1464382410049438,0.7308422923088074,-0.17639459669589996,0.06803890317678452,0.12577277421951294,0.11026030778884888,0.21556812524795532,-0.22311432659626007,0.13963834941387177,0.18579018115997314,0.34519678354263306,0.038050174713134766,0.17450577020645142,-0.8996785879135132,-0.4335467219352722,-0.05114438384771347,-0.003718182910233736,0.12476074695587158,-0.9921798706054688,0.5893245339393616,0.16793537139892578,0.6170841455459595,-0.6968019008636475,0.6272064447402954,-0.34796449542045593,0.6744533777236938,0.7380388379096985,-0.020282668992877007,0.33324146270751953,0.009463310241699219,-0.031000062823295593,-0.5787822008132935,0.8154821991920471,1.5455938751074427e-07,-0.8154821991920471,-0.5787822008132935,7.653370062143949e-07,0.3032374680042267,-0.14488191902637482,-0.030999992042779922,0.3632454574108124,0.16380853950977325,-0.031000133603811264
95,0.39222824573516846,0.04482748731970787,-1.1838774681091309,1.347264051437378,0.13410481810569763,1.4156779050827026,0.3076534867286682,0.7309539318084717,0.17866481840610504,0.08348426967859268,-0.19851146638393402,0.06881498545408249,0.15889309346675873,-0.06525696814060211,0.06421775370836258,0.050954874604940414,0.8678408861160278,-0.010198421776294708,-0.10027220845222473,1.539791464805603,1.6548945903778076,0.04356306418776512,1.1534903049468994,0.7308440804481506,-0.1684751808643341,0.06746390461921692,0.11696603894233704,0.10791022330522537,0.23526209592819214,-0.22494390606880188,0.1199420839548111,0.20908617973327637,0.349863201379776,0.037609100341796875,0.17597177624702454,-0.9029827117919922,-0.42567333579063416,-0.05852101743221283,0.006291718687862158,0.12308377027511597,-0.992376446723938,0.5950809717178345,0.1619873046875,0.6179450750350952,-0.689384937286377,0.6472564339637756,-0.32528042793273926,0.6886647343635559,0.7248773574829102,-0.01713470369577408,0.33324146270751953,0.009463787078857422,-0.03100001811981201,-0.5787826776504517,0.8154817819595337,-9.736751280797762e-07,-0.8154817819595337,-0.5787826776504517,5.816868906549644e-07,0.30323755741119385,-0.1448814570903778,-0.030999846756458282,0.3632453680038452,0.16380903124809265,-0.03100018948316574
96,0.4045006334781647,0.05164458602666855,-1.198592185974121,1.351408839225769,0.1451786905527115,1.4111864566802979,0.3115399181842804,0.730967104434967,0.16783282160758972,0.10518387705087662,-0.20622490346431732,0.05974197760224342,0.1552869826555252,-0.06190483272075653,0.05195089429616928,0.03538772091269493,0.8566796779632568,-0.0056477501057088375,-0.09246895462274551,1.5475035905838013,1.6731619834899902,0.02749960497021675,1.1604335308074951,0.7308468818664551,-0.1614646017551422,0.06829534471035004,0.10781831294298172,0.10295584797859192,0.24072924256324768,-0.22579547762870789,0.1142984926700592,0.19842936098575592,0.3537970781326294,0.03679084777832031,0.17702427506446838,-0.906388521194458,-0.4175412654876709,-0.06418240815401077,0.0145521629601717,0.1209801435470581,-0.9925482869148254,0.600762128829956,0.15592527389526367,0.618355393409729,-0.6813465356826782,0.6666678786277771,-0.3021933436393738,0.7026429772377014,0.7113878130912781,-0.014838181436061859,0.33324146270751953,0.009463787078857422,-0.03100001811981201,-0.5787824392318726,0.8154821395874023,-9.203535000779084e-07,-0.8154821395874023,-0.5787824392318726,6.528977678499359e-07,0.3032374978065491,-0.144881471991539,-0.030999843031167984,0.36324542760849,0.16380904614925385,-0.03100019320845604
97,0.41616687178611755,0.05963164567947388,-1.2135484218597412,1.3552697896957397,0.15650814771652222,1.4066905975341797,0.3146075904369354,0.7309743762016296,0.16053831577301025,0.1219109371304512,-0.20844349265098572,0.055719416588544846,0.15883837640285492,-0.06257261335849762,0.041558850556612015,0.02542761154472828,0.845909059047699,-0.0009989794343709946,-0.08510816842317581,1.5548537969589233,1.6914864778518677,0.01145356148481369,1.1670067310333252,0.730851948261261,-0.15659041702747345,0.0714217945933342,0.1012517437338829,0.09645926207304001,0.24199052155017853,-0.2257525771856308,0.10967670381069183,0.1877930760383606,0.35738813877105713,0.03572654724121094,0.17782831192016602,-0.9097700119018555,-0.40934592485427856,-0.06895244866609573,0.021924899891018867,0.11848992109298706,-0.992713212966919,0.6063725352287292,0.14980697631835938,0.618197500705719,-0.6726857423782349,0.6852847337722778,-0.2790677845478058,0.7163270711898804,0.6976327896118164,-0.013566255569458008,0.33324146270751953,0.009463310241699219,-0.03100007027387619,-0.5787818431854248,0.8154824376106262,-9.79534661382786e-07,-0.8154824376106262,-0.5787818431854248,4.1463422917331627e-07,0.3032374083995819,-0.14488190412521362,-0.030999917536973953,0.36324551701545715,0.16380852460861206,-0.031000223010778427
98,0.4273706376552582,0.0683792233467102,-1.22822105884552,1.3593077659606934,0.16905415058135986,1.4016693830490112,0.31686022877693176,0.7309691309928894,0.16008174419403076,0.1324106603860855,-0.203069269657135,0.06121087819337845,0.17634159326553345,-0.07014276087284088,0.029956050217151642,0.031472593545913696,0.835181713104248,0.0039029396139085293,-0.07781542092561722,1.5617667436599731,1.709791898727417,-0.004456702619791031,1.172659158706665,0.7308564186096191,-0.15585966408252716,0.07739850878715515,0.10035580396652222,0.08800849318504333,0.24019792675971985,-0.22338415682315826,0.09845313429832458,0.1760929524898529,0.36137819290161133,0.0346217155456543,0.1787104308605194,-0.9128432273864746,-0.40146932005882263,-0.07443058490753174,0.030071280896663666,0.11569130420684814,-0.9928299784660339,0.611912727355957,0.14373779296875,0.6173124313354492,-0.6634360551834106,0.7028672695159912,-0.25657424330711365,0.7296062707901001,0.6837334632873535,-0.013536499813199043,0.33324146270751953,0.009463310241699219,-0.031000062823295593,-0.5787824392318726,0.8154820203781128,1.0836728847607446e-07,-0.8154820203781128,-0.5787824392318726,5.1637908882185e-07,0.30323752760887146,-0.144881933927536,-0.031000014394521713,0.3632453978061676,0.16380855441093445,-0.031000111252069473
99,0.43831297755241394,0.07767800986766815,-1.2425869703292847,1.3635742664337158,0.18230703473091125,1.3962903022766113,0.3186302185058594,0.7309682965278625,0.15682649612426758,0.14031048119068146,-0.19859279692173004,0.06444235891103745,0.1859433650970459,-0.07478988170623779,0.023030150681734085,0.03219671919941902,0.8245276808738708,0.009036951698362827,-0.07057110220193863,1.5684123039245605,1.728109359741211,-0.020295578986406326,1.1777664422988892,0.7308598756790161,-0.15372592210769653,0.08033628761768341,0.0998552218079567,0.08379946649074554,0.23660169541835785,-0.22210542857646942,0.09466148167848587,0.1721767783164978,0.36569151282310486,0.03347635269165039,0.17971837520599365,-0.9156074523925781,-0.3939747214317322,-0.0802941843867302,0.038711149245500565,0.11239451169967651,-0.9929093718528748,0.6173585653305054,0.13772058486938477,0.6158379316329956,-0.6536492109298706,0.7195876836776733,-0.23438477516174316,0.7424845695495605,0.6697049140930176,-0.014561861753463745,0.33324146270751953,0.009463310241699219,-0.031000062823295593,-0.5787820816040039,0.8154823780059814,-1.4814345661307016e-07,-0.8154823780059814,-0.5787820816040039,-4.332421088548699e-09,0.3032374382019043,-0.14488191902637482,-0.0310000479221344,0.36324548721313477,0.16380853950977325,-0.031000077724456787
100,0.44878265261650085,0.08740606158971786,-1.25669527053833,1.3679873943328857,0.19596663117408752,1.3906959295272827,0.32011911273002625,0.7309691309928894,0.14873896539211273,0.14653800427913666,-0.19493860006332397,0.06640174984931946,0.19150301814079285,-0.07798032462596893,0.019234027713537216,0.031221799552440643,0.8140231370925903,0.014255787245929241,-0.06334155052900314,1.5749363899230957,1.746446132659912,-0.03609387204051018,1.1825568675994873,0.730862557888031,-0.1511010080575943,0.08025141060352325,0.09982501715421677,0.08275817334651947,0.23848485946655273,-0.22192321717739105,0.08892364054918289,0.17192348837852478,0.37012389302253723,0.032186031341552734,0.1808340847492218,-0.9182295799255371,-0.38653063774108887,-0.08630463480949402,0.04761689901351929,0.10858798027038574,-0.9929457902908325,0.6226222515106201,0.1317753791809082,0.6139897108078003,-0.6433883905410767,0.7355129718780518,-0.2123018056154251,0.7549046277999878,0.6556306481361389,-0.016354180872440338,0.33324146270751953,0.009463787078857422,-0.03100001811981201,-0.5787824392318726,0.8154820203781128,-4.535360176305403e-07,-0.8154820203781128,-0.5787824392318726,6.16489728599845e-07,0.30323752760887146,-0.1448814570903778,-0.03099989891052246,0.3632453978061676,0.16380903124809265,-0.031000137329101562
101,0.4587819576263428,0.09740450978279114,-1.2704771757125854,1.372464895248413,0.20977292954921722,1.3848485946655273,0.3214821517467499,0.7309727072715759,0.14021962881088257,0.14932040870189667,-0.19014722108840942,0.0664416030049324,0.19344554841518402,-0.08114924281835556,0.01742008700966835,0.026187436655163765,0.803492546081543,0.01947762258350849,-0.05624070763587952,1.5817947387695312,1.7647243738174438,-0.05190221220254898,1.1872138977050781,0.730864942073822,-0.15179622173309326,0.07980157434940338,0.09766121953725815,0.08799062669277191,0.2320871502161026,-0.22166335582733154,0.09248983860015869,0.18107998371124268,0.37462592124938965,0.030733108520507812,0.1820504069328308,-0.920724630355835,-0.37912607192993164,-0.09235682338476181,0.05669493228197098,0.10419827699661255,-0.992939293384552,0.6278054118156433,0.1256732940673828,0.612162709236145,-0.6323572397232056,0.7509573101997375,-0.19023022055625916,0.7670850157737732,0.6412822008132935,-0.018378525972366333,0.33324146270751953,0.009463787078857422,-0.03100001811981201,-0.5787819623947144,0.8154823780059814,-6.155646588013042e-07,-0.8154823780059814,-0.5787819623947144,9.614129048429731e-09,0.3032374083995819,-0.14488142728805542,-0.03099995106458664,0.36324551701545715,0.16380900144577026,-0.031000085175037384
102,0.4629296064376831,0.10681389272212982,-1.2846555709838867,1.375663161277771,0.2236301451921463,1.3786119222640991,0.32285183668136597,0.7309252023696899,0.09652518481016159,0.1714029610157013,-0.21457688510417938,0.05891912803053856,0.1713811308145523,-0.08261708915233612,0.017182892188429832,0.10457350313663483,0.7947641015052795,0.024660659953951836,-0.04876429960131645,1.5899367332458496,1.7836065292358398,-0.06791327893733978,1.1918781995773315,0.7309473156929016,-0.08003253489732742,0.01194874756038189,0.10584148019552231,0.08865372091531754,0.24573367834091187,-0.22428852319717407,0.0929393321275711,0.0757501944899559,0.3770545721054077,0.027097702026367188,0.1830260455608368,-0.9254438877105713,-0.3657825291156769,-0.0987771525979042,0.06646740436553955,0.09992647171020508,-0.9927723407745361,0.6318337917327881,0.12079620361328125,0.6109814643859863,-0.622188925743103,0.7647777199745178,-0.16732041537761688,0.7776711583137512,0.6283615827560425,-0.019730785861611366,0.3332414925098419,0.009463310241699219,-0.031000062823295593,-0.5787824392318726,0.8154819011688232,1.7875747460038838e-07,-0.8154819011688232,-0.5787824392318726,6.555095524163335e-07,0.30323755741119385,-0.14488191902637482,-0.031000006943941116,0.36324542760849,0.16380853950977325,-0.03100011870265007
103,0.4701979160308838,0.11746584624052048,-1.2980120182037354,1.379649043083191,0.23715637624263763,1.3721137046813965,0.3240611255168915,0.730964183807373,0.09847653657197952,0.1538325697183609,-0.18484388291835785,0.06204742193222046,0.19119437038898468,-0.09323013573884964,0.01664983481168747,0.037346191704273224,0.7889057993888855,0.027685707435011864,-0.04080380126833916,1.5991320610046387,1.8024721145629883,-0.08383002132177353,1.1963937282562256,0.7308993935585022,-0.08380839228630066,0.045340947806835175,0.11061592400074005,0.13528801500797272,0.2662835121154785,-0.221706822514534,0.06031369790434837,0.12270623445510864,0.3807632327079773,0.02448749542236328,0.18416711688041687,-0.9284567832946777,-0.3565518260002136,-0.10411059856414795,0.0751987174153328,0.09405148029327393,-0.992723286151886,0.6336634755134583,0.11750602722167969,0.6119714975357056,-0.6138803958892822,0.7761443853378296,-0.1440514624118805,0.7858554124832153,0.618134617805481,-0.01846254989504814,0.33324146270751953,0.009463310241699219,-0.031000062823295593,-0.5787822008132935,0.8154822587966919,6.940159380519617e-08,-0.8154822587966919,-0.5787822008132935,3.755575903596764e-07,0.3032374680042267,-0.144881933927536,-0.031000029295682907,0.3632454574108124,0.16380855441093445,-0.03100009635090828
104,0.47700193524360657,0.12810726463794708,-1.3111186027526855,1.3836828470230103,0.25019946694374084,1.3657194375991821,0.32558906078338623,0.730911910533905,0.1117255911231041,0.1603745073080063,-0.20938874781131744,0.0809457078576088,0.17234176397323608,-0.10106413811445236,0.019726255908608437,0.20963123440742493,0.7828153967857361,0.030590789392590523,-0.03291184827685356,1.608809232711792,1.8213366270065308,-0.09976770728826523,1.201282024383545,0.7308802008628845,-0.09757696092128754,0.026019813492894173,0.10157223790884018,0.11278477311134338,0.2291918843984604,-0.19964589178562164,0.10813052952289581,0.12075849622488022,0.38426780700683594,0.02164936065673828,0.1854173243045807,-0.9314777851104736,-0.3470645844936371,-0.10906582325696945,0.08360295742750168,0.08756095170974731,-0.992644727230072,0.6354736685752869,0.1139974594116211,0.6131607890129089,-0.6050065755844116,0.7871045470237732,-0.12014038115739822,0.7939963936805725,0.6076793074607849,-0.017194807529449463,0.33324146270751953,0.009463310241699219,-0.03100001811981201,-0.5787826776504517,0.8154819011688232,-5.137309813108004e-07,-0.8154819011688232,-0.5787826776504517,3.3782717423491704e-07,0.30323755741119385,-0.144881933927536,-0.03099992498755455,0.3632453680038452,0.16380855441093445,-0.031000111252069473
105,0.4833214581012726,0.13912412524223328,-1.3242745399475098,1.3892207145690918,0.2630543112754822,1.3583450317382812,0.32689592242240906,0.730955183506012,0.07628907263278961,0.15772418677806854,-0.1869327276945114,0.08887717127799988,0.1801557093858719,-0.1063832938671112,0.017867611721158028,0.04407934471964836,0.7771497368812561,0.03318341076374054,-0.025248322635889053,1.619364857673645,1.8405194282531738,-0.11591479182243347,1.2059643268585205,0.7309056520462036,-0.07311121374368668,0.025935938581824303,0.10775381326675415,0.1580178141593933,0.2677744925022125,-0.22528308629989624,0.06494990736246109,0.11997474730014801,0.38817811012268066,0.01786041259765625,0.18742644786834717,-0.9342482089996338,-0.33775749802589417,-0.11445692181587219,0.09321316331624985,0.07851618528366089,-0.9925455451011658,0.6369953155517578,0.1104745864868164,0.6149201989173889,-0.5957838296890259,0.7974125742912292,-0.09578635543584824,0.8018885254859924,0.5972745418548584,-0.015429159626364708,0.33324146270751953,0.009463787078857422,-0.03100001811981201,-0.5787822008132935,0.8154823184013367,-4.4712334101859597e-07,-0.8154823184013367,-0.5787822008132935,5.40712107977015e-07,0.3032374680042267,-0.1448814570903778,-0.030999906361103058,0.3632454574108124,0.16380903124809265,-0.031000129878520966
106,0.48936697840690613,0.1502004712820053,-1.3374277353286743,1.3950715065002441,0.27561914920806885,1.351230502128601,0.3283507227897644,0.7309470772743225,0.08424553275108337,0.16073152422904968,-0.18788546323776245,0.09756159782409668,0.17399132251739502,-0.102043017745018,0.0200206208974123,0.05088866129517555,0.7706142067909241,0.03534853458404541,-0.01776999421417713,1.6299580335617065,1.8594714403152466,-0.1319797933101654,1.2108254432678223,0.7308913469314575,-0.09515030682086945,0.030513327568769455,0.10122577100992203,0.15168190002441406,0.2659434378147125,-0.22722311317920685,0.06735057383775711,0.1293623000383377,0.39194416999816895,0.013864517211914062,0.18967613577842712,-0.9369324445724487,-0.32838699221611023,-0.11966592073440552,0.10261562466621399,0.06883633136749268,-0.9923365116119385,0.6387406587600708,0.10623741149902344,0.6168303489685059,-0.5854967832565308,0.8075405955314636,-0.071216881275177,0.8100960850715637,0.5861356258392334,-0.013763880357146263,0.3332414925098419,0.009463310241699219,-0.03100001811981201,-0.5787827968597412,0.8154818415641785,-5.336920594345429e-07,-0.8154818415641785,-0.5787827968597412,3.1106671372072014e-07,0.3032376170158386,-0.1448819488286972,-0.03099992498755455,0.3632453680038452,0.16380856931209564,-0.031000111252069473
107,0.49485114216804504,0.16155998408794403,-1.3505005836486816,1.401574969291687,0.28790393471717834,1.343763828277588,0.32983317971229553,0.7309449911117554,0.06702542304992676,0.16327393054962158,-0.18822136521339417,0.10588417947292328,0.17156864702701569,-0.10805826634168625,0.020171623677015305,0.055619437247514725,0.7643667459487915,0.03756558895111084,-0.010388915427029133,1.6409173011779785,1.8785922527313232,-0.1481897532939911,1.215739130973816,0.7309029698371887,-0.08340875804424286,0.019284352660179138,0.10362208634614944,0.16071011126041412,0.2689376771450043,-0.22685059905052185,0.06792417913675308,0.11777813732624054,0.395715594291687,0.009325981140136719,0.1923186182975769,-0.9395114183425903,-0.3189656734466553,-0.12481778860092163,0.11220640689134598,0.0576900839805603,-0.9920089244842529,0.6402879357337952,0.10211896896362305,0.618686318397522,-0.5750130414962769,0.8168385624885559,-0.04620618000626564,0.8179799914360046,0.5751118063926697,-0.012457611970603466,0.33324146270751953,0.009463787078857422,-0.031000014394521713,-0.5787822008132935,0.8154823184013367,-9.195986194754369e-07,-0.8154823184013367,-0.5787822008132935,4.845865646530001e-07,0.3032374680042267,-0.1448814570903778,-0.030999857932329178,0.3632454574108124,0.16380903124809265,-0.03100017085671425
108,0.4987485706806183,0.17318511009216309,-1.3633875846862793,1.4081192016601562,0.3005627691745758,1.3358945846557617,0.3310687839984894,0.7309682965278625,0.018328286707401276,0.16325315833091736,-0.18181674182415009,0.08813762664794922,0.17996746301651,-0.11215721815824509,0.01779845356941223,0.020974092185497284,0.7591349482536316,0.03920253366231918,-0.00287601794116199,1.652633547782898,1.8978912830352783,-0.1644587218761444,1.2203691005706787,0.7309406399726868,-0.05291188880801201,0.005952036008238792,0.11059869080781937,0.18436168134212494,0.2728467583656311,-0.22847820818424225,0.06186908483505249,0.06500300019979477,0.3992006480693817,0.004144191741943359,0.19513148069381714,-0.9422234296798706,-0.3085951507091522,-0.13032273948192596,0.12214279919862747,0.045767247676849365,-0.9914568066596985,0.6410351395606995,0.0986018180847168,0.6212440133094788,-0.5651859045028687,0.8246980309486389,-0.020930767059326172,0.8249574303627014,0.565097451210022,-0.010489570908248425,0.33324146270751953,0.009463787078857422,-0.03100006654858589,-0.5787818431854248,0.8154825568199158,-5.767450375060434e-07,-0.8154825568199158,-0.5787818431854248,2.3628000178632647e-07,0.3032373785972595,-0.1448814421892166,-0.03099997714161873,0.36324554681777954,0.16380901634693146,-0.031000155955553055
109,0.4976847469806671,0.18456751108169556,-1.3764374256134033,1.413259744644165,0.31425026059150696,1.3276482820510864,0.3318262994289398,0.7309302687644958,-0.06388717889785767,0.16174128651618958,-0.2031184732913971,0.06881500780582428,0.18352603912353516,-0.10532227158546448,0.003151451703161001,0.10229268670082092,0.7576892375946045,0.04029122367501259,0.005545659922063351,1.6654624938964844,1.9174599647521973,-0.18065142631530762,1.2244083881378174,0.7309674620628357,0.007567739114165306,-0.023503078147768974,0.12121123820543289,0.19349874556064606,0.26609188318252563,-0.2410019338130951,0.06845702230930328,0.0005205236375331879,0.40094417333602905,-0.0027327537536621094,0.19763925671577454,-0.946160078048706,-0.29340627789497375,-0.1367260366678238,0.13255424797534943,0.03415566682815552,-0.9905871152877808,0.6394508481025696,0.09799337387084961,0.624718189239502,-0.5591776371002197,0.8290358781814575,0.0044913818128407,0.829001784324646,0.559195339679718,-0.007528586778789759,0.33324146270751953,0.009463310241699219,-0.031000062823295593,-0.5787824392318726,0.8154821395874023,1.282510169176021e-07,-0.8154821395874023,-0.5787824392318726,5.792056185782712e-07,0.3032374978065491,-0.1448819488286972,-0.031000010669231415,0.36324542760849,0.16380856931209564,-0.03100011497735977
110,0.49362310767173767,0.19627919793128967,-1.3899859189987183,1.4186203479766846,0.3285188674926758,1.3186116218566895,0.3318876624107361,0.7310199737548828,-0.13942234218120575,0.14567451179027557,-0.17911721765995026,0.06545128673315048,0.25984495878219604,-0.1630382090806961,0.00036013731732964516,0.04975545033812523,0.7593132853507996,0.04022202268242836,0.014442767947912216,1.679118275642395,1.9373668432235718,-0.19704721868038177,1.2276434898376465,0.7310174107551575,0.10660476982593536,-0.007624575402587652,0.1718679517507553,0.22284258902072906,0.29076769948005676,-0.19312119483947754,0.048544224351644516,0.0929330438375473,0.40177997946739197,-0.011272430419921875,0.2005055844783783,-0.9504261016845703,-0.27570080757141113,-0.14380283653736115,0.143666073679924,0.02080380916595459,-0.9894075989723206,0.6359090805053711,0.09931659698486328,0.6293174028396606,-0.5559841394424438,0.8306527733802795,0.029965268447995186,0.8309648633003235,0.5563147068023682,-0.0033772061578929424,0.3332414925098419,0.009463310241699219,-0.03100002184510231,-0.5787827968597412,0.8154818415641785,-7.997977604645712e-07,-0.8154818415641785,-0.5787827968597412,3.0285963248388725e-07,0.3032376170158386,-0.1448819488286972,-0.03099989891052246,0.3632453680038452,0.16380856931209564,-0.03100014477968216
111,0.4868013858795166,0.20748771727085114,-1.403933048248291,1.4226641654968262,0.3423020541667938,1.3098194599151611,0.3318711817264557,0.7309157252311707,-0.14929939806461334,0.15478743612766266,-0.21179282665252686,0.05141962692141533,0.18670034408569336,-0.12091941386461258,-7.84448639024049e-05,0.09482402354478836,0.7633917331695557,0.04017356410622597,0.023230023682117462,1.6946170330047607,1.9567042589187622,-0.21367861330509186,1.2309246063232422,0.7310622334480286,0.08650413900613785,-0.033708035945892334,0.12837167084217072,0.24733465909957886,0.2654300332069397,-0.23259314894676208,0.04706462472677231,-0.028556624427437782,0.4008461833000183,-0.020893573760986328,0.20306187868118286,-0.955169677734375,-0.2549644112586975,-0.1504790186882019,0.1536850929260254,0.007419764995574951,-0.9880920052528381,0.6311795711517334,0.10196113586425781,0.6349576711654663,-0.5546457767486572,0.8302375674247742,0.05543952435255051,0.8315746188163757,0.5554096102714539,0.0019376277923583984,0.33324143290519714,0.009463787078857422,-0.03100001811981201,-0.5787822008132935,0.8154823184013367,-8.732222340768203e-07,-0.8154823184013367,-0.5787822008132935,9.872848067971063e-07,0.3032374382019043,-0.1448814570903778,-0.030999809503555298,0.36324542760849,0.16380903124809265,-0.031000226736068726
112,0.4769827723503113,0.21862134337425232,-1.4182106256484985,1.425986886024475,0.35640740394592285,1.300658941268921,0.33146563172340393,0.7309035062789917,-0.19239442050457,0.15216980874538422,-0.22738614678382874,0.0604286827147007,0.19377824664115906,-0.1350589394569397,-0.0074177514761686325,0.14182664453983307,0.7660786509513855,0.03930176794528961,0.031474754214286804,1.7115319967269897,1.9759057760238647,-0.23034250736236572,1.233776330947876,0.7310823202133179,0.09741631895303726,-0.0541033111512661,0.12987418472766876,0.24755392968654633,0.2688400447368622,-0.23361799120903015,0.04311320185661316,-0.031377557665109634,0.39847737550735474,-0.03181743621826172,0.20558422803878784,-0.9600601196289062,-0.2312643826007843,-0.15748408436775208,0.16346073150634766,-0.006788372993469238,-0.9865264892578125,0.626836895942688,0.10308980941772461,0.6419386267662048,-0.5519046783447266,0.8299692869186401,0.08094479888677597,0.8330659866333008,0.5531032085418701,0.008825011551380157,0.33324146270751953,0.009463310241699219,-0.031000062823295593,-0.5787826776504517,0.8154818415641785,-5.600860504273442e-07,-0.8154818415641785,-0.5787826776504517,5.243339842309069e-07,0.30323755741119385,-0.144881933927536,-0.030999943614006042,0.3632453680038452,0.16380855441093445,-0.031000182032585144
113,0.4664931297302246,0.22993461787700653,-1.4327313899993896,1.4299713373184204,0.37062975764274597,1.2911491394042969,0.33086109161376953,0.730933427810669,-0.1284385323524475,0.15358518064022064,-0.27117446064949036,0.03982570767402649,0.23473986983299255,-0.17677463591098785,-0.045461125671863556,0.15175150334835052,0.7704002857208252,0.03773537650704384,0.04015808552503586,1.728176474571228,1.9952784776687622,-0.24697907269001007,1.2363625764846802,0.7311151623725891,0.1854504644870758,-0.04434370622038841,0.11974837630987167,0.24470341205596924,0.13138632476329803,-0.23420551419258118,0.21295814216136932,0.015135049819946289,0.3957584798336029,-0.043385982513427734,0.20864337682724,-0.9642904996871948,-0.20725280046463013,-0.1648947149515152,0.17325453460216522,-0.022725582122802734,-0.984614908695221,0.6212595105171204,0.1053614616394043,0.6489608883857727,-0.5511026382446289,0.8275994062423706,0.10660602152347565,0.8331608772277832,0.5528144836425781,0.015462039038538933,0.33324146270751953,0.009463787078857422,-0.03100001811981201,-0.5787820816040039,0.8154823780059814,-4.989721560377802e-07,-0.8154823780059814,-0.5787820816040039,4.081403801592387e-07,0.3032374382019043,-0.1448814421892166,-0.030999917536973953,0.36324548721313477,0.16380901634693146,-0.03100011870265007
114,0.4546205997467041,0.24107347428798676,-1.4475255012512207,1.4343838691711426,0.38495686650276184,1.281036376953125,0.33004140853881836,0.7309049367904663,-0.22324012219905853,0.13589516282081604,-0.22830595076084137,0.06102169305086136,0.20186904072761536,-0.14221513271331787,-0.01253610011190176,0.09635517001152039,0.7766188383102417,0.036591436713933945,0.0489620566368103,1.7456998825073242,2.014378070831299,-0.26365363597869873,1.2386868000030518,0.731126606464386,0.1724303811788559,-0.044703368097543716,0.14191193878650665,0.27673643827438354,0.2680116891860962,-0.22883449494838715,0.03799648955464363,-0.0364503413438797,0.3923512101173401,-0.05590057373046875,0.21225538849830627,-0.9679169654846191,-0.18220190703868866,-0.17302952706813812,0.18320707976818085,-0.04046320915222168,-0.9822413325309753,0.6147106289863586,0.10888385772705078,0.6560255885124207,-0.552116870880127,0.823251485824585,0.13200034201145172,0.831943154335022,0.5544266104698181,0.021948767825961113,0.33324146270751953,0.009463310241699219,-0.03100001811981201,-0.5787824392318726,0.8154820203781128,-4.0988345517689595e-07,-0.8154820203781128,-0.5787824392318726,6.949267685740779e-07,0.30323752760887146,-0.144881933927536,-0.030999895185232162,0.3632453978061676,0.16380855441093445,-0.03100014105439186
115,0.43954864144325256,0.25087371468544006,-1.4627063274383545,1.4364155530929565,0.4000718593597412,1.2719643115997314,0.3291025459766388,0.7309024930000305,-0.2984021008014679,0.1176636666059494,-0.25155913829803467,0.0233609676361084,0.20201531052589417,-0.1293780356645584,-0.013432246632874012,0.11906743049621582,0.7816022038459778,0.03619641438126564,0.05733846500515938,1.7632931470870972,2.0328028202056885,-0.28012436628341675,1.2409287691116333,0.7310945391654968,0.09182192385196686,-0.02943754568696022,0.12102672457695007,0.2561247944831848,0.25775450468063354,-0.23316755890846252,0.03124552220106125,-0.026866337284445763,0.3866611421108246,-0.06884241104125977,0.21518543362617493,-0.9713363647460938,-0.15283283591270447,-0.18206551671028137,0.19245801866054535,-0.05608522891998291,-0.9797012209892273,0.6089230179786682,0.11158180236816406,0.6624535322189331,-0.5519623756408691,0.8190260529518127,0.15663310885429382,0.8313713669776917,0.5550410747528076,0.02740570902824402,0.33324146270751953,0.009463787078857422,-0.03100001811981201,-0.5787818431854248,0.8154824376106262,-5.132093860993336e-07,-0.8154824376106262,-0.5787818431854248,4.3650501879710646e-07,0.3032374083995819,-0.14488142728805542,-0.030999913811683655,0.36324551701545715,0.16380900144577026,-0.03100012242794037
116,0.4233449399471283,0.2601783275604248,-1.478271484375,1.4375122785568237,0.41457894444465637,1.2636727094650269,0.32862186431884766,0.7309016585350037,-0.2937753200531006,0.11392195522785187,-0.24981625378131866,0.01292894035577774,0.19642402231693268,-0.11927846074104309,-0.007158262189477682,0.12151920050382614,0.7846305966377258,0.03595072776079178,0.06536918878555298,1.7800626754760742,2.051007032394409,-0.2967730462551117,1.24370276927948,0.73110032081604,0.080304816365242,-0.029361780732870102,0.12003110349178314,0.24816089868545532,0.25219252705574036,-0.2334984391927719,0.04120536148548126,-0.03287937492132187,0.3794240355491638,-0.08196544647216797,0.21788692474365234,-0.9741249084472656,-0.12145005166530609,-0.19060580432415009,0.20011824369430542,-0.07153928279876709,-0.9771565198898315,0.6041268110275269,0.11292219161987305,0.667971134185791,-0.5497177839279175,0.8154147267341614,0.18140973150730133,0.8319805264472961,0.5539211630821228,0.03130396828055382,0.33324146270751953,0.009463787078857422,-0.03100001811981201,-0.5787824392318726,0.8154818415641785,-5.011566486246011e-07,-0.8154818415641785,-0.5787824392318726,3.5335023085281136e-07,0.30323752760887146,-0.14488142728805542,-0.03099992498755455,0.3632453978061676,0.16380900144577026,-0.031000111252069473
117,0.4060142934322357,0.26905304193496704,-1.4945940971374512,1.4381437301635742,0.4287486672401428,1.2564083337783813,0.3284156918525696,0.730889618396759,-0.33242669701576233,0.09946294128894806,-0.2670612633228302,-0.00576706463471055,0.19141820073127747,-0.10198856890201569,-0.004012889228761196,0.1448829621076584,0.790493369102478,0.0372314527630806,0.07437064498662949,1.7952207326889038,2.0689995288848877,-0.3130880296230316,1.2467290163040161,0.7311689257621765,0.1869148313999176,0.016850214451551437,0.14840230345726013,0.2212284505367279,0.2503923177719116,-0.22488360106945038,0.043622300028800964,-0.04516898840665817,0.37063026428222656,-0.09529876708984375,0.22058722376823425,-0.9760468006134033,-0.0880146473646164,-0.19896332919597626,0.20650576055049896,-0.0869760513305664,-0.9745720624923706,0.5980325937271118,0.11722183227539062,0.6711432933807373,-0.5503932237625122,0.8092020750045776,0.20557110011577606,0.8301820755004883,0.5565847158432007,0.03179941698908806,0.33324146270751953,0.009463310241699219,-0.031000062823295593,-0.5787822008132935,0.8154820203781128,8.477514512605921e-08,-0.8154820203781128,-0.5787822008132935,4.78182755614398e-07,0.3032374978065491,-0.14488190412521362,-0.03100001811981201,0.36324542760849,0.16380852460861206,-0.031000107526779175
118,0.38743048906326294,0.27757611870765686,-1.5109782218933105,1.4375921487808228,0.44275176525115967,1.249563455581665,0.32832401990890503,0.730883777141571,-0.3401804268360138,0.09705981612205505,-0.2631477117538452,-0.02319810725748539,0.19037558138370514,-0.09690192341804504,-0.0023854731116443872,0.15840432047843933,0.800388514995575,0.03928525000810623,0.08420100063085556,1.809881329536438,2.0868911743164062,-0.32930120825767517,1.249863624572754,0.7311939001083374,0.23876234889030457,0.013849200680851936,0.1584431380033493,0.2155393660068512,0.24937690794467926,-0.22478927671909332,0.04512818157672882,-0.04195050522685051,0.3604196012020111,-0.10858011245727539,0.22291669249534607,-0.976891279220581,-0.05285775661468506,-0.20709791779518127,0.21158593893051147,-0.10203719139099121,-0.9720184206962585,0.5898487567901611,0.12468385696411133,0.6732391119003296,-0.5547022819519043,0.7997879385948181,0.22944466769695282,0.8254148364067078,0.5636967420578003,0.03060239553451538,0.33324146270751953,0.009463787078857422,-0.03100001811981201,-0.5787829160690308,0.8154817223548889,-9.074219633475877e-07,-0.8154817223548889,-0.5787829160690308,6.518275199596246e-07,0.30323758721351624,-0.144881471991539,-0.030999846756458282,0.3632453382015228,0.16380904614925385,-0.03100018948316574
119,0.3680938184261322,0.2849464416503906,-1.5279790163040161,1.4377011060714722,0.45664364099502563,1.243111252784729,0.3287358582019806,0.7309079766273499,-0.36451661586761475,0.06589416414499283,-0.28664320707321167,0.0015136159490793943,0.19175492227077484,-0.09425586462020874,0.005300804506987333,0.12227281183004379,0.8143500089645386,0.04276711493730545,0.09520226716995239,1.8229098320007324,2.105245590209961,-0.3456502854824066,1.2534980773925781,0.7312676310539246,0.36184099316596985,0.06582488119602203,0.191671684384346,0.16922394931316376,0.26216262578964233,-0.22801978886127472,0.052109234035015106,-0.04924575239419937,0.3492640256881714,-0.1221303939819336,0.2259623110294342,-0.9761292934417725,-0.016368115320801735,-0.21657291054725647,0.21697402000427246,-0.11800706386566162,-0.9690183401107788,0.5795509815216064,0.1356964111328125,0.6729033589363098,-0.5621691942214966,0.7872220873832703,0.2534702718257904,0.817426860332489,0.5754579305648804,0.025718677788972855,0.33324146270751953,0.009463310241699219,-0.03100007027387619,-0.5787824392318726,0.8154820799827576,-1.0289825240761274e-06,-0.8154820799827576,-0.5787824392318726,1.4201140174918692e-07,0.3032374978065491,-0.144881933927536,-0.030999943614006042,0.36324542760849,0.16380855441093445,-0.031000196933746338
120,0.34772586822509766,0.2914857268333435,-1.5453414916992188,1.4376389980316162,0.4697895646095276,1.236758828163147,0.32971319556236267,0.7309136390686035,-0.37434571981430054,0.05880751460790634,-0.2970627546310425,0.009768293239176273,0.17864876985549927,-0.09667852520942688,0.013267165049910545,0.11787530034780502,0.8334305286407471,0.04727920889854431,0.1073659285902977,1.835523009300232,2.12398362159729,-0.36212411522865295,1.2577613592147827,0.7312890887260437,0.41695156693458557,0.06530251353979111,0.2055014818906784,0.16990095376968384,0.2668147087097168,-0.228204146027565,0.06075930967926979,-0.04582103341817856,0.33671173453330994,-0.1358776092529297,0.22923573851585388,-0.9738175868988037,0.021682733669877052,-0.2262946367263794,0.22143462300300598,-0.13477444648742676,-0.9658170342445374,0.5662447214126587,0.15047311782836914,0.6712591052055359,-0.5734615325927734,0.7706078290939331,0.2780388593673706,0.8053245544433594,0.5925381183624268,0.018731407821178436,0.3332414925098419,0.009463310241699219,-0.03100007027387619,-0.5787819623947144,0.8154823184013367,-6.377383101607847e-07,-0.8154823184013367,-0.5787819623947144,-2.191851393718025e-07,0.3032374680042267,-0.14488190412521362,-0.03100002557039261,0.36324551701545715,0.16380852460861206,-0.03100011497735977
121,0.32685187458992004,0.2971656620502472,-1.5636006593704224,1.438627004623413,0.4815700352191925,1.230380654335022,0.33158138394355774,0.7309129238128662,-0.3882972300052643,0.04558056592941284,-0.3111591637134552,0.017085440456867218,0.157163605093956,-0.09612779319286346,0.02574118785560131,0.11268086731433868,0.8544015288352966,0.052016228437423706,0.12006586790084839,1.8482211828231812,2.143080711364746,-0.37872114777565,1.2630282640457153,0.7312917709350586,0.4388831853866577,0.06423313915729523,0.2122676819562912,0.17617495357990265,0.2711390256881714,-0.2291383147239685,0.07441464066505432,-0.04036877676844597,0.32281869649887085,-0.1500868797302246,0.23338812589645386,-0.9697742462158203,0.06076643615961075,-0.23631605505943298,0.22484156489372253,-0.15367138385772705,-0.9622013568878174,0.551288366317749,0.1663508415222168,0.6692408919334412,-0.5853894948959351,0.7517219185829163,0.3036995232105255,0.7910744547843933,0.6116223335266113,0.010920889675617218,0.33324146270751953,0.009463310241699219,-0.03100007027387619,-0.5787826776504517,0.815481960773468,-1.15571288006322e-06,-0.815481960773468,-0.5787826776504517,1.6179369310975744e-07,0.30323755741119385,-0.1448819488286972,-0.03099992498755455,0.3632453680038452,0.16380856931209564,-0.03100021556019783
122,0.3053272068500519,0.30213627219200134,-1.5827245712280273,1.440425157546997,0.4919951260089874,1.2239623069763184,0.33422380685806274,0.7309135794639587,-0.3983434736728668,0.03416305035352707,-0.32531219720840454,0.029414204880595207,0.13807044923305511,-0.09677218645811081,0.03654170408844948,0.11728008836507797,0.8761877417564392,0.05668695643544197,0.13305266201496124,1.861217737197876,2.162445306777954,-0.3954154849052429,1.2691693305969238,0.7312919497489929,0.4496697187423706,0.058702047914266586,0.21665219962596893,0.18217797577381134,0.2747763991355896,-0.23076707124710083,0.08702582865953445,-0.03664760664105415,0.3073883056640625,-0.1646122932434082,0.23827961087226868,-0.9638975858688354,0.10085776448249817,-0.2464328110218048,0.22672103345394135,-0.17447519302368164,-0.9582045674324036,0.5351521372795105,0.1823892593383789,0.6672255396842957,-0.5968395471572876,0.7312232255935669,0.3302954435348511,0.7753214836120605,0.6315605640411377,0.0028181083034723997,0.3332414925098419,0.009463310241699219,-0.031000062823295593,-0.5787820816040039,0.8154823184013367,1.9963098907282983e-07,-0.8154823184013367,-0.5787820816040039,7.288445544872957e-07,0.3032374680042267,-0.14488191902637482,-0.031000003218650818,0.36324551701545715,0.16380853950977325,-0.03100012242794037
123,0.28326866030693054,0.30638301372528076,-1.602685570716858,1.4430774450302124,0.5012422204017639,1.2175275087356567,0.33754584193229675,0.7309160232543945,-0.4088113009929657,0.021377934142947197,-0.34006184339523315,0.04197363555431366,0.12144511938095093,-0.09714902192354202,0.04601166397333145,0.12311940640211105,0.8983060121536255,0.0613122321665287,0.14622783660888672,1.8744285106658936,2.1820287704467773,-0.4121766686439514,1.2760676145553589,0.7312867641448975,0.45277103781700134,0.058400049805641174,0.21930024027824402,0.18460498750209808,0.2781786322593689,-0.2319091111421585,0.09713619947433472,-0.03464151918888092,0.29047566652297974,-0.1792621612548828,0.2439361810684204,-0.9560246467590332,0.14161008596420288,-0.25683411955833435,0.227045476436615,-0.19698786735534668,-0.9537537693977356,0.5181018114089966,0.19823169708251953,0.6651643514633179,-0.6072344779968262,0.7095094919204712,0.357578843832016,0.7583246827125549,0.6518527269363403,-0.005634740460664034,0.3332414925098419,0.009463787078857422,-0.03100001811981201,-0.5787826776504517,0.8154820203781128,-4.378132132387691e-07,-0.8154820203781128,-0.5787826776504517,4.961668764735805e-07,0.30323758721351624,-0.144881471991539,-0.030999913811683655,0.3632453978061676,0.16380904614925385,-0.03100012242794037
124,0.26064130663871765,0.31037867069244385,-1.6231071949005127,1.446344017982483,0.5102601647377014,1.21066153049469,0.34089940786361694,0.7309144735336304,-0.4142208695411682,0.018021555617451668,-0.346469908952713,0.051914796233177185,0.11882427334785461,-0.1029219850897789,0.04644520580768585,0.12730158865451813,0.9206852316856384,0.06585002690553665,0.1594255566596985,1.8878909349441528,2.201777696609497,-0.42899051308631897,1.2830103635787964,0.7312862277030945,0.45725932717323303,0.055783338844776154,0.2201910763978958,0.18802562355995178,0.28057509660720825,-0.23289291560649872,0.09788602590560913,-0.035355471074581146,0.2724250555038452,-0.19384479522705078,0.2502393126487732,-0.9460747241973877,0.18218371272087097,-0.2678653299808502,0.22603560984134674,-0.22108030319213867,-0.948699951171875,0.5002356767654419,0.21368932723999023,0.6631306409835815,-0.6164760589599609,0.6869449019432068,0.38479119539260864,0.7401712536811829,0.6722657680511475,-0.014324130490422249,0.33324146270751953,0.009463310241699219,-0.03100001811981201,-0.5787822008132935,0.8154822587966919,-5.037762775828014e-07,-0.8154822587966919,-0.5787822008132935,2.7681286951519724e-07,0.3032374680042267,-0.144881933927536,-0.030999932438135147,0.3632454574108124,0.16380855441093445,-0.031000103801488876
125,0.23762783408164978,0.3141176700592041,-1.6440387964248657,1.4507520198822021,0.5190765261650085,1.2030634880065918,0.34426480531692505,0.7309162020683289,-0.39148420095443726,0.0250090379267931,-0.38358673453330994,0.050087232142686844,0.20072084665298462,-0.15809917449951172,0.054363053292036057,0.3123815059661865,0.9431026577949524,0.07033081352710724,0.17266413569450378,1.9018288850784302,2.2218692302703857,-0.4458189010620117,1.2899675369262695,0.7312591075897217,0.37797224521636963,0.028652461245656013,0.26253366470336914,0.2194436937570572,0.5720354914665222,-0.18777057528495789,-0.14735309779644012,-0.013919628225266933,0.25336751341819763,-0.20844173431396484,0.2575281262397766,-0.9340372085571289,0.22195929288864136,-0.27983707189559937,0.22366741299629211,-0.24736058712005615,-0.9427543878555298,0.4816378057003021,0.22863531112670898,0.6612303256988525,-0.6243882179260254,0.663574755191803,0.41207772493362427,0.720893919467926,0.6926606893539429,-0.023089155554771423,0.33324146270751953,0.009463787078857422,-0.03100006654858589,-0.5787818431854248,0.8154824376106262,-8.657317493998562e-07,-0.8154824376106262,-0.5787818431854248,-1.2686969697028871e-08,0.3032374083995819,-0.14488142728805542,-0.03099997341632843,0.36324551701545715,0.16380900144577026,-0.031000159680843353
126,0.21988241374492645,0.3204404413700104,-1.6608259677886963,1.4532822370529175,0.5278378129005432,1.1961487531661987,0.34763649106025696,0.7309414148330688,-0.2349766343832016,0.09105642884969711,-0.24392254650592804,0.05916805937886238,0.12237291038036346,-0.09206537902355194,0.04617070034146309,0.09114551544189453,0.9683805704116821,0.0700029656291008,0.18747825920581818,1.916407823562622,2.2425248622894287,-0.4625294804573059,1.2968133687973022,0.731370210647583,0.5954048037528992,-0.026277810335159302,0.25474298000335693,0.21571020781993866,0.2840549051761627,-0.22662660479545593,0.09693360328674316,-0.03920301795005798,0.23824304342269897,-0.21941518783569336,0.26289206743240356,-0.9233613014221191,0.25353577733039856,-0.2883116602897644,0.2190229594707489,-0.2689133882522583,-0.9379310011863708,0.45874303579330444,0.2435164451599121,0.663043200969696,-0.6349308490753174,0.6347551941871643,0.4403962790966034,0.6972915530204773,0.7162758111953735,-0.027084490284323692,0.3332414925098419,0.009463310241699219,-0.03100001811981201,-0.5787825584411621,0.8154820203781128,-1.1663291843433399e-06,-0.8154820203781128,-0.5787825584411621,1.4658557034863406e-08,0.30323755741119385,-0.144881933927536,-0.030999891459941864,0.36324542760849,0.16380855441093445,-0.03100014477968216
127,0.20644275844097137,0.3287733495235443,-1.6750468015670776,1.457162857055664,0.536166787147522,1.1883013248443604,0.3510168194770813,0.730967104434967,-0.24499228596687317,0.0960438922047615,-0.2440473586320877,0.07566177845001221,0.11379241198301315,-0.11823893338441849,0.04803605005145073,0.042766354978084564,0.9989561438560486,0.06870362907648087,0.2027735561132431,1.9328012466430664,2.2634849548339844,-0.4793165922164917,1.3037208318710327,0.7313783168792725,0.6155182123184204,-0.05909917876124382,0.26007744669914246,0.2452925592660904,0.29627135396003723,-0.23028787970542908,0.09725672751665115,-0.0315486341714859,0.22656792402267456,-0.22900009155273438,0.2685559391975403,-0.9142346382141113,0.2774354815483093,-0.29530444741249084,0.21308639645576477,-0.2906841039657593,-0.9327899813652039,0.431510329246521,0.2595663070678711,0.666490375995636,-0.6476287841796875,0.6003138422966003,0.4692549407482147,0.6681439280509949,0.7434669733047485,-0.028991147875785828,0.3332414925098419,0.009463310241699219,-0.03100001811981201,-0.5787820816040039,0.8154823780059814,-1.105782075683237e-06,-0.8154823780059814,-0.5787820816040039,2.7500658461576677e-07,0.3032374680042267,-0.14488191902637482,-0.030999865382909775,0.36324551701545715,0.16380853950977325,-0.03100017085671425
128,0.19218967854976654,0.33702927827835083,-1.68952214717865,1.4619159698486328,0.5440514087677002,1.1793569326400757,0.35441499948501587,0.7309706211090088,-0.2577163875102997,0.09353833645582199,-0.2503322958946228,0.08927105367183685,0.10574188083410263,-0.1341959536075592,0.04893946647644043,0.03785321116447449,1.0299034118652344,0.06560274213552475,0.2177910953760147,1.9509782791137695,2.2847306728363037,-0.4962669312953949,1.3106790781021118,0.7313842177391052,0.6100892424583435,-0.09685462713241577,0.25372350215911865,0.27562063932418823,0.2998226583003998,-0.23295645415782928,0.0983416885137558,-0.025672506541013718,0.21401068568229675,-0.2390298843383789,0.2750931978225708,-0.9042578935623169,0.3009960353374481,-0.30285146832466125,0.20571807026863098,-0.3144170045852661,-0.9267264604568481,0.4030052125453949,0.27364206314086914,0.6721153855323792,-0.6587324142456055,0.5634382963180542,0.49860695004463196,0.6373981237411499,0.7700238823890686,-0.028050292283296585,0.33324146270751953,0.009463310241699219,-0.031000062823295593,-0.5787824392318726,0.8154820203781128,-2.9034046633569233e-07,-0.8154820203781128,-0.5787824392318726,5.467854293783603e-07,0.30323752760887146,-0.144881933927536,-0.03099996969103813,0.3632453978061676,0.16380855441093445,-0.031000155955553055
129,0.17674240469932556,0.34483370184898376,-1.704032301902771,1.4665882587432861,0.5517447590827942,1.1697758436203003,0.3578305244445801,0.7309820055961609,-0.2835618853569031,0.08243005722761154,-0.24864700436592102,0.07543139904737473,0.09985808283090591,-0.14077402651309967,0.05015476420521736,0.023909304291009903,1.0604418516159058,0.06096789985895157,0.23240874707698822,1.970697045326233,2.3061041831970215,-0.5133501291275024,1.3176785707473755,0.7313888072967529,0.600595235824585,-0.12092425674200058,0.24701501429080963,0.2990468740463257,0.3022238314151764,-0.23511673510074615,0.09831060469150543,-0.030730675905942917,0.20032808184623718,-0.24909591674804688,0.2819664478302002,-0.8931405544281006,0.3249531090259552,-0.31097516417503357,0.19710668921470642,-0.33869290351867676,-0.9200196266174316,0.37395817041397095,0.28537654876708984,0.6795709133148193,-0.6675792932510376,0.5248497128486633,0.5280820727348328,0.6057422757148743,0.7952787280082703,-0.024656865745782852,0.3332414925098419,0.009463787078857422,-0.03100001811981201,-0.5787818431854248,0.8154824376106262,-1.0930085636573494e-06,-0.8154824376106262,-0.5787818431854248,3.7696020172006683e-07,0.3032374382019043,-0.14488142728805542,-0.030999857932329178,0.36324554681777954,0.16380900144577026,-0.031000178307294846
130,0.1605677753686905,0.35238784551620483,-1.7178478240966797,1.4702870845794678,0.5588874816894531,1.1602649688720703,0.3612395226955414,0.730972409248352,-0.28468063473701477,0.08434994518756866,-0.2315579205751419,0.065365269780159,0.08998870849609375,-0.1372448354959488,0.052365582436323166,0.03662283718585968,1.0921376943588257,0.05641728267073631,0.24688997864723206,1.9912145137786865,2.327483654022217,-0.5305585265159607,1.3247108459472656,0.7314062714576721,0.6388265490531921,-0.10674165934324265,0.2500995099544525,0.3027772307395935,0.30359217524528503,-0.2377312034368515,0.09874293208122253,-0.033448606729507446,0.18591421842575073,-0.25849437713623047,0.28838032484054565,-0.881375789642334,0.3488777279853821,-0.3185300827026367,0.18695183098316193,-0.3616328239440918,-0.9133843779563904,0.34371161460876465,0.2960338592529297,0.6872259974479675,-0.6745326519012451,0.4844655394554138,0.5570446848869324,0.5717063546180725,0.820188581943512,-0.021036818623542786,0.3332414925098419,0.009463310241699219,-0.03100007027387619,-0.5787825584411621,0.8154820203781128,-1.151235778706905e-06,-0.8154820203781128,-0.5787825584411621,-1.29144495986111e-07,0.30323755741119385,-0.144881933927536,-0.030999958515167236,0.36324542760849,0.16380855441093445,-0.031000182032585144
131,0.1456117480993271,0.35879790782928467,-1.7293671369552612,1.4725724458694458,0.5644859671592712,1.1508268117904663,0.3646073043346405,0.7309199571609497,-0.2300998419523239,0.0695500522851944,-0.168878436088562,0.05860530585050583,0.027010325342416763,-0.14258427917957306,0.0733092725276947,0.05985431373119354,1.1140247583389282,0.050637830048799515,0.25738289952278137,2.016122817993164,2.3471782207489014,-0.5470472574234009,1.331921935081482,0.731230616569519,0.2972310781478882,-0.16068123281002045,0.10082437843084335,0.41480550169944763,0.23459361493587494,-0.2348567694425583,0.10510692745447159,0.0026627741754055023,0.17243817448616028,-0.2665281295776367,0.2937397062778473,-0.8702508211135864,0.3702569305896759,-0.3249208331108093,0.1764422208070755,-0.3815443515777588,-0.907354474067688,0.3214183747768402,0.2997875213623047,0.6987348794937134,-0.6745462417602539,0.4496627449989319,0.5854834914207458,0.5478326678276062,0.8365117907524109,-0.011289432644844055,0.33324146270751953,0.009463310241699219,-0.03100007027387619,-0.5787822008132935,0.8154823184013367,-6.556240350619191e-07,-0.8154823184013367,-0.5787822008132935,1.0640862058153289e-07,0.3032374680042267,-0.144881933927536,-0.030999988317489624,0.3632454574108124,0.16380855441093445,-0.031000152230262756
132,0.13597993552684784,0.3650558590888977,-1.7385473251342773,1.4741573333740234,0.5706544518470764,1.1437171697616577,0.3673681318759918,0.7309733033180237,-0.04360809549689293,0.042308758944272995,-0.08401211351156235,-0.016030646860599518,0.11417000740766525,-0.045907214283943176,-1.1051478385925293,0.15852931141853333,1.125858187675476,0.042670417577028275,0.266060471534729,2.038768768310547,2.3661916255950928,-0.5637578964233398,1.3388859033584595,0.7310957908630371,0.13069327175617218,-0.18403343856334686,0.1305551528930664,0.31964534521102905,0.2742830216884613,-0.19724203646183014,0.10477016866207123,0.0898912250995636,0.16342565417289734,-0.2721281051635742,0.2979258596897125,-0.8616440296173096,0.3851417601108551,-0.33050796389579773,0.1689114272594452,-0.39647650718688965,-0.9023721218109131,0.3061288595199585,0.29845237731933594,0.7101914286613464,-0.6685504913330078,0.42268261313438416,0.6118656396865845,0.5332949757575989,0.8459277153015137,-0.001674070954322815,0.33324146270751953,0.009463310241699219,-0.03100007027387619,-0.5787826776504517,0.8154819011688232,-8.545653145120014e-07,-0.8154819011688232,-0.5787826776504517,7.79101867465215e-07,0.30323755741119385,-0.144881933927536,-0.030999887734651566,0.3632453680038452,0.16380855441093445,-0.031000252813100815
133,0.13391533493995667,0.37220919132232666,-1.7427903413772583,1.473120093345642,0.5772544741630554,1.1392687559127808,0.369793564081192,0.7309743165969849,-0.041608698666095734,0.09773675352334976,-0.06017361581325531,-0.006501577794551849,0.10244382917881012,-0.08796224743127823,-1.265190601348877,0.10019686073064804,1.1304603815078735,0.03351964056491852,0.27369070053100586,2.0592119693756104,2.3858063220977783,-0.5803528428077698,1.3458458185195923,0.7310668230056763,0.10095570981502533,-0.1709223836660385,0.11169398576021194,0.3390692472457886,0.2441871464252472,-0.2171936333179474,0.12146034836769104,0.02990681864321232,0.1615084707736969,-0.2743229866027832,0.2991149425506592,-0.8577301502227783,0.3915502727031708,-0.3331476151943207,0.1654248684644699,-0.40335118770599365,-0.8999679088592529,0.2955249845981598,0.2942171096801758,0.7208128571510315,-0.6582958698272705,0.40077444911003113,0.6372020840644836,0.5247471332550049,0.851231575012207,0.00672783050686121,0.3332414925098419,0.009463310241699219,-0.03100002184510231,-0.5787824392318726,0.8154821991920471,-4.6768056449764117e-07,-0.8154821991920471,-0.5787824392318726,6.33127569926728e-07,0.30323752760887146,-0.1448819488286972,-0.03099989891052246,0.3632454574108124,0.16380856931209564,-0.03100014477968216
134,0.13164758682250977,0.38006359338760376,-1.746980905532837,1.4722700119018555,0.5838497877120972,1.1347920894622803,0.37228724360466003,0.7309436798095703,-0.0467640683054924,0.14982816576957703,-0.08502545952796936,-0.003806227585300803,0.0919477716088295,-0.06524427235126495,-0.45713484287261963,0.10329457372426987,1.1339874267578125,0.024842407554388046,0.28119856119155884,2.079331398010254,2.405470371246338,-0.5972784161567688,1.3527928590774536,0.7311975955963135,0.18494462966918945,-0.18139919638633728,0.14957399666309357,0.26122182607650757,0.3083057701587677,-0.25896719098091125,0.1069503054022789,-0.02663131058216095,0.15953660011291504,-0.27657508850097656,0.3003743886947632,-0.8539350032806396,0.3979036509990692,-0.3353622853755951,0.16119621694087982,-0.4104945659637451,-0.8975021243095398,0.28559374809265137,0.2896304130554199,0.7305625677108765,-0.6467266082763672,0.3796328008174896,0.6615312099456787,0.5166976451873779,0.8560556173324585,0.013869836926460266,0.3332414925098419,0.009463310241699219,-0.031000036746263504,-0.5787829160690308,0.8154817223548889,-7.494614919778542e-07,-0.8154817223548889,-0.5787829160690308,5.956270001661323e-07,0.3032376170158386,-0.1448819488286972,-0.030999887734651566,0.3632453680038452,0.16380856931209564,-0.031000185757875443
135,0.13004504144191742,0.3893927037715912,-1.752280592918396,1.4716572761535645,0.590478241443634,1.131216287612915,0.37510231137275696,0.7309430837631226,-0.03339614346623421,0.1349148452281952,-0.08492762595415115,0.0026847724802792072,0.09852023422718048,-0.06103704124689102,-0.47168487310409546,0.095615915954113,1.1450412273406982,0.016236789524555206,0.2911219000816345,2.0962390899658203,2.426816940307617,-0.6146308183670044,1.3598873615264893,0.7312236428260803,0.28380993008613586,-0.1732165813446045,0.16979321837425232,0.2576492428779602,0.29617777466773987,-0.24047940969467163,0.10387305170297623,-0.02075345814228058,0.15749773383140564,-0.2786226272583008,0.3017485439777374,-0.8503410816192627,0.40450918674468994,-0.33658942580223083,0.15568538010120392,-0.41760730743408203,-0.8951905369758606,0.2691645324230194,0.28830480575561523,0.7377360463142395,-0.6368726491928101,0.3533485233783722,0.6852285861968994,0.4989035129547119,0.8664932250976562,0.01687592640519142,0.3332414925098419,0.009463310241699219,-0.03100002184510231,-0.5787826776504517,0.8154818415641785,-5.479226388160896e-07,-0.8154818415641785,-0.5787826776504517,6.38349149539863e-07,0.30323758721351624,-0.144881933927536,-0.030999891459941864,0.3632453978061676,0.16380855441093445,-0.031000152230262756
136,0.12831804156303406,0.3988853693008423,-1.757625937461853,1.471337914466858,0.5968469977378845,1.1273720264434814,0.3780694305896759,0.730939507484436,-0.043738529086112976,0.13935153186321259,-0.09421934187412262,0.002926320768892765,0.09147959202528,-0.06003182381391525,-0.19623902440071106,0.07348514348268509,1.1585530042648315,0.006829851306974888,0.3015109896659851,2.1134679317474365,2.448507070541382,-0.6320096850395203,1.367000699043274,0.7312312126159668,0.2873116731643677,-0.20467887818813324,0.1676812320947647,0.2687304615974426,0.3031631410121918,-0.24078097939491272,0.10180170834064484,-0.019389014691114426,0.15532270073890686,-0.28081369400024414,0.3033641278743744,-0.8467378616333008,0.41102108359336853,-0.33778244256973267,0.14967183768749237,-0.4252326488494873,-0.8926228880882263,0.25051236152648926,0.28696393966674805,0.7453849911689758,-0.6271038055419922,0.3241991102695465,0.7082623839378357,0.4774877429008484,0.878394603729248,0.02069801278412342,0.33324146270751953,0.009463310241699219,-0.031000062823295593,-0.5787822008132935,0.8154823184013367,1.1856724313474842e-07,-0.8154823184013367,-0.5787822008132935,3.1798330724086554e-07,0.3032374680042267,-0.144881933927536,-0.031000040471553802,0.3632454574108124,0.16380855441093445,-0.031000085175037384
137,0.12586329877376556,0.4083402454853058,-1.7632312774658203,1.4709702730178833,0.6030614972114563,1.1234002113342285,0.3811708688735962,0.7309361100196838,-0.05728834494948387,0.13375534117221832,-0.09111382812261581,-0.00068914785515517,0.08811456710100174,-0.06341829895973206,-0.10916990041732788,0.0794227346777916,1.1718757152557373,-0.0038696536794304848,0.31173384189605713,2.1313588619232178,2.4702749252319336,-0.649443507194519,1.3741278648376465,0.7312445044517517,0.2906377911567688,-0.21926414966583252,0.16495217382907867,0.282828152179718,0.3042125701904297,-0.24252748489379883,0.10193575918674469,-0.020625600591301918,0.15248823165893555,-0.28315305709838867,0.30508989095687866,-0.8426403999328613,0.4183085560798645,-0.33907970786094666,0.14307226240634918,-0.43314337730407715,-0.8898971676826477,0.2316330075263977,0.28432321548461914,0.7540416121482849,-0.6164559125900269,0.2938869893550873,0.7304880023002625,0.45535027980804443,0.8899257183074951,0.0262368805706501,0.33324146270751953,0.009463787078857422,-0.03100001811981201,-0.5787826776504517,0.815481960773468,-5.035298613620398e-07,-0.815481960773468,-0.5787826776504517,3.131954997570574e-07,0.30323755741119385,-0.144881471991539,-0.03099992871284485,0.3632453680038452,0.16380904614925385,-0.031000107526779175
138,0.12285685539245605,0.4177679121494293,-1.7690573930740356,1.4703915119171143,0.608935534954071,1.1194658279418945,0.3842994272708893,0.7309106588363647,-0.07115701586008072,0.13822126388549805,-0.08394557982683182,-0.0054785083048045635,0.0680481418967247,-0.06664562225341797,-0.5650362372398376,0.1157938539981842,1.1848803758621216,-0.01559172198176384,0.3218110501766205,2.149580955505371,2.492121696472168,-0.6669076681137085,1.3812662363052368,0.7312493324279785,0.2798503041267395,-0.23071347177028656,0.16631031036376953,0.30136290192604065,0.2977357506752014,-0.2546069324016571,0.10220562666654587,-0.0005433157784864306,0.1490446925163269,-0.2855105400085449,0.3067876696586609,-0.838220477104187,0.42622920870780945,-0.34016939997673035,0.13579711318016052,-0.4409909248352051,-0.8871788382530212,0.21267065405845642,0.2805018424987793,0.7633074522018433,-0.6048265695571899,0.2628629505634308,0.7517234086990356,0.43256282806396484,0.9010006785392761,0.03297192230820656,0.33324146270751953,0.009463310241699219,-0.031000062823295593,-0.5787822008132935,0.8154822587966919,8.473590895619054e-08,-0.8154822587966919,-0.5787822008132935,2.972928427880106e-07,0.3032374680042267,-0.144881933927536,-0.031000036746263504,0.3632454574108124,0.16380855441093445,-0.031000088900327682
139,0.11935453861951828,0.42748209834098816,-1.7743040323257446,1.4696588516235352,0.6137650609016418,1.1152287721633911,0.3869195580482483,0.7308900356292725,-0.06716987490653992,0.13757739961147308,-0.07916609197854996,-0.001697708503343165,0.07224277406930923,-0.07884073257446289,-0.5305483341217041,0.1634463667869568,1.1975115537643433,-0.027596991509199142,0.3316512405872345,2.1684939861297607,2.5139689445495605,-0.684432327747345,1.3884236812591553,0.7312606573104858,0.29236817359924316,-0.23227299749851227,0.1596662849187851,0.2990153729915619,0.3010842502117157,-0.2415638417005539,0.10566624253988266,-0.002715765032917261,0.1452639102935791,-0.28786277770996094,0.30829691886901855,-0.8344395160675049,0.4337308704853058,-0.3399830162525177,0.1272023767232895,-0.44867634773254395,-0.8845954537391663,0.19389021396636963,0.27570056915283203,0.7728846073150635,-0.5920321941375732,0.23153352737426758,0.7719390988349915,0.40931040048599243,0.9114947319030762,0.04052567481994629,0.33324146270751953,0.009463310241699219,-0.03100001811981201,-0.5787826776504517,0.8154819011688232,-5.185493137105368e-07,-0.8154819011688232,-0.5787826776504517,2.966469025977858e-07,0.30323755741119385,-0.144881933927536,-0.03099992871284485,0.3632453680038452,0.16380855441093445,-0.031000107526779175
140,0.11558925360441208,0.4372537136077881,-1.7794189453125,1.4689257144927979,0.6185752749443054,1.1109830141067505,0.38955453038215637,0.7308903336524963,-0.07310657948255539,0.13778060674667358,-0.07567202299833298,-0.002036402001976967,0.07247691601514816,-0.07675789296627045,-0.45733070373535156,0.15263007581233978,1.2108526229858398,-0.03954990208148956,0.34159180521965027,2.1875176429748535,2.535808563232422,-0.701958954334259,1.3955808877944946,0.7312676310539246,0.31102415919303894,-0.22997745871543884,0.16335025429725647,0.3031182885169983,0.3012186586856842,-0.24380694329738617,0.10452599823474884,-0.0022339746356010437,0.14138421416282654,-0.29020214080810547,0.30982208251953125,-0.8305574655532837,0.44126006960868835,-0.3397999405860901,0.1183980405330658,-0.4562854766845703,-0.881921648979187,0.1745152473449707,0.27045726776123047,0.7822386622428894,-0.578341007232666,0.199785977602005,0.7909535765647888,0.3842790722846985,0.9219628572463989,0.04810527712106705,0.33324146270751953,0.009463787078857422,-0.03100001811981201,-0.5787820816040039,0.8154823184013367,-5.091083608022018e-07,-0.8154823184013367,-0.5787820816040039,3.5404571008257335e-07,0.3032374382019043,-0.1448814421892166,-0.03099992126226425,0.36324548721313477,0.16380901634693146,-0.03100011497735977
141,0.11157456040382385,0.44706034660339355,-1.7844407558441162,1.4682178497314453,0.623364269733429,1.1067339181900024,0.3921975791454315,0.730893611907959,-0.08059948682785034,0.13807007670402527,-0.07105932384729385,-0.0025782804004848003,0.07427912950515747,-0.07208607345819473,-0.3921605348587036,0.13489961624145508,1.2251027822494507,-0.051495511084795,0.3516867160797119,2.206622838973999,2.5576508045196533,-0.7194878458976746,1.402741551399231,0.7312727570533752,0.3304308354854584,-0.22568213939666748,0.1691233217716217,0.31081637740135193,0.29890012741088867,-0.2500562369823456,0.10343348979949951,-0.0027646119706332684,0.13739681243896484,-0.2925300598144531,0.31138572096824646,-0.8265655040740967,0.4488087594509125,-0.33964717388153076,0.10939596593379974,-0.46383774280548096,-0.8791399002075195,0.15441608428955078,0.26473331451416016,0.7913808822631836,-0.5637446641921997,0.16761721670627594,0.8087623715400696,0.35720008611679077,0.9323625564575195,0.05575136840343475,0.33324146270751953,0.009463310241699219,-0.03100002184510231,-0.5787826776504517,0.815481960773468,-5.346499847291852e-07,-0.815481960773468,-0.5787826776504517,5.473909823194845e-07,0.30323755741119385,-0.1448819488286972,-0.03099990263581276,0.3632453680038452,0.16380856931209564,-0.03100014105439186
142,0.1073126494884491,0.45689716935157776,-1.7893608808517456,1.4675040245056152,0.6281473636627197,1.1025062799453735,0.39484602212905884,0.7308928370475769,-0.0854482427239418,0.13723117113113403,-0.06631577014923096,-0.0012867297045886517,0.07650286704301834,-0.0727907195687294,-0.50574791431427,0.13920122385025024,1.240354061126709,-0.06337162852287292,0.36197149753570557,2.2257750034332275,2.579491376876831,-0.7370098829269409,1.4099020957946777,0.7312784790992737,0.3498064875602722,-0.22150005400180817,0.17492803931236267,0.3159359395503998,0.29469290375709534,-0.2545486390590668,0.10445129126310349,-0.004380485974252224,0.13330665230751038,-0.2948317527770996,0.3129625916481018,-0.8224565982818604,0.4563901424407959,-0.3395193815231323,0.10021884739398956,-0.47127676010131836,-0.8762730360031128,0.13356900215148926,0.25850677490234375,0.8002561330795288,-0.5481839179992676,0.1352030485868454,0.8253573775291443,0.32792747020721436,0.9425732493400574,0.06339766085147858,0.33324146270751953,0.009463310241699219,-0.031000062823295593,-0.5787822008132935,0.8154823184013367,1.4706374784623222e-08,-0.8154823184013367,-0.5787822008132935,4.297835403122008e-07,0.3032374680042267,-0.144881933927536,-0.031000014394521713,0.3632454574108124,0.16380855441093445,-0.031000111252069473
143,0.1028299629688263,0.4667564928531647,-1.794211506843567,1.4667794704437256,0.632951557636261,1.0983389616012573,0.3975037634372711,0.7308907508850098,-0.0899147093296051,0.13658680021762848,-0.06246841698884964,-0.00039451837074011564,0.07919708639383316,-0.07366030663251877,-0.6277995705604553,0.1524069756269455,1.2565442323684692,-0.07513435184955597,0.3724539279937744,2.244913339614868,2.6013197898864746,-0.7545168995857239,1.4170606136322021,0.7312818765640259,0.3668551445007324,-0.21689024567604065,0.18033269047737122,0.3194564878940582,0.2902635931968689,-0.25786298513412476,0.1058311015367508,-0.006091777700930834,0.1291217803955078,-0.29709434509277344,0.31455036997795105,-0.8182132244110107,0.4640136659145355,-0.3394387662410736,0.09090327471494675,-0.47857189178466797,-0.8733301758766174,0.11206161975860596,0.25171947479248047,0.8088099956512451,-0.5315852165222168,0.10284007340669632,0.8407384157180786,0.2964955270290375,0.9523935317993164,0.07097142189741135,0.33324146270751953,0.009463787078857422,-0.03100001811981201,-0.5787826776504517,0.8154819011688232,-4.3071253230664297e-07,-0.8154819011688232,-0.5787826776504517,4.955041958965012e-07,0.30323755741119385,-0.1448814570903778,-0.030999913811683655,0.3632453680038452,0.16380903124809265,-0.03100012242794037
144,0.09804592281579971,0.47681140899658203,-1.7990179061889648,1.4659312963485718,0.6383471488952637,1.0941234827041626,0.39983028173446655,0.7308782339096069,-0.09633812308311462,0.13810387253761292,-0.05742201209068298,-0.0036005089059472084,0.08947890996932983,-0.07333491742610931,-0.7897706627845764,0.17349869012832642,1.2734709978103638,-0.08673346787691116,0.3830437958240509,2.2638912200927734,2.623140811920166,-0.7719548344612122,1.4238075017929077,0.731279194355011,0.37555360794067383,-0.21019025146961212,0.18561320006847382,0.32190394401550293,0.2829734981060028,-0.26315683126449585,0.1018686592578888,-0.008160889148712158,0.1249147355556488,-0.2993626594543457,0.3161408305168152,-0.8138182163238525,0.47152021527290344,-0.339659720659256,0.08171013742685318,-0.48583710193634033,-0.8702216744422913,0.09011554718017578,0.24433040618896484,0.8169569373130798,-0.5142199993133545,0.07108678668737411,0.8547073602676392,0.2631579339504242,0.9615659713745117,0.07835011184215546,0.3332414925098419,0.009463310241699219,-0.03100001811981201,-0.578782320022583,0.8154821991920471,-4.5866511300118873e-07,-0.8154821991920471,-0.578782320022583,5.83833923428756e-07,0.3032374978065491,-0.144881933927536,-0.03099990263581276,0.36324548721313477,0.16380855441093445,-0.031000133603811264
145,0.09304764866828918,0.48718488216400146,-1.8037140369415283,1.4648528099060059,0.6445819735527039,1.0898528099060059,0.40158793330192566,0.7308651804924011,-0.10483019798994064,0.14401113986968994,-0.0544951930642128,-0.009719176217913628,0.10237780958414078,-0.05738266929984093,-0.4659537971019745,0.1395106315612793,1.2906503677368164,-0.09813647717237473,0.39361581206321716,2.28254771232605,2.6449546813964844,-0.78929603099823,1.429892897605896,0.731271505355835,0.37268492579460144,-0.20412243902683258,0.1870538741350174,0.3212794065475464,0.2824561595916748,-0.26682597398757935,0.09054021537303925,-0.03282236307859421,0.12082463502883911,-0.30161190032958984,0.31766268610954285,-0.8094179630279541,0.47867584228515625,-0.3401651680469513,0.07279622554779053,-0.49300920963287354,-0.8669732809066772,0.0681307315826416,0.23629045486450195,0.8246105909347534,-0.4963005781173706,0.04059185832738876,0.8672012686729431,0.22851601243019104,0.9697884321212769,0.08538631349802017,0.33324146270751953,0.009463310241699219,-0.03100007027387619,-0.5787829160690308,0.8154818415641785,-1.2173409231763799e-06,-0.8154818415641785,-0.5787829160690308,-4.909492901106205e-08,0.30323758721351624,-0.1448819637298584,-0.030999943614006042,0.3632453382015228,0.16380858421325684,-0.031000196933746338
146,0.08786418288946152,0.4989123046398163,-1.808152198791504,1.4644207954406738,0.655493974685669,1.084252953529358,0.40040284395217896,0.7308404445648193,-0.08932488411664963,0.17188623547554016,-0.05379201099276543,0.018982058390975,0.16951358318328857,-0.08204124122858047,-0.7780703902244568,0.1959475427865982,1.3085812330245972,-0.10820961743593216,0.40387362241744995,2.300028085708618,2.6665611267089844,-0.8061186075210571,1.4325668811798096,0.7312393188476562,0.38762059807777405,-0.1625172346830368,0.1880369484424591,0.28766176104545593,0.27863696217536926,-0.2553236484527588,0.04729575663805008,-0.025680433958768845,0.11819735169410706,-0.3045377731323242,0.3199612498283386,-0.8058061599731445,0.482526570558548,-0.3432849645614624,0.06643251329660416,-0.502379298210144,-0.8620915412902832,0.04620933532714844,0.22844934463500977,0.8308873772621155,-0.48031163215637207,0.013279290869832039,0.8769973516464233,0.19244670867919922,0.97711580991745,0.09060346335172653,0.33324146270751953,0.009463787078857422,-0.03100001811981201,-0.5787822008132935,0.8154821395874023,-4.040891212753195e-07,-0.8154821395874023,-0.5787822008132935,7.803286052876501e-07,0.3032374680042267,-0.1448814421892166,-0.030999884009361267,0.3632454574108124,0.16380901634693146,-0.031000152230262756
147,0.08282823860645294,0.510724663734436,-1.812729001045227,1.4641807079315186,0.6656997203826904,1.0788984298706055,0.3998597264289856,0.730846107006073,-0.1034708246588707,0.16491037607192993,-0.04738438129425049,0.013171643018722534,0.1600741595029831,-0.08327818661928177,-0.7983250021934509,0.1925060898065567,1.3261752128601074,-0.11776183545589447,0.4142940938472748,2.317261219024658,2.6882987022399902,-0.823102593421936,1.4358394145965576,0.7312525510787964,0.386531263589859,-0.17298592627048492,0.1851511001586914,0.30682650208473206,0.27365025877952576,-0.257847398519516,0.055957626551389694,-0.010778903029859066,0.11544311046600342,-0.3073616027832031,0.3223460912704468,-0.8021798133850098,0.4866188168525696,-0.34599119424819946,0.0593765452504158,-0.5115833282470703,-0.8571798205375671,0.024555861949920654,0.22008419036865234,0.8364870548248291,-0.46284306049346924,-0.01236733328551054,0.8863540291786194,0.15558841824531555,0.9832465648651123,0.09496559947729111,0.3332414925098419,0.009463787078857422,-0.031000033020973206,-0.5787818431854248,0.8154824376106262,-6.461856969508517e-07,-0.8154824376106262,-0.5787818431854248,2.669243031050428e-07,0.3032374382019043,-0.14488142728805542,-0.030999932438135147,0.36324554681777954,0.16380900144577026,-0.031000133603811264
148,0.07745361328125,0.5225702524185181,-1.8171961307525635,1.4640567302703857,0.6763609647750854,1.0733948945999146,0.3990923762321472,0.7308814525604248,-0.11023563146591187,0.18317365646362305,-0.059990182518959045,0.027913110330700874,0.16377156972885132,-0.06112566962838173,-0.4147781431674957,0.0434134379029274,1.344635248184204,-0.12731234729290009,0.42483389377593994,2.3345985412597656,2.709991931915283,-0.8400213718414307,1.438798189163208,0.7312602400779724,0.39441436529159546,-0.1710115671157837,0.18810611963272095,0.3008252680301666,0.27948543429374695,-0.2570324242115021,0.05015364661812782,-0.023526517674326897,0.11267000436782837,-0.3102703094482422,0.32485711574554443,-0.7984955310821533,0.49047183990478516,-0.34905925393104553,0.05242829769849777,-0.5209712982177734,-0.851962685585022,0.0025284290313720703,0.2108325958251953,0.8419790267944336,-0.4449474811553955,-0.03754078969359398,0.8947696089744568,0.11686481535434723,0.9881436824798584,0.09957242757081985,0.33324146270751953,0.009463310241699219,-0.03100007027387619,-0.5787824392318726,0.8154820203781128,-1.2183392072984134e-06,-0.8154820203781128,-0.5787824392318726,-2.252398090263341e-08,0.30323752760887146,-0.144881933927536,-0.030999939888715744,0.3632453978061676,0.16380855441093445,-0.031000200659036636
149,0.07180624455213547,0.5352064371109009,-1.8219053745269775,1.4637782573699951,0.6893270015716553,1.0676783323287964,0.39699262380599976,0.7308323383331299,-0.10501015931367874,0.18112047016620636,-0.060052383691072464,0.009379373863339424,0.1882939487695694,-0.07462266832590103,-0.40187710523605347,0.1663525253534317,1.3635081052780151,-0.13628804683685303,0.4353000223636627,2.3508243560791016,2.7315611839294434,-0.8566153645515442,1.4399493932724,0.7312262058258057,0.38453221321105957,-0.1605406403541565,0.18362678587436676,0.27111735939979553,0.2814161479473114,-0.24863740801811218,0.024898847565054893,-0.022276179865002632,0.1102103590965271,-0.3133420944213867,0.3275291621685028,-0.7948849201202393,0.49341607093811035,-0.3531266152858734,0.04634499549865723,-0.530914306640625,-0.8461571931838989,-0.019418954849243164,0.20130014419555664,0.8465548753738403,-0.42820072174072266,-0.06037761643528938,0.9016643762588501,0.07700499147176743,0.9916986227035522,0.1029762253165245,0.3332414925098419,0.009463310241699219,-0.03100002557039261,-0.5787818431854248,0.8154824376106262,-1.0408685966467601e-06,-0.8154824376106262,-0.5787818431854248,3.351599673351302e-07,0.3032374382019043,-0.14488190412521362,-0.03099987283349037,0.36324554681777954,0.16380852460861206,-0.031000178307294846
150,0.06599729508161545,0.5483384728431702,-1.8265515565872192,1.4637420177459717,0.7034289836883545,1.061564326286316,0.39412644505500793,0.7308279275894165,-0.10623230040073395,0.18971681594848633,-0.05941712111234665,0.01694434881210327,0.20310615003108978,-0.08622249960899353,-0.2921445369720459,0.1751398891210556,1.3825372457504272,-0.1447526514530182,0.4457249343395233,2.3666365146636963,2.753117084503174,-0.8731113076210022,1.4400734901428223,0.7312241196632385,0.3939419388771057,-0.15351815521717072,0.1814257651567459,0.26530832052230835,0.2877255082130432,-0.24318845570087433,0.008570333942770958,-0.022408761084079742,0.10803717374801636,-0.31661033630371094,0.33047688007354736,-0.7916220426559448,0.49538683891296387,-0.35766786336898804,0.04054420068860054,-0.5414918661117554,-0.8397277593612671,-0.04113966226577759,0.19124937057495117,0.8505355715751648,-0.4118870496749878,-0.08145499229431152,0.9075870513916016,0.036286529153585434,0.9937405586242676,0.10565497726202011,0.3332414925098419,0.009463310241699219,-0.03100002184510231,-0.5787825584411621,0.8154820203781128,-5.087876502329891e-07,-0.8154820203781128,-0.5787825584411621,4.0536909295951773e-07,0.30323755741119385,-0.144881933927536,-0.03099992126226425,0.36324542760849,0.16380855441093445,-0.03100012242794037
151,0.05983732268214226,0.5623367428779602,-1.830864667892456,1.4643511772155762,0.7192463874816895,1.0544475317001343,0.3898368775844574,0.7308369874954224,-0.11914543807506561,0.21541728079319,-0.056465208530426025,0.035718146711587906,0.23093929886817932,-0.0939609706401825,-0.17333969473838806,0.09900981187820435,1.4024913311004639,-0.1525968760251999,0.4561521112918854,2.3823699951171875,2.7747509479522705,-0.8894461989402771,1.438399314880371,0.7312250137329102,0.4049145579338074,-0.1417790800333023,0.18116581439971924,0.26568299531936646,0.29324230551719666,-0.23846158385276794,-0.018703611567616463,-0.013216306455433369,0.10640865564346313,-0.32033824920654297,0.33397534489631653,-0.7892272472381592,0.4954679012298584,-0.36281129717826843,0.03508783131837845,-0.5534526109695435,-0.8321412801742554,-0.06303262710571289,0.18060064315795898,0.8540657162666321,-0.39661967754364014,-0.10142035037279129,0.9123632311820984,-0.006105572916567326,0.9941475987434387,0.10785749554634094,0.33324146270751953,0.009463310241699219,-0.031000062823295593,-0.5787819623947144,0.8154823780059814,1.6985869422114774e-07,-0.8154823780059814,-0.5787819623947144,7.603966878377832e-07,0.3032374083995819,-0.14488190412521362,-0.03099999576807022,0.36324551701545715,0.16380852460861206,-0.031000129878520966
152,0.05334456264972687,0.5772644281387329,-1.8349748849868774,1.4654852151870728,0.7366348505020142,1.046563982963562,0.38428544998168945,0.7308304309844971,-0.1198505088686943,0.2258950173854828,-0.05445587635040283,0.04530675336718559,0.2547125220298767,-0.11124573647975922,-0.14840036630630493,0.12120802700519562,1.4232763051986694,-0.1597556322813034,0.4666318893432617,2.397782802581787,2.7964205741882324,-0.9055964946746826,1.4350318908691406,0.7312131524085999,0.4097384214401245,-0.1315699815750122,0.17846451699733734,0.25645574927330017,0.2995927631855011,-0.2321462482213974,-0.04370896890759468,-0.01117180660367012,0.10522133111953735,-0.324432373046875,0.3379291892051697,-0.7876360416412354,0.4939541518688202,-0.36829203367233276,0.029786325991153717,-0.5665150880813599,-0.8235129714012146,-0.08501851558685303,0.16940975189208984,0.8570264577865601,-0.3824617862701416,-0.12014849483966827,0.9161261916160583,-0.04999895021319389,0.9927479028701782,0.1093238890171051,0.33324146270751953,0.009463787078857422,-0.03100001811981201,-0.5787824392318726,0.8154819011688232,-4.600508418661775e-07,-0.8154819011688232,-0.5787824392318726,4.3874302946278476e-07,0.30323752760887146,-0.1448814421892166,-0.030999917536973953,0.3632453978061676,0.16380901634693146,-0.03100011870265007
153,0.04629845172166824,0.5931569933891296,-1.838765263557434,1.4674489498138428,0.7559553384780884,1.0375908613204956,0.3771512806415558,0.7307945489883423,-0.10865702480077744,0.22703708708286285,-0.05730203166604042,0.04605245217680931,0.2752787470817566,-0.1316646784543991,-0.11192922294139862,0.24901574850082397,1.4450057744979858,-0.1658967137336731,0.4770181477069855,2.4130101203918457,2.8181164264678955,-0.9214969277381897,1.4295581579208374,0.7312015891075134,0.4098265767097473,-0.11770761758089066,0.174905925989151,0.2299652397632599,0.3148667514324188,-0.22403554618358612,-0.07559753954410553,-0.014573439955711365,0.10455310344696045,-0.3290524482727051,0.34254705905914307,-0.7870233058929443,0.4904082119464874,-0.3742917478084564,0.024772142991423607,-0.5810960531234741,-0.8134578466415405,-0.10698449611663818,0.15778541564941406,0.8593790531158447,-0.369762659072876,-0.13769640028476715,0.9188662767410278,-0.09525202959775925,0.9893646240234375,0.10993035137653351,0.3332414925098419,0.009463787078857422,-0.03100001811981201,-0.5787822008132935,0.8154823184013367,-4.855085080635035e-07,-0.8154823184013367,-0.5787822008132935,5.419574335974175e-07,0.3032374978065491,-0.1448814570903778,-0.03099990263581276,0.36324548721313477,0.16380903124809265,-0.031000133603811264
154,0.039019666612148285,0.6101019978523254,-1.8420342206954956,1.4698559045791626,0.7771575450897217,1.027753233909607,0.36835089325904846,0.7308144569396973,-0.11623544991016388,0.25242871046066284,-0.05069778859615326,0.0631464347243309,0.3030168414115906,-0.14976955950260162,-0.14522571861743927,0.19375672936439514,1.4672930240631104,-0.17119038105010986,0.487308144569397,2.427764892578125,2.839885711669922,-0.9371480345726013,1.4217555522918701,0.7311880588531494,0.4150894582271576,-0.10307642072439194,0.17329485714435577,0.2296605110168457,0.3113398253917694,-0.22176621854305267,-0.10688701272010803,-0.19338034093379974,0.10463255643844604,-0.3340167999267578,0.34747445583343506,-0.7876341342926025,0.4847630262374878,-0.38031235337257385,0.020217062905430794,-0.596580982208252,-0.802298367023468,-0.12874513864517212,0.14571332931518555,0.8610919713973999,-0.35891807079315186,-0.1540878713130951,0.9205622673034668,-0.1413782238960266,0.9838740229606628,0.10956333577632904,0.3332414925098419,0.009463787078857422,-0.03100001811981201,-0.5787829160690308,0.8154818415641785,-9.461193712922977e-07,-0.8154818415641785,-0.5787829160690308,1.930988560161495e-07,0.3032376170158386,-0.1448814868927002,-0.030999895185232162,0.3632453680038452,0.16380906105041504,-0.03100014105439186
155,0.03212215378880501,0.6279309391975403,-1.8444640636444092,1.472821831703186,0.800627589225769,1.0174130201339722,0.35758593678474426,0.7308221459388733,-0.09985008835792542,0.26516300439834595,-0.0336778350174427,0.06916863471269608,0.3359735310077667,-0.15414109826087952,-0.1475856602191925,0.19151461124420166,1.489654541015625,-0.1755266636610031,0.4972672462463379,2.4415977001190186,2.8616995811462402,-0.9524231553077698,1.4111419916152954,0.7311660051345825,0.3965519666671753,-0.07816051691770554,0.16507120430469513,0.20658519864082336,0.31548646092414856,-0.2154105007648468,-0.14712904393672943,-0.17547306418418884,0.10620898008346558,-0.33919429779052734,0.35255613923072815,-0.7899297475814819,0.47616317868232727,-0.3863675892353058,0.01723140850663185,-0.6126008033752441,-0.7902047634124756,-0.14994478225708008,0.13347482681274414,0.8619904518127441,-0.3506498336791992,-0.169080913066864,0.9211170673370361,-0.18752002716064453,0.976324200630188,0.10782989114522934,0.33324146270751953,0.009463310241699219,-0.031000062823295593,-0.5787824392318726,0.8154821395874023,-3.489251980681729e-07,-0.8154821395874023,-0.5787824392318726,2.0173263237666106e-07,0.3032374978065491,-0.1448819488286972,-0.031000003218650818,0.36324542760849,0.16380856931209564,-0.03100012242794037
156,0.025313688442111015,0.6468367576599121,-1.8462103605270386,1.4767144918441772,0.8257593512535095,1.00626540184021,0.34544137120246887,0.7308385968208313,-0.10423430800437927,0.2866343855857849,-0.029878338798880577,0.08405335992574692,0.35823217034339905,-0.17282384634017944,-0.17466230690479279,0.17886047065258026,1.5118716955184937,-0.17856210470199585,0.5068943500518799,2.455071449279785,2.8835904598236084,-0.967487633228302,1.3984243869781494,0.7311646342277527,0.40052515268325806,-0.06540431827306747,0.16110759973526,0.2038140594959259,0.3188137710094452,-0.21159131824970245,-0.1770564317703247,-0.19161416590213776,0.10895586013793945,-0.344698429107666,0.3580315113067627,-0.7937310934066772,0.4650338888168335,-0.39208993315696716,0.014941172674298286,-0.6294996738433838,-0.7768572568893433,-0.17042464017868042,0.12117290496826172,0.8621648550033569,-0.34417104721069336,-0.18289972841739655,0.9209202527999878,-0.23334172368049622,0.9667317271232605,0.10479249805212021,0.33324146270751953,0.009463310241699219,-0.03100007027387619,-0.5787818431854248,0.8154824376106262,-1.030647695188236e-06,-0.8154824376106262,-0.5787818431854248,-1.294918803296241e-07,0.3032374083995819,-0.14488190412521362,-0.03099997341632843,0.36324551701545715,0.16380852460861206,-0.03100016713142395
157,0.018526775762438774,0.6670591831207275,-1.8479888439178467,1.4833945035934448,0.8524448871612549,0.993358850479126,0.33176112174987793,0.7308674454689026,-0.10980630666017532,0.31583523750305176,-0.04341763257980347,0.16483406722545624,0.38426196575164795,-0.21225789189338684,-0.160011425614357,0.14159266650676727,1.5350993871688843,-0.18074290454387665,0.5163813233375549,2.4688267707824707,2.9056215286254883,-0.9823439717292786,1.3836485147476196,0.7311659455299377,0.4262087941169739,-0.03975718468427658,0.1576441526412964,0.2170998454093933,0.3218979239463806,-0.20685240626335144,-0.2062254101037979,-0.1831768900156021,0.11298835277557373,-0.35099363327026367,0.36531946063041687,-0.7996258735656738,0.4499833583831787,-0.39763495326042175,0.012810932472348213,-0.6492407321929932,-0.7604751586914062,-0.19077980518341064,0.10814142227172852,0.862135112285614,-0.33893048763275146,-0.19725221395492554,0.9199009537696838,-0.2800865173339844,0.9545942544937134,0.10149568319320679,0.3332414925098419,0.009463310241699219,-0.031000062823295593,-0.5787824392318726,0.8154820203781128,-3.3836153079391806e-07,-0.8154820203781128,-0.5787824392318726,2.6866320013141376e-07,0.30323755741119385,-0.144881933927536,-0.03099999576807022,0.36324542760849,0.16380855441093445,-0.031000129878520966
158,0.011699063703417778,0.6886919736862183,-1.8500034809112549,1.4915850162506104,0.8809496164321899,0.9794198274612427,0.31691429018974304,0.7308840751647949,-0.1198379397392273,0.331394225358963,-0.04310428351163864,0.1628328412771225,0.4031682014465332,-0.22645004093647003,-0.16919459402561188,0.13127438724040985,1.5586355924606323,-0.18272098898887634,0.525486171245575,2.4826459884643555,2.9278311729431152,-0.9969367384910583,1.3667291402816772,0.7311776280403137,0.41944846510887146,-0.046980373561382294,0.14371897280216217,0.21556687355041504,0.32938432693481445,-0.2022636979818344,-0.23763234913349152,-0.20630915462970734,0.11799103021621704,-0.357666015625,0.3736265301704407,-0.806768536567688,0.43238985538482666,-0.4026956856250763,0.010985062457621098,-0.6704388856887817,-0.7418835759162903,-0.21056121587753296,0.09420537948608398,0.8621224164962769,-0.33508360385894775,-0.212577223777771,0.9178943634033203,-0.3267160654067993,0.9399837851524353,0.09842302650213242,0.33324146270751953,0.009463787078857422,-0.03100006654858589,-0.5787818431854248,0.815482497215271,-8.926010082177527e-07,-0.815482497215271,-0.5787818431854248,-2.0095625075100543e-07,0.3032373785972595,-0.14488142728805542,-0.030999992042779922,0.36324554681777954,0.16380900144577026,-0.03100014105439186
159,0.003854985348880291,0.7114102840423584,-1.851887822151184,1.499840259552002,0.9111229777336121,0.9648280739784241,0.3011092245578766,0.7308928370475769,-0.12743207812309265,0.3435016870498657,-0.039413388818502426,0.16173076629638672,0.4140339493751526,-0.2405243217945099,-0.2098362296819687,0.11486206948757172,1.5823906660079956,-0.18495333194732666,0.5339946746826172,2.4968459606170654,2.9502179622650146,-1.011276364326477,1.3478412628173828,0.7311880588531494,0.41602298617362976,-0.056355565786361694,0.13072851300239563,0.2166440188884735,0.3377763628959656,-0.19734232127666473,-0.2667439877986908,-0.220287024974823,0.12299847602844238,-0.3644862174987793,0.38195496797561646,-0.8141176700592041,0.41426700353622437,-0.4069342315196991,0.009019599296152592,-0.6916595697402954,-0.7221675515174866,-0.22952836751937866,0.07908868789672852,0.8624714016914368,-0.33217012882232666,-0.22966045141220093,0.9148327708244324,-0.3728024363517761,0.9228977560997009,0.09632283449172974,0.3332414925098419,0.009463310241699219,-0.031000062823295593,-0.5787822008132935,0.8154820203781128,-2.7767001142819936e-07,-0.8154820203781128,-0.5787822008132935,4.026667284051655e-07,0.30323752760887146,-0.14488190412521362,-0.030999988317489624,0.3632454574108124,0.16380852460861206,-0.031000137329101562
160,-0.007470504846423864,0.7352967858314514,-1.8542327880859375,1.5122404098510742,0.9409235715866089,0.9467809796333313,0.2827114164829254,0.730846107006073,-0.21949493885040283,0.33988580107688904,-0.1514621376991272,0.42303064465522766,0.3943946957588196,-0.3775191903114319,-0.3066006600856781,0.19449520111083984,1.6083811521530151,-0.18472519516944885,0.5417333841323853,2.512556552886963,2.97279953956604,-1.0253552198410034,1.327199935913086,0.7311381101608276,0.49380815029144287,0.09718915075063705,0.14419648051261902,0.24950765073299408,0.32799220085144043,-0.19583454728126526,-0.28782668709754944,-0.12387590110301971,0.12672960758209229,-0.37264394760131836,0.39321210980415344,-0.8236877918243408,0.3934965431690216,-0.40828800201416016,0.003380030859261751,-0.7166093587875366,-0.6974667310714722,-0.248243510723114,0.06368350982666016,0.8626079559326172,-0.32877373695373535,-0.2476731389760971,0.9113540053367615,-0.41992250084877014,0.9026963114738464,0.09383203834295273,0.3332414925098419,0.009463787078857422,-0.03100001811981201,-0.5787818431854248,0.8154824376106262,-6.98589474268374e-07,-0.8154824376106262,-0.5787818431854248,5.736507660003554e-07,0.3032374382019043,-0.14488142728805542,-0.03099987655878067,0.36324554681777954,0.16380900144577026,-0.031000159680843353
161,-0.020774679258465767,0.7582667469978333,-1.8625739812850952,1.535959243774414,0.9707659482955933,0.9232589602470398,0.261458158493042,0.7309216260910034,-0.19728195667266846,0.3347802758216858,-0.15943363308906555,0.380318820476532,0.41933801770210266,-0.35031384229660034,-0.27703243494033813,0.0825873613357544,1.6358081102371216,-0.17657992243766785,0.5497721433639526,2.5281033515930176,2.9956746101379395,-1.0391839742660522,1.304939866065979,0.7310907244682312,0.4188804626464844,0.13163475692272186,0.13206183910369873,0.21297144889831543,0.32923072576522827,-0.19431310892105103,-0.3103351294994354,-0.10603552311658859,0.13010680675506592,-0.38274669647216797,0.4143714904785156,-0.8364481925964355,0.3642071783542633,-0.40952152013778687,-0.004493907559663057,-0.7517719268798828,-0.6594080328941345,-0.2673167586326599,0.05153369903564453,0.8596091866493225,-0.3258097171783447,-0.2605157792568207,0.9088340997695923,-0.4681031107902527,0.8796402215957642,0.08433612436056137,0.33324146270751953,0.009463310241699219,-0.031000062823295593,-0.5787824392318726,0.815481960773468,-5.655850259245199e-07,-0.815481960773468,-0.5787824392318726,5.558659381676989e-07,0.30323752760887146,-0.14488191902637482,-0.030999939888715744,0.3632453978061676,0.16380853950977325,-0.031000185757875443
162,-0.039801985025405884,0.7815723419189453,-1.8735249042510986,1.5606976747512817,1.0003412961959839,0.8971808552742004,0.2379506379365921,0.7309407591819763,-0.3679981529712677,0.2815399765968323,-0.2633017301559448,0.37952542304992676,0.4116627275943756,-0.4048083424568176,-0.3337204158306122,0.04040323570370674,1.6631693840026855,-0.16427989304065704,0.5561201572418213,2.542933940887451,3.018615245819092,-1.0523780584335327,1.2806683778762817,0.7310242056846619,0.4062059819698334,0.24309389293193817,0.10833356529474258,0.19383254647254944,0.3293161392211914,-0.18521635234355927,-0.3392309546470642,-0.021555233746767044,0.12890830636024475,-0.3930506706237793,0.43795257806777954,-0.8487805128097534,0.3380906879901886,-0.4065295457839966,-0.018472732976078987,-0.7873488664627075,-0.616230845451355,-0.28534460067749023,0.041449546813964844,0.8550691604614258,-0.32441091537475586,-0.270784467458725,0.9063296318054199,-0.5138922929763794,0.8548725247383118,0.07146841287612915,0.3332414925098419,0.009463310241699219,-0.03100002184510231,-0.5787829160690308,0.8154817819595337,-4.81023050724616e-07,-0.8154817819595337,-0.5787829160690308,5.872360588909942e-07,0.3032376170158386,-0.1448819637298584,-0.03099990263581276,0.3632453680038452,0.16380858421325684,-0.03100014105439186
163,-0.06359712034463882,0.8025232553482056,-1.8870540857315063,1.585841178894043,1.0298902988433838,0.869658350944519,0.21285229921340942,0.7309237718582153,-0.32958120107650757,0.30817899107933044,-0.2217223197221756,0.39096248149871826,0.4191354513168335,-0.39822784066200256,-0.3602404296398163,0.10143504291772842,1.6899564266204834,-0.14752314984798431,0.5618892312049866,2.5561721324920654,3.041501998901367,-1.06501042842865,1.254988193511963,0.7310189604759216,0.40708425641059875,0.2704208195209503,0.11171156167984009,0.17002977430820465,0.3271830976009369,-0.17703191936016083,-0.3582804799079895,-0.021199539303779602,0.12327197194099426,-0.40288734436035156,0.4638075828552246,-0.8596456050872803,0.31587979197502136,-0.40153369307518005,-0.036299049854278564,-0.8217260837554932,-0.5687252879142761,-0.3029792308807373,0.03369903564453125,0.8484290242195129,-0.3248389959335327,-0.27770882844924927,0.9040781855583191,-0.5576093196868896,0.8283392190933228,0.05409248173236847,0.33324146270751953,0.009463310241699219,-0.03100007027387619,-0.578782320022583,0.8154821395874023,-1.2750759879054385e-06,-0.8154821395874023,-0.578782320022583,-5.7134386111101776e-08,0.3032374978065491,-0.144881933927536,-0.030999939888715744,0.36324542760849,0.16380855441093445,-0.031000200659036636
164,-0.08059240132570267,0.8294008374214172,-1.8872365951538086,1.6052008867263794,1.0617115497589111,0.8471645712852478,0.187848299741745,0.7309476733207703,-0.3474313020706177,0.4725201427936554,-0.1753150224685669,0.4604344666004181,0.38107189536094666,-0.4573470950126648,-0.3940097987651825,0.016400936990976334,1.7175368070602417,-0.13219524919986725,0.5678673982620239,2.5661799907684326,3.0643749237060547,-1.0762029886245728,1.2278475761413574,0.731017529964447,0.4583885371685028,0.30976152420043945,0.09714402258396149,0.15512345731258392,0.334075927734375,-0.1555536389350891,-0.38039278984069824,-0.012125774286687374,0.12952616810798645,-0.410891056060791,0.47716259956359863,-0.8750295639038086,0.2896915376186371,-0.3878171443939209,-0.042214859277009964,-0.8437752723693848,-0.5350339412689209,-0.3210909962654114,0.024566173553466797,0.8415725231170654,-0.32644641399383545,-0.28705883026123047,0.9005720615386963,-0.6008696556091309,0.7985033392906189,0.03671629726886749,0.3332414925098419,0.009463787078857422,-0.031000059098005295,-0.5787818431854248,0.815482497215271,-3.343440013736654e-08,-0.815482497215271,-0.5787818431854248,2.1327527122139145e-07,0.3032374382019043,-0.14488142728805542,-0.031000033020973206,0.36324554681777954,0.16380900144577026,-0.031000085175037384
165,-0.10533522814512253,0.8545843362808228,-1.8987497091293335,1.6316487789154053,1.0914878845214844,0.818430483341217,0.16050711274147034,0.7309538125991821,-0.3659421503543854,0.3317473828792572,-0.2007288783788681,0.38789817690849304,0.4220827519893646,-0.4137290120124817,-0.38258013129234314,0.041460927575826645,1.7452878952026367,-0.11153752356767654,0.5735331773757935,2.5746028423309326,3.087364912033081,-1.0858368873596191,1.2000597715377808,0.7309927940368652,0.4175938367843628,0.35831451416015625,0.12251011282205582,0.08477213233709335,0.3300801217556,-0.13599498569965363,-0.38860902190208435,0.008123480714857578,0.1271159052848816,-0.41933631896972656,0.5014761686325073,-0.8895677328109741,0.2673586308956146,-0.3703899383544922,-0.06012916564941406,-0.8723080158233643,-0.4852456748485565,-0.3395977020263672,0.017751693725585938,0.8326184153556824,-0.32843124866485596,-0.2934035360813141,0.8978014588356018,-0.6426513195037842,0.7660071849822998,0.015239955857396126,0.33324146270751953,0.009463310241699219,-0.031000062823295593,-0.5787822008132935,0.8154820203781128,-3.0157261221575027e-07,-0.8154820203781128,-0.5787822008132935,4.0933770151241333e-07,0.3032374978065491,-0.14488190412521362,-0.030999984592199326,0.36324542760849,0.16380852460861206,-0.03100014105439186
166,-0.13239945471286774,0.8799065947532654,-1.9115550518035889,1.6581047773361206,1.1212860345840454,0.7890692949295044,0.13220557570457458,0.7309542894363403,-0.37196511030197144,0.3680403530597687,-0.19943703711032867,0.40131446719169617,0.42307430505752563,-0.42186206579208374,-0.3962000608444214,0.05200127884745598,1.7731376886367798,-0.08884721994400024,0.5815429091453552,2.5784530639648438,3.110675811767578,-1.091357946395874,1.1715233325958252,0.731000542640686,0.442675918340683,0.3924739360809326,0.1691989302635193,0.0160214826464653,0.3372422754764557,-0.07772081345319748,-0.399102121591568,-0.0008721878984943032,0.12336888909339905,-0.4268660545349121,0.5261635184288025,-0.903735876083374,0.2486262023448944,-0.3484921455383301,-0.07992258667945862,-0.8977394104003906,-0.43321672081947327,-0.36006253957748413,0.010980606079101562,0.8223398327827454,-0.3300129175186157,-0.30041223764419556,0.8948988318443298,-0.6847056746482849,0.728777289390564,-0.007853598333895206,0.33324146270751953,0.009463310241699219,-0.03100007027387619,-0.5787818431854248,0.8154824376106262,-1.18860964448686e-06,-0.8154824376106262,-0.5787818431854248,4.8080160297558905e-08,0.3032374083995819,-0.14488190412521362,-0.030999936163425446,0.36324551701545715,0.16380852460861206,-0.031000204384326935
167,-0.1595384031534195,0.9065582752227783,-1.9239778518676758,1.685320496559143,1.1511306762695312,0.759435772895813,0.10335269570350647,0.7309610247612,-0.36815667152404785,0.39343130588531494,-0.186191126704216,0.4110904633998871,0.4235404133796692,-0.4240563213825226,-0.4039626717567444,0.04269536957144737,1.8016034364700317,-0.06476762145757675,0.5915846824645996,2.5777971744537354,3.134282112121582,-1.0931029319763184,1.1425331830978394,0.731002688407898,0.46032482385635376,0.42208120226860046,0.20274440944194794,-0.052462317049503326,0.34140822291374207,-0.02499140426516533,-0.40537840127944946,-0.0037643015384674072,0.12159976363182068,-0.43345165252685547,0.5500432252883911,-0.9184795618057251,0.23094074428081512,-0.3210320770740509,-0.09830577671527863,-0.9196254014968872,-0.3802957832813263,-0.3823521137237549,0.0034780502319335938,0.8108834624290466,-0.33056044578552246,-0.30822262167930603,0.8920363187789917,-0.72650545835495,0.6864131689071655,-0.03204552084207535,0.33324146270751953,0.009463310241699219,-0.031000062823295593,-0.5787824392318726,0.815481960773468,1.3420961408883159e-07,-0.815481960773468,-0.5787824392318726,6.310106641649327e-07,0.30323752760887146,-0.14488191902637482,-0.031000006943941116,0.3632453978061676,0.16380853950977325,-0.03100011870265007
168,-0.18657582998275757,0.9342065453529358,-1.9360647201538086,1.7131526470184326,1.1809966564178467,0.7296725511550903,0.07418086379766464,0.7309662103652954,-0.3648722767829895,0.41166359186172485,-0.17683875560760498,0.41853025555610657,0.4236711263656616,-0.4247947931289673,-0.4084659814834595,0.03469015657901764,1.8302669525146484,-0.039526138454675674,0.6035473346710205,2.5731077194213867,3.1581714153289795,-1.091167688369751,1.1132792234420776,0.7310095429420471,0.47735095024108887,0.4447980225086212,0.2335696965456009,-0.11291977763175964,0.3455638289451599,0.02647075615823269,-0.40895745158195496,-0.014150013215839863,0.1219089925289154,-0.43918800354003906,0.5728361010551453,-0.9330717325210571,0.21457500755786896,-0.28867748379707336,-0.11452686786651611,-0.938035249710083,-0.32706791162490845,-0.4060554504394531,-0.005080223083496094,0.7984971404075623,-0.3294553756713867,-0.31672126054763794,0.8894643187522888,-0.7670333981513977,0.6391118764877319,-0.05653175711631775,0.33324146270751953,0.009463310241699219,-0.031000062823295593,-0.5787820816040039,0.8154822587966919,9.664124434038968e-08,-0.8154822587966919,-0.5787820816040039,3.4826442174562544e-07,0.3032374382019043,-0.14488191902637482,-0.031000033020973206,0.36324548721313477,0.16380853950977325,-0.03100009262561798
169,-0.21347633004188538,0.9624491333961487,-1.948133111000061,1.7413737773895264,1.2108690738677979,0.6998611688613892,0.044861242175102234,0.7309707999229431,-0.36257219314575195,0.4228558838367462,-0.17325906455516815,0.42232394218444824,0.42349693179130554,-0.4245380461215973,-0.410565048456192,0.027491986751556396,1.8589755296707153,-0.013460587710142136,0.6170637011528015,2.565727949142456,3.18229603767395,-1.0865172147750854,1.0839029550552368,0.7310205101966858,0.4908198118209839,0.4569176733493805,0.25422537326812744,-0.15151391923427582,0.34856608510017395,0.06431985646486282,-0.4105185568332672,-0.030742237344384193,0.12403568625450134,-0.4441542625427246,0.5944700241088867,-0.946772575378418,0.19993840157985687,-0.25228261947631836,-0.12830671668052673,-0.9531649351119995,-0.27388718724250793,-0.43049156665802,-0.015156745910644531,0.7855907678604126,-0.3261762857437134,-0.325792133808136,0.8873943090438843,-0.8053626418113708,0.5873039960861206,-0.08040517568588257,0.33324146270751953,0.009463310241699219,-0.03100001811981201,-0.5787826776504517,0.8154819011688232,-4.227862859806919e-07,-0.8154819011688232,-0.5787826776504517,6.798968570365105e-07,0.30323755741119385,-0.144881933927536,-0.030999895185232162,0.3632453680038452,0.16380855441093445,-0.03100014105439186
170,-0.24028049409389496,0.9910629391670227,-1.9605927467346191,1.7698372602462769,1.2407381534576416,0.6700311303138733,0.015467844903469086,0.7309746146202087,-0.36108556389808655,0.43053263425827026,-0.17629769444465637,0.42441272735595703,0.42320945858955383,-0.42403730750083923,-0.4116344451904297,0.022081756964325905,1.8876296281814575,0.01300080493092537,0.6319047212600708,2.556739568710327,3.206648588180542,-1.0797349214553833,1.0544661283493042,0.7310354709625244,0.5036953687667847,0.46109962463378906,0.27037107944488525,-0.1743118017911911,0.35142335295677185,0.09403421729803085,-0.41114532947540283,-0.053189899772405624,0.12768110632896423,-0.4483919143676758,0.614987313747406,-0.9590319395065308,0.1873801201581955,-0.21247731149196625,-0.13965342938899994,-0.9652465581893921,-0.2208985835313797,-0.45509397983551025,-0.02715587615966797,0.7726668119430542,-0.32014453411102295,-0.3354838788509369,0.885978639125824,-0.8408568501472473,0.5314435958862305,-0.10260389745235443,0.3332414925098419,0.009463310241699219,-0.03100002184510231,-0.5787822008132935,0.8154821991920471,-6.960121368138061e-07,-0.8154821991920471,-0.5787822008132935,7.92941534655256e-08,0.3032374978065491,-0.14488191902637482,-0.030999936163425446,0.36324548721313477,0.16380853950977325,-0.031000107526779175
171,-0.2670562267303467,1.01996648311615,-1.9740062952041626,1.7984955310821533,1.2705916166305542,0.6401965022087097,-0.013958682306110859,0.7309789061546326,-0.36071181297302246,0.4360024333000183,-0.18872913718223572,0.42631635069847107,0.4229118227958679,-0.423649400472641,-0.41214123368263245,0.01619589701294899,1.9161654710769653,0.039439331740140915,0.6479923129081726,2.547701597213745,3.2313320636749268,-1.0711866617202759,1.0250047445297241,0.7310593128204346,0.5138372182846069,0.45270586013793945,0.28337037563323975,-0.1718369424343109,0.35569074749946594,0.11882906407117844,-0.4111819267272949,-0.08406636118888855,0.13257679343223572,-0.45189857482910156,0.6345589756965637,-0.9694355726242065,0.1772131472826004,-0.16967716813087463,-0.1487315595149994,-0.9744998216629028,-0.16801607608795166,-0.4792872667312622,-0.04148387908935547,0.7605892419815063,-0.31020617485046387,-0.34612196683883667,0.885421872138977,-0.87320876121521,0.471977174282074,-0.12142576277256012,0.33324146270751953,0.009463787078857422,-0.03100001811981201,-0.5787826776504517,0.8154819011688232,-9.563001412971062e-07,-0.8154819011688232,-0.5787826776504517,9.753955509950174e-08,0.30323755741119385,-0.1448814570903778,-0.03099990263581276,0.3632453680038452,0.16380903124809265,-0.031000133603811264
172,-0.2938228249549866,1.0489158630371094,-1.9882129430770874,1.8272591829299927,1.3004475831985474,0.6103475093841553,-0.04338952526450157,0.7309813499450684,-0.3613176643848419,0.44024574756622314,-0.1961723268032074,0.4261320233345032,0.42232272028923035,-0.4228191673755646,-0.41224056482315063,0.012984901666641235,1.9448314905166626,0.06544853746891022,0.6647073030471802,2.53937029838562,3.2562475204467773,-1.0618525743484497,0.9955366849899292,0.7310791611671448,0.5218865275382996,0.4409351050853729,0.28745999932289124,-0.16014640033245087,0.35832107067108154,0.12960240244865417,-0.41094332933425903,-0.10641813278198242,0.13866537809371948,-0.45477962493896484,0.6529945731163025,-0.9776455163955688,0.1694238781929016,-0.12451858073472977,-0.1552843451499939,-0.9810733795166016,-0.11567942053079605,-0.5024816989898682,-0.05818367004394531,0.7496280074119568,-0.2965012788772583,-0.3572366237640381,0.8857027292251587,-0.9019218683242798,0.409700870513916,-0.13668322563171387,0.33324146270751953,0.009463310241699219,-0.031000062823295593,-0.5787822008132935,0.8154821991920471,-1.5188079771633056e-07,-0.8154821991920471,-0.5787822008132935,3.424069063839852e-07,0.3032374680042267,-0.14488191902637482,-0.031000006943941116,0.3632454574108124,0.16380853950977325,-0.03100011870265007
173,-0.32057324051856995,1.0777312517166138,-2.002605676651001,1.8559980392456055,1.3303148746490479,0.5804941654205322,-0.07278722524642944,0.7309814095497131,-0.36267808079719543,0.44358980655670166,-0.19328658282756805,0.4237191081047058,0.42139074206352234,-0.4214541018009186,-0.41179996728897095,0.012574585154652596,1.9737964868545532,0.09101872891187668,0.6810717582702637,2.532557964324951,3.281205654144287,-1.0533157587051392,0.9660888314247131,0.7310911417007446,0.5240218639373779,0.42885372042655945,0.2762492597103119,-0.13659225404262543,0.3579833209514618,0.11807136237621307,-0.41036543250083923,-0.11919693648815155,0.1459609568119049,-0.4572758674621582,0.6698199510574341,-0.9834295511245728,0.16379143297672272,-0.07771117240190506,-0.15896351635456085,-0.9851593971252441,-0.06474322080612183,-0.5240155458450317,-0.0768442153930664,0.7396798729896545,-0.28006768226623535,-0.367938369512558,0.8866698741912842,-0.9263960719108582,0.3457576036453247,-0.1491379290819168,0.33324146270751953,0.009463787078857422,-0.03100001811981201,-0.5787827968597412,0.8154818415641785,-9.87253088169382e-07,-0.8154818415641785,-0.5787827968597412,6.95064130695755e-08,0.30323755741119385,-0.144881471991539,-0.03099990263581276,0.3632453680038452,0.16380904614925385,-0.031000133603811264
174,-0.347312331199646,1.1064831018447876,-2.017113208770752,1.8846684694290161,1.3601776361465454,0.5506569743156433,-0.10214942693710327,0.7309796214103699,-0.3636099398136139,0.4471474885940552,-0.19112485647201538,0.4217090904712677,0.4204191565513611,-0.42019057273864746,-0.41131970286369324,0.014393806457519531,2.002772808074951,0.11612492799758911,0.6970831155776978,2.526984930038452,3.3061649799346924,-1.0454927682876587,0.936665415763855,0.7311010956764221,0.5260543823242188,0.41917893290519714,0.26780545711517334,-0.11897481232881546,0.3574520945549011,0.10788697749376297,-0.4097425043582916,-0.12973789870738983,0.1543894112110138,-0.4595341682434082,0.6848417520523071,-0.9866405725479126,0.16019843518733978,-0.029612593352794647,-0.15979285538196564,-0.9870271682739258,-0.015605013817548752,-0.5437824726104736,-0.09706640243530273,0.7306990623474121,-0.26129090785980225,-0.37778228521347046,0.888261079788208,-0.9464958906173706,0.28084075450897217,-0.15897805988788605,0.33324146270751953,0.009463310241699219,-0.031000062823295593,-0.5787824392318726,0.8154820203781128,-6.68948359816568e-07,-0.8154820203781128,-0.5787824392318726,1.6648348832859483e-07,0.30323752760887146,-0.144881933927536,-0.03099996969103813,0.3632453978061676,0.16380855441093445,-0.031000155955553055
175,-0.3740040361881256,1.1351654529571533,-2.031677484512329,1.9132689237594604,1.3900409936904907,0.5208335518836975,-0.13148187100887299,0.7309762835502625,-0.3644281029701233,0.45114564895629883,-0.18787790834903717,0.4198019206523895,0.4193258285522461,-0.4189049303531647,-0.410909503698349,0.0180941354483366,2.0317838191986084,0.14091159403324127,0.7128921747207642,2.5219998359680176,3.3310916423797607,-1.0382065773010254,0.9072617292404175,0.7311072945594788,0.5283409953117371,0.413983017206192,0.26165467500686646,-0.11199277639389038,0.3564715087413788,0.10013480484485626,-0.4092143774032593,-0.13615278899669647,0.1638801395893097,-0.4616837501525879,0.6979368925094604,-0.9871829748153687,0.15841510891914368,0.01935238018631935,-0.15776586532592773,-0.9869763851165771,0.03142666816711426,-0.5619182586669922,-0.11862039566040039,0.7223983407020569,-0.24068021774291992,-0.38627153635025024,0.8904309272766113,-0.9622410535812378,0.2151307463645935,-0.16676591336727142,0.3332414925098419,0.009463310241699219,-0.03100007027387619,-0.5787819623947144,0.8154823184013367,-6.121630349298357e-07,-0.8154823184013367,-0.5787819623947144,-1.1323476201141602e-07,0.3032374680042267,-0.14488190412521362,-0.03100001811981201,0.36324551701545715,0.16380852460861206,-0.03100012242794037
176,-0.400651216506958,1.1637986898422241,-2.0463271141052246,1.9418048858642578,1.4198999404907227,0.49102917313575745,-0.1607777625322342,0.7309722900390625,-0.365610808134079,0.4550894796848297,-0.18564969301223755,0.41816630959510803,0.4181419014930725,-0.41766849160194397,-0.410394549369812,0.02247426100075245,2.0608367919921875,0.16548174619674683,0.7284409403800964,2.5177907943725586,3.3559985160827637,-1.0315343141555786,0.8778848648071289,0.7311141490936279,0.5271590948104858,0.40656808018684387,0.2548842430114746,-0.10002651810646057,0.3555968403816223,0.09139520674943924,-0.40854412317276,-0.14348794519901276,0.17431023716926575,-0.4638247489929199,0.7090373635292053,-0.9849952459335327,0.15826699137687683,0.06881968677043915,-0.15299499034881592,-0.9852899312973022,0.07613420486450195,-0.5783544778823853,-0.1412820816040039,0.7148306965827942,-0.21837544441223145,-0.3931599259376526,0.8931615948677063,-0.9736783504486084,0.14901703596115112,-0.17246590554714203,0.33324146270751953,0.009463787078857422,-0.03100001811981201,-0.5787824392318726,0.8154819011688232,-4.480715460886131e-07,-0.8154819011688232,-0.5787824392318726,4.384151566227956e-07,0.30323752760887146,-0.1448814421892166,-0.03099992126226425,0.3632453978061676,0.16380901634693146,-0.03100011497735977
177,-0.4272526204586029,1.1923131942749023,-2.060896873474121,1.9702608585357666,1.4497604370117188,0.4612445831298828,-0.19002361595630646,0.7309673428535461,-0.3676491975784302,0.4585496783256531,-0.18056108057498932,0.4161733090877533,0.41679292917251587,-0.4163022041320801,-0.40967610478401184,0.028094513341784477,2.0899600982666016,0.1897878646850586,0.7434155344963074,2.514785051345825,3.3808577060699463,-1.0259246826171875,0.8485429286956787,0.7311197519302368,0.523745059967041,0.3983156383037567,0.24383455514907837,-0.0816439613699913,0.3542444109916687,0.07636112719774246,-0.4077717661857605,-0.1492265909910202,0.18552717566490173,-0.4660935401916504,0.7180153131484985,-0.9800888299942017,0.15948401391506195,0.11828213930130005,-0.14557473361492157,-0.9822629690170288,0.11818399280309677,-0.5929042100906372,-0.16477680206298828,0.7080830335617065,-0.1947038173675537,-0.3983725309371948,0.8963202238082886,-0.9808527231216431,0.08309626579284668,-0.17613403499126434,0.3332414925098419,0.009463787078857422,-0.03100001811981201,-0.5787822008132935,0.8154823184013367,-4.868936684943037e-07,-0.8154823184013367,-0.5787822008132935,5.45086663805705e-07,0.3032374978065491,-0.1448814570903778,-0.03099990263581276,0.36324548721313477,0.16380903124809265,-0.031000133603811264
178,-0.453838050365448,1.2207015752792358,-2.075335741043091,1.9986257553100586,1.4796159267425537,0.431488573551178,-0.21920770406723022,0.7309619784355164,-0.3702757656574249,0.46153461933135986,-0.17539294064044952,0.414264053106308,0.4153781235218048,-0.41494959592819214,-0.40878748893737793,0.03403465077280998,2.1190712451934814,0.21375437080860138,0.7576428055763245,2.513345956802368,3.4056711196899414,-1.021563172340393,0.8192446231842041,0.7311251163482666,0.5185039043426514,0.3882543742656708,0.23135873675346375,-0.05751731991767883,0.35301923751831055,0.05885448306798935,-0.4069102704524994,-0.1543157696723938,0.19733759760856628,-0.46859169006347656,0.7248077988624573,-0.9725179672241211,0.16186702251434326,0.16735593974590302,-0.1357276737689972,-0.9781690835952759,0.15736347436904907,-0.6054582595825195,-0.18880987167358398,0.7023109793663025,-0.16977322101593018,-0.40192750096321106,0.8997951745986938,-0.9839332103729248,0.0179443359375,-0.1776328831911087,0.3332414925098419,0.009463787078857422,-0.03100001811981201,-0.5787829160690308,0.8154818415641785,-9.466588153372868e-07,-0.8154818415641785,-0.5787829160690308,1.9631505665529403e-07,0.3032376170158386,-0.1448814868927002,-0.030999891459941864,0.3632453680038452,0.16380906105041504,-0.03100014477968216
179,-0.48042502999305725,1.2489148378372192,-2.089644193649292,2.0268826484680176,1.5094585418701172,0.4017716646194458,-0.24830006062984467,0.7309566736221313,-0.3735780715942383,0.46325889229774475,-0.17076519131660461,0.41215240955352783,0.4139067828655243,-0.41356393694877625,-0.4074772000312805,0.03994481638073921,2.148139715194702,0.23721951246261597,0.770851194858551,2.5141332149505615,3.4304449558258057,-1.018822193145752,0.7900135517120361,0.7311462163925171,0.5100851655006409,0.3736066222190857,0.2162475734949112,-0.022365234792232513,0.35190534591674805,0.036184508353471756,-0.4056759178638458,-0.18169443309307098,0.20952108502388,-0.47138357162475586,0.7294242978096008,-0.9623919725418091,0.16523027420043945,0.21564024686813354,-0.12372570484876633,-0.9732562303543091,0.19355739653110504,-0.6158562898635864,-0.21308326721191406,0.6977754235267639,-0.14355814456939697,-0.40399670600891113,0.9034255743026733,-0.9831908941268921,-0.04584074020385742,-0.17673242092132568,0.33324146270751953,0.009463310241699219,-0.031000062823295593,-0.5787824392318726,0.8154821395874023,-3.495326268421195e-07,-0.8154821395874023,-0.5787824392318726,2.049747394039514e-07,0.3032374978065491,-0.1448819488286972,-0.031000003218650818,0.36324542760849,0.16380856931209564,-0.03100012242794037
180,-0.5069782733917236,1.2768316268920898,-2.103649616241455,2.0549652576446533,1.5392919778823853,0.3721080422401428,-0.27726998925209045,0.7309512495994568,-0.3769882619380951,0.4632336497306824,-0.16359709203243256,0.40896427631378174,0.412375807762146,-0.4119512140750885,-0.4057284891605377,0.04610990732908249,2.177103281021118,0.260130912065506,0.7829351425170898,2.5169260501861572,3.45510196685791,-1.0180153846740723,0.7608718872070312,0.7311563491821289,0.5030171871185303,0.36313751339912415,0.19837193191051483,0.006735806819051504,0.3496207296848297,0.008936558850109577,-0.4042448401451111,-0.19496336579322815,0.22183531522750854,-0.4745464324951172,0.7318458557128906,-0.9499310255050659,0.16930079460144043,0.2626186013221741,-0.10984326899051666,-0.9677804708480835,0.22657372057437897,-0.6241462230682373,-0.2373332977294922,0.6942434906959534,-0.11666262149810791,-0.4046180248260498,0.9070138931274414,-0.9787993431091309,-0.10796213150024414,-0.17405760288238525,0.33324146270751953,0.009463310241699219,-0.03100007027387619,-0.5787818431854248,0.8154824376106262,-1.0240884193990496e-06,-0.8154824376106262,-0.5787818431854248,-1.2922178882490698e-07,0.3032374083995819,-0.14488190412521362,-0.03099997341632843,0.36324551701545715,0.16380852460861206,-0.03100016713142395
181,-0.5335246920585632,1.3043878078460693,-2.117337465286255,2.0828475952148438,1.569104552268982,0.34251514077186584,-0.3060862720012665,0.7309463620185852,-0.3808661997318268,0.4614753723144531,-0.15700463950634003,0.4055556058883667,0.410889595746994,-0.41027724742889404,-0.40354689955711365,0.051649946719408035,2.2059121131896973,0.2825445830821991,0.7936944365501404,2.5218472480773926,3.4796364307403564,-1.0192451477050781,0.7318437099456787,0.731167733669281,0.49289798736572266,0.3513117730617523,0.17862582206726074,0.03947098180651665,0.34735107421875,-0.019538279622793198,-0.4025318920612335,-0.20999333262443542,0.23402512073516846,-0.4781041145324707,0.7321509122848511,-0.935369610786438,0.17392297089099884,0.30795255303382874,-0.09444870054721832,-0.961944580078125,0.2564025819301605,-0.6304028034210205,-0.2612156867980957,0.6916669607162476,-0.08930063247680664,-0.40385693311691284,0.9104531407356262,-0.9710517525672913,-0.1680290699005127,-0.16977837681770325,0.3332414925098419,0.009463310241699219,-0.031000062823295593,-0.5787824392318726,0.8154820203781128,-3.583749048630125e-07,-0.8154820203781128,-0.5787824392318726,2.749106329247297e-07,0.30323755741119385,-0.144881933927536,-0.030999992042779922,0.36324542760849,0.16380855441093445,-0.031000133603811264
182,-0.5600619912147522,1.3314204216003418,-2.1305925846099854,2.1104938983917236,1.5988929271697998,0.31301766633987427,-0.33469656109809875,0.7309429049491882,-0.3853601813316345,0.4565131366252899,-0.1491856873035431,0.40131574869155884,0.4094286859035492,-0.4083274304866791,-0.40062910318374634,0.05545375868678093,2.2344841957092285,0.30437782406806946,0.8027980327606201,2.5291941165924072,3.504025459289551,-1.0228297710418701,0.7029615640640259,0.7311766743659973,0.4801803529262543,0.33833539485931396,0.15423621237277985,0.07682196795940399,0.34473735094070435,-0.052487779408693314,-0.4004119038581848,-0.22168917953968048,0.2458142340183258,-0.48207759857177734,0.7304507493972778,-0.9190487861633301,0.17889970541000366,0.3512040376663208,-0.07791992276906967,-0.9559377431869507,0.283039927482605,-0.6346418857574463,-0.2843770980834961,0.6900388598442078,-0.0616832971572876,-0.40199339389801025,0.913562536239624,-0.9603079557418823,-0.22556841373443604,-0.16409602761268616,0.33324146270751953,0.009463787078857422,-0.03100006654858589,-0.5787818431854248,0.8154824376106262,-5.005277330383251e-07,-0.8154824376106262,-0.5787818431854248,2.653997341894865e-07,0.3032374083995819,-0.14488142728805542,-0.030999980866909027,0.36324551701545715,0.16380900144577026,-0.031000152230262756
183,-0.5866206288337708,1.357784390449524,-2.143390655517578,2.1378772258758545,1.6286505460739136,0.28363946080207825,-0.36305856704711914,0.7309408783912659,-0.3903046250343323,0.44853565096855164,-0.14160607755184174,0.3966344892978668,0.40809667110443115,-0.4061950147151947,-0.39712101221084595,0.05756507068872452,2.2626655101776123,0.32555001974105835,0.8101285696029663,2.53898549079895,3.5282719135284424,-1.0287421941757202,0.6742485165596008,0.7311847805976868,0.4663054347038269,0.32491031289100647,0.12854737043380737,0.11406786739826202,0.3422188460826874,-0.08501000702381134,-0.3979884088039398,-0.2323400229215622,0.2569238543510437,-0.48644256591796875,0.7269381284713745,-0.9013255834579468,0.18413425981998444,0.3920547366142273,-0.06068391725420952,-0.9498953819274902,0.3066211938858032,-0.636991024017334,-0.30653953552246094,0.6893332600593567,-0.03386104106903076,-0.39926332235336304,0.9162107706069946,-0.9469814300537109,-0.2802470922470093,-0.15712334215641022,0.33324146270751953,0.009463310241699219,-0.03100007027387619,-0.5787824392318726,0.8154820799827576,-1.1751303645723965e-06,-0.8154820799827576,-0.5787824392318726,1.2603466714722344e-08,0.3032374978065491,-0.144881933927536,-0.030999939888715744,0.36324542760849,0.16380855441093445,-0.031000200659036636
184,-0.6132135391235352,1.3832992315292358,-2.155714750289917,2.164970874786377,1.6583704948425293,0.2544114291667938,-0.39111652970314026,0.7309408187866211,-0.39554154872894287,0.4367685914039612,-0.1344299167394638,0.3913481533527374,0.4069334864616394,-0.4037792384624481,-0.3928339183330536,0.05757669359445572,2.2903475761413574,0.3459930419921875,0.8155848979949951,2.551168918609619,3.5523757934570312,-1.0369428396224976,0.6457372307777405,0.7311922311782837,0.4507768452167511,0.31074777245521545,0.1015772745013237,0.15067645907402039,0.3397451937198639,-0.11697270721197128,-0.3951694965362549,-0.24212998151779175,0.26709607243537903,-0.4911489486694336,0.7218601703643799,-0.8826014995574951,0.18955695629119873,0.43021270632743835,-0.043160222470760345,-0.9439152479171753,0.3273553252220154,-0.6376078128814697,-0.32748937606811523,0.6894763112068176,-0.005892276763916016,-0.39590105414390564,0.9182742834091187,-0.9314825534820557,-0.3318502902984619,-0.1490495204925537,0.3332414925098419,0.009463310241699219,-0.03100002557039261,-0.5787818431854248,0.8154823780059814,-1.3055474710199633e-06,-0.8154823780059814,-0.5787818431854248,1.412287815583113e-07,0.3032374382019043,-0.14488188922405243,-0.030999869108200073,0.36324554681777954,0.16380850970745087,-0.031000182032585144
185,-0.6398468017578125,1.4076614379882812,-2.167463779449463,2.1917502880096436,1.6880433559417725,0.22538448870182037,-0.4187796413898468,0.7309441566467285,-0.40131455659866333,0.41870084404945374,-0.1264653503894806,0.38509026169776917,0.4059913456439972,-0.40080365538597107,-0.3872723877429962,0.053388502448797226,2.317387104034424,0.3655775189399719,0.8188241720199585,2.565894603729248,3.5763332843780518,-1.047574520111084,0.6174757480621338,0.7311990857124329,0.4310271143913269,0.29404217004776,0.0699276477098465,0.19036865234375,0.3372453451156616,-0.1509222388267517,-0.39174991846084595,-0.25116780400276184,0.27604925632476807,-0.4961256980895996,0.7155352234840393,-0.8633872270584106,0.19510452449321747,0.4652920067310333,-0.025790348649024963,-0.9380675554275513,0.345490962266922,-0.6366055011749268,-0.346926212310791,0.6904121041297913,0.02212238311767578,-0.3923080265522003,0.9195678234100342,-0.9143167734146118,-0.3799898624420166,-0.14011605083942413,0.3332414925098419,0.009463310241699219,-0.031000062823295593,-0.5787824392318726,0.8154820203781128,-6.872814140024275e-08,-0.8154820203781128,-0.5787824392318726,5.161137437426078e-07,0.30323755741119385,-0.144881933927536,-0.03099999576807022,0.36324542760849,0.16380855441093445,-0.031000129878520966
186,-0.6666369438171387,1.4310847520828247,-2.1792373657226562,2.218229055404663,1.7176765203475952,0.19650320708751678,-0.44609391689300537,0.7309460639953613,-0.4063740074634552,0.40574267506599426,-0.1271868348121643,0.3804909586906433,0.4052649140357971,-0.3987242877483368,-0.3823871910572052,0.05207454040646553,2.3436038494110107,0.38421109318733215,0.8209244012832642,2.582294464111328,3.6002357006073,-1.0594749450683594,0.5894626379013062,0.7312251925468445,0.41928380727767944,0.27716904878616333,0.056378938257694244,0.2149941772222519,0.33652979135513306,-0.1686124950647354,-0.3881761431694031,-0.28655949234962463,0.2837574779987335,-0.5012283325195312,0.7082949280738831,-0.8436884880065918,0.2010977566242218,0.4977446496486664,-0.008852311410009861,-0.93227219581604,0.361649751663208,-0.6342926025390625,-0.3652172088623047,0.6922171115875244,0.05086648464202881,-0.388154536485672,0.9201895594596863,-0.8957021236419678,-0.4252655506134033,-0.12987275421619415,0.33324146270751953,0.009463787078857422,-0.03100001811981201,-0.5787818431854248,0.815482497215271,-7.992892960828613e-07,-0.815482497215271,-0.5787818431854248,8.27743704689965e-08,0.3032373785972595,-0.14488142728805542,-0.03099992126226425,0.36324554681777954,0.16380900144577026,-0.03100011497735977
187,-0.6936209201812744,1.453527808189392,-2.191169261932373,2.244919776916504,1.7472305297851562,0.16770057380199432,-0.473258376121521,0.7309455871582031,-0.41087406873703003,0.39166259765625,-0.13021844625473022,0.3836722671985626,0.4040207862854004,-0.3976437449455261,-0.38029420375823975,0.05351674184203148,2.3696529865264893,0.4020124673843384,0.8235844969749451,2.5987303256988525,3.6236653327941895,-1.0699418783187866,0.5613552331924438,0.7312423586845398,0.42726728320121765,0.2651756703853607,0.06644055992364883,0.2127268761396408,0.3302658498287201,-0.14817596971988678,-0.3892584443092346,-0.30804339051246643,0.2904953360557556,-0.5063905715942383,0.7002772092819214,-0.8235243558883667,0.20729580521583557,0.5280494093894958,0.007906787097454071,-0.9265580177307129,0.37606897950172424,-0.6312865018844604,-0.3832225799560547,0.6950092911720276,0.08154308795928955,-0.3827421963214874,0.9202495813369751,-0.8755932450294495,-0.46858954429626465,-0.11730551719665527,0.33324146270751953,0.009463310241699219,-0.031000062823295593,-0.5787824392318726,0.8154820799827576,-1.45061363809873e-07,-0.8154820799827576,-0.5787824392318726,3.9101030324673047e-07,0.3032374978065491,-0.144881933927536,-0.031000003218650818,0.36324542760849,0.16380855441093445,-0.03100012242794037
188,-0.7207496762275696,1.4741184711456299,-2.202749729156494,2.2723922729492188,1.7765530347824097,0.13901925086975098,-0.5004010200500488,0.7309512495994568,-0.4157380759716034,0.35821133852005005,-0.12805920839309692,0.3925918638706207,0.40152299404144287,-0.3963652551174164,-0.37994131445884705,0.0458027683198452,2.396347761154175,0.41917580366134644,0.8277093768119812,2.6138176918029785,3.6457765102386475,-1.0762547254562378,0.5328090190887451,0.7312605977058411,0.44671791791915894,0.2579297423362732,0.08562207967042923,0.19003203511238098,0.3119151294231415,-0.08933081477880478,-0.3950887620449066,-0.3310157060623169,0.2962671220302582,-0.5115065574645996,0.6918731927871704,-0.803425669670105,0.21331407129764557,0.5558815598487854,0.024530917406082153,-0.9209672212600708,0.3888670802116394,-0.6282938718795776,-0.4013528823852539,0.6987971067428589,0.11463123559951782,-0.3755233883857727,0.919696569442749,-0.8542596697807312,-0.5098044872283936,-0.10168430209159851,0.33324146270751953,0.009463310241699219,-0.031000062823295593,-0.5787820816040039,0.8154824376106262,1.3527535713819816e-07,-0.8154824376106262,-0.5787820816040039,4.0867212192097213e-07,0.3032374382019043,-0.144881933927536,-0.031000029295682907,0.36324548721313477,0.16380855441093445,-0.03100009635090828
189,-0.7480188608169556,1.4922298192977905,-2.2140114307403564,2.3005261421203613,1.8055132627487183,0.11045533418655396,-0.5275238156318665,0.7309633493423462,-0.4209049940109253,0.31438198685646057,-0.12673966586589813,0.3987860381603241,0.3976535201072693,-0.39529696106910706,-0.3796142339706421,0.031054584309458733,2.423815965652466,0.43577226996421814,0.8332101702690125,2.627359390258789,3.666315793991089,-1.0780194997787476,0.5039135217666626,0.7312761545181274,0.46100354194641113,0.24914027750492096,0.1037687212228775,0.16731131076812744,0.2898038923740387,-0.025218024849891663,-0.399684339761734,-0.3508870601654053,0.30077099800109863,-0.5163431167602539,0.6837630271911621,-0.7837858200073242,0.21962760388851166,0.5808989405632019,0.0405053086578846,-0.9153075218200684,0.40071389079093933,-0.6254926919937134,-0.4195089340209961,0.7034677863121033,0.14951390027999878,-0.36618533730506897,0.9184520244598389,-0.8320318460464478,-0.5484501123428345,-0.083220474421978,0.3332414925098419,0.009463310241699219,-0.031000036746263504,-0.5787824392318726,0.8154819011688232,-8.323120255226968e-07,-0.8154819011688232,-0.5787824392318726,2.1228234459158557e-07,0.30323755741119385,-0.14488191902637482,-0.03099992126226425,0.36324542760849,0.16380853950977325,-0.031000152230262756
190,-0.7754418253898621,1.507657527923584,-2.2252449989318848,2.329033851623535,1.833951711654663,0.08201470971107483,-0.5545299649238586,0.7309792637825012,-0.42568594217300415,0.26793619990348816,-0.12941023707389832,0.4010269045829773,0.39169400930404663,-0.3941686749458313,-0.3779270052909851,0.012570489197969437,2.4518020153045654,0.4516332745552063,0.8397096395492554,2.639878988265991,3.685434103012085,-1.076208233833313,0.4748385548591614,0.7312893271446228,0.4684845209121704,0.23509283363819122,0.11890570819377899,0.15388675034046173,0.2698873281478882,0.02503337897360325,-0.4020037353038788,-0.36787787079811096,0.3038271367549896,-0.5207161903381348,0.6764796376228333,-0.7647309303283691,0.22685527801513672,0.6030948162078857,0.05537883937358856,-0.9093713760375977,0.41228270530700684,-0.6226531267166138,-0.4374985694885254,0.7089834809303284,0.18552231788635254,-0.3548510670661926,0.9163308143615723,-0.8091452717781067,-0.5842814445495605,-0.062442928552627563,0.33324146270751953,0.009463787078857422,-0.03100001811981201,-0.5787818431854248,0.8154824376106262,-7.164095450207242e-07,-0.8154824376106262,-0.5787818431854248,4.6009773768673767e-07,0.3032374083995819,-0.14488142728805542,-0.030999887734651566,0.36324551701545715,0.16380900144577026,-0.031000148504972458
191,-0.8018418550491333,1.5194288492202759,-2.2326016426086426,2.3574607372283936,1.8619756698608398,0.05394477769732475,-0.5808897018432617,0.7309909462928772,-0.41638800501823425,0.21096432209014893,-0.07348156720399857,0.3961099088191986,0.38615795969963074,-0.3885881006717682,-0.36881470680236816,-0.00024055648827925324,2.4797282218933105,0.46659690141677856,0.8450612425804138,2.6493561267852783,3.702293872833252,-1.0694935321807861,0.44575875997543335,0.731256365776062,0.46591129899024963,0.2358172982931137,0.08105825632810593,0.10479065030813217,0.23621191084384918,0.09444921463727951,-0.4023703932762146,-0.32529401779174805,0.3049567639827728,-0.525001049041748,0.669621467590332,-0.7492913007736206,0.232892245054245,0.6199387311935425,0.06839801371097565,-0.9039011001586914,0.4222378134727478,-0.6209907531738281,-0.4541492462158203,0.7141603231430054,0.21955549716949463,-0.34308212995529175,0.9132852554321289,-0.7877253293991089,-0.6146260499954224,-0.04151797667145729,0.33324146270751953,0.009463310241699219,-0.031000062823295593,-0.5787824392318726,0.8154820203781128,1.4293857475422556e-07,-0.8154820203781128,-0.5787824392318726,6.588929295503476e-07,0.30323752760887146,-0.144881933927536,-0.031000003218650818,0.3632453978061676,0.16380855441093445,-0.03100012242794037
192,-0.8268303275108337,1.527185082435608,-2.234905958175659,2.385690927505493,1.8893487453460693,0.026505690068006516,-0.6062596440315247,0.7310043573379517,-0.3973190486431122,0.1433415412902832,-0.005219302140176296,0.38945770263671875,0.3786325454711914,-0.3803616762161255,-0.354918509721756,-0.006394813768565655,2.506956100463867,0.48115742206573486,0.8479202389717102,2.655186891555786,3.7163095474243164,-1.0580384731292725,0.4167332947254181,0.7312111854553223,0.45311033725738525,0.23794621229171753,0.030510112643241882,0.050426602363586426,0.19508935511112213,0.16134007275104523,-0.4020923674106598,-0.26858067512512207,0.3040149509906769,-0.5291852951049805,0.6634514331817627,-0.738681435585022,0.2373298704624176,0.6308916211128235,0.0789819061756134,-0.8990422487258911,0.43067944049835205,-0.6213984489440918,-0.46862125396728516,0.7179529070854187,0.24935108423233032,-0.33254167437553406,0.9095274806022644,-0.7694918513298035,-0.6382637023925781,-0.022402441129088402,0.3332414925098419,0.009463310241699219,-0.03100002557039261,-0.5787818431854248,0.8154824376106262,-1.0177384410781087e-06,-0.8154824376106262,-0.5787818431854248,3.444439471422811e-07,0.3032374382019043,-0.14488190412521362,-0.03099987655878067,0.36324554681777954,0.16380852460861206,-0.031000174582004547
193,-0.8497294187545776,1.5307821035385132,-2.23189377784729,2.4134745597839355,1.9159834384918213,-8.921713015297428e-05,-0.6302140951156616,0.7310128211975098,-0.3635741174221039,0.07406675070524216,0.06498994678258896,0.3811931610107422,0.3701625168323517,-0.3693685233592987,-0.33506691455841064,-0.01923912949860096,2.5328755378723145,0.4952017068862915,0.8475716710090637,2.657771587371826,3.7274537086486816,-1.0428463220596313,0.3878380358219147,0.7311385869979858,0.42779862880706787,0.23481829464435577,-0.026208335533738136,0.004553677514195442,0.15389227867126465,0.21399183571338654,-0.40093082189559937,-0.17452014982700348,0.3013584315776825,-0.532966136932373,0.6584526300430298,-0.7337497472763062,0.23992320895195007,0.6356480121612549,0.08707642555236816,-0.894650936126709,0.43819817900657654,-0.6240471601486206,-0.4806222915649414,0.7200292944908142,0.2743280529975891,-0.32488366961479187,0.9050938487052917,-0.7555274367332458,-0.6550883054733276,-0.006148607935756445,0.33324146270751953,0.009463310241699219,-0.031000062823295593,-0.5787824392318726,0.815481960773468,1.0145926410132233e-07,-0.815481960773468,-0.5787824392318726,4.89139665660332e-07,0.30323752760887146,-0.14488191902637482,-0.03100001811981201,0.3632453978061676,0.16380853950977325,-0.031000107526779175
194,-0.869497537612915,1.5303417444229126,-2.2236289978027344,2.4405593872070312,1.9417908191680908,-0.025570034980773926,-0.6521614193916321,0.7310258746147156,-0.3080165386199951,0.006523058284074068,0.13196557760238647,0.37207576632499695,0.36051151156425476,-0.35503503680229187,-0.30701813101768494,-0.006238343194127083,2.5565545558929443,0.5083506107330322,0.843622088432312,2.6577632427215576,3.735856771469116,-1.0248242616653442,0.35917189717292786,0.731066107749939,0.3838403820991516,0.2242158204317093,-0.08664292842149734,-0.029518747702240944,0.11488896608352661,0.2539643347263336,-0.39876675605773926,-0.08251915872097015,0.29788559675216675,-0.5359578132629395,0.6549149751663208,-0.7351071834564209,0.24001774191856384,0.6340417861938477,0.09323856979608536,-0.8905529975891113,0.4452212452888489,-0.6289080381393433,-0.4897632598876953,0.7204220294952393,0.2945827841758728,-0.3216262757778168,0.8998763561248779,-0.7468276023864746,-0.664982795715332,0.006808252073824406,0.3332414925098419,0.009463310241699219,-0.031000062823295593,-0.5787820816040039,0.8154823184013367,1.0845759845778957e-07,-0.8154823184013367,-0.5787820816040039,5.18833473961422e-07,0.3032374680042267,-0.14488191902637482,-0.031000014394521713,0.36324551701545715,0.16380853950977325,-0.031000111252069473
195,-0.8852958083152771,1.5264374017715454,-2.211120367050171,2.466843843460083,1.9667868614196777,-0.04984381049871445,-0.6716525554656982,0.7310235500335693,-0.23649027943611145,-0.05042605102062225,0.18381522595882416,0.36414071917533875,0.3507251441478729,-0.3395443856716156,-0.27305465936660767,0.0164144579321146,2.5768990516662598,0.5202242732048035,0.8360715508460999,2.656358242034912,3.742105722427368,-1.004939317703247,0.3308057188987732,0.7310323119163513,0.31823351979255676,0.20424069464206696,-0.14096978306770325,-0.04279095306992531,0.08494140952825546,0.28055450320243835,-0.3956792652606964,-0.04551186040043831,0.29481980204582214,-0.5377621650695801,0.6529508829116821,-0.7424490451812744,0.23711588978767395,0.626534640789032,0.09852808713912964,-0.8864398002624512,0.45223525166511536,-0.635672926902771,-0.4955611228942871,0.7196385860443115,0.3109169602394104,-0.323572039604187,0.8936620950698853,-0.7439636588096619,-0.6680048704147339,0.016967598348855972,0.33324146270751953,0.009463787078857422,-0.03100001811981201,-0.5787826776504517,0.815481960773468,-9.113263104154612e-07,-0.815481960773468,-0.5787826776504517,6.635996783188602e-07,0.30323755741119385,-0.144881471991539,-0.030999843031167984,0.3632453680038452,0.16380904614925385,-0.03100019320845604
196,-0.8966448903083801,1.519897699356079,-2.195530414581299,2.4923183917999268,1.9911320209503174,-0.07294764369726181,-0.6883931159973145,0.7310142517089844,-0.15761308372020721,-0.09276175498962402,0.21992073953151703,0.3577714264392853,0.3423439860343933,-0.32384195923805237,-0.23402519524097443,0.0031176693737506866,2.592771291732788,0.5304470062255859,0.8253445625305176,2.654677152633667,3.7469756603240967,-0.9839797019958496,0.3028160631656647,0.7310029864311218,0.23256567120552063,0.17696934938430786,-0.18662431836128235,-0.038097064942121506,0.06591813266277313,0.29613226652145386,-0.3910723030567169,-0.00457570469006896,0.2932174801826477,-0.5381698608398438,0.6523863077163696,-0.7550258636474609,0.23071007430553436,0.613766074180603,0.10396966338157654,-0.8820877075195312,0.4594687521457672,-0.6438966989517212,-0.49753570556640625,0.7184160947799683,0.32426702976226807,-0.3308609127998352,0.8862178325653076,-0.7470523715019226,-0.6642820835113525,0.025343123823404312,0.33324146270751953,0.009463787078857422,-0.03100001811981201,-0.5787822008132935,0.8154821991920471,-1.23979452837375e-06,-0.8154821991920471,-0.5787822008132935,8.716257937635419e-09,0.3032374680042267,-0.1448814421892166,-0.030999884009361267,0.3632454574108124,0.16380901634693146,-0.031000152230262756
197,-0.903302788734436,1.5114326477050781,-2.177654504776001,2.516960620880127,2.014920234680176,-0.09487543255090714,-0.7019661068916321,0.7310001850128174,-0.0752207487821579,-0.12418901175260544,0.24528226256370544,0.3515183627605438,0.33528098464012146,-0.30835309624671936,-0.19014178216457367,0.014044421724975109,2.602968454360962,0.538587749004364,0.8117793798446655,2.6536567211151123,3.7511041164398193,-0.9624674916267395,0.27536875009536743,0.7309643030166626,0.12403213232755661,0.1410600244998932,-0.22608856856822968,-0.017584385350346565,0.055842384696006775,0.3045904338359833,-0.38384321331977844,0.03513261675834656,0.293762743473053,-0.5371346473693848,0.6529287695884705,-0.772158145904541,0.22013725340366364,0.5960801839828491,0.11025047302246094,-0.8774317502975464,0.4668603539466858,-0.6531847715377808,-0.494992733001709,0.7175251841545105,0.3352013826370239,-0.34358707070350647,0.8772616386413574,-0.7562292814254761,-0.6534732580184937,0.033016569912433624,0.33324146270751953,0.009463787078857422,-0.03100006654858589,-0.5787818431854248,0.815482497215271,-8.31926854516496e-07,-0.815482497215271,-0.5787818431854248,-8.961428932252602e-08,0.3032373785972595,-0.14488142728805542,-0.030999988317489624,0.36324554681777954,0.16380900144577026,-0.03100014477968216
198,-0.905842125415802,1.5017629861831665,-2.15850567817688,2.540961980819702,2.0382728576660156,-0.11593034118413925,-0.7124024033546448,0.7310016751289368,-0.00709602190181613,-0.1429547518491745,0.2588452696800232,0.3465532660484314,0.3295028507709503,-0.29620054364204407,-0.14543844759464264,0.010270804166793823,2.606987476348877,0.544294536113739,0.7957046627998352,2.6545424461364746,3.7552623748779297,-0.9409082531929016,0.2486351728439331,0.7309378385543823,0.009522962383925915,0.09545291215181351,-0.2555292844772339,0.022097107023000717,0.05749577283859253,0.30604323744773865,-0.37430405616760254,0.06807422637939453,0.2965693771839142,-0.5347485542297363,0.6543104648590088,-0.7925151586532593,0.20549345016479492,0.5741881728172302,0.1176028773188591,-0.8723523616790771,0.4745216965675354,-0.6629081964492798,-0.48754215240478516,0.7179557085037231,0.34449201822280884,-0.3613363802433014,0.8664648532867432,-0.7709760665893555,-0.6355104446411133,0.04150441661477089,0.3332414925098419,0.009463310241699219,-0.031000036746263504,-0.5787824392318726,0.8154820203781128,-7.394522754111676e-07,-0.8154820203781128,-0.5787824392318726,3.8975474581093295e-07,0.30323755741119385,-0.144881933927536,-0.030999913811683655,0.36324542760849,0.16380855441093445,-0.031000159680843353
