step,next_obs_0,next_obs_1,next_obs_2,next_obs_3,next_obs_4,next_obs_5,next_obs_6,next_obs_7,next_obs_8,next_obs_9,next_obs_10,next_obs_11,next_obs_12,next_obs_13,next_obs_14,next_obs_15,next_obs_16,next_obs_17,next_obs_18,next_obs_19,next_obs_20,next_obs_21,next_obs_22,next_obs_23,next_obs_24,next_obs_25,next_obs_26,next_obs_27,next_obs_28,next_obs_29,next_obs_30,next_obs_31,next_obs_32,next_obs_33,next_obs_34,next_obs_35,next_obs_36,next_obs_37,next_obs_38,next_obs_39,next_obs_40,next_obs_41,next_obs_42,next_obs_43,next_obs_44,next_obs_45,next_obs_46,next_obs_47,next_obs_48,next_obs_49,next_obs_50,next_obs_51,next_obs_52,next_obs_53,next_obs_54,next_obs_55,next_obs_56,next_obs_57,next_obs_58,next_obs_59,next_obs_60,next_obs_61,next_obs_62,next_obs_63,next_obs_64
0,0.2638150751590729,-0.9962660670280457,0.05981330946087837,0.7578227519989014,0.17518818378448486,1.314144492149353,0.037450291216373444,0.7310445308685303,-0.46006372570991516,0.522825300693512,-0.5123911499977112,-0.041995592415332794,-0.2769384980201721,-0.41823410987854004,-0.35885360836982727,0.2230168581008911,0.056872665882110596,-0.8756020665168762,0.29288163781166077,0.4117162525653839,0.14410285651683807,1.1793992519378662,-0.44045355916023254,0.7306782603263855,-0.5006935000419617,0.5348840951919556,-0.45741820335388184,-0.4947480261325836,0.01608266681432724,-0.3974663019180298,0.1986304074525833,0.4226328730583191,0.29943060874938965,0.48485860228538513,0.30574148893356323,0.28705596923828125,-0.9479911923408508,-0.13751953840255737,0.3679272532463074,0.24166345596313477,-0.8979021906852722,0.26189589500427246,-0.2535589635372162,0.10221892595291138,0.597903311252594,-0.7929612398147583,0.11715023219585419,0.10840265452861786,-0.06481754779815674,-0.9919917583465576,0.3424355983734131,-0.015484653413295746,-0.031000100076198578,-0.02549457550048828,0.9996749758720398,1.6711237549316138e-06,-0.9996749758720398,-0.02549457550048828,5.51987909602758e-07,0.23143872618675232,-0.1268506646156311,-0.03100021928548813,0.45343244075775146,0.09588135778903961,-0.030999980866909027
1,0.2466215342283249,-0.9661804437637329,0.03072521649301052,0.7492491006851196,0.1560364067554474,1.2849421501159668,0.014820266515016556,0.7310233116149902,-0.25912660360336304,0.49668288230895996,-0.4404175877571106,-0.18044161796569824,-0.2765892744064331,-0.40206554532051086,-0.3171272575855255,0.05621570348739624,0.03305453062057495,-0.8450238704681396,0.2736450731754303,0.38402560353279114,0.16314975917339325,1.1502801179885864,-0.4223162531852722,0.730591893196106,-0.33988842368125916,0.4796075224876404,-0.26821190118789673,-0.4446426033973694,0.2606372535228729,-0.40061184763908386,0.2514607906341553,0.5265392065048218,0.3149707317352295,0.4692554771900177,0.2982863187789917,0.26722413301467896,-0.9541456699371338,-0.13489778339862823,0.3680436909198761,0.2304326295852661,-0.9008022546768188,0.25830721855163574,-0.25790640711784363,0.08546575903892517,0.548499345779419,-0.8329006433486938,0.07365430146455765,0.07433608919382095,-0.03916501998901367,-0.9964638352394104,0.3424355983734131,-0.015484651550650597,-0.031000100076198578,-0.025494813919067383,0.9996749758720398,1.2734315077977953e-06,-0.9996749758720398,-0.025494813919067383,4.730069917968649e-07,0.2314387559890747,-0.1268506944179535,-0.031000185757875443,0.45343244075775146,0.0958813801407814,-0.031000014394521713
2,0.233735129237175,-0.9362297058105469,0.0030015103984624147,0.7335824966430664,0.1331833153963089,1.2560189962387085,-0.00415341230109334,0.7310442328453064,-0.21100732684135437,0.5067142248153687,-0.43232467770576477,-0.29140257835388184,-0.33131569623947144,-0.39646196365356445,-0.26577523350715637,0.04398278892040253,0.008858072571456432,-0.8149302005767822,0.2506157457828522,0.35557249188423157,0.18099834024906158,1.1214863061904907,-0.40840086340904236,0.7305721044540405,-0.38034072518348694,0.48636987805366516,-0.3485945165157318,-0.477319598197937,0.23824746906757355,-0.3927628695964813,0.19313859939575195,0.5420962572097778,0.32768893241882324,0.45299282670021057,0.2859058082103729,0.2478620409965515,-0.9602918028831482,-0.12807893753051758,0.3612211048603058,0.21427661180496216,-0.9075268507003784,0.2537100315093994,-0.26279085874557495,0.06905081868171692,0.49500125646591187,-0.8683634996414185,0.030310366302728653,0.04180494323372841,-0.011041998863220215,-0.9990648031234741,0.3424355983734131,-0.01548465620726347,-0.031000100076198578,-0.025494694709777832,0.9996749758720398,1.661784381212783e-06,-0.9996749758720398,-0.025494694709777832,4.916654461339931e-07,0.2314387559890747,-0.1268506795167923,-0.031000223010778427,0.45343244075775146,0.09588136523962021,-0.03099997714161873
3,0.2206387221813202,-0.9062724113464355,-0.023768780753016472,0.7097892761230469,0.10606631636619568,1.2272289991378784,-0.021971317008137703,0.7310707569122314,-0.21754196286201477,0.5162675380706787,-0.4198130965232849,-0.4234713613986969,-0.3908109664916992,-0.3900274634361267,-0.24921409785747528,0.0283510684967041,-0.0130518339574337,-0.7846454977989197,0.22329561412334442,0.32629919052124023,0.1975398063659668,1.0930683612823486,-0.4061383605003357,0.730568528175354,-0.3386816084384918,0.48354214429855347,-0.4038138687610626,-0.48367658257484436,0.2227182537317276,-0.3872191905975342,0.030449125915765762,0.5408284068107605,0.33748936653137207,0.4348090887069702,0.26811689138412476,0.22766703367233276,-0.9667997360229492,-0.11604365706443787,0.3468303382396698,0.19187074899673462,-0.9180928468704224,0.24771428108215332,-0.26740458607673645,0.05281771719455719,0.44659197330474854,-0.8946421146392822,-0.01308375597000122,0.010388612747192383,0.019806742668151855,-0.9997498989105225,0.3424355983734131,-0.015484691597521305,-0.0310000479221344,-0.02549457550048828,0.999674916267395,1.4507440937450156e-06,-0.999674916267395,-0.02549457550048828,5.11670066316583e-07,0.2314387559890747,-0.12685070931911469,-0.031000148504972458,0.45343244075775146,0.09588131308555603,-0.03099994733929634
4,0.21234850585460663,-0.8757705092430115,-0.049815841019153595,0.6833407878875732,0.07729368656873703,1.1990195512771606,-0.036063410341739655,0.7310659885406494,-0.13715854287147522,0.5134740471839905,-0.39807406067848206,-0.4481545686721802,-0.4094691872596741,-0.3831211030483246,-0.19676584005355835,-0.06534169614315033,-0.030986923724412918,-0.75435870885849,0.19430461525917053,0.2969118654727936,0.21130342781543732,1.0657126903533936,-0.4169071912765503,0.7305864691734314,-0.275928258895874,0.48186957836151123,-0.4220356345176697,-0.4848300814628601,0.1845591813325882,-0.37160155177116394,-0.15177536010742188,0.5172160267829895,0.3441636562347412,0.41774627566337585,0.24795523285865784,0.2106892466545105,-0.972152829170227,-0.10261005163192749,0.32680341601371765,0.16897284984588623,-0.9298643469810486,0.24016118049621582,-0.27145057916641235,0.03694537281990051,0.40966665744781494,-0.9106483459472656,-0.0537860170006752,-0.019783945754170418,0.05007767677307129,-0.9985493421554565,0.3424355983734131,-0.015484659001231194,-0.031000100076198578,-0.025494694709777832,0.9996749758720398,1.645786483095435e-06,-0.9996749758720398,-0.025494694709777832,4.2965234570147004e-07,0.2314387559890747,-0.1268506795167923,-0.031000230461359024,0.45343244075775146,0.09588135778903961,-0.03099996969103813
5,0.2125946432352066,-0.845343291759491,-0.07361742854118347,0.6556417942047119,0.04839717596769333,1.1719205379486084,-0.03996271640062332,0.7310584187507629,-0.0004409926477819681,0.5142285823822021,-0.34967145323753357,-0.4688202440738678,-0.4083503484725952,-0.36600130796432495,-0.054386913776397705,0.023175295442342758,-0.048805687576532364,-0.7240810394287109,0.16489890217781067,0.2675870954990387,0.22344955801963806,1.0399506092071533,-0.4328843951225281,0.7305957674980164,-0.27608197927474976,0.4805436134338379,-0.4279313385486603,-0.48475590348243713,0.1599792093038559,-0.3497389853000641,-0.22473983466625214,0.5111538171768188,0.3474853038787842,0.4041861295700073,0.22656384110450745,0.1961483359336853,-0.9764090776443481,-0.09028414636850357,0.3019193708896637,0.14773738384246826,-0.9418165683746338,0.23105692863464355,-0.27533450722694397,0.021457701921463013,0.37508684396743774,-0.9223573803901672,-0.09255699068307877,-0.04931313544511795,0.07985162734985352,-0.9955862760543823,0.3424355983734131,-0.015484691597521305,-0.0310000479221344,-0.02549457550048828,0.999674916267395,1.4277450191002572e-06,-0.999674916267395,-0.02549457550048828,4.5543248461399344e-07,0.2314387559890747,-0.12685070931911469,-0.031000152230262756,0.45343244075775146,0.09588131308555603,-0.030999943614006042
6,0.21838532388210297,-0.8148809671401978,-0.0960591733455658,0.6268875598907471,0.019655263051390648,1.1462326049804688,-0.040445514023303986,0.7310524582862854,0.07754938304424286,0.5140823125839233,-0.33004510402679443,-0.48554378747940063,-0.4059120714664459,-0.3453511893749237,-0.0065977382473647594,0.020714668557047844,-0.06398839503526688,-0.6937964558601379,0.135336771607399,0.2384197860956192,0.2372743934392929,1.013974905014038,-0.45259058475494385,0.7305988073348999,-0.23131297528743744,0.4777710437774658,-0.4259971082210541,-0.47883597016334534,0.1848444640636444,-0.35311800241470337,-0.2767947018146515,0.5048645734786987,0.34792399406433105,0.39313095808029175,0.20420458912849426,0.1869691014289856,-0.9793035387992859,-0.07750562578439713,0.2728656232357025,0.12756359577178955,-0.9535574913024902,0.22105956077575684,-0.27748042345046997,0.006622128188610077,0.34280967712402344,-0.9302076101303101,-0.131130650639534,-0.07645914703607559,0.11149752140045166,-0.990818977355957,0.3424355983734131,-0.015484655275940895,-0.031000100076198578,-0.025494813919067383,0.9996749758720398,1.2985750572624966e-06,-0.9996749758720398,-0.025494813919067383,5.02423461057333e-07,0.2314387559890747,-0.1268506944179535,-0.031000182032585144,0.45343244075775146,0.0958813801407814,-0.03100001811981201
7,0.2292863428592682,-0.7843313813209534,-0.1209060400724411,0.5977334976196289,-0.008699202910065651,1.1199300289154053,-0.04847282916307449,0.7310272455215454,0.14796988666057587,0.511925458908081,-0.3671499192714691,-0.48861852288246155,-0.3999251425266266,-0.35436078906059265,-0.11213044822216034,-0.03464420139789581,-0.07406715303659439,-0.6635733842849731,0.10576315224170685,0.2096671164035797,0.2555058002471924,0.9870455861091614,-0.4747394919395447,0.7305966019630432,-0.15204469859600067,0.4744986891746521,-0.422199010848999,-0.469542920589447,0.24753355979919434,-0.3668816387653351,-0.31088921427726746,0.5061822533607483,0.3466145992279053,0.3838859796524048,0.18170779943466187,0.19055604934692383,-0.9795723557472229,-0.06423729658126831,0.24231964349746704,0.11034798622131348,-0.9639006853103638,0.21073079109191895,-0.2767968773841858,-0.00728181004524231,0.3126577138900757,-0.9344013333320618,-0.17070235311985016,-0.1001795083284378,0.14627158641815186,-0.9841588735580444,0.3424355983734131,-0.015484650619328022,-0.031000100076198578,-0.025494813919067383,0.9996749758720398,1.6595294027865748e-06,-0.9996749758720398,-0.025494813919067383,5.292174591886578e-07,0.2314387559890747,-0.1268506944179535,-0.03100021928548813,0.45343244075775146,0.0958813801407814,-0.030999980866909027
8,0.24470460414886475,-0.7537842988967896,-0.1454809010028839,0.5688725113868713,-0.03659018874168396,1.0929019451141357,-0.0648161917924881,0.7310119867324829,0.22189466655254364,0.5097449421882629,-0.35226085782051086,-0.4823783040046692,-0.3917939364910126,-0.36465123295783997,-0.22861936688423157,-0.01787034422159195,-0.08054850995540619,-0.6337372064590454,0.07636548578739166,0.18261007964611053,0.2778014540672302,0.9616386890411377,-0.4977073669433594,0.7305955290794373,-0.09952787309885025,0.46454349160194397,-0.41864636540412903,-0.43935948610305786,0.30502474308013916,-0.3465242087841034,-0.32218432426452637,0.492583304643631,0.34391283988952637,0.37678810954093933,0.15958738327026367,0.20892858505249023,-0.9766852855682373,-0.0493430495262146,0.21172979474067688,0.0944368839263916,-0.9727548956871033,0.20023226737976074,-0.27383655309677124,-0.019783668220043182,0.2821280360221863,-0.9358999729156494,-0.21093891561031342,-0.12113708257675171,0.18335938453674316,-0.9755538105964661,0.3424355983734131,-0.015484679490327835,-0.0310000479221344,-0.02549457550048828,0.999674916267395,1.4757935105080833e-06,-0.999674916267395,-0.02549457550048828,5.436758101495798e-07,0.2314387559890747,-0.1268506944179535,-0.03100014477968216,0.45343244075775146,0.09588132798671722,-0.03099995106458664
9,0.2651338279247284,-0.723323404788971,-0.16381122171878815,0.5401172637939453,-0.06513909250497818,1.065867304801941,-0.08435675501823425,0.7310309410095215,0.31355172395706177,0.5094930529594421,-0.24376839399337769,-0.4821307361125946,-0.3977694511413574,-0.36430397629737854,-0.27337220311164856,-0.04645562171936035,-0.08202385902404785,-0.6049719452857971,0.04733555391430855,0.15878377854824066,0.30265387892723083,0.9377450942993164,-0.5174157619476318,0.7306180000305176,-0.02446041628718376,0.44183221459388733,-0.4111274778842926,-0.3810202181339264,0.3420378565788269,-0.3276447057723999,-0.276414155960083,0.4638655185699463,0.33963561058044434,0.3726135194301605,0.13792216777801514,0.2422846555709839,-0.9697443246841431,-0.02990052103996277,0.1814468801021576,0.07556533813476562,-0.9804931879043579,0.1907055377960205,-0.2690255045890808,-0.03033129870891571,0.25028085708618164,-0.9355068206787109,-0.24937188625335693,-0.13778208196163177,0.2205318808555603,-0.9655990600585938,0.3424355983734131,-0.015484653413295746,-0.031000100076198578,-0.025494813919067383,0.9996749758720398,1.3446339153233566e-06,-0.9996749758720398,-0.025494813919067383,5.690501438948559e-07,0.2314387559890747,-0.1268506944179535,-0.031000182032585144,0.45343244075775146,0.0958813801407814,-0.03100001811981201
10,0.2889525294303894,-0.6928679347038269,-0.17977072298526764,0.5111990571022034,-0.09424538910388947,1.0418357849121094,-0.09752961248159409,0.7310432195663452,0.35560330748558044,0.5089937448501587,-0.21664562821388245,-0.4888099431991577,-0.4062459468841553,-0.3205052614212036,-0.1841886192560196,-0.06464975327253342,-0.09360674023628235,-0.5781805515289307,0.018474118784070015,0.14440502226352692,0.3245318531990051,0.9159523844718933,-0.5354204177856445,0.73067706823349,-0.18895800411701202,0.3898080885410309,-0.42032602429389954,-0.20423845946788788,0.3004843592643738,-0.3101053535938263,-0.2522731125354767,0.3974682092666626,0.33292078971862793,0.3697940409183502,0.11621615290641785,0.27713948488235474,-0.9607622623443604,-0.011384340934455395,0.14856484532356262,0.05455458164215088,-0.9873967170715332,0.1865675449371338,-0.2669900059700012,-0.03732377663254738,0.21035641431808472,-0.9363962411880493,-0.28091365098953247,-0.1417054533958435,0.2551034092903137,-0.956473708152771,0.3424355983734131,-0.015484661795198917,-0.031000100076198578,-0.025494694709777832,0.9996749758720398,1.7048590734702884e-06,-0.9996749758720398,-0.025494694709777832,5.965146669950627e-07,0.2314387559890747,-0.1268506944179535,-0.03100021556019783,0.45343244075775146,0.09588135778903961,-0.030999984592199326
11,0.3135920763015747,-0.6623615622520447,-0.19440288841724396,0.4820515513420105,-0.12319155782461166,1.0199164152145386,-0.10260240733623505,0.7310563921928406,0.36604517698287964,0.5071437954902649,-0.1987476944923401,-0.4916054904460907,-0.40406107902526855,-0.2907213568687439,-0.07082827389240265,-0.08459264039993286,-0.11552831530570984,-0.5543933510780334,-0.010784020647406578,0.13328056037425995,0.34652113914489746,0.900134801864624,-0.5544785261154175,0.7306612730026245,-0.33649247884750366,0.35626664757728577,-0.4269867241382599,-0.1841919720172882,0.30254513025283813,-0.22046107053756714,-0.2669279873371124,0.4145926535129547,0.3241841793060303,0.36731523275375366,0.09472492337226868,0.30822449922561646,-0.9513012170791626,0.004868150223046541,0.11414705216884613,0.03190267086029053,-0.992951512336731,0.18378710746765137,-0.2665373682975769,-0.042532820254564285,0.16130882501602173,-0.9363479018211365,-0.3118205666542053,-0.13979142904281616,0.2910943031311035,-0.9464261531829834,0.3424355983734131,-0.015484685078263283,-0.0310000479221344,-0.025494813919067383,0.9996749758720398,1.3654311032951227e-06,-0.9996749758720398,-0.025494813919067383,2.751280305801629e-07,0.2314387559890747,-0.12685072422027588,-0.03100016340613365,0.45343244075775146,0.09588135033845901,-0.030999932438135147
12,0.3385915160179138,-0.6318239569664001,-0.2036316841840744,0.45269593596458435,-0.15219251811504364,0.9965435862541199,-0.10083135962486267,0.7310893535614014,0.38420504331588745,0.504643440246582,-0.11150947958230972,-0.4904095232486725,-0.40281546115875244,-0.3125828504562378,0.0249039176851511,-0.13404227793216705,-0.14095520973205566,-0.5320177674293518,-0.039974454790353775,0.12634819746017456,0.3700610101222992,0.888767659664154,-0.5731895565986633,0.7306663990020752,-0.38185763359069824,0.3277396261692047,-0.4244811236858368,-0.10583192110061646,0.32536590099334717,-0.16213065385818481,-0.26206937432289124,0.40912342071533203,0.3148162364959717,0.36568665504455566,0.074190154671669,0.33929020166397095,-0.9404134750366211,0.022465916350483894,0.08279529958963394,0.006064653396606445,-0.9965481758117676,0.18288683891296387,-0.2663164734840393,-0.045973941683769226,0.1079937219619751,-0.9333499670028687,-0.34233787655830383,-0.13194385170936584,0.3278491497039795,-0.9354708790779114,0.3424355983734131,-0.015484643168747425,-0.031000100076198578,-0.025494813919067383,0.9996749758720398,1.367304662380775e-06,-0.9996749758720398,-0.025494813919067383,6.585344749510114e-07,0.2314387559890747,-0.1268506795167923,-0.031000174582004547,0.45343244075775146,0.095881387591362,-0.03100002557039261
13,0.3647322654724121,-0.6012994647026062,-0.20109039545059204,0.42344850301742554,-0.18126116693019867,0.9712218046188354,-0.09381026774644852,0.7311578989028931,0.42364081740379333,0.5023597478866577,0.07222238183021545,-0.48552030324935913,-0.4002664387226105,-0.3415038585662842,0.09826964139938354,-0.23568157851696014,-0.16872766613960266,-0.5072592496871948,-0.06917497515678406,0.11838843673467636,0.39355185627937317,0.8801618218421936,-0.5948430895805359,0.7306399941444397,-0.4125469923019409,0.3832298219203949,-0.42310938239097595,-0.15357670187950134,0.3233957886695862,-0.11663006246089935,-0.30326053500175476,0.4416058659553528,0.3053395748138428,0.365972101688385,0.0551166832447052,0.3773047924041748,-0.9249804615974426,0.04530209302902222,0.05732762813568115,-0.025495529174804688,-0.9980298280715942,0.1801469326019287,-0.2660215497016907,-0.04984715208411217,0.05338931083679199,-0.9261227250099182,-0.37342530488967896,-0.1253536492586136,0.3647845983505249,-0.9226151704788208,0.3424355983734131,-0.015484661795198917,-0.031000100076198578,-0.025494694709777832,0.999674916267395,1.4364561593538383e-06,-0.999674916267395,-0.025494694709777832,-1.7265620044781826e-09,0.2314387559890747,-0.1268506795167923,-0.031000256538391113,0.45343244075775146,0.09588135033845901,-0.030999943614006042
14,0.39122846722602844,-0.5707317590713501,-0.1901780515909195,0.3949733078479767,-0.21050265431404114,0.9448785185813904,-0.08095525205135345,0.731203019618988,0.4262325167655945,0.4984772205352783,0.1870644986629486,-0.4706752896308899,-0.40217313170433044,-0.35667744278907776,0.17983455955982208,-0.29677003622055054,-0.19757139682769775,-0.4802865982055664,-0.0982116162776947,0.10809584707021713,0.41816937923431396,0.8763722777366638,-0.6200745701789856,0.7306037545204163,-0.4243476986885071,0.4158038794994354,-0.41947922110557556,-0.1918262541294098,0.3392049968242645,-0.04768862947821617,-0.3533937335014343,0.48461318016052246,0.2959272861480713,0.3671945333480835,0.03751441836357117,0.41822201013565063,-0.9055624008178711,0.07104302197694778,0.03778306022286415,-0.060801029205322266,-0.9974346160888672,0.17436575889587402,-0.26419055461883545,-0.054109107702970505,-0.001782059669494629,-0.9134606122970581,-0.40692323446273804,-0.12218739092350006,0.4040737748146057,-0.906528890132904,0.3424355983734131,-0.015484695322811604,-0.0310000479221344,-0.02549457550048828,0.999674916267395,1.3792389381706016e-06,-0.999674916267395,-0.02549457550048828,3.391901941540709e-07,0.2314387559890747,-0.12685070931911469,-0.031000159680843353,0.45343244075775146,0.09588130563497543,-0.030999936163425446
15,0.41814714670181274,-0.5402186512947083,-0.17347992956638336,0.3676697909832001,-0.23983491957187653,0.9205149412155151,-0.06530936807394028,0.7312337160110474,0.4345501959323883,0.4957098066806793,0.2688181400299072,-0.4537009000778198,-0.4055425822734833,-0.3290972411632538,0.21865397691726685,-0.04225664958357811,-0.22718487679958344,-0.45263031125068665,-0.12741683423519135,0.09601382911205292,0.4412997364997864,0.8802646398544312,-0.6470266580581665,0.7305649518966675,-0.43243610858917236,0.4255584180355072,-0.4207022190093994,-0.22240819036960602,0.31826430559158325,0.06155304238200188,-0.37756773829460144,0.5307570099830627,0.285869836807251,0.36859700083732605,0.021180957555770874,0.46248114109039307,-0.8812224864959717,0.0977662056684494,0.02192905731499195,-0.09886479377746582,-0.9948592782020569,0.16543078422546387,-0.2602223753929138,-0.05797060206532478,-0.05675971508026123,-0.8949365615844727,-0.4425686001777649,-0.12298820912837982,0.4461745023727417,-0.8864548802375793,0.3424355983734131,-0.015484658069908619,-0.031000100076198578,-0.025494813919067383,0.9996749758720398,1.3996375400893157e-06,-0.9996749758720398,-0.025494813919067383,7.285782999133517e-07,0.2314387559890747,-0.1268506944179535,-0.03100017085671425,0.45343244075775146,0.0958813726902008,-0.031000029295682907
16,0.44590577483177185,-0.5099085569381714,-0.15831245481967926,0.34228572249412537,-0.2689509093761444,0.9133187532424927,-0.05559646710753441,0.7312185168266296,0.4287266433238983,0.4975830018520355,0.23381252586841583,-0.441633939743042,-0.40542617440223694,-0.08259511739015579,0.13555654883384705,-0.03465009853243828,-0.2570693790912628,-0.4251086413860321,-0.15668824315071106,0.08147650957107544,0.45462310314178467,0.8827511668205261,-0.6732792854309082,0.730607271194458,-0.4372510612010956,0.42150646448135376,-0.4210739731788635,-0.2555622160434723,0.18078157305717468,0.040551912039518356,-0.36779293417930603,0.4804665744304657,0.2705543041229248,0.36665645241737366,0.005338892340660095,0.5118095874786377,-0.8506470322608948,0.12021049857139587,-0.004616052843630314,-0.14264726638793945,-0.9897629022598267,0.15471434593200684,-0.2568921744823456,-0.062283001840114594,-0.10656237602233887,-0.8752386569976807,-0.4718068242073059,-0.12480306625366211,0.48252975940704346,-0.8669424653053284,0.3424355983734131,-0.015484653413295746,-0.031000100076198578,-0.025494694709777832,0.9996749758720398,1.6091127008621697e-06,-0.9996749758720398,-0.025494694709777832,4.1054568100662436e-07,0.2314387559890747,-0.1268506795167923,-0.031000226736068726,0.45343244075775146,0.09588136523962021,-0.03099997341632843
17,0.4735911786556244,-0.479611337184906,-0.14043553173542023,0.33247655630111694,-0.29748064279556274,0.9331902265548706,-0.04151646047830582,0.7312775254249573,0.43074703216552734,0.46098417043685913,0.2787759006023407,-0.15459692478179932,-0.3956948220729828,0.2832459509372711,0.1966649889945984,-0.04477294906973839,-0.2873483896255493,-0.3987037241458893,-0.1853705495595932,0.06720980256795883,0.4558713734149933,0.9027984142303467,-0.6993763446807861,0.7305630445480347,-0.4325953423976898,0.40916311740875244,-0.40881338715553284,-0.2651258707046509,0.01012812927365303,0.2917688190937042,-0.365960955619812,0.5366246700286865,0.2547147274017334,0.3609512448310852,-0.004726111888885498,0.5560481548309326,-0.8185649514198303,0.14409023523330688,-0.03539011627435684,-0.19652318954467773,-0.9798604249954224,0.13845610618591309,-0.24999307096004486,-0.06447234749794006,-0.14867782592773438,-0.8507429957389832,-0.5041144490242004,-0.1399260312318802,0.5227499008178711,-0.840924084186554,0.3424355983734131,-0.01548469066619873,-0.0310000479221344,-0.02549457550048828,0.999674916267395,1.4246061255107634e-06,-0.999674916267395,-0.02549457550048828,4.1637554204498883e-07,0.2314387559890747,-0.1268506944179535,-0.031000155955553055,0.45343244075775146,0.09588131308555603,-0.030999939888715744
18,0.4982495605945587,-0.46091964840888977,-0.11963096261024475,0.3297278881072998,-0.3255346119403839,0.9609448313713074,-0.01973872072994709,0.7313317060470581,0.3806320130825043,0.2625747621059418,0.3155532777309418,-0.03839190676808357,-0.3878021240234375,0.38876256346702576,0.30457431077957153,-0.052274785935878754,-0.3147205412387848,-0.37296801805496216,-0.21062128245830536,0.05904059857130051,0.45710891485214233,0.9288390874862671,-0.7256139516830444,0.7307904958724976,-0.4409463405609131,0.4042128920555115,-0.18075218796730042,0.15456387400627136,0.012778598815202713,0.5045956373214722,-0.32003387808799744,0.44813770055770874,0.2439420223236084,0.3546891212463379,-0.008377611637115479,0.5897798538208008,-0.7889454364776611,0.17240910232067108,-0.05074123293161392,-0.2492738962173462,-0.9671028256416321,0.12477850914001465,-0.24163629114627838,-0.06375265121459961,-0.18351459503173828,-0.8236480951309204,-0.536587655544281,-0.15228353440761566,0.5630884170532227,-0.8122445344924927,0.3424355983734131,-0.015484659932553768,-0.031000100076198578,-0.025494933128356934,0.9996749758720398,1.2811829037673306e-06,-0.9996749758720398,-0.025494933128356934,4.576661751798383e-07,0.2314387857913971,-0.12685070931911469,-0.031000185757875443,0.4534324109554291,0.095881387591362,-0.031000014394521713
19,0.519368052482605,-0.45880478620529175,-0.09349210560321808,0.32359588146209717,-0.3542907238006592,0.9903678297996521,0.007184893358498812,0.7313949465751648,0.33326107263565063,0.016161508858203888,0.3907778263092041,-0.0998077467083931,-0.40006282925605774,0.4140893518924713,0.3766186833381653,-0.02471761964261532,-0.3405951261520386,-0.3513835072517395,-0.23572739958763123,0.05964464321732521,0.45306238532066345,0.9555643796920776,-0.7514631748199463,0.7305763363838196,-0.5010585784912109,0.25543901324272156,-0.47932717204093933,-0.3434232771396637,-0.06199211627244949,0.3387696146965027,-0.3639179468154907,0.5871806740760803,0.2365257740020752,0.34825611114501953,-0.008071854710578918,0.6174291968345642,-0.7589664459228516,0.2067633867263794,-0.04942700266838074,-0.29976022243499756,-0.9527332186698914,0.11680340766906738,-0.23615708947181702,-0.06084972620010376,-0.20804834365844727,-0.7986718416213989,-0.5646585822105408,-0.1554938405752182,0.5969551801681519,-0.7870618104934692,0.3424355983734131,-0.015484695322811604,-0.0310000479221344,-0.02549457550048828,0.999674916267395,1.3876202729079523e-06,-0.999674916267395,-0.02549457550048828,3.4542011917437776e-07,0.2314387559890747,-0.12685070931911469,-0.031000159680843353,0.45343244075775146,0.09588130563497543,-0.030999936163425446
20,0.5232940316200256,-0.46244508028030396,-0.07193796336650848,0.3222495913505554,-0.3828789293766022,1.0195789337158203,0.03438477963209152,0.7313278317451477,0.029508475214242935,-0.07200920581817627,0.29214566946029663,-0.003590561682358384,-0.400078147649765,0.4098299741744995,0.3811139464378357,-0.04192916303873062,-0.3709025979042053,-0.3332834541797638,-0.2654159367084503,0.03823220729827881,0.4580802619457245,0.979319155216217,-0.7797667384147644,0.7304686903953552,-0.42447569966316223,0.2867904007434845,-0.4203464090824127,-0.3646872639656067,0.06430120766162872,0.3421696126461029,-0.3978589177131653,0.6619197726249695,0.2341935634613037,0.33868399262428284,-0.004480525851249695,0.6252533197402954,-0.7418151497840881,0.24242249131202698,-0.042672429233789444,-0.34266209602355957,-0.9384891390800476,0.10314297676086426,-0.2226591557264328,-0.058330170810222626,-0.24881815910339355,-0.7598103880882263,-0.6006479263305664,-0.15370994806289673,0.6432694792747498,-0.7500517964363098,0.3424355983734131,-0.015484655275940895,-0.031000100076198578,-0.025494813919067383,0.9996749758720398,1.4072728617975372e-06,-0.9996749758720398,-0.025494813919067383,7.416790026582021e-07,0.2314387559890747,-0.1268506944179535,-0.03100016713142395,0.45343244075775146,0.0958813801407814,-0.031000033020973206
21,0.5257071852684021,-0.4470304250717163,-0.051626645028591156,0.31004413962364197,-0.411702424287796,1.0479310750961304,0.06250246614217758,0.7312902808189392,0.048723116517066956,0.3323324918746948,0.29086175560951233,-0.29993605613708496,-0.3977551758289337,0.4226545989513397,0.3937245309352875,-0.031174741685390472,-0.40052855014801025,-0.31830471754074097,-0.2959100604057312,0.028257794678211212,0.4641081690788269,0.9933201670646667,-0.8507155776023865,0.7306317687034607,-0.4516941010951996,0.13706474006175995,-0.448474258184433,-0.07461312413215637,0.11711259931325912,0.16150732338428497,-1.2370964288711548,0.47449055314064026,0.22308897972106934,0.32329025864601135,-0.007055401802062988,0.636672854423523,-0.7211467027664185,0.2731211483478546,-0.05774391442537308,-0.3977714776992798,-0.9156655669212341,0.10005640983581543,-0.21540609002113342,-0.05538477003574371,-0.2400801181793213,-0.730061948299408,-0.6398211121559143,-0.13134454190731049,0.6774661540985107,-0.7237321734428406,0.3424355983734131,-0.01548465434461832,-0.031000100076198578,-0.025494813919067383,0.9996749758720398,1.6143592347361846e-06,-0.9996749758720398,-0.025494813919067383,4.217623086333333e-07,0.2314387559890747,-0.1268506944179535,-0.031000226736068726,0.45343244075775146,0.0958813801407814,-0.03099997341632843
22,0.5369783043861389,-0.43059104681015015,-0.027505410835146904,0.2952421307563782,-0.4405677318572998,1.0776865482330322,0.09023046493530273,0.7313907742500305,0.20087048411369324,0.25480902194976807,0.3634675145149231,-0.23606610298156738,-0.39809513092041016,0.4202689826488495,0.3884282410144806,-0.05658399686217308,-0.43098127841949463,-0.3095604479312897,-0.3276030719280243,0.0233562421053648,0.4630601406097412,1.007055401802063,-0.9503298997879028,0.730678141117096,-0.45241186022758484,0.1267068088054657,-0.4536498188972473,-0.08534928411245346,-0.024006526917219162,0.1857915222644806,-1.4630366563796997,0.42122089862823486,0.21159052848815918,0.3085528314113617,-0.008700326085090637,0.6578742265701294,-0.6885785460472107,0.3050593137741089,-0.06665591895580292,-0.4567021131515503,-0.8871191740036011,0.10084652900695801,-0.21171467006206512,-0.051942501217126846,-0.19251835346221924,-0.7073942422866821,-0.6800956130027771,-0.10205373167991638,0.7037354707717896,-0.7030941843986511,0.3424355983734131,-0.015484691597521305,-0.0310000479221344,-0.02549457550048828,0.999674916267395,1.4180379821482347e-06,-0.999674916267395,-0.02549457550048828,4.289594244255568e-07,0.2314387559890747,-0.12685070931911469,-0.031000152230262756,0.45343244075775146,0.09588131308555603,-0.030999943614006042
23,0.5367395281791687,-0.4164103865623474,0.001014233916066587,0.27060937881469727,-0.46926435828208923,1.1070986986160278,0.11795664578676224,0.7313590049743652,-0.014487996697425842,0.258312851190567,0.3952593207359314,-0.4483802914619446,-0.39884015917778015,0.43440893292427063,0.3884012997150421,-0.040338821709156036,-0.4619291424751282,-0.3038399815559387,-0.35903456807136536,0.012977437116205692,0.4699409604072571,1.0221041440963745,-1.0463377237319946,0.7306276559829712,-0.455497682094574,0.07892582565546036,-0.45499831438064575,-0.1745789647102356,0.10254057496786118,0.21842940151691437,-1.3659712076187134,0.46504315733909607,0.19739794731140137,0.28896886110305786,-0.010324642062187195,0.6754313707351685,-0.6560174226760864,0.33679908514022827,-0.07876038551330566,-0.5182877779006958,-0.851571798324585,0.10271239280700684,-0.2049582302570343,-0.047444894909858704,-0.15057146549224854,-0.6785241961479187,-0.7189806699752808,-0.06534449011087418,0.7325125932693481,-0.6776100993156433,0.3424355983734131,-0.015484665520489216,-0.031000100076198578,-0.025494813919067383,0.9996749758720398,1.2846326171711553e-06,-0.9996749758720398,-0.025494813919067383,4.7127616653597215e-07,0.2314387559890747,-0.12685070931911469,-0.031000185757875443,0.45343244075775146,0.09588136523962021,-0.031000014394521713
24,0.5268162488937378,-0.39955857396125793,0.029292229562997818,0.24172057211399078,-0.49719953536987305,1.1367616653442383,0.14018626511096954,0.7313229441642761,-0.15580108761787415,0.2906077206134796,0.3896941542625427,-0.4894830286502838,-0.3910636305809021,0.43500834703445435,0.3110210597515106,0.027908625081181526,-0.49324333667755127,-0.29221898317337036,-0.3905673027038574,0.006267254706472158,0.48675093054771423,1.035917043685913,-1.0967711210250854,0.730688750743866,-0.43112003803253174,0.16350296139717102,-0.5103981494903564,-0.12248967587947845,0.21316900849342346,0.26318925619125366,-0.8847232460975647,0.5878123641014099,0.18111395835876465,0.2655613422393799,-0.01107712835073471,0.692547082901001,-0.6231591701507568,0.36338841915130615,-0.0971742570400238,-0.5797441005706787,-0.8089832067489624,0.1084897518157959,-0.198953777551651,-0.04236346483230591,-0.15804874897003174,-0.6443536877632141,-0.7482171058654785,-0.018113495782017708,0.7595053911209106,-0.6502487659454346,0.3424355983734131,-0.01548465434461832,-0.031000100076198578,-0.025494694709777832,0.9996749758720398,1.665057197897113e-06,-0.9996749758720398,-0.025494694709777832,5.035393542129896e-07,0.2314387559890747,-0.1268506795167923,-0.031000223010778427,0.45343244075775146,0.09588136523962021,-0.03099997714161873
25,0.5152475833892822,-0.3769715428352356,0.05692722275853157,0.21186533570289612,-0.5238966941833496,1.1665148735046387,0.14384013414382935,0.7313043475151062,-0.17085278034210205,0.3817805051803589,0.38463839888572693,-0.5069902539253235,-0.3722681999206543,0.43576890230178833,0.05097433924674988,0.02812127396464348,-0.5246310830116272,-0.27668872475624084,-0.42204946279525757,0.0018227887339890003,0.506449818611145,1.0415922403335571,-1.1262177228927612,0.7308403849601746,-0.42473432421684265,0.20177215337753296,-0.5238502025604248,-0.11744961887598038,0.25385570526123047,0.1457427591085434,-0.7735345959663391,0.3870684504508972,0.16359162330627441,0.24088086187839508,-0.010307848453521729,0.7234481573104858,-0.5791755318641663,0.3757372796535492,-0.11810317635536194,-0.6400506496429443,-0.7592012286186218,0.11677384376525879,-0.19642630219459534,-0.03884165734052658,-0.18628370761871338,-0.6121782660484314,-0.7684636116027832,0.035883549600839615,0.7773932814598083,-0.6279905438423157,0.3424355983734131,-0.01548469066619873,-0.0310000479221344,-0.02549457550048828,0.999674916267395,1.4667382401967188e-06,-0.999674916267395,-0.02549457550048828,5.237540108282701e-07,0.2314387559890747,-0.1268506944179535,-0.031000148504972458,0.45343244075775146,0.09588131308555603,-0.03099994733929634
26,0.506651759147644,-0.35117900371551514,0.08283589035272598,0.18162749707698822,-0.5451135039329529,1.1962952613830566,0.1265396773815155,0.7312600612640381,-0.12593284249305725,0.42081359028816223,0.36157336831092834,-0.5078882575035095,-0.2927863299846649,0.43440383672714233,-0.2418144941329956,-0.029963193461298943,-0.5551016330718994,-0.26004618406295776,-0.4527823030948639,0.0006803817814216018,0.5241015553474426,1.0413457155227661,-1.1407734155654907,0.7309960126876831,-0.4501141905784607,0.243554025888443,-0.4209696054458618,0.014043979346752167,0.19310154020786285,0.0928456038236618,-0.3202037215232849,0.3101521134376526,0.14489436149597168,0.2170197069644928,-0.007806554436683655,0.7673788070678711,-0.5259920358657837,0.3666907250881195,-0.13996393978595734,-0.695508599281311,-0.7047537565231323,0.12610554695129395,-0.19801051914691925,-0.03696691617369652,-0.22455263137817383,-0.5832118988037109,-0.7806664109230042,0.09096124023199081,0.7850826978683472,-0.6126754879951477,0.3424355983734131,-0.015484658069908619,-0.031000100076198578,-0.02549457550048828,0.9996749758720398,1.3212139720053528e-06,-0.9996749758720398,-0.02549457550048828,5.50662718978856e-07,0.23143872618675232,-0.1268506795167923,-0.031000182032585144,0.45343244075775146,0.09588135033845901,-0.03100001811981201
27,0.5010697841644287,-0.32957205176353455,0.10778048634529114,0.15119124948978424,-0.5483376979827881,1.2259762287139893,0.10428271442651749,0.7311414480209351,-0.08259359002113342,0.3437587320804596,0.34779223799705505,-0.5021994709968567,-0.04007557034492493,0.431177020072937,-0.31130820512771606,-0.018574830144643784,-0.5843325257301331,-0.24639728665351868,-0.4837889075279236,-0.0014407767448574305,0.5360280871391296,1.0402880907058716,-1.1641634702682495,0.7310054898262024,-0.45716530084609985,0.20377089083194733,-0.39159300923347473,0.02142515778541565,0.10865098237991333,0.08424369245767593,-0.36518484354019165,0.3060491383075714,0.12359118461608887,0.19676712155342102,-0.0041300952434539795,0.805150032043457,-0.4845083951950073,0.3420306444168091,-0.16740261018276215,-0.7389236688613892,-0.6526623964309692,0.13425850868225098,-0.2006376087665558,-0.03559490293264389,-0.24772238731384277,-0.5584756135940552,-0.791668176651001,0.142521932721138,0.7872409820556641,-0.599949300289154,0.3424355983734131,-0.015484659001231194,-0.031000100076198578,-0.025494813919067383,0.9996749758720398,1.6891681298147887e-06,-0.9996749758720398,-0.025494813919067383,5.915683232160518e-07,0.2314387559890747,-0.1268506944179535,-0.03100021556019783,0.45343244075775146,0.0958813726902008,-0.030999984592199326
28,0.4872855246067047,-0.31879696249961853,0.13440461456775665,0.12059947103261948,-0.5463510155677795,1.2553985118865967,0.08568321168422699,0.731066107749939,-0.2139175683259964,0.16753420233726501,0.3658539354801178,-0.4906817674636841,0.029910674318671227,0.4272030293941498,-0.25990030169487,-0.006049714051187038,-0.6011969447135925,-0.232690691947937,-0.5082775950431824,-0.0011034022318199277,0.5447256565093994,1.03448486328125,-1.191453218460083,0.7310029864311218,-0.7492779493331909,0.15800616145133972,-0.055095285177230835,-0.0643148422241211,0.1249011754989624,0.08025819808244705,-0.8533185720443726,0.29530462622642517,0.10341000556945801,0.1778092086315155,0.0018130093812942505,0.8300614356994629,-0.45731550455093384,0.3191559910774231,-0.1941557377576828,-0.773479700088501,-0.6033511161804199,0.13966584205627441,-0.2044026255607605,-0.03605559840798378,-0.2551121711730957,-0.5468692183494568,-0.7974031567573547,0.1778404861688614,0.7840835452079773,-0.5946307182312012,0.3424355983734131,-0.015484651550650597,-0.031000100076198578,-0.025494813919067383,0.9996749758720398,1.289743636334606e-06,-0.9996749758720398,-0.025494813919067383,5.012585688746185e-07,0.2314387559890747,-0.1268506944179535,-0.031000182032585144,0.45343244075775146,0.0958813801407814,-0.03100001811981201
29,0.466472327709198,-0.30238431692123413,0.159622922539711,0.09704192727804184,-0.5587043166160583,1.2775810956954956,0.08229029178619385,0.7312335968017578,-0.19126659631729126,0.16965067386627197,0.39479920268058777,-0.17422756552696228,-0.2289506047964096,0.20249508321285248,0.04034300148487091,0.01944865472614765,-0.6191014051437378,-0.22206644713878632,-0.5339874625205994,-0.003215106436982751,0.55837082862854,1.0244429111480713,-1.2168476581573486,0.7311080694198608,-0.5408770442008972,0.1838476061820984,0.06009677052497864,0.07684587687253952,0.17506998777389526,0.05466143786907196,-0.07326752692461014,0.1170942559838295,0.08987545967102051,0.15983355045318604,0.008938267827033997,0.8468537926673889,-0.43298235535621643,0.3088121712207794,-0.20925486087799072,-0.8051060438156128,-0.5549924373626709,0.1466386318206787,-0.20937539637088776,-0.03713229298591614,-0.266947865486145,-0.5353505611419678,-0.8013356328010559,0.2197861224412918,0.775777280330658,-0.5914927124977112,0.3424355983734131,-0.015484655275940895,-0.031000100076198578,-0.025494694709777832,0.9996749758720398,1.662585646045045e-06,-0.9996749758720398,-0.025494694709777832,5.167869403521763e-07,0.2314387559890747,-0.1268506795167923,-0.031000223010778427,0.45343244075775146,0.09588136523962021,-0.03099997714161873
30,0.4512144923210144,-0.2842468321323395,0.17619271576404572,0.08567387610673904,-0.5795081257820129,1.291568636894226,0.08377517014741898,0.7311536073684692,-0.2334960550069809,0.2986575961112976,0.2373233139514923,-0.21785713732242584,-0.30669787526130676,0.25849175453186035,-0.020840995013713837,-0.021859342232346535,-0.6336421370506287,-0.211445614695549,-0.5571059584617615,-0.0028311414644122124,0.5722994208335876,1.01763916015625,-1.2334190607070923,0.7311562895774841,-0.5956223011016846,0.18532541394233704,0.2390502393245697,0.12567205727100372,0.18121939897537231,0.10842005163431168,0.05316184088587761,0.06153721734881401,0.08509278297424316,0.14724335074424744,0.015167951583862305,0.8605559468269348,-0.4081980288028717,0.3046601712703705,-0.2096458077430725,-0.8289686441421509,-0.5185167789459229,0.15312981605529785,-0.21459625661373138,-0.03774607554078102,-0.28295814990997314,-0.5223008990287781,-0.8044479489326477,0.25708627700805664,0.7667323350906372,-0.5882415771484375,0.3424355983734131,-0.015484683215618134,-0.0310000479221344,-0.02549457550048828,0.999674916267395,1.474773057452694e-06,-0.999674916267395,-0.02549457550048828,5.388715749177209e-07,0.2314387559890747,-0.1268506944179535,-0.03100014477968216,0.45343244075775146,0.09588132053613663,-0.03099995106458664
31,0.42960792779922485,-0.2606803774833679,0.1808498501777649,0.06505285203456879,-0.5936722159385681,1.3099699020385742,0.07709307968616486,0.7307823300361633,-0.4946637749671936,0.46360424160957336,-0.021478474140167236,-0.5572180151939392,-0.09715213626623154,0.35843324661254883,-0.18471242487430573,0.2915123403072357,-0.6488310694694519,-0.20319458842277527,-0.5811288952827454,-0.0031393796671181917,0.5841435790061951,1.012103796005249,-1.2541348934173584,0.7311304807662964,-0.5307602286338806,0.15402106940746307,0.01219227910041809,0.12617023289203644,0.05177336186170578,0.11838199943304062,-0.14250589907169342,0.08221352845430374,0.06875205039978027,0.13091635704040527,0.02223767340183258,0.8722925186157227,-0.40068480372428894,0.2802809774875641,-0.23810267448425293,-0.8486948013305664,-0.4722543954849243,0.1593492031097412,-0.22001194953918457,-0.038078032433986664,-0.2932579517364502,-0.5109467506408691,-0.8080428838729858,0.2941085994243622,0.7559996247291565,-0.5847774744033813,0.3424355983734131,-0.015484658069908619,-0.031000100076198578,-0.025494813919067383,0.9996749758720398,1.3527636610888294e-06,-0.9996749758720398,-0.025494813919067383,5.576332569035003e-07,0.2314387559890747,-0.1268506944179535,-0.031000182032585144,0.45343244075775146,0.0958813726902008,-0.03100001811981201
32,0.4058596193790436,-0.23976656794548035,0.1745670884847641,0.05677279829978943,-0.6074844598770142,1.3200352191925049,0.06398148834705353,0.7302880883216858,-0.36081230640411377,0.26416024565696716,-0.08205819129943848,0.02973700687289238,-0.37545719742774963,-0.13000312447547913,0.976801872253418,0.33223938941955566,-0.6659494638442993,-0.19427655637264252,-0.6066785454750061,-0.001547127729281783,0.5895070433616638,1.0120571851730347,-1.2905895709991455,0.7310954928398132,-0.4758305847644806,0.14831304550170898,-0.1967346966266632,0.11185480654239655,-0.13867884874343872,0.11533001810312271,-1.2014094591140747,0.3730992078781128,0.05686783790588379,0.12102027237415314,0.02663455903530121,0.8776229619979858,-0.40649184584617615,0.2540518641471863,-0.26749882102012634,-0.8551033735275269,-0.4441199004650116,0.16435980796813965,-0.22528046369552612,-0.03754212707281113,-0.2867622375488281,-0.505409300327301,-0.8138357996940613,0.3282223641872406,0.7462666034698486,-0.5790994763374329,0.3424355983734131,-0.01548466645181179,-0.031000100076198578,-0.025494694709777832,0.9996749758720398,1.7024551652866649e-06,-0.9996749758720398,-0.025494694709777832,5.920243211221532e-07,0.2314387559890747,-0.1268506944179535,-0.03100021556019783,0.45343244075775146,0.09588135033845901,-0.030999984592199326
33,0.3817232847213745,-0.21958866715431213,0.15198446810245514,0.051851194351911545,-0.6320486068725586,1.3142446279525757,0.04690338671207428,0.7300339937210083,-0.4313814640045166,0.30247762799263,-0.3235691487789154,-0.07345038652420044,-0.653477668762207,-0.07552362978458405,-2.023651361465454,0.4252142906188965,-0.6859430074691772,-0.1819850355386734,-0.6333983540534973,0.002314148470759392,0.6058523654937744,1.0025264024734497,-1.3460043668746948,0.7311723828315735,-0.40506473183631897,0.16836631298065186,-0.38527655601501465,0.16321805119514465,-0.10859337449073792,0.11605988442897797,-0.46522197127342224,-0.17322532832622528,0.04826617240905762,0.1142730787396431,0.026339136064052582,0.8799962401390076,-0.41846925020217896,0.22470006346702576,-0.2945791780948639,-0.8519347906112671,-0.43293219804763794,0.17140841484069824,-0.2358616590499878,-0.039314597845077515,-0.2751709222793579,-0.5110285878181458,-0.8143284320831299,0.3718831539154053,0.7245140671730042,-0.580329418182373,0.3424355983734131,-0.015484689734876156,-0.0310000479221344,-0.025494813919067383,0.9996749758720398,1.359812927148596e-06,-0.9996749758720398,-0.025494813919067383,2.731354413754161e-07,0.2314387559890747,-0.12685072422027588,-0.03100016340613365,0.45343244075775146,0.09588134288787842,-0.030999932438135147
34,0.3557578921318054,-0.19915421307086945,0.1329386830329895,0.04353714734315872,-0.6489368677139282,1.3016284704208374,0.03478016331791878,0.7298673391342163,-0.3878476023674011,0.2539501488208771,-0.275045782327652,-0.03224316984415054,-0.5493835806846619,-0.17811302840709686,-1.3846521377563477,0.489786297082901,-0.7095924019813538,-0.17985674738883972,-0.6603728532791138,0.0038915486074984074,0.6128057837486267,1.0034843683242798,-1.361355185508728,0.7310805320739746,-0.4049038887023926,0.030872222036123276,-0.37606650590896606,0.10129185020923615,-0.10950750857591629,0.17315642535686493,-0.2497609555721283,0.03480426222085953,0.036612749099731445,0.10927519202232361,0.02400900423526764,0.8775141835212708,-0.4377155303955078,0.19589287042617798,-0.3258482813835144,-0.8439486026763916,-0.42611485719680786,0.17836689949035645,-0.2444637566804886,-0.03811730444431305,-0.28803908824920654,-0.4979839026927948,-0.817952036857605,0.41440847516059875,0.7052103877067566,-0.5752772688865662,0.3424355983734131,-0.01548464410007,-0.031000100076198578,-0.025494813919067383,0.9996749758720398,1.3711202200283878e-06,-0.9996749758720398,-0.025494813919067383,6.553589741997712e-07,0.2314387559890747,-0.1268506795167923,-0.031000174582004547,0.45343244075775146,0.095881387591362,-0.03100002557039261
35,0.33107754588127136,-0.179876908659935,0.11308051645755768,0.03737500309944153,-0.6723747253417969,1.2867778539657593,0.02781282737851143,0.7299426794052124,-0.4164392352104187,0.28060272336006165,-0.2864501178264618,-0.09960967302322388,-0.6557256579399109,-0.13834750652313232,-0.5819706916809082,0.47424885630607605,-0.7330580353736877,-0.1715373992919922,-0.686683177947998,0.006230100058019161,0.6252424120903015,1.0072283744812012,-1.3875946998596191,0.731123685836792,-0.3763105273246765,0.13846144080162048,-0.3984883427619934,0.14730219542980194,-0.13224180042743683,0.2540958821773529,-0.6343221664428711,0.06772018224000931,0.028197050094604492,0.10490565001964569,0.02123851329088211,0.8744403719902039,-0.4528058171272278,0.17412900924682617,-0.3489765226840973,-0.836439847946167,-0.4225921928882599,0.1849815845489502,-0.25255087018013,-0.03657228499650955,-0.2955387830734253,-0.4843229651451111,-0.8234610557556152,0.45714259147644043,0.6851761341094971,-0.5670576095581055,0.3424355983734131,-0.015484661795198917,-0.031000100076198578,-0.025494694709777832,0.999674916267395,1.420115722794435e-06,-0.999674916267395,-0.025494694709777832,3.1751028473081533e-09,0.2314387559890747,-0.1268506795167923,-0.031000252813100815,0.45343244075775146,0.09588135033845901,-0.03099994733929634
36,0.33171185851097107,-0.163662850856781,0.1003684252500534,0.040982238948345184,-0.6821693778038025,1.2803823947906494,0.01737559773027897,0.7307077050209045,0.16692082583904266,0.22027622163295746,-0.14710910618305206,0.09021171927452087,-0.09549571573734283,-0.22868722677230835,0.018836170434951782,-0.11310860514640808,-0.7560117244720459,-0.16274669766426086,-0.7121710777282715,0.00852368213236332,0.6382706761360168,1.0139667987823486,-1.4096801280975342,0.7311110496520996,-0.3591240644454956,0.1399184763431549,-0.3909911811351776,0.14819715917110443,-0.11190676689147949,0.3217342495918274,-0.4502149820327759,0.08029923588037491,0.027185678482055664,0.10432405769824982,0.019805647432804108,0.878793478012085,-0.45104503631591797,0.15582171082496643,-0.3539701998233795,-0.8351176977157593,-0.4210509657859802,0.19133496284484863,-0.2601962089538574,-0.034384116530418396,-0.304653525352478,-0.4669715464115143,-0.8301348090171814,0.49850472807884216,0.6644833087921143,-0.5567360520362854,0.3424355983734131,-0.015484689734876156,-0.0310000479221344,-0.02549457550048828,0.999674916267395,1.3844739896740066e-06,-0.999674916267395,-0.02549457550048828,3.4020757766484166e-07,0.2314387559890747,-0.1268506944179535,-0.031000159680843353,0.45343244075775146,0.09588131308555603,-0.030999936163425446
37,0.3408794105052948,-0.14795704185962677,0.09012660384178162,0.045914001762866974,-0.6876137256622314,1.2794206142425537,0.0054734135046601295,0.7307761311531067,0.15992118418216705,0.20864208042621613,-0.1439957469701767,0.10565152764320374,-0.10224872827529907,-0.1854165941476822,-0.09047219902276993,0.14074212312698364,-0.7838048934936523,-0.16154761612415314,-0.7403374314308167,0.008309326134622097,0.637474775314331,1.0237077474594116,-1.368201494216919,0.7311921715736389,-0.6321336030960083,0.16328498721122742,0.29232800006866455,0.11428721249103546,-0.0841921865940094,0.15673944354057312,0.4278903901576996,0.05206567794084549,0.02738499641418457,0.10387741029262543,0.019799523055553436,0.8860040903091431,-0.4429551362991333,0.1370675265789032,-0.35434427857398987,-0.8374890089035034,-0.4159957468509674,0.1965162754058838,-0.2670384645462036,-0.031124942004680634,-0.354724645614624,-0.413626492023468,-0.8385006785392761,0.5373308062553406,0.6437361240386963,-0.5448663830757141,0.3424355983734131,-0.01548465434461832,-0.031000100076198578,-0.025494813919067383,0.9996749758720398,1.4074483942749794e-06,-0.9996749758720398,-0.025494813919067383,7.305857252504211e-07,0.2314387559890747,-0.1268506944179535,-0.03100017085671425,0.45343244075775146,0.0958813801407814,-0.031000029295682907
38,0.3524329662322998,-0.13207699358463287,0.07908596098423004,0.05172329396009445,-0.6916640996932983,1.2790647745132446,-0.00936860404908657,0.7301924228668213,0.11801780760288239,0.23416776955127716,-0.16830602288246155,0.10973622649908066,-0.11916610598564148,-0.012482358142733574,0.4697214961051941,-0.36010339856147766,-0.8003174662590027,-0.1540818214416504,-0.7595539689064026,0.009883157908916473,0.6385741233825684,1.0368729829788208,-1.3422483205795288,0.7310229539871216,-0.7137476801872253,0.16199155151844025,0.5525184273719788,0.0432632677257061,0.04546269029378891,0.21298956871032715,-0.06026040390133858,0.1849357783794403,0.027850866317749023,0.10370968282222748,0.019861795008182526,0.8935679197311401,-0.4337228536605835,0.1158486008644104,-0.3544217050075531,-0.8399513959884644,-0.4109344184398651,0.1995856761932373,-0.26978716254234314,-0.02782626450061798,-0.38394129276275635,-0.36960431933403015,-0.8461570143699646,0.5618818998336792,0.6336711645126343,-0.5317420363426208,0.3424355983734131,-0.015484686009585857,-0.0310000479221344,-0.02549457550048828,0.999674916267395,1.3559490525949514e-06,-0.999674916267395,-0.02549457550048828,2.902081632782938e-07,0.2314387559890747,-0.1268506944179535,-0.03100016340613365,0.45343244075775146,0.09588132053613663,-0.030999932438135147
39,0.367562472820282,-0.1154201328754425,0.06463678926229477,0.05842335894703865,-0.695445716381073,1.2791470289230347,-0.02835230901837349,0.7294141054153442,0.08349225670099258,0.21348565816879272,-0.22726482152938843,0.11464323848485947,-0.3434258997440338,0.018796231597661972,2.012929677963257,-0.21497783064842224,-0.8110328912734985,-0.14396412670612335,-0.7710532546043396,0.0132727837190032,0.6301662921905518,1.0537104606628418,-1.317887544631958,0.7310099601745605,-0.744815468788147,0.1700121909379959,0.5360151529312134,0.04638298973441124,-0.08170534670352936,0.25205472111701965,-0.2757461369037628,0.22212795913219452,0.028470277786254883,0.10365401208400726,0.019961968064308167,0.9015154838562012,-0.4231504797935486,0.0906287208199501,-0.3546335995197296,-0.8424235582351685,-0.4056572914123535,0.19939017295837402,-0.2683885395526886,-0.02452099323272705,-0.40302574634552,-0.33329859375953674,-0.8523393869400024,0.5708372592926025,0.636406660079956,-0.5187787413597107,0.3424355983734131,-0.015484650619328022,-0.031000100076198578,-0.025494813919067383,0.9996749758720398,1.3773450291409972e-06,-0.9996749758720398,-0.025494813919067383,6.776336363145674e-07,0.2314387559890747,-0.1268506944179535,-0.03100017085671425,0.45343244075775146,0.0958813801407814,-0.031000029295682907
40,0.38072144985198975,-0.09863601624965668,0.048384491354227066,0.06637345999479294,-0.70029616355896,1.2791434526443481,-0.05124665051698685,0.729199230670929,0.11577305942773819,0.25614774227142334,-0.2727174460887909,0.12822331488132477,-0.4001926779747009,0.03200346976518631,2.4460103511810303,-0.3013027012348175,-0.8246482610702515,-0.1283535659313202,-0.773381769657135,0.01364383939653635,0.6228742003440857,1.073887586593628,-1.2966768741607666,0.7310367226600647,-0.4482651352882385,0.2915770709514618,0.27858030796051025,0.019008323550224304,-0.18874768912792206,0.26502615213394165,-0.20014189183712006,0.3543968200683594,0.0291745662689209,0.10355469584465027,0.019988656044006348,0.9082921147346497,-0.41361376643180847,0.06268222630023956,-0.35660645365715027,-0.8438616991043091,-0.4009106457233429,0.19818663597106934,-0.262531578540802,-0.020589157938957214,-0.41928863525390625,-0.29331672191619873,-0.8591638207435608,0.5749828219413757,0.6465698480606079,-0.5013404488563538,0.3424355983734131,-0.015484659001231194,-0.031000100076198578,-0.025494694709777832,0.9996749758720398,1.4520721833832795e-06,-0.9996749758720398,-0.025494694709777832,2.2776195152118817e-08,0.2314387559890747,-0.1268506795167923,-0.031000256538391113,0.45343244075775146,0.09588135778903961,-0.030999943614006042
41,0.3970223665237427,-0.07639443129301071,0.02961438149213791,0.07696758210659027,-0.7037057280540466,1.2789669036865234,-0.06865300238132477,0.7296429872512817,0.21487408876419067,0.3524635434150696,-0.31543296575546265,0.1379304677248001,-0.3189355731010437,0.0773409828543663,1.032299518585205,-0.3347560465335846,-0.8398599028587341,-0.11305592954158783,-0.7642274498939514,0.012352867051959038,0.6121313571929932,1.0941749811172485,-1.2735730409622192,0.7308475971221924,-0.2381199598312378,0.060235001146793365,0.1786217987537384,0.14904619753360748,-0.03201504051685333,0.2426816076040268,-1.9373046159744263,-0.509662389755249,0.02969193458557129,0.1037055253982544,0.019998624920845032,0.9128538966178894,-0.4065474271774292,0.037642233073711395,-0.36022496223449707,-0.8453649282455444,-0.39445653557777405,0.19544005393981934,-0.25355350971221924,-0.01653517782688141,-0.4335341453552246,-0.2568197250366211,-0.863766074180603,0.5702444911003113,0.6640129685401917,-0.48364031314849854,0.3424355983734131,-0.015484691597521305,-0.0310000479221344,-0.02549457550048828,0.999674916267395,1.3960238902654964e-06,-0.999674916267395,-0.02549457550048828,3.717559593496844e-07,0.2314387559890747,-0.12685070931911469,-0.031000155955553055,0.45343244075775146,0.09588131308555603,-0.030999939888715744
42,0.42103293538093567,-0.053230419754981995,0.007185210473835468,0.09049471467733383,-0.6997554898262024,1.2801172733306885,-0.07834021747112274,0.7305521965026855,0.3383064568042755,0.35409125685691833,-0.3431706428527832,0.18576782941818237,0.04638039320707321,-0.010557758621871471,-0.11591587215662003,-0.385890394449234,-0.8520898818969727,-0.11285513639450073,-0.7449955344200134,0.018847832456231117,0.5973337292671204,1.1153208017349243,-1.2695634365081787,0.7307549118995667,-0.10160809755325317,-0.008984546177089214,0.2831510603427887,0.09788452088832855,0.2117912769317627,0.14219914376735687,-5.903427600860596,0.1732805371284485,0.030023813247680664,0.10521166026592255,0.020003363490104675,0.9139660596847534,-0.4052729308605194,0.020492425188422203,-0.36624422669410706,-0.8455878496170044,-0.3883896768093109,0.19331622123718262,-0.24919293820858002,-0.012130744755268097,-0.42249596118927,-0.25713518261909485,-0.8691251277923584,0.558698296546936,0.6811827421188354,-0.4731239080429077,0.3424355983734131,-0.01548465434461832,-0.031000100076198578,-0.025494813919067383,0.9996749758720398,1.4133939885141444e-06,-0.9996749758720398,-0.025494813919067383,7.722715622549003e-07,0.2314387559890747,-0.1268506944179535,-0.03100016713142395,0.45343244075775146,0.0958813801407814,-0.031000033020973206
43,0.4495798349380493,-0.024811483919620514,-0.01780666410923004,0.10446596145629883,-0.6972090601921082,1.2797521352767944,-0.08641208708286285,0.730810821056366,0.4240856170654297,0.44103845953941345,-0.40211907029151917,0.17129500210285187,0.05043856054544449,-0.055465810000896454,-0.07241394370794296,-0.4475754499435425,-0.8629551529884338,-0.11138954013586044,-0.7250324487686157,0.026570415124297142,0.5827708840370178,1.1364332437515259,-1.2720171213150024,0.7307472229003906,-0.09702911972999573,0.022628378123044968,0.2977820634841919,0.10941269248723984,0.23382876813411713,0.09156699478626251,-6.892968654632568,0.03493940830230713,0.03051161766052246,0.10616779327392578,0.02001132071018219,0.9158861637115479,-0.401429682970047,0.00258820503950119,-0.3704995810985565,-0.847764253616333,-0.3795076012611389,0.1905500888824463,-0.24495267868041992,-0.007938578724861145,-0.4074554443359375,-0.26229262351989746,-0.8747472763061523,0.5447589755058289,0.6989704370498657,-0.4633335471153259,0.3424355983734131,-0.015484648756682873,-0.031000100076198578,-0.025494694709777832,0.9996749758720398,1.6361885855076252e-06,-0.9996749758720398,-0.025494694709777832,4.529352395366004e-07,0.2314387559890747,-0.1268506795167923,-0.031000226736068726,0.45343244075775146,0.0958813726902008,-0.03099997341632843
44,0.4807277321815491,0.0037814518436789513,-0.04544684290885925,0.11827057600021362,-0.693584680557251,1.2786834239959717,-0.09528394788503647,0.7307938933372498,0.4110291302204132,0.4183618724346161,-0.42474839091300964,0.20649050176143646,0.044209063053131104,-0.031300704926252365,-0.1088019609451294,-0.0043612271547317505,-0.8700608611106873,-0.10880297422409058,-0.703852653503418,0.033609360456466675,0.57133549451828,1.15416419506073,-1.278030514717102,0.7308720350265503,-0.004452936351299286,0.04089800640940666,0.3003920316696167,0.055774908512830734,0.3660805821418762,-0.030178725719451904,-8.065128326416016,-0.28195732831954956,0.030747175216674805,0.10702025890350342,0.01999921351671219,0.9170825481414795,-0.39840447902679443,-0.01528146117925644,-0.3753364086151123,-0.8497859239578247,-0.370116651058197,0.1873314380645752,-0.2404591590166092,-0.004593953490257263,-0.39149391651153564,-0.2705743610858917,-0.8795009851455688,0.5279523134231567,0.7167754173278809,-0.4555210471153259,0.3424355983734131,-0.015484693460166454,-0.0310000479221344,-0.02549457550048828,0.999674916267395,1.4287918475019978e-06,-0.999674916267395,-0.02549457550048828,4.6277057208499173e-07,0.2314387559890747,-0.12685070931911469,-0.031000148504972458,0.45343244075775146,0.09588131308555603,-0.03099994733929634
45,0.5139210820198059,0.03180030733346939,-0.07534684985876083,0.1320319026708603,-0.6893555521965027,1.2770763635635376,-0.10362502187490463,0.7309960126876831,0.4957781136035919,0.42840221524238586,-0.4504058063030243,0.15330520272254944,-0.13944298028945923,0.021630514413118362,0.02897050231695175,0.43306398391723633,-0.8765451312065125,-0.10456623882055283,-0.6812791228294373,0.04028700664639473,0.562217116355896,1.1698579788208008,-1.2903131246566772,0.7309735417366028,-0.04005708545446396,0.061530619859695435,0.3303600251674652,0.0948522612452507,0.283378005027771,0.07478299736976624,-6.375010967254639,-0.12387882173061371,0.03108382225036621,0.10773801803588867,0.020003587007522583,0.9175549149513245,-0.3963945806026459,-0.031054239720106125,-0.3801644742488861,-0.8517379760742188,-0.3605797588825226,0.1838362216949463,-0.23594309389591217,-0.0017824620008468628,-0.3724421262741089,-0.28169548511505127,-0.8842705488204956,0.5099824070930481,0.733942985534668,-0.4486040771007538,0.3424355983734131,-0.015484652481973171,-0.031000100076198578,-0.025494813919067383,0.9996749758720398,1.2983525721210754e-06,-0.9996749758720398,-0.025494813919067383,5.142078975950426e-07,0.2314387559890747,-0.1268506944179535,-0.031000182032585144,0.45343244075775146,0.0958813801407814,-0.03100001811981201
46,0.5487262606620789,0.057872213423252106,-0.10698044300079346,0.14412228763103485,-0.6844277381896973,1.2744972705841064,-0.11063340306282043,0.7309306263923645,0.5149468183517456,0.38721963763237,-0.4631458520889282,0.17716634273529053,0.11345896124839783,-0.0362016037106514,-0.17665742337703705,-0.08424430340528488,-0.8785169720649719,-0.0968538224697113,-0.657305121421814,0.04690356180071831,0.5597349405288696,1.1804033517837524,-1.3025703430175781,0.7308558821678162,0.018340354785323143,0.11017044633626938,0.3647851347923279,0.12523265182971954,0.21043287217617035,0.03899359703063965,-4.6781697273254395,-0.02248907834291458,0.031096220016479492,0.10820223391056061,0.01999678462743759,0.9173558950424194,-0.395619660615921,-0.044082798063755035,-0.38495543599128723,-0.8534914255142212,-0.3512289524078369,0.18036198616027832,-0.2318630814552307,-0.00035105645656585693,-0.35698676109313965,-0.29242151975631714,-0.8871585726737976,0.4906098246574402,0.7495013475418091,-0.444465696811676,0.3424355983734131,-0.01548465434461832,-0.031000100076198578,-0.025494694709777832,0.9996749758720398,1.6797966964077204e-06,-0.9996749758720398,-0.025494694709777832,5.365912443267007e-07,0.2314387559890747,-0.1268506795167923,-0.031000223010778427,0.45343244075775146,0.09588136523962021,-0.03099997714161873
47,0.5852137207984924,0.08372325450181961,-0.1396993100643158,0.1558891236782074,-0.6787446737289429,1.271062970161438,-0.11877010762691498,0.730939507484436,0.5328561067581177,0.39069920778274536,-0.4730757474899292,0.16523751616477966,0.04294104129076004,-0.052366528660058975,-0.09037424623966217,0.09613639116287231,-0.8812182545661926,-0.08975192904472351,-0.6330218315124512,0.05336408689618111,0.5577453970909119,1.1895005702972412,-1.3089338541030884,0.7309370040893555,-0.008821390569210052,0.09756942093372345,0.3632713854312897,0.12181304395198822,0.2192564606666565,0.05521930754184723,-4.308672904968262,0.005034890957176685,0.03122878074645996,0.10852715373039246,0.01999155431985855,0.9170866012573242,-0.39463168382644653,-0.05672735720872879,-0.38923150300979614,-0.8554188013076782,-0.34169813990592957,0.17700791358947754,-0.2283271998167038,0.0007875710725784302,-0.3463236093521118,-0.29985806345939636,-0.8889011144638062,0.47157227993011475,0.7634755373001099,-0.44127631187438965,0.3424355983734131,-0.015484688803553581,-0.0310000479221344,-0.025494694709777832,0.9996749758720398,1.4595786979043623e-06,-0.9996749758720398,-0.025494694709777832,5.630406008094724e-07,0.2314387559890747,-0.12685070931911469,-0.03100014105439186,0.45343244075775146,0.09588132798671722,-0.030999954789876938
48,0.6210582852363586,0.10809847712516785,-0.17364881932735443,0.16764849424362183,-0.6723147034645081,1.267273187637329,-0.1272749900817871,0.7308924198150635,0.4966418743133545,0.365114688873291,-0.46955758333206177,0.16120107471942902,-0.04248896986246109,-0.03856322914361954,0.12315455824136734,0.6806007623672485,-0.8797585964202881,-0.08127220720052719,-0.6077917814254761,0.05986568704247475,0.5583620071411133,1.1965340375900269,-1.3145419359207153,0.7308316826820374,0.07275842130184174,0.11995883285999298,0.3822656571865082,0.12163925915956497,0.22231143712997437,-0.01638956367969513,-4.3350653648376465,-0.057954274117946625,0.03133845329284668,0.10879629105329514,0.01998329907655716,0.9158164262771606,-0.3959186375141144,-0.0672958642244339,-0.3946942985057831,-0.8564122915267944,-0.3328283429145813,0.17343783378601074,-0.22452285885810852,0.0014131665229797363,-0.3366001844406128,-0.3076571226119995,-0.8899704217910767,0.44976937770843506,0.7778120636940002,-0.43899422883987427,0.3424355983734131,-0.015484655275940895,-0.031000100076198578,-0.025494813919067383,0.9996749758720398,1.35444918214489e-06,-0.9996749758720398,-0.025494813919067383,5.900834594285698e-07,0.2314387559890747,-0.1268506944179535,-0.031000178307294846,0.45343244075775146,0.0958813801407814,-0.03100002184510231
49,0.6535446643829346,0.12713825702667236,-0.20949672162532806,0.17922532558441162,-0.6661249399185181,1.2643671035766602,-0.13536767661571503,0.7309256792068481,0.4314432442188263,0.2823507487773895,-0.5109226107597351,0.15473157167434692,-0.033997319638729095,0.009312145411968231,0.1033613532781601,0.3919827342033386,-0.8736892938613892,-0.07171385735273361,-0.5817261338233948,0.06628422439098358,0.5613539218902588,1.2039146423339844,-1.3210384845733643,0.7307562828063965,0.14506745338439941,0.13519704341888428,0.39559686183929443,0.11725347489118576,0.23721955716609955,-0.03047771006822586,-4.3679890632629395,-0.0575772300362587,0.03155779838562012,0.10910552740097046,0.019992351531982422,0.912774920463562,-0.40184012055397034,-0.0732564851641655,-0.40265849232673645,-0.8550869226455688,-0.3266383707523346,0.16978812217712402,-0.21981912851333618,0.002274036407470703,-0.32497942447662354,-0.3151753544807434,-0.8916573524475098,0.4250413775444031,0.7935688495635986,-0.4354172945022583,0.3424355983734131,-0.015484662726521492,-0.031000100076198578,-0.025494694709777832,0.9996749758720398,1.5452578736585565e-06,-0.9996749758720398,-0.025494694709777832,2.8525161610559735e-07,0.2314387559890747,-0.1268506944179535,-0.031000234186649323,0.45343244075775146,0.09588135778903961,-0.030999965965747833
50,0.68476402759552,0.14730192720890045,-0.24559363722801208,0.1913582980632782,-0.6592555046081543,1.2607818841934204,-0.14383967220783234,0.7309220433235168,0.4327002167701721,0.30406931042671204,-0.5052027106285095,0.16567811369895935,-0.0057960376143455505,-0.009312968701124191,0.07662446796894073,0.4002750813961029,-0.8662902116775513,-0.06120117008686066,-0.5553585886955261,0.0701342225074768,0.5636012554168701,1.213151454925537,-1.3267781734466553,0.7308666706085205,0.2548025846481323,0.09464488923549652,0.40279150009155273,0.051687464118003845,0.3561830520629883,0.10433593392372131,-4.56094217300415,0.07427526265382767,0.031648874282836914,0.10926751792430878,0.01998499035835266,0.9089369177818298,-0.40951114892959595,-0.07832129299640656,-0.4119495749473572,-0.853124737739563,-0.3201178312301636,0.16544079780578613,-0.21275456249713898,0.004065334796905518,-0.3130267858505249,-0.31801676750183105,-0.8949189186096191,0.3976436257362366,0.8118236064910889,-0.42757686972618103,0.3424355983734131,-0.01548465620726347,-0.031000100076198578,-0.025494813919067383,0.9996749758720398,1.3161165952624287e-06,-0.9996749758720398,-0.025494813919067383,5.280599566503952e-07,0.2314387559890747,-0.1268506944179535,-0.031000182032585144,0.45343244075775146,0.0958813801407814,-0.03100001811981201
51,0.7162822484970093,0.166983962059021,-0.2805560827255249,0.20243197679519653,-0.6514447331428528,1.2564520835876465,-0.15245112776756287,0.7309190034866333,0.43712323904037476,0.29097992181777954,-0.47782278060913086,0.1562572419643402,0.021015219390392303,-0.04955994337797165,0.044357120990753174,0.4606439173221588,-0.8605602979660034,-0.05344554781913757,-0.5292583107948303,0.0750301331281662,0.5623155236244202,1.2188040018081665,-1.3360164165496826,0.7309367656707764,0.046386778354644775,0.11400378495454788,0.36671939492225647,0.0917084738612175,0.3074166476726532,-0.010588817298412323,-4.86927604675293,-0.004174348898231983,0.031705617904663086,0.10935087502002716,0.019964471459388733,0.9053503274917603,-0.41654086112976074,-0.08267103880643845,-0.4203665256500244,-0.8514096736907959,-0.3136776387691498,0.16048312187194824,-0.20758748054504395,0.004692777991294861,-0.297176718711853,-0.32790428400039673,-0.8967524170875549,0.36882656812667847,0.8268633484840393,-0.4245751202106476,0.3424355983734131,-0.015484652481973171,-0.031000100076198578,-0.025494694709777832,0.9996749758720398,1.681406729403534e-06,-0.9996749758720398,-0.025494694709777832,5.628784833788814e-07,0.2314387559890747,-0.1268506795167923,-0.03100021928548813,0.45343244075775146,0.09588136523962021,-0.030999980866909027
52,0.7458723783493042,0.1821356564760208,-0.31238725781440735,0.21062245965003967,-0.6438624858856201,1.2521874904632568,-0.160081148147583,0.7309790849685669,0.4004993438720703,0.21615417301654816,-0.42574605345726013,0.10853734612464905,-0.03835673630237579,-0.08392651379108429,0.13903924822807312,0.653224766254425,-0.8592399954795837,-0.05002576485276222,-0.5044286847114563,0.07933950424194336,0.5588141083717346,1.2203562259674072,-1.3433048725128174,0.7314528822898865,0.06011245399713516,0.044239457696676254,0.3596278727054596,0.09001623094081879,0.42368799448013306,0.09009679406881332,-5.07576322555542,-0.03589916229248047,0.03169846534729004,0.1094212755560875,0.0199316143989563,0.9023489356040955,-0.42247655987739563,-0.08532261848449707,-0.42708298563957214,-0.8497908115386963,-0.3089592754840851,0.1559436321258545,-0.20462173223495483,0.004217296838760376,-0.2827928066253662,-0.3407939076423645,-0.8965979218482971,0.3432428240776062,0.8368982672691345,-0.4263633191585541,0.3424355983734131,-0.015484693460166454,-0.0310000479221344,-0.02549457550048828,0.999674916267395,1.4904534282322857e-06,-0.999674916267395,-0.02549457550048828,5.798871143269935e-07,0.2314387559890747,-0.12685070931911469,-0.03100014477968216,0.45343244075775146,0.09588131308555603,-0.03099995106458664
53,0.7733897566795349,0.19257041811943054,-0.34302008152008057,0.21663658320903778,-0.6372869610786438,1.248459815979004,-0.16614703834056854,0.7309837937355042,0.3659742772579193,0.14125068485736847,-0.4035671353340149,0.08419299125671387,-0.0737246423959732,-0.09980334341526031,0.19911721348762512,0.8855708837509155,-0.8555511236190796,-0.04803439602255821,-0.47934797406196594,0.08346280455589294,0.5543637275695801,1.2183374166488647,-1.3507863283157349,0.7316086292266846,0.11148171871900558,0.042373571544885635,0.36489176750183105,0.06910692900419235,0.5597367882728577,0.05423516407608986,-6.233224868774414,-0.07933267951011658,0.03169083595275879,0.10945507884025574,0.019913457334041595,0.8994032740592957,-0.4286852777004242,-0.085455983877182,-0.4331408441066742,-0.8477014303207397,-0.30625391006469727,0.15080666542053223,-0.2022751271724701,0.0026988834142684937,-0.2667813301086426,-0.3577941954135895,-0.8948804140090942,0.31450703740119934,0.8453791737556458,-0.4317631125450134,0.3424355983734131,-0.015484646894037724,-0.031000100076198578,-0.02549457550048828,0.9996749758720398,1.3635235518449917e-06,-0.9996749758720398,-0.02549457550048828,6.132585781415401e-07,0.23143872618675232,-0.1268506646156311,-0.031000178307294846,0.45343244075775146,0.09588136523962021,-0.03100002184510231
54,0.7871357798576355,0.19498348236083984,-0.3748932182788849,0.22403475642204285,-0.6344355940818787,1.248125433921814,-0.16748365759849548,0.7308209538459778,0.13253717124462128,0.003477607388049364,-0.4391084611415863,0.13207846879959106,-0.13792194426059723,-0.04052766412496567,0.2657349109649658,1.1214951276779175,-0.8519821763038635,-0.04632270336151123,-0.45473068952560425,0.08964310586452484,0.5504880547523499,1.2214244604110718,-1.344272494316101,0.7315162420272827,0.07283719629049301,0.044308796525001526,0.32781317830085754,0.14640478789806366,0.4639066159725189,0.5499464273452759,-2.54638934135437,-0.774562656879425,0.03136944770812988,0.10948874056339264,0.01991090178489685,0.8915896415710449,-0.4462480843067169,-0.07701031118631363,-0.44693270325660706,-0.8397446870803833,-0.30835098028182983,0.14649462699890137,-0.20024453103542328,0.0025075823068618774,-0.2611393928527832,-0.36621367931365967,-0.8931370973587036,0.28719252347946167,0.8538689613342285,-0.4340832531452179,0.3424355983734131,-0.015484653413295746,-0.031000100076198578,-0.02549457550048828,0.999674916267395,1.5409755178552587e-06,-0.999674916267395,-0.02549457550048828,3.0385660920728697e-07,0.2314387559890747,-0.1268506646156311,-0.031000234186649323,0.45343244075775146,0.09588135033845901,-0.030999965965747833
55,0.8118135333061218,0.19021999835968018,-0.4087023437023163,0.22432535886764526,-0.6323230862617493,1.2470605373382568,-0.16839754581451416,0.7310044169425964,0.34789296984672546,-0.07411514222621918,-0.4444772005081177,-0.012400981970131397,-0.14430826902389526,-0.051211901009082794,0.2864694893360138,0.9044076204299927,-0.8443363904953003,-0.04498641565442085,-0.4287620186805725,0.10205293446779251,0.5445606708526611,1.2201353311538696,-1.3061184883117676,0.7314052581787109,0.15433548390865326,0.05334867164492607,0.3394077718257904,0.2689474821090698,0.45327508449554443,0.5798081159591675,-1.150177001953125,-0.6082789301872253,0.03113865852355957,0.10951631516218185,0.01994263380765915,0.8875799179077148,-0.4552980661392212,-0.07003974169492722,-0.45297521352767944,-0.834992527961731,-0.31241166591644287,0.1418001651763916,-0.2018616795539856,0.0001935511827468872,-0.281368613243103,-0.3748924434185028,-0.8833387494087219,0.25396695733070374,0.8586117029190063,-0.44529393315315247,0.3424355983734131,-0.015484651550650597,-0.031000100076198578,-0.025494694709777832,0.9996749758720398,1.616926965652965e-06,-0.9996749758720398,-0.025494694709777832,4.3206938471485046e-07,0.2314387559890747,-0.1268506795167923,-0.031000226736068726,0.45343244075775146,0.09588136523962021,-0.03099997341632843
56,0.8390405178070068,0.18758335709571838,-0.44245362281799316,0.22458747029304504,-0.6293153166770935,1.2453114986419678,-0.16993050277233124,0.7309938073158264,0.3652699589729309,-0.037706755101680756,-0.45251426100730896,-0.0029414407908916473,-0.13437893986701965,-0.046462282538414,0.28487804532051086,0.7758275270462036,-0.8335943818092346,-0.04300535470247269,-0.40200671553611755,0.11581412702798843,0.5389877557754517,1.2185487747192383,-1.2658822536468506,0.7315526604652405,0.21257272362709045,0.06417601555585861,0.35299766063690186,0.2667137384414673,0.47376924753189087,0.5587369203567505,-0.83885258436203,-0.8292182683944702,0.030925989151000977,0.1095607578754425,0.019952192902565002,0.8842249512672424,-0.46259814500808716,-0.06441419571638107,-0.45782870054244995,-0.831177830696106,-0.31549397110939026,0.13713860511779785,-0.2038256824016571,-0.002275720238685608,-0.30159926414489746,-0.38621583580970764,-0.8717082142829895,0.217759370803833,0.8622129559516907,-0.4573507308959961,0.3424355983734131,-0.015484691597521305,-0.0310000479221344,-0.02549457550048828,0.999674916267395,1.435909439351235e-06,-0.999674916267395,-0.02549457550048828,4.397505222186737e-07,0.2314387559890747,-0.12685070931911469,-0.031000152230262756,0.45343244075775146,0.09588131308555603,-0.030999943614006042
57,0.8647187352180481,0.185739666223526,-0.4757336378097534,0.22559647262096405,-0.6262785792350769,1.2437634468078613,-0.1701085865497589,0.7309951186180115,0.33708176016807556,-0.028855569660663605,-0.44895055890083313,0.008248929865658283,-0.13788224756717682,-0.038771577179431915,0.3089121878147125,0.7648897767066956,-0.8203845620155334,-0.040393851697444916,-0.3745644688606262,0.13021911680698395,0.5331009030342102,1.2163554430007935,-1.2229526042938232,0.7316087484359741,0.24255910515785217,0.07051339745521545,0.36371779441833496,0.2767001986503601,0.455618292093277,0.4951855540275574,-0.6069716811180115,-0.9133504033088684,0.03068709373474121,0.10962231457233429,0.019955433905124664,0.8801345229148865,-0.471238911151886,-0.057420358061790466,-0.4635053873062134,-0.8268848657608032,-0.31847137212753296,0.13235974311828613,-0.20590341091156006,-0.00490463525056839,-0.32239723205566406,-0.39990273118019104,-0.8579847812652588,0.17858247458934784,0.8644108772277832,-0.47000226378440857,0.3424355983734131,-0.01548465620726347,-0.031000100076198578,-0.025494813919067383,0.9996749758720398,1.297265157518268e-06,-0.9996749758720398,-0.025494813919067383,4.887015734311717e-07,0.2314387559890747,-0.1268506944179535,-0.031000185757875443,0.45343244075775146,0.0958813801407814,-0.031000014394521713
58,0.8878695964813232,0.18309053778648376,-0.5093935132026672,0.22739535570144653,-0.6236864924430847,1.2430436611175537,-0.16703319549560547,0.7309479117393494,0.29321345686912537,-0.040914613753557205,-0.4595871567726135,0.019592303782701492,-0.1567598283290863,-0.006548736710101366,0.3718937039375305,0.7973261475563049,-0.8063440322875977,-0.03655282035470009,-0.34622010588645935,0.14709576964378357,0.5252703428268433,1.2134983539581299,-1.1752738952636719,0.7316360473632812,0.2587464451789856,0.08709320425987244,0.38457146286964417,0.31029435992240906,0.38637375831604004,0.37081068754196167,-0.5506674647331238,-0.9541410803794861,0.030386686325073242,0.10974571108818054,0.019968576729297638,0.8743853569030762,-0.4829728305339813,-0.04677055776119232,-0.4708675444126129,-0.8212703466415405,-0.32217827439308167,0.12751317024230957,-0.20909921824932098,-0.007932156324386597,-0.3451732397079468,-0.4168804883956909,-0.8408722877502441,0.1364692747592926,0.8641219139099121,-0.484426885843277,0.3424355983734131,-0.015484651550650597,-0.031000100076198578,-0.025494694709777832,0.9996749758720398,1.6530215134480386e-06,-0.9996749758720398,-0.025494694709777832,5.159314468983212e-07,0.2314387559890747,-0.1268506795167923,-0.03100021928548813,0.45343244075775146,0.09588136523962021,-0.030999980866909027
59,0.9040288925170898,0.1804984211921692,-0.5452451109886169,0.23313646018505096,-0.6205963492393494,1.2441589832305908,-0.1535821557044983,0.7308304309844971,0.166409432888031,-0.03890218958258629,-0.5071703791618347,0.07990758121013641,-0.1660739928483963,0.05846890062093735,0.520409882068634,0.8713791370391846,-0.7978243827819824,-0.029176363721489906,-0.31680354475975037,0.16879700124263763,0.5119219422340393,1.211527705192566,-1.1255075931549072,0.7312435507774353,0.11971049010753632,0.1594945192337036,0.4020897448062897,0.3667919635772705,0.0916878879070282,0.18082191050052643,-0.23526257276535034,-0.365509033203125,0.02979588508605957,0.11013482511043549,0.019999340176582336,0.8622517585754395,-0.5059236288070679,-0.023730941116809845,-0.4848826229572296,-0.8110405206680298,-0.32726454734802246,0.12248873710632324,-0.21451063454151154,-0.011218316853046417,-0.36887800693511963,-0.43654584884643555,-0.8205832242965698,0.09331699460744858,0.8609887361526489,-0.4999902844429016,0.3424355983734131,-0.015484686940908432,-0.0310000479221344,-0.02549457550048828,0.999674916267395,1.4587676560040563e-06,-0.999674916267395,-0.02549457550048828,5.339554718375439e-07,0.2314387559890747,-0.1268506944179535,-0.03100014477968216,0.45343244075775146,0.09588131308555603,-0.03099995106458664
60,0.9193190336227417,0.17482024431228638,-0.5840599536895752,0.2390861064195633,-0.6187407970428467,1.2464377880096436,-0.13933619856834412,0.7308130860328674,0.15531334280967712,-0.08015884459018707,-0.5548355579376221,0.06533776223659515,-0.1832653433084488,0.05124031752347946,0.5058197975158691,0.8746217489242554,-0.7959633469581604,-0.02341616526246071,-0.2866261303424835,0.19292522966861725,0.4910009801387787,1.2074373960494995,-1.0622472763061523,0.7313186526298523,0.05786440894007683,0.10346784442663193,0.4343183934688568,0.3310575485229492,-0.2902805209159851,-0.05507148802280426,0.6409356594085693,-0.4779209792613983,0.029239416122436523,0.11060552299022675,0.020006313920021057,0.8474004864692688,-0.5309538245201111,0.0007312745437957346,-0.5001878142356873,-0.7987586259841919,-0.3343603312969208,0.11740469932556152,-0.22294822335243225,-0.01537252962589264,-0.4017505645751953,-0.4598570168018341,-0.7919142842292786,0.05016176030039787,0.8524227142333984,-0.5204415321350098,0.3424355983734131,-0.015484655275940895,-0.031000100076198578,-0.025494813919067383,0.9996749758720398,1.3243577541288687e-06,-0.9996749758720398,-0.025494813919067383,5.635188244923484e-07,0.2314387559890747,-0.1268506944179535,-0.031000178307294846,0.45343244075775146,0.0958813801407814,-0.03100002184510231
61,0.9343222379684448,0.16658103466033936,-0.6224399209022522,0.24600251019001007,-0.6151571869850159,1.2507723569869995,-0.1225283294916153,0.7307025194168091,0.12633781135082245,-0.11269092559814453,-0.5441159009933472,0.09465664625167847,0.12479975819587708,0.03060365840792656,0.14171786606311798,0.20931309461593628,-0.7990982532501221,-0.032620854675769806,-0.25619468092918396,0.21793372929096222,0.46235716342926025,1.1895514726638794,-1.0566376447677612,0.7316301465034485,-0.09419332444667816,-0.18059177696704865,0.41758355498313904,0.48311203718185425,-0.43090781569480896,-0.3973119854927063,-0.44658857583999634,-0.7862187623977661,0.028789281845092773,0.11184108257293701,0.020010724663734436,0.8295944929122925,-0.5576843619346619,0.02758706361055374,-0.5161358714103699,-0.784762978553772,-0.3431489169597626,0.1150357723236084,-0.2396591603755951,-0.023111924529075623,-0.37100279331207275,-0.5182719826698303,-0.7705524563789368,0.012609632685780525,0.8268837332725525,-0.5622315406799316,0.3424355983734131,-0.015484665520489216,-0.031000100076198578,-0.025494694709777832,0.9996749758720398,1.7046579614543589e-06,-0.9996749758720398,-0.025494694709777832,5.823666811011208e-07,0.2314387559890747,-0.1268506944179535,-0.03100021928548813,0.45343244075775146,0.09588135033845901,-0.030999980866909027
62,0.9373522400856018,0.1573648899793625,-0.6565260291099548,0.25471609830856323,-0.6155151128768921,1.256126880645752,-0.10875064134597778,0.7307479381561279,-0.05204467475414276,-0.12791219353675842,-0.5077475905418396,0.10585967451334,-0.21714821457862854,0.08640413731336594,0.47197800874710083,0.9048988223075867,-0.8030305504798889,-0.05190756544470787,-0.2266845554113388,0.24702760577201843,0.432387113571167,1.1684564352035522,-1.0623657703399658,0.7316509485244751,-0.01668190024793148,-0.3313378691673279,0.4216337203979492,0.482729434967041,-0.4099390208721161,-0.29832759499549866,-0.0747215524315834,-0.806466817855835,0.028438806533813477,0.11254012584686279,0.020010173320770264,0.8085615038871765,-0.5861695408821106,0.05131811648607254,-0.5343884825706482,-0.7680329084396362,-0.35292312502861023,0.11730027198791504,-0.2626030445098877,-0.03076789155602455,-0.3202626705169678,-0.5864856243133545,-0.7439532279968262,-0.015824737027287483,0.7885193228721619,-0.6148063540458679,0.3424355983734131,-0.015484684146940708,-0.0310000479221344,-0.025494813919067383,0.9996749758720398,1.3542889973905403e-06,-0.9996749758720398,-0.025494813919067383,2.619755719024397e-07,0.2314387559890747,-0.12685072422027588,-0.03100016340613365,0.45343244075775146,0.09588135033845901,-0.030999932438135147
63,0.9415676593780518,0.14776216447353363,-0.68595290184021,0.26065343618392944,-0.6163456439971924,1.2608858346939087,-0.08979813009500504,0.7308085560798645,0.03977913782000542,-0.13343705236911774,-0.4446031451225281,0.0875236988067627,0.03191624954342842,0.031569112092256546,0.15795880556106567,-0.027481168508529663,-0.8182004690170288,-0.07875291258096695,-0.19659844040870667,0.27651482820510864,0.40236949920654297,1.142250895500183,-1.0643439292907715,0.7317167520523071,-0.2780311107635498,-0.4564322233200073,0.4079720675945282,0.513039231300354,-0.41112104058265686,-0.37847572565078735,-0.021899472922086716,-0.8802410960197449,0.027929067611694336,0.11313913762569427,0.020013779401779175,0.7883179783821106,-0.6104572415351868,0.0767902210354805,-0.5485523343086243,-0.7538666725158691,-0.36162906885147095,0.12380862236022949,-0.29118403792381287,-0.037629932165145874,-0.2735055685043335,-0.6542578339576721,-0.7050825953483582,-0.027457062155008316,0.7380446195602417,-0.6741930842399597,0.3424355983734131,-0.015484650619328022,-0.031000100076198578,-0.025494813919067383,0.9996749758720398,1.3592349432656192e-06,-0.9996749758720398,-0.025494813919067383,6.499276992144587e-07,0.2314387559890747,-0.1268506944179535,-0.031000174582004547,0.45343244075775146,0.0958813801407814,-0.03100002557039261
64,0.9309081435203552,0.13439083099365234,-0.7063433527946472,0.26674914360046387,-0.622084379196167,1.26718008518219,-0.07898998260498047,0.7307626008987427,-0.2191825658082962,-0.2185026854276657,-0.29177388548851013,0.11005420237779617,-0.2746027112007141,0.09675043076276779,0.43040621280670166,1.0664989948272705,-0.834087073802948,-0.10736235231161118,-0.16765987873077393,0.30678579211235046,0.37240859866142273,1.1153814792633057,-1.0524967908859253,0.7317395210266113,-0.21468359231948853,-0.46919575333595276,0.4082634747028351,0.5113536715507507,-0.40972140431404114,-0.3830810785293579,0.17159757018089294,-0.9052910208702087,0.02740311622619629,0.11327022314071655,0.019959554076194763,0.7681949734687805,-0.6334255933761597,0.09299714863300323,-0.5633693933486938,-0.737820029258728,-0.37180203199386597,0.13237595558166504,-0.32207536697387695,-0.042128127068281174,-0.24009883403778076,-0.7166058421134949,-0.6548500061035156,-0.03214648738503456,0.6800820827484131,-0.7324308753013611,0.3424355983734131,-0.015484660863876343,-0.031000100076198578,-0.025494694709777832,0.9996749758720398,1.567172603245126e-06,-0.9996749758720398,-0.025494694709777832,3.393988947664184e-07,0.2314387559890747,-0.1268506944179535,-0.031000230461359024,0.45343244075775146,0.09588135778903961,-0.03099996969103813
65,0.9261185526847839,0.11632642894983292,-0.708860456943512,0.261257141828537,-0.6309189796447754,1.2726521492004395,-0.06045929342508316,0.7310131788253784,-0.0034211170859634876,-0.2686607241630554,0.009284401312470436,-0.10556816309690475,-0.3125652074813843,0.010465189814567566,0.5697532892227173,1.0247957706451416,-0.8484060168266296,-0.13566793501377106,-0.13915026187896729,0.3369462192058563,0.3424501419067383,1.0864911079406738,-1.0295047760009766,0.731759250164032,-0.19867448508739471,-0.4676683843135834,0.40125006437301636,0.5134748816490173,-0.4089730381965637,-0.4126735329627991,0.3274707794189453,-0.9331048727035522,0.026816129684448242,0.11336710304021835,0.019925743341445923,0.7622631192207336,-0.6384015083312988,0.10676351189613342,-0.5626503229141235,-0.7350751161575317,-0.3782709240913391,0.1422746181488037,-0.3542191684246063,-0.04428507387638092,-0.217515230178833,-0.7735786437988281,-0.59520024061203,-0.03295871987938881,0.6152741312980652,-0.7876240015029907,0.3424355983734131,-0.015484694391489029,-0.0310000479221344,-0.02549457550048828,0.999674916267395,1.3796286566503113e-06,-0.999674916267395,-0.02549457550048828,3.4909498936031014e-07,0.2314387559890747,-0.12685070931911469,-0.031000159680843353,0.45343244075775146,0.09588131308555603,-0.030999936163425446
66,0.9269662499427795,0.0970434695482254,-0.6996026635169983,0.24850782752037048,-0.6406040787696838,1.2771480083465576,-0.041471514850854874,0.7311443090438843,0.04832131043076515,-0.282929003238678,0.17868922650814056,-0.22329942882061005,-0.3669292628765106,-0.03951137140393257,0.6633803844451904,0.9286748766899109,-0.8462164402008057,-0.16491003334522247,-0.1110122799873352,0.36734095215797424,0.31271782517433167,1.0566394329071045,-1.0039434432983398,0.7318091988563538,0.1474982351064682,-0.4863951504230499,0.4265412390232086,0.5180224776268005,-0.4013454020023346,-0.42217686772346497,0.3633403182029724,-0.9966992735862732,0.026434659957885742,0.11344076693058014,0.019920051097869873,0.7680639028549194,-0.6298792958259583,0.1154550090432167,-0.5511824488639832,-0.742038369178772,-0.38154542446136475,0.15474724769592285,-0.385139524936676,-0.043389033526182175,-0.1848536729812622,-0.8285501599311829,-0.5285204648971558,-0.03711182251572609,0.5432901978492737,-0.8387243747711182,0.3424355983734131,-0.01548465434461832,-0.031000100076198578,-0.025494813919067383,0.9996749758720398,1.4007737263455056e-06,-0.9996749758720398,-0.025494813919067383,7.428967023770383e-07,0.2314387559890747,-0.1268506944179535,-0.03100016713142395,0.45343244075775146,0.0958813801407814,-0.031000033020973206
67,0.9273144006729126,0.0779702365398407,-0.6794226169586182,0.23198384046554565,-0.6498962640762329,1.2809484004974365,-0.025449929758906364,0.7312073111534119,0.059325333684682846,-0.28651702404022217,0.32955530285835266,-0.2613576352596283,-0.29413464665412903,-0.012101415544748306,0.5096297264099121,0.648125410079956,-0.8491490483283997,-0.1932968944311142,-0.08248845487833023,0.3974744975566864,0.28366661071777344,1.0267215967178345,-0.9788950085639954,0.7317849397659302,-0.051466718316078186,-0.4760085642337799,0.39797210693359375,0.5159619450569153,-0.39446181058883667,-0.42829930782318115,0.35574617981910706,-0.9650212526321411,0.026238203048706055,0.11347651481628418,0.019921138882637024,0.7813173532485962,-0.6127437949180603,0.1186937615275383,-0.5333977341651917,-0.7542921304702759,-0.38279229402542114,0.1688086986541748,-0.41640084981918335,-0.03936541825532913,-0.15660083293914795,-0.8752095699310303,-0.4576946794986725,-0.03256756067276001,0.4677361845970154,-0.8832679390907288,0.3424355983734131,-0.01548465434461832,-0.031000100076198578,-0.025494694709777832,0.9996749758720398,1.6344836240023142e-06,-0.9996749758720398,-0.025494694709777832,4.1575651721359463e-07,0.2314387559890747,-0.1268506795167923,-0.031000230461359024,0.45343244075775146,0.09588136523962021,-0.03099996969103813
68,0.9279736280441284,0.05875629559159279,-0.6534347534179688,0.21339638531208038,-0.6580387949943542,1.284442663192749,-0.012659839354455471,0.7312561273574829,0.04488589987158775,-0.28173646330833435,0.4168762266635895,-0.31291860342025757,-0.3666166365146637,-0.012404810637235641,0.6031521558761597,1.0603232383728027,-0.8590825200080872,-0.2194403111934662,-0.056600384414196014,0.4267439544200897,0.2598671615123749,0.9967023730278015,-0.9545193314552307,0.7317255735397339,-0.14604520797729492,-0.4384371042251587,0.3612481355667114,0.4976317584514618,-0.3209950625896454,-0.42962127923965454,0.34553444385528564,-0.8897779583930969,0.02621769905090332,0.11352075636386871,0.01993595063686371,0.7984519600868225,-0.590366542339325,0.11807525157928467,-0.5118024945259094,-0.7688572406768799,-0.3832971155643463,0.18403983116149902,-0.44746628403663635,-0.03238406032323837,-0.14088964462280273,-0.9112201929092407,-0.3870760500431061,-0.01613125205039978,0.39303696155548096,-0.9193812608718872,0.3424355983734131,-0.015484691597521305,-0.0310000479221344,-0.02549457550048828,0.999674916267395,1.42205999509315e-06,-0.999674916267395,-0.02549457550048828,4.3169853825020255e-07,0.2314387559890747,-0.12685070931911469,-0.031000152230262756,0.45343244075775146,0.09588131308555603,-0.030999943614006042
69,0.9284480214118958,0.039429496973752975,-0.6234625577926636,0.19331935048103333,-0.6651039123535156,1.2874666452407837,-0.005647963844239712,0.7312760353088379,0.05254323035478592,-0.2802256941795349,0.44938647747039795,-0.3146904408931732,-0.09031882882118225,0.038912802934646606,0.11183914542198181,-0.022171994671225548,-0.8829911351203918,-0.23774591088294983,-0.03500070795416832,0.4533371329307556,0.2345416247844696,0.9669051170349121,-0.9343178868293762,0.7316152453422546,-0.42461246252059937,-0.2964591681957245,0.27266037464141846,0.43295496702194214,-0.3481175899505615,-0.4260125756263733,0.2862526476383209,-0.7398330569267273,0.026306867599487305,0.1134548932313919,0.01993921399116516,0.8184881210327148,-0.5634980201721191,0.1120140478014946,-0.4875218868255615,-0.7843691110610962,-0.38351970911026,0.19480013847351074,-0.4785841405391693,-0.02480410784482956,-0.14103543758392334,-0.9366065263748169,-0.32074469327926636,0.002889067167416215,0.3235923647880554,-0.94619220495224,0.3424355983734131,-0.015484667383134365,-0.031000100076198578,-0.025494813919067383,0.9996749758720398,1.2904445156891597e-06,-0.9996749758720398,-0.025494813919067383,4.760425724725792e-07,0.2314387559890747,-0.12685070931911469,-0.031000185757875443,0.45343244075775146,0.09588136523962021,-0.031000014394521713
70,0.9320299029350281,0.01934104599058628,-0.5989782810211182,0.17383809387683868,-0.6709151268005371,1.2908107042312622,-0.001049431273713708,0.7312461137771606,0.0756484791636467,-0.2961246967315674,0.3731798231601715,-0.2948645055294037,-0.10661432147026062,0.022489022463560104,0.13287955522537231,0.07518166303634644,-0.9096879363059998,-0.2546793818473816,-0.028894050046801567,0.4742167890071869,0.21656590700149536,0.9394095540046692,-0.9164236783981323,0.7314984798431396,-0.4858194589614868,-0.2885587811470032,0.04411241039633751,0.34743428230285645,-0.24626311659812927,-0.39418086409568787,0.25298479199409485,-0.592174768447876,0.026263952255249023,0.1133827418088913,0.019929438829421997,0.8362933993339539,-0.53807532787323,0.10530116409063339,-0.4646952152252197,-0.7975313663482666,-0.3847103714942932,0.20209622383117676,-0.5079419612884521,-0.016252458095550537,-0.1622706651687622,-0.950407862663269,-0.2653171718120575,0.030117429792881012,0.2639850974082947,-0.9640564918518066,0.3424355983734131,-0.015484652481973171,-0.031000100076198578,-0.025494694709777832,0.9996749758720398,1.6519061318831518e-06,-0.9996749758720398,-0.025494694709777832,5.18969045515405e-07,0.2314387559890747,-0.1268506795167923,-0.03100021928548813,0.45343244075775146,0.09588136523962021,-0.030999980866909027
71,0.9386529326438904,-0.0015530397649854422,-0.5817225575447083,0.15581703186035156,-0.6759841442108154,1.294921636581421,0.0059520043432712555,0.7312101125717163,0.1008678525686264,-0.31220385432243347,0.2861684560775757,-0.2813013792037964,-0.26712146401405334,-0.011658933013677597,0.4429972171783447,0.7552282214164734,-0.9378601908683777,-0.270237535238266,-0.03277841955423355,0.4915485084056854,0.20002569258213043,0.9168103933334351,-0.8944485187530518,0.7314052581787109,-0.5057048201560974,-0.2614955008029938,-0.09752647578716278,0.28805646300315857,-0.22820314764976501,-0.3246374726295471,0.3093988597393036,-0.4693744480609894,0.026140928268432617,0.1133173331618309,0.019918277859687805,0.8499380350112915,-0.5167806148529053,0.10267950594425201,-0.4444625675678253,-0.8078904151916504,-0.3869958221912384,0.20466303825378418,-0.5354387164115906,-0.007272250950336456,-0.20089995861053467,-0.9548031091690063,-0.21906721591949463,0.056126147508621216,0.2120402455329895,-0.9756479263305664,0.3424355983734131,-0.015484687872231007,-0.0310000479221344,-0.02549457550048828,0.999674916267395,1.457709231544868e-06,-0.999674916267395,-0.02549457550048828,5.369646487451973e-07,0.2314387559890747,-0.1268506944179535,-0.03100014477968216,0.45343244075775146,0.09588131308555603,-0.03099995106458664
72,0.94309002161026,-0.02261408604681492,-0.5606646537780762,0.13772593438625336,-0.6793474555015564,1.2992019653320312,0.018149804323911667,0.7312129139900208,0.08130244165658951,-0.3131997287273407,0.33859238028526306,-0.2881641685962677,-0.2437792718410492,-0.005876362323760986,0.5138882398605347,0.9601619243621826,-0.9685689210891724,-0.2793447971343994,-0.031027626246213913,0.5090011954307556,0.1775052398443222,0.8957118988037109,-0.8692498803138733,0.7313816547393799,-0.47819268703460693,-0.15090149641036987,0.0066567412577569485,0.2859143316745758,-0.3132491111755371,-0.30385929346084595,0.3534122407436371,-0.028668295592069626,0.02606987953186035,0.11330914497375488,0.019916698336601257,0.8616102933883667,-0.4965030550956726,0.10541516542434692,-0.423672616481781,-0.8178820610046387,-0.38932040333747864,0.20354151725769043,-0.5613524317741394,0.0007772743701934814,-0.23865604400634766,-0.9553464651107788,-0.17423118650913239,0.06952903419733047,0.16214507818222046,-0.9843143224716187,0.3424355983734131,-0.01548465620726347,-0.031000100076198578,-0.025494813919067383,0.9996749758720398,1.3435744676826289e-06,-0.9996749758720398,-0.025494813919067383,5.585059739132703e-07,0.2314387559890747,-0.1268506944179535,-0.031000182032585144,0.45343244075775146,0.0958813801407814,-0.03100001811981201
73,0.9514369368553162,-0.044522080570459366,-0.5516830682754517,0.12218718975782394,-0.6831677556037903,1.3047770261764526,0.03366421163082123,0.7311409711837769,0.1032242476940155,-0.3290907144546509,0.15800592303276062,-0.2229577749967575,-0.1477985829114914,0.02067936211824417,0.39304274320602417,0.36147743463516235,-0.9975357055664062,-0.2860386073589325,-0.03130791708827019,0.529641330242157,0.15754444897174835,0.8733309507369995,-0.8421478867530823,0.7314044833183289,-0.4902021884918213,-0.14370393753051758,-0.0384572371840477,0.36118921637535095,-0.27657878398895264,-0.3303329348564148,0.3797535300254822,-0.008268686942756176,0.025731801986694336,0.1132877916097641,0.019896812736988068,0.8678896427154541,-0.4836660921573639,0.11329029500484467,-0.4079754054546356,-0.8241093158721924,-0.3929378092288971,0.20258688926696777,-0.5882754325866699,0.010385602712631226,-0.28045856952667236,-0.951029896736145,-0.1299429088830948,0.08395013958215714,0.11055409908294678,-0.9903181791305542,0.3424355983734131,-0.015484665520489216,-0.031000100076198578,-0.025494694709777832,0.9996749758720398,1.7152308373624692e-06,-0.9996749758720398,-0.025494694709777832,5.823753781442065e-07,0.2314387559890747,-0.1268506944179535,-0.03100021928548813,0.45343244075775146,0.09588135033845901,-0.030999980866909027
74,0.9590998291969299,-0.06553609669208527,-0.554071307182312,0.11120990663766861,-0.6886569261550903,1.3117014169692993,0.04784224554896355,0.7310433983802795,0.08467987924814224,-0.323757141828537,0.004413255490362644,-0.142649844288826,-0.24012711644172668,0.031832218170166016,0.4947294294834137,0.8420644998550415,-1.0266681909561157,-0.2932526171207428,-0.0325128436088562,0.5535485148429871,0.13693325221538544,0.8565540313720703,-0.8158800601959229,0.7313926219940186,-0.48439645767211914,-0.15309742093086243,-0.04867938160896301,0.40172696113586426,-0.2856887876987457,-0.2490479201078415,0.3680714964866638,-0.03090278059244156,0.0252225399017334,0.11321911215782166,0.019885681569576263,0.8689407706260681,-0.47949928045272827,0.12256593257188797,-0.3996778130531311,-0.825926661491394,-0.39762163162231445,0.2000272274017334,-0.6149746775627136,0.02213270217180252,-0.3219008445739746,-0.9427111148834229,-0.0876108705997467,0.09544947743415833,0.05975139141082764,-0.993639349937439,0.3424355983734131,-0.015484688803553581,-0.0310000479221344,-0.02549457550048828,0.999674916267395,1.3569340353569714e-06,-0.999674916267395,-0.02549457550048828,2.652724333529477e-07,0.2314387559890747,-0.1268506944179535,-0.03100016340613365,0.45343244075775146,0.09588131308555603,-0.030999932438135147
75,0.9614588022232056,-0.08493826538324356,-0.5574434399604797,0.10367581248283386,-0.6946138143539429,1.3192239999771118,0.059327419847249985,0.7310153245925903,0.0017499984242022038,-0.28817039728164673,-0.022364888340234756,-0.11589792370796204,-0.2833862602710724,0.04410996288061142,0.5009892582893372,0.9160856604576111,-1.0560221672058105,-0.2899490296840668,-0.03118574246764183,0.578330934047699,0.11160337924957275,0.8367533683776855,-0.7885332107543945,0.7313373684883118,-0.47038060426712036,0.054325226694345474,-0.005881677381694317,0.3776978552341461,-0.3530139625072479,-0.2848387360572815,0.38315337896347046,-0.020833037793636322,0.02488398551940918,0.11322426050901413,0.019909292459487915,0.867582380771637,-0.4796490967273712,0.13129185140132904,-0.39544978737831116,-0.8255084753036499,-0.40268468856811523,0.1950070858001709,-0.6407386660575867,0.031574636697769165,-0.3603006601333618,-0.9316706657409668,-0.04661921039223671,0.09703625738620758,0.012271881103515625,-0.995205283164978,0.3424355983734131,-0.015484652481973171,-0.031000100076198578,-0.025494813919067383,0.9996749758720398,1.372427391288511e-06,-0.9996749758720398,-0.025494813919067383,6.563267334058764e-07,0.2314387559890747,-0.1268506944179535,-0.031000174582004547,0.45343244075775146,0.0958813801407814,-0.03100002557039261
76,0.9523152112960815,-0.10006047785282135,-0.5619716644287109,0.10250069200992584,-0.7013790607452393,1.3265836238861084,0.06898308545351028,0.7309949994087219,-0.18194268643856049,-0.22065822780132294,-0.06226518005132675,-0.006115095689892769,-0.1352391242980957,0.10334452241659164,0.18900981545448303,0.1216517835855484,-1.0851424932479858,-0.2840106785297394,-0.028261899948120117,0.6032835245132446,0.0837426483631134,0.8208839297294617,-0.7607522010803223,0.7313352823257446,-0.4722355306148529,0.05870509520173073,0.014221178367733955,0.3992820382118225,-0.38764050602912903,-0.23293909430503845,0.38910767436027527,-0.02075946144759655,0.02456068992614746,0.11331769824028015,0.019956782460212708,0.860318660736084,-0.4896445870399475,0.14177441596984863,-0.39976006746292114,-0.8206287622451782,-0.40836289525032043,0.18809247016906738,-0.6643142104148865,0.04045923054218292,-0.3953174352645874,-0.9185043573379517,-0.008598209358751774,0.09200010448694229,-0.030279159545898438,-0.9952986240386963,0.3424355983734131,-0.015484655275940895,-0.031000100076198578,-0.025494694709777832,0.999674916267395,1.4301366491054068e-06,-0.999674916267395,-0.025494694709777832,1.2593034171004547e-08,0.2314387559890747,-0.1268506795167923,-0.031000252813100815,0.45343244075775146,0.09588135778903961,-0.03099994733929634
77,0.9277021884918213,-0.10783863812685013,-0.5771071910858154,0.11446699500083923,-0.709014356136322,1.3340656757354736,0.08006790280342102,0.7307471632957458,-0.4657402038574219,-0.09976835548877716,-0.25406575202941895,0.15994125604629517,-0.34053587913513184,0.16286686062812805,0.4114568829536438,0.9141631126403809,-1.1124826669692993,-0.27694201469421387,-0.03202171251177788,0.6303306818008423,0.05709272250533104,0.8188864588737488,-0.7369897365570068,0.7312460541725159,-0.4913807809352875,0.08409317582845688,-0.09886043518781662,0.4141837954521179,-0.37352806329727173,-0.03504423052072525,0.3328234553337097,-0.01287245936691761,0.02404332160949707,0.11386427283287048,0.020014271140098572,0.8379366993904114,-0.5218487977981567,0.15979944169521332,-0.4221326410770416,-0.8052978515625,-0.4162923991680145,0.1776888370513916,-0.6841443777084351,0.04892377555370331,-0.4301828145980835,-0.9025490880012512,0.018653662875294685,0.0827028825879097,-0.059978365898132324,-0.9947677850723267,0.3424355983734131,-0.01548469066619873,-0.0310000479221344,-0.02549457550048828,0.999674916267395,1.3862619425708544e-06,-0.999674916267395,-0.02549457550048828,3.456370336607506e-07,0.2314387559890747,-0.1268506944179535,-0.031000159680843353,0.45343244075775146,0.09588131308555603,-0.030999936163425446
78,0.8961507678031921,-0.11359758675098419,-0.5978235602378845,0.13126108050346375,-0.7188588976860046,1.341017723083496,0.09103710949420929,0.7306408882141113,-0.5335484147071838,-0.08892311155796051,-0.3184868097305298,0.2518967390060425,-0.2548893988132477,0.1667359173297882,0.27803635597229004,0.8341861963272095,-1.1397935152053833,-0.2596927583217621,-0.037993207573890686,0.6587916612625122,0.031669288873672485,0.8147801160812378,-0.7178330421447754,0.7311724424362183,-0.4706782400608063,0.2735407054424286,-0.11995808780193329,0.4147358238697052,-0.35690852999687195,-0.06269928067922592,0.26833078265190125,0.002111861715093255,0.023563146591186523,0.11402680724859238,0.020002305507659912,0.8073973655700684,-0.561835765838623,0.18013903498649597,-0.45087265968322754,-0.7844661474227905,-0.42582494020462036,0.16542267799377441,-0.7032046914100647,0.054411038756370544,-0.46297669410705566,-0.8854052424430847,0.04135456681251526,0.07001101970672607,-0.0830392837524414,-0.9940840005874634,0.3424355983734131,-0.015484659932553768,-0.031000100076198578,-0.025494813919067383,0.9996749758720398,1.4150449487715377e-06,-0.9996749758720398,-0.025494813919067383,7.350757300628175e-07,0.2314387559890747,-0.1268506944179535,-0.03100017085671425,0.45343244075775146,0.0958813726902008,-0.031000029295682907
79,0.862861692905426,-0.11721619218587875,-0.6210206747055054,0.15125320851802826,-0.7273977994918823,1.3470678329467773,0.09527892619371414,0.7305961847305298,-0.5463758707046509,-0.06563553214073181,-0.34532853960990906,0.3149065673351288,-0.14194756746292114,0.13661903142929077,0.06598715484142303,0.5584284663200378,-1.1653845310211182,-0.24004895985126495,-0.04859261214733124,0.6872284412384033,0.007947923615574837,0.8168255686759949,-0.7017227411270142,0.7311322689056396,-0.4813455641269684,0.28154394030570984,-0.19697706401348114,0.4221191108226776,-0.3339192867279053,0.023083729669451714,0.22571003437042236,0.0038024780806154013,0.023174524307250977,0.1140584945678711,0.019978508353233337,0.7733635902404785,-0.6030223965644836,0.19563405215740204,-0.48209038376808167,-0.7597951889038086,-0.43623438477516174,0.15059638023376465,-0.7194995880126953,0.05825977027416229,-0.4955102205276489,-0.8667137026786804,0.057246364653110504,0.05473584681749344,-0.09693253040313721,-0.9937847852706909,0.3424355983734131,-0.015484653413295746,-0.031000100076198578,-0.02549457550048828,0.9996749758720398,1.6281074977086973e-06,-0.9996749758720398,-0.02549457550048828,4.0657184285919357e-07,0.23143872618675232,-0.1268506646156311,-0.031000230461359024,0.45343244075775146,0.09588135778903961,-0.03099996969103813
80,0.8298424482345581,-0.11837474256753922,-0.6450228691101074,0.17382565140724182,-0.7329213619232178,1.3519753217697144,0.09078164398670197,0.7305691242218018,-0.5395493507385254,-0.031202813610434532,-0.3557177484035492,0.35190215706825256,-0.10202085971832275,0.11746222525835037,-0.05236722528934479,0.6182469725608826,-1.1908868551254272,-0.22139480710029602,-0.06196531653404236,0.7158358693122864,-0.014725458808243275,0.8283782601356506,-0.6867061257362366,0.7310816049575806,-0.48440009355545044,0.26547694206237793,-0.2337646335363388,0.41927456855773926,-0.31895896792411804,0.1588418036699295,0.210344135761261,0.011948371306061745,0.022933244705200195,0.11410123109817505,0.019964002072811127,0.7381508350372314,-0.6430215835571289,0.20409949123859406,-0.5140167474746704,-0.7319977283477783,-0.4471759796142578,0.1329352855682373,-0.7325410842895508,0.06146068871021271,-0.5290284156799316,-0.8459302186965942,0.0673133134841919,0.0365426242351532,-0.10195815563201904,-0.9941173195838928,0.3424355983734131,-0.015484694391489029,-0.0310000479221344,-0.02549457550048828,0.999674916267395,1.420718490408035e-06,-0.999674916267395,-0.02549457550048828,4.286617922844016e-07,0.2314387559890747,-0.12685070931911469,-0.031000152230262756,0.45343244075775146,0.09588131308555603,-0.030999943614006042
81,0.7980846762657166,-0.1177898719906807,-0.6690881848335266,0.19759558141231537,-0.7355371713638306,1.3558197021484375,0.08219935745000839,0.7305719256401062,-0.5227479934692383,-0.007216130383312702,-0.35751718282699585,0.364408403635025,-0.05477408319711685,0.09068956971168518,-0.11975058168172836,0.5798711180686951,-1.217156171798706,-0.20629708468914032,-0.07097042351961136,0.744337797164917,-0.0380295105278492,0.8440911769866943,-0.6694348454475403,0.7311004996299744,-0.4519432783126831,0.19539551436901093,-0.15436793863773346,0.43193957209587097,-0.3267051577568054,0.21445412933826447,0.24211353063583374,0.015804562717676163,0.022710561752319336,0.11408571898937225,0.019963204860687256,0.7014506459236145,-0.6813746690750122,0.20903483033180237,-0.5452148914337158,-0.7018938064575195,-0.4583510756492615,0.11513495445251465,-0.7438005805015564,0.06567850708961487,-0.5604878664016724,-0.8244317770004272,0.07852239161729813,0.016352267935872078,-0.10581374168395996,-0.994251549243927,0.3424355983734131,-0.015484664589166641,-0.031000100076198578,-0.025494813919067383,0.9996749758720398,1.3014328033023048e-06,-0.9996749758720398,-0.025494813919067383,4.545549643353297e-07,0.2314387559890747,-0.12685070931911469,-0.03100018948316574,0.45343244075775146,0.0958813726902008,-0.031000010669231415
82,0.7687506079673767,-0.11644502729177475,-0.6926963925361633,0.22134511172771454,-0.7355132102966309,1.3589214086532593,0.07510741800069809,0.7305684685707092,-0.484787255525589,0.002103246981278062,-0.34975025057792664,0.3661608099937439,-0.009355217218399048,0.07936139404773712,-0.10628964006900787,0.5772960186004639,-1.2427483797073364,-0.19711028039455414,-0.07520595192909241,0.7729408740997314,-0.06217312067747116,0.8629956841468811,-0.650573194026947,0.731141209602356,-0.43641769886016846,0.0930677130818367,-0.08403133600950241,0.4436514973640442,-0.33893734216690063,0.257053017616272,0.2640816271305084,-0.0019033189164474607,0.022470712661743164,0.11406181007623672,0.019969336688518524,0.66237473487854,-0.7177565693855286,0.21467489004135132,-0.5743592381477356,-0.670500636100769,-0.46961748600006104,0.09839224815368652,-0.7540152072906494,0.0722467303276062,-0.5879614353179932,-0.8035032749176025,0.09318847209215164,-0.004584670532494783,-0.1118934154510498,-0.9937096834182739,0.3424355983734131,-0.01548469252884388,-0.0310000479221344,-0.02549457550048828,0.999674916267395,1.3884921372664394e-06,-0.999674916267395,-0.02549457550048828,3.639640908659203e-07,0.2314387559890747,-0.12685070931911469,-0.031000155955553055,0.45343244075775146,0.09588131308555603,-0.030999939888715744
83,0.7418152093887329,-0.11550382524728775,-0.7150328159332275,0.24427704513072968,-0.7333246469497681,1.3617630004882812,0.07158990949392319,0.7305781841278076,-0.44606491923332214,-0.0033482839353382587,-0.33422622084617615,0.35355615615844727,0.012968460097908974,0.10215359926223755,-0.055213212966918945,0.5743007659912109,-1.2672524452209473,-0.19778555631637573,-0.07481282949447632,0.8013969659805298,-0.08711453527212143,0.8852079510688782,-0.6290469765663147,0.7312120199203491,-0.4009959399700165,-0.08357030898332596,-0.011374855414032936,0.46216756105422974,-0.34923994541168213,0.3001435697078705,0.3013262450695038,-0.012986461631953716,0.022248029708862305,0.11412157118320465,0.01998298615217209,0.6209352612495422,-0.7516492605209351,0.22240237891674042,-0.6006624102592468,-0.6385546922683716,-0.4810950756072998,0.08315014839172363,-0.7637847661972046,0.08290822803974152,-0.6125202178955078,-0.7823092341423035,0.1131872832775116,-0.025196677073836327,-0.12379622459411621,-0.9919878244400024,0.3424355983734131,-0.015484659932553768,-0.031000100076198578,-0.025494813919067383,0.9996749758720398,1.4078868844080716e-06,-0.9996749758720398,-0.025494813919067383,7.589700885546335e-07,0.2314387559890747,-0.1268506944179535,-0.03100016713142395,0.45343244075775146,0.0958813726902008,-0.031000033020973206
84,0.7157411575317383,-0.11816664040088654,-0.7327343821525574,0.2643126845359802,-0.7304912209510803,1.3653528690338135,0.06899809092283249,0.7306628227233887,-0.44084644317626953,-0.04509616643190384,-0.28477171063423157,0.2711902856826782,-0.07822751998901367,0.10070876777172089,0.06119425967335701,0.6711544394493103,-1.2905762195587158,-0.21062906086444855,-0.0635347068309784,0.8297821283340454,-0.11347595602273941,0.911140501499176,-0.6046053767204285,0.73129802942276,-0.29809242486953735,-0.28833767771720886,0.17076784372329712,0.4785946011543274,-0.3679419755935669,0.34889015555381775,0.34180518984794617,0.03725430741906166,0.022135496139526367,0.11436528712511063,0.02001112699508667,0.5811381936073303,-0.7808638215065002,0.22919444739818573,-0.6222594976425171,-0.6078730821609497,-0.4932377338409424,0.07187962532043457,-0.7729648947715759,0.09894557297229767,-0.6295254230499268,-0.7640589475631714,0.14110995829105377,-0.046189580112695694,-0.14449083805084229,-0.9884275794029236,0.3424355983734131,-0.015484652481973171,-0.031000100076198578,-0.025494813919067383,0.9996749758720398,1.6260161146419705e-06,-0.9996749758720398,-0.025494813919067383,4.3807921201732825e-07,0.2314387559890747,-0.1268506944179535,-0.031000226736068726,0.45343244075775146,0.0958813801407814,-0.03099997341632843
85,0.6947010159492493,-0.12090852856636047,-0.7439994812011719,0.28106674551963806,-0.7250011563301086,1.3684860467910767,0.06388036161661148,0.7307098507881165,-0.35398223996162415,-0.04309840127825737,-0.16530680656433105,0.23633509874343872,0.1097339615225792,-0.06799782067537308,-0.09848198294639587,0.08836140483617783,-1.3075112104415894,-0.23121397197246552,-0.042243726551532745,0.8586407899856567,-0.14037387073040009,0.9377246499061584,-0.5782737135887146,0.7313669919967651,-0.14868740737438202,-0.3969256281852722,0.33297187089920044,0.4859512150287628,-0.37310585379600525,0.35770702362060547,0.3682778775691986,0.017861591652035713,0.02245306968688965,0.11521290987730026,0.020013749599456787,0.5493068099021912,-0.8028922080993652,0.23157306015491486,-0.6380688548088074,-0.5819575786590576,-0.5041760206222534,0.0670311450958252,-0.7816774249076843,0.11922989785671234,-0.6356840133666992,-0.7515789270401001,0.17616774141788483,-0.06659630686044693,-0.17396724224090576,-0.982496976852417,0.3424355983734131,-0.015484691597521305,-0.0310000479221344,-0.02549457550048828,0.999674916267395,1.4245543979996e-06,-0.999674916267395,-0.02549457550048828,4.468479914976342e-07,0.2314387559890747,-0.12685070931911469,-0.031000152230262756,0.45343244075775146,0.09588131308555603,-0.030999943614006042
86,0.6851156949996948,-0.12389307469129562,-0.7484781742095947,0.29660341143608093,-0.7147815823554993,1.3719571828842163,0.05364758148789406,0.7308348417282104,-0.12545698881149292,-0.04987070709466934,-0.05443983152508736,0.22616638243198395,0.20405948162078857,-0.0587226077914238,-0.18820764124393463,-0.06838388741016388,-1.3121566772460938,-0.25696656107902527,-0.016315817832946777,0.887727677822113,-0.1672467291355133,0.9649114608764648,-0.5508696436882019,0.7314186096191406,0.06838642060756683,-0.47823506593704224,0.417277991771698,0.4930518865585327,-0.36795076727867126,0.36672207713127136,0.38352057337760925,-0.05162925273180008,0.0252225399017334,0.11749938130378723,0.020014286041259766,0.5310794115066528,-0.8160775303840637,0.22797396779060364,-0.6454668641090393,-0.5639480352401733,-0.5151070952415466,0.06935763359069824,-0.7891066670417786,0.1425873190164566,-0.6306964159011841,-0.7454589009284973,0.2156684696674347,-0.08476350456476212,-0.21007442474365234,-0.9740040302276611,0.3424355983734131,-0.015484655275940895,-0.031000100076198578,-0.025494813919067383,0.9996749758720398,1.284910013055196e-06,-0.9996749758720398,-0.025494813919067383,4.964373943039391e-07,0.2314387559890747,-0.1268506944179535,-0.031000182032585144,0.45343244075775146,0.0958813801407814,-0.03100001811981201
87,0.6804887056350708,-0.12657561898231506,-0.7514285445213318,0.31218549609184265,-0.7035300135612488,1.3751451969146729,0.03825093433260918,0.7308575510978699,-0.09272250533103943,-0.04723682254552841,-0.041109438985586166,0.23143929243087769,0.21569114923477173,-0.06206946447491646,-0.2586224377155304,-0.11193584650754929,-1.297074556350708,-0.2854677736759186,0.010446343570947647,0.9173040986061096,-0.19202065467834473,0.9918721318244934,-0.5227658748626709,0.731434166431427,0.42248496413230896,-0.5174343585968018,0.4658827483654022,0.4997476041316986,-0.3335058391094208,0.3624174892902374,0.39345070719718933,-0.06004660949110985,0.0292971134185791,0.12012513726949692,0.02001391351222992,0.5201496481895447,-0.8253232836723328,0.2197403907775879,-0.6491325497627258,-0.5492293834686279,-0.5262832641601562,0.08159089088439941,-0.7943398356437683,0.1680814027786255,-0.6129064559936523,-0.747380256652832,0.25645339488983154,-0.09592276811599731,-0.2517828941345215,-0.9630182385444641,0.3424355983734131,-0.015484651550650597,-0.031000100076198578,-0.025494694709777832,0.9996749758720398,1.6597084595559863e-06,-0.9996749758720398,-0.025494694709777832,5.154310542820895e-07,0.2314387559890747,-0.1268506795167923,-0.031000223010778427,0.45343244075775146,0.09588136523962021,-0.03099997714161873
88,0.6755119562149048,-0.13050614297389984,-0.750383734703064,0.3278305232524872,-0.6912311911582947,1.378440260887146,0.02268524467945099,0.7308798432350159,-0.08842030167579651,-0.06842632591724396,0.01795288547873497,0.2322983294725418,0.23265276849269867,-0.0604160875082016,-0.26134052872657776,-0.12418889999389648,-1.27107834815979,-0.3149680495262146,0.03927304595708847,0.947279155254364,-0.2123866081237793,1.019141674041748,-0.49410027265548706,0.7314341068267822,0.539474368095398,-0.5324946045875549,0.4866299331188202,0.5017637014389038,-0.27225974202156067,0.3680802583694458,0.4014943838119507,-0.07186956703662872,0.03431534767150879,0.12322031706571579,0.020013175904750824,0.5113159418106079,-0.8330519199371338,0.2111409455537796,-0.6502721905708313,-0.5356667041778564,-0.5387090444564819,0.1008141040802002,-0.796474277973175,0.19460558891296387,-0.5890791416168213,-0.752168595790863,0.2953447103500366,-0.09887798130512238,-0.2956509590148926,-0.9501651525497437,0.3424355983734131,-0.015484683215618134,-0.0310000479221344,-0.02549457550048828,0.999674916267395,1.4517593172058696e-06,-0.999674916267395,-0.02549457550048828,5.410980747910799e-07,0.2314387559890747,-0.1268506944179535,-0.03100014477968216,0.45343244075775146,0.09588132053613663,-0.03099995106458664
89,0.6697503328323364,-0.1364337056875229,-0.7456629276275635,0.34356194734573364,-0.6778789162635803,1.382016897201538,0.006352700293064117,0.7308930158615112,-0.09676438570022583,-0.10066762566566467,0.07111296057701111,0.23533011972904205,0.25104063749313354,-0.05828864872455597,-0.27448683977127075,-0.1418154239654541,-1.2418854236602783,-0.3448195159435272,0.06896326690912247,0.9773909449577332,-0.22742009162902832,1.046644687652588,-0.46512743830680847,0.7314096093177795,0.5654525756835938,-0.5395572781562805,0.49578234553337097,0.5023029446601868,-0.1976310908794403,0.37206923961639404,0.4058969020843506,-0.07361364364624023,0.04022049903869629,0.1269131600856781,0.020012274384498596,0.5042818784713745,-0.8396901488304138,0.20154467225074768,-0.6490853428840637,-0.5225145816802979,-0.5528714656829834,0.12304568290710449,-0.7953460812568665,0.22146227955818176,-0.5662546157836914,-0.7551048994064331,0.3304121494293213,-0.09419801831245422,-0.33895933628082275,-0.9360731840133667,0.3424355983734131,-0.015484655275940895,-0.031000100076198578,-0.025494813919067383,0.9996749758720398,1.338739593848004e-06,-0.9996749758720398,-0.025494813919067383,5.58498754799075e-07,0.2314387559890747,-0.1268506944179535,-0.031000182032585144,0.45343244075775146,0.0958813801407814,-0.03100001811981201
90,0.6635454893112183,-0.14428675174713135,-0.7395659685134888,0.35948044061660767,-0.6640844345092773,1.3856785297393799,-0.010136309079825878,0.7308924198150635,-0.10722514986991882,-0.13115373253822327,0.08973250538110733,0.23950549960136414,0.2597947120666504,-0.05970868468284607,-0.2778823673725128,-0.1385500282049179,-1.2118383646011353,-0.3748098909854889,0.09892938286066055,1.0075448751449585,-0.2357303947210312,1.074399709701538,-0.43599337339401245,0.7313653230667114,0.5705324411392212,-0.5433970093727112,0.5012819170951843,0.5016064643859863,-0.10477689653635025,0.3753281533718109,0.4078502655029297,-0.04545735567808151,0.04676699638366699,0.13103996217250824,0.02001103013753891,0.49765902757644653,-0.8459835648536682,0.1914348006248474,-0.6462063789367676,-0.5088425874710083,-0.5687676072120667,0.1470506191253662,-0.790630042552948,0.24813738465309143,-0.54721999168396,-0.7557471990585327,0.3597175180912018,-0.08150825649499893,-0.37961578369140625,-0.9215466976165771,0.3424355983734131,-0.015484664589166641,-0.031000100076198578,-0.025494694709777832,0.9996749758720398,1.7002407730615232e-06,-0.9996749758720398,-0.025494694709777832,5.858090048604936e-07,0.2314387559890747,-0.1268506944179535,-0.03100021928548813,0.45343244075775146,0.09588135778903961,-0.030999980866909027
91,0.6573104858398438,-0.15285390615463257,-0.7343463897705078,0.3757624626159668,-0.6501560211181641,1.38893723487854,-0.026234230026602745,0.7308819890022278,-0.1126379519701004,-0.14209920167922974,0.07599020004272461,0.24541223049163818,0.26217830181121826,-0.0667148232460022,-0.27166032791137695,-0.11428940296173096,-1.1815422773361206,-0.40485602617263794,0.12900857627391815,1.0376499891281128,-0.2365081012248993,1.1024020910263062,-0.4067903459072113,0.7313075065612793,0.5693856477737427,-0.5459190011024475,0.5055533647537231,0.4997304677963257,0.0020916974171996117,0.37959733605384827,0.40913569927215576,-0.06798381358385086,0.05359148979187012,0.13533878326416016,0.020009830594062805,0.4900631904602051,-0.8526232838630676,0.18130549788475037,-0.6425951719284058,-0.4939061403274536,-0.585771381855011,0.17239594459533691,-0.781989574432373,0.27419090270996094,-0.5325610637664795,-0.7553074359893799,0.3819549083709717,-0.06068582087755203,-0.41603779792785645,-0.9073201417922974,0.3424355983734131,-0.015484683215618134,-0.0310000479221344,-0.025494813919067383,0.9996749758720398,1.3537788845496834e-06,-0.9996749758720398,-0.025494813919067383,2.626070454425644e-07,0.2314387559890747,-0.12685072422027588,-0.03100016340613365,0.45343244075775146,0.09588135033845901,-0.030999932438135147
92,0.651250958442688,-0.1614788919687271,-0.730523407459259,0.39249852299690247,-0.635948896408081,1.3915506601333618,-0.042749520391225815,0.7308723330497742,-0.11038186401128769,-0.14397822320461273,0.056139711290597916,0.2530575692653656,0.26683560013771057,-0.07609439641237259,-0.2774645984172821,-0.09057158976793289,-1.1510965824127197,-0.4349134564399719,0.159248486161232,1.0674599409103394,-0.23440074920654297,1.130653977394104,-0.3775750696659088,0.7312756776809692,0.5646178126335144,-0.547825276851654,0.5087003111839294,0.4942602515220642,0.04183347150683403,0.3835899233818054,0.4090339243412018,-0.057821132242679596,0.06060624122619629,0.13974988460540771,0.02000901848077774,0.48171740770339966,-0.8595807552337646,0.1704973578453064,-0.6384925842285156,-0.4775339365005493,-0.6035633683204651,0.19759202003479004,-0.7698847651481628,0.29960012435913086,-0.519749641418457,-0.7546362280845642,0.4004805088043213,-0.03562379255890846,-0.44922006130218506,-0.8927106857299805,0.3424355983734131,-0.015484649688005447,-0.031000100076198578,-0.025494813919067383,0.9996749758720398,1.3587522289526532e-06,-0.9996749758720398,-0.025494813919067383,6.505567284875724e-07,0.2314387559890747,-0.1268506944179535,-0.031000174582004547,0.45343244075775146,0.095881387591362,-0.03100002557039261
93,0.6447212100028992,-0.17057186365127563,-0.728821873664856,0.4096934497356415,-0.6217145919799805,1.3935341835021973,-0.060314130038022995,0.7308486700057983,-0.12789367139339447,-0.15391141176223755,0.022912317886948586,0.26164939999580383,0.2676491141319275,-0.08465763181447983,-0.2927980422973633,-0.049928218126297,-1.1206231117248535,-0.4650031328201294,0.1896001249551773,1.0963531732559204,-0.23171497881412506,1.1591488122940063,-0.34838587045669556,0.7312556505203247,0.5582224726676941,-0.5479549765586853,0.5110995173454285,0.47809308767318726,0.05034337192773819,0.3881968557834625,0.40898290276527405,-0.062117718160152435,0.06768345832824707,0.14416129887104034,0.020007163286209106,0.47201985120773315,-0.867230236530304,0.1584581434726715,-0.6341395378112793,-0.45886504650115967,-0.6223422288894653,0.22162461280822754,-0.754652738571167,0.3240674138069153,-0.5076308250427246,-0.7539549469947815,0.4169689118862152,-0.008629860356450081,-0.47948765754699707,-0.8775062561035156,0.3424355983734131,-0.015484663657844067,-0.031000100076198578,-0.025494694709777832,0.9996749758720398,1.5657055882911664e-06,-0.9996749758720398,-0.025494694709777832,3.366749012911896e-07,0.2314387559890747,-0.1268506944179535,-0.031000230461359024,0.45343244075775146,0.09588135778903961,-0.03099996969103813
94,0.6369510889053345,-0.17946504056453705,-0.7300482392311096,0.4276297092437744,-0.6072601079940796,1.394073247909546,-0.07945125550031662,0.7308133244514465,-0.12996920943260193,-0.1706741899251938,-0.016375765204429626,0.29742321372032166,0.2838582694530487,-0.133492112159729,-0.33710619807243347,0.009489795193076134,-1.090179204940796,-0.49512726068496704,0.2200229912996292,1.1232293844223022,-0.2286880761384964,1.1876773834228516,-0.31924232840538025,0.7312336564064026,0.5522599220275879,-0.5451674461364746,0.5130357146263123,0.4435074031352997,0.05521043390035629,0.3902258276939392,0.4082566499710083,-0.06314892321825027,0.07478690147399902,0.14844119548797607,0.019865401089191437,0.4599032998085022,-0.8760730028152466,0.14486239850521088,-0.6297852396965027,-0.436820387840271,-0.6423073410987854,0.24400973320007324,-0.7364583611488342,0.3469047248363495,-0.4958573579788208,-0.7536256313323975,0.4314785599708557,0.01929563283920288,-0.5063027143478394,-0.8621398210525513,0.3424355983734131,-0.01548465620726347,-0.031000100076198578,-0.025494813919067383,0.9996749758720398,1.341634174423234e-06,-0.9996749758720398,-0.025494813919067383,5.847469992659171e-07,0.2314387559890747,-0.1268506944179535,-0.031000178307294846,0.45343244075775146,0.0958813801407814,-0.03100002184510231
95,0.6344870328903198,-0.19270625710487366,-0.7338032722473145,0.45371904969215393,-0.5832253098487854,1.3709040880203247,-0.10236050188541412,0.7308540344238281,0.10371113568544388,-0.32526522874832153,-0.01981835439801216,0.5243096351623535,0.4204646348953247,-0.5187732577323914,-0.3148193061351776,0.18026813864707947,-1.0597554445266724,-0.5252675414085388,0.250476598739624,1.1462920904159546,-0.22228087484836578,1.2161048650741577,-0.29024794697761536,0.7311831116676331,0.5484458208084106,-0.5365422964096069,0.5163269639015198,0.3783494234085083,0.10318142175674438,0.39115816354751587,0.4060389995574951,-0.04215514659881592,0.09353375434875488,0.1580551564693451,0.014773942530155182,0.44536763429641724,-0.8861527442932129,0.12798844277858734,-0.6031883358955383,-0.4025996923446655,-0.6885327696800232,0.2649385929107666,-0.7149010896682739,0.36667436361312866,-0.48466217517852783,-0.7552534937858582,0.44124215841293335,0.04876279830932617,-0.5269937515258789,-0.8484691381454468,0.3424355983734131,-0.015484663657844067,-0.031000100076198578,-0.025494694709777832,0.9996749758720398,1.7265232372665196e-06,-0.9996749758720398,-0.025494694709777832,6.050804586266167e-07,0.2314387559890747,-0.1268506944179535,-0.03100021928548813,0.45343244075775146,0.09588135778903961,-0.030999980866909027
96,0.6338242888450623,-0.20387129485607147,-0.7400223612785339,0.48458415269851685,-0.5561832785606384,1.3407628536224365,-0.1262117326259613,0.7308082580566406,-0.055329374969005585,-0.1782269924879074,-0.09505623579025269,0.4797211289405823,0.37271571159362793,-0.4284413158893585,-0.33497437834739685,0.24101288616657257,-1.029274344444275,-0.555249035358429,0.28103336691856384,1.1629323959350586,-0.21249373257160187,1.2441924810409546,-0.2614918053150177,0.7311275005340576,0.5428934693336487,-0.518786609172821,0.519754946231842,0.27082517743110657,0.15164971351623535,0.390092670917511,0.402957022190094,-0.05792878195643425,0.11690878868103027,0.16834306716918945,0.010012179613113403,0.43003153800964355,-0.8958476185798645,0.11193796992301941,-0.5671996474266052,-0.36454927921295166,-0.7385043501853943,0.28384947776794434,-0.6902323961257935,0.3817516565322876,-0.4726877212524414,-0.7599203586578369,0.4461921155452728,0.07743463665246964,-0.5401880741119385,-0.8379741907119751,0.3424355983734131,-0.01548469066619873,-0.0310000479221344,-0.025494694709777832,0.9996749758720398,1.3578903690358857e-06,-0.9996749758720398,-0.025494694709777832,2.929352547198505e-07,0.2314387559890747,-0.12685072422027588,-0.03100016340613365,0.45343244075775146,0.09588132798671722,-0.030999932438135147
97,0.6263357400894165,-0.21127645671367645,-0.7526328563690186,0.5148091316223145,-0.530083179473877,1.3107770681381226,-0.15145772695541382,0.7307435870170593,-0.18126507103443146,-0.13815243542194366,-0.19371452927589417,0.48357701301574707,0.35775285959243774,-0.4284508228302002,-0.35465824604034424,0.3195591866970062,-0.9985873699188232,-0.5837107300758362,0.31168892979621887,1.1673941612243652,-0.19896933436393738,1.271519422531128,-0.2333199679851532,0.7310466170310974,0.5346543788909912,-0.45208343863487244,0.5244439840316772,0.05816831439733505,0.20497937500476837,0.38682177662849426,0.3945874869823456,-0.04579273238778114,0.1380140781402588,0.1758243888616562,0.006721720099449158,0.4068964719772339,-0.9084970355033875,0.09522834420204163,-0.5342181324958801,-0.3212273120880127,-0.7819361686706543,0.299816370010376,-0.6629077792167664,0.38835078477859497,-0.4575822353363037,-0.7695931196212769,0.4453592300415039,0.10026949644088745,-0.5423387289047241,-0.8341550230979919,0.3424355983734131,-0.01548465434461832,-0.031000100076198578,-0.025494813919067383,0.9996749758720398,1.3829228464601329e-06,-0.9996749758720398,-0.025494813919067383,6.771919061066001e-07,0.2314387559890747,-0.1268506944179535,-0.031000174582004547,0.45343244075775146,0.0958813801407814,-0.03100002557039261
98,0.6119223237037659,-0.2130974978208542,-0.7681660056114197,0.5449778437614441,-0.5079365968704224,1.280808925628662,-0.17606954276561737,0.730744481086731,-0.2879854142665863,-0.04849189892411232,-0.23917920887470245,0.47750726342201233,0.3004399240016937,-0.4269019067287445,-0.34584853053092957,0.3366928696632385,-0.9676355123519897,-0.6068552732467651,0.34237346053123474,1.159365177154541,-0.17956940829753876,1.2982861995697021,-0.20625922083854675,0.7309452295303345,0.5275864005088806,-0.3344585597515106,0.5277464985847473,-0.1482897251844406,0.2883525788784027,0.3837686777114868,0.3787700831890106,0.022854454815387726,0.15767931938171387,0.17869383096694946,0.004924565553665161,0.3789464235305786,-0.9216993451118469,0.08288567513227463,-0.5023329854011536,-0.2800936698913574,-0.8180521130561829,0.31311964988708496,-0.6336520314216614,0.3845444917678833,-0.4378635883331299,-0.7859746217727661,0.43648508191108704,0.11462292075157166,-0.5303429365158081,-0.839998722076416,0.3424355983734131,-0.01548465620726347,-0.031000100076198578,-0.025494694709777832,0.999674916267395,1.446386477255146e-06,-0.999674916267395,-0.025494694709777832,3.590446340240305e-08,0.2314387559890747,-0.1268506795167923,-0.031000252813100815,0.45343244075775146,0.09588135778903961,-0.03099994733929634
99,0.5927097201347351,-0.20905524492263794,-0.7841525077819824,0.5745975971221924,-0.49096301198005676,1.2508790493011475,-0.19979409873485565,0.7307893633842468,-0.3549697995185852,0.04063458368182182,-0.24584922194480896,0.46637898683547974,0.22729559242725372,-0.42604705691337585,-0.3333774209022522,0.3010197877883911,-0.9364731907844543,-0.6202265620231628,0.3731134831905365,1.142532229423523,-0.15568751096725464,1.3241379261016846,-0.1808508336544037,0.7308533787727356,0.5166246891021729,-0.15307950973510742,0.5275442600250244,-0.2960064709186554,0.35103678703308105,0.37378519773483276,0.3552069067955017,0.12846145033836365,0.17604899406433105,0.17663456499576569,0.0043342337012290955,0.3504592776298523,-0.933432400226593,0.07669690996408463,-0.4709503650665283,-0.24641811847686768,-0.8470443487167358,0.3240678310394287,-0.6037876605987549,0.37117820978164673,-0.4123181104660034,-0.808221161365509,0.42044302821159363,0.11824452877044678,-0.5050697326660156,-0.8549402356147766,0.3424355983734131,-0.01548469252884388,-0.0310000479221344,-0.02549457550048828,0.999674916267395,1.3949604635854485e-06,-0.999674916267395,-0.02549457550048828,3.8176631278474815e-07,0.2314387559890747,-0.12685070931911469,-0.031000155955553055,0.45343244075775146,0.09588131308555603,-0.030999939888715744
100,0.5710277557373047,-0.19667409360408783,-0.8002317547798157,0.6029422879219055,-0.4845034182071686,1.2209337949752808,-0.22154125571250916,0.73088538646698,-0.39153149724006653,0.17529426515102386,-0.24918204545974731,0.43728670477867126,0.07971284538507462,-0.42394962906837463,-0.30513060092926025,0.18603625893592834,-0.9053072929382324,-0.6210739016532898,0.40379658341407776,1.1203542947769165,-0.12896205484867096,1.3476054668426514,-0.15785430371761322,0.730778694152832,0.5046291947364807,0.05911744013428688,0.524773120880127,-0.38864850997924805,0.3905334174633026,0.3420657813549042,0.3210378587245941,0.2145126461982727,0.19233059883117676,0.16799230873584747,0.004591777920722961,0.32661378383636475,-0.9416599273681641,0.08124026656150818,-0.4423801898956299,-0.22826337814331055,-0.867292046546936,0.3329617977142334,-0.5741631984710693,0.350161075592041,-0.3805166482925415,-0.8345814943313599,0.3983476459980011,0.11051583290100098,-0.4687032699584961,-0.8764151930809021,0.3424355983734131,-0.015484657138586044,-0.031000100076198578,-0.025494813919067383,0.9996749758720398,1.4094898688199464e-06,-0.9996749758720398,-0.025494813919067383,7.776591246511089e-07,0.2314387559890747,-0.1268506944179535,-0.03100016340613365,0.45343244075775146,0.0958813726902008,-0.031000036746263504
101,0.5482129454612732,-0.1773303747177124,-0.8177695870399475,0.628584623336792,-0.4908263683319092,1.1909769773483276,-0.23985521495342255,0.7309775352478027,-0.4269393980503082,0.2816430926322937,-0.276574969291687,0.38916730880737305,-0.09929089993238449,-0.4212542772293091,-0.25651541352272034,0.07084987312555313,-0.8744139671325684,-0.6107503771781921,0.43429484963417053,1.095093846321106,-0.10072235763072968,1.3674781322479248,-0.13808713853359222,0.7307356595993042,0.4957423508167267,0.22810029983520508,0.5203116536140442,-0.4370931088924408,0.4111752510070801,0.29224517941474915,0.27555179595947266,0.26320508122444153,0.20534300804138184,0.15274064242839813,0.005232483148574829,0.3077700138092041,-0.9464747309684753,0.09727932512760162,-0.41904783248901367,-0.22663116455078125,-0.8792253732681274,0.33966946601867676,-0.5449019074440002,0.3242797255516052,-0.34309303760528564,-0.8625496029853821,0.3718809187412262,0.09264004975557327,-0.42505502700805664,-0.9004144072532654,0.3424355983734131,-0.015484658069908619,-0.031000100076198578,-0.025494694709777832,0.9996749758720398,1.6455330751341535e-06,-0.9996749758720398,-0.025494694709777832,4.452174948710308e-07,0.2314387559890747,-0.1268506795167923,-0.031000226736068726,0.45343244075775146,0.09588135778903961,-0.03099997341632843
102,0.5245985388755798,-0.15373548865318298,-0.8378521800041199,0.6496944427490234,-0.5077710747718811,1.161055088043213,-0.253831148147583,0.7310320138931274,-0.4598332643508911,0.3472541570663452,-0.3190705478191376,0.3115164637565613,-0.2466156929731369,-0.41705888509750366,-0.19534771144390106,0.02437211014330387,-0.8438625931739807,-0.5930179357528687,0.46448642015457153,1.0684207677841187,-0.07191606611013412,1.3846112489700317,-0.12291932106018066,0.7307238578796387,0.4912443161010742,0.3287856876850128,0.5140505433082581,-0.45534247159957886,0.4183177351951599,0.2542823851108551,0.21099810302257538,0.27495381236076355,0.21381163597106934,0.13256151974201202,0.0057558417320251465,0.29127299785614014,-0.9488995671272278,0.12144815921783447,-0.40291327238082886,-0.23682808876037598,-0.8840664625167847,0.34354090690612793,-0.5157066583633423,0.2962909936904907,-0.30043911933898926,-0.8900112509727478,0.3429523706436157,0.06615334749221802,-0.3781421184539795,-0.9233809113502502,0.3424355983734131,-0.01548469066619873,-0.0310000479221344,-0.02549457550048828,0.999674916267395,1.4290295666796737e-06,-0.999674916267395,-0.02549457550048828,4.749569200157566e-07,0.2314387559890747,-0.1268506944179535,-0.031000148504972458,0.45343244075775146,0.09588131308555603,-0.03099994733929634
103,0.5010510087013245,-0.12877283990383148,-0.8591275215148926,0.6673067212104797,-0.5291610360145569,1.1313884258270264,-0.2624923884868622,0.7310606837272644,-0.45400112867355347,0.3630356192588806,-0.33098044991493225,0.2623273432254791,-0.3070526421070099,-0.4139154553413391,-0.12097203731536865,0.020691508427262306,-0.8136825561523438,-0.5721464157104492,0.49393725395202637,1.0406713485717773,-0.043154407292604446,1.400884747505188,-0.11198221892118454,0.730735719203949,0.4873148500919342,0.36335086822509766,0.4999394714832306,-0.46813124418258667,0.41675326228141785,0.24326170980930328,0.15179896354675293,0.25967660546302795,0.2187483310699463,0.11043159663677216,0.006280891597270966,0.2738000750541687,-0.950066864490509,0.14968793094158173,-0.3920004367828369,-0.2523559331893921,-0.8846763372421265,0.3435628414154053,-0.48653727769851685,0.2681143283843994,-0.25465548038482666,-0.9150480031967163,0.31279072165489197,0.031878210604190826,-0.33122217655181885,-0.9430142641067505,0.3424355983734131,-0.015484659932553768,-0.031000100076198578,-0.025494813919067383,0.9996749758720398,1.3113752856952487e-06,-0.9996749758720398,-0.025494813919067383,5.073376883046876e-07,0.2314387559890747,-0.1268506944179535,-0.031000185757875443,0.45343244075775146,0.0958813726902008,-0.031000014394521713
104,0.482320636510849,-0.10735750943422318,-0.879662275314331,0.6826416850090027,-0.5430616736412048,1.1035410165786743,-0.2706115245819092,0.7310552597045898,-0.3618680536746979,0.3061513900756836,-0.29988136887550354,0.3125571310520172,-0.25328248739242554,-0.4316764175891876,-0.11535298079252243,0.029934093356132507,-0.7845312356948853,-0.5522193908691406,0.5224153399467468,1.0123026371002197,-0.014510349370539188,1.4188987016677856,-0.10143042355775833,0.7307688593864441,0.4757539927959442,0.332369863986969,0.4814227521419525,-0.46972906589508057,0.41301438212394714,0.26818016171455383,0.1460745483636856,0.23154817521572113,0.22273707389831543,0.09196574985980988,0.006711781024932861,0.25627630949020386,-0.9511739611625671,0.1720193475484848,-0.3816148042678833,-0.2630690336227417,-0.8860953450202942,0.3388702869415283,-0.4577125608921051,0.241379976272583,-0.21154069900512695,-0.9356807470321655,0.28240424394607544,-0.009390385821461678,-0.28698432445526123,-0.9578893184661865,0.3498208522796631,-0.02825639210641384,-0.03100080043077469,-0.06741607189178467,0.9977248907089233,4.171328328084201e-06,-0.9977248907089233,-0.06741607189178467,7.1986605689744465e-06,0.24359440803527832,-0.144181489944458,-0.03100043535232544,0.45604729652404785,0.08766869455575943,-0.031001165509223938
105,0.4767816364765167,-0.10626988112926483,-0.8875899910926819,0.6973461508750916,-0.5373729467391968,1.0807522535324097,-0.2896616458892822,0.7310401797294617,0.06563916802406311,-0.031631600111722946,-0.06802664697170258,0.24517543613910675,0.08716592192649841,-0.3328269124031067,-0.2669769823551178,0.012234387919306755,-0.7674837708473206,-0.543417751789093,0.5475030541419983,0.9871059656143188,0.014602448791265488,1.4270555973052979,-0.08917491137981415,0.7308396100997925,0.27498847246170044,0.11358627676963806,0.3860006630420685,-0.3697589039802551,0.4119081497192383,0.11970063298940659,0.17086203396320343,0.138080894947052,0.234940767288208,0.08671129494905472,0.008402831852436066,0.2554759383201599,-0.9508854150772095,0.17478233575820923,-0.35341235995292664,-0.26011908054351807,-0.8985753059387207,0.3343536853790283,-0.43500059843063354,0.22217708826065063,-0.18808794021606445,-0.9478517770767212,0.2572934031486511,-0.03730398789048195,-0.25488555431365967,-0.9662513732910156,0.3544595241546631,-0.036449503153562546,-0.031000029295682907,-0.08772647380828857,0.9961445927619934,3.2603736599412514e-08,-0.9961445927619934,-0.08772647380828857,1.4589821262234182e-07,0.25061658024787903,-0.15451446175575256,-0.031000014394521713,0.45830246806144714,0.08161544799804688,-0.0310000441968441
106,0.4844319820404053,-0.1225539818406105,-0.8819390535354614,0.71254563331604,-0.5243112444877625,1.0759303569793701,-0.31443431973457336,0.7310476303100586,0.22763502597808838,-0.2895309031009674,0.12116150557994843,0.26865294575691223,0.18952059745788574,-0.08092973381280899,-0.34682220220565796,-0.003325057914480567,-0.7644649147987366,-0.5459774732589722,0.5655337572097778,0.9744532108306885,0.043409477919340134,1.4205724000930786,-0.07550173997879028,0.7308858036994934,0.05363897606730461,-0.08189187943935394,0.24951650202274323,-0.13796919584274292,0.4020977020263672,-0.09842704236507416,0.19074706733226776,0.10811473429203033,0.25117993354797363,0.09173231571912766,0.01334824413061142,0.2754976153373718,-0.9469414353370667,0.16553856432437897,-0.3196577727794647,-0.25264477729797363,-0.913230299949646,0.336597204208374,-0.4204657971858978,0.21416392922401428,-0.18838119506835938,-0.9527992010116577,0.23808839917182922,-0.03557148948311806,-0.23565006256103516,-0.9711867570877075,0.3555595874786377,-0.03848789259791374,-0.030999992042779922,-0.09113633632659912,0.9958385229110718,-1.7952312418856309e-06,-0.9958385229110718,-0.09113633632659912,2.8141539587522857e-06,0.2521214485168457,-0.15690767765045166,-0.030999477952718735,0.4589977264404297,0.07993188500404358,-0.03100050613284111
107,0.49640509486198425,-0.14379920065402985,-0.8755120038986206,0.7251347303390503,-0.5063019394874573,1.0690163373947144,-0.33902090787887573,0.7310104370117188,0.2117539942264557,-0.3391999304294586,0.10951434820890427,0.21161021292209625,0.25685250759124756,-0.10600205510854721,-0.34415778517723083,-0.007498379796743393,-0.7559605240821838,-0.5480466485023499,0.5851266980171204,0.9652546644210815,0.07193899154663086,1.4093748331069946,-0.06424015760421753,0.7308984398841858,0.20064236223697662,-0.02747206762433052,0.3477860689163208,-0.13913024961948395,0.4129887819290161,-0.15436893701553345,0.15708985924720764,0.08913132548332214,0.2690756320953369,0.10088308900594711,0.01831129938364029,0.297432005405426,-0.942465603351593,0.15261995792388916,-0.28019678592681885,-0.2389829158782959,-0.9297187924385071,0.34172987937927246,-0.4040094017982483,0.20780831575393677,-0.1797797679901123,-0.9587495923042297,0.2201780080795288,-0.02617204189300537,-0.2190837860107422,-0.9753549098968506,0.3555586338043213,-0.038488566875457764,-0.031000062823295593,-0.09113478660583496,0.9958385229110718,1.3468139741235063e-06,-0.9958385229110718,-0.09113478660583496,8.239978228630207e-07,0.25212031602859497,-0.15690818428993225,-0.03100011497735977,0.4589969515800476,0.07993104308843613,-0.031000010669231415
108,0.5084492564201355,-0.16141799092292786,-0.8698228597640991,0.7348613739013672,-0.4894660413265228,1.0621471405029297,-0.3613247573375702,0.731009304523468,0.22382852435112,-0.26493385434150696,0.10036773234605789,0.1551271677017212,0.2393241971731186,-0.10225428640842438,-0.3122241199016571,-0.007209716364741325,-0.7478901147842407,-0.5498121380805969,0.602645993232727,0.9553362727165222,0.10045798867940903,1.3963344097137451,-0.05231267958879471,0.7308818101882935,0.1388521045446396,-0.01883881166577339,0.27147164940834045,-0.1515088975429535,0.40384119749069214,-0.1802486777305603,0.16640973091125488,0.11155744642019272,0.28433966636657715,0.11012884229421616,0.022658653557300568,0.31923776865005493,-0.9371265172958374,0.14100082218647003,-0.24607741832733154,-0.2256547212600708,-0.9426165819168091,0.34650158882141113,-0.38835662603378296,0.20148572325706482,-0.17445456981658936,-0.9638853073120117,0.20122307538986206,-0.016554804518818855,-0.20145678520202637,-0.9793574810028076,0.3555586338043213,-0.038488540798425674,-0.03100011497735977,-0.09113454818725586,0.9958385825157166,1.4771884480069275e-06,-0.9958385825157166,-0.09113454818725586,5.329146119947836e-07,0.2521202862262726,-0.15690813958644867,-0.03100021556019783,0.45899698138237,0.07993105053901672,-0.031000014394521713
109,0.5200971961021423,-0.1755601167678833,-0.8654702305793762,0.7418970465660095,-0.4732065796852112,1.053517460823059,-0.3807077407836914,0.7310036420822144,0.19987685978412628,-0.21489684283733368,0.07647603005170822,0.11586015671491623,0.23100820183753967,-0.12622226774692535,-0.27114397287368774,0.013009434565901756,-0.7407222986221313,-0.5499624609947205,0.6178315877914429,0.9432493448257446,0.12872666120529175,1.3817780017852783,-0.03977213799953461,0.7308602929115295,0.13025517761707306,0.014180941507220268,0.24651895463466644,-0.19242489337921143,0.4011394679546356,-0.19952444732189178,0.17483386397361755,0.1396998018026352,0.2976038455963135,0.11921417713165283,0.026105046272277832,0.3387919068336487,-0.9317244291305542,0.13080398738384247,-0.2157968282699585,-0.2122706174850464,-0.9530860781669617,0.35027098655700684,-0.3738645613193512,0.19428133964538574,-0.17308855056762695,-0.9682096242904663,0.180584117770195,-0.00935027189552784,-0.18172788619995117,-0.9833044409751892,0.3555586338043213,-0.03848857060074806,-0.031000062823295593,-0.09113478660583496,0.9958385825157166,1.3549130244427943e-06,-0.9958385825157166,-0.09113478660583496,7.865135103202192e-07,0.25212031602859497,-0.15690819919109344,-0.03100011870265007,0.4589969515800476,0.07993105053901672,-0.031000006943941116
110,0.5308529138565063,-0.18476656079292297,-0.8628393411636353,0.7458274364471436,-0.45796671509742737,1.044203519821167,-0.3960059881210327,0.7310087084770203,0.18639713525772095,-0.13005401194095612,0.048779118806123734,0.05582364648580551,0.21584628522396088,-0.13252247869968414,-0.21406953036785126,-0.007656007073819637,-0.7351399660110474,-0.5489460825920105,0.6299929618835449,0.9296336770057678,0.1566917449235916,1.3657625913619995,-0.02648598700761795,0.7308394908905029,0.09179435670375824,0.03219427540898323,0.1901242583990097,-0.2127203345298767,0.3940182030200958,-0.22070090472698212,0.18513523042201996,0.16884344816207886,0.30785393714904785,0.12758004665374756,0.02809382975101471,0.35447001457214355,-0.9270942807197571,0.12184867262840271,-0.19232791662216187,-0.19981074333190918,-0.9607733488082886,0.3533642292022705,-0.3610185384750366,0.18673169612884521,-0.1772756576538086,-0.9713436365127563,0.15831908583641052,-0.0034739673137664795,-0.16024839878082275,-0.9870705604553223,0.3555586338043213,-0.03848855569958687,-0.03100011497735977,-0.09113466739654541,0.9958385229110718,1.467698666601791e-06,-0.9958385229110718,-0.09113466739654541,4.945965201841318e-07,0.25212031602859497,-0.15690815448760986,-0.03100021928548813,0.4589969515800476,0.07993103563785553,-0.031000010669231415
111,0.5424906015396118,-0.19006505608558655,-0.8623829483985901,0.7472238540649414,-0.4420572519302368,1.0351563692092896,-0.4072743058204651,0.7309997081756592,0.2037108838558197,-0.07198063284158707,0.01939167082309723,0.016497021540999413,0.2256002277135849,-0.12810519337654114,-0.15763963758945465,0.029743779450654984,-0.7337154150009155,-0.5469294190406799,0.6389134526252747,0.9142900109291077,0.18412694334983826,1.350441336631775,-0.012663071043789387,0.7308167219161987,0.013164583593606949,0.05675573647022247,0.13178981840610504,-0.24651719629764557,0.38352853059768677,-0.2097913771867752,0.19254451990127563,0.20223157107830048,0.315563440322876,0.13601849973201752,0.02864409238100052,0.36604630947113037,-0.9237827658653259,0.1124071329832077,-0.17508678138256073,-0.18699860572814941,-0.966631293296814,0.3550221920013428,-0.3508020043373108,0.17871186137199402,-0.18965578079223633,-0.9725692272186279,0.13468442857265472,-0.00117275130469352,-0.1369495391845703,-0.9905773401260376,0.3555586338043213,-0.03848854452371597,-0.03100011497735977,-0.09113466739654541,0.9958385229110718,1.374894850414421e-06,-0.9958385229110718,-0.09113466739654541,3.3862318105093436e-07,0.25212031602859497,-0.15690815448760986,-0.031000226736068726,0.4589969515800476,0.07993105053901672,-0.031000003218650818
112,0.5561517477035522,-0.19516918063163757,-0.8648121356964111,0.7498499751091003,-0.4246756434440613,1.027736783027649,-0.41445276141166687,0.7310024499893188,0.2188299149274826,-0.08424703776836395,-0.021191459149122238,0.052428025752305984,0.24689911305904388,-0.10830475389957428,-0.10037115216255188,0.008218487724661827,-0.7386708855628967,-0.5456650257110596,0.6435534954071045,0.8991729617118835,0.21038506925106049,1.3374522924423218,5.08934426761698e-05,0.7308045029640198,-0.09546012431383133,0.038436733186244965,0.05250876024365425,-0.2344459593296051,0.36334747076034546,-0.17936336994171143,0.1768946647644043,0.22674015164375305,0.32288575172424316,0.14454855024814606,0.029471591114997864,0.37200796604156494,-0.9225265979766846,0.10273632407188416,-0.15902885794639587,-0.17238616943359375,-0.972107470035553,0.3556668758392334,-0.3443831205368042,0.171563059091568,-0.21139442920684814,-0.9710941910743713,0.11085422337055206,-0.00047791010001674294,-0.11331474781036377,-0.9935591220855713,0.3555586338043213,-0.038488566875457764,-0.031000062823295593,-0.09113478660583496,0.9958385825157166,1.249909246325842e-06,-0.9958385825157166,-0.09113478660583496,5.852744493495265e-07,0.25212031602859497,-0.15690818428993225,-0.031000133603811264,0.4589969515800476,0.07993105053901672,-0.030999992042779922
113,0.5708922147750854,-0.19955690205097198,-0.8701198697090149,0.7528882622718811,-0.4055348038673401,1.0222914218902588,-0.4165830612182617,0.7309956550598145,0.22867172956466675,-0.06595005840063095,-0.06560718268156052,0.046765442937612534,0.2682141661643982,-0.07901648432016373,-0.030115922912955284,0.09654407203197479,-0.7497471570968628,-0.5458781123161316,0.644683837890625,0.8852284550666809,0.23501698672771454,1.3262755870819092,0.01214898843318224,0.7308031916618347,-0.18961043655872345,0.014664683490991592,-0.004455868154764175,-0.21436379849910736,0.3390063941478729,-0.15520446002483368,0.1682257354259491,0.23749791085720062,0.32904982566833496,0.15303145349025726,0.03016650676727295,0.3707112669944763,-0.9241870641708374,0.09193158894777298,-0.14579357206821442,-0.15566504001617432,-0.9769915342330933,0.3560984134674072,-0.3416142463684082,0.16583463549613953,-0.2415369749069214,-0.9664009809494019,0.08791477233171463,0.0010032952995970845,-0.09084582328796387,-0.9958643913269043,0.3555586338043213,-0.03848855942487717,-0.031000062823295593,-0.09113478660583496,0.9958385825157166,1.330239115304721e-06,-0.9958385825157166,-0.09113478660583496,7.268426998052746e-07,0.25212031602859497,-0.15690818428993225,-0.031000126153230667,0.4589969515800476,0.07993105798959732,-0.03099999949336052
114,0.5848521590232849,-0.2044341266155243,-0.8781195282936096,0.7550768256187439,-0.38582053780555725,1.0196459293365479,-0.41645482182502747,0.7309547066688538,0.19150276482105255,-0.07594309747219086,-0.11315306276082993,0.032444339245557785,0.27634382247924805,-0.03771813586354256,0.0015996008878573775,0.05933238938450813,-0.7630131244659424,-0.5460348725318909,0.6461949348449707,0.8727819919586182,0.258565217256546,1.316027045249939,0.023144658654928207,0.7308139801025391,-0.20157697796821594,0.014372732490301132,0.016433607786893845,-0.19207128882408142,0.32636138796806335,-0.14169266819953918,0.15277299284934998,0.22697195410728455,0.33312344551086426,0.16096240282058716,0.030528001487255096,0.36401188373565674,-0.9280679225921631,0.07864657044410706,-0.13655301928520203,-0.1367049217224121,-0.9811550378799438,0.35674452781677246,-0.33981072902679443,0.16080152988433838,-0.2720909118652344,-0.9599867463111877,0.06627237796783447,0.0031414031982421875,-0.06975662708282471,-0.997559130191803,0.3555586338043213,-0.038488537073135376,-0.03100011497735977,-0.09113466739654541,0.9958385825157166,1.4510358141706092e-06,-0.9958385825157166,-0.09113466739654541,4.875807917414932e-07,0.25212031602859497,-0.15690815448760986,-0.03100021556019783,0.4589969515800476,0.07993106544017792,-0.031000014394521713
115,0.5970839858055115,-0.21096743643283844,-0.8877423405647278,0.7560548782348633,-0.3653414249420166,1.0191082954406738,-0.4126664996147156,0.730911910533905,0.1637057363986969,-0.10202440619468689,-0.13729612529277802,0.014614398591220379,0.28647851943969727,-0.00816864799708128,0.05270868167281151,0.11182504147291183,-0.7793752551078796,-0.5431221127510071,0.6457460522651672,0.8625152111053467,0.2796756625175476,1.3064345121383667,0.03207048773765564,0.7308037281036377,-0.2791178226470947,0.07492552697658539,-0.03513249009847641,-0.16679121553897858,0.28935080766677856,-0.13404282927513123,0.12415961176156998,0.24487778544425964,0.3355433940887451,0.16858503222465515,0.0307038351893425,0.35060054063796997,-0.9344160556793213,0.06281671673059464,-0.12973712384700775,-0.11488699913024902,-0.9848702549934387,0.3576781749725342,-0.34011733531951904,0.15626294910907745,-0.304172158241272,-0.9515666961669922,0.04472247138619423,0.005087376106530428,-0.04856884479522705,-0.9988068342208862,0.3555586338043213,-0.038488540798425674,-0.03100011497735977,-0.09113478660583496,0.9958385825157166,1.3512725445252727e-06,-0.9958385825157166,-0.09113478660583496,2.898873674439528e-07,0.25212031602859497,-0.15690816938877106,-0.031000230461359024,0.4589969515800476,0.07993108034133911,-0.03099999949336052
116,0.6075368523597717,-0.22236770391464233,-0.8986977934837341,0.7585706114768982,-0.3438483774662018,1.0188367366790771,-0.4076785445213318,0.7308869361877441,0.11657193303108215,-0.19227120280265808,-0.15885473787784576,0.060182761400938034,0.299022912979126,-0.00971134938299656,0.06924422830343246,0.16611213982105255,-0.7965624332427979,-0.5383957624435425,0.6435524225234985,0.8543425798416138,0.29818689823150635,1.2986440658569336,0.03819858282804489,0.7308099269866943,-0.2760002017021179,0.08973302692174911,-0.05151986703276634,-0.129832461476326,0.2542527914047241,-0.10903096199035645,0.08491982519626617,0.24016748368740082,0.3390696048736572,0.17589227855205536,0.032339468598365784,0.3321966528892517,-0.9421294927597046,0.04513974115252495,-0.11815845966339111,-0.08904814720153809,-0.9889940619468689,0.35852503776550293,-0.3416817784309387,0.15237048268318176,-0.3346242904663086,-0.9420417547225952,0.024162352085113525,0.006711751222610474,-0.028022289276123047,-0.9995846748352051,0.3555586338043213,-0.038488540798425674,-0.03100011497735977,-0.09113490581512451,0.9958385825157166,1.4315323824121151e-06,-0.9958385825157166,-0.09113490581512451,4.3821805206789577e-07,0.25212031602859497,-0.15690818428993225,-0.03100021928548813,0.4589969217777252,0.0799310952425003,-0.031000010669231415
117,0.6159725785255432,-0.23749300837516785,-0.9109654426574707,0.7623596787452698,-0.32155293226242065,1.0194451808929443,-0.4015108346939087,0.7308493852615356,0.08192235231399536,-0.24279165267944336,-0.18127691745758057,0.07363377511501312,0.31056562066078186,0.004107828252017498,0.08583751320838928,0.18521299958229065,-0.8138437867164612,-0.5325403213500977,0.6396963596343994,0.8486209511756897,0.3133469521999359,1.292986512184143,0.041785113513469696,0.7308228015899658,-0.2849239408969879,0.10598966479301453,-0.0812639370560646,-0.09355215728282928,0.20565643906593323,-0.07998279482126236,0.04910910129547119,0.23413319885730743,0.34311509132385254,0.18264685571193695,0.035173289477825165,0.3089723587036133,-0.950739860534668,0.02509447932243347,-0.10340723395347595,-0.05981111526489258,-0.9928392171859741,0.35925841331481934,-0.34443214535713196,0.14937692880630493,-0.36255478858947754,-0.9319456815719604,0.005606831517070532,0.008271368220448494,-0.009233713150024414,-0.9999232292175293,0.3555586338043213,-0.03848853334784508,-0.03100011497735977,-0.09113490581512451,0.9958385825157166,1.3706181789530092e-06,-0.9958385825157166,-0.09113490581512451,3.0195334943527996e-07,0.25212031602859497,-0.15690816938877106,-0.031000230461359024,0.4589969217777252,0.0799310952425003,-0.03099999949336052
118,0.6222088932991028,-0.25362181663513184,-0.9244163036346436,0.7658376693725586,-0.29983872175216675,1.0216717720031738,-0.3953867554664612,0.7308176755905151,0.04384416341781616,-0.2505429983139038,-0.2039339542388916,0.06046707183122635,0.3010949492454529,0.02893293835222721,0.08510696142911911,0.23697668313980103,-0.8282245397567749,-0.5261870622634888,0.6352242231369019,0.8441682457923889,0.3269604742527008,1.288352370262146,0.04344142600893974,0.7308348417282104,-0.2254182994365692,0.10719851404428482,-0.07670599967241287,-0.07315532863140106,0.1871108114719391,-0.06483832001686096,0.02240287885069847,0.21161112189292908,0.3461182117462158,0.18841080367565155,0.03814154863357544,0.2832823395729065,-0.9590323567390442,0.002847344381734729,-0.08974429219961166,-0.0294647216796875,-0.9955289363861084,0.36002326011657715,-0.34664154052734375,0.14686858654022217,-0.3856370449066162,-0.9225739240646362,-0.011890323832631111,0.010217727161943913,0.008616089820861816,-0.9999106526374817,0.3555586338043213,-0.038488540798425674,-0.03100011497735977,-0.09113466739654541,0.9958385229110718,1.4372774330695393e-06,-0.9958385229110718,-0.09113466739654541,4.379178335511824e-07,0.25212031602859497,-0.15690813958644867,-0.03100021928548813,0.4589969515800476,0.07993105053901672,-0.031000010669231415
119,0.6278097033500671,-0.26977458596229553,-0.9379720687866211,0.7668638825416565,-0.27843722701072693,1.0270037651062012,-0.39206284284591675,0.7307713627815247,0.05304475873708725,-0.24213175475597382,-0.20192906260490417,0.010895570740103722,0.2983039915561676,0.07583712041378021,0.045962512493133545,0.29396915435791016,-0.8382116556167603,-0.5191235542297363,0.6309317350387573,0.8398699164390564,0.3400976061820984,1.2840423583984375,0.04384192079305649,0.7308420538902283,-0.15632213652133942,0.11953183263540268,-0.06741619855165482,-0.07416879385709763,0.18152959644794464,-0.05922114476561546,0.004874684847891331,0.19925835728645325,0.34678101539611816,0.19454997777938843,0.040263935923576355,0.26052355766296387,-0.9651920795440674,-0.023059070110321045,-0.0810299813747406,0.0019404888153076172,-0.9967098236083984,0.36073756217956543,-0.34730467200279236,0.14427456259727478,-0.40315747261047363,-0.9146712422370911,-0.02899530902504921,0.011849405243992805,0.026463985443115234,-0.9995795488357544,0.3555586338043213,-0.03848853334784508,-0.03100011497735977,-0.09113478660583496,0.9958385825157166,1.3498603266270948e-06,-0.9958385825157166,-0.09113478660583496,3.1237900088854076e-07,0.25212031602859497,-0.15690815448760986,-0.031000226736068726,0.4589969515800476,0.07993108034133911,-0.031000003218650818
120,0.6345034837722778,-0.28622305393218994,-0.9503405690193176,0.7662439346313477,-0.2570684254169464,1.034638524055481,-0.39271193742752075,0.7307612895965576,0.08303652703762054,-0.24769021570682526,-0.17803236842155457,-0.009773876518011093,0.2982653081417084,0.10698456317186356,-0.009729825891554356,0.29846322536468506,-0.8443842530250549,-0.511719286441803,0.6274707317352295,0.8351762294769287,0.35344064235687256,1.2802886962890625,0.04298574849963188,0.7308483719825745,-0.09476138651371002,0.12295407801866531,-0.04956096038222313,-0.08045298606157303,0.18480481207370758,-0.05057714506983757,-0.012868532910943031,0.19191332161426544,0.3463141918182373,0.20203690230846405,0.04201529920101166,0.24450618028640747,-0.9682730436325073,-0.05161581560969353,-0.07533292472362518,0.03410154581069946,-0.9965752363204956,0.36118149757385254,-0.3462267816066742,0.1413704752922058,-0.41559648513793945,-0.908393383026123,-0.045836035162210464,0.012459399178624153,0.04470372200012207,-0.99892258644104,0.3555586338043213,-0.038488540798425674,-0.03100011497735977,-0.09113478660583496,0.9958385825157166,1.4320849004434422e-06,-0.9958385825157166,-0.09113478660583496,4.465533436359692e-07,0.25212031602859497,-0.15690816938877106,-0.03100021928548813,0.4589969515800476,0.07993108034133911,-0.031000010669231415
121,0.6418082118034363,-0.30230093002319336,-0.960847020149231,0.7643091678619385,-0.23664259910583496,1.0437790155410767,-0.3964431583881378,0.7307681441307068,0.09657368808984756,-0.23860959708690643,-0.1506522297859192,-0.032513685524463654,0.28361043334007263,0.12849196791648865,-0.05291184410452843,0.3230798542499542,-0.8462201356887817,-0.5034647583961487,0.6256841421127319,0.829018771648407,0.36844152212142944,1.2753115892410278,0.04104360565543175,0.7308468818664551,-0.021829210221767426,0.1388041228055954,-0.015286261215806007,-0.10613766312599182,0.20952129364013672,-0.06605181843042374,-0.028063926845788956,0.1896597146987915,0.3450295925140381,0.2104777842760086,0.04349111020565033,0.2350318431854248,-0.9686185717582703,-0.08085916191339493,-0.07231075316667557,0.06553435325622559,-0.9952268600463867,0.361644983291626,-0.34273603558540344,0.1376570463180542,-0.42282962799072266,-0.9039785861968994,-0.06354548037052155,0.012328359298408031,0.06437766551971436,-0.9978494644165039,0.3555586338043213,-0.038488563150167465,-0.031000062823295593,-0.09113466739654541,0.9958385229110718,1.4503337979476782e-06,-0.9958385229110718,-0.09113466739654541,1.0384218285253155e-06,0.25212031602859497,-0.15690816938877106,-0.031000103801488876,0.4589969515800476,0.07993103563785553,-0.03100002184510231
122,0.6497991681098938,-0.31837987899780273,-0.9690580368041992,0.7617185115814209,-0.21680700778961182,1.0543806552886963,-0.40340253710746765,0.7307852506637573,0.11574292182922363,-0.239202618598938,-0.11292228102684021,-0.040383145213127136,0.2755657136440277,0.1483556628227234,-0.09817663580179214,0.29812467098236084,-0.8451935052871704,-0.4941836893558502,0.6251406669616699,0.8212722539901733,0.3844987154006958,1.269866704940796,0.03828155994415283,0.7308447360992432,0.016284817829728127,0.15707683563232422,0.0018763242987915874,-0.1326807141304016,0.22394056618213654,-0.07183671742677689,-0.03950152173638344,0.18890078365802765,0.34334540367126465,0.22000685334205627,0.04506811499595642,0.2324129343032837,-0.9663219451904297,-0.1104811280965805,-0.07113895565271378,0.09639829397201538,-0.992797315120697,0.36165690422058105,-0.33753204345703125,0.13306117057800293,-0.426837682723999,-0.9006279706954956,-0.08172480016946793,0.010362655855715275,0.08549368381500244,-0.9962848424911499,0.3555586338043213,-0.038488540798425674,-0.03100011497735977,-0.09113454818725586,0.9958385825157166,1.4239739130061935e-06,-0.9958385825157166,-0.09113454818725586,4.441002090516122e-07,0.2521202862262726,-0.15690813958644867,-0.03100021928548813,0.45899698138237,0.07993105053901672,-0.031000010669231415
123,0.6580658555030823,-0.3349568247795105,-0.974852979183197,0.7596362233161926,-0.19716548919677734,1.0678297281265259,-0.4133838713169098,0.7307900190353394,0.12027743458747864,-0.24871118366718292,-0.07731714844703674,-0.030028704553842545,0.27361688017845154,0.18804584443569183,-0.14062276482582092,0.26336267590522766,-0.8443895578384399,-0.4843904972076416,0.6231988072395325,0.8129168152809143,0.3997965455055237,1.2652571201324463,0.03569530323147774,0.7308402061462402,-0.0064447312615811825,0.16491982340812683,-0.03242265805602074,-0.14013729989528656,0.21102240681648254,-0.061667364090681076,-0.03700237348675728,0.1957819014787674,0.341292142868042,0.2304878532886505,0.04724995791912079,0.2357717752456665,-0.9615655541419983,-0.14072440564632416,-0.07179660350084305,0.1271759271621704,-0.9892783164978027,0.36101412773132324,-0.3328484892845154,0.1283244490623474,-0.4326058626174927,-0.8960604667663574,-0.09963805973529816,0.007206023670732975,0.10707449913024902,-0.9942249059677124,0.3555586338043213,-0.03848855942487717,-0.031000062823295593,-0.09113478660583496,0.9958385825157166,1.4589812735721353e-06,-0.9958385825157166,-0.09113478660583496,1.0520388968870975e-06,0.25212031602859497,-0.15690818428993225,-0.031000100076198578,0.4589969515800476,0.07993105798959732,-0.03100002557039261
124,0.6665530800819397,-0.3523504137992859,-0.9793797135353088,0.7592284679412842,-0.17728154361248016,1.0847761631011963,-0.4260002374649048,0.7307870388031006,0.11978261917829514,-0.2637452781200409,-0.05977986007928848,-0.0013147782301530242,0.27871567010879517,0.2369593232870102,-0.17730242013931274,0.26937422156333923,-0.8428049087524414,-0.47434839606285095,0.6176678538322449,0.8042701482772827,0.415100634098053,1.261208176612854,0.031534720212221146,0.7308242321014404,0.0019233194179832935,0.16647858917713165,-0.08598053455352783,-0.14188726246356964,0.210769385099411,-0.05437576398253441,-0.059135545045137405,0.21852566301822662,0.33901095390319824,0.24150966107845306,0.05043040215969086,0.24328064918518066,-0.9545904397964478,-0.17196433246135712,-0.07373443990945816,0.15857696533203125,-0.9845895767211914,0.36018967628479004,-0.32875072956085205,0.12395347654819489,-0.4393796920776367,-0.8903957605361938,-0.1189160943031311,0.004802078008651733,0.1300487518310547,-0.9914959669113159,0.3555586338043213,-0.03848854452371597,-0.03100011497735977,-0.09113466739654541,0.9958385229110718,1.4228854752218467e-06,-0.9958385229110718,-0.09113466739654541,4.4357238948578015e-07,0.25212031602859497,-0.15690815448760986,-0.03100021928548813,0.4589969515800476,0.07993105053901672,-0.031000010669231415
125,0.675571084022522,-0.37062546610832214,-0.9813650846481323,0.7607519626617432,-0.15685662627220154,1.1029396057128906,-0.4418923556804657,0.7308059334754944,0.1414577066898346,-0.27734753489494324,-0.013662944547832012,0.031247975304722786,0.2865773141384125,0.2518615126609802,-0.22347699105739594,0.2530520260334015,-0.839580237865448,-0.4637224078178406,0.6106032133102417,0.7937459349632263,0.43224912881851196,1.2577558755874634,0.02648194134235382,0.7308067083358765,0.03379300981760025,0.18152333796024323,-0.09845385700464249,-0.1785496473312378,0.23701921105384827,-0.04326880723237991,-0.07173020392656326,0.2403169423341751,0.3376033306121826,0.2533486485481262,0.0549759566783905,0.25702548027038574,-0.944861114025116,-0.20291700959205627,-0.07447678595781326,0.18998032808303833,-0.9789589643478394,0.35865092277526855,-0.3237469494342804,0.11907659471035004,-0.4465453624725342,-0.8837171196937561,-0.14014744758605957,0.0012560486793518066,0.15601181983947754,-0.9877543449401855,0.3555586338043213,-0.038488563150167465,-0.031000062823295593,-0.09113466739654541,0.9958385229110718,1.4573101907444652e-06,-0.9958385229110718,-0.09113466739654541,1.040182951328461e-06,0.25212031602859497,-0.15690816938877106,-0.031000103801488876,0.4589969515800476,0.07993103563785553,-0.03100002184510231
126,0.6836401224136353,-0.38884592056274414,-0.9814077019691467,0.7652391791343689,-0.13658291101455688,1.1218401193618774,-0.46054285764694214,0.7308350205421448,0.11463604867458344,-0.280538409948349,0.008756189607083797,0.08213505148887634,0.2830050587654114,0.260311096906662,-0.2622344195842743,0.19672395288944244,-0.8345577716827393,-0.4526069462299347,0.6016244292259216,0.7822156548500061,0.4502740502357483,1.256117820739746,0.02116980403661728,0.7307929396629333,0.055674031376838684,0.1865331381559372,-0.1286325454711914,-0.19048482179641724,0.24870194494724274,-0.01831982471048832,-0.07542166113853455,0.2576145827770233,0.3372509479522705,0.2647031545639038,0.06098663806915283,0.27472829818725586,-0.933133602142334,-0.2319183647632599,-0.07326923310756683,0.22018134593963623,-0.9727033972740173,0.3562490940093994,-0.31796643137931824,0.11406025290489197,-0.45431995391845703,-0.8758872747421265,-0.16252677142620087,-0.0038909618742763996,0.18439167737960815,-0.9828451871871948,0.3555586338043213,-0.038488540798425674,-0.03100011497735977,-0.09113454818725586,0.9958385825157166,1.4320205536932917e-06,-0.9958385825157166,-0.09113454818725586,4.4693132394968416e-07,0.2521202862262726,-0.15690813958644867,-0.03100021928548813,0.45899698138237,0.07993105053901672,-0.031000010669231415
127,0.6915016770362854,-0.4066070020198822,-0.9809967279434204,0.7720296382904053,-0.11661916226148605,1.1409807205200195,-0.48016998171806335,0.730847954750061,0.11484120041131973,-0.27202388644218445,0.016779331490397453,0.11366938799619675,0.2802411913871765,0.2642923891544342,-0.2757692337036133,0.20190715789794922,-0.8284095525741577,-0.440271258354187,0.5900977253913879,0.7694743871688843,0.4686221480369568,1.2555272579193115,0.014550781808793545,0.7307759523391724,0.06264109164476395,0.21119068562984467,-0.16824661195278168,-0.21387943625450134,0.25109171867370605,-0.0032754787243902683,-0.0941099300980568,0.28797557950019836,0.3376014232635498,0.2754467725753784,0.0680067241191864,0.29412227869033813,-0.9199888706207275,-0.2590613067150116,-0.07078833132982254,0.24933737516403198,-0.9658260941505432,0.35304903984069824,-0.311995267868042,0.10879263281822205,-0.4628838300704956,-0.8666811585426331,-0.18601711094379425,-0.010345698334276676,0.21512025594711304,-0.9765327572822571,0.3555586338043213,-0.03848855942487717,-0.031000062823295593,-0.09113478660583496,0.9958385825157166,1.4576503417629283e-06,-0.9958385825157166,-0.09113478660583496,1.0596700121823233e-06,0.25212031602859497,-0.15690818428993225,-0.031000100076198578,0.4589969515800476,0.07993105798959732,-0.03100002557039261
128,0.6993460059165955,-0.42659369111061096,-0.980613648891449,0.7828062772750854,-0.09696764498949051,1.157219648361206,-0.4994984567165375,0.7308898568153381,0.10005228966474533,-0.32046881318092346,0.015284334309399128,0.1941949725151062,0.2771087884902954,0.21859775483608246,-0.27139779925346375,0.11963459104299545,-0.8164325952529907,-0.425224244594574,0.5784754157066345,0.755867600440979,0.4888141453266144,1.254088044166565,0.0018201670609414577,0.7307705283164978,0.18199212849140167,0.2511221170425415,-0.14547939598560333,-0.22684109210968018,0.28027600049972534,-0.012219015508890152,-0.17974135279655457,0.2938038408756256,0.340893030166626,0.2852001190185547,0.07727041840553284,0.31434154510498047,-0.9061260223388672,-0.2830636203289032,-0.06039080023765564,0.278486967086792,-0.9585394859313965,0.34961485862731934,-0.3032284379005432,0.1030031144618988,-0.462788462638855,-0.8607289791107178,-0.21206682920455933,-0.01877373643219471,0.24868923425674438,-0.968401312828064,0.3555586338043213,-0.03848855197429657,-0.03100011497735977,-0.09113478660583496,0.9958385825157166,1.4352206108014798e-06,-0.9958385825157166,-0.09113478660583496,4.446804382496339e-07,0.25212031602859497,-0.15690818428993225,-0.03100021928548813,0.4589969515800476,0.07993106544017792,-0.031000010669231415
129,0.7055210471153259,-0.44566455483436584,-0.9778959155082703,0.7981376051902771,-0.0809614285826683,1.1733729839324951,-0.5191391706466675,0.7309678196907043,0.08475756645202637,-0.29961997270584106,0.05441821739077568,0.25836989283561707,0.22637975215911865,0.21780799329280853,-0.27558401226997375,0.03624269366264343,-0.7991721034049988,-0.41153663396835327,0.5634421706199646,0.7454675436019897,0.5074428915977478,1.2535045146942139,-0.014707722701132298,0.730778694152832,0.24214771389961243,0.20596054196357727,-0.21039623022079468,-0.15353843569755554,0.25911572575569153,-0.006279512774199247,-0.23249003291130066,0.2837780714035034,0.3457143306732178,0.2926713228225708,0.08814997971057892,0.33728379011154175,-0.892309308052063,-0.300039678812027,-0.046660903841257095,0.30247795581817627,-0.9520136117935181,0.347217321395874,-0.29411253333091736,0.09920960664749146,-0.4559215307235718,-0.8575133681297302,-0.23834124207496643,-0.024626677855849266,0.2798449993133545,-0.9597293138504028,0.3555586338043213,-0.038488563150167465,-0.031000062823295593,-0.09113466739654541,0.9958385229110718,1.4615893633163068e-06,-0.9958385229110718,-0.09113466739654541,1.0486264727660455e-06,0.25212031602859497,-0.15690816938877106,-0.031000103801488876,0.4589969515800476,0.07993103563785553,-0.03100002184510231
130,0.7115073800086975,-0.45992207527160645,-0.9710174798965454,0.8175044059753418,-0.07508007436990738,1.1873424053192139,-0.5379945635795593,0.7310099005699158,0.099571093916893,-0.21864914894104004,0.12560616433620453,0.31675848364830017,0.08628830313682556,0.18684345483779907,-0.26399824023246765,-0.011893375776708126,-0.7774603962898254,-0.3980977237224579,0.546393096446991,0.7381250262260437,0.5236318707466125,1.2539540529251099,-0.033496562391519547,0.7308014035224915,0.3167690634727478,0.20925453305244446,-0.22969171404838562,-0.11616665869951248,0.2255096137523651,0.01015682052820921,-0.2641681134700775,0.2571469843387604,0.35187506675720215,0.29644665122032166,0.09913712739944458,0.3660969138145447,-0.8801890015602112,-0.3020603358745575,-0.03217393904924393,0.3124285340309143,-0.9493963122367859,0.34534668922424316,-0.28469613194465637,0.09677478671073914,-0.44312405586242676,-0.8567602634429932,-0.26382359862327576,-0.030223697423934937,0.30840563774108887,-0.9507746696472168,0.3555586338043213,-0.038488537073135376,-0.03100011497735977,-0.09113454818725586,0.9958385825157166,1.4357351574290078e-06,-0.9958385825157166,-0.09113454818725586,4.5550402205662976e-07,0.2521202862262726,-0.15690812468528748,-0.03100021928548813,0.45899698138237,0.07993105053901672,-0.031000010669231415
131,0.721101701259613,-0.46542173624038696,-0.9649832844734192,0.8384166955947876,-0.07769434154033661,1.196288824081421,-0.5571240782737732,0.731100857257843,0.16166186332702637,-0.07294199615716934,0.11310841143131256,0.3216659724712372,-0.03314321115612984,0.11878011375665665,-0.2673485577106476,-0.01858719438314438,-0.7541122436523438,-0.3848884105682373,0.5291442275047302,0.73306804895401,0.5356757640838623,1.2540212869644165,-0.05101427435874939,0.7308664917945862,0.33395329117774963,0.20308668911457062,-0.2362358421087265,-0.08021926134824753,0.1672414392232895,0.0032900033984333277,-0.24599668383598328,0.2005651891231537,0.3587815761566162,0.29712021350860596,0.10799843072891235,0.39839375019073486,-0.8698095679283142,-0.29105645418167114,-0.019919635728001595,0.3090466856956482,-0.9508383274078369,0.3437802791595459,-0.2761937379837036,0.09497864544391632,-0.4283027648925781,-0.8572720289230347,-0.2857293486595154,-0.03615102171897888,0.33220231533050537,-0.9425150752067566,0.3555586338043213,-0.03848855942487717,-0.031000062823295593,-0.09113478660583496,0.9958385825157166,1.4548737681252533e-06,-0.9958385825157166,-0.09113478660583496,1.0687600706660305e-06,0.25212031602859497,-0.15690818428993225,-0.031000100076198578,0.4589969515800476,0.07993105798959732,-0.03100002557039261
132,0.7232429385185242,-0.4605965316295624,-0.9651598930358887,0.8507886528968811,-0.08844023942947388,1.2024239301681519,-0.5778108835220337,0.7311009764671326,-0.005053765140473843,0.08746171742677689,-0.03670421987771988,0.15592606365680695,-0.15736831724643707,0.09034530818462372,-0.2889013886451721,-0.010370073840022087,-0.7305378913879395,-0.3685290515422821,0.5079289674758911,0.7268591523170471,0.5472318530082703,1.2465929985046387,-0.06804268807172775,0.7308400869369507,0.29833370447158813,0.27107667922973633,-0.3087603747844696,-0.11159777641296387,0.15756011009216309,-0.10372770577669144,-0.2393292486667633,0.21540918946266174,0.360701322555542,0.29173606634140015,0.10994677245616913,0.42086100578308105,-0.8641800880432129,-0.27580565214157104,-0.01939445734024048,0.2954021692276001,-0.9551761150360107,0.343919038772583,-0.26990339159965515,0.09244857728481293,-0.41801321506500244,-0.8545300960540771,-0.3082909882068634,-0.0372391976416111,0.35519593954086304,-0.9340498447418213,0.3555586338043213,-0.03848855569958687,-0.03100011497735977,-0.09113466739654541,0.9958385229110718,1.4405729871214135e-06,-0.9958385229110718,-0.09113466739654541,4.5366766698862193e-07,0.25212031602859497,-0.15690815448760986,-0.03100021928548813,0.4589969515800476,0.07993103563785553,-0.031000010669231415
133,0.7126421928405762,-0.4514717757701874,-0.9712545275688171,0.8512145280838013,-0.10094854980707169,1.2109452486038208,-0.5977827906608582,0.7310147881507874,-0.21416497230529785,0.14143778383731842,-0.14627783000469208,-0.03216959908604622,-0.18591007590293884,0.1299799680709839,-0.27913662791252136,0.013827555812895298,-0.7112246751785278,-0.35065022110939026,0.4843076765537262,0.7193552255630493,0.5607335567474365,1.2368351221084595,-0.08482104539871216,0.7307760715484619,0.2290228307247162,0.289412260055542,-0.3472890555858612,-0.12943316996097565,0.18336695432662964,-0.1369379758834839,-0.23608174920082092,0.28665849566459656,0.3550679683685303,0.28206056356430054,0.10563954710960388,0.4268423318862915,-0.863525390625,-0.26856935024261475,-0.03277286887168884,0.2820168733596802,-0.9588495492935181,0.3447091579437256,-0.2655373215675354,0.08944186568260193,-0.4154609441757202,-0.8467229604721069,-0.3323439657688141,-0.03506544604897499,0.3800063729286194,-0.9243190288543701,0.3555586338043213,-0.038488566875457764,-0.031000062823295593,-0.09113478660583496,0.9958385229110718,1.3209794360591331e-06,-0.9958385229110718,-0.09113478660583496,7.224989531096071e-07,0.25212031602859497,-0.15690818428993225,-0.03100012242794037,0.4589969515800476,0.07993104308843613,-0.031000003218650818
134,0.6953988671302795,-0.446510374546051,-0.9797794222831726,0.8531950116157532,-0.11320766806602478,1.2171766757965088,-0.6171453595161438,0.7310368418693542,-0.32214364409446716,0.03930717706680298,-0.1644136607646942,0.05682990700006485,-0.17933562397956848,0.08323164284229279,-0.2716216742992401,0.10323341190814972,-0.69668048620224,-0.33312666416168213,0.46059876680374146,0.7108837366104126,0.5777955651283264,1.231297492980957,-0.10183361172676086,0.7307414412498474,0.1676439642906189,0.2832397520542145,-0.34503594040870667,-0.14719080924987793,0.23284101486206055,-0.07579074800014496,-0.23931309580802917,0.3495939373970032,0.35059332847595215,0.2694615125656128,0.10285638272762299,0.4250907897949219,-0.8663930296897888,-0.2620323598384857,-0.03792053833603859,0.2721899151802063,-0.961496114730835,0.3445422649383545,-0.26120859384536743,0.08652001619338989,-0.4189368486404419,-0.8342947959899902,-0.35839104652404785,-0.033618003129959106,0.40867775678634644,-0.9120594263076782,0.3555586338043213,-0.038488566875457764,-0.031000062823295593,-0.09113478660583496,0.9958385229110718,1.2367788713163463e-06,-0.9958385229110718,-0.09113478660583496,5.903215196667588e-07,0.25212031602859497,-0.15690818428993225,-0.031000129878520966,0.4589969515800476,0.07993104308843613,-0.03099999576807022
135,0.6726575493812561,-0.4461767375469208,-0.9828243255615234,0.861854076385498,-0.13219289481639862,1.222265601158142,-0.6379993557929993,0.7311384081840515,-0.38518771529197693,-0.02990000508725643,-0.06794902682304382,0.17072173953056335,-0.270247220993042,0.06461215019226074,-0.29172584414482117,-0.005877092480659485,-0.6825058460235596,-0.3162902295589447,0.4342656135559082,0.6996312737464905,0.5964704155921936,1.2292855978012085,-0.11946837604045868,0.7307157516479492,0.1576118916273117,0.2778342366218567,-0.3826606273651123,-0.19552849233150482,0.2542840540409088,-0.024989614263176918,-0.24807362258434296,0.3996821641921997,0.3492085933685303,0.25314053893089294,0.10372023284435272,0.427121639251709,-0.8704099655151367,-0.24485436081886292,-0.03217873349785805,0.2559943199157715,-0.9661425948143005,0.34264349937438965,-0.25663241744041443,0.08328178524971008,-0.42624127864837646,-0.818494439125061,-0.38520798087120056,-0.034163955599069595,0.4400893449783325,-0.8973038792610168,0.3555586338043213,-0.03848857432603836,-0.031000062823295593,-0.09113454818725586,0.9958385825157166,1.3245725085653248e-06,-0.9958385825157166,-0.09113454818725586,7.159158030844992e-07,0.2521202862262726,-0.15690816938877106,-0.031000126153230667,0.45899698138237,0.07993101328611374,-0.03099999949336052
136,0.6471830010414124,-0.44887247681617737,-0.980919599533081,0.8729919195175171,-0.1546926349401474,1.2311320304870605,-0.658501386642456,0.7311612963676453,-0.41610002517700195,-0.06638224422931671,0.002083415864035487,0.1895604133605957,-0.31951162219047546,0.12195058166980743,-0.28665050864219666,-0.009677241556346416,-0.6726816892623901,-0.3007053732872009,0.40632858872413635,0.687069296836853,0.6154314279556274,1.2305455207824707,-0.13716468214988708,0.7306910753250122,0.07007668167352676,0.2549230456352234,-0.41734522581100464,-0.20886605978012085,0.25752878189086914,0.0180687103420496,-0.2489059567451477,0.4004286825656891,0.3473231792449951,0.23602499067783356,0.10641181468963623,0.43156737089157104,-0.8737179040908813,-0.22442522644996643,-0.026065561920404434,0.23660427331924438,-0.9712563753128052,0.3398921489715576,-0.2533409595489502,0.08024027943611145,-0.43895840644836426,-0.7987356185913086,-0.4115055799484253,-0.03385379910469055,0.47236526012420654,-0.8807525038719177,0.3555586338043213,-0.038488563150167465,-0.031000062823295593,-0.09113478660583496,0.9958385825157166,1.2438775911505218e-06,-0.9958385825157166,-0.09113478660583496,5.930423299105314e-07,0.25212031602859497,-0.15690818428993225,-0.031000129878520966,0.4589969515800476,0.07993105053901672,-0.03099999576807022
137,0.6219380497932434,-0.45838454365730286,-0.9768590331077576,0.8891362547874451,-0.1765480637550354,1.2394590377807617,-0.67765212059021,0.7312081456184387,-0.4301850497722626,-0.19251959025859833,0.03454406186938286,0.29650455713272095,-0.3086242079734802,0.10725462436676025,-0.2677854597568512,-0.01719820126891136,-0.6675828099250793,-0.2884032726287842,0.3779642879962921,0.6752005815505981,0.6352078914642334,1.2381356954574585,-0.15475928783416748,0.7306737899780273,0.010785836726427078,0.19397124648094177,-0.4215667247772217,-0.1891905814409256,0.27013739943504333,0.10643106698989868,-0.24746502935886383,0.41162773966789246,0.3481113910675049,0.21890251338481903,0.11288687586784363,0.43637293577194214,-0.8769544959068298,-0.2013196349143982,-0.009919405914843082,0.2190442681312561,-0.9756645560264587,0.33670973777770996,-0.250640869140625,0.07874597609043121,-0.4548213481903076,-0.7754422426223755,-0.43798062205314636,-0.031754761934280396,0.505598783493042,-0.8621841669082642,0.3555586338043213,-0.038488566875457764,-0.031000062823295593,-0.09113478660583496,0.9958385229110718,1.3186313481128309e-06,-0.9958385229110718,-0.09113478660583496,7.288520578185853e-07,0.25212031602859497,-0.15690818428993225,-0.03100012242794037,0.4589969515800476,0.07993104308843613,-0.031000003218650818
138,0.5980992913246155,-0.47079798579216003,-0.9792982935905457,0.9074352383613586,-0.19524529576301575,1.24992835521698,-0.6926736235618591,0.7311546206474304,-0.4326046407222748,-0.22544488310813904,-0.08414819836616516,0.3027389943599701,-0.2683749496936798,0.14351840317249298,-0.20957641303539276,-0.008889837190508842,-0.6672416925430298,-0.27613282203674316,0.3493160009384155,0.6645937561988831,0.6489382386207581,1.2515395879745483,-0.1750907003879547,0.7306850552558899,-0.08043534308671951,0.20707567036151886,-0.43291428685188293,-0.1809958666563034,0.18310435116291046,0.18750999867916107,-0.285733163356781,0.40254732966423035,0.3479335308074951,0.2012471705675125,0.12013760209083557,0.4313737750053406,-0.8832671642303467,-0.18372751772403717,0.00786325428634882,0.2073231339454651,-0.978240966796875,0.3318507671356201,-0.24972836673259735,0.07751849293708801,-0.46937859058380127,-0.752898097038269,-0.4613329768180847,-0.0324784554541111,0.5368301868438721,-0.8430649638175964,0.3555586338043213,-0.038488566875457764,-0.031000062823295593,-0.09113478660583496,0.9958385229110718,1.2442292245395947e-06,-0.9958385229110718,-0.09113478660583496,5.934188607170654e-07,0.25212031602859497,-0.15690818428993225,-0.031000129878520966,0.4589969515800476,0.07993104308843613,-0.03099999576807022
139,0.574605405330658,-0.4850337505340576,-0.9862926602363586,0.927059531211853,-0.20960736274719238,1.2595272064208984,-0.7072587609291077,0.7311326861381531,-0.42668020725250244,-0.25715315341949463,-0.14390131831169128,0.32981953024864197,-0.20853231847286224,0.12825554609298706,-0.20468313992023468,0.03070938214659691,-0.669765830039978,-0.2625856101512909,0.32052457332611084,0.654790997505188,0.6573299765586853,1.2668852806091309,-0.19692307710647583,0.7307024002075195,-0.11697283387184143,0.22654907405376434,-0.4321427047252655,-0.16934187710285187,0.10736510902643204,0.21423055231571198,-0.3073420524597168,0.3897036910057068,0.3474609851837158,0.18336530029773712,0.12797418236732483,0.4203110337257385,-0.8913100957870483,-0.17001459002494812,0.02926480770111084,0.20058691501617432,-0.979238748550415,0.32597947120666504,-0.25023016333580017,0.07602256536483765,-0.48303043842315674,-0.7311647534370422,-0.48174625635147095,-0.03473920002579689,0.5657572746276855,-0.8238397240638733,0.3555586338043213,-0.03848857432603836,-0.031000062823295593,-0.09113454818725586,0.9958385825157166,1.3226006103650434e-06,-0.9958385825157166,-0.09113454818725586,7.239306683004543e-07,0.2521202862262726,-0.15690816938877106,-0.03100012242794037,0.45899698138237,0.07993101328611374,-0.031000003218650818
140,0.5518844723701477,-0.49956658482551575,-0.9981855750083923,0.9476161003112793,-0.21994535624980927,1.2700412273406982,-0.7188296914100647,0.7310923337936401,-0.4232616424560547,-0.26019287109375,-0.22202041745185852,0.3364565968513489,-0.15302063524723053,0.14370988309383392,-0.16204550862312317,-0.0007838135352358222,-0.6750978827476501,-0.24796795845031738,0.2917487323284149,0.6466854810714722,0.6607277989387512,1.2848412990570068,-0.2202053964138031,0.7307129502296448,-0.1681572049856186,0.23963382840156555,-0.435623437166214,-0.14212164282798767,0.03731296584010124,0.24971839785575867,-0.3276597559452057,0.3785875737667084,0.34557604789733887,0.16542977094650269,0.13561688363552094,0.40106678009033203,-0.9016513824462891,-0.16177211701869965,0.05095917731523514,0.19828462600708008,-0.9788188338279724,0.3192765712738037,-0.25186383724212646,0.07466539740562439,-0.495297908782959,-0.7104004621505737,-0.5000112056732178,-0.038255661725997925,0.5928480625152588,-0.804405152797699,0.3555586338043213,-0.038488566875457764,-0.031000062823295593,-0.09113478660583496,0.9958385825157166,1.2605407846422167e-06,-0.9958385825157166,-0.09113478660583496,5.92262892951112e-07,0.25212031602859497,-0.15690818428993225,-0.031000133603811264,0.4589969515800476,0.07993105053901672,-0.030999992042779922
141,0.528437614440918,-0.5122309327125549,-1.0105395317077637,0.9695626497268677,-0.23234540224075317,1.279629111289978,-0.724780261516571,0.731123149394989,-0.4241710305213928,-0.22893361747264862,-0.2186834216117859,0.36210566759109497,-0.18208593130111694,0.12916246056556702,-0.08340977132320404,-0.00268517155200243,-0.6842299103736877,-0.2336665689945221,0.2630481421947479,0.6419777870178223,0.6651738286018372,1.3035892248153687,-0.24291488528251648,0.7306882739067078,-0.23434442281723022,0.22137273848056793,-0.43979865312576294,-0.07706823199987411,0.0535728819668293,0.25739336013793945,-0.31982213258743286,0.4093763828277588,0.34262633323669434,0.145675927400589,0.14309817552566528,0.37454622983932495,-0.9147818684577942,-0.15129241347312927,0.07221652567386627,0.19145506620407104,-0.9788410663604736,0.314589262008667,-0.2545635402202606,0.07485412061214447,-0.508773922920227,-0.6864526867866516,-0.5195496082305908,-0.03514406457543373,0.6195534467697144,-0.7841673493385315,0.3555586338043213,-0.038488566875457764,-0.031000062823295593,-0.09113478660583496,0.9958385229110718,1.3203099342717906e-06,-0.9958385229110718,-0.09113478660583496,7.396263299597194e-07,0.25212031602859497,-0.15690818428993225,-0.03100012242794037,0.4589969515800476,0.07993104308843613,-0.031000003218650818
142,0.5061966180801392,-0.5225099325180054,-1.022739052772522,0.9934021234512329,-0.24452407658100128,1.2848011255264282,-0.726654052734375,0.7311630249023438,-0.39714717864990234,-0.19244614243507385,-0.20783205330371857,0.3936183452606201,-0.17752888798713684,0.06546347588300705,-0.026181774213910103,-0.006905596237629652,-0.6959061026573181,-0.22044973075389862,0.23460406064987183,0.6394082903862,0.6703869104385376,1.3239595890045166,-0.2643093168735504,0.730674147605896,-0.2665548622608185,0.20567309856414795,-0.43339598178863525,-0.049339789897203445,0.06408211588859558,0.28099918365478516,-0.30169886350631714,0.4285270571708679,0.34044384956359863,0.124921515583992,0.15108521282672882,0.34322118759155273,-0.929168701171875,-0.13727587461471558,0.09631916880607605,0.1802024245262146,-0.9789022207260132,0.311079740524292,-0.25776952505111694,0.0763634443283081,-0.5229856967926025,-0.6597517132759094,-0.5396422147750854,-0.027294158935546875,0.6457675695419312,-0.7630460858345032,0.3555586338043213,-0.038488566875457764,-0.031000062823295593,-0.09113478660583496,0.9958385229110718,1.246087208528479e-06,-0.9958385229110718,-0.09113478660583496,6.037023467797553e-07,0.25212031602859497,-0.15690818428993225,-0.031000129878520966,0.4589969515800476,0.07993104308843613,-0.03099999576807022
143,0.4860977530479431,-0.5275130867958069,-1.0365670919418335,1.0181081295013428,-0.2568144202232361,1.2850626707077026,-0.7238703966140747,0.731188178062439,-0.35879018902778625,-0.10484329611063004,-0.23104426264762878,0.3962131440639496,-0.18069687485694885,-0.0028705846052616835,0.03848269581794739,0.0372893400490284,-0.7078978419303894,-0.2081293761730194,0.20685075223445892,0.6375277042388916,0.6747003197669983,1.3462324142456055,-0.28440389037132263,0.7306786775588989,-0.2607012689113617,0.19337445497512817,-0.4187813103199005,-0.04244891554117203,0.05159389227628708,0.30899083614349365,-0.2835868000984192,0.42262229323387146,0.3383219242095947,0.1029549166560173,0.1584550142288208,0.3056461215019226,-0.9445023536682129,-0.12039853632450104,0.11950843036174774,0.163504958152771,-0.9792771935462952,0.307422399520874,-0.2606799602508545,0.0785447210073471,-0.5363520383834839,-0.6323893666267395,-0.5589368343353271,-0.01882106252014637,0.6710489392280579,-0.7411741614341736,0.3555586338043213,-0.03848857060074806,-0.031000062823295593,-0.09113454818725586,0.9958385825157166,1.3167133374736295e-06,-0.9958385825157166,-0.09113454818725586,7.358793823186716e-07,0.2521202862262726,-0.15690816938877106,-0.03100012242794037,0.45899698138237,0.07993102073669434,-0.031000003218650818
144,0.4680024981498718,-0.5236487984657288,-1.0527589321136475,1.0416193008422852,-0.2683398723602295,1.2799794673919678,-0.7192473411560059,0.7312000393867493,-0.3130059242248535,0.04090053588151932,-0.2604690194129944,0.3634786903858185,-0.16915284097194672,-0.07499606907367706,0.06482265889644623,0.002122132806107402,-0.7194754481315613,-0.1961783617734909,0.1802789717912674,0.635180652141571,0.6781671047210693,1.3682185411453247,-0.30206194519996643,0.7306864261627197,-0.25196635723114014,0.19092778861522675,-0.3997441232204437,-0.051842354238033295,0.04093986377120018,0.3056868612766266,-0.24877195060253143,0.4049709439277649,0.33548426628112793,0.0802430585026741,0.16382598876953125,0.2638624310493469,-0.9592133164405823,-0.10142199695110321,0.13714487850666046,0.1413891315460205,-0.980408251285553,0.3035247325897217,-0.26317083835601807,0.08072403073310852,-0.5499032735824585,-0.6045300364494324,-0.576324462890625,-0.010234297253191471,0.69484543800354,-0.7190862894058228,0.3555586338043213,-0.038488563150167465,-0.031000062823295593,-0.09113478660583496,0.9958385825157166,1.2463070788726327e-06,-0.9958385825157166,-0.09113478660583496,6.072893370401289e-07,0.25212031602859497,-0.15690818428993225,-0.031000129878520966,0.4589969515800476,0.07993105053901672,-0.03099999576807022
145,0.4528416395187378,-0.5117005109786987,-1.0711756944656372,1.0625078678131104,-0.2772608697414398,1.27106511592865,-0.7140113711357117,0.7311894297599792,-0.2572742998600006,0.16627836227416992,-0.28737086057662964,0.3140633702278137,-0.13248054683208466,-0.12757174670696259,0.07308037579059601,0.03659095987677574,-0.7309613227844238,-0.1861448734998703,0.15599074959754944,0.63247150182724,0.6816175580024719,1.3890810012817383,-0.3161860406398773,0.7307040095329285,-0.2407977133989334,0.15393909811973572,-0.364464670419693,-0.05032695457339287,0.0407944917678833,0.28947362303733826,-0.2000618875026703,0.38817110657691956,0.33187222480773926,0.058491501957178116,0.16693925857543945,0.2208951711654663,-0.9717699289321899,-0.0828767791390419,0.14777760207653046,0.11734390258789062,-0.9820346832275391,0.29999423027038574,-0.26533788442611694,0.08315208554267883,-0.5636266469955444,-0.5765795707702637,-0.5915074944496155,-0.00034013399272225797,0.7162469029426575,-0.6978469491004944,0.3555586338043213,-0.038488566875457764,-0.031000062823295593,-0.09113478660583496,0.9958385229110718,1.3170293868824956e-06,-0.9958385229110718,-0.09113478660583496,7.486681283808139e-07,0.25212031602859497,-0.15690818428993225,-0.03100011870265007,0.4589969515800476,0.07993104308843613,-0.031000006943941116
146,0.44154924154281616,-0.49421608448028564,-1.0912483930587769,1.0814341306686401,-0.2839502990245819,1.258064866065979,-0.7096058130264282,0.7311924695968628,-0.192808598279953,0.24841631948947906,-0.3038140535354614,0.28588929772377014,-0.09881819784641266,-0.18483079969882965,0.062361665070056915,0.004619535990059376,-0.7403934597969055,-0.1783595085144043,0.1357307881116867,0.6305384039878845,0.6846832633018494,1.408378005027771,-0.32664281129837036,0.7307543754577637,-0.17507396638393402,0.11657039076089859,-0.2966059744358063,-0.03438191115856171,0.03766138479113579,0.26897770166397095,-0.14850029349327087,0.3222241997718811,0.3285191059112549,0.03783506155014038,0.1687677800655365,0.1800839900970459,-0.9816116094589233,-0.06331343203783035,0.15430812537670135,0.09176039695739746,-0.9837526082992554,0.29703259468078613,-0.26666349172592163,0.08588281273841858,-0.5749558210372925,-0.5518566966056824,-0.6040531992912292,0.008445085026323795,0.7342425584793091,-0.6788346767425537,0.3555586338043213,-0.038488540798425674,-0.03100011497735977,-0.09113478660583496,0.9958385825157166,1.4558901284544845e-06,-0.9958385825157166,-0.09113478660583496,4.985827786185837e-07,0.25212031602859497,-0.15690816938877106,-0.03100021556019783,0.4589969515800476,0.07993108034133911,-0.031000014394521713
147,0.43411141633987427,-0.47362881898880005,-1.111875057220459,1.0994049310684204,-0.28925183415412903,1.2416521310806274,-0.706939697265625,0.7312071919441223,-0.13081315159797668,0.29385653138160706,-0.30412572622299194,0.27386927604675293,-0.07837715744972229,-0.23363596200942993,0.03772800788283348,-0.006458926014602184,-0.746545672416687,-0.17268463969230652,0.1210050880908966,0.6294468641281128,0.6877957582473755,1.4266679286956787,-0.33332279324531555,0.7308163046836853,-0.0950167328119278,0.08374923467636108,-0.20901978015899658,-0.020642302930355072,0.040408480912446976,0.2566719651222229,-0.09517034888267517,0.2385277897119522,0.32600903511047363,0.01809091307222843,0.170364111661911,0.14368724822998047,-0.9887561798095703,-0.04141506552696228,0.15900710225105286,0.0643722414970398,-0.9851766228675842,0.2944023609161377,-0.26624298095703125,0.08893446624279022,-0.5830327272415161,-0.5319011211395264,-0.614128589630127,0.01337722223252058,0.7495110630989075,-0.6618567109107971,0.3555586338043213,-0.03848854452371597,-0.03100011497735977,-0.09113466739654541,0.9958385229110718,1.3917090200266102e-06,-0.9958385229110718,-0.09113466739654541,3.484335024950269e-07,0.25212031602859497,-0.15690815448760986,-0.031000226736068726,0.4589969515800476,0.07993105053901672,-0.031000003218650818
148,0.43068554997444153,-0.4514608085155487,-1.1327050924301147,1.117219090461731,-0.29320618510246277,1.2221046686172485,-0.7080378532409668,0.7312241196632385,-0.06635722517967224,0.3179231882095337,-0.299591600894928,0.27378761768341064,-0.057762403041124344,-0.27839553356170654,-0.014506240375339985,-0.008142921142280102,-0.7476840019226074,-0.16974608600139618,0.11485931277275085,0.6309853792190552,0.6904593706130981,1.4436559677124023,-0.3358544111251831,0.7309651374816895,0.04001267999410629,0.03256634250283241,-0.07074502110481262,0.02769836038351059,0.03854822739958763,0.2407340407371521,-0.03627369925379753,0.03264082595705986,0.324876070022583,-0.0008557862602174282,0.17245697975158691,0.11424767971038818,-0.9933143854141235,-0.016553282737731934,0.16380265355110168,0.03526914119720459,-0.9858624339103699,0.29235339164733887,-0.263528048992157,0.09245224297046661,-0.5850690603256226,-0.5213221311569214,-0.6212224364280701,0.011048498563468456,0.7608163952827454,-0.6488731503486633,0.3555586338043213,-0.038488563150167465,-0.031000062823295593,-0.09113478660583496,0.9958385825157166,1.2482256579460227e-06,-0.9958385825157166,-0.09113478660583496,6.03022101586248e-07,0.25212031602859497,-0.15690818428993225,-0.031000129878520966,0.4589969515800476,0.07993105053901672,-0.03099999576807022
149,0.43011340498924255,-0.4280250370502472,-1.1535394191741943,1.1322441101074219,-0.29470470547676086,1.2003545761108398,-0.7169765830039978,0.7312089800834656,-0.016313159838318825,0.34281542897224426,-0.29902735352516174,0.21941034495830536,-0.02307233028113842,-0.30679744482040405,-0.12460953742265701,-0.009814685210585594,-0.7426467537879944,-0.172056645154953,0.11941544711589813,0.6372680068016052,0.6928891539573669,1.456593632698059,-0.33253273367881775,0.731056272983551,0.17794913053512573,-0.06639128178358078,0.09254885464906693,0.11600493639707565,0.04098963364958763,0.18449154496192932,0.04638858512043953,-0.008785063400864601,0.324509859085083,-0.01790836825966835,0.17400503158569336,0.0958399772644043,-0.9953569173812866,0.008905799128115177,0.1672118753194809,0.007279157638549805,-0.9858941435813904,0.29222702980041504,-0.2591800093650818,0.09661643207073212,-0.5790263414382935,-0.5242239236831665,-0.6244341135025024,0.002228320110589266,0.7648661136627197,-0.644185483455658,0.3555586338043213,-0.038488566875457764,-0.031000062823295593,-0.09113478660583496,0.9958385229110718,1.3188798675400903e-06,-0.9958385229110718,-0.09113478660583496,7.443195499945432e-07,0.25212031602859497,-0.15690818428993225,-0.03100012242794037,0.4589969515800476,0.07993104308843613,-0.031000003218650818
150,0.43174251914024353,-0.4037914574146271,-1.174039363861084,1.1443156003952026,-0.2958909571170807,1.1794737577438354,-0.7294437885284424,0.7311928272247314,0.017855292186141014,0.3563149571418762,-0.2936907708644867,0.17285484075546265,-0.018290599808096886,-0.29305213689804077,-0.17372536659240723,-0.008633519522845745,-0.7316849827766418,-0.17861595749855042,0.12810061872005463,0.6497218608856201,0.6933794021606445,1.4666547775268555,-0.3254415988922119,0.7311457395553589,0.2370527684688568,-0.1363876461982727,0.14306405186653137,0.21530146896839142,0.015093999914824963,0.14204765856266022,0.09959728270769119,-0.013346659019589424,0.3237488269805908,-0.03301509842276573,0.17459896206855774,0.08492124080657959,-0.995816707611084,0.033727437257766724,0.16639891266822815,-0.019200444221496582,-0.9858715534210205,0.29410386085510254,-0.2550545334815979,0.10169669985771179,-0.5656414031982422,-0.538032054901123,-0.6249572038650513,-0.00938266608864069,0.7619938850402832,-0.6475161910057068,0.3555586338043213,-0.038488566875457764,-0.031000062823295593,-0.09113478660583496,0.9958385229110718,1.2538699820652255e-06,-0.9958385229110718,-0.09113478660583496,6.045513032404415e-07,0.25212031602859497,-0.15690818428993225,-0.031000129878520966,0.4589969515800476,0.07993104308843613,-0.03099999576807022
151,0.4341624677181244,-0.3787922263145447,-1.194899320602417,1.1530896425247192,-0.2963845431804657,1.1615819931030273,-0.7437607645988464,0.7311574816703796,0.024516884237527847,0.3678760528564453,-0.305544912815094,0.11652932316064835,-0.010153884068131447,-0.2490004003047943,-0.20018526911735535,0.01506145391613245,-0.7178857922554016,-0.18676765263080597,0.1356184035539627,0.6664565205574036,0.6915642619132996,1.4742788076400757,-0.3175552785396576,0.7311802506446838,0.24785880744457245,-0.15457023680210114,0.11875872313976288,0.27408623695373535,-0.0177471786737442,0.1066460832953453,0.11116128414869308,-0.0252390019595623,0.321422815322876,-0.04608719050884247,0.1736571490764618,0.07817769050598145,-0.9954060316085815,0.055275216698646545,0.15992410480976105,-0.0422053337097168,-0.9862267374992371,0.29743123054504395,-0.2524123191833496,0.10720261931419373,-0.5483318567276001,-0.5566753149032593,-0.6240550875663757,-0.01943204179406166,0.7545247673988342,-0.6559838652610779,0.3555586338043213,-0.038488563150167465,-0.031000062823295593,-0.09113478660583496,0.9958385229110718,1.3195204928706517e-06,-0.9958385229110718,-0.09113478660583496,7.521616112171614e-07,0.25212031602859497,-0.15690818428993225,-0.03100011870265007,0.4589969515800476,0.07993105053901672,-0.031000006943941116
152,0.4333815574645996,-0.3518802225589752,-1.216607689857483,1.1574002504348755,-0.3009270429611206,1.1462372541427612,-0.7584138512611389,0.7311455607414246,-0.04449916258454323,0.3927724063396454,-0.3368947207927704,0.044936228543519974,-0.06945910304784775,-0.20932833850383759,-0.20458786189556122,-0.007090456783771515,-0.7035918831825256,-0.19460301101207733,0.1453203409910202,0.6840906739234924,0.6887290477752686,1.4789602756500244,-0.31444546580314636,0.7312146425247192,0.2861005961894989,-0.14061835408210754,0.16001255810260773,0.27649158239364624,-0.03171539679169655,0.06780428439378738,0.044452108442783356,-0.038903046399354935,0.314805269241333,-0.0593496710062027,0.17038485407829285,0.07162189483642578,-0.9945180416107178,0.0761863961815834,0.14360754191875458,-0.06530499458312988,-0.9874777793884277,0.30111002922058105,-0.24982377886772156,0.11217851936817169,-0.5247015953063965,-0.5796793699264526,-0.6234260201454163,-0.02985188364982605,0.744412899017334,-0.6670519113540649,0.3555586338043213,-0.038488540798425674,-0.03100011497735977,-0.09113478660583496,0.9958385825157166,1.4596469100069953e-06,-0.9958385825157166,-0.09113478660583496,5.013317263546924e-07,0.25212031602859497,-0.15690816938877106,-0.03100021556019783,0.4589969515800476,0.07993108034133911,-0.031000014394521713
153,0.4313085675239563,-0.3243437707424164,-1.2388031482696533,1.1582258939743042,-0.3079255521297455,1.1337007284164429,-0.7733199000358582,0.7311212420463562,-0.04939289391040802,0.405869722366333,-0.33538204431533813,-0.008770397864282131,-0.10316679626703262,-0.16986434161663055,-0.20844732224941254,0.014043635688722134,-0.6893859505653381,-0.20301266014575958,0.15729744732379913,0.7009949684143066,0.6868066191673279,1.4825376272201538,-0.31530478596687317,0.7312175035476685,0.2799224555492401,-0.15351437032222748,0.19060170650482178,0.2665664851665497,-0.018676428124308586,0.05261685326695442,-0.011045923456549644,-0.03893982246518135,0.30513644218444824,-0.07180587202310562,0.1655576229095459,0.06672787666320801,-0.9932368993759155,0.09501537680625916,0.12012827396392822,-0.08653759956359863,-0.9889795184135437,0.3047969341278076,-0.246340811252594,0.1170928031206131,-0.49606239795684814,-0.6040264368057251,-0.62375807762146,-0.04017356038093567,0.7335748672485352,-0.6784201860427856,0.3555586338043213,-0.038488540798425674,-0.03100011497735977,-0.09113466739654541,0.9958385229110718,1.3858020793122705e-06,-0.9958385229110718,-0.09113466739654541,3.557146328603267e-07,0.25212031602859497,-0.15690813958644867,-0.031000223010778427,0.4589969515800476,0.07993105053901672,-0.031000006943941116
154,0.4299902021884918,-0.29649487137794495,-1.2602916955947876,1.1575027704238892,-0.31572723388671875,1.122248649597168,-0.7902373671531677,0.7311148047447205,-0.02968158759176731,0.4115031361579895,-0.3165857791900635,-0.025587186217308044,-0.11276479065418243,-0.1558443307876587,-0.2363986074924469,-0.004003687761723995,-0.6758009791374207,-0.21209870278835297,0.1716385930776596,0.716261625289917,0.6869041323661804,1.485131859779358,-0.3190052807331085,0.7312119603157043,0.28111594915390015,-0.16087085008621216,0.22788438200950623,0.2390776127576828,0.009689150378108025,0.03998434916138649,-0.05061625689268112,-0.039240799844264984,0.294813871383667,-0.08313128352165222,0.16059985756874084,0.06699317693710327,-0.9913124442100525,0.11318780481815338,0.09382493793964386,-0.10668075084686279,-0.9898565411567688,0.30841803550720215,-0.24165619909763336,0.12195245921611786,-0.46404004096984863,-0.6277437806129456,-0.624983549118042,-0.04976993799209595,0.7229090332984924,-0.6891483664512634,0.3555586338043213,-0.038488540798425674,-0.03100011497735977,-0.09113466739654541,0.9958385825157166,1.450861077501031e-06,-0.9958385825157166,-0.09113466739654541,5.003905130251951e-07,0.25212031602859497,-0.15690815448760986,-0.03100021556019783,0.4589969515800476,0.07993106544017792,-0.031000014394521713
155,0.42970988154411316,-0.2684558629989624,-1.280239224433899,1.1557320356369019,-0.3238545060157776,1.1111304759979248,-0.8101538419723511,0.7311111688613892,-0.006993001792579889,0.4163591265678406,-0.28969863057136536,-0.04067104682326317,-0.1166217103600502,-0.15141727030277252,-0.2783796787261963,-0.00480143865570426,-0.6620878577232361,-0.22184418141841888,0.18879804015159607,0.7296855449676514,0.6903406381607056,1.4859910011291504,-0.32501378655433655,0.7312027812004089,0.29760441184043884,-0.171040877699852,0.2729637622833252,0.21234111487865448,0.05737156793475151,0.016650928184390068,-0.0829673781991005,-0.036966755986213684,0.28477025032043457,-0.0932820662856102,0.15598465502262115,0.07405483722686768,-0.9886035919189453,0.1310683935880661,0.06636027246713638,-0.1262528896331787,-0.9897760152816772,0.31223559379577637,-0.23525793850421906,0.12677133083343506,-0.42856836318969727,-0.6502006649971008,-0.627350389957428,-0.05828635394573212,0.7127981781959534,-0.6989431381225586,0.3555586338043213,-0.038488540798425674,-0.03100011497735977,-0.09113466739654541,0.9958385825157166,1.3871296005163458e-06,-0.9958385825157166,-0.09113466739654541,3.559171375400183e-07,0.25212031602859497,-0.15690815448760986,-0.031000226736068726,0.4589969515800476,0.07993106544017792,-0.031000003218650818
156,0.428966224193573,-0.2403300404548645,-1.2977653741836548,1.153032660484314,-0.3310473561286926,1.0978714227676392,-0.8323831558227539,0.7311194539070129,-0.013000032864511013,0.4162146747112274,-0.25355902314186096,-0.049549855291843414,-0.10296335071325302,-0.18247830867767334,-0.3106707036495209,-0.00422420259565115,-0.6488276124000549,-0.2294890135526657,0.20910382270812988,0.7413498759269714,0.6954890489578247,1.4852111339569092,-0.33423206210136414,0.7311875820159912,0.2922205626964569,-0.12486497312784195,0.3196905553340912,0.17665213346481323,0.07977451384067535,-0.005718746222555637,-0.1281169205904007,-0.03223033621907234,0.2757899761199951,-0.1028466746211052,0.1521320641040802,0.085904061794281,-0.985039472579956,0.14939112961292267,0.0406496562063694,-0.1463552713394165,-0.9883965253829956,0.31545567512512207,-0.22726795077323914,0.13072451949119568,-0.3900536298751831,-0.6713188290596008,-0.6302295923233032,-0.06834293901920319,0.7036617994308472,-0.7072407603263855,0.3555586338043213,-0.03848855569958687,-0.03100011497735977,-0.09113466739654541,0.9958385229110718,1.46649517773767e-06,-0.9958385229110718,-0.09113466739654541,4.969394353793177e-07,0.25212031602859497,-0.15690815448760986,-0.03100021928548813,0.4589969515800476,0.07993103563785553,-0.031000010669231415
157,0.4280639886856079,-0.2124110907316208,-1.3116990327835083,1.148734450340271,-0.3370058834552765,1.0820609331130981,-0.8558760285377502,0.7311215996742249,0.007842421531677246,0.4185582399368286,-0.19325384497642517,-0.07587332278490067,-0.08452139049768448,-0.2185724824666977,-0.32853204011917114,0.0026977621018886566,-0.6366912722587585,-0.2351676970720291,0.23245646059513092,0.7524064183235168,0.6993604898452759,1.4811913967132568,-0.34721535444259644,0.7311998605728149,0.27290305495262146,-0.09891315549612045,0.36209264397621155,0.17151732742786407,0.062127526849508286,-0.05203459411859512,-0.18056735396385193,-0.03531104326248169,0.26868748664855957,-0.11127051711082458,0.1488005518913269,0.10292339324951172,-0.9804737567901611,0.16756483912467957,0.01747390627861023,-0.16665124893188477,-0.98586106300354,0.318310022354126,-0.21911181509494781,0.13335072994232178,-0.3471616506576538,-0.6932600736618042,-0.6315612196922302,-0.07942726463079453,0.6927616596221924,-0.716779351234436,0.3555586338043213,-0.03848854452371597,-0.03100011497735977,-0.09113466739654541,0.9958385229110718,1.3937163885202608e-06,-0.9958385229110718,-0.09113466739654541,3.322651878079341e-07,0.25212031602859497,-0.15690815448760986,-0.031000226736068726,0.4589969515800476,0.07993105053901672,-0.031000003218650818
158,0.4274517297744751,-0.1856273114681244,-1.3175170421600342,1.1457464694976807,-0.3423304855823517,1.0638198852539062,-0.878811776638031,0.73116534948349,0.05662686005234718,0.4058212637901306,-0.05296238511800766,-0.038261882960796356,-0.07277318090200424,-0.25808531045913696,-0.3206976354122162,-0.0029856679029762745,-0.6249136924743652,-0.24052302539348602,0.25837284326553345,0.7657585740089417,0.7023677825927734,1.4744032621383667,-0.36252662539482117,0.7312273383140564,0.2777685225009918,-0.10778900980949402,0.40046411752700806,0.2175593376159668,0.05252852290868759,-0.09154289960861206,-0.2130594700574875,-0.04182056337594986,0.266282320022583,-0.11849941313266754,0.1476568579673767,0.12722468376159668,-0.9738022089004517,0.18847572803497314,0.0002915561490226537,-0.18998301029205322,-0.9817873239517212,0.3220937252044678,-0.21102577447891235,0.13592994213104248,-0.29819953441619873,-0.7161608934402466,-0.6310233473777771,-0.08875460177659988,0.6790412664413452,-0.7287150025367737,0.3555586338043213,-0.038488566875457764,-0.031000062823295593,-0.09113478660583496,0.9958385825157166,1.2486478908613208e-06,-0.9958385825157166,-0.09113478660583496,5.875679676137224e-07,0.25212031602859497,-0.15690818428993225,-0.031000129878520966,0.4589969515800476,0.07993105053901672,-0.03099999576807022
159,0.42798346281051636,-0.16067366302013397,-1.3157174587249756,1.146242618560791,-0.34619712829589844,1.0440971851348877,-0.900920033454895,0.7312086224555969,0.0847335234284401,0.37549489736557007,0.060208480805158615,0.023628413677215576,-0.05105958133935928,-0.28129756450653076,-0.3088598847389221,-0.01701798476278782,-0.6130481958389282,-0.2465842366218567,0.28559690713882446,0.781363308429718,0.7085608839988708,1.4672043323516846,-0.3787938952445984,0.7312150001525879,0.2830435335636139,-0.12334057688713074,0.4196920096874237,0.25345930457115173,0.09845953434705734,-0.09689626097679138,-0.22636257112026215,-0.04019442945718765,0.26938891410827637,-0.12470908463001251,0.14926521480083466,0.1576899290084839,-0.9644072651863098,0.21225562691688538,-0.008871079422533512,-0.21631968021392822,-0.9762822389602661,0.3271920680999756,-0.20172497630119324,0.1398390680551529,-0.24502778053283691,-0.7359548807144165,-0.6311354637145996,-0.0942101776599884,0.6659730672836304,-0.7400029301643372,0.3555586338043213,-0.038488566875457764,-0.031000062823295593,-0.09113478660583496,0.9958385229110718,1.3275712262839079e-06,-0.9958385229110718,-0.09113478660583496,7.254055276462168e-07,0.25212031602859497,-0.15690818428993225,-0.031000126153230667,0.4589969515800476,0.07993104308843613,-0.03099999949336052
160,0.4279150366783142,-0.13868054747581482,-1.3073830604553223,1.1498101949691772,-0.35182690620422363,1.0243653059005737,-0.9222152829170227,0.7312422394752502,0.07405229657888412,0.32791969180107117,0.14946867525577545,0.0718386322259903,-0.07577617466449738,-0.2817906141281128,-0.29736509919166565,-0.02350393682718277,-0.599416196346283,-0.2515868842601776,0.3133438527584076,0.7983565330505371,0.718422532081604,1.4593920707702637,-0.3949580490589142,0.7311860918998718,0.3203902542591095,-0.10057992488145828,0.43264445662498474,0.2683359980583191,0.1499389261007309,-0.1043524444103241,-0.22519560158252716,-0.04142523184418678,0.2759840488433838,-0.13053284585475922,0.153170645236969,0.19291311502456665,-0.9517887830734253,0.238500714302063,-0.012495848350226879,-0.24542975425720215,-0.969333827495575,0.3329503536224365,-0.19035407900810242,0.14468055963516235,-0.1895691156387329,-0.7511842250823975,-0.6322863698005676,-0.09768359363079071,0.655197024345398,-0.7491160035133362,0.3555586338043213,-0.038488566875457764,-0.031000062823295593,-0.09113478660583496,0.9958385229110718,1.2433861229510512e-06,-0.9958385229110718,-0.09113478660583496,5.931439091000357e-07,0.25212031602859497,-0.15690818428993225,-0.031000129878520966,0.4589969515800476,0.07993104308843613,-0.03099999576807022
161,0.42786553502082825,-0.1212439090013504,-1.29389488697052,1.1575922966003418,-0.358574241399765,1.0036720037460327,-0.9415120482444763,0.731288492679596,0.08803563565015793,0.25536051392555237,0.22969448566436768,0.1482083797454834,-0.09029386192560196,-0.2993726134300232,-0.2695147693157196,-0.018392914906144142,-0.5858415365219116,-0.2545461356639862,0.34155571460723877,0.8160669207572937,0.7300344705581665,1.453370451927185,-0.4094286561012268,0.7311475276947021,0.3087345361709595,-0.06551861017942429,0.4360032379627228,0.2737692892551422,0.17329424619674683,-0.07899592071771622,-0.20158913731575012,-0.034246139228343964,0.28667759895324707,-0.13627193868160248,0.15996688604354858,0.22969067096710205,-0.9356076717376709,0.2681053876876831,-0.007277756929397583,-0.2771139144897461,-0.960809588432312,0.3379042148590088,-0.17729085683822632,0.14998549222946167,-0.13566982746124268,-0.7612564563751221,-0.6340996026992798,-0.10236766934394836,0.6473624110221863,-0.7552765607833862,0.3555586338043213,-0.03848857432603836,-0.031000062823295593,-0.09113454818725586,0.9958385825157166,1.331274802396365e-06,-0.9958385825157166,-0.09113454818725586,7.187456958490657e-07,0.2521202862262726,-0.15690816938877106,-0.031000126153230667,0.45899698138237,0.07993101328611374,-0.03099999949336052
162,0.4295610189437866,-0.11572947353124619,-1.2794362306594849,1.1722747087478638,-0.36396878957748413,0.9833276867866516,-0.9560791850090027,0.7313294410705566,0.044654689729213715,0.05129621922969818,0.23209796845912933,0.27649495005607605,-0.07049991935491562,-0.2994449734687805,-0.20319148898124695,-0.022242341190576553,-0.5743002891540527,-0.2561192512512207,0.36937856674194336,0.8335610032081604,0.7459377646446228,1.4541823863983154,-0.42236682772636414,0.7310740351676941,0.27570435404777527,-0.044677406549453735,0.4285751283168793,0.26708129048347473,0.23194608092308044,0.017774319276213646,-0.1806780993938446,-0.024908019229769707,0.3016793727874756,-0.14206403493881226,0.1711040735244751,0.258445143699646,-0.9181627035140991,0.30030542612075806,0.014564665034413338,-0.3071279525756836,-0.9515568017959595,0.34084057807922363,-0.16201606392860413,0.15655066072940826,-0.08660972118377686,-0.7632096409797668,-0.6403201818466187,-0.11013837158679962,0.6461308002471924,-0.7552380561828613,0.3555586338043213,-0.038488563150167465,-0.031000062823295593,-0.09113478660583496,0.9958385825157166,1.2505763606895925e-06,-0.9958385825157166,-0.09113478660583496,5.958754059065541e-07,0.25212031602859497,-0.15690818428993225,-0.031000129878520966,0.4589969515800476,0.07993105053901672,-0.03099999576807022
163,0.4320443570613861,-0.1237187385559082,-1.2689447402954102,1.1838282346725464,-0.36457329988479614,0.9728167057037354,-0.9671602845191956,0.7317187190055847,0.04110453277826309,-0.1709732562303543,0.13648051023483276,0.17458295822143555,0.30928149819374084,-0.024412252008914948,-0.6630513668060303,-0.05621114373207092,-0.5821287631988525,-0.25936034321784973,0.39395180344581604,0.8562809228897095,0.7580260038375854,1.4545402526855469,-0.4368748664855957,0.730536699295044,-0.31437718868255615,-0.09751640260219574,0.2565644085407257,0.3972652852535248,-0.026612520217895508,-0.00753162894397974,-0.606728196144104,0.2958172857761383,0.31376099586486816,-0.14379918575286865,0.18002855777740479,0.27499884366989136,-0.9073266983032227,0.318015456199646,0.04061487317085266,-0.31950998306274414,-0.946712076663971,0.3486011028289795,-0.15525338053703308,0.1647200584411621,-0.04720735549926758,-0.764562726020813,-0.6428183913230896,-0.10021279752254486,0.6439141035079956,-0.7585065364837646,0.3555586338043213,-0.038488566875457764,-0.031000062823295593,-0.09113478660583496,0.9958385229110718,1.3158511364963488e-06,-0.9958385229110718,-0.09113478660583496,7.364722023339709e-07,0.25212031602859497,-0.15690818428993225,-0.03100012242794037,0.4589969515800476,0.07993104308843613,-0.031000003218650818
164,0.43308934569358826,-0.13038840889930725,-1.2606040239334106,1.1918052434921265,-0.36407768726348877,0.9606039524078369,-0.9708155989646912,0.7317713499069214,0.04772985726594925,-0.10938378423452377,0.14786644279956818,0.1519291251897812,0.18782852590084076,-0.07172434031963348,-0.3527884781360626,-0.29150646924972534,-0.5937864780426025,-0.26639220118522644,0.4146455228328705,0.8827811479568481,0.7602800130844116,1.4482378959655762,-0.45539453625679016,0.7305614352226257,-0.1436348706483841,-0.1571306586265564,0.3202750086784363,0.44158998131752014,-0.10783287137746811,-0.14690090715885162,-0.5288739204406738,0.29119282960891724,0.32387375831604004,-0.14544928073883057,0.1873367428779602,0.2814059853553772,-0.8995584845542908,0.33407384157180786,0.06420184671878815,-0.3297128677368164,-0.9418958425521851,0.3597276210784912,-0.15457986295223236,0.17303046584129333,-0.002144336700439453,-0.7732113599777222,-0.6341447830200195,-0.07868439704179764,0.6323106288909912,-0.7707087993621826,0.3555586338043213,-0.038488566875457764,-0.031000062823295593,-0.09113478660583496,0.9958385229110718,1.251961407433555e-06,-0.9958385229110718,-0.09113478660583496,5.971543828309223e-07,0.25212031602859497,-0.15690818428993225,-0.031000129878520966,0.4589969515800476,0.07993104308843613,-0.03099999576807022
165,0.4394969642162323,-0.1414760947227478,-1.261144757270813,1.201087236404419,-0.3664831519126892,0.95131915807724,-0.9736273288726807,0.7319790720939636,0.09819318354129791,-0.24409276247024536,0.005031991750001907,0.15543092787265778,0.47827255725860596,0.13060812652111053,-0.8760574460029602,0.3401946723461151,-0.609130859375,-0.27103736996650696,0.433367520570755,0.9061686396598816,0.7666769027709961,1.4488379955291748,-0.4749063551425934,0.7301130294799805,-0.22112424671649933,-0.0970822423696518,0.2559548616409302,0.3658900260925293,-0.26405102014541626,-0.04087217152118683,-1.0323129892349243,0.3996613621711731,0.33145689964294434,-0.14826926589012146,0.1949714720249176,0.28338950872421265,-0.8934056758880615,0.3485923409461975,0.08699233084917068,-0.3380470275878906,-0.9370999932289124,0.36856722831726074,-0.15317945182323456,0.18153202533721924,0.035273611545562744,-0.7753540277481079,-0.6305409669876099,-0.061355799436569214,0.6280633211135864,-0.7757396101951599,0.3555586338043213,-0.03848857432603836,-0.031000062823295593,-0.09113454818725586,0.9958385825157166,1.3302327488418086e-06,-0.9958385825157166,-0.09113454818725586,7.275851885424345e-07,0.2521202862262726,-0.15690816938877106,-0.031000126153230667,0.45899698138237,0.07993101328611374,-0.03099999949336052
166,0.44385194778442383,-0.1444641500711441,-1.2680444717407227,1.2080148458480835,-0.3689727485179901,0.9385467767715454,-0.970377504825592,0.7316379547119141,0.11789999157190323,-0.017552265897393227,-0.09857366234064102,0.03117934986948967,-0.02538713440299034,-0.15919740498065948,-0.008664850145578384,-0.6385099291801453,-0.6144900918006897,-0.277227520942688,0.4507991671562195,0.9304912686347961,0.7714112997055054,1.4506312608718872,-0.495067298412323,0.730752170085907,-0.13657215237617493,-0.14640188217163086,0.1994420737028122,0.41698217391967773,0.07020621001720428,0.015388469211757183,-0.3319477438926697,0.39749547839164734,0.3348872661590576,-0.15393505990505219,0.20079946517944336,0.2750532627105713,-0.8898507356643677,0.36402103304862976,0.10087382793426514,-0.3498249053955078,-0.931368350982666,0.37534260749816895,-0.1485874056816101,0.19068396091461182,0.08195358514785767,-0.7772522568702698,-0.6238289475440979,-0.0496177077293396,0.621976375579834,-0.7814623713493347,0.3555586338043213,-0.038488563150167465,-0.031000062823295593,-0.09113478660583496,0.9958385825157166,1.2504824553616345e-06,-0.9958385825157166,-0.09113478660583496,6.055280437067267e-07,0.25212031602859497,-0.15690818428993225,-0.031000129878520966,0.4589969515800476,0.07993105053901672,-0.03099999576807022
167,0.45197582244873047,-0.14520201086997986,-1.2799935340881348,1.2095552682876587,-0.38038307428359985,0.9303870797157288,-0.9737212657928467,0.7316982746124268,0.043607521802186966,-0.014829270541667938,-0.19290883839130402,0.03321134299039841,-0.14874659478664398,-0.12158618867397308,-0.28426501154899597,-0.6586548686027527,-0.6281912922859192,-0.2803780138492584,0.46032091975212097,0.9531810879707336,0.7886716723442078,1.4564629793167114,-0.5109046101570129,0.7305209636688232,-0.2157069593667984,-0.04891912639141083,0.11088757961988449,0.3392902612686157,0.23388302326202393,0.09459352493286133,-0.4264165759086609,0.4753960967063904,0.3337986469268799,-0.15918563306331635,0.20280694961547852,0.2797015309333801,-0.8839948177337646,0.3745935261249542,0.10082675516605377,-0.36096298694610596,-0.9271137118339539,0.3844025135040283,-0.14556512236595154,0.2022993266582489,0.10813301801681519,-0.7699258327484131,-0.6289049386978149,-0.028986424207687378,0.6299035549163818,-0.7761322855949402,0.3555586338043213,-0.038488566875457764,-0.031000062823295593,-0.09113478660583496,0.9958385229110718,1.3262414313430781e-06,-0.9958385229110718,-0.09113478660583496,7.423553824992268e-07,0.25212031602859497,-0.15690818428993225,-0.03100012242794037,0.4589969515800476,0.07993104308843613,-0.031000003218650818
168,0.45756223797798157,-0.1447417438030243,-1.293402910232544,1.2118611335754395,-0.3932960629463196,0.9199053049087524,-0.9779333472251892,0.731689453125,0.10666991770267487,-0.004882417153567076,-0.18715977668762207,0.014113100245594978,-0.17002131044864655,-0.1421407014131546,-0.282169908285141,-0.7030033469200134,-0.6417442560195923,-0.28044593334198,0.47011783719062805,0.9735293984413147,0.8066772222518921,1.4632006883621216,-0.5242290496826172,0.7304930090904236,-0.2031833678483963,-0.023517822846770287,0.11480291187763214,0.3097284734249115,0.24691207706928253,0.12573759257793427,-0.3260815143585205,0.8468735218048096,0.3312075138092041,-0.1666630655527115,0.20555248856544495,0.28253448009490967,-0.8772925734519958,0.3879845440387726,0.09965747594833374,-0.3754303455352783,-0.9214773178100586,0.3919398784637451,-0.14188094437122345,0.21278303861618042,0.12931948900222778,-0.7606987953186035,-0.6360925436019897,-0.013102620840072632,0.6401122212409973,-0.768169641494751,0.3555586338043213,-0.038488540798425674,-0.03100011497735977,-0.09113466739654541,0.9958385825157166,1.4642638461737079e-06,-0.9958385825157166,-0.09113466739654541,4.892044671578333e-07,0.25212031602859497,-0.15690815448760986,-0.03100021928548813,0.4589969515800476,0.07993106544017792,-0.031000010669231415
169,0.4655727744102478,-0.14327429234981537,-1.3083710670471191,1.2142250537872314,-0.40860772132873535,0.9101521372795105,-0.9791389107704163,0.7316891551017761,0.08311180770397186,0.01466508861631155,-0.22381320595741272,0.051126882433891296,-0.19293591380119324,-0.15662892162799835,-0.4352145195007324,-0.7268206477165222,-0.6578608155250549,-0.28013911843299866,0.47808223962783813,0.9946861863136292,0.8231360912322998,1.4712156057357788,-0.5397205352783203,0.7304972410202026,-0.23595084249973297,-0.018561888486146927,0.09337027370929718,0.3313489556312561,0.2212965190410614,0.14186754822731018,-0.5388101935386658,0.7512151598930359,0.328385591506958,-0.17410489916801453,0.20819810032844543,0.2851821780204773,-0.8702791333198547,0.4016035795211792,0.0960891991853714,-0.39093291759490967,-0.9153896570205688,0.39965176582336426,-0.14010050892829895,0.22355875372886658,0.15067064762115479,-0.7518312931060791,-0.6419098973274231,0.004010528791695833,0.6497820615768433,-0.760110080242157,0.3555586338043213,-0.038488537073135376,-0.03100011497735977,-0.09113478660583496,0.9958385825157166,1.3553091093854164e-06,-0.9958385825157166,-0.09113478660583496,3.08709587670819e-07,0.25212031602859497,-0.15690815448760986,-0.031000226736068726,0.4589969515800476,0.07993108034133911,-0.031000003218650818
170,0.4618643522262573,-0.14183436334133148,-1.3283846378326416,1.2310842275619507,-0.4228321313858032,0.8915970921516418,-0.9781386256217957,0.7314018607139587,-0.4115847945213318,-0.041721172630786896,-0.34398868680000305,0.4524330198764801,-0.20021066069602966,-0.3234615921974182,0.0204573106020689,-0.4922349750995636,-0.6536617279052734,-0.27857518196105957,0.4919804632663727,1.0117155313491821,0.8421813249588013,1.4865069389343262,-0.5531596541404724,0.7308433055877686,0.5376076102256775,0.007543790154159069,0.3849239647388458,0.21010074019432068,0.29476433992385864,0.26878729462623596,-0.18512284755706787,0.2052382230758667,0.3218367099761963,-0.1925498992204666,0.22017011046409607,0.2646494507789612,-0.8618706464767456,0.43259650468826294,0.1002538651227951,-0.42157089710235596,-0.9012364745140076,0.39851927757263184,-0.12610390782356262,0.23283061385154724,0.1852741837501526,-0.734546959400177,-0.6527742147445679,-0.006359041668474674,0.6633648872375488,-0.7482691407203674,0.3555586338043213,-0.038488540798425674,-0.03100011497735977,-0.09113478660583496,0.9958385825157166,1.4372061514222878e-06,-0.9958385825157166,-0.09113478660583496,4.4533990717354754e-07,0.25212031602859497,-0.15690816938877106,-0.03100021928548813,0.4589969515800476,0.07993108034133911,-0.031000010669231415
171,0.4411337375640869,-0.140887051820755,-1.354500651359558,1.2571790218353271,-0.4325905740261078,0.870002269744873,-0.9695000052452087,0.7313229441642761,-0.5068807005882263,-0.03172565996646881,-0.41784265637397766,0.4188949763774872,-0.13864026963710785,-0.3031984269618988,0.12246262282133102,-0.36934906244277954,-0.633596658706665,-0.2807392477989197,0.5066317319869995,1.0256134271621704,0.8580668568611145,1.5093278884887695,-0.5582588315010071,0.7309969067573547,0.30498337745666504,-0.07130672037601471,0.2045208215713501,0.22243650257587433,0.22419515252113342,0.32099297642707825,-0.07279065251350403,0.02735082432627678,0.3047044277191162,-0.22025465965270996,0.2376078963279724,0.21068352460861206,-0.856942892074585,0.4703843891620636,0.10148205608129501,-0.45941221714019775,-0.8824070692062378,0.38927340507507324,-0.10544818639755249,0.2411794364452362,0.22314363718032837,-0.7139195799827576,-0.6637210249900818,-0.03684643283486366,0.6742252111434937,-0.7376059889793396,0.3555586338043213,-0.038488563150167465,-0.031000062823295593,-0.09113466739654541,0.9958385229110718,1.4554279914591461e-06,-0.9958385229110718,-0.09113466739654541,1.03717115962354e-06,0.25212031602859497,-0.15690816938877106,-0.031000103801488876,0.4589969515800476,0.07993103563785553,-0.03100002184510231
172,0.41668570041656494,-0.1328400820493698,-1.383021354675293,1.2827712297439575,-0.4438641369342804,0.8484132289886475,-0.9633125066757202,0.7313355803489685,-0.5129628777503967,0.08940431475639343,-0.4341725707054138,0.41329121589660645,-0.15976190567016602,-0.30376195907592773,0.0880870670080185,-0.38275933265686035,-0.6145414113998413,-0.287375807762146,0.5175471305847168,1.0438367128372192,0.876846194267273,1.5314198732376099,-0.5544244647026062,0.7309951782226562,0.4042162597179413,-0.16850867867469788,0.19348347187042236,0.3100211024284363,0.27455538511276245,0.3166692554950714,0.05296080559492111,0.03194552659988403,0.281475305557251,-0.24874210357666016,0.2550690770149231,0.15888655185699463,-0.846289336681366,0.5084775686264038,0.08913081884384155,-0.5006216764450073,-0.8610654473304749,0.38184046745300293,-0.08625727891921997,0.25300854444503784,0.25413423776626587,-0.6943256258964539,-0.6732961535453796,-0.05803430825471878,0.683949887752533,-0.7272170186042786,0.3555586338043213,-0.038488540798425674,-0.03100011497735977,-0.09113454818725586,0.9958385825157166,1.439635525457561e-06,-0.9958385825157166,-0.09113454818725586,4.39065559021401e-07,0.2521202862262726,-0.15690813958644867,-0.031000223010778427,0.45899698138237,0.07993105053901672,-0.031000006943941116
173,0.3912026882171631,-0.11764038354158401,-1.4117813110351562,1.3066697120666504,-0.45864835381507874,0.827451229095459,-0.9579187035560608,0.731343150138855,-0.5163817405700684,0.19873777031898499,-0.43438833951950073,0.3810822069644928,-0.2091759443283081,-0.29350346326828003,0.07677670568227768,-0.36083003878593445,-0.5927046537399292,-0.2995784282684326,0.529954731464386,1.0634679794311523,0.8978314399719238,1.5512969493865967,-0.5470480918884277,0.7309859991073608,0.45428466796875,-0.2515939176082611,0.22086216509342194,0.32549649477005005,0.30590206384658813,0.2882969081401825,0.10317873954772949,-0.0026619695127010345,0.25446534156799316,-0.2757705748081207,0.27238717675209045,0.11506956815719604,-0.8292303085327148,0.5469334125518799,0.06352014094591141,-0.5433216094970703,-0.8371182680130005,0.3734753131866455,-0.06535322219133377,0.2665012776851654,0.28807663917541504,-0.6748806238174438,-0.6793731451034546,-0.07678843289613724,0.690883994102478,-0.7188761234283447,0.3555586338043213,-0.03848853334784508,-0.03100011497735977,-0.09113478660583496,0.9958385825157166,1.4830143300059717e-06,-0.9958385825157166,-0.09113478660583496,6.143372388578427e-07,0.25212031602859497,-0.15690815448760986,-0.031000204384326935,0.4589969515800476,0.07993108034133911,-0.03100002557039261
174,0.3664710521697998,-0.10199515521526337,-1.4399714469909668,1.3276997804641724,-0.4690766930580139,0.8048772215843201,-0.9523881673812866,0.7313252091407776,-0.5070011019706726,0.19731740653514862,-0.4248773455619812,0.33787643909454346,-0.14788766205310822,-0.318114310503006,0.07791636884212494,-0.017556538805365562,-0.5699318051338196,-0.3142153024673462,0.5455087423324585,1.084720253944397,0.9201998114585876,1.5671550035476685,-0.5372945666313171,0.7310099601745605,0.46990442276000977,-0.2858039438724518,0.26841986179351807,0.349724680185318,0.32615047693252563,0.2322886884212494,0.13673126697540283,-0.014914676547050476,0.22743582725524902,-0.2994782328605652,0.2891041338443756,0.07334870100021362,-0.8095328211784363,0.5824745893478394,0.03720736503601074,-0.5814199447631836,-0.8127524256706238,0.3643758296966553,-0.04310189560055733,0.28063684701919556,0.3242957592010498,-0.6552429795265198,-0.6822674870491028,-0.09354255348443985,0.6954984664916992,-0.7124125361442566,0.3555586338043213,-0.03848855569958687,-0.03100011497735977,-0.09113466739654541,0.9958385229110718,1.4172131841405644e-06,-0.9958385229110718,-0.09113466739654541,4.1351563595526386e-07,0.25212031602859497,-0.15690815448760986,-0.031000223010778427,0.4589969515800476,0.07993103563785553,-0.031000006943941116
175,0.34329885244369507,-0.09050250053405762,-1.4676060676574707,1.3484247922897339,-0.4749344289302826,0.7816819548606873,-0.9478381872177124,0.7313180565834045,-0.5022093653678894,0.12887629866600037,-0.41585803031921387,0.3448582589626312,-0.08322351425886154,-0.3298625349998474,0.06405241042375565,-0.007994482293725014,-0.5461573600769043,-0.329933226108551,0.5626028180122375,1.107208013534546,0.9433795213699341,1.5812366008758545,-0.527172863483429,0.7310078740119934,0.4823616147041321,-0.30285581946372986,0.29100602865219116,0.367290198802948,0.3373095691204071,0.2083432376384735,0.1418858915567398,-0.011744226329028606,0.20107626914978027,-0.32044315338134766,0.3063173294067383,0.03166604042053223,-0.7876659035682678,0.6152881979942322,0.015039145946502686,-0.6151517629623413,-0.7882652282714844,0.35362696647644043,-0.019958382472395897,0.2951153814792633,0.36263221502304077,-0.633687436580658,-0.6833286285400391,-0.11054258048534393,0.6988135576248169,-0.7067106366157532,0.3555586338043213,-0.03848853334784508,-0.03100011497735977,-0.09113478660583496,0.9958385825157166,1.3555120403907495e-06,-0.9958385825157166,-0.09113478660583496,2.903583151692146e-07,0.25212031602859497,-0.15690815448760986,-0.031000230461359024,0.4589969515800476,0.07993108034133911,-0.03099999949336052
176,0.320843905210495,-0.08379694819450378,-1.494687795639038,1.3687745332717896,-0.47580796480178833,0.7580223679542542,-0.9437511563301086,0.7312988042831421,-0.4993762671947479,0.05837797746062279,-0.4100598096847534,0.3365097939968109,-0.012668679468333721,-0.33599039912223816,0.057572439312934875,-0.016467638313770294,-0.5219242572784424,-0.3464166820049286,0.5806725025177002,1.1303675174713135,0.9672409892082214,1.5935256481170654,-0.516247570514679,0.7310070991516113,0.48661765456199646,-0.31633126735687256,0.3055993914604187,0.3775433599948883,0.3467975854873657,0.18366096913814545,0.1531403362751007,-0.01063216757029295,0.1748816967010498,-0.33904364705085754,0.32365068793296814,-0.0124131441116333,-0.7642505764961243,0.6448000073432922,-0.0027563280891627073,-0.644821047782898,-0.76432865858078,0.3411891460418701,0.003574410453438759,0.3096686601638794,0.40123701095581055,-0.6103298664093018,-0.6830126643180847,-0.1275772899389267,0.701163113117218,-0.7014943361282349,0.3555586338043213,-0.038488540798425674,-0.03100011497735977,-0.09113490581512451,0.9958385825157166,1.4220564708011807e-06,-0.9958385825157166,-0.09113490581512451,4.3057826815129374e-07,0.25212031602859497,-0.15690818428993225,-0.03100021928548813,0.4589969217777252,0.0799310952425003,-0.031000010669231415
177,0.2987866699695587,-0.08136606216430664,-1.5209882259368896,1.3869985342025757,-0.470937043428421,0.7339820265769958,-0.9402061700820923,0.7312631607055664,-0.4921158254146576,-0.002792447106912732,-0.401668518781662,0.2961026430130005,0.0676325336098671,-0.3403299152851105,0.049805812537670135,0.0022719264961779118,-0.4973336458206177,-0.36284884810447693,0.5997700095176697,1.1533440351486206,0.9920386672019958,1.602455735206604,-0.5036900043487549,0.7310004830360413,0.4890440106391907,-0.31254592537879944,0.3225420415401459,0.3720921277999878,0.3595983684062958,0.13693980872631073,0.17595627903938293,-0.0008034908678382635,0.14882969856262207,-0.3550765812397003,0.33972880244255066,-0.05921578407287598,-0.740476667881012,0.6694682240486145,-0.016555488109588623,-0.6698243618011475,-0.7423349618911743,0.3273952007293701,0.027341187000274658,0.32388797402381897,0.43807125091552734,-0.5855936408042908,-0.6820365190505981,-0.14408759772777557,0.7031610012054443,-0.6962782740592957,0.3555586338043213,-0.03848853334784508,-0.03100011497735977,-0.09113490581512451,0.9958385825157166,1.3616676142191864e-06,-0.9958385825157166,-0.09113490581512451,2.940433887488325e-07,0.25212031602859497,-0.15690816938877106,-0.031000230461359024,0.4589969217777252,0.0799310952425003,-0.03099999949336052
178,0.27745088934898376,-0.08355370163917542,-1.5466986894607544,1.3975446224212646,-0.46215584874153137,0.7115734815597534,-0.9360858798027039,0.731197714805603,-0.4803258776664734,-0.07790111750364304,-0.4205707311630249,0.1330263316631317,0.16242507100105286,-0.32709619402885437,0.06810052692890167,-0.022103765979409218,-0.4733486473560333,-0.3791220784187317,0.6182034015655518,1.1775354146957397,1.017104148864746,1.6065800189971924,-0.48879367113113403,0.7310099601745605,0.4364728629589081,-0.3194209039211273,0.2925768792629242,0.3918733596801758,0.3787534534931183,0.055858056992292404,0.20954987406730652,-0.014948584139347076,0.12227749824523926,-0.36744117736816406,0.3502916097640991,-0.10779368877410889,-0.7207851409912109,0.6847257018089294,-0.028775781393051147,-0.6861882209777832,-0.726854681968689,0.31385111808776855,0.05041860416531563,0.33845916390419006,0.47235405445098877,-0.5612677931785583,-0.679602861404419,-0.1560845822095871,0.7055904865264893,-0.6912160515785217,0.3555586338043213,-0.038488540798425674,-0.03100011497735977,-0.09113466739654541,0.9958385229110718,1.4177375078361365e-06,-0.9958385229110718,-0.09113466739654541,4.340944030900573e-07,0.25212031602859497,-0.15690813958644867,-0.03100021928548813,0.4589969515800476,0.07993105053901672,-0.031000010669231415
179,0.2648720145225525,-0.08602379262447357,-1.5728306770324707,1.3957269191741943,-0.4527399241924286,0.6916490793228149,-0.9298248887062073,0.731098473072052,-0.09394962340593338,-0.026337433606386185,-0.3836325407028198,-0.13820843398571014,0.11696089804172516,-0.2600335478782654,0.048311371356248856,-0.03198380768299103,-0.4547238349914551,-0.39379754662513733,0.6284525990486145,1.2048629522323608,1.0418226718902588,1.6084150075912476,-0.472954124212265,0.7310420274734497,0.22287075221538544,-0.2553311288356781,0.06639218330383301,0.46358954906463623,0.35860776901245117,0.017828207463026047,0.22307445108890533,-0.03866848349571228,0.10024857521057129,-0.3747618794441223,0.35222092270851135,-0.14908647537231445,-0.7088541984558105,0.6894193291664124,-0.03935438394546509,-0.6924053430557251,-0.7204346656799316,0.3045027256011963,0.06918280571699142,0.3553217351436615,0.5004274845123291,-0.5396857857704163,-0.6769870519638062,-0.15689994394779205,0.7124612331390381,-0.6839454770088196,0.3555586338043213,-0.03848853334784508,-0.03100011497735977,-0.09113478660583496,0.9958385825157166,1.3609651432489045e-06,-0.9958385825157166,-0.09113478660583496,2.9305917337296705e-07,0.25212031602859497,-0.15690815448760986,-0.031000230461359024,0.4589969515800476,0.07993108034133911,-0.03099999949336052
180,0.26324278116226196,-0.08544904738664627,-1.5968291759490967,1.388350486755371,-0.4444785714149475,0.6743554472923279,-0.9222023487091064,0.7310610413551331,-0.09619203209877014,-0.007119111251085997,-0.3614571988582611,-0.1221524178981781,0.08763289451599121,-0.24286730587482452,-0.03208296000957489,-0.01509232260286808,-0.44223013520240784,-0.40570199489593506,0.6327964663505554,1.2332148551940918,1.0653815269470215,1.605025291442871,-0.4570278525352478,0.7310233116149902,0.23819458484649658,-0.22363582253456116,0.0514555461704731,0.4596691131591797,0.341674268245697,-0.047147102653980255,0.22556738555431366,-0.027969611808657646,0.0866706371307373,-0.37860652804374695,0.3503333330154419,-0.17801892757415771,-0.7014805674552917,0.6900973320007324,-0.04611707106232643,-0.694581151008606,-0.717934787273407,0.3003542423248291,0.08389480412006378,0.37333032488822937,0.5221314430236816,-0.522537112236023,-0.6740427613258362,-0.14656352996826172,0.7235956192016602,-0.6744838953018188,0.3555586338043213,-0.038488540798425674,-0.03100011497735977,-0.09113490581512451,0.9958385825157166,1.4378821333593805e-06,-0.9958385825157166,-0.09113490581512451,4.293902975405217e-07,0.25212031602859497,-0.15690818428993225,-0.031000223010778427,0.4589969217777252,0.0799310952425003,-0.031000006943941116
181,0.25667375326156616,-0.0816521942615509,-1.6203627586364746,1.382429599761963,-0.4365605115890503,0.6582709550857544,-0.9102601408958435,0.7310084700584412,-0.19072259962558746,0.0353962741792202,-0.37900105118751526,-0.14682939648628235,0.09671346843242645,-0.21540604531764984,0.1742122918367386,0.011470849625766277,-0.42572832107543945,-0.4187704622745514,0.6390397548675537,1.2604037523269653,1.087702751159668,1.6011106967926025,-0.4407280385494232,0.7310179471969604,0.2971465587615967,-0.2547985017299652,0.06929990649223328,0.4594379961490631,0.3239797353744507,-0.048839349299669266,0.22923727333545685,-0.02628040313720703,0.06968474388122559,-0.3825034499168396,0.3495441973209381,-0.21206510066986084,-0.6903288960456848,0.6917184591293335,-0.05910336971282959,-0.6974618434906006,-0.7141804695129395,0.29234957695007324,0.09996888041496277,0.39043477177619934,0.5459986925125122,-0.5032774806022644,-0.669774055480957,-0.14156433939933777,0.7325387001037598,-0.6658428311347961,0.3555586338043213,-0.03848854824900627,-0.03100011497735977,-0.09113454818725586,0.9958385825157166,1.3256099009595346e-06,-0.9958385825157166,-0.09113454818725586,2.347600513985526e-07,0.2521202862262726,-0.15690813958644867,-0.031000230461359024,0.45899698138237,0.07993103563785553,-0.03099999949336052
182,0.24618682265281677,-0.0762949287891388,-1.644327998161316,1.3739819526672363,-0.4293891489505768,0.6453391313552856,-0.8948332667350769,0.7310078144073486,-0.2594459056854248,0.058044176548719406,-0.3748014569282532,-0.15082380175590515,0.0864996463060379,-0.17590250074863434,0.22213056683540344,0.013446095399558544,-0.40867099165916443,-0.43270036578178406,0.6433058381080627,1.2875468730926514,1.1082484722137451,1.5977909564971924,-0.42406728863716125,0.7310216426849365,0.3182075023651123,-0.2760271430015564,0.06181536242365837,0.45006850361824036,0.29837125539779663,-0.040740132331848145,0.2341742217540741,-0.027882158756256104,0.0489046573638916,-0.3850274085998535,0.34657183289527893,-0.2501342296600342,-0.678910493850708,0.6902994513511658,-0.07840666174888611,-0.6964185237884521,-0.7133397459983826,0.283031702041626,0.11504237353801727,0.40753883123397827,0.569381594657898,-0.48427027463912964,-0.6642943620681763,-0.13696865737438202,0.7408922910690308,-0.6575091481208801,0.3555586338043213,-0.038488566875457764,-0.031000062823295593,-0.09113478660583496,0.9958385229110718,1.3370358828979079e-06,-0.9958385229110718,-0.09113478660583496,7.77555328568269e-07,0.25212031602859497,-0.15690818428993225,-0.03100011870265007,0.4589969515800476,0.07993104308843613,-0.031000006943941116
183,0.24254734814167023,-0.07446584850549698,-1.6652175188064575,1.368627667427063,-0.41702133417129517,0.6329595446586609,-0.8780592083930969,0.7310102581977844,0.04453599825501442,0.030066141858696938,-0.24446365237236023,-0.03244760259985924,0.2185203731060028,-0.1620297133922577,0.5089261531829834,0.07572770863771439,-0.39210888743400574,-0.4483596980571747,0.6433736681938171,1.3148919343948364,1.1265714168548584,1.596206545829773,-0.40729114413261414,0.7310816049575806,0.25604507327079773,-0.27391308546066284,-0.037193913012742996,0.46600139141082764,0.2738375961780548,-0.024327974766492844,0.2358803004026413,-0.05145568773150444,0.035394906997680664,-0.38701295852661133,0.34504804015159607,-0.28947019577026367,-0.6667155623435974,0.6868022084236145,-0.08565092831850052,-0.696601152420044,-0.7123276591300964,0.27331042289733887,0.1280243694782257,0.42504608631134033,0.5920263528823853,-0.466830849647522,-0.6569427251815796,-0.13044708967208862,0.7488911151885986,-0.6497273445129395,0.3555586338043213,-0.03848854452371597,-0.03100011497735977,-0.09113454818725586,0.9958385825157166,1.4437518984777853e-06,-0.9958385825157166,-0.09113454818725586,4.931883950121119e-07,0.2521202862262726,-0.15690813958644867,-0.03100021556019783,0.45899698138237,0.07993104308843613,-0.031000014394521713
184,0.24804840981960297,-0.07315333932638168,-1.6821255683898926,1.3667142391204834,-0.40439775586128235,0.6267213821411133,-0.8619469404220581,0.7309879064559937,0.04905257746577263,0.007220766507089138,-0.24184046685695648,-0.04397723078727722,0.22586379945278168,-0.08068867027759552,0.4753413200378418,0.11247842013835907,-0.3765544295310974,-0.4657061696052551,0.641806423664093,1.3418290615081787,1.1403651237487793,1.5903538465499878,-0.3908568024635315,0.7310634255409241,0.3197273313999176,-0.3260863125324249,-0.03244694694876671,0.4551543891429901,0.2046739161014557,-0.06584237515926361,0.23160503804683685,-0.027498729526996613,0.03017258644104004,-0.38787317276000977,0.3442443013191223,-0.3205987215042114,-0.6579524874687195,0.6814064979553223,-0.08556739240884781,-0.6963205337524414,-0.7126121520996094,0.26497960090637207,0.13922244310379028,0.4419996738433838,0.6150124073028564,-0.4540768265724182,-0.6446502208709717,-0.11725558340549469,0.7557923197746277,-0.6442275643348694,0.3555586338043213,-0.03848854452371597,-0.03100011497735977,-0.09113466739654541,0.9958385229110718,1.403307123837294e-06,-0.9958385229110718,-0.09113466739654541,3.518034645821899e-07,0.25212031602859497,-0.15690815448760986,-0.031000226736068726,0.4589969515800476,0.07993105053901672,-0.031000003218650818
185,0.25506392121315,-0.07166443020105362,-1.698467493057251,1.3640040159225464,-0.3922370374202728,0.6234886050224304,-0.8459855318069458,0.7309855222702026,0.08195877075195312,0.01778183877468109,-0.22743578255176544,-0.044285133481025696,0.19600830972194672,-0.02102906070649624,0.3604333996772766,0.0907030925154686,-0.36078524589538574,-0.48374485969543457,0.6392282247543335,1.3692184686660767,1.152130365371704,1.5833303928375244,-0.37455788254737854,0.7311006188392639,0.27868273854255676,-0.3372739255428314,-0.03657497093081474,0.44993099570274353,0.1775343269109726,-0.0971839427947998,0.22918646037578583,-0.040804095566272736,0.025927305221557617,-0.3878740072250366,0.34219545125961304,-0.34955012798309326,-0.6511286497116089,0.6736810207366943,-0.08560112118721008,-0.6938375234603882,-0.7150258421897888,0.2560999393463135,0.14971885085105896,0.4590494632720947,0.6384631395339966,-0.4420855641365051,-0.6300199627876282,-0.10236786305904388,0.762527346611023,-0.6388058662414551,0.3555586338043213,-0.03848854452371597,-0.03100011497735977,-0.09113466739654541,0.9958385229110718,1.4640941117249895e-06,-0.9958385229110718,-0.09113466739654541,4.977406433681608e-07,0.25212031602859497,-0.15690815448760986,-0.03100021556019783,0.4589969515800476,0.07993105053901672,-0.031000014394521713
186,0.26468876004219055,-0.0684589296579361,-1.7141904830932617,1.3594133853912354,-0.3817231059074402,0.6246052980422974,-0.8305319547653198,0.7308523058891296,0.14502528309822083,0.049845706671476364,-0.22422687709331512,-0.09298108518123627,0.1489836573600769,0.03300512954592705,0.23380672931671143,0.19142791628837585,-0.34562551975250244,-0.5008322596549988,0.6348059177398682,1.396837830543518,1.1607334613800049,1.5739208459854126,-0.35862115025520325,0.731118381023407,0.2560029923915863,-0.3133483827114105,-0.0718081071972847,0.45275384187698364,0.1333032101392746,-0.13191238045692444,0.22412438690662384,-0.04443670064210892,0.02329707145690918,-0.3864779472351074,0.33810457587242126,-0.37333452701568604,-0.64805668592453,0.6638100743293762,-0.08706823736429214,-0.687910795211792,-0.7205537557601929,0.2483217716217041,0.15872260928153992,0.47609925270080566,0.6608615517616272,-0.43241673707962036,-0.6134148240089417,-0.08392555266618729,0.769627571105957,-0.6329533457756042,0.3555586338043213,-0.038488537073135376,-0.03100011497735977,-0.09113478660583496,0.9958385825157166,1.3529130455935956e-06,-0.9958385825157166,-0.09113478660583496,3.1492052698922635e-07,0.25212031602859497,-0.15690815448760986,-0.031000226736068726,0.4589969515800476,0.07993108034133911,-0.031000003218650818
187,0.27781084179878235,-0.06150766834616661,-1.7296713590621948,1.351861834526062,-0.3739406168460846,0.6293620467185974,-0.8157444596290588,0.7308205962181091,0.22274498641490936,0.11497201025485992,-0.2244393229484558,-0.1627769023180008,0.0920252576470375,0.08730478584766388,0.20080634951591492,0.2128761261701584,-0.3306179940700531,-0.5156227350234985,0.6293296217918396,1.4244238138198853,1.166686773300171,1.5621023178100586,-0.34313637018203735,0.7311163544654846,0.2501377761363983,-0.27119505405426025,-0.08549386262893677,0.4483340382575989,0.09578508138656616,-0.16620640456676483,0.21783316135406494,-0.04328683763742447,0.022722482681274414,-0.383539080619812,0.33190682530403137,-0.38934147357940674,-0.6491309404373169,0.6534849405288696,-0.09140857309103012,-0.6787346601486206,-0.7286728620529175,0.24149298667907715,0.16659416258335114,0.49304163455963135,0.6816242933273315,-0.4240780770778656,-0.5962768197059631,-0.06376993656158447,0.7773863673210144,-0.6257826089859009,0.3555586338043213,-0.038488537073135376,-0.03100011497735977,-0.09113478660583496,0.9958385825157166,1.432268732060038e-06,-0.9958385825157166,-0.09113478660583496,4.5402148884932103e-07,0.25212031602859497,-0.15690815448760986,-0.03100021928548813,0.4589969515800476,0.07993108034133911,-0.031000010669231415
188,0.2931327223777771,-0.05064122751355171,-1.7449719905853271,1.3465125560760498,-0.37187644839286804,0.6336753964424133,-0.8019775152206421,0.7305791974067688,0.25133225321769714,0.1777271330356598,-0.24817289412021637,-0.057003654539585114,-0.10628862679004669,-0.14199912548065186,0.11326349526643753,0.2714659571647644,-0.3164377212524414,-0.5282225608825684,0.6226845979690552,1.4521106481552124,1.1693373918533325,1.5485159158706665,-0.32797834277153015,0.731127917766571,0.22865073382854462,-0.2245427817106247,-0.11346691846847534,0.4454387128353119,0.04509865492582321,-0.1998761147260666,0.2145041972398758,-0.04350746050477028,0.0231931209564209,-0.38118797540664673,0.3284374177455902,-0.3962498903274536,-0.6485507488250732,0.6498985290527344,-0.09979566931724548,-0.6732234954833984,-0.7326738834381104,0.2360231876373291,0.17298513650894165,0.5098282098770142,0.70047926902771,-0.41807833313941956,-0.5783936381340027,-0.04133537784218788,0.7853190898895264,-0.617709755897522,0.3555586338043213,-0.038488563150167465,-0.031000062823295593,-0.09113466739654541,0.9958385229110718,1.4530747876051464e-06,-0.9958385229110718,-0.09113466739654541,1.045102749230864e-06,0.25212031602859497,-0.15690816938877106,-0.031000100076198578,0.4589969515800476,0.07993103563785553,-0.03100002557039261
189,0.3096984028816223,-0.0376548245549202,-1.759562373161316,1.3456711769104004,-0.3764324486255646,0.6385312676429749,-0.7918813228607178,0.7303397059440613,0.24482929706573486,0.20853713154792786,-0.21457244455814362,-0.031133515760302544,-0.09413840621709824,0.04947923496365547,0.12213713675737381,0.7888289093971252,-0.3084920048713684,-0.5413925647735596,0.6118485927581787,1.4796067476272583,1.1617456674575806,1.5325740575790405,-0.3140549957752228,0.731249988079071,0.10745935887098312,-0.23413172364234924,-0.20330549776554108,0.44179651141166687,-0.0953148677945137,-0.23256438970565796,0.19747130572795868,-0.3089453876018524,0.02401900291442871,-0.37984809279441833,0.3287574052810669,-0.39270055294036865,-0.6465436816215515,0.6540393233299255,-0.11196780204772949,-0.6722679138183594,-0.7317915558815002,0.23677420616149902,0.1744740903377533,0.5258151292800903,0.7164484262466431,-0.42493635416030884,-0.5532909035682678,-0.004515976179391146,0.7902477979660034,-0.6127707958221436,0.3555586338043213,-0.038488540798425674,-0.03100011497735977,-0.09113454818725586,0.9958385825157166,1.436791990272468e-06,-0.9958385825157166,-0.09113454818725586,4.474862578263128e-07,0.2521202862262726,-0.15690813958644867,-0.03100021928548813,0.45899698138237,0.07993105053901672,-0.031000010669231415
190,0.3268122375011444,-0.030154792591929436,-1.7749180793762207,1.345965027809143,-0.3786102831363678,0.643111526966095,-0.7847254872322083,0.7302451133728027,0.23418067395687103,0.09484095126390457,-0.21859227120876312,-0.010535907000303268,0.03461702913045883,0.020316442474722862,0.13859806954860687,1.0910043716430664,-0.30118033289909363,-0.5534406900405884,0.5987588763237,1.5065944194793701,1.151365876197815,1.5156478881835938,-0.3017610013484955,0.7312448620796204,0.12132527679204941,-0.2249833047389984,-0.21684208512306213,0.43560487031936646,-0.13255102932453156,-0.2408498376607895,0.17327535152435303,-0.047291144728660583,0.0247342586517334,-0.3788425028324127,0.3289239704608917,-0.3920243978500366,-0.6454315781593323,0.6555417776107788,-0.11896921694278717,-0.6710283756256104,-0.7318247556686401,0.23908400535583496,0.17422190308570862,0.542178213596344,0.7307101488113403,-0.43424224853515625,-0.5267791748046875,0.03558751940727234,0.7948049306869507,-0.6058206558227539,0.3555586338043213,-0.03848855942487717,-0.031000062823295593,-0.09113478660583496,0.9958385825157166,1.4623567494709278e-06,-0.9958385825157166,-0.09113478660583496,1.0603174587231479e-06,0.25212031602859497,-0.15690818428993225,-0.031000100076198578,0.4589969515800476,0.07993105798959732,-0.03100002557039261
191,0.34477701783180237,-0.02399061620235443,-1.7907350063323975,1.346516728401184,-0.3799396753311157,0.648184061050415,-0.778849184513092,0.730268657207489,0.26018115878105164,0.09163885563611984,-0.2235390543937683,-0.005869156681001186,0.0030080024152994156,0.048369601368904114,0.09366151690483093,1.0261832475662231,-0.2953068017959595,-0.5637587308883667,0.5835376977920532,1.5325899124145508,1.1372615098953247,1.4993963241577148,-0.2909463047981262,0.7312790155410767,0.0732228085398674,-0.17638257145881653,-0.26284024119377136,0.41019758582115173,-0.18622930347919464,-0.23529072105884552,0.15390804409980774,-0.34134382009506226,0.02568364143371582,-0.37776368856430054,0.32895326614379883,-0.3915361166000366,-0.6450933814048767,0.6561661958694458,-0.1244683712720871,-0.6694140434265137,-0.7323883175849915,0.24326682090759277,0.17161986231803894,0.5581446886062622,0.7419865131378174,-0.44720518589019775,-0.4994632601737976,0.07815184444189072,0.7976242303848267,-0.5980700850486755,0.3555586338043213,-0.03848855197429657,-0.03100011497735977,-0.09113478660583496,0.9958385825157166,1.4398767689272063e-06,-0.9958385825157166,-0.09113478660583496,4.4532637843985867e-07,0.25212031602859497,-0.15690818428993225,-0.03100021928548813,0.4589969515800476,0.07993106544017792,-0.031000010669231415
192,0.3622604012489319,-0.020631123334169388,-1.8065820932388306,1.3487643003463745,-0.37973082065582275,0.654630720615387,-0.7732243537902832,0.7301135063171387,0.2647968828678131,0.04519585147500038,-0.2824263870716095,-0.06601974368095398,-0.30772078037261963,-0.32621052861213684,-0.12571579217910767,0.5063068270683289,-0.2943219840526581,-0.5740474462509155,0.5652873516082764,1.5582571029663086,1.1201515197753906,1.482147216796875,-0.2805962860584259,0.7313218116760254,0.02517756074666977,-0.17701826989650726,-0.3283443748950958,0.40480679273605347,-0.24143557250499725,-0.2735627293586731,0.1520436853170395,-0.3722575306892395,0.026147127151489258,-0.37678369879722595,0.32913103699684143,-0.3944040536880493,-0.6446427702903748,0.6548901200294495,-0.12789855897426605,-0.6672155857086182,-0.7338017821311951,0.2512519359588623,0.16576656699180603,0.5749898552894592,0.7485425472259521,-0.46726927161216736,-0.4704715609550476,0.1289849579334259,0.7985724210739136,-0.5879157781600952,0.3555586338043213,-0.03848855942487717,-0.031000062823295593,-0.09113466739654541,0.9958385229110718,1.31247497847653e-06,-0.9958385229110718,-0.09113466739654541,7.080789146129973e-07,0.25212031602859497,-0.15690815448760986,-0.031000126153230667,0.4589969515800476,0.07993103563785553,-0.03099999949336052
193,0.37985455989837646,-0.016157733276486397,-1.8220082521438599,1.3512641191482544,-0.380379855632782,0.663119375705719,-0.7670792937278748,0.7301222085952759,0.26134949922561646,0.07914312183856964,-0.21997147798538208,0.024537689983844757,-0.02299392782151699,0.1123262345790863,0.08896627277135849,1.0072858333587646,-0.3023225665092468,-0.5856173038482666,0.5430794358253479,1.583765983581543,1.0983589887619019,1.463993787765503,-0.27040576934814453,0.7314376831054688,-0.1553611308336258,-0.18183675408363342,-0.4011552631855011,0.4033924341201782,-0.29429417848587036,-0.27170035243034363,0.1465141922235489,-0.5091699957847595,0.026607751846313477,-0.37539151310920715,0.3293123245239258,-0.3963010311126709,-0.6446012854576111,0.653784990310669,-0.13295632600784302,-0.6642916202545166,-0.7355537414550781,0.26501011848449707,0.1546991616487503,0.5929394960403442,0.747464656829834,-0.49942123889923096,-0.4380354881286621,0.1935604214668274,0.7945166230201721,-0.5755673050880432,0.3555586338043213,-0.038488566875457764,-0.031000062823295593,-0.09113478660583496,0.9958385825157166,1.2372813671390759e-06,-0.9958385825157166,-0.09113478660583496,5.618022100861708e-07,0.25212031602859497,-0.15690818428993225,-0.031000133603811264,0.4589969515800476,0.07993105053901672,-0.030999992042779922
194,0.397882342338562,-0.017891597002744675,-1.8400224447250366,1.3559985160827637,-0.3732076585292816,0.6699233651161194,-0.7594031691551208,0.730163037776947,0.24732773005962372,-0.031145697459578514,-0.28853437304496765,0.01944023370742798,-0.1581266224384308,-0.16752532124519348,-0.07337314635515213,0.4565906822681427,-0.30360496044158936,-0.5925024747848511,0.5195603966712952,1.6083401441574097,1.0791196823120117,1.4471995830535889,-0.2610372304916382,0.7313240170478821,-0.0026589836925268173,-0.12622912228107452,-0.383471816778183,0.38543397188186646,-0.270728200674057,-0.25921422243118286,0.13662460446357727,-0.041629109531641006,0.02672123908996582,-0.3747996389865875,0.32947859168052673,-0.4107968807220459,-0.64227694272995,0.6470906138420105,-0.129937544465065,-0.6612534523010254,-0.7388234734535217,0.27565455436706543,0.14407983422279358,0.6112834215164185,0.745159387588501,-0.5243561863899231,-0.4120534658432007,0.24784451723098755,0.7913677096366882,-0.5588472485542297,0.3555586338043213,-0.038488563150167465,-0.031000062823295593,-0.09113478660583496,0.9958385825157166,1.459280724702694e-06,-0.9958385825157166,-0.09113478660583496,1.0453762797624222e-06,0.25212031602859497,-0.15690818428993225,-0.031000103801488876,0.4589969515800476,0.07993105053901672,-0.03100002184510231
195,0.4165189266204834,-0.016498388722538948,-1.858299732208252,1.3598262071609497,-0.36658135056495667,0.677527129650116,-0.7484732270240784,0.7301428914070129,0.2741103172302246,0.030687754973769188,-0.25658318400382996,0.03996799513697624,0.10417771339416504,0.09293682873249054,0.16713137924671173,1.082698941230774,-0.31100499629974365,-0.5990952849388123,0.49485594034194946,1.63219153881073,1.0562708377838135,1.4315571784973145,-0.2527136504650116,0.7314171195030212,-0.15041936933994293,-0.09246882051229477,-0.43605074286460876,0.367536336183548,-0.3142816126346588,-0.2362346202135086,0.11778245866298676,-0.04498349502682686,0.027069807052612305,-0.3737465441226959,0.32963883876800537,-0.4255659580230713,-0.6388766765594482,0.6408823132514954,-0.12941792607307434,-0.6579654216766357,-0.7418438792228699,0.28920435905456543,0.12960435450077057,0.6291232109069824,0.7364155054092407,-0.5565295815467834,-0.3846648335456848,0.3078574538230896,0.7819733619689941,-0.5419791340827942,0.3555586338043213,-0.03848855569958687,-0.03100011497735977,-0.09113466739654541,0.9958385229110718,1.4356577366925194e-06,-0.9958385229110718,-0.09113466739654541,4.351673510427645e-07,0.25212031602859497,-0.15690815448760986,-0.031000223010778427,0.4589969515800476,0.07993103563785553,-0.031000006943941116
196,0.43483054637908936,-0.01743200607597828,-1.878516674041748,1.3644238710403442,-0.3537948429584503,0.68312007188797,-0.7336750626564026,0.7302222847938538,0.24016934633255005,-0.047409649938344955,-0.28166499733924866,0.07106757909059525,0.20629756152629852,0.050224870443344116,0.22995594143867493,1.053584337234497,-0.31123557686805725,-0.5990161299705505,0.46947145462036133,1.6547605991363525,1.0361820459365845,1.417718529701233,-0.24563416838645935,0.7312939167022705,-0.019225353375077248,0.0012692289892584085,-0.4127468764781952,0.34472694993019104,-0.27506712079048157,-0.2039598673582077,0.09943719208240509,-0.01458417996764183,0.02704310417175293,-0.3732149302959442,0.32987043261528015,-0.4508901834487915,-0.6318714022636414,0.6304255127906799,-0.12433727085590363,-0.6549462080001831,-0.7453761696815491,0.30026888847351074,0.1158440113067627,0.6461487412452698,0.7274775505065918,-0.5805700421333313,-0.3656702935695648,0.35526788234710693,0.7746650576591492,-0.5231431126594543,0.3555586338043213,-0.03848852962255478,-0.03100011497735977,-0.09113478660583496,0.9958385825157166,1.3545397905545542e-06,-0.9958385825157166,-0.09113478660583496,3.2017615581025893e-07,0.25212031602859497,-0.15690815448760986,-0.031000226736068726,0.4589969515800476,0.07993108779191971,-0.031000003218650818
197,0.45341217517852783,-0.016837578266859055,-1.8995414972305298,1.3688910007476807,-0.33934175968170166,0.6893076300621033,-0.7160394787788391,0.7302842736244202,0.2610233426094055,0.008980775251984596,-0.2954367399215698,0.05020880699157715,0.21278516948223114,0.06117868423461914,0.25240665674209595,0.9041047096252441,-0.31299346685409546,-0.5962139368057251,0.44367679953575134,1.676218867301941,1.0147476196289062,1.404956340789795,-0.23933565616607666,0.7313246130943298,-0.06770531833171844,0.058744724839925766,-0.44229692220687866,0.32095810770988464,-0.2963586449623108,-0.19348937273025513,0.08913495391607285,-0.040914665907621384,0.026978254318237305,-0.37243619561195374,0.33017462491989136,-0.4789896011352539,-0.6229292750358582,0.6184885501861572,-0.11971817910671234,-0.6516329050064087,-0.7490274906158447,0.3126227855682373,0.09997542202472687,0.6619928479194641,0.7143686413764954,-0.6064331531524658,-0.3491652309894562,0.40177297592163086,0.7639808058738708,-0.5048879384994507,0.3555586338043213,-0.038488540798425674,-0.03100011497735977,-0.09113490581512451,0.9958385825157166,1.4304818023447297e-06,-0.9958385825157166,-0.09113490581512451,4.5792438641001354e-07,0.25212031602859497,-0.15690818428993225,-0.03100021928548813,0.4589969217777252,0.0799310952425003,-0.031000010669231415
198,0.47243788838386536,-0.013153936713933945,-1.9210164546966553,1.372392177581787,-0.32399025559425354,0.6962662935256958,-0.6967997550964355,0.7303693890571594,0.2714909017086029,0.06346587091684341,-0.30360186100006104,0.04195218160748482,0.2134464532136917,0.09339775890111923,0.2796241343021393,0.8471695780754089,-0.3179517686367035,-0.5906326770782471,0.41713663935661316,1.6952600479125977,0.9922921061515808,1.3925037384033203,-0.23440763354301453,0.7313442230224609,-0.12140630185604095,0.11272398382425308,-0.4529949128627777,0.2755066454410553,-0.31316861510276794,-0.18913017213344574,0.06983201205730438,-0.039996545761823654,0.027191877365112305,-0.37113961577415466,0.33053115010261536,-0.5068706274032593,-0.6127785444259644,0.6062875986099243,-0.11677303910255432,-0.6480389833450317,-0.7526019215583801,0.3274881839752197,0.08111888915300369,0.6762782335281372,0.6954734325408936,-0.6352862119674683,-0.3357500433921814,0.44878554344177246,0.74895179271698,-0.4875066578388214,0.3555586338043213,-0.038488563150167465,-0.031000062823295593,-0.09113478660583496,0.9958385825157166,1.4595558468499803e-06,-0.9958385825157166,-0.09113478660583496,1.0437709079269553e-06,0.25212031602859497,-0.15690818428993225,-0.031000103801488876,0.4589969515800476,0.07993105053901672,-0.03100002184510231
199,0.30388525128364563,-0.34151989221572876,-0.10408148169517517,0.9586907029151917,0.27819135785102844,0.9241817593574524,0.21137495338916779,0.740216076374054,0.0,0.0,0.0,0.0,0.0,0.0,0.0,0.0,0.3938017189502716,-0.4916278123855591,-0.2601078152656555,0.7783440947532654,0.341198593378067,1.5186816453933716,0.19343475997447968,0.7518924474716187,0.0,0.0,0.0,0.0,0.0,0.0,0.0,0.0,0.4870774745941162,0.5025724172592163,0.23574712872505188,-0.07801628112792969,-0.9289267063140869,-0.36195123195648193,0.31483760476112366,0.32152217626571655,-0.8930290341377258,0.2194373607635498,-0.15565899014472961,0.17507842183113098,-0.13975834846496582,-0.9177850484848022,-0.37166959047317505,-0.31067556142807007,0.39704322814941406,-0.863618791103363,0.3355095386505127,0.0010670971823856235,-0.03099999949336052,-0.6642410755157471,0.7475184798240662,0.0,-0.7475184798240662,-0.6642410755157471,0.0,0.32251209020614624,-0.15562930703163147,-0.03099999949336052,0.34850698709487915,0.1577634960412979,-0.03099999949336052
